timestamp,event,axis,row,target_kind,move_id,requested_steps,batch_delta,direction,total_pulses,raw_position_steps,logical_position_steps,gap_steps,backlash_steps,target_position_steps,monotonic_ns,message
2026-08-18 00:00:38.582,continuous_start,x,,,,,,1,0,0,,,77,,9067989255467,
2026-08-18 00:00:38.586,pulse_batch,x,,,,,1,,1,1,,,77,,9067992919296,
2026-08-18 00:00:38.607,pulse_batch,x,,,,,3,,4,4,,,77,,9068013879329,
2026-08-18 00:00:38.627,pulse_batch,x,,,,,3,,7,7,,,77,,9068034332848,
2026-08-18 00:00:38.649,pulse_batch,x,,,,,3,,10,10,,,77,,9068055699749,
2026-08-18 00:00:38.671,pulse_batch,x,,,,,3,,13,13,,,77,,9068077980848,
2026-08-18 00:00:38.691,pulse_batch,x,,,,,3,,16,16,,,77,,9068098464829,
2026-08-18 00:00:38.713,pulse_batch,x,,,,,3,,19,19,,,77,,9068120147432,
2026-08-18 00:00:38.734,pulse_batch,x,,,,,3,,22,22,,,77,,9068140823949,
2026-08-18 00:00:38.754,pulse_batch,x,,,,,3,,25,25,,,77,,9068161304708,
2026-08-18 00:00:38.775,pulse_batch,x,,,,,3,,28,28,,,77,,9068181887874,
2026-08-18 00:00:38.795,pulse_batch,x,,,,,3,,31,31,,,77,,9068202429447,
2026-08-18 00:00:38.816,pulse_batch,x,,,,,3,,34,34,,,77,,9068223197241,
2026-08-18 00:00:38.837,pulse_batch,x,,,,,3,,37,37,,,77,,9068243694259,
2026-08-18 00:00:38.854,pulse_batch,x,,,,,2,,39,39,,,77,,9068260940631,
2026-08-18 00:00:38.854,continuous_stop,x,,,,,,1,39,39,,,77,,9068261167167,
2026-08-18 00:00:39.316,continuous_start,x,,,,,,1,39,39,,,77,,9068722706887,
2026-08-18 00:00:39.319,pulse_batch,x,,,,,1,,40,40,,,77,,9068726576307,
2026-08-18 00:00:39.340,pulse_batch,x,,,,,3,,43,43,,,77,,9068747215213,
2026-08-18 00:00:39.360,pulse_batch,x,,,,,3,,46,46,,,77,,9068767650120,
2026-08-18 00:00:39.381,pulse_batch,x,,,,,3,,49,49,,,77,,9068788211249,
2026-08-18 00:00:39.402,pulse_batch,x,,,,,3,,52,52,,,77,,9068808792081,
2026-08-18 00:00:39.422,pulse_batch,x,,,,,3,,55,55,,,77,,9068829290174,
2026-08-18 00:00:39.443,pulse_batch,x,,,,,3,,58,58,,,77,,9068849801932,
2026-08-18 00:00:39.464,pulse_batch,x,,,,,3,,61,61,,,77,,9068871264074,
2026-08-18 00:00:39.485,pulse_batch,x,,,,,3,,64,64,,,77,,9068891740852,
2026-08-18 00:00:39.506,pulse_batch,x,,,,,3,,67,67,,,77,,9068912768348,
2026-08-18 00:00:39.527,pulse_batch,x,,,,,3,,70,70,,,77,,9068934066490,
2026-08-18 00:00:39.547,pulse_batch,x,,,,,3,,73,73,,,77,,9068954631971,
2026-08-18 00:00:39.568,pulse_batch,x,,,,,3,,76,76,,,77,,9068975030582,
2026-08-18 00:00:39.591,pulse_batch,x,,,,,3,,79,79,,,77,,9068998154380,
2026-08-18 00:00:39.612,pulse_batch,x,,,,,3,,82,82,,,77,,9069018760175,
2026-08-18 00:00:39.632,pulse_batch,x,,,,,3,,85,85,,,77,,9069039197657,
2026-08-18 00:00:39.654,pulse_batch,x,,,,,3,,88,88,,,77,,9069060743280,
2026-08-18 00:00:39.674,pulse_batch,x,,,,,3,,91,91,,,77,,9069081305816,
2026-08-18 00:00:39.695,pulse_batch,x,,,,,3,,94,94,,,77,,9069101726631,
2026-08-18 00:00:39.717,pulse_batch,x,,,,,3,,97,97,,,77,,9069123937508,
2026-08-18 00:00:39.738,pulse_batch,x,,,,,3,,100,100,,,77,,9069144646266,
2026-08-18 00:00:39.758,pulse_batch,x,,,,,3,,103,103,,,77,,9069165118895,
2026-08-18 00:00:39.780,pulse_batch,x,,,,,3,,106,106,,,77,,9069187174015,
2026-08-18 00:00:39.801,pulse_batch,x,,,,,3,,109,109,,,77,,9069208251085,
2026-08-18 00:00:39.822,pulse_batch,x,,,,,3,,112,112,,,77,,9069228725399,
2026-08-18 00:00:39.842,pulse_batch,x,,,,,3,,115,115,,,77,,9069249278639,
2026-08-18 00:00:39.864,pulse_batch,x,,,,,3,,118,118,,,77,,9069271258389,
2026-08-18 00:00:39.885,pulse_batch,x,,,,,3,,121,121,,,77,,9069291765814,
2026-08-18 00:00:39.905,pulse_batch,x,,,,,3,,124,124,,,77,,9069312158685,
2026-08-18 00:00:39.928,pulse_batch,x,,,,,3,,127,127,,,77,,9069334539450,
2026-08-18 00:00:39.948,pulse_batch,x,,,,,3,,130,130,,,77,,9069355023765,
2026-08-18 00:00:39.968,pulse_batch,x,,,,,3,,133,133,,,77,,9069375425802,
2026-08-18 00:00:39.989,pulse_batch,x,,,,,3,,136,136,,,77,,9069396153041,
2026-08-18 00:00:40.010,pulse_batch,x,,,,,3,,139,139,,,77,,9069416673633,
2026-08-18 00:00:40.030,pulse_batch,x,,,,,3,,142,142,,,77,,9069437132744,
2026-08-18 00:00:40.051,pulse_batch,x,,,,,3,,145,145,,,77,,9069458451312,
2026-08-18 00:00:40.072,pulse_batch,x,,,,,3,,148,148,,,77,,9069478953720,
2026-08-18 00:00:40.092,pulse_batch,x,,,,,3,,151,151,,,77,,9069499387071,
2026-08-18 00:00:40.114,pulse_batch,x,,,,,3,,154,154,,,77,,9069520714844,
2026-08-18 00:00:40.135,pulse_batch,x,,,,,3,,157,157,,,77,,9069542411928,
2026-08-18 00:00:40.156,pulse_batch,x,,,,,3,,160,160,,,77,,9069562855817,
2026-08-18 00:00:40.176,pulse_batch,x,,,,,3,,163,163,,,77,,9069583339002,
2026-08-18 00:00:40.198,pulse_batch,x,,,,,3,,166,166,,,77,,9069605519213,
2026-08-18 00:00:40.219,pulse_batch,x,,,,,3,,169,169,,,77,,9069626052880,
2026-08-18 00:00:40.239,pulse_batch,x,,,,,3,,172,172,,,77,,9069646551657,
2026-08-18 00:00:40.261,pulse_batch,x,,,,,3,,175,175,,,77,,9069668333945,
2026-08-18 00:00:40.282,pulse_batch,x,,,,,3,,178,178,,,77,,9069688784167,
2026-08-18 00:00:40.302,pulse_batch,x,,,,,3,,181,181,,,77,,9069709173593,
2026-08-18 00:00:40.325,pulse_batch,x,,,,,3,,184,184,,,77,,9069731747284,
2026-08-18 00:00:40.345,pulse_batch,x,,,,,3,,187,187,,,77,,9069752455930,
2026-08-18 00:00:40.366,pulse_batch,x,,,,,3,,190,190,,,77,,9069772850875,
2026-08-18 00:00:40.388,pulse_batch,x,,,,,3,,193,193,,,77,,9069794672366,
2026-08-18 00:00:40.410,pulse_batch,x,,,,,3,,196,196,,,77,,9069817477833,
2026-08-18 00:00:40.431,pulse_batch,x,,,,,3,,199,199,,,77,,9069837892574,
2026-08-18 00:00:40.452,pulse_batch,x,,,,,3,,202,202,,,77,,9069858818404,
2026-08-18 00:00:40.472,pulse_batch,x,,,,,3,,205,205,,,77,,9069879406792,
2026-08-18 00:00:40.493,pulse_batch,x,,,,,3,,208,208,,,77,,9069899844514,
2026-08-18 00:00:40.515,pulse_batch,x,,,,,3,,211,211,,,77,,9069922288131,
2026-08-18 00:00:40.519,continuous_stop,x,,,,,,1,211,211,,,77,,9069925758795,
2026-08-18 00:00:41.184,continuous_start,x,,,,,,-1,211,211,,,77,,9070591322650,
2026-08-18 00:00:41.188,pulse_batch,x,,,,,-1,,212,210,,,77,,9070594949905,
2026-08-18 00:00:41.208,pulse_batch,x,,,,,-3,,215,207,,,77,,9070615471516,
2026-08-18 00:00:41.229,pulse_batch,x,,,,,-3,,218,204,,,77,,9070635904701,
2026-08-18 00:00:41.249,pulse_batch,x,,,,,-3,,221,201,,,77,,9070656564311,
2026-08-18 00:00:41.270,pulse_batch,x,,,,,-3,,224,198,,,77,,9070677088125,
2026-08-18 00:00:41.290,pulse_batch,x,,,,,-3,,227,195,,,77,,9070697560181,
2026-08-18 00:00:41.311,pulse_batch,x,,,,,-3,,230,192,,,77,,9070718261235,
2026-08-18 00:00:41.332,pulse_batch,x,,,,,-3,,233,189,,,77,,9070739360583,
2026-08-18 00:00:41.353,pulse_batch,x,,,,,-3,,236,186,,,77,,9070760158895,
2026-08-18 00:00:41.374,pulse_batch,x,,,,,-3,,239,183,,,77,,9070781246632,
2026-08-18 00:00:41.395,pulse_batch,x,,,,,-3,,242,180,,,77,,9070802380109,
2026-08-18 00:00:41.416,pulse_batch,x,,,,,-3,,245,177,,,77,,9070822881257,
2026-08-18 00:00:41.436,pulse_batch,x,,,,,-3,,248,174,,,77,,9070843283721,
2026-08-18 00:00:41.457,pulse_batch,x,,,,,-3,,251,171,,,77,,9070863949182,
2026-08-18 00:00:41.477,pulse_batch,x,,,,,-3,,254,168,,,77,,9070884475608,
2026-08-18 00:00:41.498,pulse_batch,x,,,,,-3,,257,165,,,77,,9070904900719,
2026-08-18 00:00:41.519,pulse_batch,x,,,,,-3,,260,162,,,77,,9070925678458,
2026-08-18 00:00:41.539,pulse_batch,x,,,,,-3,,263,159,,,77,,9070946260679,
2026-08-18 00:00:41.560,pulse_batch,x,,,,,-3,,266,156,,,77,,9070966918771,
2026-08-18 00:00:41.582,pulse_batch,x,,,,,-3,,269,153,,,77,,9070988755225,
2026-08-18 00:00:41.602,pulse_batch,x,,,,,-3,,272,150,,,77,,9071009313799,
2026-08-18 00:00:41.623,pulse_batch,x,,,,,-3,,275,147,,,77,,9071029783761,
2026-08-18 00:00:41.643,pulse_batch,x,,,,,-3,,278,144,,,77,,9071050230262,
2026-08-18 00:00:41.664,pulse_batch,x,,,,,-3,,281,141,,,77,,9071070909094,
2026-08-18 00:00:41.684,pulse_batch,x,,,,,-3,,284,138,,,77,,9071091380482,
2026-08-18 00:00:41.705,pulse_batch,x,,,,,-3,,287,135,,,77,,9071111788649,
2026-08-18 00:00:41.726,pulse_batch,x,,,,,-3,,290,132,,,77,,9071132722702,
2026-08-18 00:00:41.746,pulse_batch,x,,,,,-3,,293,129,,,77,,9071153325479,
2026-08-18 00:00:41.767,pulse_batch,x,,,,,-3,,296,126,,,77,,9071173907997,
2026-08-18 00:00:41.789,pulse_batch,x,,,,,-3,,299,123,,,77,,9071195681451,
2026-08-18 00:00:41.809,pulse_batch,x,,,,,-3,,302,120,,,77,,9071216239432,
2026-08-18 00:00:41.830,pulse_batch,x,,,,,-3,,305,117,,,77,,9071236722339,
2026-08-18 00:00:41.852,pulse_batch,x,,,,,-3,,308,114,,,77,,9071258927421,
2026-08-18 00:00:41.873,pulse_batch,x,,,,,-3,,311,111,,,77,,9071280060769,
2026-08-18 00:00:41.893,pulse_batch,x,,,,,-3,,314,108,,,77,,9071300534009,
2026-08-18 00:00:41.914,pulse_batch,x,,,,,-3,,317,105,,,77,,9071321112046,
2026-08-18 00:00:41.937,pulse_batch,x,,,,,-3,,320,102,,,77,,9071344458953,
2026-08-18 00:00:41.958,pulse_batch,x,,,,,-3,,323,99,,,77,,9071365031082,
2026-08-18 00:00:41.979,pulse_batch,x,,,,,-3,,326,96,,,77,,9071386019005,
2026-08-18 00:00:42.004,pulse_batch,x,,,,,-3,,329,93,,,77,,9071411074587,
2026-08-18 00:00:42.024,pulse_batch,x,,,,,-3,,332,90,,,77,,9071431596883,
2026-08-18 00:00:42.046,pulse_batch,x,,,,,-3,,335,87,,,77,,9071452861081,
2026-08-18 00:00:42.069,pulse_batch,x,,,,,-3,,338,84,,,77,,9071476209526,
2026-08-18 00:00:42.090,pulse_batch,x,,,,,-3,,341,81,,,77,,9071496777118,
2026-08-18 00:00:42.110,pulse_batch,x,,,,,-3,,344,78,,,77,,9071517256544,
2026-08-18 00:00:42.132,pulse_batch,x,,,,,-3,,347,75,,,77,,9071539441348,
2026-08-18 00:00:42.153,pulse_batch,x,,,,,-3,,350,72,,,77,,9071560045477,
2026-08-18 00:00:42.173,pulse_batch,x,,,,,-3,,353,69,,,77,,9071580558680,
2026-08-18 00:00:42.195,pulse_batch,x,,,,,-3,,356,66,,,77,,9071601882601,
2026-08-18 00:00:42.215,pulse_batch,x,,,,,-3,,359,63,,,77,,9071622460211,
2026-08-18 00:00:42.236,pulse_batch,x,,,,,-3,,362,60,,,77,,9071642900249,
2026-08-18 00:00:42.256,pulse_batch,x,,,,,-3,,365,57,,,77,,9071663566303,
2026-08-18 00:00:42.277,pulse_batch,x,,,,,-3,,368,54,,,77,,9071684315357,
2026-08-18 00:00:42.298,pulse_batch,x,,,,,-3,,371,51,,,77,,9071704777079,
2026-08-18 00:00:42.320,pulse_batch,x,,,,,-3,,374,48,,,77,,9071727186771,
2026-08-18 00:00:42.341,pulse_batch,x,,,,,-3,,377,45,,,77,,9071747839010,
2026-08-18 00:00:42.361,pulse_batch,x,,,,,-3,,380,42,,,77,,9071768398713,
2026-08-18 00:00:42.382,pulse_batch,x,,,,,-3,,383,39,,,77,,9071788990879,
2026-08-18 00:00:42.392,pulse_batch,x,,,,,-1,,384,38,,,77,,9071799494572,
2026-08-18 00:00:42.393,continuous_stop,x,,,,,,-1,384,38,,,77,,9071799746756,
2026-08-18 00:00:42.788,continuous_start,x,,,,,,-1,384,38,,,77,,9072195066290,
2026-08-18 00:00:42.792,pulse_batch,x,,,,,-1,,385,37,,,77,,9072198775137,
2026-08-18 00:00:42.812,pulse_batch,x,,,,,-3,,388,34,,,77,,9072219285359,
2026-08-18 00:00:42.833,pulse_batch,x,,,,,-3,,391,31,,,77,,9072239733674,
2026-08-18 00:00:42.855,pulse_batch,x,,,,,-3,,394,28,,,77,,9072262419382,
2026-08-18 00:00:42.876,pulse_batch,x,,,,,-3,,397,25,,,77,,9072282923771,
2026-08-18 00:00:42.896,pulse_batch,x,,,,,-3,,400,22,,,77,,9072303544177,
2026-08-18 00:00:42.919,pulse_batch,x,,,,,-3,,403,19,,,77,,9072326029350,
2026-08-18 00:00:42.922,continuous_stop,x,,,,,,-1,403,19,,,77,,9072329536365,
2026-08-18 00:00:43.323,continuous_start,x,,,,,,-1,403,19,,,77,,9072730278773,
2026-08-18 00:00:43.327,pulse_batch,x,,,,,-1,,404,18,,,77,,9072733956861,
2026-08-18 00:00:43.347,pulse_batch,x,,,,,-3,,407,15,,,77,,9072754589434,
2026-08-18 00:00:43.368,pulse_batch,x,,,,,-3,,410,12,,,77,,9072775054435,
2026-08-18 00:00:43.391,pulse_batch,x,,,,,-3,,413,9,,,77,,9072797704736,
2026-08-18 00:00:43.411,pulse_batch,x,,,,,-3,,416,6,,,77,,9072818261383,
2026-08-18 00:00:43.432,pulse_batch,x,,,,,-3,,419,3,,,77,,9072838733495,
2026-08-18 00:00:43.453,pulse_batch,x,,,,,-3,,422,0,,,77,,9072859836602,
2026-08-18 00:00:43.456,continuous_stop,x,,,,,,-1,422,0,,,77,,9072863316839,
2026-08-18 00:00:44.588,continuous_start,y,,,,,,-1,0,0,,,4,,9073995048737,
2026-08-18 00:00:44.592,pulse_batch,y,,,,,-1,,1,-1,,,4,,9073998721269,
2026-08-18 00:00:44.614,pulse_batch,y,,,,,-3,,4,-4,,,4,,9074020910555,
2026-08-18 00:00:44.634,pulse_batch,y,,,,,-3,,7,-7,,,4,,9074041322944,
2026-08-18 00:00:44.655,pulse_batch,y,,,,,-3,,10,-10,,,4,,9074062021202,
2026-08-18 00:00:44.676,pulse_batch,y,,,,,-3,,13,-13,,,4,,9074083212661,
2026-08-18 00:00:44.696,pulse_batch,y,,,,,-3,,16,-16,,,4,,9074103646939,
2026-08-18 00:00:44.719,pulse_batch,y,,,,,-3,,19,-19,,,4,,9074126331055,
2026-08-18 00:00:44.723,continuous_stop,y,,,,,,-1,19,-19,,,4,,9074129804644,
2026-08-18 00:00:45.789,continuous_start,y,,,,,,1,19,-19,,,4,,9075195927370,
2026-08-18 00:00:45.792,pulse_batch,y,,,,,1,,20,-18,,,4,,9075199542458,
2026-08-18 00:00:45.813,pulse_batch,y,,,,,3,,23,-15,,,4,,9075220024958,
2026-08-18 00:00:45.833,pulse_batch,y,,,,,3,,26,-12,,,4,,9075240457755,
2026-08-18 00:00:45.854,pulse_batch,y,,,,,3,,29,-9,,,4,,9075261585899,
2026-08-18 00:00:45.875,pulse_batch,y,,,,,3,,32,-6,,,4,,9075282288454,
2026-08-18 00:00:45.896,pulse_batch,y,,,,,3,,35,-3,,,4,,9075302790028,
2026-08-18 00:00:45.916,pulse_batch,y,,,,,3,,38,0,,,4,,9075323527341,
2026-08-18 00:00:45.920,continuous_stop,y,,,,,,1,38,0,,,4,,9075327517335,
2026-08-18 00:00:46.923,continuous_start,y,,,,,,1,38,0,,,4,,9076329942505,
2026-08-18 00:00:46.926,pulse_batch,y,,,,,1,,39,1,,,4,,9076333560537,
2026-08-18 00:00:46.947,pulse_batch,y,,,,,3,,42,4,,,4,,9076354150352,
2026-08-18 00:00:46.967,pulse_batch,y,,,,,3,,45,7,,,4,,9076374580612,
2026-08-18 00:00:46.990,pulse_batch,y,,,,,3,,48,10,,,4,,9076396921415,
2026-08-18 00:00:46.993,continuous_stop,y,,,,,,1,48,10,,,4,,9076400371912,
2026-08-18 00:00:47.657,continuous_start,y,,,,,,-1,48,10,,,4,,9077064460628,
2026-08-18 00:00:47.661,pulse_batch,y,,,,,-1,,49,9,,,4,,9077068227253,
2026-08-18 00:00:47.664,continuous_stop,y,,,,,,-1,49,9,,,4,,9077071659453,
2026-08-18 00:00:48.191,continuous_start,y,,,,,,-1,49,9,,,4,,9077597746838,
2026-08-18 00:00:48.194,pulse_batch,y,,,,,-1,,50,8,,,4,,9077601361612,
2026-08-18 00:00:48.215,pulse_batch,y,,,,,-3,,53,5,,,4,,9077621875871,
2026-08-18 00:00:48.235,pulse_batch,y,,,,,-3,,56,2,,,4,,9077642308150,
2026-08-18 00:00:48.258,pulse_batch,y,,,,,-3,,59,-1,,,4,,9077664661861,
2026-08-18 00:00:48.261,continuous_stop,y,,,,,,-1,59,-1,,,4,,9077668155246,
2026-08-18 00:00:49.530,continuous_start,y,,,,,,-1,59,-1,,,4,,9078936675897,
2026-08-18 00:00:49.533,pulse_batch,y,,,,,-1,,60,-2,,,4,,9078940497836,
2026-08-18 00:00:49.537,continuous_stop,y,,,,,,-1,60,-2,,,4,,9078943936110,
2026-08-18 00:00:50.660,continuous_start,y,,,,,,-1,60,-2,,,4,,9080067302385,
2026-08-18 00:00:50.664,pulse_batch,y,,,,,-1,,61,-3,,,4,,9080070862345,
2026-08-18 00:00:50.667,continuous_stop,y,,,,,,-1,61,-3,,,4,,9080074294360,
2026-08-18 00:00:51.394,continuous_start,y,,,,,,-1,61,-3,,,4,,9080801472504,
2026-08-18 00:00:51.398,pulse_batch,y,,,,,-1,,62,-4,,,4,,9080805110981,
2026-08-18 00:00:51.419,pulse_batch,y,,,,,-3,,65,-7,,,4,,9080825967220,
2026-08-18 00:00:51.439,pulse_batch,y,,,,,-3,,68,-10,,,4,,9080846399221,
2026-08-18 00:00:51.459,pulse_batch,y,,,,,-2,,70,-12,,,4,,9080865917413,
2026-08-18 00:00:51.459,continuous_stop,y,,,,,,-1,70,-12,,,4,,9080866294429,
2026-08-18 00:00:56.062,backlash_initialize,x,,,,,,-1,422,0,0,0,77,,9085469440370,logical_zero=0
2026-08-18 00:00:56.062,backlash_initialize,y,,,,,,-1,70,-12,0,0,4,,9085469671776,logical_zero=0
2026-08-18 00:00:58.394,point_saved,x,0,stored,,,,-1,,0,0,0,77,0,,
2026-08-18 00:00:58.394,point_saved,y,0,stored,,,,-1,,-12,0,0,4,0,,
2026-08-18 00:00:59.401,continuous_start,x,,,,,,1,422,0,0,0,77,,9088808473180,
2026-08-18 00:00:59.405,pulse_batch,x,,,,,1,,423,1,0,1,77,,9088812207305,
2026-08-18 00:00:59.426,pulse_batch,x,,,,,3,,426,4,0,4,77,,9088832736713,
2026-08-18 00:00:59.446,pulse_batch,x,,,,,3,,429,7,0,7,77,,9088853188752,
2026-08-18 00:00:59.467,pulse_batch,x,,,,,3,,432,10,0,10,77,,9088873712198,
2026-08-18 00:00:59.487,pulse_batch,x,,,,,3,,435,13,0,13,77,,9088894201014,
2026-08-18 00:00:59.508,pulse_batch,x,,,,,3,,438,16,0,16,77,,9088914678349,
2026-08-18 00:00:59.528,pulse_batch,x,,,,,3,,441,19,0,19,77,,9088935351423,
2026-08-18 00:00:59.549,pulse_batch,x,,,,,3,,444,22,0,22,77,,9088956508383,
2026-08-18 00:00:59.570,pulse_batch,x,,,,,3,,447,25,0,25,77,,9088976930107,
2026-08-18 00:00:59.590,pulse_batch,x,,,,,3,,450,28,0,28,77,,9088997323720,
2026-08-18 00:00:59.612,pulse_batch,x,,,,,3,,453,31,0,31,77,,9089019455489,
2026-08-18 00:00:59.633,pulse_batch,x,,,,,3,,456,34,0,34,77,,9089039905046,
2026-08-18 00:00:59.653,pulse_batch,x,,,,,3,,459,37,0,37,77,,9089060355066,
2026-08-18 00:00:59.676,pulse_batch,x,,,,,3,,462,40,0,40,77,,9089082877795,
2026-08-18 00:00:59.696,pulse_batch,x,,,,,3,,465,43,0,43,77,,9089103530407,
2026-08-18 00:00:59.717,pulse_batch,x,,,,,3,,468,46,0,46,77,,9089123931964,
2026-08-18 00:00:59.739,pulse_batch,x,,,,,3,,471,49,0,49,77,,9089146030067,
2026-08-18 00:00:59.760,pulse_batch,x,,,,,3,,474,52,0,52,77,,9089166628901,
2026-08-18 00:00:59.780,pulse_batch,x,,,,,3,,477,55,0,55,77,,9089187055236,
2026-08-18 00:00:59.802,pulse_batch,x,,,,,3,,480,58,0,58,77,,9089209398133,
2026-08-18 00:00:59.823,pulse_batch,x,,,,,3,,483,61,0,61,77,,9089229955134,
2026-08-18 00:00:59.843,pulse_batch,x,,,,,3,,486,64,0,64,77,,9089250393432,
2026-08-18 00:00:59.864,pulse_batch,x,,,,,3,,489,67,0,67,77,,9089270990303,
2026-08-18 00:00:59.885,pulse_batch,x,,,,,3,,492,70,0,70,77,,9089292062486,
2026-08-18 00:00:59.905,pulse_batch,x,,,,,3,,495,73,0,73,77,,9089312500209,
2026-08-18 00:00:59.929,pulse_batch,x,,,,,3,,498,76,0,76,77,,9089336147061,
2026-08-18 00:00:59.950,pulse_batch,x,,,,,3,,501,79,2,77,77,,9089357162671,
2026-08-18 00:00:59.970,pulse_batch,x,,,,,3,,504,82,5,77,77,,9089377611191,
2026-08-18 00:00:59.991,pulse_batch,x,,,,,3,,507,85,8,77,77,,9089398079044,
2026-08-18 00:01:00.013,pulse_batch,x,,,,,3,,510,88,11,77,77,,9089420100036,
2026-08-18 00:01:00.033,pulse_batch,x,,,,,3,,513,91,14,77,77,,9089440534241,
2026-08-18 00:01:00.054,pulse_batch,x,,,,,3,,516,94,17,77,77,,9089460981743,
2026-08-18 00:01:00.077,pulse_batch,x,,,,,3,,519,97,20,77,77,,9089484080432,
2026-08-18 00:01:00.098,pulse_batch,x,,,,,3,,522,100,23,77,77,,9089504655914,
2026-08-18 00:01:00.118,pulse_batch,x,,,,,3,,525,103,26,77,77,,9089525056342,
2026-08-18 00:01:00.139,pulse_batch,x,,,,,3,,528,106,29,77,77,,9089546599818,
2026-08-18 00:01:00.160,pulse_batch,x,,,,,3,,531,109,32,77,77,,9089567226134,
2026-08-18 00:01:00.180,pulse_batch,x,,,,,3,,534,112,35,77,77,,9089587628839,
2026-08-18 00:01:00.203,pulse_batch,x,,,,,3,,537,115,38,77,77,,9089609730164,
2026-08-18 00:01:00.223,pulse_batch,x,,,,,3,,540,118,41,77,77,,9089630425423,
2026-08-18 00:01:00.244,pulse_batch,x,,,,,3,,543,121,44,77,77,,9089650872962,
2026-08-18 00:01:00.264,pulse_batch,x,,,,,3,,546,124,47,77,77,,9089671376630,
2026-08-18 00:01:00.285,pulse_batch,x,,,,,3,,549,127,50,77,77,,9089692223814,
2026-08-18 00:01:00.306,pulse_batch,x,,,,,3,,552,130,53,77,77,,9089712668872,
2026-08-18 00:01:00.326,pulse_batch,x,,,,,3,,555,133,56,77,77,,9089733101503,
2026-08-18 00:01:00.347,pulse_batch,x,,,,,3,,558,136,59,77,77,,9089753858688,
2026-08-18 00:01:00.367,pulse_batch,x,,,,,3,,561,139,62,77,77,,9089774323986,
2026-08-18 00:01:00.388,pulse_batch,x,,,,,3,,564,142,65,77,77,,9089794746451,
2026-08-18 00:01:00.413,pulse_batch,x,,,,,3,,567,145,68,77,77,,9089820072107,
2026-08-18 00:01:00.434,pulse_batch,x,,,,,3,,570,148,71,77,77,,9089840649219,
2026-08-18 00:01:00.454,pulse_batch,x,,,,,3,,573,151,74,77,77,,9089861068388,
2026-08-18 00:01:00.475,pulse_batch,x,,,,,3,,576,154,77,77,77,,9089881770665,
2026-08-18 00:01:00.495,pulse_batch,x,,,,,3,,579,157,80,77,77,,9089902329352,
2026-08-18 00:01:00.516,pulse_batch,x,,,,,3,,582,160,83,77,77,,9089922732557,
2026-08-18 00:01:00.536,pulse_batch,x,,,,,3,,585,163,86,77,77,,9089943443687,
2026-08-18 00:01:00.557,pulse_batch,x,,,,,3,,588,166,89,77,77,,9089964088484,
2026-08-18 00:01:00.577,pulse_batch,x,,,,,3,,591,169,92,77,77,,9089984504893,
2026-08-18 00:01:00.600,pulse_batch,x,,,,,3,,594,172,95,77,77,,9090006726717,
2026-08-18 00:01:00.620,pulse_batch,x,,,,,3,,597,175,98,77,77,,9090027290570,
2026-08-18 00:01:00.641,pulse_batch,x,,,,,3,,600,178,101,77,77,,9090047772978,
2026-08-18 00:01:00.661,pulse_batch,x,,,,,3,,603,181,104,77,77,,9090068299072,
2026-08-18 00:01:00.682,pulse_batch,x,,,,,3,,606,184,107,77,77,,9090088888777,
2026-08-18 00:01:00.702,pulse_batch,x,,,,,3,,609,187,110,77,77,,9090109398389,
2026-08-18 00:01:00.723,pulse_batch,x,,,,,3,,612,190,113,77,77,,9090129789206,
2026-08-18 00:01:00.743,pulse_batch,x,,,,,3,,615,193,116,77,77,,9090150560817,
2026-08-18 00:01:00.764,pulse_batch,x,,,,,3,,618,196,119,77,77,,9090171299094,
2026-08-18 00:01:00.785,pulse_batch,x,,,,,3,,621,199,122,77,77,,9090191694652,
2026-08-18 00:01:00.807,pulse_batch,x,,,,,3,,624,202,125,77,77,,9090214027142,
2026-08-18 00:01:00.827,pulse_batch,x,,,,,3,,627,205,128,77,77,,9090234522365,
2026-08-18 00:01:00.848,pulse_batch,x,,,,,3,,630,208,131,77,77,,9090254928923,
2026-08-18 00:01:00.868,pulse_batch,x,,,,,3,,633,211,134,77,77,,9090275574294,
2026-08-18 00:01:00.889,pulse_batch,x,,,,,3,,636,214,137,77,77,,9090296161517,
2026-08-18 00:01:00.909,pulse_batch,x,,,,,3,,639,217,140,77,77,,9090316635944,
2026-08-18 00:01:00.930,pulse_batch,x,,,,,3,,642,220,143,77,77,,9090337111853,
2026-08-18 00:01:00.951,pulse_batch,x,,,,,3,,645,223,146,77,77,,9090357969037,
2026-08-18 00:01:00.971,pulse_batch,x,,,,,3,,648,226,149,77,77,,9090378452150,
2026-08-18 00:01:00.992,pulse_batch,x,,,,,3,,651,229,152,77,77,,9090398839819,
2026-08-18 00:01:01.017,pulse_batch,x,,,,,3,,654,232,155,77,77,,9090423614145,
2026-08-18 00:01:01.037,pulse_batch,x,,,,,3,,657,235,158,77,77,,9090444103554,
2026-08-18 00:01:01.057,pulse_batch,x,,,,,3,,660,238,161,77,77,,9090464521630,
2026-08-18 00:01:01.078,pulse_batch,x,,,,,3,,663,241,164,77,77,,9090485192501,
2026-08-18 00:01:01.099,pulse_batch,x,,,,,3,,666,244,167,77,77,,9090505742335,
2026-08-18 00:01:01.119,pulse_batch,x,,,,,3,,669,247,170,77,77,,9090526237892,
2026-08-18 00:01:01.140,pulse_batch,x,,,,,3,,672,250,173,77,77,,9090547031522,
2026-08-18 00:01:01.160,pulse_batch,x,,,,,3,,675,253,176,77,77,,9090567471653,
2026-08-18 00:01:01.181,pulse_batch,x,,,,,3,,678,256,179,77,77,,9090588130672,
2026-08-18 00:01:01.203,pulse_batch,x,,,,,3,,681,259,182,77,77,,9090610485773,
2026-08-18 00:01:01.224,pulse_batch,x,,,,,3,,684,262,185,77,77,,9090631074978,
2026-08-18 00:01:01.244,pulse_batch,x,,,,,3,,687,265,188,77,77,,9090651628460,
2026-08-18 00:01:01.265,pulse_batch,x,,,,,3,,690,268,191,77,77,,9090672283868,
2026-08-18 00:01:01.288,pulse_batch,x,,,,,3,,693,271,194,77,77,,9090695065651,
2026-08-18 00:01:01.308,pulse_batch,x,,,,,3,,696,274,197,77,77,,9090715597264,
2026-08-18 00:01:01.329,pulse_batch,x,,,,,3,,699,277,200,77,77,,9090736080728,
2026-08-18 00:01:01.351,pulse_batch,x,,,,,3,,702,280,203,77,77,,9090757706482,
2026-08-18 00:01:01.371,pulse_batch,x,,,,,3,,705,283,206,77,77,,9090778389334,
2026-08-18 00:01:01.392,pulse_batch,x,,,,,3,,708,286,209,77,77,,9090798846428,
2026-08-18 00:01:01.414,pulse_batch,x,,,,,3,,711,289,212,77,77,,9090821299436,
2026-08-18 00:01:01.435,pulse_batch,x,,,,,3,,714,292,215,77,77,,9090841911326,
2026-08-18 00:01:01.455,pulse_batch,x,,,,,3,,717,295,218,77,77,,9090862404624,
2026-08-18 00:01:01.478,pulse_batch,x,,,,,3,,720,298,221,77,77,,9090885314943,
2026-08-18 00:01:01.499,pulse_batch,x,,,,,3,,723,301,224,77,77,,9090906449293,
2026-08-18 00:01:01.520,pulse_batch,x,,,,,3,,726,304,227,77,77,,9090926940924,
2026-08-18 00:01:01.543,pulse_batch,x,,,,,3,,729,307,230,77,77,,9090950461554,
2026-08-18 00:01:01.567,pulse_batch,x,,,,,3,,732,310,233,77,77,,9090974157073,
2026-08-18 00:01:01.587,pulse_batch,x,,,,,3,,735,313,236,77,77,,9090994650593,
2026-08-18 00:01:01.610,pulse_batch,x,,,,,3,,738,316,239,77,77,,9091017066842,
2026-08-18 00:01:01.631,pulse_batch,x,,,,,3,,741,319,242,77,77,,9091037653731,
2026-08-18 00:01:01.651,pulse_batch,x,,,,,3,,744,322,245,77,77,,9091058133177,
2026-08-18 00:01:01.674,pulse_batch,x,,,,,3,,747,325,248,77,77,,9091081266940,
2026-08-18 00:01:01.695,pulse_batch,x,,,,,3,,750,328,251,77,77,,9091101787849,
2026-08-18 00:01:01.715,pulse_batch,x,,,,,3,,753,331,254,77,77,,9091122272258,
2026-08-18 00:01:01.737,pulse_batch,x,,,,,3,,756,334,257,77,77,,9091143663679,
2026-08-18 00:01:01.757,pulse_batch,x,,,,,3,,759,337,260,77,77,,9091164403457,
2026-08-18 00:01:01.778,pulse_batch,x,,,,,3,,762,340,263,77,77,,9091184926255,
2026-08-18 00:01:01.798,pulse_batch,x,,,,,3,,765,343,266,77,77,,9091205392608,
2026-08-18 00:01:01.824,pulse_batch,x,,,,,3,,768,346,269,77,77,,9091231042485,
2026-08-18 00:01:01.844,pulse_batch,x,,,,,3,,771,349,272,77,77,,9091251575208,
2026-08-18 00:01:01.865,pulse_batch,x,,,,,3,,774,352,275,77,77,,9091272077988,
2026-08-18 00:01:01.888,pulse_batch,x,,,,,3,,777,355,278,77,77,,9091295162658,
2026-08-18 00:01:01.909,pulse_batch,x,,,,,3,,780,358,281,77,77,,9091315708085,
2026-08-18 00:01:01.929,pulse_batch,x,,,,,3,,783,361,284,77,77,,9091336204438,
2026-08-18 00:01:01.952,pulse_batch,x,,,,,3,,786,364,287,77,77,,9091358448355,
2026-08-18 00:01:01.972,pulse_batch,x,,,,,3,,789,367,290,77,77,,9091378985412,
2026-08-18 00:01:01.992,pulse_batch,x,,,,,3,,792,370,293,77,77,,9091399487395,
2026-08-18 00:01:02.014,pulse_batch,x,,,,,3,,795,373,296,77,77,,9091420947649,
2026-08-18 00:01:02.034,pulse_batch,x,,,,,3,,798,376,299,77,77,,9091441598668,
2026-08-18 00:01:02.055,pulse_batch,x,,,,,3,,801,379,302,77,77,,9091462098966,
2026-08-18 00:01:02.078,pulse_batch,x,,,,,3,,804,382,305,77,77,,9091485439302,
2026-08-18 00:01:02.099,pulse_batch,x,,,,,3,,807,385,308,77,77,,9091506219635,
2026-08-18 00:01:02.120,pulse_batch,x,,,,,3,,810,388,311,77,77,,9091526685377,
2026-08-18 00:01:02.143,pulse_batch,x,,,,,3,,813,391,314,77,77,,9091550346933,
2026-08-18 00:01:02.164,pulse_batch,x,,,,,3,,816,394,317,77,77,,9091571004656,
2026-08-18 00:01:02.184,pulse_batch,x,,,,,3,,819,397,320,77,77,,9091591489750,
2026-08-18 00:01:02.207,pulse_batch,x,,,,,3,,822,400,323,77,77,,9091614492421,
2026-08-18 00:01:02.228,pulse_batch,x,,,,,3,,825,403,326,77,77,,9091635128663,
2026-08-18 00:01:02.248,pulse_batch,x,,,,,3,,828,406,329,77,77,,9091655623849,
2026-08-18 00:01:02.270,pulse_batch,x,,,,,3,,831,409,332,77,77,,9091677083956,
2026-08-18 00:01:02.291,pulse_batch,x,,,,,3,,834,412,335,77,77,,9091697878659,
2026-08-18 00:01:02.311,pulse_batch,x,,,,,3,,837,415,338,77,77,,9091718347439,
2026-08-18 00:01:02.332,pulse_batch,x,,,,,3,,840,418,341,77,77,,9091738815163,
2026-08-18 00:01:02.354,pulse_batch,x,,,,,3,,843,421,344,77,77,,9091761417984,
2026-08-18 00:01:02.375,pulse_batch,x,,,,,3,,846,424,347,77,77,,9091781922875,
2026-08-18 00:01:02.396,pulse_batch,x,,,,,3,,849,427,350,77,77,,9091803331260,
2026-08-18 00:01:02.417,pulse_batch,x,,,,,3,,852,430,353,77,77,,9091824443776,
2026-08-18 00:01:02.438,pulse_batch,x,,,,,3,,855,433,356,77,77,,9091845141350,
2026-08-18 00:01:02.458,pulse_batch,x,,,,,3,,858,436,359,77,77,,9091865598667,
2026-08-18 00:01:02.479,pulse_batch,x,,,,,3,,861,439,362,77,77,,9091886237834,
2026-08-18 00:01:02.500,pulse_batch,x,,,,,3,,864,442,365,77,77,,9091906903835,
2026-08-18 00:01:02.520,pulse_batch,x,,,,,3,,867,445,368,77,77,,9091927359910,
2026-08-18 00:01:02.541,pulse_batch,x,,,,,3,,870,448,371,77,77,,9091947978726,
2026-08-18 00:01:02.561,pulse_batch,x,,,,,3,,873,451,374,77,77,,9091968588949,
2026-08-18 00:01:02.582,pulse_batch,x,,,,,3,,876,454,377,77,77,,9091989059266,
2026-08-18 00:01:02.604,pulse_batch,x,,,,,3,,879,457,380,77,77,,9092010747834,
2026-08-18 00:01:02.624,pulse_batch,x,,,,,3,,882,460,383,77,77,,9092031610333,
2026-08-18 00:01:02.645,pulse_batch,x,,,,,3,,885,463,386,77,77,,9092052075224,
2026-08-18 00:01:02.669,pulse_batch,x,,,,,3,,888,466,389,77,77,,9092075644947,
2026-08-18 00:01:02.689,pulse_batch,x,,,,,3,,891,469,392,77,77,,9092096465520,
2026-08-18 00:01:02.710,pulse_batch,x,,,,,3,,894,472,395,77,77,,9092116993059,
2026-08-18 00:01:02.730,pulse_batch,x,,,,,3,,897,475,398,77,77,,9092137421098,
2026-08-18 00:01:02.752,pulse_batch,x,,,,,3,,900,478,401,77,77,,9092158927852,
2026-08-18 00:01:02.772,pulse_batch,x,,,,,3,,903,481,404,77,77,,9092179450668,
2026-08-18 00:01:02.793,pulse_batch,x,,,,,3,,906,484,407,77,77,,9092199916744,
2026-08-18 00:01:02.817,pulse_batch,x,,,,,3,,909,487,410,77,77,,9092224087000,
2026-08-18 00:01:02.838,pulse_batch,x,,,,,3,,912,490,413,77,77,,9092245262109,
2026-08-18 00:01:02.859,pulse_batch,x,,,,,3,,915,493,416,77,77,,9092265716463,
2026-08-18 00:01:02.879,pulse_batch,x,,,,,3,,918,496,419,77,77,,9092286504518,
2026-08-18 00:01:02.900,pulse_batch,x,,,,,3,,921,499,422,77,77,,9092307264499,
2026-08-18 00:01:02.921,pulse_batch,x,,,,,3,,924,502,425,77,77,,9092327780593,
2026-08-18 00:01:02.942,pulse_batch,x,,,,,3,,927,505,428,77,77,,9092348575278,
2026-08-18 00:01:02.962,pulse_batch,x,,,,,3,,930,508,431,77,77,,9092369153705,
2026-08-18 00:01:02.982,pulse_batch,x,,,,,3,,933,511,434,77,77,,9092389629096,
2026-08-18 00:01:03.004,pulse_batch,x,,,,,3,,936,514,437,77,77,,9092411159128,
2026-08-18 00:01:03.025,pulse_batch,x,,,,,3,,939,517,440,77,77,,9092431785758,
2026-08-18 00:01:03.045,pulse_batch,x,,,,,3,,942,520,443,77,77,,9092452283760,
2026-08-18 00:01:03.066,pulse_batch,x,,,,,3,,945,523,446,77,77,,9092472777465,
2026-08-18 00:01:03.088,pulse_batch,x,,,,,3,,948,526,449,77,77,,9092495042789,
2026-08-18 00:01:03.108,pulse_batch,x,,,,,3,,951,529,452,77,77,,9092515625475,
2026-08-18 00:01:03.129,pulse_batch,x,,,,,3,,954,532,455,77,77,,9092536069625,
2026-08-18 00:01:03.153,pulse_batch,x,,,,,3,,957,535,458,77,77,,9092560129957,
2026-08-18 00:01:03.173,pulse_batch,x,,,,,3,,960,538,461,77,77,,9092580613662,
2026-08-18 00:01:03.194,pulse_batch,x,,,,,3,,963,541,464,77,77,,9092601052423,
2026-08-18 00:01:03.217,pulse_batch,x,,,,,3,,966,544,467,77,77,,9092624091020,
2026-08-18 00:01:03.238,pulse_batch,x,,,,,3,,969,547,470,77,77,,9092645263980,
2026-08-18 00:01:03.259,pulse_batch,x,,,,,3,,972,550,473,77,77,,9092665694797,
2026-08-18 00:01:03.281,pulse_batch,x,,,,,3,,975,553,476,77,77,,9092688135009,
2026-08-18 00:01:03.302,pulse_batch,x,,,,,3,,978,556,479,77,77,,9092708847194,
2026-08-18 00:01:03.322,pulse_batch,x,,,,,3,,981,559,482,77,77,,9092729292270,
2026-08-18 00:01:03.345,pulse_batch,x,,,,,3,,984,562,485,77,77,,9092752442218,
2026-08-18 00:01:03.366,pulse_batch,x,,,,,3,,987,565,488,77,77,,9092773017757,
2026-08-18 00:01:03.386,pulse_batch,x,,,,,3,,990,568,491,77,77,,9092793469740,
2026-08-18 00:01:03.409,pulse_batch,x,,,,,3,,993,571,494,77,77,,9092815779138,
2026-08-18 00:01:03.429,pulse_batch,x,,,,,3,,996,574,497,77,77,,9092836344231,
2026-08-18 00:01:03.450,pulse_batch,x,,,,,3,,999,577,500,77,77,,9092856839677,
2026-08-18 00:01:03.472,pulse_batch,x,,,,,3,,1002,580,503,77,77,,9092878807874,
2026-08-18 00:01:03.492,pulse_batch,x,,,,,3,,1005,583,506,77,77,,9092899389134,
2026-08-18 00:01:03.513,pulse_batch,x,,,,,3,,1008,586,509,77,77,,9092919925246,
2026-08-18 00:01:03.534,pulse_batch,x,,,,,3,,1011,589,512,77,77,,9092940555525,
2026-08-18 00:01:03.555,pulse_batch,x,,,,,3,,1014,592,515,77,77,,9092962594610,
2026-08-18 00:01:03.576,pulse_batch,x,,,,,3,,1017,595,518,77,77,,9092983082796,
2026-08-18 00:01:03.596,pulse_batch,x,,,,,3,,1020,598,521,77,77,,9093003550780,
2026-08-18 00:01:03.619,pulse_batch,x,,,,,3,,1023,601,524,77,77,,9093025654660,
2026-08-18 00:01:03.639,pulse_batch,x,,,,,3,,1026,604,527,77,77,,9093046190162,
2026-08-18 00:01:03.660,pulse_batch,x,,,,,3,,1029,607,530,77,77,,9093066672682,
2026-08-18 00:01:03.682,pulse_batch,x,,,,,3,,1032,610,533,77,77,,9093088767248,
2026-08-18 00:01:03.702,pulse_batch,x,,,,,3,,1035,613,536,77,77,,9093109390322,
2026-08-18 00:01:03.723,pulse_batch,x,,,,,3,,1038,616,539,77,77,,9093129899491,
2026-08-18 00:01:03.747,pulse_batch,x,,,,,3,,1041,619,542,77,77,,9093153869119,
2026-08-18 00:01:03.767,pulse_batch,x,,,,,3,,1044,622,545,77,77,,9093174267825,
2026-08-18 00:01:03.787,pulse_batch,x,,,,,3,,1047,625,548,77,77,,9093194651845,
2026-08-18 00:01:03.810,pulse_batch,x,,,,,3,,1050,628,551,77,77,,9093217464073,
2026-08-18 00:01:03.833,pulse_batch,x,,,,,3,,1053,631,554,77,77,,9093240115950,
2026-08-18 00:01:03.853,pulse_batch,x,,,,,3,,1056,634,557,77,77,,9093260632359,
2026-08-18 00:01:03.877,pulse_batch,x,,,,,3,,1059,637,560,77,77,,9093283824770,
2026-08-18 00:01:03.899,pulse_batch,x,,,,,3,,1062,640,563,77,77,,9093306479536,
2026-08-18 00:01:03.920,pulse_batch,x,,,,,3,,1065,643,566,77,77,,9093326929538,
2026-08-18 00:01:03.943,pulse_batch,x,,,,,3,,1068,646,569,77,77,,9093350504317,
2026-08-18 00:01:03.965,pulse_batch,x,,,,,3,,1071,649,572,77,77,,9093371988719,
2026-08-18 00:01:03.985,pulse_batch,x,,,,,3,,1074,652,575,77,77,,9093392394259,
2026-08-18 00:01:04.006,pulse_batch,x,,,,,3,,1077,655,578,77,77,,9093413344017,
2026-08-18 00:01:04.027,pulse_batch,x,,,,,3,,1080,658,581,77,77,,9093433988443,
2026-08-18 00:01:04.047,pulse_batch,x,,,,,3,,1083,661,584,77,77,,9093454428242,
2026-08-18 00:01:04.069,pulse_batch,x,,,,,3,,1086,664,587,77,77,,9093476557252,
2026-08-18 00:01:04.090,pulse_batch,x,,,,,3,,1089,667,590,77,77,,9093497495843,
2026-08-18 00:01:04.111,pulse_batch,x,,,,,3,,1092,670,593,77,77,,9093517967549,
2026-08-18 00:01:04.132,pulse_batch,x,,,,,3,,1095,673,596,77,77,,9093538751401,
2026-08-18 00:01:04.153,pulse_batch,x,,,,,3,,1098,676,599,77,77,,9093560541079,
2026-08-18 00:01:04.174,pulse_batch,x,,,,,3,,1101,679,602,77,77,,9093580992304,
2026-08-18 00:01:04.194,pulse_batch,x,,,,,3,,1104,682,605,77,77,,9093601399639,
2026-08-18 00:01:04.215,pulse_batch,x,,,,,3,,1107,685,608,77,77,,9093622012233,
2026-08-18 00:01:04.235,pulse_batch,x,,,,,3,,1110,688,611,77,77,,9093642555438,
2026-08-18 00:01:04.256,pulse_batch,x,,,,,3,,1113,691,614,77,77,,9093662960607,
2026-08-18 00:01:04.277,pulse_batch,x,,,,,3,,1116,694,617,77,77,,9093683756959,
2026-08-18 00:01:04.297,pulse_batch,x,,,,,3,,1119,697,620,77,77,,9093704388922,
2026-08-18 00:01:04.318,pulse_batch,x,,,,,3,,1122,700,623,77,77,,9093724838035,
2026-08-18 00:01:04.341,pulse_batch,x,,,,,3,,1125,703,626,77,77,,9093747624430,
2026-08-18 00:01:04.363,pulse_batch,x,,,,,3,,1128,706,629,77,77,,9093770401529,
2026-08-18 00:01:04.384,pulse_batch,x,,,,,3,,1131,709,632,77,77,,9093790828809,
2026-08-18 00:01:04.404,pulse_batch,x,,,,,3,,1134,712,635,77,77,,9093811423588,
2026-08-18 00:01:04.425,pulse_batch,x,,,,,3,,1137,715,638,77,77,,9093832056940,
2026-08-18 00:01:04.445,pulse_batch,x,,,,,3,,1140,718,641,77,77,,9093852508553,
2026-08-18 00:01:04.466,pulse_batch,x,,,,,3,,1143,721,644,77,77,,9093873033777,
2026-08-18 00:01:04.488,pulse_batch,x,,,,,3,,1146,724,647,77,77,,9093894632513,
2026-08-18 00:01:04.508,pulse_batch,x,,,,,3,,1149,727,650,77,77,,9093915082385,
2026-08-18 00:01:04.529,pulse_batch,x,,,,,3,,1152,730,653,77,77,,9093935681719,
2026-08-18 00:01:04.551,pulse_batch,x,,,,,3,,1155,733,656,77,77,,9093957908118,
2026-08-18 00:01:04.571,pulse_batch,x,,,,,3,,1158,736,659,77,77,,9093978395805,
2026-08-18 00:01:04.592,pulse_batch,x,,,,,3,,1161,739,662,77,77,,9093998792122,
2026-08-18 00:01:04.614,pulse_batch,x,,,,,3,,1164,742,665,77,77,,9094021244611,
2026-08-18 00:01:04.635,pulse_batch,x,,,,,3,,1167,745,668,77,77,,9094041927723,
2026-08-18 00:01:04.655,pulse_batch,x,,,,,3,,1170,748,671,77,77,,9094062326855,
2026-08-18 00:01:04.677,pulse_batch,x,,,,,3,,1173,751,674,77,77,,9094084096238,
2026-08-18 00:01:04.698,pulse_batch,x,,,,,3,,1176,754,677,77,77,,9094104948663,
2026-08-18 00:01:04.718,pulse_batch,x,,,,,3,,1179,757,680,77,77,,9094125396980,
2026-08-18 00:01:04.740,pulse_batch,x,,,,,3,,1182,760,683,77,77,,9094147457101,
2026-08-18 00:01:04.763,pulse_batch,x,,,,,3,,1185,763,686,77,77,,9094169763629,
2026-08-18 00:01:04.783,pulse_batch,x,,,,,3,,1188,766,689,77,77,,9094190166890,
2026-08-18 00:01:04.804,pulse_batch,x,,,,,3,,1191,769,692,77,77,,9094210752429,
2026-08-18 00:01:04.824,pulse_batch,x,,,,,3,,1194,772,695,77,77,,9094231356374,
2026-08-18 00:01:04.845,pulse_batch,x,,,,,3,,1197,775,698,77,77,,9094251784950,
2026-08-18 00:01:04.865,pulse_batch,x,,,,,3,,1200,778,701,77,77,,9094272218823,
2026-08-18 00:01:04.888,pulse_batch,x,,,,,3,,1203,781,704,77,77,,9094294611905,
2026-08-18 00:01:04.908,pulse_batch,x,,,,,3,,1206,784,707,77,77,,9094315063759,
2026-08-18 00:01:04.928,pulse_batch,x,,,,,3,,1209,787,710,77,77,,9094335500168,
2026-08-18 00:01:04.951,pulse_batch,x,,,,,3,,1212,790,713,77,77,,9094358077546,
2026-08-18 00:01:04.971,pulse_batch,x,,,,,3,,1215,793,716,77,77,,9094378481789,
2026-08-18 00:01:04.992,pulse_batch,x,,,,,3,,1218,796,719,77,77,,9094398888699,
2026-08-18 00:01:05.010,pulse_batch,x,,,,,2,,1220,798,721,77,77,,9094417421250,
2026-08-18 00:01:05.010,continuous_stop,x,,,,,,1,1220,798,721,77,77,,9094417666674,
2026-08-18 00:01:05.474,continuous_start,x,,,,,,1,1220,798,721,77,77,,9094881417263,
2026-08-18 00:01:05.478,pulse_batch,x,,,,,1,,1221,799,722,77,77,,9094885107759,
2026-08-18 00:01:05.499,pulse_batch,x,,,,,3,,1224,802,725,77,77,,9094905741667,
2026-08-18 00:01:05.519,pulse_batch,x,,,,,3,,1227,805,728,77,77,,9094926153465,
2026-08-18 00:01:05.541,pulse_batch,x,,,,,3,,1230,808,731,77,77,,9094948115477,
2026-08-18 00:01:05.544,continuous_stop,x,,,,,,1,1230,808,731,77,77,,9094951537529,
2026-08-18 00:01:06.008,continuous_start,x,,,,,,1,1230,808,731,77,77,,9095415503172,
2026-08-18 00:01:06.012,pulse_batch,x,,,,,1,,1231,809,732,77,77,,9095419114650,
2026-08-18 00:01:06.032,pulse_batch,x,,,,,3,,1234,812,735,77,77,,9095439569059,
2026-08-18 00:01:06.053,pulse_batch,x,,,,,3,,1237,815,738,77,77,,9095460030617,
2026-08-18 00:01:06.075,pulse_batch,x,,,,,3,,1240,818,741,77,77,,9095482216127,
2026-08-18 00:01:06.096,pulse_batch,x,,,,,3,,1243,821,744,77,77,,9095502754925,
2026-08-18 00:01:06.116,pulse_batch,x,,,,,3,,1246,824,747,77,77,,9095523166112,
2026-08-18 00:01:06.138,pulse_batch,x,,,,,3,,1249,827,750,77,77,,9095544809940,
2026-08-18 00:01:06.141,continuous_stop,x,,,,,,1,1249,827,750,77,77,,9095548430622,
2026-08-18 00:01:06.942,continuous_start,x,,,,,,1,1249,827,750,77,77,,9096348709800,
2026-08-18 00:01:06.945,pulse_batch,x,,,,,1,,1250,828,751,77,77,,9096352445573,
2026-08-18 00:01:06.966,pulse_batch,x,,,,,3,,1253,831,754,77,77,,9096373003074,
2026-08-18 00:01:06.986,pulse_batch,x,,,,,3,,1256,834,757,77,77,,9096393416225,
2026-08-18 00:01:07.007,pulse_batch,x,,,,,3,,1259,837,760,77,77,,9096414111966,
2026-08-18 00:01:07.010,continuous_stop,x,,,,,,1,1259,837,760,77,77,,9096417593815,
2026-08-18 00:01:08.747,continuous_start,y,,,,,,-1,70,-12,0,0,4,,9098154043167,
2026-08-18 00:01:08.751,pulse_batch,y,,,,,-1,,71,-13,-1,0,4,,9098157722237,
2026-08-18 00:01:08.771,pulse_batch,y,,,,,-3,,74,-16,-4,0,4,,9098178340312,
2026-08-18 00:01:08.792,pulse_batch,y,,,,,-3,,77,-19,-7,0,4,,9098198841795,
2026-08-18 00:01:08.814,pulse_batch,y,,,,,-3,,80,-22,-10,0,4,,9098221090583,
2026-08-18 00:01:08.834,pulse_batch,y,,,,,-3,,83,-25,-13,0,4,,9098241572641,
2026-08-18 00:01:08.855,pulse_batch,y,,,,,-3,,86,-28,-16,0,4,,9098262044865,
2026-08-18 00:01:08.878,pulse_batch,y,,,,,-3,,89,-31,-19,0,4,,9098284768372,
2026-08-18 00:01:08.881,continuous_stop,y,,,,,,-1,89,-31,-19,0,4,,9098288264942,
2026-08-18 00:01:09.346,continuous_start,y,,,,,,-1,89,-31,-19,0,4,,9098753140790,
2026-08-18 00:01:09.350,pulse_batch,y,,,,,-1,,90,-32,-20,0,4,,9098756912934,
2026-08-18 00:01:09.370,pulse_batch,y,,,,,-3,,93,-35,-23,0,4,,9098777429658,
2026-08-18 00:01:09.391,pulse_batch,y,,,,,-3,,96,-38,-26,0,4,,9098797848920,
2026-08-18 00:01:09.411,pulse_batch,y,,,,,-3,,99,-41,-29,0,4,,9098818501143,
2026-08-18 00:01:09.432,pulse_batch,y,,,,,-3,,102,-44,-32,0,4,,9098839161885,
2026-08-18 00:01:09.453,pulse_batch,y,,,,,-3,,105,-47,-35,0,4,,9098859721387,
2026-08-18 00:01:09.473,pulse_batch,y,,,,,-3,,108,-50,-38,0,4,,9098880357221,
2026-08-18 00:01:09.484,pulse_batch,y,,,,,-1,,109,-51,-39,0,4,,9098891338042,
2026-08-18 00:01:09.484,continuous_stop,y,,,,,,-1,109,-51,-39,0,4,,9098891542855,
2026-08-18 00:01:10.282,continuous_start,y,,,,,,-1,109,-51,-39,0,4,,9099689227134,
2026-08-18 00:01:10.286,pulse_batch,y,,,,,-1,,110,-52,-40,0,4,,9099692854519,
2026-08-18 00:01:10.306,pulse_batch,y,,,,,-3,,113,-55,-43,0,4,,9099713598020,
2026-08-18 00:01:10.327,pulse_batch,y,,,,,-3,,116,-58,-46,0,4,,9099734080614,
2026-08-18 00:01:10.347,pulse_batch,y,,,,,-2,,118,-60,-48,0,4,,9099754208397,
2026-08-18 00:01:10.348,continuous_stop,y,,,,,,-1,118,-60,-48,0,4,,9099754913541,
2026-08-18 00:01:11.483,continuous_start,x,,,,,,1,1259,837,760,77,77,,9100890288853,
2026-08-18 00:01:11.487,pulse_batch,x,,,,,1,,1260,838,761,77,77,,9100894008126,
2026-08-18 00:01:11.507,pulse_batch,x,,,,,3,,1263,841,764,77,77,,9100914515110,
2026-08-18 00:01:11.528,pulse_batch,x,,,,,3,,1266,844,767,77,77,,9100935003112,
2026-08-18 00:01:11.549,pulse_batch,x,,,,,3,,1269,847,770,77,77,,9100956291739,
2026-08-18 00:01:11.570,pulse_batch,x,,,,,3,,1272,850,773,77,77,,9100976823649,
2026-08-18 00:01:11.590,pulse_batch,x,,,,,3,,1275,853,776,77,77,,9100997273911,
2026-08-18 00:01:11.611,pulse_batch,x,,,,,3,,1278,856,779,77,77,,9101018497816,
2026-08-18 00:01:11.615,continuous_stop,x,,,,,,1,1278,856,779,77,77,,9101021987665,
2026-08-18 00:01:12.818,continuous_start,x,,,,,,-1,1278,856,779,77,77,,9102225083581,
2026-08-18 00:01:12.822,pulse_batch,x,,,,,-1,,1279,855,779,76,77,,9102228789484,
2026-08-18 00:01:12.842,pulse_batch,x,,,,,-3,,1282,852,779,73,77,,9102249392689,
2026-08-18 00:01:12.863,pulse_batch,x,,,,,-3,,1285,849,779,70,77,,9102270148560,
2026-08-18 00:01:12.884,pulse_batch,x,,,,,-3,,1288,846,779,67,77,,9102291129967,
2026-08-18 00:01:12.905,pulse_batch,x,,,,,-3,,1291,843,779,64,77,,9102311704024,
2026-08-18 00:01:12.925,pulse_batch,x,,,,,-3,,1294,840,779,61,77,,9102332223341,
2026-08-18 00:01:12.947,pulse_batch,x,,,,,-3,,1297,837,779,58,77,,9102353809448,
2026-08-18 00:01:12.950,continuous_stop,x,,,,,,-1,1297,837,779,58,77,,9102357519629,
2026-08-18 00:01:13.417,continuous_start,x,,,,,,-1,1297,837,779,58,77,,9102824256454,
2026-08-18 00:01:13.421,pulse_batch,x,,,,,-1,,1298,836,779,57,77,,9102827911209,
2026-08-18 00:01:13.441,pulse_batch,x,,,,,-3,,1301,833,779,54,77,,9102848497007,
2026-08-18 00:01:13.462,pulse_batch,x,,,,,-3,,1304,830,779,51,77,,9102869011325,
2026-08-18 00:01:13.484,pulse_batch,x,,,,,-3,,1307,827,779,48,77,,9102891438093,
2026-08-18 00:01:13.505,pulse_batch,x,,,,,-3,,1310,824,779,45,77,,9102911958632,
2026-08-18 00:01:13.525,pulse_batch,x,,,,,-3,,1313,821,779,42,77,,9102932462227,
2026-08-18 00:01:13.547,pulse_batch,x,,,,,-3,,1316,818,779,39,77,,9102954589608,
2026-08-18 00:01:13.551,continuous_stop,x,,,,,,-1,1316,818,779,39,77,,9102958151271,
2026-08-18 00:01:13.951,continuous_start,x,,,,,,-1,1316,818,779,39,77,,9103358298418,
2026-08-18 00:01:13.955,pulse_batch,x,,,,,-1,,1317,817,779,38,77,,9103362011228,
2026-08-18 00:01:13.976,pulse_batch,x,,,,,-3,,1320,814,779,35,77,,9103382889821,
2026-08-18 00:01:13.996,pulse_batch,x,,,,,-3,,1323,811,779,32,77,,9103403344286,
2026-08-18 00:01:14.018,pulse_batch,x,,,,,-2,,1325,809,779,30,77,,9103424751653,
2026-08-18 00:01:14.018,continuous_stop,x,,,,,,-1,1325,809,779,30,77,,9103425039244,
2026-08-18 00:01:14.418,continuous_start,x,,,,,,-1,1325,809,779,30,77,,9103824780969,
2026-08-18 00:01:14.421,pulse_batch,x,,,,,-1,,1326,808,779,29,77,,9103828607093,
2026-08-18 00:01:14.442,pulse_batch,x,,,,,-3,,1329,805,779,26,77,,9103849124225,
2026-08-18 00:01:14.462,pulse_batch,x,,,,,-3,,1332,802,779,23,77,,9103869573024,
2026-08-18 00:01:14.485,pulse_batch,x,,,,,-3,,1335,799,779,20,77,,9103892200884,
2026-08-18 00:01:14.507,pulse_batch,x,,,,,-3,,1338,796,779,17,77,,9103913728102,
2026-08-18 00:01:14.527,pulse_batch,x,,,,,-3,,1341,793,779,14,77,,9103934163346,
2026-08-18 00:01:14.548,pulse_batch,x,,,,,-3,,1344,790,779,11,77,,9103954742700,
2026-08-18 00:01:14.551,continuous_stop,x,,,,,,-1,1344,790,779,11,77,,9103958260863,
2026-08-18 00:01:15.018,continuous_start,x,,,,,,-1,1344,790,779,11,77,,9104425110227,
2026-08-18 00:01:15.022,pulse_batch,x,,,,,-1,,1345,789,779,10,77,,9104428779519,
2026-08-18 00:01:15.042,pulse_batch,x,,,,,-3,,1348,786,779,7,77,,9104449296466,
2026-08-18 00:01:15.063,pulse_batch,x,,,,,-3,,1351,783,779,4,77,,9104469750672,
2026-08-18 00:01:15.086,pulse_batch,x,,,,,-3,,1354,780,779,1,77,,9104492848011,
2026-08-18 00:01:15.089,continuous_stop,x,,,,,,-1,1354,780,779,1,77,,9104496292138,
2026-08-18 00:01:15.487,continuous_start,x,,,,,,-1,1354,780,779,1,77,,9104893736730,
2026-08-18 00:01:15.490,pulse_batch,x,,,,,-1,,1355,779,779,0,77,,9104897483484,
2026-08-18 00:01:15.511,pulse_batch,x,,,,,-3,,1358,776,776,0,77,,9104918071579,
2026-08-18 00:01:15.531,pulse_batch,x,,,,,-3,,1361,773,773,0,77,,9104938547415,
2026-08-18 00:01:15.552,pulse_batch,x,,,,,-3,,1364,770,770,0,77,,9104959585933,
2026-08-18 00:01:15.556,continuous_stop,x,,,,,,-1,1364,770,770,0,77,,9104963064541,
2026-08-18 00:01:15.953,continuous_start,x,,,,,,-1,1364,770,770,0,77,,9105359760156,
2026-08-18 00:01:15.956,pulse_batch,x,,,,,-1,,1365,769,769,0,77,,9105363412504,
2026-08-18 00:01:15.977,pulse_batch,x,,,,,-3,,1368,766,766,0,77,,9105384031506,
2026-08-18 00:01:15.997,pulse_batch,x,,,,,-3,,1371,763,763,0,77,,9105404448342,
2026-08-18 00:01:16.019,pulse_batch,x,,,,,-3,,1374,760,760,0,77,,9105426306077,
2026-08-18 00:01:16.040,pulse_batch,x,,,,,-3,,1377,757,757,0,77,,9105446821413,
2026-08-18 00:01:16.060,pulse_batch,x,,,,,-3,,1380,754,754,0,77,,9105467246194,
2026-08-18 00:01:16.084,pulse_batch,x,,,,,-3,,1383,751,751,0,77,,9105491112731,
2026-08-18 00:01:16.087,continuous_stop,x,,,,,,-1,1383,751,751,0,77,,9105494564173,
2026-08-18 00:01:16.484,continuous_start,x,,,,,,-1,1383,751,751,0,77,,9105890995754,
2026-08-18 00:01:16.487,pulse_batch,x,,,,,-1,,1384,750,750,0,77,,9105894642324,
2026-08-18 00:01:16.508,pulse_batch,x,,,,,-3,,1387,747,747,0,77,,9105915271863,
2026-08-18 00:01:16.528,pulse_batch,x,,,,,-3,,1390,744,744,0,77,,9105935660496,
2026-08-18 00:01:16.551,pulse_batch,x,,,,,-3,,1393,741,741,0,77,,9105958043968,
2026-08-18 00:01:16.554,continuous_stop,x,,,,,,-1,1393,741,741,0,77,,9105961473410,
2026-08-18 00:01:16.951,continuous_start,x,,,,,,-1,1393,741,741,0,77,,9106357956880,
2026-08-18 00:01:16.954,pulse_batch,x,,,,,-1,,1394,740,740,0,77,,9106361588969,
2026-08-18 00:01:16.975,pulse_batch,x,,,,,-3,,1397,737,737,0,77,,9106382155304,
2026-08-18 00:01:16.995,pulse_batch,x,,,,,-3,,1400,734,734,0,77,,9106402571363,
2026-08-18 00:01:17.016,pulse_batch,x,,,,,-3,,1403,731,731,0,77,,9106423127291,
2026-08-18 00:01:17.019,continuous_stop,x,,,,,,-1,1403,731,731,0,77,,9106426656862,
2026-08-18 00:01:17.419,continuous_start,x,,,,,,-1,1403,731,731,0,77,,9106826518590,
2026-08-18 00:01:17.423,pulse_batch,x,,,,,-1,,1404,730,730,0,77,,9106830219641,
2026-08-18 00:01:17.444,pulse_batch,x,,,,,-3,,1407,727,727,0,77,,9106850727144,
2026-08-18 00:01:17.464,pulse_batch,x,,,,,-3,,1410,724,724,0,77,,9106871168721,
2026-08-18 00:01:17.486,pulse_batch,x,,,,,-3,,1413,721,721,0,77,,9106892851198,
2026-08-18 00:01:17.507,pulse_batch,x,,,,,-3,,1416,718,718,0,77,,9106914632008,
2026-08-18 00:01:17.528,pulse_batch,x,,,,,-3,,1419,715,715,0,77,,9106935324972,
2026-08-18 00:01:17.549,pulse_batch,x,,,,,-3,,1422,712,712,0,77,,9106955871327,
2026-08-18 00:01:17.552,continuous_stop,x,,,,,,-1,1422,712,712,0,77,,9106959393471,
2026-08-18 00:01:19.548,point_saved,x,1,stored,,,,-1,,712,712,0,77,712,,
2026-08-18 00:01:19.548,point_saved,y,1,stored,,,,-1,,-60,-48,0,4,-48,,
2026-08-18 00:01:20.422,continuous_start,y,,,,,,-1,118,-60,-48,0,4,,9109829224352,
2026-08-18 00:01:20.426,pulse_batch,y,,,,,-1,,119,-61,-49,0,4,,9109832966403,
2026-08-18 00:01:20.446,pulse_batch,y,,,,,-3,,122,-64,-52,0,4,,9109853519887,
2026-08-18 00:01:20.467,pulse_batch,y,,,,,-3,,125,-67,-55,0,4,,9109873965613,
2026-08-18 00:01:20.489,pulse_batch,y,,,,,-3,,128,-70,-58,0,4,,9109896062958,
2026-08-18 00:01:20.510,pulse_batch,y,,,,,-3,,131,-73,-61,0,4,,9109917068994,
2026-08-18 00:01:20.531,pulse_batch,y,,,,,-3,,134,-76,-64,0,4,,9109938631935,
2026-08-18 00:01:20.552,pulse_batch,y,,,,,-3,,137,-79,-67,0,4,,9109959181994,
2026-08-18 00:01:20.573,pulse_batch,y,,,,,-3,,140,-82,-70,0,4,,9109979707219,
2026-08-18 00:01:20.593,pulse_batch,y,,,,,-3,,143,-85,-73,0,4,,9110000135944,
2026-08-18 00:01:20.614,pulse_batch,y,,,,,-3,,146,-88,-76,0,4,,9110021469386,
2026-08-18 00:01:20.636,pulse_batch,y,,,,,-3,,149,-91,-79,0,4,,9110043596527,
2026-08-18 00:01:20.657,pulse_batch,y,,,,,-3,,152,-94,-82,0,4,,9110064019920,
2026-08-18 00:01:20.677,pulse_batch,y,,,,,-3,,155,-97,-85,0,4,,9110084513256,
2026-08-18 00:01:20.699,pulse_batch,y,,,,,-3,,158,-100,-88,0,4,,9110106138067,
2026-08-18 00:01:20.720,pulse_batch,y,,,,,-3,,161,-103,-91,0,4,,9110126659236,
2026-08-18 00:01:20.740,pulse_batch,y,,,,,-3,,164,-106,-94,0,4,,9110147054907,
2026-08-18 00:01:20.761,pulse_batch,y,,,,,-3,,167,-109,-97,0,4,,9110167705224,
2026-08-18 00:01:20.781,pulse_batch,y,,,,,-3,,170,-112,-100,0,4,,9110188362337,
2026-08-18 00:01:20.802,pulse_batch,y,,,,,-3,,173,-115,-103,0,4,,9110208826932,
2026-08-18 00:01:20.823,pulse_batch,y,,,,,-3,,176,-118,-106,0,4,,9110229593230,
2026-08-18 00:01:20.843,pulse_batch,y,,,,,-3,,179,-121,-109,0,4,,9110250185677,
2026-08-18 00:01:20.864,pulse_batch,y,,,,,-3,,182,-124,-112,0,4,,9110270836179,
2026-08-18 00:01:20.885,pulse_batch,y,,,,,-3,,185,-127,-115,0,4,,9110291729550,
2026-08-18 00:01:20.906,pulse_batch,y,,,,,-3,,188,-130,-118,0,4,,9110313465508,
2026-08-18 00:01:20.927,pulse_batch,y,,,,,-3,,191,-133,-121,0,4,,9110334063048,
2026-08-18 00:01:20.947,pulse_batch,y,,,,,-3,,194,-136,-124,0,4,,9110354547291,
2026-08-18 00:01:20.969,pulse_batch,y,,,,,-3,,197,-139,-127,0,4,,9110375671272,
2026-08-18 00:01:20.990,pulse_batch,y,,,,,-3,,200,-142,-130,0,4,,9110397365360,
2026-08-18 00:01:21.011,pulse_batch,y,,,,,-3,,203,-145,-133,0,4,,9110417786604,
2026-08-18 00:01:21.032,pulse_batch,y,,,,,-3,,206,-148,-136,0,4,,9110439563914,
2026-08-18 00:01:21.056,pulse_batch,y,,,,,-3,,209,-151,-139,0,4,,9110463536396,
2026-08-18 00:01:21.077,pulse_batch,y,,,,,-3,,212,-154,-142,0,4,,9110484080232,
2026-08-18 00:01:21.099,pulse_batch,y,,,,,-3,,215,-157,-145,0,4,,9110505884357,
2026-08-18 00:01:21.119,pulse_batch,y,,,,,-3,,218,-160,-148,0,4,,9110526419804,
2026-08-18 00:01:21.140,pulse_batch,y,,,,,-3,,221,-163,-151,0,4,,9110546860548,
2026-08-18 00:01:21.163,pulse_batch,y,,,,,-3,,224,-166,-154,0,4,,9110570388866,
2026-08-18 00:01:21.184,pulse_batch,y,,,,,-3,,227,-169,-157,0,4,,9110591016461,
2026-08-18 00:01:21.204,pulse_batch,y,,,,,-3,,230,-172,-160,0,4,,9110611535334,
2026-08-18 00:01:21.226,pulse_batch,y,,,,,-3,,233,-175,-163,0,4,,9110633122201,
2026-08-18 00:01:21.247,pulse_batch,y,,,,,-3,,236,-178,-166,0,4,,9110653795110,
2026-08-18 00:01:21.267,pulse_batch,y,,,,,-3,,239,-181,-169,0,4,,9110674275576,
2026-08-18 00:01:21.288,pulse_batch,y,,,,,-3,,242,-184,-172,0,4,,9110695575426,
2026-08-18 00:01:21.309,pulse_batch,y,,,,,-3,,245,-187,-175,0,4,,9110716069688,
2026-08-18 00:01:21.330,pulse_batch,y,,,,,-3,,248,-190,-178,0,4,,9110737410908,
2026-08-18 00:01:21.352,pulse_batch,y,,,,,-3,,251,-193,-181,0,4,,9110759580568,
2026-08-18 00:01:21.373,pulse_batch,y,,,,,-3,,254,-196,-184,0,4,,9110780133756,
2026-08-18 00:01:21.394,pulse_batch,y,,,,,-3,,257,-199,-187,0,4,,9110800719684,
2026-08-18 00:01:21.414,pulse_batch,y,,,,,-3,,260,-202,-190,0,4,,9110821214798,
2026-08-18 00:01:21.436,pulse_batch,y,,,,,-3,,263,-205,-193,0,4,,9110842884053,
2026-08-18 00:01:21.460,pulse_batch,y,,,,,-3,,266,-208,-196,0,4,,9110866936497,
2026-08-18 00:01:21.481,pulse_batch,y,,,,,-3,,269,-211,-199,0,4,,9110888012664,
2026-08-18 00:01:21.503,pulse_batch,y,,,,,-3,,272,-214,-202,0,4,,9110909839844,
2026-08-18 00:01:21.523,pulse_batch,y,,,,,-3,,275,-217,-205,0,4,,9110930353050,
2026-08-18 00:01:21.544,pulse_batch,y,,,,,-3,,278,-220,-208,0,4,,9110950946497,
2026-08-18 00:01:21.565,pulse_batch,y,,,,,-3,,281,-223,-211,0,4,,9110972567716,
2026-08-18 00:01:21.586,pulse_batch,y,,,,,-3,,284,-226,-214,0,4,,9110993081996,
2026-08-18 00:01:21.606,pulse_batch,y,,,,,-3,,287,-229,-217,0,4,,9111013562074,
2026-08-18 00:01:21.630,pulse_batch,y,,,,,-3,,290,-232,-220,0,4,,9111036647375,
2026-08-18 00:01:21.650,pulse_batch,y,,,,,-3,,293,-235,-223,0,4,,9111057275804,
2026-08-18 00:01:21.671,pulse_batch,y,,,,,-3,,296,-238,-226,0,4,,9111077785770,
2026-08-18 00:01:21.693,pulse_batch,y,,,,,-3,,299,-241,-229,0,4,,9111100088669,
2026-08-18 00:01:21.713,pulse_batch,y,,,,,-3,,302,-244,-232,0,4,,9111120618987,
2026-08-18 00:01:21.734,pulse_batch,y,,,,,-3,,305,-247,-235,0,4,,9111141112416,
2026-08-18 00:01:21.755,pulse_batch,y,,,,,-3,,308,-250,-238,0,4,,9111162576690,
2026-08-18 00:01:21.776,pulse_batch,y,,,,,-3,,311,-253,-241,0,4,,9111183182174,
2026-08-18 00:01:21.797,pulse_batch,y,,,,,-3,,314,-256,-244,0,4,,9111203766881,
2026-08-18 00:01:21.817,pulse_batch,y,,,,,-3,,317,-259,-247,0,4,,9111224409994,
2026-08-18 00:01:21.839,pulse_batch,y,,,,,-3,,320,-262,-250,0,4,,9111245881695,
2026-08-18 00:01:21.859,pulse_batch,y,,,,,-3,,323,-265,-253,0,4,,9111266385679,
2026-08-18 00:01:21.880,pulse_batch,y,,,,,-3,,326,-268,-256,0,4,,9111286963811,
2026-08-18 00:01:21.901,pulse_batch,y,,,,,-3,,329,-271,-259,0,4,,9111307628832,
2026-08-18 00:01:21.923,pulse_batch,y,,,,,-3,,332,-274,-262,0,4,,9111329822750,
2026-08-18 00:01:21.943,pulse_batch,y,,,,,-3,,335,-277,-265,0,4,,9111350291383,
2026-08-18 00:01:21.969,pulse_batch,y,,,,,-3,,338,-280,-268,0,4,,9111376078131,
2026-08-18 00:01:21.990,pulse_batch,y,,,,,-3,,341,-283,-271,0,4,,9111396674504,
2026-08-18 00:01:22.010,pulse_batch,y,,,,,-3,,344,-286,-274,0,4,,9111417148600,
2026-08-18 00:01:22.033,pulse_batch,y,,,,,-3,,347,-289,-277,0,4,,9111439791442,
2026-08-18 00:01:22.053,pulse_batch,y,,,,,-3,,350,-292,-280,0,4,,9111460354093,
2026-08-18 00:01:22.074,pulse_batch,y,,,,,-3,,353,-295,-283,0,4,,9111480792707,
2026-08-18 00:01:22.096,pulse_batch,y,,,,,-3,,356,-298,-286,0,4,,9111503331846,
2026-08-18 00:01:22.117,pulse_batch,y,,,,,-3,,359,-301,-289,0,4,,9111523857793,
2026-08-18 00:01:22.137,pulse_batch,y,,,,,-3,,362,-304,-292,0,4,,9111544335334,
2026-08-18 00:01:22.159,pulse_batch,y,,,,,-3,,365,-307,-295,0,4,,9111565662869,
2026-08-18 00:01:22.162,continuous_stop,y,,,,,,-1,365,-307,-295,0,4,,9111569101940,
2026-08-18 00:01:22.425,continuous_start,y,,,,,,-1,365,-307,-295,0,4,,9111832565462,
2026-08-18 00:01:22.429,pulse_batch,y,,,,,-1,,366,-308,-296,0,4,,9111836418550,
2026-08-18 00:01:22.450,pulse_batch,y,,,,,-3,,369,-311,-299,0,4,,9111857000904,
2026-08-18 00:01:22.470,pulse_batch,y,,,,,-3,,372,-314,-302,0,4,,9111877494370,
2026-08-18 00:01:22.491,pulse_batch,y,,,,,-3,,375,-317,-305,0,4,,9111898074928,
2026-08-18 00:01:22.512,pulse_batch,y,,,,,-3,,378,-320,-308,0,4,,9111918767801,
2026-08-18 00:01:22.532,pulse_batch,y,,,,,-3,,381,-323,-311,0,4,,9111939252063,
2026-08-18 00:01:22.553,pulse_batch,y,,,,,-3,,384,-326,-314,0,4,,9111959891658,
2026-08-18 00:01:22.575,pulse_batch,y,,,,,-3,,387,-329,-317,0,4,,9111982059484,
2026-08-18 00:01:22.595,pulse_batch,y,,,,,-3,,390,-332,-320,0,4,,9112002567487,
2026-08-18 00:01:22.617,pulse_batch,y,,,,,-3,,393,-335,-323,0,4,,9112024072188,
2026-08-18 00:01:22.638,pulse_batch,y,,,,,-3,,396,-338,-326,0,4,,9112044736116,
2026-08-18 00:01:22.658,pulse_batch,y,,,,,-3,,399,-341,-329,0,4,,9112065225601,
2026-08-18 00:01:22.679,pulse_batch,y,,,,,-3,,402,-344,-332,0,4,,9112085668067,
2026-08-18 00:01:22.696,pulse_batch,y,,,,,-2,,404,-346,-334,0,4,,9112103097182,
2026-08-18 00:01:22.696,continuous_stop,y,,,,,,-1,404,-346,-334,0,4,,9112103428143,
2026-08-18 00:01:23.159,continuous_start,y,,,,,,-1,404,-346,-334,0,4,,9112565761846,
2026-08-18 00:01:23.162,pulse_batch,y,,,,,-1,,405,-347,-335,0,4,,9112569562563,
2026-08-18 00:01:23.184,pulse_batch,y,,,,,-3,,408,-350,-338,0,4,,9112591342743,
2026-08-18 00:01:23.205,pulse_batch,y,,,,,-3,,411,-353,-341,0,4,,9112611790710,
2026-08-18 00:01:23.227,pulse_batch,y,,,,,-3,,414,-356,-344,0,4,,9112634365385,
2026-08-18 00:01:23.231,continuous_stop,y,,,,,,-1,414,-356,-344,0,4,,9112637788420,
2026-08-18 00:01:25.954,point_saved,x,2,stored,,,,-1,,712,712,0,77,712,,
2026-08-18 00:01:25.954,point_saved,y,2,stored,,,,-1,,-356,-344,0,4,-344,,
2026-08-18 00:01:26.761,continuous_start,y,,,,,,-1,414,-356,-344,0,4,,9116168327277,
2026-08-18 00:01:26.765,pulse_batch,y,,,,,-1,,415,-357,-345,0,4,,9116171956718,
2026-08-18 00:01:26.785,pulse_batch,y,,,,,-3,,418,-360,-348,0,4,,9116192559573,
2026-08-18 00:01:26.806,pulse_batch,y,,,,,-3,,421,-363,-351,0,4,,9116212987576,
2026-08-18 00:01:26.828,pulse_batch,y,,,,,-3,,424,-366,-354,0,4,,9116235184051,
2026-08-18 00:01:26.849,pulse_batch,y,,,,,-3,,427,-369,-357,0,4,,9116255679332,
2026-08-18 00:01:26.869,pulse_batch,y,,,,,-3,,430,-372,-360,0,4,,9116276137188,
2026-08-18 00:01:26.890,pulse_batch,y,,,,,-3,,433,-375,-363,0,4,,9116296645913,
2026-08-18 00:01:26.910,pulse_batch,y,,,,,-3,,436,-378,-366,0,4,,9116317272546,
2026-08-18 00:01:26.931,pulse_batch,y,,,,,-3,,439,-381,-369,0,4,,9116337730234,
2026-08-18 00:01:26.951,pulse_batch,y,,,,,-3,,442,-384,-372,0,4,,9116358169794,
2026-08-18 00:01:26.972,pulse_batch,y,,,,,-3,,445,-387,-375,0,4,,9116379272238,
2026-08-18 00:01:26.993,pulse_batch,y,,,,,-3,,448,-390,-378,0,4,,9116399859519,
2026-08-18 00:01:27.013,pulse_batch,y,,,,,-3,,451,-393,-381,0,4,,9116420263541,
2026-08-18 00:01:27.037,pulse_batch,y,,,,,-3,,454,-396,-384,0,4,,9116444088969,
2026-08-18 00:01:27.057,pulse_batch,y,,,,,-3,,457,-399,-387,0,4,,9116464616824,
2026-08-18 00:01:27.078,pulse_batch,y,,,,,-3,,460,-402,-390,0,4,,9116485036661,
2026-08-18 00:01:27.099,pulse_batch,y,,,,,-3,,463,-405,-393,0,4,,9116506532510,
2026-08-18 00:01:27.120,pulse_batch,y,,,,,-3,,466,-408,-396,0,4,,9116527050403,
2026-08-18 00:01:27.140,pulse_batch,y,,,,,-3,,469,-411,-399,0,4,,9116547463685,
2026-08-18 00:01:27.165,pulse_batch,y,,,,,-3,,472,-414,-402,0,4,,9116571986404,
2026-08-18 00:01:27.186,pulse_batch,y,,,,,-3,,475,-417,-405,0,4,,9116592690536,
2026-08-18 00:01:27.206,pulse_batch,y,,,,,-3,,478,-420,-408,0,4,,9116613107670,
2026-08-18 00:01:27.228,pulse_batch,y,,,,,-3,,481,-423,-411,0,4,,9116635611327,
2026-08-18 00:01:27.249,pulse_batch,y,,,,,-3,,484,-426,-414,0,4,,9116656142442,
2026-08-18 00:01:27.269,pulse_batch,y,,,,,-3,,487,-429,-417,0,4,,9116676568076,
2026-08-18 00:01:27.292,pulse_batch,y,,,,,-3,,490,-432,-420,0,4,,9116698844216,
2026-08-18 00:01:27.312,pulse_batch,y,,,,,-3,,493,-435,-423,0,4,,9116719411960,
2026-08-18 00:01:27.333,pulse_batch,y,,,,,-3,,496,-438,-426,0,4,,9116739867556,
2026-08-18 00:01:27.353,pulse_batch,y,,,,,-3,,499,-441,-429,0,4,,9116760341560,
2026-08-18 00:01:27.376,pulse_batch,y,,,,,-3,,502,-444,-432,0,4,,9116783557658,
2026-08-18 00:01:27.397,pulse_batch,y,,,,,-3,,505,-447,-435,0,4,,9116804033939,
2026-08-18 00:01:27.420,pulse_batch,y,,,,,-3,,508,-450,-438,0,4,,9116827101557,
2026-08-18 00:01:27.442,pulse_batch,y,,,,,-3,,511,-453,-441,0,4,,9116849463993,
2026-08-18 00:01:27.463,pulse_batch,y,,,,,-3,,514,-456,-444,0,4,,9116870044459,
2026-08-18 00:01:27.483,pulse_batch,y,,,,,-3,,517,-459,-447,0,4,,9116890514574,
2026-08-18 00:01:27.504,pulse_batch,y,,,,,-3,,520,-462,-450,0,4,,9116911047466,
2026-08-18 00:01:27.526,pulse_batch,y,,,,,-3,,523,-465,-453,0,4,,9116933226404,
2026-08-18 00:01:27.546,pulse_batch,y,,,,,-3,,526,-468,-456,0,4,,9116953624890,
2026-08-18 00:01:27.573,pulse_batch,y,,,,,-3,,529,-471,-459,0,4,,9116980074560,
2026-08-18 00:01:27.593,pulse_batch,y,,,,,-3,,532,-474,-462,0,4,,9117000600693,
2026-08-18 00:01:27.614,pulse_batch,y,,,,,-3,,535,-477,-465,0,4,,9117020975920,
2026-08-18 00:01:27.636,pulse_batch,y,,,,,-3,,538,-480,-468,0,4,,9117043161079,
2026-08-18 00:01:27.660,pulse_batch,y,,,,,-3,,541,-483,-471,0,4,,9117066897378,
2026-08-18 00:01:27.680,pulse_batch,y,,,,,-3,,544,-486,-474,0,4,,9117087305660,
2026-08-18 00:01:27.703,pulse_batch,y,,,,,-3,,547,-489,-477,0,4,,9117110024631,
2026-08-18 00:01:27.723,pulse_batch,y,,,,,-3,,550,-492,-480,0,4,,9117130587301,
2026-08-18 00:01:27.744,pulse_batch,y,,,,,-3,,553,-495,-483,0,4,,9117150997749,
2026-08-18 00:01:27.765,pulse_batch,y,,,,,-3,,556,-498,-486,0,4,,9117172477765,
2026-08-18 00:01:27.786,pulse_batch,y,,,,,-3,,559,-501,-489,0,4,,9117193045713,
2026-08-18 00:01:27.806,pulse_batch,y,,,,,-3,,562,-504,-492,0,4,,9117213518383,
2026-08-18 00:01:27.827,pulse_batch,y,,,,,-3,,565,-507,-495,0,4,,9117234086720,
2026-08-18 00:01:27.847,pulse_batch,y,,,,,-3,,568,-510,-498,0,4,,9117254556575,
2026-08-18 00:01:27.868,pulse_batch,y,,,,,-3,,571,-513,-501,0,4,,9117275021912,
2026-08-18 00:01:27.889,pulse_batch,y,,,,,-3,,574,-516,-504,0,4,,9117295658471,
2026-08-18 00:01:27.899,pulse_batch,y,,,,,-1,,575,-517,-505,0,4,,9117306224554,
2026-08-18 00:01:27.899,continuous_stop,y,,,,,,-1,575,-517,-505,0,4,,9117306564811,
2026-08-18 00:01:28.229,continuous_start,y,,,,,,-1,575,-517,-505,0,4,,9117636118247,
2026-08-18 00:01:28.233,pulse_batch,y,,,,,-1,,576,-518,-506,0,4,,9117639769484,
2026-08-18 00:01:28.253,pulse_batch,y,,,,,-3,,579,-521,-509,0,4,,9117660303802,
2026-08-18 00:01:28.274,pulse_batch,y,,,,,-3,,582,-524,-512,0,4,,9117680733714,
2026-08-18 00:01:28.296,pulse_batch,y,,,,,-3,,585,-527,-515,0,4,,9117703089206,
2026-08-18 00:01:28.317,pulse_batch,y,,,,,-3,,588,-530,-518,0,4,,9117723721505,
2026-08-18 00:01:28.337,pulse_batch,y,,,,,-3,,591,-533,-521,0,4,,9117744132528,
2026-08-18 00:01:28.358,pulse_batch,y,,,,,-3,,594,-536,-524,0,4,,9117765494156,
2026-08-18 00:01:28.362,continuous_stop,y,,,,,,-1,594,-536,-524,0,4,,9117768960560,
2026-08-18 00:01:28.963,continuous_start,y,,,,,,-1,594,-536,-524,0,4,,9118369765829,
2026-08-18 00:01:28.966,pulse_batch,y,,,,,-1,,595,-537,-525,0,4,,9118373338363,
2026-08-18 00:01:28.987,pulse_batch,y,,,,,-3,,598,-540,-528,0,4,,9118393918662,
2026-08-18 00:01:29.007,pulse_batch,y,,,,,-3,,601,-543,-531,0,4,,9118414342148,
2026-08-18 00:01:29.028,pulse_batch,y,,,,,-3,,604,-546,-534,0,4,,9118434959651,
2026-08-18 00:01:29.031,continuous_stop,y,,,,,,-1,604,-546,-534,0,4,,9118438438629,
2026-08-18 00:01:29.698,continuous_start,y,,,,,,-1,604,-546,-534,0,4,,9119105316476,
2026-08-18 00:01:29.702,pulse_batch,y,,,,,-1,,605,-547,-535,0,4,,9119108973602,
2026-08-18 00:01:29.722,pulse_batch,y,,,,,-3,,608,-550,-538,0,4,,9119129514568,
2026-08-18 00:01:29.743,pulse_batch,y,,,,,-3,,611,-553,-541,0,4,,9119149977942,
2026-08-18 00:01:29.765,pulse_batch,y,,,,,-3,,614,-556,-544,0,4,,9119172376823,
2026-08-18 00:01:29.769,continuous_stop,y,,,,,,-1,614,-556,-544,0,4,,9119175811599,
2026-08-18 00:01:31.034,continuous_start,x,,,,,,-1,1422,712,712,0,77,,9120440725275,
2026-08-18 00:01:31.037,pulse_batch,x,,,,,-1,,1423,711,711,0,77,,9120444406919,
2026-08-18 00:01:31.058,pulse_batch,x,,,,,-3,,1426,708,708,0,77,,9120465020366,
2026-08-18 00:01:31.078,pulse_batch,x,,,,,-3,,1429,705,705,0,77,,9120485480796,
2026-08-18 00:01:31.100,pulse_batch,x,,,,,-3,,1432,702,702,0,77,,9120507463884,
2026-08-18 00:01:31.121,pulse_batch,x,,,,,-3,,1435,699,699,0,77,,9120528029665,
2026-08-18 00:01:31.141,pulse_batch,x,,,,,-3,,1438,696,696,0,77,,9120548501687,
2026-08-18 00:01:31.163,pulse_batch,x,,,,,-3,,1441,693,693,0,77,,9120570371812,
2026-08-18 00:01:31.167,continuous_stop,x,,,,,,-1,1441,693,693,0,77,,9120573920920,
2026-08-18 00:01:32.694,point_saved,x,3,stored,,,,-1,,693,693,0,77,693,,
2026-08-18 00:01:32.694,point_saved,y,3,stored,,,,-1,,-556,-544,0,4,-544,,
2026-08-18 00:01:33.500,continuous_start,x,,,,,,-1,1441,693,693,0,77,,9122907298830,
2026-08-18 00:01:33.504,pulse_batch,x,,,,,-1,,1442,692,692,0,77,,9122910948660,
2026-08-18 00:01:33.524,pulse_batch,x,,,,,-3,,1445,689,689,0,77,,9122931450293,
2026-08-18 00:01:33.545,pulse_batch,x,,,,,-3,,1448,686,686,0,77,,9122951889557,
2026-08-18 00:01:33.565,pulse_batch,x,,,,,-3,,1451,683,683,0,77,,9122972441709,
2026-08-18 00:01:33.586,pulse_batch,x,,,,,-3,,1454,680,680,0,77,,9122993075119,
2026-08-18 00:01:33.606,pulse_batch,x,,,,,-3,,1457,677,677,0,77,,9123013544309,
2026-08-18 00:01:33.627,pulse_batch,x,,,,,-3,,1460,674,674,0,77,,9123034130645,
2026-08-18 00:01:33.652,pulse_batch,x,,,,,-3,,1463,671,671,0,77,,9123059476953,
2026-08-18 00:01:33.673,pulse_batch,x,,,,,-3,,1466,668,668,0,77,,9123079963050,
2026-08-18 00:01:33.695,pulse_batch,x,,,,,-3,,1469,665,665,0,77,,9123101860897,
2026-08-18 00:01:33.716,pulse_batch,x,,,,,-3,,1472,662,662,0,77,,9123123587949,
2026-08-18 00:01:33.737,pulse_batch,x,,,,,-3,,1475,659,659,0,77,,9123144030768,
2026-08-18 00:01:33.757,pulse_batch,x,,,,,-3,,1478,656,656,0,77,,9123164456995,
2026-08-18 00:01:33.778,pulse_batch,x,,,,,-3,,1481,653,653,0,77,,9123185391941,
2026-08-18 00:01:33.799,pulse_batch,x,,,,,-3,,1484,650,650,0,77,,9123206233683,
2026-08-18 00:01:33.819,pulse_batch,x,,,,,-3,,1487,647,647,0,77,,9123226632225,
2026-08-18 00:01:33.842,pulse_batch,x,,,,,-3,,1490,644,644,0,77,,9123248838607,
2026-08-18 00:01:33.862,pulse_batch,x,,,,,-3,,1493,641,641,0,77,,9123269484166,
2026-08-18 00:01:33.884,pulse_batch,x,,,,,-3,,1496,638,638,0,77,,9123290903572,
2026-08-18 00:01:33.907,pulse_batch,x,,,,,-3,,1499,635,635,0,77,,9123314110115,
2026-08-18 00:01:33.930,pulse_batch,x,,,,,-3,,1502,632,632,0,77,,9123337426009,
2026-08-18 00:01:33.951,pulse_batch,x,,,,,-3,,1505,629,629,0,77,,9123357860106,
2026-08-18 00:01:33.972,pulse_batch,x,,,,,-3,,1508,626,626,0,77,,9123378815496,
2026-08-18 00:01:33.993,pulse_batch,x,,,,,-3,,1511,623,623,0,77,,9123399872681,
2026-08-18 00:01:34.013,pulse_batch,x,,,,,-3,,1514,620,620,0,77,,9123420284019,
2026-08-18 00:01:34.035,pulse_batch,x,,,,,-3,,1517,617,617,0,77,,9123441720295,
2026-08-18 00:01:34.055,pulse_batch,x,,,,,-3,,1520,614,614,0,77,,9123462275003,
2026-08-18 00:01:34.076,pulse_batch,x,,,,,-3,,1523,611,611,0,77,,9123482734544,
2026-08-18 00:01:34.098,pulse_batch,x,,,,,-3,,1526,608,608,0,77,,9123504880872,
2026-08-18 00:01:34.118,pulse_batch,x,,,,,-3,,1529,605,605,0,77,,9123525494356,
2026-08-18 00:01:34.139,pulse_batch,x,,,,,-3,,1532,602,602,0,77,,9123545956250,
2026-08-18 00:01:34.159,pulse_batch,x,,,,,-3,,1535,599,599,0,77,,9123566399050,
2026-08-18 00:01:34.180,pulse_batch,x,,,,,-3,,1538,596,596,0,77,,9123587031831,
2026-08-18 00:01:34.200,pulse_batch,x,,,,,-3,,1541,593,593,0,77,,9123607509021,
2026-08-18 00:01:34.221,pulse_batch,x,,,,,-3,,1544,590,590,0,77,,9123628064784,
2026-08-18 00:01:34.242,pulse_batch,x,,,,,-3,,1547,587,587,0,77,,9123649211302,
2026-08-18 00:01:34.263,pulse_batch,x,,,,,-3,,1550,584,584,0,77,,9123669800898,
2026-08-18 00:01:34.283,pulse_batch,x,,,,,-3,,1553,581,581,0,77,,9123690215958,
2026-08-18 00:01:34.305,pulse_batch,x,,,,,-3,,1556,578,578,0,77,,9123712538507,
2026-08-18 00:01:34.326,pulse_batch,x,,,,,-3,,1559,575,575,0,77,,9123733096603,
2026-08-18 00:01:34.346,pulse_batch,x,,,,,-3,,1562,572,572,0,77,,9123753531015,
2026-08-18 00:01:34.368,pulse_batch,x,,,,,-3,,1565,569,569,0,77,,9123775551325,
2026-08-18 00:01:34.390,pulse_batch,x,,,,,-3,,1568,566,566,0,77,,9123797454413,
2026-08-18 00:01:34.411,pulse_batch,x,,,,,-3,,1571,563,563,0,77,,9123818332785,
2026-08-18 00:01:34.432,pulse_batch,x,,,,,-3,,1574,560,560,0,77,,9123838944603,
2026-08-18 00:01:34.453,pulse_batch,x,,,,,-3,,1577,557,557,0,77,,9123859770012,
2026-08-18 00:01:34.473,pulse_batch,x,,,,,-3,,1580,554,554,0,77,,9123880232054,
2026-08-18 00:01:34.495,pulse_batch,x,,,,,-3,,1583,551,551,0,77,,9123902268900,
2026-08-18 00:01:34.516,pulse_batch,x,,,,,-3,,1586,548,548,0,77,,9123923123643,
2026-08-18 00:01:34.536,pulse_batch,x,,,,,-3,,1589,545,545,0,77,,9123943585221,
2026-08-18 00:01:34.557,pulse_batch,x,,,,,-3,,1592,542,542,0,77,,9123964056762,
2026-08-18 00:01:34.580,pulse_batch,x,,,,,-3,,1595,539,539,0,77,,9123987573767,
2026-08-18 00:01:34.601,pulse_batch,x,,,,,-3,,1598,536,536,0,77,,9124008085178,
2026-08-18 00:01:34.621,pulse_batch,x,,,,,-3,,1601,533,533,0,77,,9124028474627,
2026-08-18 00:01:34.642,pulse_batch,x,,,,,-3,,1604,530,530,0,77,,9124049163093,
2026-08-18 00:01:34.663,pulse_batch,x,,,,,-3,,1607,527,527,0,77,,9124069808226,
2026-08-18 00:01:34.683,pulse_batch,x,,,,,-3,,1610,524,524,0,77,,9124090216897,
2026-08-18 00:01:34.705,pulse_batch,x,,,,,-3,,1613,521,521,0,77,,9124112263688,
2026-08-18 00:01:34.727,pulse_batch,x,,,,,-3,,1616,518,518,0,77,,9124133905352,
2026-08-18 00:01:34.747,pulse_batch,x,,,,,-3,,1619,515,515,0,77,,9124154318671,
2026-08-18 00:01:34.769,pulse_batch,x,,,,,-3,,1622,512,512,0,77,,9124176174852,
2026-08-18 00:01:34.791,pulse_batch,x,,,,,-3,,1625,509,509,0,77,,9124197834793,
2026-08-18 00:01:34.811,pulse_batch,x,,,,,-3,,1628,506,506,0,77,,9124218292057,
2026-08-18 00:01:34.833,pulse_batch,x,,,,,-3,,1631,503,503,0,77,,9124240117979,
2026-08-18 00:01:34.854,pulse_batch,x,,,,,-3,,1634,500,500,0,77,,9124260680279,
2026-08-18 00:01:34.874,pulse_batch,x,,,,,-3,,1637,497,497,0,77,,9124281133931,
2026-08-18 00:01:34.895,pulse_batch,x,,,,,-3,,1640,494,494,0,77,,9124302041914,
2026-08-18 00:01:34.916,pulse_batch,x,,,,,-3,,1643,491,491,0,77,,9124323394895,
2026-08-18 00:01:34.937,pulse_batch,x,,,,,-3,,1646,488,488,0,77,,9124343873658,
2026-08-18 00:01:34.957,pulse_batch,x,,,,,-3,,1649,485,485,0,77,,9124364369088,
2026-08-18 00:01:34.980,pulse_batch,x,,,,,-3,,1652,482,482,0,77,,9124387324910,
2026-08-18 00:01:35.001,pulse_batch,x,,,,,-3,,1655,479,479,0,77,,9124407760619,
2026-08-18 00:01:35.021,pulse_batch,x,,,,,-3,,1658,476,476,0,77,,9124428462992,
2026-08-18 00:01:35.042,pulse_batch,x,,,,,-3,,1661,473,473,0,77,,9124449558437,
2026-08-18 00:01:35.063,pulse_batch,x,,,,,-3,,1664,470,470,0,77,,9124470108367,
2026-08-18 00:01:35.083,pulse_batch,x,,,,,-3,,1667,467,467,0,77,,9124490498057,
2026-08-18 00:01:35.105,pulse_batch,x,,,,,-3,,1670,464,464,0,77,,9124512612958,
2026-08-18 00:01:35.126,pulse_batch,x,,,,,-3,,1673,461,461,0,77,,9124533252702,
2026-08-18 00:01:35.147,pulse_batch,x,,,,,-3,,1676,458,458,0,77,,9124553684207,
2026-08-18 00:01:35.167,pulse_batch,x,,,,,-3,,1679,455,455,0,77,,9124574329173,
2026-08-18 00:01:35.188,pulse_batch,x,,,,,-3,,1682,452,452,0,77,,9124594794011,
2026-08-18 00:01:35.208,pulse_batch,x,,,,,-3,,1685,449,449,0,77,,9124615248478,
2026-08-18 00:01:35.229,pulse_batch,x,,,,,-3,,1688,446,446,0,77,,9124635790908,
2026-08-18 00:01:35.250,pulse_batch,x,,,,,-3,,1691,443,443,0,77,,9124656992074,
2026-08-18 00:01:35.270,pulse_batch,x,,,,,-3,,1694,440,440,0,77,,9124677467727,
2026-08-18 00:01:35.292,pulse_batch,x,,,,,-3,,1697,437,437,0,77,,9124698570135,
2026-08-18 00:01:35.313,pulse_batch,x,,,,,-3,,1700,434,434,0,77,,9124719995615,
2026-08-18 00:01:35.333,pulse_batch,x,,,,,-3,,1703,431,431,0,77,,9124740383860,
2026-08-18 00:01:35.354,pulse_batch,x,,,,,-3,,1706,428,428,0,77,,9124760784309,
2026-08-18 00:01:35.376,pulse_batch,x,,,,,-3,,1709,425,425,0,77,,9124783287375,
2026-08-18 00:01:35.397,pulse_batch,x,,,,,-3,,1712,422,422,0,77,,9124803808768,
2026-08-18 00:01:35.417,pulse_batch,x,,,,,-3,,1715,419,419,0,77,,9124824267328,
2026-08-18 00:01:35.439,pulse_batch,x,,,,,-3,,1718,416,416,0,77,,9124846550932,
2026-08-18 00:01:35.461,pulse_batch,x,,,,,-3,,1721,413,413,0,77,,9124868036616,
2026-08-18 00:01:35.481,pulse_batch,x,,,,,-3,,1724,410,410,0,77,,9124888449861,
2026-08-18 00:01:35.504,pulse_batch,x,,,,,-3,,1727,407,407,0,77,,9124910833946,
2026-08-18 00:01:35.524,pulse_batch,x,,,,,-3,,1730,404,404,0,77,,9124931426987,
2026-08-18 00:01:35.545,pulse_batch,x,,,,,-3,,1733,401,401,0,77,,9124951878436,
2026-08-18 00:01:35.566,pulse_batch,x,,,,,-3,,1736,398,398,0,77,,9124973618192,
2026-08-18 00:01:35.587,pulse_batch,x,,,,,-3,,1739,395,395,0,77,,9124994280398,
2026-08-18 00:01:35.608,pulse_batch,x,,,,,-3,,1742,392,392,0,77,,9125014755773,
2026-08-18 00:01:35.628,pulse_batch,x,,,,,-3,,1745,389,389,0,77,,9125035279758,
2026-08-18 00:01:35.650,pulse_batch,x,,,,,-3,,1748,386,386,0,77,,9125057284753,
2026-08-18 00:01:35.671,pulse_batch,x,,,,,-3,,1751,383,383,0,77,,9125077727443,
2026-08-18 00:01:35.691,pulse_batch,x,,,,,-3,,1754,380,380,0,77,,9125098254595,
2026-08-18 00:01:35.713,pulse_batch,x,,,,,-3,,1757,377,377,0,77,,9125120423311,
2026-08-18 00:01:35.734,pulse_batch,x,,,,,-3,,1760,374,374,0,77,,9125141232573,
2026-08-18 00:01:35.754,pulse_batch,x,,,,,-3,,1763,371,371,0,77,,9125161618948,
2026-08-18 00:01:35.777,pulse_batch,x,,,,,-3,,1766,368,368,0,77,,9125183898812,
2026-08-18 00:01:35.800,pulse_batch,x,,,,,-3,,1769,365,365,0,77,,9125206891856,
2026-08-18 00:01:35.820,pulse_batch,x,,,,,-3,,1772,362,362,0,77,,9125227316101,
2026-08-18 00:01:35.841,pulse_batch,x,,,,,-3,,1775,359,359,0,77,,9125247890012,
2026-08-18 00:01:35.861,pulse_batch,x,,,,,-3,,1778,356,356,0,77,,9125268441350,
2026-08-18 00:01:35.882,pulse_batch,x,,,,,-3,,1781,353,353,0,77,,9125288849817,
2026-08-18 00:01:35.903,pulse_batch,x,,,,,-3,,1784,350,350,0,77,,9125310249353,
2026-08-18 00:01:35.924,pulse_batch,x,,,,,-3,,1787,347,347,0,77,,9125330918726,
2026-08-18 00:01:35.944,pulse_batch,x,,,,,-3,,1790,344,344,0,77,,9125351371009,
2026-08-18 00:01:35.967,pulse_batch,x,,,,,-3,,1793,341,341,0,77,,9125373774760,
2026-08-18 00:01:35.987,pulse_batch,x,,,,,-3,,1796,338,338,0,77,,9125394367764,
2026-08-18 00:01:36.008,pulse_batch,x,,,,,-3,,1799,335,335,0,77,,9125414853750,
2026-08-18 00:01:36.029,pulse_batch,x,,,,,-3,,1802,332,332,0,77,,9125435650622,
2026-08-18 00:01:36.051,pulse_batch,x,,,,,-3,,1805,329,329,0,77,,9125457687358,
2026-08-18 00:01:36.071,pulse_batch,x,,,,,-3,,1808,326,326,0,77,,9125478158159,
2026-08-18 00:01:36.091,pulse_batch,x,,,,,-3,,1811,323,323,0,77,,9125498583145,
2026-08-18 00:01:36.114,pulse_batch,x,,,,,-3,,1814,320,320,0,77,,9125520824786,
2026-08-18 00:01:36.134,pulse_batch,x,,,,,-3,,1817,317,317,0,77,,9125541312106,
2026-08-18 00:01:36.155,pulse_batch,x,,,,,-3,,1820,314,314,0,77,,9125561705925,
2026-08-18 00:01:36.177,pulse_batch,x,,,,,-3,,1823,311,311,0,77,,9125584092788,
2026-08-18 00:01:36.198,pulse_batch,x,,,,,-3,,1826,308,308,0,77,,9125604811347,
2026-08-18 00:01:36.218,pulse_batch,x,,,,,-3,,1829,305,305,0,77,,9125625211351,
2026-08-18 00:01:36.239,pulse_batch,x,,,,,-3,,1832,302,302,0,77,,9125645872207,
2026-08-18 00:01:36.259,pulse_batch,x,,,,,-3,,1835,299,299,0,77,,9125666387044,
2026-08-18 00:01:36.280,pulse_batch,x,,,,,-3,,1838,296,296,0,77,,9125686810419,
2026-08-18 00:01:36.304,pulse_batch,x,,,,,-3,,1841,293,293,0,77,,9125710929401,
2026-08-18 00:01:36.324,pulse_batch,x,,,,,-3,,1844,290,290,0,77,,9125731468720,
2026-08-18 00:01:36.345,pulse_batch,x,,,,,-3,,1847,287,287,0,77,,9125751962761,
2026-08-18 00:01:36.367,pulse_batch,x,,,,,-3,,1850,284,284,0,77,,9125773907942,
2026-08-18 00:01:36.387,pulse_batch,x,,,,,-3,,1853,281,281,0,77,,9125794486168,
2026-08-18 00:01:36.408,pulse_batch,x,,,,,-3,,1856,278,278,0,77,,9125814955135,
2026-08-18 00:01:36.428,pulse_batch,x,,,,,-3,,1859,275,275,0,77,,9125835442565,
2026-08-18 00:01:36.451,pulse_batch,x,,,,,-3,,1862,272,272,0,77,,9125858003261,
2026-08-18 00:01:36.471,pulse_batch,x,,,,,-3,,1865,269,269,0,77,,9125878476450,
2026-08-18 00:01:36.492,pulse_batch,x,,,,,-3,,1868,266,266,0,77,,9125899004158,
2026-08-18 00:01:36.514,pulse_batch,x,,,,,-3,,1871,263,263,0,77,,9125921411039,
2026-08-18 00:01:36.535,pulse_batch,x,,,,,-3,,1874,260,260,0,77,,9125941891155,
2026-08-18 00:01:36.555,pulse_batch,x,,,,,-3,,1877,257,257,0,77,,9125962302659,
2026-08-18 00:01:36.576,pulse_batch,x,,,,,-3,,1880,254,254,0,77,,9125982990088,
2026-08-18 00:01:36.596,pulse_batch,x,,,,,-3,,1883,251,251,0,77,,9126003527222,
2026-08-18 00:01:36.617,pulse_batch,x,,,,,-3,,1886,248,248,0,77,,9126023943671,
2026-08-18 00:01:36.638,pulse_batch,x,,,,,-3,,1889,245,245,0,77,,9126044918321,
2026-08-18 00:01:36.660,pulse_batch,x,,,,,-3,,1892,242,242,0,77,,9126066926371,
2026-08-18 00:01:36.680,pulse_batch,x,,,,,-3,,1895,239,239,0,77,,9126087378098,
2026-08-18 00:01:36.701,pulse_batch,x,,,,,-3,,1898,236,236,0,77,,9126107993935,
2026-08-18 00:01:36.721,pulse_batch,x,,,,,-3,,1901,233,233,0,77,,9126128543124,
2026-08-18 00:01:36.742,pulse_batch,x,,,,,-3,,1904,230,230,0,77,,9126149047535,
2026-08-18 00:01:36.762,pulse_batch,x,,,,,-3,,1907,227,227,0,77,,9126169530855,
2026-08-18 00:01:36.787,pulse_batch,x,,,,,-3,,1910,224,224,0,77,,9126194226444,
2026-08-18 00:01:36.808,pulse_batch,x,,,,,-3,,1913,221,221,0,77,,9126214689652,
2026-08-18 00:01:36.828,pulse_batch,x,,,,,-3,,1916,218,218,0,77,,9126235137675,
2026-08-18 00:01:36.849,pulse_batch,x,,,,,-3,,1919,215,215,0,77,,9126255822697,
2026-08-18 00:01:36.869,pulse_batch,x,,,,,-3,,1922,212,212,0,77,,9126276329997,
2026-08-18 00:01:36.890,pulse_batch,x,,,,,-3,,1925,209,209,0,77,,9126297294943,
2026-08-18 00:01:36.911,pulse_batch,x,,,,,-3,,1928,206,206,0,77,,9126318137519,
2026-08-18 00:01:36.932,pulse_batch,x,,,,,-3,,1931,203,203,0,77,,9126338677838,
2026-08-18 00:01:36.952,pulse_batch,x,,,,,-3,,1934,200,200,0,77,,9126359164620,
2026-08-18 00:01:36.974,pulse_batch,x,,,,,-3,,1937,197,197,0,77,,9126381354577,
2026-08-18 00:01:36.997,pulse_batch,x,,,,,-3,,1940,194,194,0,77,,9126404226659,
2026-08-18 00:01:37.018,pulse_batch,x,,,,,-3,,1943,191,191,0,77,,9126424650442,
2026-08-18 00:01:37.038,pulse_batch,x,,,,,-3,,1946,188,188,0,77,,9126445342945,
2026-08-18 00:01:37.059,pulse_batch,x,,,,,-3,,1949,185,185,0,77,,9126465861005,
2026-08-18 00:01:37.079,pulse_batch,x,,,,,-3,,1952,182,182,0,77,,9126486305121,
2026-08-18 00:01:37.101,pulse_batch,x,,,,,-3,,1955,179,179,0,77,,9126507833637,
2026-08-18 00:01:37.121,pulse_batch,x,,,,,-3,,1958,176,176,0,77,,9126528458585,
2026-08-18 00:01:37.142,pulse_batch,x,,,,,-3,,1961,173,173,0,77,,9126548973311,
2026-08-18 00:01:37.162,pulse_batch,x,,,,,-3,,1964,170,170,0,77,,9126569403761,
2026-08-18 00:01:37.185,pulse_batch,x,,,,,-3,,1967,167,167,0,77,,9126592585211,
2026-08-18 00:01:37.206,pulse_batch,x,,,,,-3,,1970,164,164,0,77,,9126613038123,
2026-08-18 00:01:37.226,pulse_batch,x,,,,,-3,,1973,161,161,0,77,,9126633492832,
2026-08-18 00:01:37.248,pulse_batch,x,,,,,-3,,1976,158,158,0,77,,9126655491586,
2026-08-18 00:01:37.269,pulse_batch,x,,,,,-3,,1979,155,155,0,77,,9126675977683,
2026-08-18 00:01:37.289,pulse_batch,x,,,,,-3,,1982,152,152,0,77,,9126696388151,
2026-08-18 00:01:37.311,pulse_batch,x,,,,,-3,,1985,149,149,0,77,,9126718412627,
2026-08-18 00:01:37.332,pulse_batch,x,,,,,-3,,1988,146,146,0,77,,9126739353296,
2026-08-18 00:01:37.353,pulse_batch,x,,,,,-3,,1991,143,143,0,77,,9126759801782,
2026-08-18 00:01:37.375,pulse_batch,x,,,,,-3,,1994,140,140,0,77,,9126781731777,
2026-08-18 00:01:37.397,pulse_batch,x,,,,,-3,,1997,137,137,0,77,,9126804319454,
2026-08-18 00:01:37.418,pulse_batch,x,,,,,-3,,2000,134,134,0,77,,9126824733940,
2026-08-18 00:01:37.438,pulse_batch,x,,,,,-3,,2003,131,131,0,77,,9126845324888,
2026-08-18 00:01:37.459,pulse_batch,x,,,,,-3,,2006,128,128,0,77,,9126865951170,
2026-08-18 00:01:37.479,pulse_batch,x,,,,,-3,,2009,125,125,0,77,,9126886431563,
2026-08-18 00:01:37.500,pulse_batch,x,,,,,-3,,2012,122,122,0,77,,9126906907604,
2026-08-18 00:01:37.521,pulse_batch,x,,,,,-3,,2015,119,119,0,77,,9126928079512,
2026-08-18 00:01:37.541,pulse_batch,x,,,,,-3,,2018,116,116,0,77,,9126948518702,
2026-08-18 00:01:37.562,pulse_batch,x,,,,,-3,,2021,113,113,0,77,,9126968997373,
2026-08-18 00:01:37.585,pulse_batch,x,,,,,-3,,2024,110,110,0,77,,9126991583179,
2026-08-18 00:01:37.606,pulse_batch,x,,,,,-3,,2027,107,107,0,77,,9127012414607,
2026-08-18 00:01:37.626,pulse_batch,x,,,,,-3,,2030,104,104,0,77,,9127032879204,
2026-08-18 00:01:37.648,pulse_batch,x,,,,,-3,,2033,101,101,0,77,,9127054954403,
2026-08-18 00:01:37.671,pulse_batch,x,,,,,-3,,2036,98,98,0,77,,9127077806745,
2026-08-18 00:01:37.691,pulse_batch,x,,,,,-3,,2039,95,95,0,77,,9127098315304,
2026-08-18 00:01:37.714,pulse_batch,x,,,,,-3,,2042,92,92,0,77,,9127120660038,
2026-08-18 00:01:37.735,pulse_batch,x,,,,,-3,,2045,89,89,0,77,,9127142366979,
2026-08-18 00:01:37.756,pulse_batch,x,,,,,-3,,2048,86,86,0,77,,9127162865539,
2026-08-18 00:01:37.777,pulse_batch,x,,,,,-3,,2051,83,83,0,77,,9127183929670,
2026-08-18 00:01:37.798,pulse_batch,x,,,,,-3,,2054,80,80,0,77,,9127204901190,
2026-08-18 00:01:37.819,pulse_batch,x,,,,,-3,,2057,77,77,0,77,,9127225694192,
2026-08-18 00:01:37.842,pulse_batch,x,,,,,-3,,2060,74,74,0,77,,9127248875921,
2026-08-18 00:01:37.863,pulse_batch,x,,,,,-3,,2063,71,71,0,77,,9127269898329,
2026-08-18 00:01:37.883,pulse_batch,x,,,,,-3,,2066,68,68,0,77,,9127290397722,
2026-08-18 00:01:37.904,pulse_batch,x,,,,,-3,,2069,65,65,0,77,,9127311569612,
2026-08-18 00:01:37.925,pulse_batch,x,,,,,-3,,2072,62,62,0,77,,9127332158356,
2026-08-18 00:01:37.945,pulse_batch,x,,,,,-3,,2075,59,59,0,77,,9127352621990,
2026-08-18 00:01:37.966,pulse_batch,x,,,,,-3,,2078,56,56,0,77,,9127373579344,
2026-08-18 00:01:37.988,pulse_batch,x,,,,,-3,,2081,53,53,0,77,,9127394911620,
2026-08-18 00:01:38.008,pulse_batch,x,,,,,-3,,2084,50,50,0,77,,9127415380403,
2026-08-18 00:01:38.029,pulse_batch,x,,,,,-3,,2087,47,47,0,77,,9127435846648,
2026-08-18 00:01:38.053,pulse_batch,x,,,,,-3,,2090,44,44,0,77,,9127459609966,
2026-08-18 00:01:38.073,pulse_batch,x,,,,,-3,,2093,41,41,0,77,,9127480127581,
2026-08-18 00:01:38.093,pulse_batch,x,,,,,-3,,2096,38,38,0,77,,9127500577382,
2026-08-18 00:01:38.114,pulse_batch,x,,,,,-3,,2099,35,35,0,77,,9127521388014,
2026-08-18 00:01:38.135,pulse_batch,x,,,,,-3,,2102,32,32,0,77,,9127542030629,
2026-08-18 00:01:38.155,pulse_batch,x,,,,,-3,,2105,29,29,0,77,,9127562488133,
2026-08-18 00:01:38.181,pulse_batch,x,,,,,-3,,2108,26,26,0,77,,9127587794849,
2026-08-18 00:01:38.201,pulse_batch,x,,,,,-3,,2111,23,23,0,77,,9127608428779,
2026-08-18 00:01:38.222,pulse_batch,x,,,,,-3,,2114,20,20,0,77,,9127628860358,
2026-08-18 00:01:38.243,pulse_batch,x,,,,,-3,,2117,17,17,0,77,,9127649598120,
2026-08-18 00:01:38.263,pulse_batch,x,,,,,-3,,2120,14,14,0,77,,9127670225105,
2026-08-18 00:01:38.284,pulse_batch,x,,,,,-3,,2123,11,11,0,77,,9127690706313,
2026-08-18 00:01:38.305,pulse_batch,x,,,,,-3,,2126,8,8,0,77,,9127712525106,
2026-08-18 00:01:38.326,pulse_batch,x,,,,,-3,,2129,5,5,0,77,,9127733124980,
2026-08-18 00:01:38.346,pulse_batch,x,,,,,-3,,2132,2,2,0,77,,9127753565670,
2026-08-18 00:01:38.367,pulse_batch,x,,,,,-3,,2135,-1,-1,0,77,,9127774072378,
2026-08-18 00:01:38.388,pulse_batch,x,,,,,-3,,2138,-4,-4,0,77,,9127794796806,
2026-08-18 00:01:38.408,pulse_batch,x,,,,,-3,,2141,-7,-7,0,77,,9127815267181,
2026-08-18 00:01:38.429,pulse_batch,x,,,,,-3,,2144,-10,-10,0,77,,9127835713075,
2026-08-18 00:01:38.449,pulse_batch,x,,,,,-3,,2147,-13,-13,0,77,,9127856547725,
2026-08-18 00:01:38.470,pulse_batch,x,,,,,-3,,2150,-16,-16,0,77,,9127877266006,
2026-08-18 00:01:38.490,pulse_batch,x,,,,,-3,,2153,-19,-19,0,77,,9127897666196,
2026-08-18 00:01:38.513,pulse_batch,x,,,,,-3,,2156,-22,-22,0,77,,9127920403261,
2026-08-18 00:01:38.534,pulse_batch,x,,,,,-3,,2159,-25,-25,0,77,,9127941044135,
2026-08-18 00:01:38.554,pulse_batch,x,,,,,-3,,2162,-28,-28,0,77,,9127961474344,
2026-08-18 00:01:38.577,pulse_batch,x,,,,,-3,,2165,-31,-31,0,77,,9127983955965,
2026-08-18 00:01:38.598,pulse_batch,x,,,,,-3,,2168,-34,-34,0,77,,9128004840597,
2026-08-18 00:01:38.618,pulse_batch,x,,,,,-3,,2171,-37,-37,0,77,,9128025244361,
2026-08-18 00:01:38.639,pulse_batch,x,,,,,-3,,2174,-40,-40,0,77,,9128046144789,
2026-08-18 00:01:38.663,pulse_batch,x,,,,,-3,,2177,-43,-43,0,77,,9128069817274,
2026-08-18 00:01:38.683,pulse_batch,x,,,,,-3,,2180,-46,-46,0,77,,9128090223890,
2026-08-18 00:01:38.705,pulse_batch,x,,,,,-3,,2183,-49,-49,0,77,,9128112353347,
2026-08-18 00:01:38.708,continuous_stop,x,,,,,,-1,2183,-49,-49,0,77,,9128115684494,
2026-08-18 00:01:39.372,continuous_start,x,,,,,,-1,2183,-49,-49,0,77,,9128779125497,
2026-08-18 00:01:39.376,pulse_batch,x,,,,,-1,,2184,-50,-50,0,77,,9128782901307,
2026-08-18 00:01:39.396,pulse_batch,x,,,,,-3,,2187,-53,-53,0,77,,9128803504774,
2026-08-18 00:01:39.417,pulse_batch,x,,,,,-3,,2190,-56,-56,0,77,,9128823915945,
2026-08-18 00:01:39.438,pulse_batch,x,,,,,-3,,2193,-59,-59,0,77,,9128845226667,
2026-08-18 00:01:39.463,pulse_batch,x,,,,,-3,,2196,-62,-62,0,77,,9128869803776,
2026-08-18 00:01:39.483,pulse_batch,x,,,,,-3,,2199,-65,-65,0,77,,9128890272651,
2026-08-18 00:01:39.504,pulse_batch,x,,,,,-3,,2202,-68,-68,0,77,,9128911283004,
2026-08-18 00:01:39.508,continuous_stop,x,,,,,,-1,2202,-68,-68,0,77,,9128914739650,
2026-08-18 00:01:40.441,continuous_start,y,,,,,,-1,614,-556,-544,0,4,,9129848204932,
2026-08-18 00:01:40.445,pulse_batch,y,,,,,-1,,615,-557,-545,0,4,,9129851922113,
2026-08-18 00:01:40.466,pulse_batch,y,,,,,-3,,618,-560,-548,0,4,,9129873511352,
2026-08-18 00:01:40.487,pulse_batch,y,,,,,-3,,621,-563,-551,0,4,,9129893921487,
2026-08-18 00:01:40.511,pulse_batch,y,,,,,-3,,624,-566,-554,0,4,,9129917987692,
2026-08-18 00:01:40.532,pulse_batch,y,,,,,-3,,627,-569,-557,0,4,,9129938941360,
2026-08-18 00:01:40.552,pulse_batch,y,,,,,-3,,630,-572,-560,0,4,,9129959382976,
2026-08-18 00:01:40.574,pulse_batch,y,,,,,-3,,633,-575,-563,0,4,,9129981295713,
2026-08-18 00:01:40.595,pulse_batch,y,,,,,-3,,636,-578,-566,0,4,,9130001915661,
2026-08-18 00:01:40.615,pulse_batch,y,,,,,-3,,639,-581,-569,0,4,,9130022372462,
2026-08-18 00:01:40.637,pulse_batch,y,,,,,-3,,642,-584,-572,0,4,,9130044401642,
2026-08-18 00:01:40.659,pulse_batch,y,,,,,-3,,645,-587,-575,0,4,,9130066388027,
2026-08-18 00:01:40.680,pulse_batch,y,,,,,-3,,648,-590,-578,0,4,,9130086838846,
2026-08-18 00:01:40.700,pulse_batch,y,,,,,-3,,651,-593,-581,0,4,,9130107573775,
2026-08-18 00:01:40.711,pulse_batch,y,,,,,-1,,652,-594,-582,0,4,,9130117993508,
2026-08-18 00:01:40.711,continuous_stop,y,,,,,,-1,652,-594,-582,0,4,,9130118250895,
2026-08-18 00:01:41.108,continuous_start,y,,,,,,-1,652,-594,-582,0,4,,9130514656625,
2026-08-18 00:01:41.111,pulse_batch,y,,,,,-1,,653,-595,-583,0,4,,9130518216232,
2026-08-18 00:01:41.132,pulse_batch,y,,,,,-3,,656,-598,-586,0,4,,9130538805866,
2026-08-18 00:01:41.152,pulse_batch,y,,,,,-3,,659,-601,-589,0,4,,9130559233353,
2026-08-18 00:01:41.173,pulse_batch,y,,,,,-3,,662,-604,-592,0,4,,9130579806079,
2026-08-18 00:01:41.193,pulse_batch,y,,,,,-3,,665,-607,-595,0,4,,9130600329824,
2026-08-18 00:01:41.214,pulse_batch,y,,,,,-3,,668,-610,-598,0,4,,9130620861903,
2026-08-18 00:01:41.234,pulse_batch,y,,,,,-3,,671,-613,-601,0,4,,9130641374000,
2026-08-18 00:01:41.255,pulse_batch,y,,,,,-3,,674,-616,-604,0,4,,9130662484538,
2026-08-18 00:01:41.276,pulse_batch,y,,,,,-3,,677,-619,-607,0,4,,9130682970116,
2026-08-18 00:01:41.296,pulse_batch,y,,,,,-3,,680,-622,-610,0,4,,9130703422769,
2026-08-18 00:01:41.317,pulse_batch,y,,,,,-3,,683,-625,-613,0,4,,9130724122717,
2026-08-18 00:01:41.337,pulse_batch,y,,,,,-3,,686,-628,-616,0,4,,9130744599463,
2026-08-18 00:01:41.358,pulse_batch,y,,,,,-3,,689,-631,-619,0,4,,9130765004579,
2026-08-18 00:01:41.375,pulse_batch,y,,,,,-2,,691,-633,-621,0,4,,9130782483713,
2026-08-18 00:01:41.376,continuous_stop,y,,,,,,-1,691,-633,-621,0,4,,9130782765674,
2026-08-18 00:01:41.708,continuous_start,y,,,,,,-1,691,-633,-621,0,4,,9131114701705,
2026-08-18 00:01:41.711,pulse_batch,y,,,,,-1,,692,-634,-622,0,4,,9131118428701,
2026-08-18 00:01:41.732,pulse_batch,y,,,,,-3,,695,-637,-625,0,4,,9131139197445,
2026-08-18 00:01:41.753,pulse_batch,y,,,,,-3,,698,-640,-628,0,4,,9131159878652,
2026-08-18 00:01:41.773,pulse_batch,y,,,,,-3,,701,-643,-631,0,4,,9131180457452,
2026-08-18 00:01:41.796,pulse_batch,y,,,,,-3,,704,-646,-634,0,4,,9131203015833,
2026-08-18 00:01:41.816,pulse_batch,y,,,,,-3,,707,-649,-637,0,4,,9131223474690,
2026-08-18 00:01:41.838,pulse_batch,y,,,,,-3,,710,-652,-640,0,4,,9131245035429,
2026-08-18 00:01:41.841,continuous_stop,y,,,,,,-1,710,-652,-640,0,4,,9131248626518,
2026-08-18 00:01:42.242,continuous_start,y,,,,,,-1,710,-652,-640,0,4,,9131648785078,
2026-08-18 00:01:42.245,pulse_batch,y,,,,,-1,,711,-653,-641,0,4,,9131652533481,
2026-08-18 00:01:42.266,pulse_batch,y,,,,,-3,,714,-656,-644,0,4,,9131673081634,
2026-08-18 00:01:42.286,pulse_batch,y,,,,,-3,,717,-659,-647,0,4,,9131693506843,
2026-08-18 00:01:42.307,pulse_batch,y,,,,,-3,,720,-662,-650,0,4,,9131714099698,
2026-08-18 00:01:42.328,pulse_batch,y,,,,,-3,,723,-665,-653,0,4,,9131734636518,
2026-08-18 00:01:42.348,pulse_batch,y,,,,,-3,,726,-668,-656,0,4,,9131755094430,
2026-08-18 00:01:42.369,pulse_batch,y,,,,,-3,,729,-671,-659,0,4,,9131775721971,
2026-08-18 00:01:42.379,pulse_batch,y,,,,,-1,,730,-672,-660,0,4,,9131786051427,
2026-08-18 00:01:42.379,continuous_stop,y,,,,,,-1,730,-672,-660,0,4,,9131786323888,
2026-08-18 00:01:43.513,continuous_start,y,,,,,,1,730,-672,-660,0,4,,9132919696981,
2026-08-18 00:01:43.516,pulse_batch,y,,,,,1,,731,-671,-660,1,4,,9132923398125,
2026-08-18 00:01:43.537,pulse_batch,y,,,,,3,,734,-668,-660,4,4,,9132943979722,
2026-08-18 00:01:43.557,pulse_batch,y,,,,,3,,737,-665,-657,4,4,,9132964429764,
2026-08-18 00:01:43.579,pulse_batch,y,,,,,3,,740,-662,-654,4,4,,9132985984725,
2026-08-18 00:01:43.599,pulse_batch,y,,,,,3,,743,-659,-651,4,4,,9133006511396,
2026-08-18 00:01:43.620,pulse_batch,y,,,,,3,,746,-656,-648,4,4,,9133026988124,
2026-08-18 00:01:43.643,pulse_batch,y,,,,,3,,749,-653,-645,4,4,,9133047584628,
2026-08-18 00:01:43.651,pulse_batch,y,,,,,1,,750,-652,-644,4,4,,9133057878176,
2026-08-18 00:01:43.651,continuous_stop,y,,,,,,1,750,-652,-644,4,4,,9133058193767,
2026-08-18 00:01:44.714,continuous_start,x,,,,,,1,2202,-68,-68,0,77,,9134120672760,
2026-08-18 00:01:44.717,pulse_batch,x,,,,,1,,2203,-67,-68,1,77,,9134124314404,
2026-08-18 00:01:44.738,pulse_batch,x,,,,,3,,2206,-64,-68,4,77,,9134144820261,
2026-08-18 00:01:44.758,pulse_batch,x,,,,,3,,2209,-61,-68,7,77,,9134165306099,
2026-08-18 00:01:44.781,pulse_batch,x,,,,,3,,2212,-58,-68,10,77,,9134187635981,
2026-08-18 00:01:44.801,pulse_batch,x,,,,,3,,2215,-55,-68,13,77,,9134208135227,
2026-08-18 00:01:44.821,pulse_batch,x,,,,,3,,2218,-52,-68,16,77,,9134228580251,
2026-08-18 00:01:44.843,pulse_batch,x,,,,,3,,2221,-49,-68,19,77,,9134250378433,
2026-08-18 00:01:44.847,continuous_stop,x,,,,,,1,2221,-49,-68,19,77,,9134253929504,
2026-08-18 00:01:45.179,continuous_start,x,,,,,,1,2221,-49,-68,19,77,,9134586608627,
2026-08-18 00:01:45.183,pulse_batch,x,,,,,1,,2222,-48,-68,20,77,,9134590256457,
2026-08-18 00:01:45.204,pulse_batch,x,,,,,3,,2225,-45,-68,23,77,,9134611134478,
2026-08-18 00:01:45.224,pulse_batch,x,,,,,3,,2228,-42,-68,26,77,,9134631545650,
2026-08-18 00:01:45.247,pulse_batch,x,,,,,3,,2231,-39,-68,29,77,,9134654225512,
2026-08-18 00:01:45.268,pulse_batch,x,,,,,3,,2234,-36,-68,32,77,,9134674691906,
2026-08-18 00:01:45.288,pulse_batch,x,,,,,3,,2237,-33,-68,35,77,,9134695259781,
2026-08-18 00:01:45.312,pulse_batch,x,,,,,3,,2240,-30,-68,38,77,,9134718880618,
2026-08-18 00:01:45.315,continuous_stop,x,,,,,,1,2240,-30,-68,38,77,,9134722318672,
2026-08-18 00:01:45.728,continuous_start,x,,,,,,1,2240,-30,-68,38,77,,9135134733533,
2026-08-18 00:01:45.731,pulse_batch,x,,,,,1,,2241,-29,-68,39,77,,9135138617824,
2026-08-18 00:01:45.752,pulse_batch,x,,,,,3,,2244,-26,-68,42,77,,9135159134884,
2026-08-18 00:01:45.773,pulse_batch,x,,,,,3,,2247,-23,-68,45,77,,9135180110793,
2026-08-18 00:01:45.786,pulse_batch,x,,,,,1,,2248,-22,-68,46,77,,9135193303121,
2026-08-18 00:01:45.786,continuous_stop,x,,,,,,1,2248,-22,-68,46,77,,9135193541286,
2026-08-18 00:01:46.247,continuous_start,x,,,,,,1,2248,-22,-68,46,77,,9135654545833,
2026-08-18 00:01:46.251,pulse_batch,x,,,,,1,,2249,-21,-68,47,77,,9135658161885,
2026-08-18 00:01:46.272,pulse_batch,x,,,,,3,,2252,-18,-68,50,77,,9135678776519,
2026-08-18 00:01:46.292,pulse_batch,x,,,,,3,,2255,-15,-68,53,77,,9135699277487,
2026-08-18 00:01:46.312,pulse_batch,x,,,,,2,,2257,-13,-68,55,77,,9135719253644,
2026-08-18 00:01:46.312,continuous_stop,x,,,,,,1,2257,-13,-68,55,77,,9135719628475,
2026-08-18 00:01:46.782,continuous_start,x,,,,,,1,2257,-13,-68,55,77,,9136188972269,
2026-08-18 00:01:46.786,pulse_batch,x,,,,,1,,2258,-12,-68,56,77,,9136192712153,
2026-08-18 00:01:46.806,pulse_batch,x,,,,,3,,2261,-9,-68,59,77,,9136213308435,
2026-08-18 00:01:46.827,pulse_batch,x,,,,,3,,2264,-6,-68,62,77,,9136233725848,
2026-08-18 00:01:46.847,pulse_batch,x,,,,,3,,2267,-3,-68,65,77,,9136254268927,
2026-08-18 00:01:46.851,continuous_stop,x,,,,,,1,2267,-3,-68,65,77,,9136257723165,
2026-08-18 00:01:47.313,continuous_start,x,,,,,,1,2267,-3,-68,65,77,,9136720168317,
2026-08-18 00:01:47.317,pulse_batch,x,,,,,1,,2268,-2,-68,66,77,,9136723816388,
2026-08-18 00:01:47.337,pulse_batch,x,,,,,3,,2271,1,-68,69,77,,9136744348078,
2026-08-18 00:01:47.358,pulse_batch,x,,,,,3,,2274,4,-68,72,77,,9136764780102,
2026-08-18 00:01:47.380,pulse_batch,x,,,,,3,,2277,7,-68,75,77,,9136787047911,
2026-08-18 00:01:47.383,continuous_stop,x,,,,,,1,2277,7,-68,75,77,,9136790475649,
2026-08-18 00:01:47.847,continuous_start,x,,,,,,1,2277,7,-68,75,77,,9137254277090,
2026-08-18 00:01:47.851,pulse_batch,x,,,,,1,,2278,8,-68,76,77,,9137257860327,
2026-08-18 00:01:47.874,pulse_batch,x,,,,,3,,2281,11,-66,77,77,,9137280721151,
2026-08-18 00:01:47.894,pulse_batch,x,,,,,3,,2284,14,-63,77,77,,9137301145823,
2026-08-18 00:01:47.912,pulse_batch,x,,,,,2,,2286,16,-61,77,77,,9137318312904,
2026-08-18 00:01:47.912,continuous_stop,x,,,,,,1,2286,16,-61,77,77,,9137319178788,
2026-08-18 00:01:48.580,continuous_start,x,,,,,,1,2286,16,-61,77,77,,9137987505154,
2026-08-18 00:01:48.584,pulse_batch,x,,,,,1,,2287,17,-60,77,77,,9137991168836,
2026-08-18 00:01:48.605,pulse_batch,x,,,,,3,,2290,20,-57,77,77,,9138011695618,
2026-08-18 00:01:48.625,pulse_batch,x,,,,,3,,2293,23,-54,77,77,,9138032166364,
2026-08-18 00:01:48.646,pulse_batch,x,,,,,3,,2296,26,-51,77,77,,9138052873961,
2026-08-18 00:01:48.649,continuous_stop,x,,,,,,1,2296,26,-51,77,77,,9138056356829,
2026-08-18 00:01:49.115,continuous_start,x,,,,,,1,2296,26,-51,77,77,,9138521917983,
2026-08-18 00:01:49.118,pulse_batch,x,,,,,1,,2297,27,-50,77,77,,9138525602090,
2026-08-18 00:01:49.139,pulse_batch,x,,,,,3,,2300,30,-47,77,77,,9138546220946,
2026-08-18 00:01:49.159,pulse_batch,x,,,,,3,,2303,33,-44,77,77,,9138566622563,
2026-08-18 00:01:49.180,pulse_batch,x,,,,,3,,2306,36,-41,77,77,,9138587166161,
2026-08-18 00:01:49.201,pulse_batch,x,,,,,3,,2309,39,-38,77,77,,9138607756443,
2026-08-18 00:01:49.221,pulse_batch,x,,,,,3,,2312,42,-35,77,77,,9138628263263,
2026-08-18 00:01:49.242,pulse_batch,x,,,,,3,,2315,45,-32,77,77,,9138648957267,
2026-08-18 00:01:49.248,continuous_stop,x,,,,,,1,2315,45,-32,77,77,,9138655418932,
2026-08-18 00:01:49.649,continuous_start,x,,,,,,1,2315,45,-32,77,77,,9139056495960,
2026-08-18 00:01:49.657,pulse_batch,x,,,,,1,,2316,46,-31,77,77,,9139063542102,
2026-08-18 00:01:49.677,pulse_batch,x,,,,,3,,2319,49,-28,77,77,,9139083998608,
2026-08-18 00:01:49.697,pulse_batch,x,,,,,3,,2322,52,-25,77,77,,9139104420576,
2026-08-18 00:01:49.715,pulse_batch,x,,,,,2,,2324,54,-23,77,77,,9139122555059,
2026-08-18 00:01:49.716,continuous_stop,x,,,,,,1,2324,54,-23,77,77,,9139122857742,
2026-08-18 00:01:50.115,continuous_start,x,,,,,,1,2324,54,-23,77,77,,9139522525372,
2026-08-18 00:01:50.119,pulse_batch,x,,,,,1,,2325,55,-22,77,77,,9139526158406,
2026-08-18 00:01:50.140,pulse_batch,x,,,,,3,,2328,58,-19,77,77,,9139546699096,
2026-08-18 00:01:50.160,pulse_batch,x,,,,,3,,2331,61,-16,77,77,,9139567087120,
2026-08-18 00:01:50.181,pulse_batch,x,,,,,3,,2334,64,-13,77,77,,9139587716273,
2026-08-18 00:01:50.201,pulse_batch,x,,,,,3,,2337,67,-10,77,77,,9139608199834,
2026-08-18 00:01:50.221,pulse_batch,x,,,,,3,,2340,70,-7,77,77,,9139628630543,
2026-08-18 00:01:50.243,pulse_batch,x,,,,,3,,2343,73,-4,77,77,,9139649809915,
2026-08-18 00:01:50.253,pulse_batch,x,,,,,1,,2344,74,-3,77,77,,9139660157963,
2026-08-18 00:01:50.253,continuous_stop,x,,,,,,1,2344,74,-3,77,77,,9139660424165,
2026-08-18 00:01:51.450,continuous_start,x,,,,,,-1,2344,74,-3,77,77,,9140857273906,
2026-08-18 00:01:51.454,pulse_batch,x,,,,,-1,,2345,73,-3,76,77,,9140861028680,
2026-08-18 00:01:51.474,pulse_batch,x,,,,,-3,,2348,70,-3,73,77,,9140881538166,
2026-08-18 00:01:51.495,pulse_batch,x,,,,,-3,,2351,67,-3,70,77,,9140901947728,
2026-08-18 00:01:51.515,pulse_batch,x,,,,,-3,,2354,64,-3,67,77,,9140922548047,
2026-08-18 00:01:51.536,pulse_batch,x,,,,,-3,,2357,61,-3,64,77,,9140943049405,
2026-08-18 00:01:51.556,pulse_batch,x,,,,,-3,,2360,58,-3,61,77,,9140963537966,
2026-08-18 00:01:51.577,pulse_batch,x,,,,,-3,,2363,55,-3,58,77,,9140984376247,
2026-08-18 00:01:51.598,pulse_batch,x,,,,,-3,,2366,52,-3,55,77,,9141005453619,
2026-08-18 00:01:51.619,pulse_batch,x,,,,,-3,,2369,49,-3,52,77,,9141025891551,
2026-08-18 00:01:51.639,pulse_batch,x,,,,,-3,,2372,46,-3,49,77,,9141046301593,
2026-08-18 00:01:51.661,pulse_batch,x,,,,,-3,,2375,43,-3,46,77,,9141068564718,
2026-08-18 00:01:51.682,pulse_batch,x,,,,,-3,,2378,40,-3,43,77,,9141089066482,
2026-08-18 00:01:51.702,pulse_batch,x,,,,,-3,,2381,37,-3,40,77,,9141109463840,
2026-08-18 00:01:51.725,pulse_batch,x,,,,,-3,,2384,34,-3,37,77,,9141131874519,
2026-08-18 00:01:51.745,pulse_batch,x,,,,,-3,,2387,31,-3,34,77,,9141152512931,
2026-08-18 00:01:51.766,pulse_batch,x,,,,,-3,,2390,28,-3,31,77,,9141172952363,
2026-08-18 00:01:51.788,pulse_batch,x,,,,,-3,,2393,25,-3,28,77,,9141195067858,
2026-08-18 00:01:51.808,pulse_batch,x,,,,,-3,,2396,22,-3,25,77,,9141215604808,
2026-08-18 00:01:51.829,pulse_batch,x,,,,,-3,,2399,19,-3,22,77,,9141236069406,
2026-08-18 00:01:51.851,pulse_batch,x,,,,,-3,,2402,16,-3,19,77,,9141258202087,
2026-08-18 00:01:51.872,pulse_batch,x,,,,,-3,,2405,13,-3,16,77,,9141279618901,
2026-08-18 00:01:51.893,pulse_batch,x,,,,,-3,,2408,10,-3,13,77,,9141300216239,
2026-08-18 00:01:51.914,pulse_batch,x,,,,,-3,,2411,7,-3,10,77,,9141320888447,
2026-08-18 00:01:51.937,pulse_batch,x,,,,,-3,,2414,4,-3,7,77,,9141344158714,
2026-08-18 00:01:51.957,pulse_batch,x,,,,,-3,,2417,1,-3,4,77,,9141364624312,
2026-08-18 00:01:51.978,pulse_batch,x,,,,,-3,,2420,-2,-3,1,77,,9141385140947,
2026-08-18 00:01:51.990,pulse_batch,x,,,,,-1,,2421,-3,-3,0,77,,9141397581575,
2026-08-18 00:01:51.991,continuous_stop,x,,,,,,-1,2421,-3,-3,0,77,,9141397864573,
2026-08-18 00:01:52.387,continuous_start,x,,,,,,-1,2421,-3,-3,0,77,,9141794479022,
2026-08-18 00:01:52.391,pulse_batch,x,,,,,-1,,2422,-4,-4,0,77,,9141798213795,
2026-08-18 00:01:52.412,pulse_batch,x,,,,,-3,,2425,-7,-7,0,77,,9141818708301,
2026-08-18 00:01:52.432,pulse_batch,x,,,,,-3,,2428,-10,-10,0,77,,9141839133566,
2026-08-18 00:01:52.453,pulse_batch,x,,,,,-3,,2431,-13,-13,0,77,,9141860186198,
2026-08-18 00:01:52.474,pulse_batch,x,,,,,-3,,2434,-16,-16,0,77,,9141880790054,
2026-08-18 00:01:52.494,pulse_batch,x,,,,,-3,,2437,-19,-19,0,77,,9141901240523,
2026-08-18 00:01:52.515,pulse_batch,x,,,,,-3,,2440,-22,-22,0,77,,9141922133582,
2026-08-18 00:01:52.518,continuous_stop,x,,,,,,-1,2440,-22,-22,0,77,,9141925622283,
2026-08-18 00:01:52.919,continuous_start,x,,,,,,-1,2440,-22,-22,0,77,,9142325930098,
2026-08-18 00:01:52.922,pulse_batch,x,,,,,-1,,2441,-23,-23,0,77,,9142329649946,
2026-08-18 00:01:52.943,pulse_batch,x,,,,,-3,,2444,-26,-26,0,77,,9142350233284,
2026-08-18 00:01:52.963,pulse_batch,x,,,,,-3,,2447,-29,-29,0,77,,9142370626253,
2026-08-18 00:01:52.985,pulse_batch,x,,,,,-3,,2450,-32,-32,0,77,,9142391975809,
2026-08-18 00:01:53.005,pulse_batch,x,,,,,-3,,2453,-35,-35,0,77,,9142412379167,
2026-08-18 00:01:53.026,pulse_batch,x,,,,,-3,,2456,-38,-38,0,77,,9142432970097,
2026-08-18 00:01:53.046,pulse_batch,x,,,,,-3,,2459,-41,-41,0,77,,9142453532565,
2026-08-18 00:01:53.050,continuous_stop,x,,,,,,-1,2459,-41,-41,0,77,,9142457303894,
2026-08-18 00:01:53.519,continuous_start,x,,,,,,-1,2459,-41,-41,0,77,,9142926311814,
2026-08-18 00:01:53.523,pulse_batch,x,,,,,-1,,2460,-42,-42,0,77,,9142929996032,
2026-08-18 00:01:53.526,continuous_stop,x,,,,,,-1,2460,-42,-42,0,77,,9142933409252,
2026-08-18 00:01:54.386,continuous_start,x,,,,,,-1,2460,-42,-42,0,77,,9143793563433,
2026-08-18 00:01:54.390,pulse_batch,x,,,,,-1,,2461,-43,-43,0,77,,9143797190745,
2026-08-18 00:01:54.411,pulse_batch,x,,,,,-3,,2464,-46,-46,0,77,,9143817822601,
2026-08-18 00:01:54.431,pulse_batch,x,,,,,-3,,2467,-49,-49,0,77,,9143838247385,
2026-08-18 00:01:54.453,pulse_batch,x,,,,,-3,,2470,-52,-52,0,77,,9143860392122,
2026-08-18 00:01:54.457,continuous_stop,x,,,,,,-1,2470,-52,-52,0,77,,9143863817082,
2026-08-18 00:01:57.791,target_start,x,0,stored,,,,,,-52,-52,0,77,0,,
2026-08-18 00:01:57.791,target_start,y,0,stored,,,,,,-652,-644,4,4,0,,
2026-08-18 00:01:57.791,approach_source_start,x,0,stored,,,,-1,,-52,-52,0,77,87,,
2026-08-18 00:01:57.791,approach_source_start,y,0,stored,,,,-1,,-652,-644,4,4,14,,
2026-08-18 00:01:57.794,move_start,x,,,1,216,,1,2470,-52,-52,0,77,,9147200937461,
2026-08-18 00:01:57.794,move_start,y,,,1,658,,1,750,-652,-644,4,4,,9147201152034,
2026-08-18 00:01:57.798,pulse_batch,x,,,,,1,,2471,-51,-52,1,77,,9147204835585,
2026-08-18 00:01:57.798,pulse_batch,y,,,,,1,,751,-651,-643,4,4,,9147204883604,
2026-08-18 00:01:57.819,pulse_batch,y,,,,,3,,754,-648,-640,4,4,,9147225722978,
2026-08-18 00:01:57.819,pulse_batch,x,,,,,3,,2474,-48,-52,4,77,,9147226561862,
2026-08-18 00:01:57.839,pulse_batch,y,,,,,3,,757,-645,-637,4,4,,9147246221224,
2026-08-18 00:01:57.840,pulse_batch,x,,,,,3,,2477,-45,-52,7,77,,9147247051238,
2026-08-18 00:01:57.860,pulse_batch,y,,,,,3,,760,-642,-634,4,4,,9147267076228,
2026-08-18 00:01:57.860,pulse_batch,x,,,,,3,,2480,-42,-52,10,77,,9147267605614,
2026-08-18 00:01:57.881,pulse_batch,y,,,,,3,,763,-639,-631,4,4,,9147287696548,
2026-08-18 00:01:57.881,pulse_batch,x,,,,,3,,2483,-39,-52,13,77,,9147288133082,
2026-08-18 00:01:57.903,pulse_batch,x,,,,,3,,2486,-36,-52,16,77,,9147310542928,
2026-08-18 00:01:57.904,pulse_batch,y,,,,,3,,766,-636,-628,4,4,,9147310737316,
2026-08-18 00:01:57.924,pulse_batch,y,,,,,3,,769,-633,-625,4,4,,9147331229359,
2026-08-18 00:01:57.924,pulse_batch,x,,,,,3,,2489,-33,-52,19,77,,9147331132619,
2026-08-18 00:01:57.945,pulse_batch,x,,,,,3,,2492,-30,-52,22,77,,9147352379620,
2026-08-18 00:01:57.947,pulse_batch,y,,,,,3,,772,-630,-622,4,4,,9147352492008,
2026-08-18 00:01:57.966,pulse_batch,x,,,,,3,,2495,-27,-52,25,77,,9147372899255,
2026-08-18 00:01:57.966,pulse_batch,y,,,,,3,,775,-627,-619,4,4,,9147373036606,
2026-08-18 00:01:57.986,pulse_batch,x,,,,,3,,2498,-24,-52,28,77,,9147393417687,
2026-08-18 00:01:57.987,pulse_batch,y,,,,,3,,778,-624,-616,4,4,,9147393872129,
2026-08-18 00:01:58.008,pulse_batch,y,,,,,3,,781,-621,-613,4,4,,9147415381239,
2026-08-18 00:01:58.008,pulse_batch,x,,,,,3,,2501,-21,-52,31,77,,9147415660515,
2026-08-18 00:01:58.029,pulse_batch,x,,,,,3,,2504,-18,-52,34,77,,9147436333724,
2026-08-18 00:01:58.029,pulse_batch,y,,,,,3,,784,-618,-610,4,4,,9147436420798,
2026-08-18 00:01:58.050,pulse_batch,x,,,,,3,,2507,-15,-52,37,77,,9147456981710,
2026-08-18 00:01:58.050,pulse_batch,y,,,,,3,,787,-615,-607,4,4,,9147457214394,
2026-08-18 00:01:58.073,pulse_batch,x,,,,,3,,2510,-12,-52,40,77,,9147479737499,
2026-08-18 00:01:58.073,pulse_batch,y,,,,,3,,790,-612,-604,4,4,,9147479986368,
2026-08-18 00:01:58.094,pulse_batch,y,,,,,3,,793,-609,-601,4,4,,9147500601762,
2026-08-18 00:01:58.094,pulse_batch,x,,,,,3,,2513,-9,-52,43,77,,9147500853760,
2026-08-18 00:01:58.114,pulse_batch,y,,,,,3,,796,-606,-598,4,4,,9147521156416,
2026-08-18 00:01:58.114,pulse_batch,x,,,,,3,,2516,-6,-52,46,77,,9147521361544,
2026-08-18 00:01:58.136,pulse_batch,y,,,,,3,,799,-603,-595,4,4,,9147543092172,
2026-08-18 00:01:58.136,pulse_batch,x,,,,,3,,2519,-3,-52,49,77,,9147542974395,
2026-08-18 00:01:58.156,pulse_batch,x,,,,,3,,2522,0,-52,52,77,,9147563458586,
2026-08-18 00:01:58.159,pulse_batch,y,,,,,3,,802,-600,-592,4,4,,9147566415531,
2026-08-18 00:01:58.177,pulse_batch,x,,,,,3,,2525,3,-52,55,77,,9147583962018,
2026-08-18 00:01:58.180,pulse_batch,y,,,,,3,,805,-597,-589,4,4,,9147587135258,
2026-08-18 00:01:58.201,pulse_batch,x,,,,,3,,2528,6,-52,58,77,,9147607659801,
2026-08-18 00:01:58.204,pulse_batch,y,,,,,3,,808,-594,-586,4,4,,9147611033669,
2026-08-18 00:01:58.221,pulse_batch,x,,,,,3,,2531,9,-52,61,77,,9147628208195,
2026-08-18 00:01:58.224,pulse_batch,y,,,,,3,,811,-591,-583,4,4,,9147631587415,
2026-08-18 00:01:58.242,pulse_batch,x,,,,,3,,2534,12,-52,64,77,,9147648680368,
2026-08-18 00:01:58.245,pulse_batch,y,,,,,3,,814,-588,-580,4,4,,9147652072921,
2026-08-18 00:01:58.262,pulse_batch,x,,,,,3,,2537,15,-52,67,77,,9147669235707,
2026-08-18 00:01:58.266,pulse_batch,y,,,,,3,,817,-585,-577,4,4,,9147672817963,
2026-08-18 00:01:58.283,pulse_batch,x,,,,,3,,2540,18,-52,70,77,,9147690027137,
2026-08-18 00:01:58.286,pulse_batch,y,,,,,3,,820,-582,-574,4,4,,9147693293469,
2026-08-18 00:01:58.303,pulse_batch,x,,,,,3,,2543,21,-52,73,77,,9147710523846,
2026-08-18 00:01:58.307,pulse_batch,y,,,,,3,,823,-579,-571,4,4,,9147713735271,
2026-08-18 00:01:58.324,pulse_batch,x,,,,,3,,2546,24,-52,76,77,,9147731322332,
2026-08-18 00:01:58.329,pulse_batch,y,,,,,3,,826,-576,-568,4,4,,9147735958822,
2026-08-18 00:01:58.346,pulse_batch,x,,,,,3,,2549,27,-50,77,77,,9147753283181,
2026-08-18 00:01:58.350,pulse_batch,y,,,,,3,,829,-573,-565,4,4,,9147757082676,
2026-08-18 00:01:58.367,pulse_batch,x,,,,,3,,2552,30,-47,77,77,,9147773850575,
2026-08-18 00:01:58.370,pulse_batch,y,,,,,3,,832,-570,-562,4,4,,9147777589849,
2026-08-18 00:01:58.387,pulse_batch,x,,,,,3,,2555,33,-44,77,77,,9147794391784,
2026-08-18 00:01:58.391,pulse_batch,y,,,,,3,,835,-567,-559,4,4,,9147798326705,
2026-08-18 00:01:58.410,pulse_batch,x,,,,,3,,2558,36,-41,77,77,,9147817112777,
2026-08-18 00:01:58.414,pulse_batch,y,,,,,3,,838,-564,-556,4,4,,9147820707014,
2026-08-18 00:01:58.431,pulse_batch,x,,,,,3,,2561,39,-38,77,77,,9147838212538,
2026-08-18 00:01:58.434,pulse_batch,y,,,,,3,,841,-561,-553,4,4,,9147841150558,
2026-08-18 00:01:58.452,pulse_batch,x,,,,,3,,2564,42,-35,77,77,,9147859531835,
2026-08-18 00:01:58.454,pulse_batch,y,,,,,3,,844,-558,-550,4,4,,9147861639730,
2026-08-18 00:01:58.473,pulse_batch,x,,,,,3,,2567,45,-32,77,77,,9147880132285,
2026-08-18 00:01:58.476,pulse_batch,y,,,,,3,,847,-555,-547,4,4,,9147882712529,
2026-08-18 00:01:58.494,pulse_batch,x,,,,,3,,2570,48,-29,77,77,,9147900768883,
2026-08-18 00:01:58.496,pulse_batch,y,,,,,3,,850,-552,-544,4,4,,9147903234109,
2026-08-18 00:01:58.514,pulse_batch,x,,,,,3,,2573,51,-26,77,77,,9147921325185,
2026-08-18 00:01:58.517,pulse_batch,y,,,,,3,,853,-549,-541,4,4,,9147923919539,
2026-08-18 00:01:58.536,pulse_batch,x,,,,,3,,2576,54,-23,77,77,,9147942785740,
2026-08-18 00:01:58.540,pulse_batch,y,,,,,3,,856,-546,-538,4,4,,9147947058900,
2026-08-18 00:01:58.556,pulse_batch,x,,,,,3,,2579,57,-20,77,77,,9147963348561,
2026-08-18 00:01:58.561,pulse_batch,y,,,,,3,,859,-543,-535,4,4,,9147967658997,
2026-08-18 00:01:58.577,pulse_batch,x,,,,,3,,2582,60,-17,77,77,,9147984076713,
2026-08-18 00:01:58.581,pulse_batch,y,,,,,3,,862,-540,-532,4,4,,9147988139003,
2026-08-18 00:01:58.599,pulse_batch,x,,,,,3,,2585,63,-14,77,77,,9148005616231,
2026-08-18 00:01:58.602,pulse_batch,y,,,,,3,,865,-537,-529,4,4,,9148009139080,
2026-08-18 00:01:58.620,pulse_batch,x,,,,,3,,2588,66,-11,77,77,,9148026899140,
2026-08-18 00:01:58.623,pulse_batch,y,,,,,3,,868,-534,-526,4,4,,9148029738493,
2026-08-18 00:01:58.640,pulse_batch,x,,,,,3,,2591,69,-8,77,77,,9148047344257,
2026-08-18 00:01:58.643,pulse_batch,y,,,,,3,,871,-531,-523,4,4,,9148050189573,
2026-08-18 00:01:58.662,pulse_batch,x,,,,,3,,2594,72,-5,77,77,,9148068681888,
2026-08-18 00:01:58.665,pulse_batch,y,,,,,3,,874,-528,-520,4,4,,9148072255107,
2026-08-18 00:01:58.683,pulse_batch,x,,,,,3,,2597,75,-2,77,77,,9148089755760,
2026-08-18 00:01:58.686,pulse_batch,y,,,,,3,,877,-525,-517,4,4,,9148093202425,
2026-08-18 00:01:58.703,pulse_batch,x,,,,,3,,2600,78,1,77,77,,9148110212785,
2026-08-18 00:01:58.706,pulse_batch,y,,,,,3,,880,-522,-514,4,4,,9148113609061,
2026-08-18 00:01:58.724,pulse_batch,x,,,,,3,,2603,81,4,77,77,,9148131455749,
2026-08-18 00:01:58.729,pulse_batch,y,,,,,3,,883,-519,-511,4,4,,9148135970537,
2026-08-18 00:01:58.746,pulse_batch,x,,,,,3,,2606,84,7,77,77,,9148153036878,
2026-08-18 00:01:58.750,pulse_batch,y,,,,,3,,886,-516,-508,4,4,,9148157392407,
2026-08-18 00:01:58.766,pulse_batch,x,,,,,3,,2609,87,10,77,77,,9148173453681,
2026-08-18 00:01:58.771,pulse_batch,y,,,,,3,,889,-513,-505,4,4,,9148177846340,
2026-08-18 00:01:58.787,pulse_batch,x,,,,,3,,2612,90,13,77,77,,9148193931372,
2026-08-18 00:01:58.791,pulse_batch,y,,,,,3,,892,-510,-502,4,4,,9148198521437,
2026-08-18 00:01:58.807,pulse_batch,x,,,,,3,,2615,93,16,77,77,,9148214525877,
2026-08-18 00:01:58.816,pulse_batch,y,,,,,3,,895,-507,-499,4,4,,9148223243325,
2026-08-18 00:01:58.828,pulse_batch,x,,,,,3,,2618,96,19,77,77,,9148235266048,
2026-08-18 00:01:58.837,pulse_batch,y,,,,,3,,898,-504,-496,4,4,,9148243728812,
2026-08-18 00:01:58.849,pulse_batch,x,,,,,3,,2621,99,22,77,77,,9148255740406,
2026-08-18 00:01:58.857,pulse_batch,y,,,,,3,,901,-501,-493,4,4,,9148264325317,
2026-08-18 00:01:58.869,pulse_batch,x,,,,,3,,2624,102,25,77,77,,9148276359411,
2026-08-18 00:01:58.880,pulse_batch,y,,,,,3,,904,-498,-490,4,4,,9148286764775,
2026-08-18 00:01:58.890,pulse_batch,x,,,,,3,,2627,105,28,77,77,,9148297593450,
2026-08-18 00:01:58.900,pulse_batch,y,,,,,3,,907,-495,-487,4,4,,9148307233558,
2026-08-18 00:01:58.911,pulse_batch,x,,,,,3,,2630,108,31,77,77,,9148318163881,
2026-08-18 00:01:58.921,pulse_batch,y,,,,,3,,910,-492,-484,4,4,,9148328222561,
2026-08-18 00:01:58.933,pulse_batch,x,,,,,3,,2633,111,34,77,77,,9148339796010,
2026-08-18 00:01:58.943,pulse_batch,y,,,,,3,,913,-489,-481,4,4,,9148350199484,
2026-08-18 00:01:58.953,pulse_batch,x,,,,,3,,2636,114,37,77,77,,9148360540088,
2026-08-18 00:01:58.964,pulse_batch,y,,,,,3,,916,-486,-478,4,4,,9148370735601,
2026-08-18 00:01:58.974,pulse_batch,x,,,,,3,,2639,117,40,77,77,,9148381147853,
2026-08-18 00:01:58.984,pulse_batch,y,,,,,3,,919,-483,-475,4,4,,9148391610882,
2026-08-18 00:01:58.996,pulse_batch,x,,,,,3,,2642,120,43,77,77,,9148402629501,
2026-08-18 00:01:59.006,pulse_batch,y,,,,,3,,922,-480,-472,4,4,,9148412953253,
2026-08-18 00:01:59.016,pulse_batch,x,,,,,3,,2645,123,46,77,77,,9148423379320,
2026-08-18 00:01:59.027,pulse_batch,y,,,,,3,,925,-477,-469,4,4,,9148433729591,
2026-08-18 00:01:59.037,pulse_batch,x,,,,,3,,2648,126,49,77,77,,9148443914178,
2026-08-18 00:01:59.048,pulse_batch,y,,,,,3,,928,-474,-466,4,4,,9148454813242,
2026-08-18 00:01:59.058,pulse_batch,x,,,,,3,,2651,129,52,77,77,,9148465302363,
2026-08-18 00:01:59.069,pulse_batch,y,,,,,3,,931,-471,-463,4,4,,9148476487055,
2026-08-18 00:01:59.080,pulse_batch,x,,,,,3,,2654,132,55,77,77,,9148486943696,
2026-08-18 00:01:59.090,pulse_batch,y,,,,,3,,934,-468,-460,4,4,,9148497143190,
2026-08-18 00:01:59.100,pulse_batch,x,,,,,3,,2657,135,58,77,77,,9148507560127,
2026-08-18 00:01:59.111,pulse_batch,y,,,,,3,,937,-465,-457,4,4,,9148518058971,
2026-08-18 00:01:59.121,pulse_batch,x,,,,,3,,2660,138,61,77,77,,9148528452556,
2026-08-18 00:01:59.132,pulse_batch,y,,,,,3,,940,-462,-454,4,4,,9148539539415,
2026-08-18 00:01:59.143,pulse_batch,x,,,,,3,,2663,141,64,77,77,,9148549794891,
2026-08-18 00:01:59.154,pulse_batch,y,,,,,3,,943,-459,-451,4,4,,9148560667473,
2026-08-18 00:01:59.163,pulse_batch,x,,,,,3,,2666,144,67,77,77,,9148570266434,
2026-08-18 00:01:59.174,pulse_batch,y,,,,,3,,946,-456,-448,4,4,,9148581101368,
2026-08-18 00:01:59.184,pulse_batch,x,,,,,3,,2669,147,70,77,77,,9148590719570,
2026-08-18 00:01:59.196,pulse_batch,y,,,,,3,,949,-453,-445,4,4,,9148603336568,
2026-08-18 00:01:59.204,pulse_batch,x,,,,,3,,2672,150,73,77,77,,9148611278223,
2026-08-18 00:01:59.217,pulse_batch,y,,,,,3,,952,-450,-442,4,4,,9148623908684,
2026-08-18 00:01:59.225,pulse_batch,x,,,,,3,,2675,153,76,77,77,,9148631807674,
2026-08-18 00:01:59.237,pulse_batch,y,,,,,3,,955,-447,-439,4,4,,9148644382301,
2026-08-18 00:01:59.245,pulse_batch,x,,,,,3,,2678,156,79,77,77,,9148652273013,
2026-08-18 00:01:59.258,pulse_batch,y,,,,,3,,958,-444,-436,4,4,,9148665050084,
2026-08-18 00:01:59.266,pulse_batch,x,,,,,3,,2681,159,82,77,77,,9148672973203,
2026-08-18 00:01:59.280,pulse_batch,y,,,,,3,,961,-441,-433,4,4,,9148686872767,
2026-08-18 00:01:59.287,pulse_batch,x,,,,,3,,2684,162,85,77,77,,9148693811022,
2026-08-18 00:01:59.300,pulse_batch,y,,,,,3,,964,-438,-430,4,4,,9148707474069,
2026-08-18 00:01:59.304,pulse_batch,x,,,,,2,,2686,164,87,77,77,,9148710952011,
2026-08-18 00:01:59.304,move_finish,x,,,1,,,,2686,164,87,77,77,,9148711128732,
2026-08-18 00:01:59.321,pulse_batch,y,,,,,3,,967,-435,-427,4,4,,9148727994778,
2026-08-18 00:01:59.343,pulse_batch,y,,,,,3,,970,-432,-424,4,4,,9148749900961,
2026-08-18 00:01:59.364,pulse_batch,y,,,,,3,,973,-429,-421,4,4,,9148771402850,
2026-08-18 00:01:59.385,pulse_batch,y,,,,,3,,976,-426,-418,4,4,,9148791944429,
2026-08-18 00:01:59.406,pulse_batch,y,,,,,3,,979,-423,-415,4,4,,9148812725249,
2026-08-18 00:01:59.426,pulse_batch,y,,,,,3,,982,-420,-412,4,4,,9148833091848,
2026-08-18 00:01:59.447,pulse_batch,y,,,,,3,,985,-417,-409,4,4,,9148853660724,
2026-08-18 00:01:59.470,pulse_batch,y,,,,,3,,988,-414,-406,4,4,,9148876660159,
2026-08-18 00:01:59.490,pulse_batch,y,,,,,3,,991,-411,-403,4,4,,9148897219202,
2026-08-18 00:01:59.511,pulse_batch,y,,,,,3,,994,-408,-400,4,4,,9148917689097,
2026-08-18 00:01:59.533,pulse_batch,y,,,,,3,,997,-405,-397,4,4,,9148939587353,
2026-08-18 00:01:59.553,pulse_batch,y,,,,,3,,1000,-402,-394,4,4,,9148960176340,
2026-08-18 00:01:59.574,pulse_batch,y,,,,,3,,1003,-399,-391,4,4,,9148980666050,
2026-08-18 00:01:59.596,pulse_batch,y,,,,,3,,1006,-396,-388,4,4,,9149003143507,
2026-08-18 00:01:59.617,pulse_batch,y,,,,,3,,1009,-393,-385,4,4,,9149023739475,
2026-08-18 00:01:59.637,pulse_batch,y,,,,,3,,1012,-390,-382,4,4,,9149044238814,
2026-08-18 00:01:59.658,pulse_batch,y,,,,,3,,1015,-387,-379,4,4,,9149064748894,
2026-08-18 00:01:59.680,pulse_batch,y,,,,,3,,1018,-384,-376,4,4,,9149087249629,
2026-08-18 00:01:59.701,pulse_batch,y,,,,,3,,1021,-381,-373,4,4,,9149107776394,
2026-08-18 00:01:59.721,pulse_batch,y,,,,,3,,1024,-378,-370,4,4,,9149128301529,
2026-08-18 00:01:59.744,pulse_batch,y,,,,,3,,1027,-375,-367,4,4,,9149151151114,
2026-08-18 00:01:59.765,pulse_batch,y,,,,,3,,1030,-372,-364,4,4,,9149171662286,
2026-08-18 00:01:59.785,pulse_batch,y,,,,,3,,1033,-369,-361,4,4,,9149192201459,
2026-08-18 00:01:59.808,pulse_batch,y,,,,,3,,1036,-366,-358,4,4,,9149214818137,
2026-08-18 00:01:59.828,pulse_batch,y,,,,,3,,1039,-363,-355,4,4,,9149235396735,
2026-08-18 00:01:59.849,pulse_batch,y,,,,,3,,1042,-360,-352,4,4,,9149255884797,
2026-08-18 00:01:59.869,pulse_batch,y,,,,,3,,1045,-357,-349,4,4,,9149276618005,
2026-08-18 00:01:59.890,pulse_batch,y,,,,,3,,1048,-354,-346,4,4,,9149297207381,
2026-08-18 00:01:59.911,pulse_batch,y,,,,,3,,1051,-351,-343,4,4,,9149317709461,
2026-08-18 00:01:59.933,pulse_batch,y,,,,,3,,1054,-348,-340,4,4,,9149340165658,
2026-08-18 00:01:59.954,pulse_batch,y,,,,,3,,1057,-345,-337,4,4,,9149360863700,
2026-08-18 00:01:59.974,pulse_batch,y,,,,,3,,1060,-342,-334,4,4,,9149381331521,
2026-08-18 00:01:59.996,pulse_batch,y,,,,,3,,1063,-339,-331,4,4,,9149403527258,
2026-08-18 00:02:00.019,pulse_batch,y,,,,,3,,1066,-336,-328,4,4,,9149426486990,
2026-08-18 00:02:00.040,pulse_batch,y,,,,,3,,1069,-333,-325,4,4,,9149447047217,
2026-08-18 00:02:00.060,pulse_batch,y,,,,,3,,1072,-330,-322,4,4,,9149467598871,
2026-08-18 00:02:00.082,pulse_batch,y,,,,,3,,1075,-327,-319,4,4,,9149489031890,
2026-08-18 00:02:00.102,pulse_batch,y,,,,,3,,1078,-324,-316,4,4,,9149509553563,
2026-08-18 00:02:00.123,pulse_batch,y,,,,,3,,1081,-321,-313,4,4,,9149530017661,
2026-08-18 00:02:00.144,pulse_batch,y,,,,,3,,1084,-318,-310,4,4,,9149551531495,
2026-08-18 00:02:00.165,pulse_batch,y,,,,,3,,1087,-315,-307,4,4,,9149572041445,
2026-08-18 00:02:00.185,pulse_batch,y,,,,,3,,1090,-312,-304,4,4,,9149592549951,
2026-08-18 00:02:00.209,pulse_batch,y,,,,,3,,1093,-309,-301,4,4,,9149615992643,
2026-08-18 00:02:00.230,pulse_batch,y,,,,,3,,1096,-306,-298,4,4,,9149636846962,
2026-08-18 00:02:00.251,pulse_batch,y,,,,,3,,1099,-303,-295,4,4,,9149658237666,
2026-08-18 00:02:00.277,pulse_batch,y,,,,,3,,1102,-300,-292,4,4,,9149684118880,
2026-08-18 00:02:00.297,pulse_batch,y,,,,,3,,1105,-297,-289,4,4,,9149704617534,
2026-08-18 00:02:00.318,pulse_batch,y,,,,,3,,1108,-294,-286,4,4,,9149725116059,
2026-08-18 00:02:00.341,pulse_batch,y,,,,,3,,1111,-291,-283,4,4,,9149748198827,
2026-08-18 00:02:00.362,pulse_batch,y,,,,,3,,1114,-288,-280,4,4,,9149768895610,
2026-08-18 00:02:00.382,pulse_batch,y,,,,,3,,1117,-285,-277,4,4,,9149789482078,
2026-08-18 00:02:00.405,pulse_batch,y,,,,,3,,1120,-282,-274,4,4,,9149812025961,
2026-08-18 00:02:00.425,pulse_batch,y,,,,,3,,1123,-279,-271,4,4,,9149832632985,
2026-08-18 00:02:00.446,pulse_batch,y,,,,,3,,1126,-276,-268,4,4,,9149853154398,
2026-08-18 00:02:00.467,pulse_batch,y,,,,,3,,1129,-273,-265,4,4,,9149874591435,
2026-08-18 00:02:00.488,pulse_batch,y,,,,,3,,1132,-270,-262,4,4,,9149895149848,
2026-08-18 00:02:00.509,pulse_batch,y,,,,,3,,1135,-267,-259,4,4,,9149915660447,
2026-08-18 00:02:00.531,pulse_batch,y,,,,,3,,1138,-264,-256,4,4,,9149937621037,
2026-08-18 00:02:00.551,pulse_batch,y,,,,,3,,1141,-261,-253,4,4,,9149958271764,
2026-08-18 00:02:00.572,pulse_batch,y,,,,,3,,1144,-258,-250,4,4,,9149978748863,
2026-08-18 00:02:00.593,pulse_batch,y,,,,,3,,1147,-255,-247,4,4,,9149999838550,
2026-08-18 00:02:00.616,pulse_batch,y,,,,,3,,1150,-252,-244,4,4,,9150022909022,
2026-08-18 00:02:00.636,pulse_batch,y,,,,,3,,1153,-249,-241,4,4,,9150043454491,
2026-08-18 00:02:00.660,pulse_batch,y,,,,,3,,1156,-246,-238,4,4,,9150067406439,
2026-08-18 00:02:00.682,pulse_batch,y,,,,,3,,1159,-243,-235,4,4,,9150088735403,
2026-08-18 00:02:00.702,pulse_batch,y,,,,,3,,1162,-240,-232,4,4,,9150109200521,
2026-08-18 00:02:00.723,pulse_batch,y,,,,,3,,1165,-237,-229,4,4,,9150129911044,
2026-08-18 00:02:00.745,pulse_batch,y,,,,,3,,1168,-234,-226,4,4,,9150151742653,
2026-08-18 00:02:00.765,pulse_batch,y,,,,,3,,1171,-231,-223,4,4,,9150172318473,
2026-08-18 00:02:00.786,pulse_batch,y,,,,,3,,1174,-228,-220,4,4,,9150192844220,
2026-08-18 00:02:00.808,pulse_batch,y,,,,,3,,1177,-225,-217,4,4,,9150215260011,
2026-08-18 00:02:00.829,pulse_batch,y,,,,,3,,1180,-222,-214,4,4,,9150235900219,
2026-08-18 00:02:00.849,pulse_batch,y,,,,,3,,1183,-219,-211,4,4,,9150256467429,
2026-08-18 00:02:00.871,pulse_batch,y,,,,,3,,1186,-216,-208,4,4,,9150278206853,
2026-08-18 00:02:00.892,pulse_batch,y,,,,,3,,1189,-213,-205,4,4,,9150298797470,
2026-08-18 00:02:00.913,pulse_batch,y,,,,,3,,1192,-210,-202,4,4,,9150319798825,
2026-08-18 00:02:00.935,pulse_batch,y,,,,,3,,1195,-207,-199,4,4,,9150341594434,
2026-08-18 00:02:00.955,pulse_batch,y,,,,,3,,1198,-204,-196,4,4,,9150362220921,
2026-08-18 00:02:00.976,pulse_batch,y,,,,,3,,1201,-201,-193,4,4,,9150382684927,
2026-08-18 00:02:00.998,pulse_batch,y,,,,,3,,1204,-198,-190,4,4,,9150405391827,
2026-08-18 00:02:01.019,pulse_batch,y,,,,,3,,1207,-195,-187,4,4,,9150426277608,
2026-08-18 00:02:01.040,pulse_batch,y,,,,,3,,1210,-192,-184,4,4,,9150446777837,
2026-08-18 00:02:01.060,pulse_batch,y,,,,,3,,1213,-189,-181,4,4,,9150467375620,
2026-08-18 00:02:01.082,pulse_batch,y,,,,,3,,1216,-186,-178,4,4,,9150489455579,
2026-08-18 00:02:01.103,pulse_batch,y,,,,,3,,1219,-183,-175,4,4,,9150510059233,
2026-08-18 00:02:01.123,pulse_batch,y,,,,,3,,1222,-180,-172,4,4,,9150530620017,
2026-08-18 00:02:01.145,pulse_batch,y,,,,,3,,1225,-177,-169,4,4,,9150552450644,
2026-08-18 00:02:01.166,pulse_batch,y,,,,,3,,1228,-174,-166,4,4,,9150572978965,
2026-08-18 00:02:01.186,pulse_batch,y,,,,,3,,1231,-171,-163,4,4,,9150593633581,
2026-08-18 00:02:01.208,pulse_batch,y,,,,,3,,1234,-168,-160,4,4,,9150614994749,
2026-08-18 00:02:01.229,pulse_batch,y,,,,,3,,1237,-165,-157,4,4,,9150635651661,
2026-08-18 00:02:01.249,pulse_batch,y,,,,,3,,1240,-162,-154,4,4,,9150656345555,
2026-08-18 00:02:01.271,pulse_batch,y,,,,,3,,1243,-159,-151,4,4,,9150678201349,
2026-08-18 00:02:01.292,pulse_batch,y,,,,,3,,1246,-156,-148,4,4,,9150698811058,
2026-08-18 00:02:01.312,pulse_batch,y,,,,,3,,1249,-153,-145,4,4,,9150719261194,
2026-08-18 00:02:01.334,pulse_batch,y,,,,,3,,1252,-150,-142,4,4,,9150741304599,
2026-08-18 00:02:01.355,pulse_batch,y,,,,,3,,1255,-147,-139,4,4,,9150761945104,
2026-08-18 00:02:01.375,pulse_batch,y,,,,,3,,1258,-144,-136,4,4,,9150782408388,
2026-08-18 00:02:01.398,pulse_batch,y,,,,,3,,1261,-141,-133,4,4,,9150804912771,
2026-08-18 00:02:01.419,pulse_batch,y,,,,,3,,1264,-138,-130,4,4,,9150825968422,
2026-08-18 00:02:01.439,pulse_batch,y,,,,,3,,1267,-135,-127,4,4,,9150846572335,
2026-08-18 00:02:01.460,pulse_batch,y,,,,,3,,1270,-132,-124,4,4,,9150867202969,
2026-08-18 00:02:01.482,pulse_batch,y,,,,,3,,1273,-129,-121,4,4,,9150888910450,
2026-08-18 00:02:01.502,pulse_batch,y,,,,,3,,1276,-126,-118,4,4,,9150909457752,
2026-08-18 00:02:01.523,pulse_batch,y,,,,,3,,1279,-123,-115,4,4,,9150930334996,
2026-08-18 00:02:01.545,pulse_batch,y,,,,,3,,1282,-120,-112,4,4,,9150951626257,
2026-08-18 00:02:01.565,pulse_batch,y,,,,,3,,1285,-117,-109,4,4,,9150972164763,
2026-08-18 00:02:01.585,pulse_batch,y,,,,,3,,1288,-114,-106,4,4,,9150992626325,
2026-08-18 00:02:01.608,pulse_batch,y,,,,,3,,1291,-111,-103,4,4,,9151014796710,
2026-08-18 00:02:01.631,pulse_batch,y,,,,,3,,1294,-108,-100,4,4,,9151037855978,
2026-08-18 00:02:01.653,pulse_batch,y,,,,,3,,1297,-105,-97,4,4,,9151060069900,
2026-08-18 00:02:01.675,pulse_batch,y,,,,,3,,1300,-102,-94,4,4,,9151082352562,
2026-08-18 00:02:01.696,pulse_batch,y,,,,,3,,1303,-99,-91,4,4,,9151103135103,
2026-08-18 00:02:01.717,pulse_batch,y,,,,,3,,1306,-96,-88,4,4,,9151123641702,
2026-08-18 00:02:01.738,pulse_batch,y,,,,,3,,1309,-93,-85,4,4,,9151145122276,
2026-08-18 00:02:01.759,pulse_batch,y,,,,,3,,1312,-90,-82,4,4,,9151165945076,
2026-08-18 00:02:01.779,pulse_batch,y,,,,,3,,1315,-87,-79,4,4,,9151186467101,
2026-08-18 00:02:01.802,pulse_batch,y,,,,,3,,1318,-84,-76,4,4,,9151209453981,
2026-08-18 00:02:01.824,pulse_batch,y,,,,,3,,1321,-81,-73,4,4,,9151231007203,
2026-08-18 00:02:01.844,pulse_batch,y,,,,,3,,1324,-78,-70,4,4,,9151251596542,
2026-08-18 00:02:01.865,pulse_batch,y,,,,,3,,1327,-75,-67,4,4,,9151272567712,
2026-08-18 00:02:01.886,pulse_batch,y,,,,,3,,1330,-72,-64,4,4,,9151293134384,
2026-08-18 00:02:01.906,pulse_batch,y,,,,,3,,1333,-69,-61,4,4,,9151313608168,
2026-08-18 00:02:01.928,pulse_batch,y,,,,,3,,1336,-66,-58,4,4,,9151334536431,
2026-08-18 00:02:01.949,pulse_batch,y,,,,,3,,1339,-63,-55,4,4,,9151356474780,
2026-08-18 00:02:01.970,pulse_batch,y,,,,,3,,1342,-60,-52,4,4,,9151376936416,
2026-08-18 00:02:01.991,pulse_batch,y,,,,,3,,1345,-57,-49,4,4,,9151397862216,
2026-08-18 00:02:02.013,pulse_batch,y,,,,,3,,1348,-54,-46,4,4,,9151420357765,
2026-08-18 00:02:02.034,pulse_batch,y,,,,,3,,1351,-51,-43,4,4,,9151440956660,
2026-08-18 00:02:02.056,pulse_batch,y,,,,,3,,1354,-48,-40,4,4,,9151463553709,
2026-08-18 00:02:02.079,pulse_batch,y,,,,,3,,1357,-45,-37,4,4,,9151486147554,
2026-08-18 00:02:02.100,pulse_batch,y,,,,,3,,1360,-42,-34,4,4,,9151506717615,
2026-08-18 00:02:02.120,pulse_batch,y,,,,,3,,1363,-39,-31,4,4,,9151527204640,
2026-08-18 00:02:02.144,pulse_batch,y,,,,,3,,1366,-36,-28,4,4,,9151550979590,
2026-08-18 00:02:02.165,pulse_batch,y,,,,,3,,1369,-33,-25,4,4,,9151571709705,
2026-08-18 00:02:02.189,pulse_batch,y,,,,,3,,1372,-30,-22,4,4,,9151596097096,
2026-08-18 00:02:02.210,pulse_batch,y,,,,,3,,1375,-27,-19,4,4,,9151616670824,
2026-08-18 00:02:02.230,pulse_batch,y,,,,,3,,1378,-24,-16,4,4,,9151637224570,
2026-08-18 00:02:02.251,pulse_batch,y,,,,,3,,1381,-21,-13,4,4,,9151658267221,
2026-08-18 00:02:02.272,pulse_batch,y,,,,,3,,1384,-18,-10,4,4,,9151679034892,
2026-08-18 00:02:02.293,pulse_batch,y,,,,,3,,1387,-15,-7,4,4,,9151699709990,
2026-08-18 00:02:02.313,pulse_batch,y,,,,,3,,1390,-12,-4,4,4,,9151720173145,
2026-08-18 00:02:02.336,pulse_batch,y,,,,,3,,1393,-9,-1,4,4,,9151743461615,
2026-08-18 00:02:02.357,pulse_batch,y,,,,,3,,1396,-6,2,4,4,,9151764110509,
2026-08-18 00:02:02.377,pulse_batch,y,,,,,3,,1399,-3,5,4,4,,9151784617330,
2026-08-18 00:02:02.400,pulse_batch,y,,,,,3,,1402,0,8,4,4,,9151807145306,
2026-08-18 00:02:02.421,pulse_batch,y,,,,,3,,1405,3,11,4,4,,9151827848477,
2026-08-18 00:02:02.441,pulse_batch,y,,,,,3,,1408,6,14,4,4,,9151848536223,
2026-08-18 00:02:02.445,move_finish,y,,,1,,,,1408,6,14,4,4,,9151851953888,
2026-08-18 00:02:02.590,approach_source_finish,x,0,stored,,,,-1,,164,87,77,77,87,,
2026-08-18 00:02:02.590,approach_source_finish,y,0,stored,,,,-1,,6,14,4,4,14,,
2026-08-18 00:02:02.594,move_start,x,,,2,-164,,-1,2686,164,87,77,77,,9152001467469,
2026-08-18 00:02:02.596,move_start,y,,,2,-18,,-1,1408,6,14,4,4,,9152001390599,
2026-08-18 00:02:02.598,pulse_batch,x,,,,,-1,,2687,163,87,76,77,,9152005523759,
2026-08-18 00:02:02.599,pulse_batch,y,,,,,-1,,1409,5,14,3,4,,9152006342458,
2026-08-18 00:02:02.620,pulse_batch,x,,,,,-3,,2690,160,87,73,77,,9152026890538,
2026-08-18 00:02:02.620,pulse_batch,y,,,,,-3,,1412,2,14,0,4,,9152026977500,
2026-08-18 00:02:02.640,pulse_batch,x,,,,,-3,,2693,157,87,70,77,,9152047421525,
2026-08-18 00:02:02.640,pulse_batch,y,,,,,-3,,1415,-1,11,0,4,,9152047545173,
2026-08-18 00:02:02.661,pulse_batch,x,,,,,-3,,2696,154,87,67,77,,9152068026364,
2026-08-18 00:02:02.661,pulse_batch,y,,,,,-3,,1418,-4,8,0,4,,9152068143586,
2026-08-18 00:02:02.684,pulse_batch,y,,,,,-3,,1421,-7,5,0,4,,9152090817616,
2026-08-18 00:02:02.684,pulse_batch,x,,,,,-3,,2699,151,87,64,77,,9152090704394,
2026-08-18 00:02:02.704,pulse_batch,x,,,,,-3,,2702,148,87,61,77,,9152111168289,
2026-08-18 00:02:02.704,pulse_batch,y,,,,,-3,,1424,-10,2,0,4,,9152111377473,
2026-08-18 00:02:02.721,pulse_batch,y,,,,,-2,,1426,-12,0,0,4,,9152128418667,
2026-08-18 00:02:02.722,move_finish,y,,,2,,,,1426,-12,0,0,4,,9152128700221,
2026-08-18 00:02:02.724,pulse_batch,x,,,,,-3,,2705,145,87,58,77,,9152131653759,
2026-08-18 00:02:02.747,pulse_batch,x,,,,,-3,,2708,142,87,55,77,,9152154114642,
2026-08-18 00:02:02.770,pulse_batch,x,,,,,-3,,2711,139,87,52,77,,9152177504871,
2026-08-18 00:02:02.791,pulse_batch,x,,,,,-3,,2714,136,87,49,77,,9152198321783,
2026-08-18 00:02:02.814,pulse_batch,x,,,,,-3,,2717,133,87,46,77,,9152221422014,
2026-08-18 00:02:02.836,pulse_batch,x,,,,,-3,,2720,130,87,43,77,,9152242952810,
2026-08-18 00:02:02.856,pulse_batch,x,,,,,-3,,2723,127,87,40,77,,9152263518853,
2026-08-18 00:02:02.880,pulse_batch,x,,,,,-3,,2726,124,87,37,77,,9152287108804,
2026-08-18 00:02:02.901,pulse_batch,x,,,,,-3,,2729,121,87,34,77,,9152307711476,
2026-08-18 00:02:02.922,pulse_batch,x,,,,,-3,,2732,118,87,31,77,,9152329041292,
2026-08-18 00:02:02.944,pulse_batch,x,,,,,-3,,2735,115,87,28,77,,9152350967789,
2026-08-18 00:02:02.965,pulse_batch,x,,,,,-3,,2738,112,87,25,77,,9152371826849,
2026-08-18 00:02:02.989,pulse_batch,x,,,,,-3,,2741,109,87,22,77,,9152396101314,
2026-08-18 00:02:03.010,pulse_batch,x,,,,,-3,,2744,106,87,19,77,,9152416983077,
2026-08-18 00:02:03.031,pulse_batch,x,,,,,-3,,2747,103,87,16,77,,9152437870655,
2026-08-18 00:02:03.051,pulse_batch,x,,,,,-3,,2750,100,87,13,77,,9152458413661,
2026-08-18 00:02:03.073,pulse_batch,x,,,,,-3,,2753,97,87,10,77,,9152480061031,
2026-08-18 00:02:03.094,pulse_batch,x,,,,,-3,,2756,94,87,7,77,,9152500717388,
2026-08-18 00:02:03.114,pulse_batch,x,,,,,-3,,2759,91,87,4,77,,9152521190024,
2026-08-18 00:02:03.137,pulse_batch,x,,,,,-3,,2762,88,87,1,77,,9152543630666,
2026-08-18 00:02:03.157,pulse_batch,x,,,,,-3,,2765,85,85,0,77,,9152564331079,
2026-08-18 00:02:03.178,pulse_batch,x,,,,,-3,,2768,82,82,0,77,,9152584804233,
2026-08-18 00:02:03.201,pulse_batch,x,,,,,-3,,2771,79,79,0,77,,9152607696503,
2026-08-18 00:02:03.221,pulse_batch,x,,,,,-3,,2774,76,76,0,77,,9152628288398,
2026-08-18 00:02:03.242,pulse_batch,x,,,,,-3,,2777,73,73,0,77,,9152648779219,
2026-08-18 00:02:03.262,pulse_batch,x,,,,,-3,,2780,70,70,0,77,,9152669405428,
2026-08-18 00:02:03.284,pulse_batch,x,,,,,-3,,2783,67,67,0,77,,9152690719133,
2026-08-18 00:02:03.304,pulse_batch,x,,,,,-3,,2786,64,64,0,77,,9152711225195,
2026-08-18 00:02:03.325,pulse_batch,x,,,,,-3,,2789,61,61,0,77,,9152731763626,
2026-08-18 00:02:03.347,pulse_batch,x,,,,,-3,,2792,58,58,0,77,,9152753589884,
2026-08-18 00:02:03.367,pulse_batch,x,,,,,-3,,2795,55,55,0,77,,9152774145575,
2026-08-18 00:02:03.388,pulse_batch,x,,,,,-3,,2798,52,52,0,77,,9152794631618,
2026-08-18 00:02:03.410,pulse_batch,x,,,,,-3,,2801,49,49,0,77,,9152817445740,
2026-08-18 00:02:03.431,pulse_batch,x,,,,,-3,,2804,46,46,0,77,,9152838012783,
2026-08-18 00:02:03.451,pulse_batch,x,,,,,-3,,2807,43,43,0,77,,9152858508493,
2026-08-18 00:02:03.472,pulse_batch,x,,,,,-3,,2810,40,40,0,77,,9152879635903,
2026-08-18 00:02:03.493,pulse_batch,x,,,,,-3,,2813,37,37,0,77,,9152900204668,
2026-08-18 00:02:03.513,pulse_batch,x,,,,,-3,,2816,34,34,0,77,,9152920634212,
2026-08-18 00:02:03.534,pulse_batch,x,,,,,-3,,2819,31,31,0,77,,9152941346680,
2026-08-18 00:02:03.555,pulse_batch,x,,,,,-3,,2822,28,28,0,77,,9152961979129,
2026-08-18 00:02:03.575,pulse_batch,x,,,,,-3,,2825,25,25,0,77,,9152982461877,
2026-08-18 00:02:03.597,pulse_batch,x,,,,,-3,,2828,22,22,0,77,,9153004386245,
2026-08-18 00:02:03.619,pulse_batch,x,,,,,-3,,2831,19,19,0,77,,9153026113503,
2026-08-18 00:02:03.639,pulse_batch,x,,,,,-3,,2834,16,16,0,77,,9153046554843,
2026-08-18 00:02:03.660,pulse_batch,x,,,,,-3,,2837,13,13,0,77,,9153067050756,
2026-08-18 00:02:03.681,pulse_batch,x,,,,,-3,,2840,10,10,0,77,,9153088377961,
2026-08-18 00:02:03.702,pulse_batch,x,,,,,-3,,2843,7,7,0,77,,9153108841042,
2026-08-18 00:02:03.722,pulse_batch,x,,,,,-3,,2846,4,4,0,77,,9153129297085,
2026-08-18 00:02:03.745,pulse_batch,x,,,,,-3,,2849,1,1,0,77,,9153151650636,
2026-08-18 00:02:03.755,pulse_batch,x,,,,,-1,,2850,0,0,0,77,,9153161907667,
2026-08-18 00:02:03.755,move_finish,x,,,2,,,,2850,0,0,0,77,,9153162157202,
2026-08-18 00:02:03.922,target_finish,x,0,stored,,,,,,0,0,0,77,0,,ok=True
2026-08-18 00:02:03.922,target_finish,y,0,stored,,,,,,-12,0,0,4,0,,ok=True
2026-08-18 00:02:08.939,target_start,x,1,stored,,,,,,0,0,0,77,712,,
2026-08-18 00:02:08.939,target_start,y,1,stored,,,,,,-12,0,0,4,-48,,
2026-08-18 00:02:08.939,approach_source_start,x,1,stored,,,,-1,,0,0,0,77,799,,
2026-08-18 00:02:08.939,approach_source_start,y,1,stored,,,,-1,,-12,0,0,4,-34,,
2026-08-18 00:02:08.943,move_start,x,,,3,876,,1,2850,0,0,0,77,,9158350528706,
2026-08-18 00:02:08.944,move_start,y,,,3,-34,,-1,1426,-12,0,0,4,,9158350856778,
2026-08-18 00:02:08.947,pulse_batch,y,,,,,-1,,1427,-13,-1,0,4,,9158354558033,
2026-08-18 00:02:08.948,pulse_batch,x,,,,,1,,2851,1,0,1,77,,9158354864087,
2026-08-18 00:02:08.968,pulse_batch,y,,,,,-3,,1430,-16,-4,0,4,,9158375219613,
2026-08-18 00:02:08.969,pulse_batch,x,,,,,3,,2854,4,0,4,77,,9158375715981,
2026-08-18 00:02:08.989,pulse_batch,y,,,,,-3,,1433,-19,-7,0,4,,9158395663620,
2026-08-18 00:02:08.989,pulse_batch,x,,,,,3,,2857,7,0,7,77,,9158396226913,
2026-08-18 00:02:09.013,pulse_batch,x,,,,,3,,2860,10,0,10,77,,9158419846882,
2026-08-18 00:02:09.013,pulse_batch,y,,,,,-3,,1436,-22,-10,0,4,,9158419997381,
2026-08-18 00:02:09.033,pulse_batch,x,,,,,3,,2863,13,0,13,77,,9158440353204,
2026-08-18 00:02:09.036,pulse_batch,y,,,,,-3,,1439,-25,-13,0,4,,9158443223020,
2026-08-18 00:02:09.054,pulse_batch,x,,,,,3,,2866,16,0,16,77,,9158460855303,
2026-08-18 00:02:09.057,pulse_batch,y,,,,,-3,,1442,-28,-16,0,4,,9158463761582,
2026-08-18 00:02:09.076,pulse_batch,x,,,,,3,,2869,19,0,19,77,,9158482833245,
2026-08-18 00:02:09.079,pulse_batch,y,,,,,-3,,1445,-31,-19,0,4,,9158486320224,
2026-08-18 00:02:09.096,pulse_batch,x,,,,,3,,2872,22,0,22,77,,9158503528566,
2026-08-18 00:02:09.100,pulse_batch,y,,,,,-3,,1448,-34,-22,0,4,,9158506893082,
2026-08-18 00:02:09.117,pulse_batch,x,,,,,3,,2875,25,0,25,77,,9158524173590,
2026-08-18 00:02:09.120,pulse_batch,y,,,,,-3,,1451,-37,-25,0,4,,9158527355182,
2026-08-18 00:02:09.139,pulse_batch,x,,,,,3,,2878,28,0,28,77,,9158545843775,
2026-08-18 00:02:09.142,pulse_batch,y,,,,,-3,,1454,-40,-28,0,4,,9158549512105,
2026-08-18 00:02:09.160,pulse_batch,x,,,,,3,,2881,31,0,31,77,,9158566688224,
2026-08-18 00:02:09.163,pulse_batch,y,,,,,-3,,1457,-43,-31,0,4,,9158570455757,
2026-08-18 00:02:09.180,pulse_batch,x,,,,,3,,2884,34,0,34,77,,9158587139286,
2026-08-18 00:02:09.184,pulse_batch,y,,,,,-3,,1460,-46,-34,0,4,,9158590905282,
2026-08-18 00:02:09.187,move_finish,y,,,3,,,,1460,-46,-34,0,4,,9158594500705,
2026-08-18 00:02:09.201,pulse_batch,x,,,,,3,,2887,37,0,37,77,,9158607654959,
2026-08-18 00:02:09.223,pulse_batch,x,,,,,3,,2890,40,0,40,77,,9158630133917,
2026-08-18 00:02:09.244,pulse_batch,x,,,,,3,,2893,43,0,43,77,,9158651145254,
2026-08-18 00:02:09.267,pulse_batch,x,,,,,3,,2896,46,0,46,77,,9158673963247,
2026-08-18 00:02:09.292,pulse_batch,x,,,,,3,,2899,49,0,49,77,,9158698807579,
2026-08-18 00:02:09.312,pulse_batch,x,,,,,3,,2902,52,0,52,77,,9158719369863,
2026-08-18 00:02:09.333,pulse_batch,x,,,,,3,,2905,55,0,55,77,,9158740136443,
2026-08-18 00:02:09.354,pulse_batch,x,,,,,3,,2908,58,0,58,77,,9158760869374,
2026-08-18 00:02:09.374,pulse_batch,x,,,,,3,,2911,61,0,61,77,,9158781447898,
2026-08-18 00:02:09.396,pulse_batch,x,,,,,3,,2914,64,0,64,77,,9158803521710,
2026-08-18 00:02:09.417,pulse_batch,x,,,,,3,,2917,67,0,67,77,,9158824152290,
2026-08-18 00:02:09.438,pulse_batch,x,,,,,3,,2920,70,0,70,77,,9158844696482,
2026-08-18 00:02:09.458,pulse_batch,x,,,,,3,,2923,73,0,73,77,,9158865163933,
2026-08-18 00:02:09.480,pulse_batch,x,,,,,3,,2926,76,0,76,77,,9158887042321,
2026-08-18 00:02:09.501,pulse_batch,x,,,,,3,,2929,79,2,77,77,,9158907696271,
2026-08-18 00:02:09.521,pulse_batch,x,,,,,3,,2932,82,5,77,77,,9158928146518,
2026-08-18 00:02:09.543,pulse_batch,x,,,,,3,,2935,85,8,77,77,,9158950291571,
2026-08-18 00:02:09.564,pulse_batch,x,,,,,3,,2938,88,11,77,77,,9158970841929,
2026-08-18 00:02:09.584,pulse_batch,x,,,,,3,,2941,91,14,77,77,,9158991253677,
2026-08-18 00:02:09.606,pulse_batch,x,,,,,3,,2944,94,17,77,77,,9159013583487,
2026-08-18 00:02:09.627,pulse_batch,x,,,,,3,,2947,97,20,77,77,,9159034434659,
2026-08-18 00:02:09.648,pulse_batch,x,,,,,3,,2950,100,23,77,77,,9159054882054,
2026-08-18 00:02:09.670,pulse_batch,x,,,,,3,,2953,103,26,77,77,,9159076841089,
2026-08-18 00:02:09.692,pulse_batch,x,,,,,3,,2956,106,29,77,77,,9159098926401,
2026-08-18 00:02:09.712,pulse_batch,x,,,,,3,,2959,109,32,77,77,,9159119362316,
2026-08-18 00:02:09.733,pulse_batch,x,,,,,3,,2962,112,35,77,77,,9159139870878,
2026-08-18 00:02:09.754,pulse_batch,x,,,,,3,,2965,115,38,77,77,,9159160948363,
2026-08-18 00:02:09.774,pulse_batch,x,,,,,3,,2968,118,41,77,77,,9159181388036,
2026-08-18 00:02:09.795,pulse_batch,x,,,,,3,,2971,121,44,77,77,,9159201842080,
2026-08-18 00:02:09.818,pulse_batch,x,,,,,3,,2974,124,47,77,77,,9159224513500,
2026-08-18 00:02:09.838,pulse_batch,x,,,,,3,,2977,127,50,77,77,,9159244995618,
2026-08-18 00:02:09.858,pulse_batch,x,,,,,3,,2980,130,53,77,77,,9159265443810,
2026-08-18 00:02:09.881,pulse_batch,x,,,,,3,,2983,133,56,77,77,,9159287932823,
2026-08-18 00:02:09.901,pulse_batch,x,,,,,3,,2986,136,59,77,77,,9159308461792,
2026-08-18 00:02:09.922,pulse_batch,x,,,,,3,,2989,139,62,77,77,,9159328910725,
2026-08-18 00:02:09.944,pulse_batch,x,,,,,3,,2992,142,65,77,77,,9159350638632,
2026-08-18 00:02:09.964,pulse_batch,x,,,,,3,,2995,145,68,77,77,,9159371166861,
2026-08-18 00:02:09.984,pulse_batch,x,,,,,3,,2998,148,71,77,77,,9159391573535,
2026-08-18 00:02:10.008,pulse_batch,x,,,,,3,,3001,151,74,77,77,,9159415065912,
2026-08-18 00:02:10.028,pulse_batch,x,,,,,3,,3004,154,77,77,77,,9159435616437,
2026-08-18 00:02:10.049,pulse_batch,x,,,,,3,,3007,157,80,77,77,,9159456027648,
2026-08-18 00:02:10.071,pulse_batch,x,,,,,3,,3010,160,83,77,77,,9159477832147,
2026-08-18 00:02:10.091,pulse_batch,x,,,,,3,,3013,163,86,77,77,,9159498465968,
2026-08-18 00:02:10.112,pulse_batch,x,,,,,3,,3016,166,89,77,77,,9159518916030,
2026-08-18 00:02:10.137,pulse_batch,x,,,,,3,,3019,169,92,77,77,,9159544366933,
2026-08-18 00:02:10.158,pulse_batch,x,,,,,3,,3022,172,95,77,77,,9159564918977,
2026-08-18 00:02:10.178,pulse_batch,x,,,,,3,,3025,175,98,77,77,,9159585357817,
2026-08-18 00:02:10.200,pulse_batch,x,,,,,3,,3028,178,101,77,77,,9159606948299,
2026-08-18 00:02:10.224,pulse_batch,x,,,,,3,,3031,181,104,77,77,,9159631055284,
2026-08-18 00:02:10.244,pulse_batch,x,,,,,3,,3034,184,107,77,77,,9159651455032,
2026-08-18 00:02:10.265,pulse_batch,x,,,,,3,,3037,187,110,77,77,,9159672057742,
2026-08-18 00:02:10.287,pulse_batch,x,,,,,3,,3040,190,113,77,77,,9159694132647,
2026-08-18 00:02:10.308,pulse_batch,x,,,,,3,,3043,193,116,77,77,,9159714652561,
2026-08-18 00:02:10.328,pulse_batch,x,,,,,3,,3046,196,119,77,77,,9159735632916,
2026-08-18 00:02:10.349,pulse_batch,x,,,,,3,,3049,199,122,77,77,,9159756192960,
2026-08-18 00:02:10.370,pulse_batch,x,,,,,3,,3052,202,125,77,77,,9159776894910,
2026-08-18 00:02:10.390,pulse_batch,x,,,,,3,,3055,205,128,77,77,,9159797409972,
2026-08-18 00:02:10.411,pulse_batch,x,,,,,3,,3058,208,131,77,77,,9159818068329,
2026-08-18 00:02:10.432,pulse_batch,x,,,,,3,,3061,211,134,77,77,,9159838680965,
2026-08-18 00:02:10.452,pulse_batch,x,,,,,3,,3064,214,137,77,77,,9159859164046,
2026-08-18 00:02:10.474,pulse_batch,x,,,,,3,,3067,217,140,77,77,,9159881190395,
2026-08-18 00:02:10.495,pulse_batch,x,,,,,3,,3070,220,143,77,77,,9159902485620,
2026-08-18 00:02:10.516,pulse_batch,x,,,,,3,,3073,223,146,77,77,,9159922945608,
2026-08-18 00:02:10.537,pulse_batch,x,,,,,3,,3076,226,149,77,77,,9159944319128,
2026-08-18 00:02:10.558,pulse_batch,x,,,,,3,,3079,229,152,77,77,,9159964898875,
2026-08-18 00:02:10.578,pulse_batch,x,,,,,3,,3082,232,155,77,77,,9159985345604,
2026-08-18 00:02:10.599,pulse_batch,x,,,,,3,,3085,235,158,77,77,,9160005947073,
2026-08-18 00:02:10.622,pulse_batch,x,,,,,3,,3088,238,161,77,77,,9160029233249,
2026-08-18 00:02:10.643,pulse_batch,x,,,,,3,,3091,241,164,77,77,,9160049715663,
2026-08-18 00:02:10.663,pulse_batch,x,,,,,3,,3094,244,167,77,77,,9160070179522,
2026-08-18 00:02:10.685,pulse_batch,x,,,,,3,,3097,247,170,77,77,,9160091778614,
2026-08-18 00:02:10.705,pulse_batch,x,,,,,3,,3100,250,173,77,77,,9160112259232,
2026-08-18 00:02:10.726,pulse_batch,x,,,,,3,,3103,253,176,77,77,,9160132761887,
2026-08-18 00:02:10.748,pulse_batch,x,,,,,3,,3106,256,179,77,77,,9160155278808,
2026-08-18 00:02:10.769,pulse_batch,x,,,,,3,,3109,259,182,77,77,,9160176017591,
2026-08-18 00:02:10.789,pulse_batch,x,,,,,3,,3112,262,185,77,77,,9160196426524,
2026-08-18 00:02:10.811,pulse_batch,x,,,,,3,,3115,265,188,77,77,,9160218326356,
2026-08-18 00:02:10.834,pulse_batch,x,,,,,3,,3118,268,191,77,77,,9160241363551,
2026-08-18 00:02:10.855,pulse_batch,x,,,,,3,,3121,271,194,77,77,,9160261878317,
2026-08-18 00:02:10.876,pulse_batch,x,,,,,3,,3124,274,197,77,77,,9160282641692,
2026-08-18 00:02:10.896,pulse_batch,x,,,,,3,,3127,277,200,77,77,,9160303154532,
2026-08-18 00:02:10.916,pulse_batch,x,,,,,3,,3130,280,203,77,77,,9160323586577,
2026-08-18 00:02:10.938,pulse_batch,x,,,,,3,,3133,283,206,77,77,,9160344720894,
2026-08-18 00:02:10.958,pulse_batch,x,,,,,3,,3136,286,209,77,77,,9160365316752,
2026-08-18 00:02:10.979,pulse_batch,x,,,,,3,,3139,289,212,77,77,,9160385739000,
2026-08-18 00:02:10.999,pulse_batch,x,,,,,3,,3142,292,215,77,77,,9160406192878,
2026-08-18 00:02:11.021,pulse_batch,x,,,,,3,,3145,295,218,77,77,,9160428615262,
2026-08-18 00:02:11.042,pulse_batch,x,,,,,3,,3148,298,221,77,77,,9160449129250,
2026-08-18 00:02:11.062,pulse_batch,x,,,,,3,,3151,301,224,77,77,,9160469563424,
2026-08-18 00:02:11.087,pulse_batch,x,,,,,3,,3154,304,227,77,77,,9160493942148,
2026-08-18 00:02:11.107,pulse_batch,x,,,,,3,,3157,307,230,77,77,,9160514390211,
2026-08-18 00:02:11.128,pulse_batch,x,,,,,3,,3160,310,233,77,77,,9160534930551,
2026-08-18 00:02:11.149,pulse_batch,x,,,,,3,,3163,313,236,77,77,,9160556162053,
2026-08-18 00:02:11.170,pulse_batch,x,,,,,3,,3166,316,239,77,77,,9160576743004,
2026-08-18 00:02:11.190,pulse_batch,x,,,,,3,,3169,319,242,77,77,,9160597167085,
2026-08-18 00:02:11.211,pulse_batch,x,,,,,3,,3172,322,245,77,77,,9160618607253,
2026-08-18 00:02:11.232,pulse_batch,x,,,,,3,,3175,325,248,77,77,,9160639215870,
2026-08-18 00:02:11.253,pulse_batch,x,,,,,3,,3178,328,251,77,77,,9160659675137,
2026-08-18 00:02:11.275,pulse_batch,x,,,,,3,,3181,331,254,77,77,,9160681905596,
2026-08-18 00:02:11.295,pulse_batch,x,,,,,3,,3184,334,257,77,77,,9160702503528,
2026-08-18 00:02:11.316,pulse_batch,x,,,,,3,,3187,337,260,77,77,,9160722933165,
2026-08-18 00:02:11.338,pulse_batch,x,,,,,3,,3190,340,263,77,77,,9160745111958,
2026-08-18 00:02:11.359,pulse_batch,x,,,,,3,,3193,343,266,77,77,,9160766423127,
2026-08-18 00:02:11.380,pulse_batch,x,,,,,3,,3196,346,269,77,77,,9160786869560,
2026-08-18 00:02:11.400,pulse_batch,x,,,,,3,,3199,349,272,77,77,,9160807343733,
2026-08-18 00:02:11.422,pulse_batch,x,,,,,3,,3202,352,275,77,77,,9160829135751,
2026-08-18 00:02:11.443,pulse_batch,x,,,,,3,,3205,355,278,77,77,,9160849638961,
2026-08-18 00:02:11.463,pulse_batch,x,,,,,3,,3208,358,281,77,77,,9160870177931,
2026-08-18 00:02:11.485,pulse_batch,x,,,,,3,,3211,361,284,77,77,,9160892372668,
2026-08-18 00:02:11.506,pulse_batch,x,,,,,3,,3214,364,287,77,77,,9160912936286,
2026-08-18 00:02:11.526,pulse_batch,x,,,,,3,,3217,367,290,77,77,,9160933355349,
2026-08-18 00:02:11.548,pulse_batch,x,,,,,3,,3220,370,293,77,77,,9160955409716,
2026-08-18 00:02:11.569,pulse_batch,x,,,,,3,,3223,373,296,77,77,,9160976116463,
2026-08-18 00:02:11.589,pulse_batch,x,,,,,3,,3226,376,299,77,77,,9160996547674,
2026-08-18 00:02:11.612,pulse_batch,x,,,,,3,,3229,379,302,77,77,,9161018788022,
2026-08-18 00:02:11.632,pulse_batch,x,,,,,3,,3232,382,305,77,77,,9161039319640,
2026-08-18 00:02:11.653,pulse_batch,x,,,,,3,,3235,385,308,77,77,,9161059785684,
2026-08-18 00:02:11.673,pulse_batch,x,,,,,3,,3238,388,311,77,77,,9161080337116,
2026-08-18 00:02:11.694,pulse_batch,x,,,,,3,,3241,391,314,77,77,,9161100880715,
2026-08-18 00:02:11.714,pulse_batch,x,,,,,3,,3244,394,317,77,77,,9161121330074,
2026-08-18 00:02:11.735,pulse_batch,x,,,,,3,,3247,397,320,77,77,,9161141980487,
2026-08-18 00:02:11.756,pulse_batch,x,,,,,3,,3250,400,323,77,77,,9161163061917,
2026-08-18 00:02:11.776,pulse_batch,x,,,,,3,,3253,403,326,77,77,,9161183568997,
2026-08-18 00:02:11.797,pulse_batch,x,,,,,3,,3256,406,329,77,77,,9161204043171,
2026-08-18 00:02:11.820,pulse_batch,x,,,,,3,,3259,409,332,77,77,,9161227098403,
2026-08-18 00:02:11.840,pulse_batch,x,,,,,3,,3262,412,335,77,77,,9161247564947,
2026-08-18 00:02:11.863,pulse_batch,x,,,,,3,,3265,415,338,77,77,,9161270246348,
2026-08-18 00:02:11.886,pulse_batch,x,,,,,3,,3268,418,341,77,77,,9161292766102,
2026-08-18 00:02:11.906,pulse_batch,x,,,,,3,,3271,421,344,77,77,,9161313305813,
2026-08-18 00:02:11.929,pulse_batch,x,,,,,3,,3274,424,347,77,77,,9161336078102,
2026-08-18 00:02:11.955,pulse_batch,x,,,,,3,,3277,427,350,77,77,,9161361910003,
2026-08-18 00:02:11.975,pulse_batch,x,,,,,3,,3280,430,353,77,77,,9161382312733,
2026-08-18 00:02:11.996,pulse_batch,x,,,,,3,,3283,433,356,77,77,,9161402756573,
2026-08-18 00:02:12.017,pulse_batch,x,,,,,3,,3286,436,359,77,77,,9161424086279,
2026-08-18 00:02:12.037,pulse_batch,x,,,,,3,,3289,439,362,77,77,,9161444587082,
2026-08-18 00:02:12.058,pulse_batch,x,,,,,3,,3292,442,365,77,77,,9161465058033,
2026-08-18 00:02:12.079,pulse_batch,x,,,,,3,,3295,445,368,77,77,,9161486060315,
2026-08-18 00:02:12.100,pulse_batch,x,,,,,3,,3298,448,371,77,77,,9161506645951,
2026-08-18 00:02:12.120,pulse_batch,x,,,,,3,,3301,451,374,77,77,,9161527060755,
2026-08-18 00:02:12.142,pulse_batch,x,,,,,3,,3304,454,377,77,77,,9161549216011,
2026-08-18 00:02:12.163,pulse_batch,x,,,,,3,,3307,457,380,77,77,,9161569857035,
2026-08-18 00:02:12.183,pulse_batch,x,,,,,3,,3310,460,383,77,77,,9161590278802,
2026-08-18 00:02:12.205,pulse_batch,x,,,,,3,,3313,463,386,77,77,,9161612613650,
2026-08-18 00:02:12.226,pulse_batch,x,,,,,3,,3316,466,389,77,77,,9161633331137,
2026-08-18 00:02:12.247,pulse_batch,x,,,,,3,,3319,469,392,77,77,,9161653885828,
2026-08-18 00:02:12.267,pulse_batch,x,,,,,3,,3322,472,395,77,77,,9161674353947,
2026-08-18 00:02:12.290,pulse_batch,x,,,,,3,,3325,475,398,77,77,,9161697630566,
2026-08-18 00:02:12.311,pulse_batch,x,,,,,3,,3328,478,401,77,77,,9161718181462,
2026-08-18 00:02:12.332,pulse_batch,x,,,,,3,,3331,481,404,77,77,,9161738658321,
2026-08-18 00:02:12.353,pulse_batch,x,,,,,3,,3334,484,407,77,77,,9161759752454,
2026-08-18 00:02:12.373,pulse_batch,x,,,,,3,,3337,487,410,77,77,,9161780355497,
2026-08-18 00:02:12.394,pulse_batch,x,,,,,3,,3340,490,413,77,77,,9161800808597,
2026-08-18 00:02:12.416,pulse_batch,x,,,,,3,,3343,493,416,77,77,,9161823056130,
2026-08-18 00:02:12.437,pulse_batch,x,,,,,3,,3346,496,419,77,77,,9161843852635,
2026-08-18 00:02:12.457,pulse_batch,x,,,,,3,,3349,499,422,77,77,,9161864291217,
2026-08-18 00:02:12.479,pulse_batch,x,,,,,3,,3352,502,425,77,77,,9161886606064,
2026-08-18 00:02:12.500,pulse_batch,x,,,,,3,,3355,505,428,77,77,,9161907170626,
2026-08-18 00:02:12.520,pulse_batch,x,,,,,3,,3358,508,431,77,77,,9161927581689,
2026-08-18 00:02:12.543,pulse_batch,x,,,,,3,,3361,511,434,77,77,,9161950255628,
2026-08-18 00:02:12.564,pulse_batch,x,,,,,3,,3364,514,437,77,77,,9161970852375,
2026-08-18 00:02:12.584,pulse_batch,x,,,,,3,,3367,517,440,77,77,,9161991291493,
2026-08-18 00:02:12.610,pulse_batch,x,,,,,3,,3370,520,443,77,77,,9162016619841,
2026-08-18 00:02:12.630,pulse_batch,x,,,,,3,,3373,523,446,77,77,,9162037246644,
2026-08-18 00:02:12.651,pulse_batch,x,,,,,3,,3376,526,449,77,77,,9162057686966,
2026-08-18 00:02:12.673,pulse_batch,x,,,,,3,,3379,529,452,77,77,,9162079852889,
2026-08-18 00:02:12.693,pulse_batch,x,,,,,3,,3382,532,455,77,77,,9162100464080,
2026-08-18 00:02:12.714,pulse_batch,x,,,,,3,,3385,535,458,77,77,,9162120915921,
2026-08-18 00:02:12.734,pulse_batch,x,,,,,3,,3388,538,461,77,77,,9162141368780,
2026-08-18 00:02:12.756,pulse_batch,x,,,,,3,,3391,541,464,77,77,,9162163574054,
2026-08-18 00:02:12.777,pulse_batch,x,,,,,3,,3394,544,467,77,77,,9162184147949,
2026-08-18 00:02:12.797,pulse_batch,x,,,,,3,,3397,547,470,77,77,,9162204599512,
2026-08-18 00:02:12.821,pulse_batch,x,,,,,3,,3400,550,473,77,77,,9162228110834,
2026-08-18 00:02:12.841,pulse_batch,x,,,,,3,,3403,553,476,77,77,,9162248574249,
2026-08-18 00:02:12.862,pulse_batch,x,,,,,3,,3406,556,479,77,77,,9162269091052,
2026-08-18 00:02:12.884,pulse_batch,x,,,,,3,,3409,559,482,77,77,,9162290889903,
2026-08-18 00:02:12.904,pulse_batch,x,,,,,3,,3412,562,485,77,77,,9162311411872,
2026-08-18 00:02:12.925,pulse_batch,x,,,,,3,,3415,565,488,77,77,,9162331852194,
2026-08-18 00:02:12.946,pulse_batch,x,,,,,3,,3418,568,491,77,77,,9162353555694,
2026-08-18 00:02:12.967,pulse_batch,x,,,,,3,,3421,571,494,77,77,,9162374150219,
2026-08-18 00:02:12.987,pulse_batch,x,,,,,3,,3424,574,497,77,77,,9162394554263,
2026-08-18 00:02:13.010,pulse_batch,x,,,,,3,,3427,577,500,77,77,,9162416899130,
2026-08-18 00:02:13.030,pulse_batch,x,,,,,3,,3430,580,503,77,77,,9162437553191,
2026-08-18 00:02:13.051,pulse_batch,x,,,,,3,,3433,583,506,77,77,,9162457995421,
2026-08-18 00:02:13.073,pulse_batch,x,,,,,3,,3436,586,509,77,77,,9162480080492,
2026-08-18 00:02:13.094,pulse_batch,x,,,,,3,,3439,589,512,77,77,,9162500737035,
2026-08-18 00:02:13.114,pulse_batch,x,,,,,3,,3442,592,515,77,77,,9162521173580,
2026-08-18 00:02:13.135,pulse_batch,x,,,,,3,,3445,595,518,77,77,,9162541650550,
2026-08-18 00:02:13.157,pulse_batch,x,,,,,3,,3448,598,521,77,77,,9162564340655,
2026-08-18 00:02:13.178,pulse_batch,x,,,,,3,,3451,601,524,77,77,,9162584816514,
2026-08-18 00:02:13.198,pulse_batch,x,,,,,3,,3454,604,527,77,77,,9162605279058,
2026-08-18 00:02:13.220,pulse_batch,x,,,,,3,,3457,607,530,77,77,,9162627327278,
2026-08-18 00:02:13.241,pulse_batch,x,,,,,3,,3460,610,533,77,77,,9162647840970,
2026-08-18 00:02:13.261,pulse_batch,x,,,,,3,,3463,613,536,77,77,,9162668276051,
2026-08-18 00:02:13.282,pulse_batch,x,,,,,3,,3466,616,539,77,77,,9162688936168,
2026-08-18 00:02:13.303,pulse_batch,x,,,,,3,,3469,619,542,77,77,,9162709774062,
2026-08-18 00:02:13.323,pulse_batch,x,,,,,3,,3472,622,545,77,77,,9162730191940,
2026-08-18 00:02:13.344,pulse_batch,x,,,,,3,,3475,625,548,77,77,,9162751034111,
2026-08-18 00:02:13.364,pulse_batch,x,,,,,3,,3478,628,551,77,77,,9162771518063,
2026-08-18 00:02:13.385,pulse_batch,x,,,,,3,,3481,631,554,77,77,,9162791994126,
2026-08-18 00:02:13.407,pulse_batch,x,,,,,3,,3484,634,557,77,77,,9162813821291,
2026-08-18 00:02:13.427,pulse_batch,x,,,,,3,,3487,637,560,77,77,,9162834435964,
2026-08-18 00:02:13.448,pulse_batch,x,,,,,3,,3490,640,563,77,77,,9162854897508,
2026-08-18 00:02:13.468,pulse_batch,x,,,,,3,,3493,643,566,77,77,,9162875367664,
2026-08-18 00:02:13.491,pulse_batch,x,,,,,3,,3496,646,569,77,77,,9162897881325,
2026-08-18 00:02:13.511,pulse_batch,x,,,,,3,,3499,649,572,77,77,,9162918329814,
2026-08-18 00:02:13.532,pulse_batch,x,,,,,3,,3502,652,575,77,77,,9162938775747,
2026-08-18 00:02:13.554,pulse_batch,x,,,,,3,,3505,655,578,77,77,,9162960942670,
2026-08-18 00:02:13.574,pulse_batch,x,,,,,3,,3508,658,581,77,77,,9162981389344,
2026-08-18 00:02:13.595,pulse_batch,x,,,,,3,,3511,661,584,77,77,,9163001860536,
2026-08-18 00:02:13.617,pulse_batch,x,,,,,3,,3514,664,587,77,77,,9163024067218,
2026-08-18 00:02:13.638,pulse_batch,x,,,,,3,,3517,667,590,77,77,,9163044833575,
2026-08-18 00:02:13.658,pulse_batch,x,,,,,3,,3520,670,593,77,77,,9163065290842,
2026-08-18 00:02:13.681,pulse_batch,x,,,,,3,,3523,673,596,77,77,,9163088400759,
2026-08-18 00:02:13.703,pulse_batch,x,,,,,3,,3526,676,599,77,77,,9163109775020,
2026-08-18 00:02:13.723,pulse_batch,x,,,,,3,,3529,679,602,77,77,,9163130160435,
2026-08-18 00:02:13.744,pulse_batch,x,,,,,3,,3532,682,605,77,77,,9163150890366,
2026-08-18 00:02:13.764,pulse_batch,x,,,,,3,,3535,685,608,77,77,,9163171439892,
2026-08-18 00:02:13.785,pulse_batch,x,,,,,3,,3538,688,611,77,77,,9163191899251,
2026-08-18 00:02:13.805,pulse_batch,x,,,,,3,,3541,691,614,77,77,,9163212381313,
2026-08-18 00:02:13.826,pulse_batch,x,,,,,3,,3544,694,617,77,77,,9163233025986,
2026-08-18 00:02:13.846,pulse_batch,x,,,,,3,,3547,697,620,77,77,,9163253473123,
2026-08-18 00:02:13.867,pulse_batch,x,,,,,3,,3550,700,623,77,77,,9163273959630,
2026-08-18 00:02:13.888,pulse_batch,x,,,,,3,,3553,703,626,77,77,,9163294662821,
2026-08-18 00:02:13.908,pulse_batch,x,,,,,3,,3556,706,629,77,77,,9163315304845,
2026-08-18 00:02:13.929,pulse_batch,x,,,,,3,,3559,709,632,77,77,,9163335762760,
2026-08-18 00:02:13.951,pulse_batch,x,,,,,3,,3562,712,635,77,77,,9163357772073,
2026-08-18 00:02:13.971,pulse_batch,x,,,,,3,,3565,715,638,77,77,,9163378325302,
2026-08-18 00:02:13.992,pulse_batch,x,,,,,3,,3568,718,641,77,77,,9163398893901,
2026-08-18 00:02:14.014,pulse_batch,x,,,,,3,,3571,721,644,77,77,,9163421184453,
2026-08-18 00:02:14.035,pulse_batch,x,,,,,3,,3574,724,647,77,77,,9163441793403,
2026-08-18 00:02:14.055,pulse_batch,x,,,,,3,,3577,727,650,77,77,,9163462218837,
2026-08-18 00:02:14.077,pulse_batch,x,,,,,3,,3580,730,653,77,77,,9163484460833,
2026-08-18 00:02:14.098,pulse_batch,x,,,,,3,,3583,733,656,77,77,,9163505080025,
2026-08-18 00:02:14.118,pulse_batch,x,,,,,3,,3586,736,659,77,77,,9163525500884,
2026-08-18 00:02:14.141,pulse_batch,x,,,,,3,,3589,739,662,77,77,,9163547647492,
2026-08-18 00:02:14.161,pulse_batch,x,,,,,3,,3592,742,665,77,77,,9163568198055,
2026-08-18 00:02:14.181,pulse_batch,x,,,,,3,,3595,745,668,77,77,,9163588640895,
2026-08-18 00:02:14.202,pulse_batch,x,,,,,3,,3598,748,671,77,77,,9163609328790,
2026-08-18 00:02:14.225,pulse_batch,x,,,,,3,,3601,751,674,77,77,,9163631745693,
2026-08-18 00:02:14.245,pulse_batch,x,,,,,3,,3604,754,677,77,77,,9163652275256,
2026-08-18 00:02:14.266,pulse_batch,x,,,,,3,,3607,757,680,77,77,,9163672744800,
2026-08-18 00:02:14.288,pulse_batch,x,,,,,3,,3610,760,683,77,77,,9163694904278,
2026-08-18 00:02:14.308,pulse_batch,x,,,,,3,,3613,763,686,77,77,,9163715307156,
2026-08-18 00:02:14.329,pulse_batch,x,,,,,3,,3616,766,689,77,77,,9163735725201,
2026-08-18 00:02:14.351,pulse_batch,x,,,,,3,,3619,769,692,77,77,,9163758074104,
2026-08-18 00:02:14.372,pulse_batch,x,,,,,3,,3622,772,695,77,77,,9163778713851,
2026-08-18 00:02:14.392,pulse_batch,x,,,,,3,,3625,775,698,77,77,,9163799169266,
2026-08-18 00:02:14.413,pulse_batch,x,,,,,3,,3628,778,701,77,77,,9163819782346,
2026-08-18 00:02:14.433,pulse_batch,x,,,,,3,,3631,781,704,77,77,,9163840319668,
2026-08-18 00:02:14.454,pulse_batch,x,,,,,3,,3634,784,707,77,77,,9163860787934,
2026-08-18 00:02:14.474,pulse_batch,x,,,,,3,,3637,787,710,77,77,,9163881343811,
2026-08-18 00:02:14.495,pulse_batch,x,,,,,3,,3640,790,713,77,77,,9163902020095,
2026-08-18 00:02:14.515,pulse_batch,x,,,,,3,,3643,793,716,77,77,,9163922495676,
2026-08-18 00:02:14.536,pulse_batch,x,,,,,3,,3646,796,719,77,77,,9163943294070,
2026-08-18 00:02:14.559,pulse_batch,x,,,,,3,,3649,799,722,77,77,,9163965836602,
2026-08-18 00:02:14.581,pulse_batch,x,,,,,3,,3652,802,725,77,77,,9163988419430,
2026-08-18 00:02:14.602,pulse_batch,x,,,,,3,,3655,805,728,77,77,,9164008971066,
2026-08-18 00:02:14.625,pulse_batch,x,,,,,3,,3658,808,731,77,77,,9164031718875,
2026-08-18 00:02:14.646,pulse_batch,x,,,,,3,,3661,811,734,77,77,,9164053269246,
2026-08-18 00:02:14.667,pulse_batch,x,,,,,3,,3664,814,737,77,77,,9164074438712,
2026-08-18 00:02:14.690,pulse_batch,x,,,,,3,,3667,817,740,77,77,,9164097047021,
2026-08-18 00:02:14.710,pulse_batch,x,,,,,3,,3670,820,743,77,77,,9164117596583,
2026-08-18 00:02:14.731,pulse_batch,x,,,,,3,,3673,823,746,77,77,,9164138049035,
2026-08-18 00:02:14.753,pulse_batch,x,,,,,3,,3676,826,749,77,77,,9164160515975,
2026-08-18 00:02:14.774,pulse_batch,x,,,,,3,,3679,829,752,77,77,,9164181228721,
2026-08-18 00:02:14.795,pulse_batch,x,,,,,3,,3682,832,755,77,77,,9164201750580,
2026-08-18 00:02:14.815,pulse_batch,x,,,,,3,,3685,835,758,77,77,,9164222553641,
2026-08-18 00:02:14.838,pulse_batch,x,,,,,3,,3688,838,761,77,77,,9164244880729,
2026-08-18 00:02:14.858,pulse_batch,x,,,,,3,,3691,841,764,77,77,,9164265362366,
2026-08-18 00:02:14.880,pulse_batch,x,,,,,3,,3694,844,767,77,77,,9164287231495,
2026-08-18 00:02:14.903,pulse_batch,x,,,,,3,,3697,847,770,77,77,,9164309920414,
2026-08-18 00:02:14.923,pulse_batch,x,,,,,3,,3700,850,773,77,77,,9164330404514,
2026-08-18 00:02:14.947,pulse_batch,x,,,,,3,,3703,853,776,77,77,,9164354452926,
2026-08-18 00:02:14.968,pulse_batch,x,,,,,3,,3706,856,779,77,77,,9164374907081,
2026-08-18 00:02:14.988,pulse_batch,x,,,,,3,,3709,859,782,77,77,,9164395351663,
2026-08-18 00:02:15.011,pulse_batch,x,,,,,3,,3712,862,785,77,77,,9164418010064,
2026-08-18 00:02:15.031,pulse_batch,x,,,,,3,,3715,865,788,77,77,,9164438569349,
2026-08-18 00:02:15.052,pulse_batch,x,,,,,3,,3718,868,791,77,77,,9164459054504,
2026-08-18 00:02:15.072,pulse_batch,x,,,,,3,,3721,871,794,77,77,,9164479587622,
2026-08-18 00:02:15.094,pulse_batch,x,,,,,3,,3724,874,797,77,77,,9164501183215,
2026-08-18 00:02:15.111,pulse_batch,x,,,,,2,,3726,876,799,77,77,,9164518278224,
2026-08-18 00:02:15.111,move_finish,x,,,3,,,,3726,876,799,77,77,,9164518534278,
2026-08-18 00:02:15.268,approach_source_finish,x,1,stored,,,,-1,,876,799,77,77,799,,
2026-08-18 00:02:15.268,approach_source_finish,y,1,stored,,,,-1,,-46,-34,0,4,-34,,
2026-08-18 00:02:15.272,move_start,y,,,4,-14,,-1,1460,-46,-34,0,4,,9164679311206,
2026-08-18 00:02:15.272,move_start,x,,,4,-164,,-1,3726,876,799,77,77,,9164679383724,
2026-08-18 00:02:15.276,pulse_batch,y,,,,,-1,,1461,-47,-35,0,4,,9164683225516,
2026-08-18 00:02:15.276,pulse_batch,x,,,,,-1,,3727,875,799,76,77,,9164683290627,
2026-08-18 00:02:15.297,pulse_batch,x,,,,,-3,,3730,872,799,73,77,,9164703872911,
2026-08-18 00:02:15.297,pulse_batch,y,,,,,-3,,1464,-50,-38,0,4,,9164704172780,
2026-08-18 00:02:15.317,pulse_batch,x,,,,,-3,,3733,869,799,70,77,,9164724372825,
2026-08-18 00:02:15.317,pulse_batch,y,,,,,-3,,1467,-53,-41,0,4,,9164724628435,
2026-08-18 00:02:15.338,pulse_batch,x,,,,,-3,,3736,866,799,67,77,,9164744968851,
2026-08-18 00:02:15.340,pulse_batch,y,,,,,-3,,1470,-56,-44,0,4,,9164747129875,
2026-08-18 00:02:15.360,pulse_batch,x,,,,,-3,,3739,863,799,64,77,,9164767535012,
2026-08-18 00:02:15.362,pulse_batch,y,,,,,-3,,1473,-59,-47,0,4,,9164769517370,
2026-08-18 00:02:15.373,pulse_batch,y,,,,,-1,,1474,-60,-48,0,4,,9164779723883,
2026-08-18 00:02:15.373,move_finish,y,,,4,,,,1474,-60,-48,0,4,,9164779929975,
2026-08-18 00:02:15.381,pulse_batch,x,,,,,-3,,3742,860,799,61,77,,9164788037130,
2026-08-18 00:02:15.401,pulse_batch,x,,,,,-3,,3745,857,799,58,77,,9164808544767,
2026-08-18 00:02:15.423,pulse_batch,x,,,,,-3,,3748,854,799,55,77,,9164829639585,
2026-08-18 00:02:15.443,pulse_batch,x,,,,,-3,,3751,851,799,52,77,,9164850409257,
2026-08-18 00:02:15.464,pulse_batch,x,,,,,-3,,3754,848,799,49,77,,9164870942857,
2026-08-18 00:02:15.484,pulse_batch,x,,,,,-3,,3757,845,799,46,77,,9164891522826,
2026-08-18 00:02:15.505,pulse_batch,x,,,,,-3,,3760,842,799,43,77,,9164912100185,
2026-08-18 00:02:15.525,pulse_batch,x,,,,,-3,,3763,839,799,40,77,,9164932536877,
2026-08-18 00:02:15.548,pulse_batch,x,,,,,-3,,3766,836,799,37,77,,9164955546907,
2026-08-18 00:02:15.569,pulse_batch,x,,,,,-3,,3769,833,799,34,77,,9164976081062,
2026-08-18 00:02:15.589,pulse_batch,x,,,,,-3,,3772,830,799,31,77,,9164996520958,
2026-08-18 00:02:15.611,pulse_batch,x,,,,,-3,,3775,827,799,28,77,,9165017887571,
2026-08-18 00:02:15.631,pulse_batch,x,,,,,-3,,3778,824,799,25,77,,9165038451707,
2026-08-18 00:02:15.652,pulse_batch,x,,,,,-3,,3781,821,799,22,77,,9165058925400,
2026-08-18 00:02:15.672,pulse_batch,x,,,,,-3,,3784,818,799,19,77,,9165079409629,
2026-08-18 00:02:15.695,pulse_batch,x,,,,,-3,,3787,815,799,16,77,,9165101728403,
2026-08-18 00:02:15.715,pulse_batch,x,,,,,-3,,3790,812,799,13,77,,9165122247706,
2026-08-18 00:02:15.736,pulse_batch,x,,,,,-3,,3793,809,799,10,77,,9165142735010,
2026-08-18 00:02:15.760,pulse_batch,x,,,,,-3,,3796,806,799,7,77,,9165167549528,
2026-08-18 00:02:15.781,pulse_batch,x,,,,,-3,,3799,803,799,4,77,,9165188034035,
2026-08-18 00:02:15.802,pulse_batch,x,,,,,-3,,3802,800,799,1,77,,9165208520394,
2026-08-18 00:02:15.822,pulse_batch,x,,,,,-3,,3805,797,797,0,77,,9165229617472,
2026-08-18 00:02:15.843,pulse_batch,x,,,,,-3,,3808,794,794,0,77,,9165250132090,
2026-08-18 00:02:15.865,pulse_batch,x,,,,,-3,,3811,791,791,0,77,,9165272060292,
2026-08-18 00:02:15.886,pulse_batch,x,,,,,-3,,3814,788,788,0,77,,9165292715317,
2026-08-18 00:02:15.906,pulse_batch,x,,,,,-3,,3817,785,785,0,77,,9165313299398,
2026-08-18 00:02:15.927,pulse_batch,x,,,,,-3,,3820,782,782,0,77,,9165333849775,
2026-08-18 00:02:15.948,pulse_batch,x,,,,,-3,,3823,779,779,0,77,,9165354950371,
2026-08-18 00:02:15.968,pulse_batch,x,,,,,-3,,3826,776,776,0,77,,9165375545711,
2026-08-18 00:02:15.989,pulse_batch,x,,,,,-3,,3829,773,773,0,77,,9165395974959,
2026-08-18 00:02:16.010,pulse_batch,x,,,,,-3,,3832,770,770,0,77,,9165416655669,
2026-08-18 00:02:16.031,pulse_batch,x,,,,,-3,,3835,767,767,0,77,,9165437608062,
2026-08-18 00:02:16.051,pulse_batch,x,,,,,-3,,3838,764,764,0,77,,9165458092273,
2026-08-18 00:02:16.071,pulse_batch,x,,,,,-3,,3841,761,761,0,77,,9165478582799,
2026-08-18 00:02:16.092,pulse_batch,x,,,,,-3,,3844,758,758,0,77,,9165499274805,
2026-08-18 00:02:16.113,pulse_batch,x,,,,,-3,,3847,755,755,0,77,,9165519842219,
2026-08-18 00:02:16.134,pulse_batch,x,,,,,-3,,3850,752,752,0,77,,9165541211165,
2026-08-18 00:02:16.155,pulse_batch,x,,,,,-3,,3853,749,749,0,77,,9165561902430,
2026-08-18 00:02:16.175,pulse_batch,x,,,,,-3,,3856,746,746,0,77,,9165582509733,
2026-08-18 00:02:16.196,pulse_batch,x,,,,,-3,,3859,743,743,0,77,,9165602978000,
2026-08-18 00:02:16.217,pulse_batch,x,,,,,-3,,3862,740,740,0,77,,9165623663858,
2026-08-18 00:02:16.237,pulse_batch,x,,,,,-3,,3865,737,737,0,77,,9165644228328,
2026-08-18 00:02:16.258,pulse_batch,x,,,,,-3,,3868,734,734,0,77,,9165664680816,
2026-08-18 00:02:16.278,pulse_batch,x,,,,,-3,,3871,731,731,0,77,,9165685257545,
2026-08-18 00:02:16.299,pulse_batch,x,,,,,-3,,3874,728,728,0,77,,9165705814385,
2026-08-18 00:02:16.319,pulse_batch,x,,,,,-3,,3877,725,725,0,77,,9165726310782,
2026-08-18 00:02:16.340,pulse_batch,x,,,,,-3,,3880,722,722,0,77,,9165746790418,
2026-08-18 00:02:16.362,pulse_batch,x,,,,,-3,,3883,719,719,0,77,,9165769272155,
2026-08-18 00:02:16.383,pulse_batch,x,,,,,-3,,3886,716,716,0,77,,9165789776236,
2026-08-18 00:02:16.403,pulse_batch,x,,,,,-3,,3889,713,713,0,77,,9165810260095,
2026-08-18 00:02:16.413,pulse_batch,x,,,,,-1,,3890,712,712,0,77,,9165820521700,
2026-08-18 00:02:16.414,move_finish,x,,,4,,,,3890,712,712,0,77,,9165820848032,
2026-08-18 00:02:16.603,target_finish,x,1,stored,,,,,,712,712,0,77,712,,ok=True
2026-08-18 00:02:16.603,target_finish,y,1,stored,,,,,,-60,-48,0,4,-48,,ok=True
2026-08-18 00:02:21.616,target_start,x,2,stored,,,,,,712,712,0,77,712,,
2026-08-18 00:02:21.616,target_start,y,2,stored,,,,,,-60,-48,0,4,-344,,
2026-08-18 00:02:21.616,approach_source_start,x,2,stored,,,,-1,,712,712,0,77,799,,
2026-08-18 00:02:21.616,approach_source_start,y,2,stored,,,,-1,,-60,-48,0,4,-330,,
2026-08-18 00:02:21.620,move_start,x,,,5,164,,1,3890,712,712,0,77,,9171027108750,
2026-08-18 00:02:21.621,move_start,y,,,5,-282,,-1,1474,-60,-48,0,4,,9171027015232,
2026-08-18 00:02:21.624,pulse_batch,x,,,,,1,,3891,713,712,1,77,,9171030813154,
2026-08-18 00:02:21.624,pulse_batch,y,,,,,-1,,1475,-61,-49,0,4,,9171031562260,
2026-08-18 00:02:21.645,pulse_batch,x,,,,,3,,3894,716,712,4,77,,9171051682844,
2026-08-18 00:02:21.646,pulse_batch,y,,,,,-3,,1478,-64,-52,0,4,,9171053233502,
2026-08-18 00:02:21.665,pulse_batch,x,,,,,3,,3897,719,712,7,77,,9171072032927,
2026-08-18 00:02:21.667,pulse_batch,y,,,,,-3,,1481,-67,-55,0,4,,9171073678936,
2026-08-18 00:02:21.686,pulse_batch,x,,,,,3,,3900,722,712,10,77,,9171093378170,
2026-08-18 00:02:21.690,pulse_batch,y,,,,,-3,,1484,-70,-58,0,4,,9171096670113,
2026-08-18 00:02:21.707,pulse_batch,x,,,,,3,,3903,725,712,13,77,,9171113911548,
2026-08-18 00:02:21.710,pulse_batch,y,,,,,-3,,1487,-73,-61,0,4,,9171117160028,
2026-08-18 00:02:21.727,pulse_batch,x,,,,,3,,3906,728,712,16,77,,9171134620147,
2026-08-18 00:02:21.730,pulse_batch,y,,,,,-3,,1490,-76,-64,0,4,,9171137620221,
2026-08-18 00:02:21.748,pulse_batch,x,,,,,3,,3909,731,712,19,77,,9171155213653,
2026-08-18 00:02:21.751,pulse_batch,y,,,,,-3,,1493,-79,-67,0,4,,9171158486671,
2026-08-18 00:02:21.769,pulse_batch,x,,,,,3,,3912,734,712,22,77,,9171176250954,
2026-08-18 00:02:21.772,pulse_batch,y,,,,,-3,,1496,-82,-70,0,4,,9171179042900,
2026-08-18 00:02:21.789,pulse_batch,x,,,,,3,,3915,737,712,25,77,,9171196653258,
2026-08-18 00:02:21.792,pulse_batch,y,,,,,-3,,1499,-85,-73,0,4,,9171199517075,
2026-08-18 00:02:21.810,pulse_batch,x,,,,,3,,3918,740,712,28,77,,9171217274136,
2026-08-18 00:02:21.813,pulse_batch,y,,,,,-3,,1502,-88,-76,0,4,,9171220138563,
2026-08-18 00:02:21.832,pulse_batch,x,,,,,3,,3921,743,712,31,77,,9171238614101,
2026-08-18 00:02:21.834,pulse_batch,y,,,,,-3,,1505,-91,-79,0,4,,9171240834792,
2026-08-18 00:02:21.852,pulse_batch,x,,,,,3,,3924,746,712,34,77,,9171259062090,
2026-08-18 00:02:21.854,pulse_batch,y,,,,,-3,,1508,-94,-82,0,4,,9171261261522,
2026-08-18 00:02:21.873,pulse_batch,x,,,,,3,,3927,749,712,37,77,,9171280282390,
2026-08-18 00:02:21.875,pulse_batch,y,,,,,-3,,1511,-97,-85,0,4,,9171281875621,
2026-08-18 00:02:21.895,pulse_batch,y,,,,,-3,,1514,-100,-88,0,4,,9171302415480,
2026-08-18 00:02:21.896,pulse_batch,x,,,,,3,,3930,752,712,40,77,,9171302668997,
2026-08-18 00:02:21.916,pulse_batch,y,,,,,-3,,1517,-103,-91,0,4,,9171323165857,
2026-08-18 00:02:21.916,pulse_batch,x,,,,,3,,3933,755,712,43,77,,9171323521169,
2026-08-18 00:02:21.937,pulse_batch,y,,,,,-3,,1520,-106,-94,0,4,,9171343678586,
2026-08-18 00:02:21.937,pulse_batch,x,,,,,3,,3936,758,712,46,77,,9171344028603,
2026-08-18 00:02:21.958,pulse_batch,x,,,,,3,,3939,761,712,49,77,,9171365524623,
2026-08-18 00:02:21.959,pulse_batch,y,,,,,-3,,1523,-109,-97,0,4,,9171365849084,
2026-08-18 00:02:21.979,pulse_batch,x,,,,,3,,3942,764,712,52,77,,9171386105722,
2026-08-18 00:02:21.979,pulse_batch,y,,,,,-3,,1526,-112,-100,0,4,,9171386348888,
2026-08-18 00:02:21.999,pulse_batch,x,,,,,3,,3945,767,712,55,77,,9171406575045,
2026-08-18 00:02:22.000,pulse_batch,y,,,,,-3,,1529,-115,-103,0,4,,9171406819858,
2026-08-18 00:02:22.021,pulse_batch,y,,,,,-3,,1532,-118,-106,0,4,,9171427720178,
2026-08-18 00:02:22.021,pulse_batch,x,,,,,3,,3948,770,712,58,77,,9171427829326,
2026-08-18 00:02:22.041,pulse_batch,y,,,,,-3,,1535,-121,-109,0,4,,9171448291593,
2026-08-18 00:02:22.042,pulse_batch,x,,,,,3,,3951,773,712,61,77,,9171448676535,
2026-08-18 00:02:22.062,pulse_batch,y,,,,,-3,,1538,-124,-112,0,4,,9171468735804,
2026-08-18 00:02:22.062,pulse_batch,x,,,,,3,,3954,776,712,64,77,,9171469106191,
2026-08-18 00:02:22.084,pulse_batch,y,,,,,-3,,1541,-127,-115,0,4,,9171489246571,
2026-08-18 00:02:22.086,pulse_batch,x,,,,,3,,3957,779,712,67,77,,9171491791445,
2026-08-18 00:02:22.103,pulse_batch,y,,,,,-3,,1544,-130,-118,0,4,,9171509982263,
2026-08-18 00:02:22.105,pulse_batch,x,,,,,3,,3960,782,712,70,77,,9171512386933,
2026-08-18 00:02:22.123,pulse_batch,y,,,,,-3,,1547,-133,-121,0,4,,9171530423530,
2026-08-18 00:02:22.126,pulse_batch,x,,,,,3,,3963,785,712,73,77,,9171532810960,
2026-08-18 00:02:22.144,pulse_batch,y,,,,,-3,,1550,-136,-124,0,4,,9171550890426,
2026-08-18 00:02:22.146,pulse_batch,x,,,,,3,,3966,788,712,76,77,,9171553492670,
2026-08-18 00:02:22.164,pulse_batch,y,,,,,-3,,1553,-139,-127,0,4,,9171571485230,
2026-08-18 00:02:22.168,pulse_batch,x,,,,,3,,3969,791,714,77,77,,9171574892858,
2026-08-18 00:02:22.185,pulse_batch,y,,,,,-3,,1556,-142,-130,0,4,,9171592346346,
2026-08-18 00:02:22.188,pulse_batch,x,,,,,3,,3972,794,717,77,77,,9171595358810,
2026-08-18 00:02:22.206,pulse_batch,y,,,,,-3,,1559,-145,-133,0,4,,9171613325333,
2026-08-18 00:02:22.209,pulse_batch,x,,,,,3,,3975,797,720,77,77,,9171615863503,
2026-08-18 00:02:22.229,pulse_batch,y,,,,,-3,,1562,-148,-136,0,4,,9171636295788,
2026-08-18 00:02:22.232,pulse_batch,x,,,,,3,,3978,800,723,77,77,,9171638682774,
2026-08-18 00:02:22.250,pulse_batch,y,,,,,-3,,1565,-151,-139,0,4,,9171656933814,
2026-08-18 00:02:22.252,pulse_batch,x,,,,,3,,3981,803,726,77,77,,9171659153560,
2026-08-18 00:02:22.273,pulse_batch,x,,,,,3,,3984,806,729,77,77,,9171679683734,
2026-08-18 00:02:22.273,pulse_batch,y,,,,,-3,,1568,-154,-142,0,4,,9171679887195,
2026-08-18 00:02:22.295,pulse_batch,x,,,,,3,,3987,809,732,77,77,,9171702160470,
2026-08-18 00:02:22.295,pulse_batch,y,,,,,-3,,1571,-157,-145,0,4,,9171702387302,
2026-08-18 00:02:22.316,pulse_batch,x,,,,,3,,3990,812,735,77,77,,9171722824477,
2026-08-18 00:02:22.316,pulse_batch,y,,,,,-3,,1574,-160,-148,0,4,,9171723079161,
2026-08-18 00:02:22.336,pulse_batch,x,,,,,3,,3993,815,738,77,77,,9171743396928,
2026-08-18 00:02:22.337,pulse_batch,y,,,,,-3,,1577,-163,-151,0,4,,9171743704945,
2026-08-18 00:02:22.358,pulse_batch,x,,,,,3,,3996,818,741,77,77,,9171765502612,
2026-08-18 00:02:22.359,pulse_batch,y,,,,,-3,,1580,-166,-154,0,4,,9171765394483,
2026-08-18 00:02:22.379,pulse_batch,y,,,,,-3,,1583,-169,-157,0,4,,9171785925916,
2026-08-18 00:02:22.379,pulse_batch,x,,,,,3,,3999,821,744,77,77,,9171786120711,
2026-08-18 00:02:22.399,pulse_batch,y,,,,,-3,,1586,-172,-160,0,4,,9171806544738,
2026-08-18 00:02:22.400,pulse_batch,x,,,,,3,,4002,824,747,77,77,,9171806732514,
2026-08-18 00:02:22.422,pulse_batch,y,,,,,-3,,1589,-175,-163,0,4,,9171829350176,
2026-08-18 00:02:22.423,pulse_batch,x,,,,,3,,4005,827,750,77,77,,9171829481472,
2026-08-18 00:02:22.443,pulse_batch,x,,,,,3,,4008,830,753,77,77,,9171850008942,
2026-08-18 00:02:22.443,pulse_batch,y,,,,,-3,,1592,-178,-166,0,4,,9171849923961,
2026-08-18 00:02:22.463,pulse_batch,y,,,,,-3,,1595,-181,-169,0,4,,9171870425617,
2026-08-18 00:02:22.464,pulse_batch,x,,,,,3,,4011,833,756,77,77,,9171870514042,
2026-08-18 00:02:22.484,pulse_batch,x,,,,,3,,4014,836,759,77,77,,9171891482380,
2026-08-18 00:02:22.488,pulse_batch,y,,,,,-3,,1598,-184,-172,0,4,,9171894885638,
2026-08-18 00:02:22.505,pulse_batch,x,,,,,3,,4017,839,762,77,77,,9171912191312,
2026-08-18 00:02:22.508,pulse_batch,y,,,,,-3,,1601,-187,-175,0,4,,9171915383497,
2026-08-18 00:02:22.526,pulse_batch,x,,,,,3,,4020,842,765,77,77,,9171932774505,
2026-08-18 00:02:22.529,pulse_batch,y,,,,,-3,,1604,-190,-178,0,4,,9171935889690,
2026-08-18 00:02:22.547,pulse_batch,x,,,,,3,,4023,845,768,77,77,,9171954163600,
2026-08-18 00:02:22.552,pulse_batch,y,,,,,-3,,1607,-193,-181,0,4,,9171958609351,
2026-08-18 00:02:22.569,pulse_batch,x,,,,,3,,4026,848,771,77,77,,9171975911340,
2026-08-18 00:02:22.572,pulse_batch,y,,,,,-3,,1610,-196,-184,0,4,,9171979211413,
2026-08-18 00:02:22.589,pulse_batch,x,,,,,3,,4029,851,774,77,77,,9171996492718,
2026-08-18 00:02:22.593,pulse_batch,y,,,,,-3,,1613,-199,-187,0,4,,9171999718551,
2026-08-18 00:02:22.611,pulse_batch,x,,,,,3,,4032,854,777,77,77,,9172017685073,
2026-08-18 00:02:22.614,pulse_batch,y,,,,,-3,,1616,-202,-190,0,4,,9172021412347,
2026-08-18 00:02:22.636,pulse_batch,x,,,,,3,,4035,857,780,77,77,,9172043042311,
2026-08-18 00:02:22.640,pulse_batch,y,,,,,-3,,1619,-205,-193,0,4,,9172046676827,
2026-08-18 00:02:22.656,pulse_batch,x,,,,,3,,4038,860,783,77,77,,9172063550652,
2026-08-18 00:02:22.660,pulse_batch,y,,,,,-3,,1622,-208,-196,0,4,,9172067234000,
2026-08-18 00:02:22.677,pulse_batch,x,,,,,3,,4041,863,786,77,77,,9172084310880,
2026-08-18 00:02:22.683,pulse_batch,y,,,,,-3,,1625,-211,-199,0,4,,9172090507029,
2026-08-18 00:02:22.698,pulse_batch,x,,,,,3,,4044,866,789,77,77,,9172104810258,
2026-08-18 00:02:22.704,pulse_batch,y,,,,,-3,,1628,-214,-202,0,4,,9172111076813,
2026-08-18 00:02:22.718,pulse_batch,x,,,,,3,,4047,869,792,77,77,,9172125216507,
2026-08-18 00:02:22.724,pulse_batch,y,,,,,-3,,1631,-217,-205,0,4,,9172131568043,
2026-08-18 00:02:22.738,pulse_batch,x,,,,,3,,4050,872,795,77,77,,9172145614997,
2026-08-18 00:02:22.745,pulse_batch,y,,,,,-3,,1634,-220,-208,0,4,,9172152103847,
2026-08-18 00:02:22.760,pulse_batch,x,,,,,3,,4053,875,798,77,77,,9172166936962,
2026-08-18 00:02:22.767,pulse_batch,y,,,,,-3,,1637,-223,-211,0,4,,9172174095698,
2026-08-18 00:02:22.770,pulse_batch,x,,,,,1,,4054,876,799,77,77,,9172177337697,
2026-08-18 00:02:22.770,move_finish,x,,,5,,,,4054,876,799,77,77,,9172177495066,
2026-08-18 00:02:22.788,pulse_batch,y,,,,,-3,,1640,-226,-214,0,4,,9172194720575,
2026-08-18 00:02:22.808,pulse_batch,y,,,,,-3,,1643,-229,-217,0,4,,9172215183990,
2026-08-18 00:02:22.831,pulse_batch,y,,,,,-3,,1646,-232,-220,0,4,,9172237978188,
2026-08-18 00:02:22.853,pulse_batch,y,,,,,-3,,1649,-235,-223,0,4,,9172260277870,
2026-08-18 00:02:22.874,pulse_batch,y,,,,,-3,,1652,-238,-226,0,4,,9172281001987,
2026-08-18 00:02:22.894,pulse_batch,y,,,,,-3,,1655,-241,-229,0,4,,9172301592050,
2026-08-18 00:02:22.915,pulse_batch,y,,,,,-3,,1658,-244,-232,0,4,,9172322109798,
2026-08-18 00:02:22.936,pulse_batch,y,,,,,-3,,1661,-247,-235,0,4,,9172342631768,
2026-08-18 00:02:22.960,pulse_batch,y,,,,,-3,,1664,-250,-238,0,4,,9172366790847,
2026-08-18 00:02:22.980,pulse_batch,y,,,,,-3,,1667,-253,-241,0,4,,9172387323391,
2026-08-18 00:02:23.001,pulse_batch,y,,,,,-3,,1670,-256,-244,0,4,,9172407789269,
2026-08-18 00:02:23.024,pulse_batch,y,,,,,-3,,1673,-259,-247,0,4,,9172430620911,
2026-08-18 00:02:23.044,pulse_batch,y,,,,,-3,,1676,-262,-250,0,4,,9172451140715,
2026-08-18 00:02:23.064,pulse_batch,y,,,,,-3,,1679,-265,-253,0,4,,9172471541631,
2026-08-18 00:02:23.087,pulse_batch,y,,,,,-3,,1682,-268,-256,0,4,,9172494069534,
2026-08-18 00:02:23.107,pulse_batch,y,,,,,-3,,1685,-271,-259,0,4,,9172514585097,
2026-08-18 00:02:23.128,pulse_batch,y,,,,,-3,,1688,-274,-262,0,4,,9172535026975,
2026-08-18 00:02:23.149,pulse_batch,y,,,,,-3,,1691,-277,-265,0,4,,9172556258626,
2026-08-18 00:02:23.170,pulse_batch,y,,,,,-3,,1694,-280,-268,0,4,,9172577411167,
2026-08-18 00:02:23.191,pulse_batch,y,,,,,-3,,1697,-283,-271,0,4,,9172597857916,
2026-08-18 00:02:23.211,pulse_batch,y,,,,,-3,,1700,-286,-274,0,4,,9172618366146,
2026-08-18 00:02:23.236,pulse_batch,y,,,,,-3,,1703,-289,-277,0,4,,9172643017962,
2026-08-18 00:02:23.256,pulse_batch,y,,,,,-3,,1706,-292,-280,0,4,,9172663424952,
2026-08-18 00:02:23.278,pulse_batch,y,,,,,-3,,1709,-295,-283,0,4,,9172685593394,
2026-08-18 00:02:23.300,pulse_batch,y,,,,,-3,,1712,-298,-286,0,4,,9172707037674,
2026-08-18 00:02:23.320,pulse_batch,y,,,,,-3,,1715,-301,-289,0,4,,9172727480348,
2026-08-18 00:02:23.341,pulse_batch,y,,,,,-3,,1718,-304,-292,0,4,,9172747987634,
2026-08-18 00:02:23.363,pulse_batch,y,,,,,-3,,1721,-307,-295,0,4,,9172769963596,
2026-08-18 00:02:23.383,pulse_batch,y,,,,,-3,,1724,-310,-298,0,4,,9172790432955,
2026-08-18 00:02:23.404,pulse_batch,y,,,,,-3,,1727,-313,-301,0,4,,9172810914241,
2026-08-18 00:02:23.424,pulse_batch,y,,,,,-3,,1730,-316,-304,0,4,,9172831527544,
2026-08-18 00:02:23.445,pulse_batch,y,,,,,-3,,1733,-319,-307,0,4,,9172852036774,
2026-08-18 00:02:23.465,pulse_batch,y,,,,,-3,,1736,-322,-310,0,4,,9172872449338,
2026-08-18 00:02:23.486,pulse_batch,y,,,,,-3,,1739,-325,-313,0,4,,9172893303176,
2026-08-18 00:02:23.507,pulse_batch,y,,,,,-3,,1742,-328,-316,0,4,,9172913869980,
2026-08-18 00:02:23.527,pulse_batch,y,,,,,-3,,1745,-331,-319,0,4,,9172934344488,
2026-08-18 00:02:23.549,pulse_batch,y,,,,,-3,,1748,-334,-322,0,4,,9172956617522,
2026-08-18 00:02:23.571,pulse_batch,y,,,,,-3,,1751,-337,-325,0,4,,9172978008006,
2026-08-18 00:02:23.591,pulse_batch,y,,,,,-3,,1754,-340,-328,0,4,,9172998448458,
2026-08-18 00:02:23.608,pulse_batch,y,,,,,-2,,1756,-342,-330,0,4,,9173015513042,
2026-08-18 00:02:23.608,move_finish,y,,,5,,,,1756,-342,-330,0,4,,9173015655948,
2026-08-18 00:02:23.808,approach_source_finish,x,2,stored,,,,-1,,876,799,77,77,799,,
2026-08-18 00:02:23.808,approach_source_finish,y,2,stored,,,,-1,,-342,-330,0,4,-330,,
2026-08-18 00:02:23.812,move_start,x,,,6,-164,,-1,4054,876,799,77,77,,9173218967053,
2026-08-18 00:02:23.812,move_start,y,,,6,-14,,-1,1756,-342,-330,0,4,,9173219204885,
2026-08-18 00:02:23.816,pulse_batch,x,,,,,-1,,4055,875,799,76,77,,9173222834160,
2026-08-18 00:02:23.816,pulse_batch,y,,,,,-1,,1757,-343,-331,0,4,,9173223092159,
2026-08-18 00:02:23.837,pulse_batch,y,,,,,-3,,1760,-346,-334,0,4,,9173243985479,
2026-08-18 00:02:23.837,pulse_batch,x,,,,,-3,,4058,872,799,73,77,,9173244120144,
2026-08-18 00:02:23.857,pulse_batch,y,,,,,-3,,1763,-349,-337,0,4,,9173264441394,
2026-08-18 00:02:23.857,pulse_batch,x,,,,,-3,,4061,869,799,70,77,,9173264549986,
2026-08-18 00:02:23.878,pulse_batch,y,,,,,-3,,1766,-352,-340,0,4,,9173284918920,
2026-08-18 00:02:23.878,pulse_batch,x,,,,,-3,,4064,866,799,67,77,,9173285037938,
2026-08-18 00:02:23.899,pulse_batch,y,,,,,-3,,1769,-355,-343,0,4,,9173305857518,
2026-08-18 00:02:23.899,pulse_batch,x,,,,,-3,,4067,863,799,64,77,,9173306160016,
2026-08-18 00:02:23.909,pulse_batch,y,,,,,-1,,1770,-356,-344,0,4,,9173316042161,
2026-08-18 00:02:23.909,move_finish,y,,,6,,,,1770,-356,-344,0,4,,9173316299289,
2026-08-18 00:02:23.923,pulse_batch,x,,,,,-3,,4070,860,799,61,77,,9173329770931,
2026-08-18 00:02:23.943,pulse_batch,x,,,,,-3,,4073,857,799,58,77,,9173350226069,
2026-08-18 00:02:23.964,pulse_batch,x,,,,,-3,,4076,854,799,55,77,,9173371431998,
2026-08-18 00:02:23.985,pulse_batch,x,,,,,-3,,4079,851,799,52,77,,9173392260115,
2026-08-18 00:02:24.006,pulse_batch,x,,,,,-3,,4082,848,799,49,77,,9173412737400,
2026-08-18 00:02:24.029,pulse_batch,x,,,,,-3,,4085,845,799,46,77,,9173436432148,
2026-08-18 00:02:24.051,pulse_batch,x,,,,,-3,,4088,842,799,43,77,,9173457967965,
2026-08-18 00:02:24.071,pulse_batch,x,,,,,-3,,4091,839,799,40,77,,9173478443139,
2026-08-18 00:02:24.092,pulse_batch,x,,,,,-3,,4094,836,799,37,77,,9173499012313,
2026-08-18 00:02:24.112,pulse_batch,x,,,,,-3,,4097,833,799,34,77,,9173519547599,
2026-08-18 00:02:24.133,pulse_batch,x,,,,,-3,,4100,830,799,31,77,,9173539955348,
2026-08-18 00:02:24.154,pulse_batch,x,,,,,-3,,4103,827,799,28,77,,9173560817779,
2026-08-18 00:02:24.174,pulse_batch,x,,,,,-3,,4106,824,799,25,77,,9173581361268,
2026-08-18 00:02:24.195,pulse_batch,x,,,,,-3,,4109,821,799,22,77,,9173601777609,
2026-08-18 00:02:24.217,pulse_batch,x,,,,,-3,,4112,818,799,19,77,,9173623927163,
2026-08-18 00:02:24.239,pulse_batch,x,,,,,-3,,4115,815,799,16,77,,9173646411826,
2026-08-18 00:02:24.260,pulse_batch,x,,,,,-3,,4118,812,799,13,77,,9173666817815,
2026-08-18 00:02:24.280,pulse_batch,x,,,,,-3,,4121,809,799,10,77,,9173687588784,
2026-08-18 00:02:24.301,pulse_batch,x,,,,,-3,,4124,806,799,7,77,,9173708276661,
2026-08-18 00:02:24.322,pulse_batch,x,,,,,-3,,4127,803,799,4,77,,9173728713984,
2026-08-18 00:02:24.344,pulse_batch,x,,,,,-3,,4130,800,799,1,77,,9173751514330,
2026-08-18 00:02:24.365,pulse_batch,x,,,,,-3,,4133,797,797,0,77,,9173772400336,
2026-08-18 00:02:24.386,pulse_batch,x,,,,,-3,,4136,794,794,0,77,,9173792840566,
2026-08-18 00:02:24.408,pulse_batch,x,,,,,-3,,4139,791,791,0,77,,9173815479024,
2026-08-18 00:02:24.431,pulse_batch,x,,,,,-3,,4142,788,788,0,77,,9173837933335,
2026-08-18 00:02:24.451,pulse_batch,x,,,,,-3,,4145,785,785,0,77,,9173858508101,
2026-08-18 00:02:24.473,pulse_batch,x,,,,,-3,,4148,782,782,0,77,,9173880071510,
2026-08-18 00:02:24.497,pulse_batch,x,,,,,-3,,4151,779,779,0,77,,9173904171959,
2026-08-18 00:02:24.517,pulse_batch,x,,,,,-3,,4154,776,776,0,77,,9173924610060,
2026-08-18 00:02:24.539,pulse_batch,x,,,,,-3,,4157,773,773,0,77,,9173945098679,
2026-08-18 00:02:24.559,pulse_batch,x,,,,,-3,,4160,770,770,0,77,,9173965717815,
2026-08-18 00:02:24.579,pulse_batch,x,,,,,-3,,4163,767,767,0,77,,9173986217657,
2026-08-18 00:02:24.599,pulse_batch,x,,,,,-3,,4166,764,764,0,77,,9174006624369,
2026-08-18 00:02:24.621,pulse_batch,x,,,,,-3,,4169,761,761,0,77,,9174027747206,
2026-08-18 00:02:24.641,pulse_batch,x,,,,,-3,,4172,758,758,0,77,,9174048328472,
2026-08-18 00:02:24.662,pulse_batch,x,,,,,-3,,4175,755,755,0,77,,9174068747184,
2026-08-18 00:02:24.684,pulse_batch,x,,,,,-3,,4178,752,752,0,77,,9174091046681,
2026-08-18 00:02:24.707,pulse_batch,x,,,,,-3,,4181,749,749,0,77,,9174114452653,
2026-08-18 00:02:24.728,pulse_batch,x,,,,,-3,,4184,746,746,0,77,,9174134908402,
2026-08-18 00:02:24.749,pulse_batch,x,,,,,-3,,4187,743,743,0,77,,9174156089183,
2026-08-18 00:02:24.770,pulse_batch,x,,,,,-3,,4190,740,740,0,77,,9174176712431,
2026-08-18 00:02:24.790,pulse_batch,x,,,,,-3,,4193,737,737,0,77,,9174197283049,
2026-08-18 00:02:24.811,pulse_batch,x,,,,,-3,,4196,734,734,0,77,,9174217772539,
2026-08-18 00:02:24.832,pulse_batch,x,,,,,-3,,4199,731,731,0,77,,9174238535804,
2026-08-18 00:02:24.852,pulse_batch,x,,,,,-3,,4202,728,728,0,77,,9174259074164,
2026-08-18 00:02:24.872,pulse_batch,x,,,,,-3,,4205,725,725,0,77,,9174279584245,
2026-08-18 00:02:24.895,pulse_batch,x,,,,,-3,,4208,722,722,0,77,,9174301728688,
2026-08-18 00:02:24.915,pulse_batch,x,,,,,-3,,4211,719,719,0,77,,9174322490620,
2026-08-18 00:02:24.936,pulse_batch,x,,,,,-3,,4214,716,716,0,77,,9174342956072,
2026-08-18 00:02:24.958,pulse_batch,x,,,,,-3,,4217,713,713,0,77,,9174365181273,
2026-08-18 00:02:24.969,pulse_batch,x,,,,,-1,,4218,712,712,0,77,,9174376129486,
2026-08-18 00:02:24.969,move_finish,x,,,6,,,,4218,712,712,0,77,,9174376500891,
2026-08-18 00:02:25.144,target_finish,x,2,stored,,,,,,712,712,0,77,712,,ok=True
2026-08-18 00:02:25.144,target_finish,y,2,stored,,,,,,-356,-344,0,4,-344,,ok=True
2026-08-18 00:02:30.159,target_start,x,3,stored,,,,,,712,712,0,77,693,,
2026-08-18 00:02:30.159,target_start,y,3,stored,,,,,,-356,-344,0,4,-544,,
2026-08-18 00:02:30.159,approach_source_start,x,3,stored,,,,-1,,712,712,0,77,780,,
2026-08-18 00:02:30.159,approach_source_start,y,3,stored,,,,-1,,-356,-344,0,4,-530,,
2026-08-18 00:02:30.164,move_start,y,,,7,-186,,-1,1770,-356,-344,0,4,,9179571225941,
2026-08-18 00:02:30.164,move_start,x,,,7,145,,1,4218,712,712,0,77,,9179571311385,
2026-08-18 00:02:30.168,pulse_batch,x,,,,,1,,4219,713,712,1,77,,9179575059678,
2026-08-18 00:02:30.168,pulse_batch,y,,,,,-1,,1771,-357,-345,0,4,,9179575316361,
2026-08-18 00:02:30.189,pulse_batch,x,,,,,3,,4222,716,712,4,77,,9179595794777,
2026-08-18 00:02:30.189,pulse_batch,y,,,,,-3,,1774,-360,-348,0,4,,9179596299478,
2026-08-18 00:02:30.209,pulse_batch,x,,,,,3,,4225,719,712,7,77,,9179616189712,
2026-08-18 00:02:30.210,pulse_batch,y,,,,,-3,,1777,-363,-351,0,4,,9179617026725,
2026-08-18 00:02:30.232,pulse_batch,x,,,,,3,,4228,722,712,10,77,,9179638935725,
2026-08-18 00:02:30.235,pulse_batch,y,,,,,-3,,1780,-366,-354,0,4,,9179642463297,
2026-08-18 00:02:30.253,pulse_batch,x,,,,,3,,4231,725,712,13,77,,9179659704157,
2026-08-18 00:02:30.256,pulse_batch,y,,,,,-3,,1783,-369,-357,0,4,,9179663102230,
2026-08-18 00:02:30.276,pulse_batch,x,,,,,3,,4234,728,712,16,77,,9179682916872,
2026-08-18 00:02:30.277,pulse_batch,y,,,,,-3,,1786,-372,-360,0,4,,9179683789070,
2026-08-18 00:02:30.297,pulse_batch,x,,,,,3,,4237,731,712,19,77,,9179703969043,
2026-08-18 00:02:30.297,pulse_batch,y,,,,,-3,,1789,-375,-363,0,4,,9179704408318,
2026-08-18 00:02:30.318,pulse_batch,x,,,,,3,,4240,734,712,22,77,,9179724707976,
2026-08-18 00:02:30.318,pulse_batch,y,,,,,-3,,1792,-378,-366,0,4,,9179725038807,
2026-08-18 00:02:30.338,pulse_batch,x,,,,,3,,4243,737,712,25,77,,9179745226688,
2026-08-18 00:02:30.338,pulse_batch,y,,,,,-3,,1795,-381,-369,0,4,,9179745516704,
2026-08-18 00:02:30.359,pulse_batch,x,,,,,3,,4246,740,712,28,77,,9179765871269,
2026-08-18 00:02:30.362,pulse_batch,y,,,,,-3,,1798,-384,-372,0,4,,9179769298952,
2026-08-18 00:02:30.380,pulse_batch,x,,,,,3,,4249,743,712,31,77,,9179786830348,
2026-08-18 00:02:30.383,pulse_batch,y,,,,,-3,,1801,-387,-375,0,4,,9179789861775,
2026-08-18 00:02:30.400,pulse_batch,x,,,,,3,,4252,746,712,34,77,,9179807278598,
2026-08-18 00:02:30.403,pulse_batch,y,,,,,-3,,1804,-390,-378,0,4,,9179810325302,
2026-08-18 00:02:30.421,pulse_batch,x,,,,,3,,4255,749,712,37,77,,9179828046215,
2026-08-18 00:02:30.426,pulse_batch,y,,,,,-3,,1807,-393,-381,0,4,,9179833098833,
2026-08-18 00:02:30.443,pulse_batch,x,,,,,3,,4258,752,712,40,77,,9179850384768,
2026-08-18 00:02:30.447,pulse_batch,y,,,,,-3,,1810,-396,-384,0,4,,9179853807137,
2026-08-18 00:02:30.464,pulse_batch,x,,,,,3,,4261,755,712,43,77,,9179870932220,
2026-08-18 00:02:30.467,pulse_batch,y,,,,,-3,,1813,-399,-387,0,4,,9179874296034,
2026-08-18 00:02:30.485,pulse_batch,x,,,,,3,,4264,758,712,46,77,,9179891689875,
2026-08-18 00:02:30.488,pulse_batch,y,,,,,-3,,1816,-402,-390,0,4,,9179895096114,
2026-08-18 00:02:30.507,pulse_batch,x,,,,,3,,4267,761,712,49,77,,9179914344315,
2026-08-18 00:02:30.510,pulse_batch,y,,,,,-3,,1819,-405,-393,0,4,,9179917135521,
2026-08-18 00:02:30.528,pulse_batch,x,,,,,3,,4270,764,712,52,77,,9179934899508,
2026-08-18 00:02:30.531,pulse_batch,y,,,,,-3,,1822,-408,-396,0,4,,9179937703139,
2026-08-18 00:02:30.548,pulse_batch,x,,,,,3,,4273,767,712,55,77,,9179955374886,
2026-08-18 00:02:30.551,pulse_batch,y,,,,,-3,,1825,-411,-399,0,4,,9179958277814,
2026-08-18 00:02:30.569,pulse_batch,x,,,,,3,,4276,770,712,58,77,,9179976605761,
2026-08-18 00:02:30.573,pulse_batch,y,,,,,-3,,1828,-414,-402,0,4,,9179980160721,
2026-08-18 00:02:30.591,pulse_batch,x,,,,,3,,4279,773,712,61,77,,9179997750746,
2026-08-18 00:02:30.593,pulse_batch,y,,,,,-3,,1831,-417,-405,0,4,,9180000620322,
2026-08-18 00:02:30.611,pulse_batch,x,,,,,3,,4282,776,712,64,77,,9180018202255,
2026-08-18 00:02:30.614,pulse_batch,y,,,,,-3,,1834,-420,-408,0,4,,9180021384755,
2026-08-18 00:02:30.632,pulse_batch,x,,,,,3,,4285,779,712,67,77,,9180039114390,
2026-08-18 00:02:30.635,pulse_batch,y,,,,,-3,,1837,-423,-411,0,4,,9180042628795,
2026-08-18 00:02:30.653,pulse_batch,x,,,,,3,,4288,782,712,70,77,,9180059913230,
2026-08-18 00:02:30.656,pulse_batch,y,,,,,-3,,1840,-426,-414,0,4,,9180063522023,
2026-08-18 00:02:30.673,pulse_batch,x,,,,,3,,4291,785,712,73,77,,9180080319424,
2026-08-18 00:02:30.677,pulse_batch,y,,,,,-3,,1843,-429,-417,0,4,,9180084524936,
2026-08-18 00:02:30.696,pulse_batch,x,,,,,3,,4294,788,712,76,77,,9180102670402,
2026-08-18 00:02:30.699,pulse_batch,y,,,,,-3,,1846,-432,-420,0,4,,9180106489324,
2026-08-18 00:02:30.717,pulse_batch,x,,,,,3,,4297,791,714,77,77,,9180123671408,
2026-08-18 00:02:30.720,pulse_batch,y,,,,,-3,,1849,-435,-423,0,4,,9180127021684,
2026-08-18 00:02:30.737,pulse_batch,x,,,,,3,,4300,794,717,77,77,,9180144192582,
2026-08-18 00:02:30.741,pulse_batch,y,,,,,-3,,1852,-438,-426,0,4,,9180148056263,
2026-08-18 00:02:30.759,pulse_batch,x,,,,,3,,4303,797,720,77,77,,9180166188563,
2026-08-18 00:02:30.763,pulse_batch,y,,,,,-3,,1855,-441,-429,0,4,,9180169709412,
2026-08-18 00:02:30.780,pulse_batch,x,,,,,3,,4306,800,723,77,77,,9180186845292,
2026-08-18 00:02:30.783,pulse_batch,y,,,,,-3,,1858,-444,-432,0,4,,9180190183476,
2026-08-18 00:02:30.800,pulse_batch,x,,,,,3,,4309,803,726,77,77,,9180207383782,
2026-08-18 00:02:30.803,pulse_batch,y,,,,,-3,,1861,-447,-435,0,4,,9180210618911,
2026-08-18 00:02:30.821,pulse_batch,x,,,,,3,,4312,806,729,77,77,,9180228220121,
2026-08-18 00:02:30.827,pulse_batch,y,,,,,-3,,1864,-450,-438,0,4,,9180233752477,
2026-08-18 00:02:30.844,pulse_batch,x,,,,,3,,4315,809,732,77,77,,9180251320188,
2026-08-18 00:02:30.847,pulse_batch,y,,,,,-3,,1867,-453,-441,0,4,,9180254537558,
2026-08-18 00:02:30.865,pulse_batch,x,,,,,3,,4318,812,735,77,77,,9180271834326,
2026-08-18 00:02:30.868,pulse_batch,y,,,,,-3,,1870,-456,-444,0,4,,9180274981177,
2026-08-18 00:02:30.885,pulse_batch,x,,,,,3,,4321,815,738,77,77,,9180292326278,
2026-08-18 00:02:30.888,pulse_batch,y,,,,,-3,,1873,-459,-447,0,4,,9180295482074,
2026-08-18 00:02:30.907,pulse_batch,x,,,,,3,,4324,818,741,77,77,,9180313587745,
2026-08-18 00:02:30.910,pulse_batch,y,,,,,-3,,1876,-462,-450,0,4,,9180316985799,
2026-08-18 00:02:30.929,pulse_batch,x,,,,,3,,4327,821,744,77,77,,9180336275444,
2026-08-18 00:02:30.930,pulse_batch,y,,,,,-3,,1879,-465,-453,0,4,,9180337471270,
2026-08-18 00:02:30.950,pulse_batch,x,,,,,3,,4330,824,747,77,77,,9180356768415,
2026-08-18 00:02:30.951,pulse_batch,y,,,,,-3,,1882,-468,-456,0,4,,9180357964037,
2026-08-18 00:02:30.971,pulse_batch,x,,,,,3,,4333,827,750,77,77,,9180378480953,
2026-08-18 00:02:30.971,pulse_batch,y,,,,,-3,,1885,-471,-459,0,4,,9180378674785,
2026-08-18 00:02:30.992,pulse_batch,x,,,,,3,,4336,830,753,77,77,,9180399051905,
2026-08-18 00:02:30.992,pulse_batch,y,,,,,-3,,1888,-474,-462,0,4,,9180399290126,
2026-08-18 00:02:31.012,pulse_batch,x,,,,,3,,4339,833,756,77,77,,9180419599283,
2026-08-18 00:02:31.013,pulse_batch,y,,,,,-3,,1891,-477,-465,0,4,,9180419827782,
2026-08-18 00:02:31.034,pulse_batch,x,,,,,3,,4342,836,759,77,77,,9180440793454,
2026-08-18 00:02:31.034,pulse_batch,y,,,,,-3,,1894,-480,-468,0,4,,9180440709251,
2026-08-18 00:02:31.054,pulse_batch,y,,,,,-3,,1897,-483,-471,0,4,,9180461275036,
2026-08-18 00:02:31.057,pulse_batch,x,,,,,3,,4345,839,762,77,77,,9180464192945,
2026-08-18 00:02:31.075,pulse_batch,y,,,,,-3,,1900,-486,-474,0,4,,9180481713119,
2026-08-18 00:02:31.078,pulse_batch,x,,,,,3,,4348,842,765,77,77,,9180485165802,
2026-08-18 00:02:31.096,pulse_batch,y,,,,,-3,,1903,-489,-477,0,4,,9180503445805,
2026-08-18 00:02:31.100,pulse_batch,x,,,,,3,,4351,845,768,77,77,,9180507262431,
2026-08-18 00:02:31.117,pulse_batch,y,,,,,-3,,1906,-492,-480,0,4,,9180524461255,
2026-08-18 00:02:31.121,pulse_batch,x,,,,,3,,4354,848,771,77,77,,9180528160825,
2026-08-18 00:02:31.138,pulse_batch,y,,,,,-3,,1909,-495,-483,0,4,,9180544891300,
2026-08-18 00:02:31.143,pulse_batch,x,,,,,3,,4357,851,774,77,77,,9180550001992,
2026-08-18 00:02:31.160,pulse_batch,y,,,,,-3,,1912,-498,-486,0,4,,9180567181705,
2026-08-18 00:02:31.164,pulse_batch,x,,,,,3,,4360,854,777,77,77,,9180570709685,
2026-08-18 00:02:31.181,pulse_batch,y,,,,,-3,,1915,-501,-489,0,4,,9180587972156,
2026-08-18 00:02:31.184,pulse_batch,x,,,,,3,,4363,857,780,77,77,,9180591275026,
2026-08-18 00:02:31.188,move_finish,x,,,7,,,,4363,857,780,77,77,,9180594788301,
2026-08-18 00:02:31.202,pulse_batch,y,,,,,-3,,1918,-504,-492,0,4,,9180608756348,
2026-08-18 00:02:31.222,pulse_batch,y,,,,,-3,,1921,-507,-495,0,4,,9180629498410,
2026-08-18 00:02:31.246,pulse_batch,y,,,,,-3,,1924,-510,-498,0,4,,9180652772402,
2026-08-18 00:02:31.267,pulse_batch,y,,,,,-3,,1927,-513,-501,0,4,,9180673878166,
2026-08-18 00:02:31.288,pulse_batch,y,,,,,-3,,1930,-516,-504,0,4,,9180695368465,
2026-08-18 00:02:31.310,pulse_batch,y,,,,,-3,,1933,-519,-507,0,4,,9180717371279,
2026-08-18 00:02:31.331,pulse_batch,y,,,,,-3,,1936,-522,-510,0,4,,9180737909731,
2026-08-18 00:02:31.352,pulse_batch,y,,,,,-3,,1939,-525,-513,0,4,,9180758955995,
2026-08-18 00:02:31.373,pulse_batch,y,,,,,-3,,1942,-528,-516,0,4,,9180780239184,
2026-08-18 00:02:31.394,pulse_batch,y,,,,,-3,,1945,-531,-519,0,4,,9180801260393,
2026-08-18 00:02:31.415,pulse_batch,y,,,,,-3,,1948,-534,-522,0,4,,9180821854845,
2026-08-18 00:02:31.436,pulse_batch,y,,,,,-3,,1951,-537,-525,0,4,,9180843594087,
2026-08-18 00:02:31.458,pulse_batch,y,,,,,-3,,1954,-540,-528,0,4,,9180864845590,
2026-08-18 00:02:31.475,pulse_batch,y,,,,,-2,,1956,-542,-530,0,4,,9180881900804,
2026-08-18 00:02:31.475,move_finish,y,,,7,,,,1956,-542,-530,0,4,,9180882087414,
2026-08-18 00:02:31.616,approach_source_finish,x,3,stored,,,,-1,,857,780,77,77,780,,
2026-08-18 00:02:31.616,approach_source_finish,y,3,stored,,,,-1,,-542,-530,0,4,-530,,
2026-08-18 00:02:31.622,move_start,y,,,8,-14,,-1,1956,-542,-530,0,4,,9181028680342,
2026-08-18 00:02:31.622,move_start,x,,,8,-164,,-1,4363,857,780,77,77,,9181028958285,
2026-08-18 00:02:31.626,pulse_batch,y,,,,,-1,,1957,-543,-531,0,4,,9181032611152,
2026-08-18 00:02:31.626,pulse_batch,x,,,,,-1,,4364,856,780,76,77,,9181032713189,
2026-08-18 00:02:31.646,pulse_batch,y,,,,,-3,,1960,-546,-534,0,4,,9181053262771,
2026-08-18 00:02:31.646,pulse_batch,x,,,,,-3,,4367,853,780,73,77,,9181053350678,
2026-08-18 00:02:31.667,pulse_batch,x,,,,,-3,,4370,850,780,70,77,,9181073894297,
2026-08-18 00:02:31.667,pulse_batch,y,,,,,-3,,1963,-549,-537,0,4,,9181073954796,
2026-08-18 00:02:31.687,pulse_batch,x,,,,,-3,,4373,847,780,67,77,,9181094355342,
2026-08-18 00:02:31.687,pulse_batch,y,,,,,-3,,1966,-552,-540,0,4,,9181094544526,
2026-08-18 00:02:31.710,pulse_batch,x,,,,,-3,,4376,844,780,64,77,,9181117298317,
2026-08-18 00:02:31.712,pulse_batch,y,,,,,-3,,1969,-555,-543,0,4,,9181118997752,
2026-08-18 00:02:31.722,pulse_batch,y,,,,,-1,,1970,-556,-544,0,4,,9181129229654,
2026-08-18 00:02:31.722,move_finish,y,,,8,,,,1970,-556,-544,0,4,,9181129535634,
2026-08-18 00:02:31.731,pulse_batch,x,,,,,-3,,4379,841,780,61,77,,9181137758585,
2026-08-18 00:02:31.751,pulse_batch,x,,,,,-3,,4382,838,780,58,77,,9181158299723,
2026-08-18 00:02:31.774,pulse_batch,x,,,,,-3,,4385,835,780,55,77,,9181181128532,
2026-08-18 00:02:31.795,pulse_batch,x,,,,,-3,,4388,832,780,52,77,,9181201840502,
2026-08-18 00:02:31.815,pulse_batch,x,,,,,-3,,4391,829,780,49,77,,9181222324362,
2026-08-18 00:02:31.840,pulse_batch,x,,,,,-3,,4394,826,780,46,77,,9181247278547,
2026-08-18 00:02:31.861,pulse_batch,x,,,,,-3,,4397,823,780,43,77,,9181267817203,
2026-08-18 00:02:31.881,pulse_batch,x,,,,,-3,,4400,820,780,40,77,,9181288299656,
2026-08-18 00:02:31.903,pulse_batch,x,,,,,-3,,4403,817,780,37,77,,9181310053861,
2026-08-18 00:02:31.924,pulse_batch,x,,,,,-3,,4406,814,780,34,77,,9181330654257,
2026-08-18 00:02:31.944,pulse_batch,x,,,,,-3,,4409,811,780,31,77,,9181351080970,
2026-08-18 00:02:31.966,pulse_batch,x,,,,,-3,,4412,808,780,28,77,,9181373357152,
2026-08-18 00:02:31.990,pulse_batch,x,,,,,-3,,4415,805,780,25,77,,9181397266789,
2026-08-18 00:02:32.011,pulse_batch,x,,,,,-3,,4418,802,780,22,77,,9181417693871,
2026-08-18 00:02:32.034,pulse_batch,x,,,,,-3,,4421,799,780,19,77,,9181441306120,
2026-08-18 00:02:32.055,pulse_batch,x,,,,,-3,,4424,796,780,16,77,,9181461860406,
2026-08-18 00:02:32.075,pulse_batch,x,,,,,-3,,4427,793,780,13,77,,9181482337489,
2026-08-18 00:02:32.097,pulse_batch,x,,,,,-3,,4430,790,780,10,77,,9181503716640,
2026-08-18 00:02:32.119,pulse_batch,x,,,,,-3,,4433,787,780,7,77,,9181525898508,
2026-08-18 00:02:32.139,pulse_batch,x,,,,,-3,,4436,784,780,4,77,,9181546403980,
2026-08-18 00:02:32.161,pulse_batch,x,,,,,-3,,4439,781,780,1,77,,9181568029111,
2026-08-18 00:02:32.182,pulse_batch,x,,,,,-3,,4442,778,778,0,77,,9181589362762,
2026-08-18 00:02:32.203,pulse_batch,x,,,,,-3,,4445,775,775,0,77,,9181609922215,
2026-08-18 00:02:32.224,pulse_batch,x,,,,,-3,,4448,772,772,0,77,,9181630503593,
2026-08-18 00:02:32.247,pulse_batch,x,,,,,-3,,4451,769,769,0,77,,9181653887177,
2026-08-18 00:02:32.267,pulse_batch,x,,,,,-3,,4454,766,766,0,77,,9181674448036,
2026-08-18 00:02:32.288,pulse_batch,x,,,,,-3,,4457,763,763,0,77,,9181694948230,
2026-08-18 00:02:32.310,pulse_batch,x,,,,,-3,,4460,760,760,0,77,,9181717463245,
2026-08-18 00:02:32.331,pulse_batch,x,,,,,-3,,4463,757,757,0,77,,9181738044178,
2026-08-18 00:02:32.351,pulse_batch,x,,,,,-3,,4466,754,754,0,77,,9181758527483,
2026-08-18 00:02:32.374,pulse_batch,x,,,,,-3,,4469,751,751,0,77,,9181780602927,
2026-08-18 00:02:32.394,pulse_batch,x,,,,,-3,,4472,748,748,0,77,,9181801164157,
2026-08-18 00:02:32.415,pulse_batch,x,,,,,-3,,4475,745,745,0,77,,9181821650184,
2026-08-18 00:02:32.435,pulse_batch,x,,,,,-3,,4478,742,742,0,77,,9181842150414,
2026-08-18 00:02:32.456,pulse_batch,x,,,,,-3,,4481,739,739,0,77,,9181862819810,
2026-08-18 00:02:32.476,pulse_batch,x,,,,,-3,,4484,736,736,0,77,,9181883271022,
2026-08-18 00:02:32.498,pulse_batch,x,,,,,-3,,4487,733,733,0,77,,9181905323262,
2026-08-18 00:02:32.519,pulse_batch,x,,,,,-3,,4490,730,730,0,77,,9181925948899,
2026-08-18 00:02:32.539,pulse_batch,x,,,,,-3,,4493,727,727,0,77,,9181946410815,
2026-08-18 00:02:32.562,pulse_batch,x,,,,,-3,,4496,724,724,0,77,,9181968937997,
2026-08-18 00:02:32.582,pulse_batch,x,,,,,-3,,4499,721,721,0,77,,9181989618393,
2026-08-18 00:02:32.603,pulse_batch,x,,,,,-3,,4502,718,718,0,77,,9182010073216,
2026-08-18 00:02:32.625,pulse_batch,x,,,,,-3,,4505,715,715,0,77,,9182031966420,
2026-08-18 00:02:32.647,pulse_batch,x,,,,,-3,,4508,712,712,0,77,,9182054349547,
2026-08-18 00:02:32.668,pulse_batch,x,,,,,-3,,4511,709,709,0,77,,9182074767704,
2026-08-18 00:02:32.689,pulse_batch,x,,,,,-3,,4514,706,706,0,77,,9182095673913,
2026-08-18 00:02:32.709,pulse_batch,x,,,,,-3,,4517,703,703,0,77,,9182116413327,
2026-08-18 00:02:32.730,pulse_batch,x,,,,,-3,,4520,700,700,0,77,,9182136905243,
2026-08-18 00:02:32.750,pulse_batch,x,,,,,-3,,4523,697,697,0,77,,9182157370733,
2026-08-18 00:02:32.772,pulse_batch,x,,,,,-3,,4526,694,694,0,77,,9182178939791,
2026-08-18 00:02:32.782,pulse_batch,x,,,,,-1,,4527,693,693,0,77,,9182189167656,
2026-08-18 00:02:32.782,move_finish,x,,,8,,,,4527,693,693,0,77,,9182189597802,
2026-08-18 00:02:32.949,target_finish,x,3,stored,,,,,,693,693,0,77,693,,ok=True
2026-08-18 00:02:32.950,target_finish,y,3,stored,,,,,,-556,-544,0,4,-544,,ok=True
2026-08-18 00:02:47.438,continuous_start,y,,,,,,1,1970,-556,-544,0,4,,9196845266613,
2026-08-18 00:02:47.443,pulse_batch,y,,,,,1,,1971,-555,-544,1,4,,9196850651748,
2026-08-18 00:02:47.464,pulse_batch,y,,,,,2,,1973,-553,-544,3,4,,9196871056555,
2026-08-18 00:02:47.484,pulse_batch,y,,,,,2,,1975,-551,-543,4,4,,9196891365176,
2026-08-18 00:02:47.509,pulse_batch,y,,,,,2,,1977,-549,-541,4,4,,9196915815718,
2026-08-18 00:02:47.530,pulse_batch,y,,,,,2,,1979,-547,-539,4,4,,9196937157111,
2026-08-18 00:02:47.550,pulse_batch,y,,,,,2,,1981,-545,-537,4,4,,9196957462307,
2026-08-18 00:02:47.572,pulse_batch,y,,,,,2,,1983,-543,-535,4,4,,9196979518862,
2026-08-18 00:02:47.595,pulse_batch,y,,,,,2,,1985,-541,-533,4,4,,9197002325691,
2026-08-18 00:02:47.615,pulse_batch,y,,,,,2,,1987,-539,-531,4,4,,9197022645405,
2026-08-18 00:02:47.636,pulse_batch,y,,,,,2,,1989,-537,-529,4,4,,9197043080471,
2026-08-18 00:02:47.656,pulse_batch,y,,,,,2,,1991,-535,-527,4,4,,9197063431925,
2026-08-18 00:02:47.677,pulse_batch,y,,,,,2,,1993,-533,-525,4,4,,9197083735565,
2026-08-18 00:02:47.697,pulse_batch,y,,,,,2,,1995,-531,-523,4,4,,9197104092594,
2026-08-18 00:02:47.717,pulse_batch,y,,,,,2,,1997,-529,-521,4,4,,9197124520344,
2026-08-18 00:02:47.738,pulse_batch,y,,,,,2,,1999,-527,-519,4,4,,9197144835892,
2026-08-18 00:02:47.758,pulse_batch,y,,,,,2,,2001,-525,-517,4,4,,9197165133773,
2026-08-18 00:02:47.778,pulse_batch,y,,,,,2,,2003,-523,-515,4,4,,9197185512708,
2026-08-18 00:02:47.799,pulse_batch,y,,,,,2,,2005,-521,-513,4,4,,9197205919200,
2026-08-18 00:02:47.819,pulse_batch,y,,,,,2,,2007,-519,-511,4,4,,9197226208044,
2026-08-18 00:02:47.840,pulse_batch,y,,,,,2,,2009,-517,-509,4,4,,9197246658683,
2026-08-18 00:02:47.860,pulse_batch,y,,,,,2,,2011,-515,-507,4,4,,9197267042767,
2026-08-18 00:02:47.880,pulse_batch,y,,,,,2,,2013,-513,-505,4,4,,9197287336907,
2026-08-18 00:02:47.901,pulse_batch,y,,,,,2,,2015,-511,-503,4,4,,9197307918471,
2026-08-18 00:02:47.921,pulse_batch,y,,,,,2,,2017,-509,-501,4,4,,9197328355814,
2026-08-18 00:02:47.942,pulse_batch,y,,,,,2,,2019,-507,-499,4,4,,9197348681028,
2026-08-18 00:02:47.962,pulse_batch,y,,,,,2,,2021,-505,-497,4,4,,9197369008465,
2026-08-18 00:02:47.983,pulse_batch,y,,,,,2,,2023,-503,-495,4,4,,9197389733250,
2026-08-18 00:02:48.003,pulse_batch,y,,,,,2,,2025,-501,-493,4,4,,9197410059187,
2026-08-18 00:02:48.023,pulse_batch,y,,,,,2,,2027,-499,-491,4,4,,9197430381456,
2026-08-18 00:02:48.044,pulse_batch,y,,,,,2,,2029,-497,-489,4,4,,9197451457370,
2026-08-18 00:02:48.065,pulse_batch,y,,,,,2,,2031,-495,-487,4,4,,9197471847065,
2026-08-18 00:02:48.085,pulse_batch,y,,,,,2,,2033,-493,-485,4,4,,9197492117446,
2026-08-18 00:02:48.106,pulse_batch,y,,,,,2,,2035,-491,-483,4,4,,9197512967916,
2026-08-18 00:02:48.126,pulse_batch,y,,,,,2,,2037,-489,-481,4,4,,9197533351556,
2026-08-18 00:02:48.146,pulse_batch,y,,,,,2,,2039,-487,-479,4,4,,9197553652807,
2026-08-18 00:02:48.168,pulse_batch,y,,,,,2,,2041,-485,-477,4,4,,9197574715072,
2026-08-18 00:02:48.188,pulse_batch,y,,,,,2,,2043,-483,-475,4,4,,9197595099194,
2026-08-18 00:02:48.208,pulse_batch,y,,,,,2,,2045,-481,-473,4,4,,9197615440963,
2026-08-18 00:02:48.229,pulse_batch,y,,,,,2,,2047,-479,-471,4,4,,9197635783121,
2026-08-18 00:02:48.250,pulse_batch,y,,,,,2,,2049,-477,-469,4,4,,9197656769295,
2026-08-18 00:02:48.270,pulse_batch,y,,,,,2,,2051,-475,-467,4,4,,9197677114805,
2026-08-18 00:02:48.290,pulse_batch,y,,,,,2,,2053,-473,-465,4,4,,9197697389575,
2026-08-18 00:02:48.311,pulse_batch,y,,,,,2,,2055,-471,-463,4,4,,9197718362600,
2026-08-18 00:02:48.332,pulse_batch,y,,,,,2,,2057,-469,-461,4,4,,9197738749517,
2026-08-18 00:02:48.352,pulse_batch,y,,,,,2,,2059,-467,-459,4,4,,9197759041491,
2026-08-18 00:02:48.374,pulse_batch,y,,,,,2,,2061,-465,-457,4,4,,9197781092954,
2026-08-18 00:02:48.394,pulse_batch,y,,,,,2,,2063,-463,-455,4,4,,9197801433779,
2026-08-18 00:02:48.415,pulse_batch,y,,,,,2,,2065,-461,-453,4,4,,9197821758419,
2026-08-18 00:02:48.435,pulse_batch,y,,,,,2,,2067,-459,-451,4,4,,9197842136874,
2026-08-18 00:02:48.455,pulse_batch,y,,,,,2,,2069,-457,-449,4,4,,9197862591143,
2026-08-18 00:02:48.476,pulse_batch,y,,,,,2,,2071,-455,-447,4,4,,9197882927708,
2026-08-18 00:02:48.496,pulse_batch,y,,,,,2,,2073,-453,-445,4,4,,9197903266200,
2026-08-18 00:02:48.517,pulse_batch,y,,,,,2,,2075,-451,-443,4,4,,9197923820598,
2026-08-18 00:02:48.537,pulse_batch,y,,,,,2,,2077,-449,-441,4,4,,9197944048905,
2026-08-18 00:02:48.557,pulse_batch,y,,,,,2,,2079,-447,-439,4,4,,9197964322805,
2026-08-18 00:02:48.578,pulse_batch,y,,,,,2,,2081,-445,-437,4,4,,9197985314089,
2026-08-18 00:02:48.599,pulse_batch,y,,,,,2,,2083,-443,-435,4,4,,9198005697784,
2026-08-18 00:02:48.619,pulse_batch,y,,,,,2,,2085,-441,-433,4,4,,9198026035128,
2026-08-18 00:02:48.640,pulse_batch,y,,,,,2,,2087,-439,-431,4,4,,9198046926413,
2026-08-18 00:02:48.660,pulse_batch,y,,,,,2,,2089,-437,-429,4,4,,9198067283090,
2026-08-18 00:02:48.680,pulse_batch,y,,,,,2,,2091,-435,-427,4,4,,9198087567841,
2026-08-18 00:02:48.701,pulse_batch,y,,,,,2,,2093,-433,-425,4,4,,9198108451552,
2026-08-18 00:02:48.722,pulse_batch,y,,,,,2,,2095,-431,-423,4,4,,9198129264374,
2026-08-18 00:02:48.742,pulse_batch,y,,,,,2,,2097,-429,-421,4,4,,9198149572996,
2026-08-18 00:02:48.763,pulse_batch,y,,,,,2,,2099,-427,-419,4,4,,9198169879117,
2026-08-18 00:02:48.785,pulse_batch,y,,,,,2,,2101,-425,-417,4,4,,9198192161987,
2026-08-18 00:02:48.805,pulse_batch,y,,,,,2,,2103,-423,-415,4,4,,9198212444738,
2026-08-18 00:02:48.826,pulse_batch,y,,,,,2,,2105,-421,-413,4,4,,9198232779859,
2026-08-18 00:02:48.847,pulse_batch,y,,,,,2,,2107,-419,-411,4,4,,9198253950587,
2026-08-18 00:02:48.867,pulse_batch,y,,,,,2,,2109,-417,-409,4,4,,9198274347319,
2026-08-18 00:02:48.887,pulse_batch,y,,,,,2,,2111,-415,-407,4,4,,9198294618182,
2026-08-18 00:02:48.908,pulse_batch,y,,,,,2,,2113,-413,-405,4,4,,9198315216098,
2026-08-18 00:02:48.928,pulse_batch,y,,,,,2,,2115,-411,-403,4,4,,9198335570460,
2026-08-18 00:02:48.949,pulse_batch,y,,,,,2,,2117,-409,-401,4,4,,9198355875119,
2026-08-18 00:02:48.969,pulse_batch,y,,,,,2,,2119,-407,-399,4,4,,9198376327184,
2026-08-18 00:02:48.990,pulse_batch,y,,,,,2,,2121,-405,-397,4,4,,9198396702601,
2026-08-18 00:02:49.010,pulse_batch,y,,,,,2,,2123,-403,-395,4,4,,9198417024204,
2026-08-18 00:02:49.030,pulse_batch,y,,,,,2,,2125,-401,-393,4,4,,9198437373955,
2026-08-18 00:02:49.051,pulse_batch,y,,,,,2,,2127,-399,-391,4,4,,9198457801521,
2026-08-18 00:02:49.071,pulse_batch,y,,,,,2,,2129,-397,-389,4,4,,9198478120235,
2026-08-18 00:02:49.091,pulse_batch,y,,,,,2,,2131,-395,-387,4,4,,9198498390857,
2026-08-18 00:02:49.112,pulse_batch,y,,,,,2,,2133,-393,-385,4,4,,9198519127328,
2026-08-18 00:02:49.132,pulse_batch,y,,,,,2,,2135,-391,-383,4,4,,9198539555504,
2026-08-18 00:02:49.153,pulse_batch,y,,,,,2,,2137,-389,-381,4,4,,9198559854071,
2026-08-18 00:02:49.174,pulse_batch,y,,,,,2,,2139,-387,-379,4,4,,9198580768911,
2026-08-18 00:02:49.194,pulse_batch,y,,,,,2,,2141,-385,-377,4,4,,9198601195810,
2026-08-18 00:02:49.214,pulse_batch,y,,,,,2,,2143,-383,-375,4,4,,9198621493024,
2026-08-18 00:02:49.235,pulse_batch,y,,,,,2,,2145,-381,-373,4,4,,9198642390661,
2026-08-18 00:02:49.256,pulse_batch,y,,,,,2,,2147,-379,-371,4,4,,9198662835837,
2026-08-18 00:02:49.276,pulse_batch,y,,,,,2,,2149,-377,-369,4,4,,9198683195866,
2026-08-18 00:02:49.296,pulse_batch,y,,,,,2,,2151,-375,-367,4,4,,9198703499987,
2026-08-18 00:02:49.317,pulse_batch,y,,,,,2,,2153,-373,-365,4,4,,9198724343995,
2026-08-18 00:02:49.338,pulse_batch,y,,,,,2,,2155,-371,-363,4,4,,9198744695468,
2026-08-18 00:02:49.358,pulse_batch,y,,,,,2,,2157,-369,-361,4,4,,9198764991997,
2026-08-18 00:02:49.379,pulse_batch,y,,,,,2,,2159,-367,-359,4,4,,9198786262780,
2026-08-18 00:02:49.400,pulse_batch,y,,,,,2,,2161,-365,-357,4,4,,9198807401008,
2026-08-18 00:02:49.421,pulse_batch,y,,,,,2,,2163,-363,-355,4,4,,9198827674778,
2026-08-18 00:02:49.441,pulse_batch,y,,,,,2,,2165,-361,-353,4,4,,9198848596914,
2026-08-18 00:02:49.464,pulse_batch,y,,,,,2,,2167,-359,-351,4,4,,9198871407114,
2026-08-18 00:02:49.485,pulse_batch,y,,,,,2,,2169,-357,-349,4,4,,9198891701143,
2026-08-18 00:02:49.507,pulse_batch,y,,,,,2,,2171,-355,-347,4,4,,9198914466806,
2026-08-18 00:02:49.528,pulse_batch,y,,,,,2,,2173,-353,-345,4,4,,9198934880501,
2026-08-18 00:02:49.548,pulse_batch,y,,,,,2,,2175,-351,-343,4,4,,9198955249141,
2026-08-18 00:02:49.571,pulse_batch,y,,,,,2,,2177,-349,-341,4,4,,9198978444634,
2026-08-18 00:02:49.592,pulse_batch,y,,,,,2,,2179,-347,-339,4,4,,9198999571399,
2026-08-18 00:02:49.613,pulse_batch,y,,,,,2,,2181,-345,-337,4,4,,9199019912243,
2026-08-18 00:02:49.633,pulse_batch,y,,,,,2,,2183,-343,-335,4,4,,9199040524696,
2026-08-18 00:02:49.654,pulse_batch,y,,,,,2,,2185,-341,-333,4,4,,9199061011650,
2026-08-18 00:02:49.674,pulse_batch,y,,,,,2,,2187,-339,-331,4,4,,9199081346050,
2026-08-18 00:02:49.695,pulse_batch,y,,,,,2,,2189,-337,-329,4,4,,9199101940744,
2026-08-18 00:02:49.717,pulse_batch,y,,,,,2,,2191,-335,-327,4,4,,9199124119577,
2026-08-18 00:02:49.737,pulse_batch,y,,,,,2,,2193,-333,-325,4,4,,9199144496864,
2026-08-18 00:02:49.758,pulse_batch,y,,,,,2,,2195,-331,-323,4,4,,9199164760579,
2026-08-18 00:02:49.780,pulse_batch,y,,,,,2,,2197,-329,-321,4,4,,9199187027541,
2026-08-18 00:02:49.800,pulse_batch,y,,,,,2,,2199,-327,-319,4,4,,9199207450866,
2026-08-18 00:02:49.821,pulse_batch,y,,,,,2,,2201,-325,-317,4,4,,9199227726617,
2026-08-18 00:02:49.842,pulse_batch,y,,,,,2,,2203,-323,-315,4,4,,9199249472601,
2026-08-18 00:02:49.863,pulse_batch,y,,,,,2,,2205,-321,-313,4,4,,9199269829518,
2026-08-18 00:02:49.883,pulse_batch,y,,,,,2,,2207,-319,-311,4,4,,9199290117103,
2026-08-18 00:02:49.904,pulse_batch,y,,,,,2,,2209,-317,-309,4,4,,9199310927277,
2026-08-18 00:02:49.924,pulse_batch,y,,,,,2,,2211,-315,-307,4,4,,9199331327713,
2026-08-18 00:02:49.945,pulse_batch,y,,,,,2,,2213,-313,-305,4,4,,9199351676372,
2026-08-18 00:02:49.965,pulse_batch,y,,,,,2,,2215,-311,-303,4,4,,9199372200251,
2026-08-18 00:02:49.986,pulse_batch,y,,,,,2,,2217,-309,-301,4,4,,9199392543873,
2026-08-18 00:02:50.006,pulse_batch,y,,,,,2,,2219,-307,-299,4,4,,9199412834902,
2026-08-18 00:02:50.026,pulse_batch,y,,,,,2,,2221,-305,-297,4,4,,9199433112005,
2026-08-18 00:02:50.049,pulse_batch,y,,,,,2,,2223,-303,-295,4,4,,9199456101852,
2026-08-18 00:02:50.069,pulse_batch,y,,,,,2,,2225,-301,-293,4,4,,9199476460770,
2026-08-18 00:02:50.090,pulse_batch,y,,,,,2,,2227,-299,-291,4,4,,9199496727151,
2026-08-18 00:02:50.110,pulse_batch,y,,,,,2,,2229,-297,-289,4,4,,9199517330049,
2026-08-18 00:02:50.131,pulse_batch,y,,,,,2,,2231,-295,-287,4,4,,9199537716503,
2026-08-18 00:02:50.151,pulse_batch,y,,,,,2,,2233,-293,-285,4,4,,9199558041514,
2026-08-18 00:02:50.171,pulse_batch,y,,,,,2,,2235,-291,-283,4,4,,9199578599227,
2026-08-18 00:02:50.192,pulse_batch,y,,,,,2,,2237,-289,-281,4,4,,9199598954441,
2026-08-18 00:02:50.212,pulse_batch,y,,,,,2,,2239,-287,-279,4,4,,9199619276525,
2026-08-18 00:02:50.233,pulse_batch,y,,,,,2,,2241,-285,-277,4,4,,9199639602943,
2026-08-18 00:02:50.253,pulse_batch,y,,,,,2,,2243,-283,-275,4,4,,9199660147304,
2026-08-18 00:02:50.273,pulse_batch,y,,,,,2,,2245,-281,-273,4,4,,9199680482833,
2026-08-18 00:02:50.294,pulse_batch,y,,,,,2,,2247,-279,-271,4,4,,9199700772955,
2026-08-18 00:02:50.314,pulse_batch,y,,,,,2,,2249,-277,-269,4,4,,9199721565130,
2026-08-18 00:02:50.335,pulse_batch,y,,,,,2,,2251,-275,-267,4,4,,9199741956547,
2026-08-18 00:02:50.355,pulse_batch,y,,,,,2,,2253,-273,-265,4,4,,9199762257817,
2026-08-18 00:02:50.377,pulse_batch,y,,,,,2,,2255,-271,-263,4,4,,9199783993727,
2026-08-18 00:02:50.397,pulse_batch,y,,,,,2,,2257,-269,-261,4,4,,9199804360089,
2026-08-18 00:02:50.417,pulse_batch,y,,,,,2,,2259,-267,-259,4,4,,9199824648137,
2026-08-18 00:02:50.438,pulse_batch,y,,,,,2,,2261,-265,-257,4,4,,9199845213961,
2026-08-18 00:02:50.459,pulse_batch,y,,,,,2,,2263,-263,-255,4,4,,9199865659711,
2026-08-18 00:02:50.479,pulse_batch,y,,,,,2,,2265,-261,-253,4,4,,9199886002018,
2026-08-18 00:02:50.499,pulse_batch,y,,,,,2,,2267,-259,-251,4,4,,9199906449676,
2026-08-18 00:02:50.520,pulse_batch,y,,,,,2,,2269,-257,-249,4,4,,9199926983185,
2026-08-18 00:02:50.540,pulse_batch,y,,,,,2,,2271,-255,-247,4,4,,9199947319473,
2026-08-18 00:02:50.561,pulse_batch,y,,,,,2,,2273,-253,-245,4,4,,9199967649206,
2026-08-18 00:02:50.581,pulse_batch,y,,,,,2,,2275,-251,-243,4,4,,9199988092456,
2026-08-18 00:02:50.601,pulse_batch,y,,,,,2,,2277,-249,-241,4,4,,9200008513522,
2026-08-18 00:02:50.622,pulse_batch,y,,,,,2,,2279,-247,-239,4,4,,9200028786422,
2026-08-18 00:02:50.642,pulse_batch,y,,,,,2,,2281,-245,-237,4,4,,9200049249598,
2026-08-18 00:02:50.663,pulse_batch,y,,,,,2,,2283,-243,-235,4,4,,9200069677830,
2026-08-18 00:02:50.683,pulse_batch,y,,,,,2,,2285,-241,-233,4,4,,9200089971100,
2026-08-18 00:02:50.704,pulse_batch,y,,,,,2,,2287,-239,-231,4,4,,9200110625498,
2026-08-18 00:02:50.724,pulse_batch,y,,,,,2,,2289,-237,-229,4,4,,9200131073600,
2026-08-18 00:02:50.744,pulse_batch,y,,,,,2,,2291,-235,-227,4,4,,9200151390611,
2026-08-18 00:02:50.765,pulse_batch,y,,,,,2,,2293,-233,-225,4,4,,9200171956953,
2026-08-18 00:02:50.787,pulse_batch,y,,,,,2,,2295,-231,-223,4,4,,9200194109434,
2026-08-18 00:02:50.807,pulse_batch,y,,,,,2,,2297,-229,-221,4,4,,9200214482630,
2026-08-18 00:02:50.828,pulse_batch,y,,,,,2,,2299,-227,-219,4,4,,9200234784548,
2026-08-18 00:02:50.849,pulse_batch,y,,,,,2,,2301,-225,-217,4,4,,9200255646981,
2026-08-18 00:02:50.869,pulse_batch,y,,,,,2,,2303,-223,-215,4,4,,9200276081454,
2026-08-18 00:02:50.889,pulse_batch,y,,,,,2,,2305,-221,-213,4,4,,9200296359131,
2026-08-18 00:02:50.910,pulse_batch,y,,,,,2,,2307,-219,-211,4,4,,9200317374564,
2026-08-18 00:02:50.931,pulse_batch,y,,,,,2,,2309,-217,-209,4,4,,9200337717296,
2026-08-18 00:02:50.951,pulse_batch,y,,,,,2,,2311,-215,-207,4,4,,9200358065270,
2026-08-18 00:02:50.971,pulse_batch,y,,,,,2,,2313,-213,-205,4,4,,9200378424169,
2026-08-18 00:02:50.992,pulse_batch,y,,,,,2,,2315,-211,-203,4,4,,9200398888938,
2026-08-18 00:02:51.012,pulse_batch,y,,,,,2,,2317,-209,-201,4,4,,9200419211541,
2026-08-18 00:02:51.032,pulse_batch,y,,,,,2,,2319,-207,-199,4,4,,9200439543551,
2026-08-18 00:02:51.053,pulse_batch,y,,,,,2,,2321,-205,-197,4,4,,9200460071172,
2026-08-18 00:02:51.073,pulse_batch,y,,,,,2,,2323,-203,-195,4,4,,9200480385516,
2026-08-18 00:02:51.094,pulse_batch,y,,,,,2,,2325,-201,-193,4,4,,9200500670101,
2026-08-18 00:02:51.114,pulse_batch,y,,,,,2,,2327,-199,-191,4,4,,9200521300943,
2026-08-18 00:02:51.135,pulse_batch,y,,,,,2,,2329,-197,-189,4,4,,9200541739416,
2026-08-18 00:02:51.155,pulse_batch,y,,,,,2,,2331,-195,-187,4,4,,9200562047778,
2026-08-18 00:02:51.176,pulse_batch,y,,,,,2,,2333,-193,-185,4,4,,9200582761268,
2026-08-18 00:02:51.196,pulse_batch,y,,,,,2,,2335,-191,-183,4,4,,9200603256685,
2026-08-18 00:02:51.216,pulse_batch,y,,,,,2,,2337,-189,-181,4,4,,9200623550955,
2026-08-18 00:02:51.237,pulse_batch,y,,,,,2,,2339,-187,-179,4,4,,9200644156927,
2026-08-18 00:02:51.258,pulse_batch,y,,,,,2,,2341,-185,-177,4,4,,9200664671103,
2026-08-18 00:02:51.278,pulse_batch,y,,,,,2,,2343,-183,-175,4,4,,9200684992669,
2026-08-18 00:02:51.298,pulse_batch,y,,,,,2,,2345,-181,-173,4,4,,9200705301606,
2026-08-18 00:02:51.319,pulse_batch,y,,,,,2,,2347,-179,-171,4,4,,9200726495334,
2026-08-18 00:02:51.340,pulse_batch,y,,,,,2,,2349,-177,-169,4,4,,9200746810566,
2026-08-18 00:02:51.360,pulse_batch,y,,,,,2,,2351,-175,-167,4,4,,9200767115114,
2026-08-18 00:02:51.381,pulse_batch,y,,,,,2,,2353,-173,-165,4,4,,9200788403378,
2026-08-18 00:02:51.402,pulse_batch,y,,,,,2,,2355,-171,-163,4,4,,9200808833148,
2026-08-18 00:02:51.422,pulse_batch,y,,,,,2,,2357,-169,-161,4,4,,9200829098288,
2026-08-18 00:02:51.443,pulse_batch,y,,,,,2,,2359,-167,-159,4,4,,9200849644149,
2026-08-18 00:02:51.463,pulse_batch,y,,,,,2,,2361,-165,-157,4,4,,9200870078456,
2026-08-18 00:02:51.483,pulse_batch,y,,,,,2,,2363,-163,-155,4,4,,9200890397874,
2026-08-18 00:02:51.504,pulse_batch,y,,,,,2,,2365,-161,-153,4,4,,9200911515250,
2026-08-18 00:02:51.525,pulse_batch,y,,,,,2,,2367,-159,-151,4,4,,9200931965649,
2026-08-18 00:02:51.545,pulse_batch,y,,,,,2,,2369,-157,-149,4,4,,9200952275307,
2026-08-18 00:02:51.565,pulse_batch,y,,,,,2,,2371,-155,-147,4,4,,9200972630170,
2026-08-18 00:02:51.586,pulse_batch,y,,,,,2,,2373,-153,-145,4,4,,9200993480177,
2026-08-18 00:02:51.607,pulse_batch,y,,,,,2,,2375,-151,-143,4,4,,9201013872224,
2026-08-18 00:02:51.628,pulse_batch,y,,,,,2,,2377,-149,-141,4,4,,9201035445154,
2026-08-18 00:02:51.649,pulse_batch,y,,,,,2,,2379,-147,-139,4,4,,9201056228402,
2026-08-18 00:02:51.670,pulse_batch,y,,,,,2,,2381,-145,-137,4,4,,9201076785856,
2026-08-18 00:02:51.690,pulse_batch,y,,,,,2,,2383,-143,-135,4,4,,9201097107496,
2026-08-18 00:02:51.711,pulse_batch,y,,,,,2,,2385,-141,-133,4,4,,9201117844430,
2026-08-18 00:02:51.731,pulse_batch,y,,,,,2,,2387,-139,-131,4,4,,9201138200607,
2026-08-18 00:02:51.751,pulse_batch,y,,,,,2,,2389,-137,-129,4,4,,9201158516136,
2026-08-18 00:02:51.772,pulse_batch,y,,,,,2,,2391,-135,-127,4,4,,9201178921609,
2026-08-18 00:02:51.792,pulse_batch,y,,,,,2,,2393,-133,-125,4,4,,9201199465045,
2026-08-18 00:02:51.813,pulse_batch,y,,,,,2,,2395,-131,-123,4,4,,9201219807055,
2026-08-18 00:02:51.833,pulse_batch,y,,,,,2,,2397,-129,-121,4,4,,9201240116658,
2026-08-18 00:02:51.854,pulse_batch,y,,,,,2,,2399,-127,-119,4,4,,9201260616038,
2026-08-18 00:02:51.874,pulse_batch,y,,,,,2,,2401,-125,-117,4,4,,9201280963104,
2026-08-18 00:02:51.894,pulse_batch,y,,,,,2,,2403,-123,-115,4,4,,9201301253782,
2026-08-18 00:02:51.915,pulse_batch,y,,,,,2,,2405,-121,-113,4,4,,9201321965568,
2026-08-18 00:02:51.936,pulse_batch,y,,,,,2,,2407,-119,-111,4,4,,9201342634891,
2026-08-18 00:02:51.956,pulse_batch,y,,,,,2,,2409,-117,-109,4,4,,9201362924254,
2026-08-18 00:02:51.977,pulse_batch,y,,,,,2,,2411,-115,-107,4,4,,9201383653281,
2026-08-18 00:02:51.997,pulse_batch,y,,,,,2,,2413,-113,-105,4,4,,9201404020087,
2026-08-18 00:02:52.017,pulse_batch,y,,,,,2,,2415,-111,-103,4,4,,9201424315487,
2026-08-18 00:02:52.038,pulse_batch,y,,,,,2,,2417,-109,-101,4,4,,9201444887941,
2026-08-18 00:02:52.058,pulse_batch,y,,,,,2,,2419,-107,-99,4,4,,9201465314821,
2026-08-18 00:02:52.079,pulse_batch,y,,,,,2,,2421,-105,-97,4,4,,9201485659035,
2026-08-18 00:02:52.099,pulse_batch,y,,,,,2,,2423,-103,-95,4,4,,9201505960916,
2026-08-18 00:02:52.121,pulse_batch,y,,,,,2,,2425,-101,-93,4,4,,9201528473562,
2026-08-18 00:02:52.142,pulse_batch,y,,,,,2,,2427,-99,-91,4,4,,9201548834110,
2026-08-18 00:02:52.162,pulse_batch,y,,,,,2,,2429,-97,-89,4,4,,9201569111880,
2026-08-18 00:02:52.183,pulse_batch,y,,,,,2,,2431,-95,-87,4,4,,9201589752815,
2026-08-18 00:02:52.203,pulse_batch,y,,,,,2,,2433,-93,-85,4,4,,9201610193436,
2026-08-18 00:02:52.223,pulse_batch,y,,,,,2,,2435,-91,-83,4,4,,9201630459095,
2026-08-18 00:02:52.244,pulse_batch,y,,,,,2,,2437,-89,-81,4,4,,9201650912568,
2026-08-18 00:02:52.264,pulse_batch,y,,,,,2,,2439,-87,-79,4,4,,9201671290282,
2026-08-18 00:02:52.284,pulse_batch,y,,,,,2,,2441,-85,-77,4,4,,9201691616922,
2026-08-18 00:02:52.305,pulse_batch,y,,,,,2,,2443,-83,-75,4,4,,9201712016691,
2026-08-18 00:02:52.325,pulse_batch,y,,,,,2,,2445,-81,-73,4,4,,9201732431461,
2026-08-18 00:02:52.346,pulse_batch,y,,,,,2,,2447,-79,-71,4,4,,9201752745675,
2026-08-18 00:02:52.366,pulse_batch,y,,,,,2,,2449,-77,-69,4,4,,9201773056760,
2026-08-18 00:02:52.387,pulse_batch,y,,,,,2,,2451,-75,-67,4,4,,9201794294969,
2026-08-18 00:02:52.407,pulse_batch,y,,,,,2,,2453,-73,-65,4,4,,9201814633128,
2026-08-18 00:02:52.428,pulse_batch,y,,,,,2,,2455,-71,-63,4,4,,9201834919324,
2026-08-18 00:02:52.443,pulse_batch,y,,,,,1,,2456,-70,-62,4,4,,9201850265067,
2026-08-18 00:02:52.443,continuous_stop,y,,,,,,1,2456,-70,-62,4,4,,9201850555140,
2026-08-18 00:02:52.777,continuous_start,y,,,,,,1,2456,-70,-62,4,4,,9202184494018,
2026-08-18 00:02:52.783,pulse_batch,y,,,,,1,,2457,-69,-61,4,4,,9202189882709,
2026-08-18 00:02:52.803,pulse_batch,y,,,,,2,,2459,-67,-59,4,4,,9202210213608,
2026-08-18 00:02:52.823,pulse_batch,y,,,,,2,,2461,-65,-57,4,4,,9202230496934,
2026-08-18 00:02:52.846,pulse_batch,y,,,,,2,,2463,-63,-55,4,4,,9202252992061,
2026-08-18 00:02:52.866,pulse_batch,y,,,,,2,,2465,-61,-53,4,4,,9202273400646,
2026-08-18 00:02:52.887,pulse_batch,y,,,,,2,,2467,-59,-51,4,4,,9202293748971,
2026-08-18 00:02:52.907,pulse_batch,y,,,,,2,,2469,-57,-49,4,4,,9202314314628,
2026-08-18 00:02:52.912,continuous_stop,y,,,,,,1,2469,-57,-49,4,4,,9202319505505,
2026-08-18 00:02:53.375,continuous_start,y,,,,,,1,2469,-57,-49,4,4,,9202782540222,
2026-08-18 00:02:53.381,pulse_batch,y,,,,,1,,2470,-56,-48,4,4,,9202787765136,
2026-08-18 00:02:53.401,pulse_batch,y,,,,,2,,2472,-54,-46,4,4,,9202808186683,
2026-08-18 00:02:53.421,pulse_batch,y,,,,,2,,2474,-52,-44,4,4,,9202828474768,
2026-08-18 00:02:53.442,pulse_batch,y,,,,,2,,2476,-50,-42,4,4,,9202849308794,
2026-08-18 00:02:53.463,pulse_batch,y,,,,,2,,2478,-48,-40,4,4,,9202870357597,
2026-08-18 00:02:53.484,pulse_batch,y,,,,,2,,2480,-46,-38,4,4,,9202890741959,
2026-08-18 00:02:53.504,pulse_batch,y,,,,,2,,2482,-44,-36,4,4,,9202911121858,
2026-08-18 00:02:53.509,continuous_stop,y,,,,,,1,2482,-44,-36,4,4,,9202916266476,
2026-08-18 00:02:54.710,continuous_start,x,,,,,,-1,4527,693,693,0,77,,9204117361229,
2026-08-18 00:02:54.715,pulse_batch,x,,,,,-1,,4528,692,692,0,77,,9204122640179,
2026-08-18 00:02:54.736,pulse_batch,x,,,,,-2,,4530,690,690,0,77,,9204142976060,
2026-08-18 00:02:54.756,pulse_batch,x,,,,,-2,,4532,688,688,0,77,,9204163260386,
2026-08-18 00:02:54.777,pulse_batch,x,,,,,-2,,4534,686,686,0,77,,9204183790322,
2026-08-18 00:02:54.797,pulse_batch,x,,,,,-2,,4536,684,684,0,77,,9204204197332,
2026-08-18 00:02:54.817,pulse_batch,x,,,,,-2,,4538,682,682,0,77,,9204224594490,
2026-08-18 00:02:54.838,pulse_batch,x,,,,,-2,,4540,680,680,0,77,,9204245225499,
2026-08-18 00:02:54.860,pulse_batch,x,,,,,-2,,4542,678,678,0,77,,9204267097871,
2026-08-18 00:02:54.880,pulse_batch,x,,,,,-2,,4544,676,676,0,77,,9204287415919,
2026-08-18 00:02:54.901,pulse_batch,x,,,,,-2,,4546,674,674,0,77,,9204307705708,
2026-08-18 00:02:54.925,pulse_batch,x,,,,,-2,,4548,672,672,0,77,,9204332130658,
2026-08-18 00:02:54.945,pulse_batch,x,,,,,-2,,4550,670,670,0,77,,9204352464539,
2026-08-18 00:02:54.966,pulse_batch,x,,,,,-2,,4552,668,668,0,77,,9204372804216,
2026-08-18 00:02:54.986,pulse_batch,x,,,,,-2,,4554,666,666,0,77,,9204393330004,
2026-08-18 00:02:55.007,pulse_batch,x,,,,,-2,,4556,664,664,0,77,,9204413716403,
2026-08-18 00:02:55.027,pulse_batch,x,,,,,-2,,4558,662,662,0,77,,9204434023821,
2026-08-18 00:02:55.048,pulse_batch,x,,,,,-2,,4560,660,660,0,77,,9204454903329,
2026-08-18 00:02:55.068,pulse_batch,x,,,,,-2,,4562,658,658,0,77,,9204475283691,
2026-08-18 00:02:55.088,pulse_batch,x,,,,,-2,,4564,656,656,0,77,,9204495590869,
2026-08-18 00:02:55.109,pulse_batch,x,,,,,-2,,4566,654,654,0,77,,9204516162563,
2026-08-18 00:02:55.130,pulse_batch,x,,,,,-2,,4568,652,652,0,77,,9204537227126,
2026-08-18 00:02:55.150,pulse_batch,x,,,,,-2,,4570,650,650,0,77,,9204557527099,
2026-08-18 00:02:55.171,pulse_batch,x,,,,,-2,,4572,648,648,0,77,,9204577948128,
2026-08-18 00:02:55.191,pulse_batch,x,,,,,-2,,4574,646,646,0,77,,9204598405416,
2026-08-18 00:02:55.212,pulse_batch,x,,,,,-2,,4576,644,644,0,77,,9204618727927,
2026-08-18 00:02:55.232,pulse_batch,x,,,,,-2,,4578,642,642,0,77,,9204639043179,
2026-08-18 00:02:55.253,pulse_batch,x,,,,,-2,,4580,640,640,0,77,,9204659767632,
2026-08-18 00:02:55.273,pulse_batch,x,,,,,-2,,4582,638,638,0,77,,9204680157938,
2026-08-18 00:02:55.293,pulse_batch,x,,,,,-2,,4584,636,636,0,77,,9204700441412,
2026-08-18 00:02:55.315,pulse_batch,x,,,,,-2,,4586,634,634,0,77,,9204721997083,
2026-08-18 00:02:55.336,pulse_batch,x,,,,,-2,,4588,632,632,0,77,,9204743259292,
2026-08-18 00:02:55.356,pulse_batch,x,,,,,-2,,4590,630,630,0,77,,9204763555895,
2026-08-18 00:02:55.377,pulse_batch,x,,,,,-2,,4592,628,628,0,77,,9204784260811,
2026-08-18 00:02:55.398,pulse_batch,x,,,,,-2,,4594,626,626,0,77,,9204804675729,
2026-08-18 00:02:55.418,pulse_batch,x,,,,,-2,,4596,624,624,0,77,,9204825027925,
2026-08-18 00:02:55.438,pulse_batch,x,,,,,-2,,4598,622,622,0,77,,9204845435620,
2026-08-18 00:02:55.459,pulse_batch,x,,,,,-2,,4600,620,620,0,77,,9204865769872,
2026-08-18 00:02:55.479,pulse_batch,x,,,,,-2,,4602,618,618,0,77,,9204886094587,
2026-08-18 00:02:55.499,pulse_batch,x,,,,,-2,,4604,616,616,0,77,,9204906389431,
2026-08-18 00:02:55.520,pulse_batch,x,,,,,-2,,4606,614,614,0,77,,9204927036829,
2026-08-18 00:02:55.540,pulse_batch,x,,,,,-2,,4608,612,612,0,77,,9204947396376,
2026-08-18 00:02:55.561,pulse_batch,x,,,,,-2,,4610,610,610,0,77,,9204967683276,
2026-08-18 00:02:55.581,pulse_batch,x,,,,,-2,,4612,608,608,0,77,,9204988585543,
2026-08-18 00:02:55.602,pulse_batch,x,,,,,-2,,4614,606,606,0,77,,9205008969276,
2026-08-18 00:02:55.622,pulse_batch,x,,,,,-2,,4616,604,604,0,77,,9205029316675,
2026-08-18 00:02:55.643,pulse_batch,x,,,,,-2,,4618,602,602,0,77,,9205050238627,
2026-08-18 00:02:55.664,pulse_batch,x,,,,,-2,,4620,600,600,0,77,,9205070670193,
2026-08-18 00:02:55.684,pulse_batch,x,,,,,-2,,4622,598,598,0,77,,9205090999963,
2026-08-18 00:02:55.704,pulse_batch,x,,,,,-2,,4624,596,596,0,77,,9205111367862,
2026-08-18 00:02:55.726,pulse_batch,x,,,,,-2,,4626,594,594,0,77,,9205132845144,
2026-08-18 00:02:55.746,pulse_batch,x,,,,,-2,,4628,592,592,0,77,,9205153123841,
2026-08-18 00:02:55.766,pulse_batch,x,,,,,-2,,4630,590,590,0,77,,9205173476055,
2026-08-18 00:02:55.787,pulse_batch,x,,,,,-2,,4632,588,588,0,77,,9205193908917,
2026-08-18 00:02:55.807,pulse_batch,x,,,,,-2,,4634,586,586,0,77,,9205214273002,
2026-08-18 00:02:55.827,pulse_batch,x,,,,,-2,,4636,584,584,0,77,,9205234582198,
2026-08-18 00:02:55.848,pulse_batch,x,,,,,-2,,4638,582,582,0,77,,9205255118485,
2026-08-18 00:02:55.868,pulse_batch,x,,,,,-2,,4640,580,580,0,77,,9205275454237,
2026-08-18 00:02:55.889,pulse_batch,x,,,,,-2,,4642,578,578,0,77,,9205295767062,
2026-08-18 00:02:55.909,pulse_batch,x,,,,,-2,,4644,576,576,0,77,,9205316139943,
2026-08-18 00:02:55.930,pulse_batch,x,,,,,-2,,4646,574,574,0,77,,9205336718879,
2026-08-18 00:02:55.950,pulse_batch,x,,,,,-2,,4648,572,572,0,77,,9205357032501,
2026-08-18 00:02:55.970,pulse_batch,x,,,,,-2,,4650,570,570,0,77,,9205377341771,
2026-08-18 00:02:55.991,pulse_batch,x,,,,,-2,,4652,568,568,0,77,,9205397793114,
2026-08-18 00:02:56.011,pulse_batch,x,,,,,-2,,4654,566,566,0,77,,9205418112181,
2026-08-18 00:02:56.031,pulse_batch,x,,,,,-2,,4656,564,564,0,77,,9205438525210,
2026-08-18 00:02:56.052,pulse_batch,x,,,,,-2,,4658,562,562,0,77,,9205459025127,
2026-08-18 00:02:56.072,pulse_batch,x,,,,,-2,,4660,560,560,0,77,,9205479445397,
2026-08-18 00:02:56.093,pulse_batch,x,,,,,-2,,4662,558,558,0,77,,9205499722315,
2026-08-18 00:02:56.114,pulse_batch,x,,,,,-2,,4664,556,556,0,77,,9205520767711,
2026-08-18 00:02:56.134,pulse_batch,x,,,,,-2,,4666,554,554,0,77,,9205541199110,
2026-08-18 00:02:56.154,pulse_batch,x,,,,,-2,,4668,552,552,0,77,,9205561494806,
2026-08-18 00:02:56.175,pulse_batch,x,,,,,-2,,4670,550,550,0,77,,9205582289648,
2026-08-18 00:02:56.196,pulse_batch,x,,,,,-2,,4672,548,548,0,77,,9205602723362,
2026-08-18 00:02:56.216,pulse_batch,x,,,,,-2,,4674,546,546,0,77,,9205623039984,
2026-08-18 00:02:56.237,pulse_batch,x,,,,,-2,,4676,544,544,0,77,,9205643823529,
2026-08-18 00:02:56.257,pulse_batch,x,,,,,-2,,4678,542,542,0,77,,9205664318872,
2026-08-18 00:02:56.278,pulse_batch,x,,,,,-2,,4680,540,540,0,77,,9205684648272,
2026-08-18 00:02:56.298,pulse_batch,x,,,,,-2,,4682,538,538,0,77,,9205705127726,
2026-08-18 00:02:56.319,pulse_batch,x,,,,,-2,,4684,536,536,0,77,,9205725991086,
2026-08-18 00:02:56.339,pulse_batch,x,,,,,-2,,4686,534,534,0,77,,9205746578318,
2026-08-18 00:02:56.360,pulse_batch,x,,,,,-2,,4688,532,532,0,77,,9205766863384,
2026-08-18 00:02:56.380,pulse_batch,x,,,,,-2,,4690,530,530,0,77,,9205787457968,
2026-08-18 00:02:56.404,pulse_batch,x,,,,,-2,,4692,528,528,0,77,,9205811392624,
2026-08-18 00:02:56.424,pulse_batch,x,,,,,-2,,4694,526,526,0,77,,9205831671876,
2026-08-18 00:02:56.445,pulse_batch,x,,,,,-2,,4696,524,524,0,77,,9205852311570,
2026-08-18 00:02:56.466,pulse_batch,x,,,,,-2,,4698,522,522,0,77,,9205872735951,
2026-08-18 00:02:56.486,pulse_batch,x,,,,,-2,,4700,520,520,0,77,,9205893043203,
2026-08-18 00:02:56.506,pulse_batch,x,,,,,-2,,4702,518,518,0,77,,9205913411713,
2026-08-18 00:02:56.528,pulse_batch,x,,,,,-2,,4704,516,516,0,77,,9205934687330,
2026-08-18 00:02:56.548,pulse_batch,x,,,,,-2,,4706,514,514,0,77,,9205955353931,
2026-08-18 00:02:56.569,pulse_batch,x,,,,,-2,,4708,512,512,0,77,,9205975658146,
2026-08-18 00:02:56.591,pulse_batch,x,,,,,-2,,4710,510,510,0,77,,9205997836979,
2026-08-18 00:02:56.611,pulse_batch,x,,,,,-2,,4712,508,508,0,77,,9206018208472,
2026-08-18 00:02:56.632,pulse_batch,x,,,,,-2,,4714,506,506,0,77,,9206038768685,
2026-08-18 00:02:56.653,pulse_batch,x,,,,,-2,,4716,504,504,0,77,,9206060077746,
2026-08-18 00:02:56.673,pulse_batch,x,,,,,-2,,4718,502,502,0,77,,9206080585348,
2026-08-18 00:02:56.694,pulse_batch,x,,,,,-2,,4720,500,500,0,77,,9206100851600,
2026-08-18 00:02:56.714,pulse_batch,x,,,,,-2,,4722,498,498,0,77,,9206121309110,
2026-08-18 00:02:56.735,pulse_batch,x,,,,,-2,,4724,496,496,0,77,,9206142305932,
2026-08-18 00:02:56.755,pulse_batch,x,,,,,-2,,4726,494,494,0,77,,9206162615443,
2026-08-18 00:02:56.777,pulse_batch,x,,,,,-2,,4728,492,492,0,77,,9206184147317,
2026-08-18 00:02:56.798,pulse_batch,x,,,,,-2,,4730,490,490,0,77,,9206205338786,
2026-08-18 00:02:56.819,pulse_batch,x,,,,,-2,,4732,488,488,0,77,,9206225703611,
2026-08-18 00:02:56.839,pulse_batch,x,,,,,-2,,4734,486,486,0,77,,9206246140381,
2026-08-18 00:02:56.859,pulse_batch,x,,,,,-2,,4736,484,484,0,77,,9206266619854,
2026-08-18 00:02:56.880,pulse_batch,x,,,,,-2,,4738,482,482,0,77,,9206286980087,
2026-08-18 00:02:56.900,pulse_batch,x,,,,,-2,,4740,480,480,0,77,,9206307267857,
2026-08-18 00:02:56.921,pulse_batch,x,,,,,-2,,4742,478,478,0,77,,9206328025254,
2026-08-18 00:02:56.941,pulse_batch,x,,,,,-2,,4744,476,476,0,77,,9206348449228,
2026-08-18 00:02:56.962,pulse_batch,x,,,,,-2,,4746,474,474,0,77,,9206368714498,
2026-08-18 00:02:56.982,pulse_batch,x,,,,,-2,,4748,472,472,0,77,,9206389603617,
2026-08-18 00:02:57.003,pulse_batch,x,,,,,-2,,4750,470,470,0,77,,9206409959054,
2026-08-18 00:02:57.023,pulse_batch,x,,,,,-2,,4752,468,468,0,77,,9206430252398,
2026-08-18 00:02:57.044,pulse_batch,x,,,,,-2,,4754,466,466,0,77,,9206450919351,
2026-08-18 00:02:57.064,pulse_batch,x,,,,,-2,,4756,464,464,0,77,,9206471319380,
2026-08-18 00:02:57.084,pulse_batch,x,,,,,-2,,4758,462,462,0,77,,9206491641391,
2026-08-18 00:02:57.105,pulse_batch,x,,,,,-2,,4760,460,460,0,77,,9206511974199,
2026-08-18 00:02:57.125,pulse_batch,x,,,,,-2,,4762,458,458,0,77,,9206532379098,
2026-08-18 00:02:57.146,pulse_batch,x,,,,,-2,,4764,456,456,0,77,,9206552713294,
2026-08-18 00:02:57.166,pulse_batch,x,,,,,-2,,4766,454,454,0,77,,9206573002250,
2026-08-18 00:02:57.187,pulse_batch,x,,,,,-2,,4768,452,452,0,77,,9206594008386,
2026-08-18 00:02:57.207,pulse_batch,x,,,,,-2,,4770,450,450,0,77,,9206614430063,
2026-08-18 00:02:57.228,pulse_batch,x,,,,,-2,,4772,448,448,0,77,,9206634715612,
2026-08-18 00:02:57.248,pulse_batch,x,,,,,-2,,4774,446,446,0,77,,9206655186659,
2026-08-18 00:02:57.268,pulse_batch,x,,,,,-2,,4776,444,444,0,77,,9206675531114,
2026-08-18 00:02:57.289,pulse_batch,x,,,,,-2,,4778,442,442,0,77,,9206695822236,
2026-08-18 00:02:57.310,pulse_batch,x,,,,,-2,,4780,440,440,0,77,,9206716725855,
2026-08-18 00:02:57.330,pulse_batch,x,,,,,-2,,4782,438,438,0,77,,9206737233791,
2026-08-18 00:02:57.350,pulse_batch,x,,,,,-2,,4784,436,436,0,77,,9206757572783,
2026-08-18 00:02:57.371,pulse_batch,x,,,,,-2,,4786,434,434,0,77,,9206778009423,
2026-08-18 00:02:57.392,pulse_batch,x,,,,,-2,,4788,432,432,0,77,,9206798933764,
2026-08-18 00:02:57.412,pulse_batch,x,,,,,-2,,4790,430,430,0,77,,9206819259905,
2026-08-18 00:02:57.432,pulse_batch,x,,,,,-2,,4792,428,428,0,77,,9206839590397,
2026-08-18 00:02:57.455,pulse_batch,x,,,,,-2,,4794,426,426,0,77,,9206862373727,
2026-08-18 00:02:57.476,pulse_batch,x,,,,,-2,,4796,424,424,0,77,,9206882730904,
2026-08-18 00:02:57.496,pulse_batch,x,,,,,-2,,4798,422,422,0,77,,9206902999638,
2026-08-18 00:02:57.516,pulse_batch,x,,,,,-2,,4800,420,420,0,77,,9206923498222,
2026-08-18 00:02:57.537,pulse_batch,x,,,,,-2,,4802,418,418,0,77,,9206943843918,
2026-08-18 00:02:57.557,pulse_batch,x,,,,,-2,,4804,416,416,0,77,,9206964196836,
2026-08-18 00:02:57.578,pulse_batch,x,,,,,-2,,4806,414,414,0,77,,9206985072900,
2026-08-18 00:02:57.598,pulse_batch,x,,,,,-2,,4808,412,412,0,77,,9207005396040,
2026-08-18 00:02:57.619,pulse_batch,x,,,,,-2,,4810,410,410,0,77,,9207025710088,
2026-08-18 00:02:57.639,pulse_batch,x,,,,,-2,,4812,408,408,0,77,,9207046045044,
2026-08-18 00:02:57.659,pulse_batch,x,,,,,-2,,4814,406,406,0,77,,9207066542405,
2026-08-18 00:02:57.680,pulse_batch,x,,,,,-2,,4816,404,404,0,77,,9207086846028,
2026-08-18 00:02:57.700,pulse_batch,x,,,,,-2,,4818,402,402,0,77,,9207107128631,
2026-08-18 00:02:57.720,pulse_batch,x,,,,,-2,,4820,400,400,0,77,,9207127539901,
2026-08-18 00:02:57.741,pulse_batch,x,,,,,-2,,4822,398,398,0,77,,9207147903486,
2026-08-18 00:02:57.761,pulse_batch,x,,,,,-2,,4824,396,396,0,77,,9207168220256,
2026-08-18 00:02:57.782,pulse_batch,x,,,,,-2,,4826,394,394,0,77,,9207188860395,
2026-08-18 00:02:57.802,pulse_batch,x,,,,,-2,,4828,392,392,0,77,,9207209218739,
2026-08-18 00:02:57.822,pulse_batch,x,,,,,-2,,4830,390,390,0,77,,9207229510546,
2026-08-18 00:02:57.844,pulse_batch,x,,,,,-2,,4832,388,388,0,77,,9207250769089,
2026-08-18 00:02:57.864,pulse_batch,x,,,,,-2,,4834,386,386,0,77,,9207271258136,
2026-08-18 00:02:57.884,pulse_batch,x,,,,,-2,,4836,384,384,0,77,,9207291564425,
2026-08-18 00:02:57.905,pulse_batch,x,,,,,-2,,4838,382,382,0,77,,9207312073102,
2026-08-18 00:02:57.926,pulse_batch,x,,,,,-2,,4840,380,380,0,77,,9207332582815,
2026-08-18 00:02:57.946,pulse_batch,x,,,,,-2,,4842,378,378,0,77,,9207352906400,
2026-08-18 00:02:57.966,pulse_batch,x,,,,,-2,,4844,376,376,0,77,,9207373523391,
2026-08-18 00:02:57.987,pulse_batch,x,,,,,-2,,4846,374,374,0,77,,9207393951975,
2026-08-18 00:02:58.007,pulse_batch,x,,,,,-2,,4848,372,372,0,77,,9207414302208,
2026-08-18 00:02:58.027,pulse_batch,x,,,,,-2,,4850,370,370,0,77,,9207434617460,
2026-08-18 00:02:58.052,pulse_batch,x,,,,,-2,,4852,368,368,0,77,,9207459398853,
2026-08-18 00:02:58.073,pulse_batch,x,,,,,-2,,4854,366,366,0,77,,9207479824474,
2026-08-18 00:02:58.093,pulse_batch,x,,,,,-2,,4856,364,364,0,77,,9207500123263,
2026-08-18 00:02:58.114,pulse_batch,x,,,,,-2,,4858,362,362,0,77,,9207520774050,
2026-08-18 00:02:58.134,pulse_batch,x,,,,,-2,,4860,360,360,0,77,,9207541269986,
2026-08-18 00:02:58.155,pulse_batch,x,,,,,-2,,4862,358,358,0,77,,9207561639015,
2026-08-18 00:02:58.175,pulse_batch,x,,,,,-2,,4864,356,356,0,77,,9207582289469,
2026-08-18 00:02:58.198,pulse_batch,x,,,,,-2,,4866,354,354,0,77,,9207605213224,
2026-08-18 00:02:58.218,pulse_batch,x,,,,,-2,,4868,352,352,0,77,,9207625547939,
2026-08-18 00:02:58.240,pulse_batch,x,,,,,-2,,4870,350,350,0,77,,9207647052702,
2026-08-18 00:02:58.262,pulse_batch,x,,,,,-2,,4872,348,348,0,77,,9207668871297,
2026-08-18 00:02:58.282,pulse_batch,x,,,,,-2,,4874,346,346,0,77,,9207689212345,
2026-08-18 00:02:58.302,pulse_batch,x,,,,,-2,,4876,344,344,0,77,,9207709522930,
2026-08-18 00:02:58.323,pulse_batch,x,,,,,-2,,4878,342,342,0,77,,9207730195291,
2026-08-18 00:02:58.343,pulse_batch,x,,,,,-2,,4880,340,340,0,77,,9207750573635,
2026-08-18 00:02:58.364,pulse_batch,x,,,,,-2,,4882,338,338,0,77,,9207770901979,
2026-08-18 00:02:58.385,pulse_batch,x,,,,,-2,,4884,336,336,0,77,,9207791884764,
2026-08-18 00:02:58.405,pulse_batch,x,,,,,-2,,4886,334,334,0,77,,9207812246849,
2026-08-18 00:02:58.425,pulse_batch,x,,,,,-2,,4888,332,332,0,77,,9207832578101,
2026-08-18 00:02:58.447,pulse_batch,x,,,,,-2,,4890,330,330,0,77,,9207853674459,
2026-08-18 00:02:58.467,pulse_batch,x,,,,,-2,,4892,328,328,0,77,,9207874109248,
2026-08-18 00:02:58.487,pulse_batch,x,,,,,-2,,4894,326,326,0,77,,9207894427185,
2026-08-18 00:02:58.508,pulse_batch,x,,,,,-2,,4896,324,324,0,77,,9207914777381,
2026-08-18 00:02:58.529,pulse_batch,x,,,,,-2,,4898,322,322,0,77,,9207935741481,
2026-08-18 00:02:58.549,pulse_batch,x,,,,,-2,,4900,320,320,0,77,,9207956113343,
2026-08-18 00:02:58.569,pulse_batch,x,,,,,-2,,4902,318,318,0,77,,9207976454632,
2026-08-18 00:02:58.590,pulse_batch,x,,,,,-2,,4904,316,316,0,77,,9207997632768,
2026-08-18 00:02:58.611,pulse_batch,x,,,,,-2,,4906,314,314,0,77,,9208018126463,
2026-08-18 00:02:58.631,pulse_batch,x,,,,,-2,,4908,312,312,0,77,,9208038433715,
2026-08-18 00:02:58.654,pulse_batch,x,,,,,-2,,4910,310,310,0,77,,9208060744177,
2026-08-18 00:02:58.674,pulse_batch,x,,,,,-2,,4912,308,308,0,77,,9208081193484,
2026-08-18 00:02:58.694,pulse_batch,x,,,,,-2,,4914,306,306,0,77,,9208101509032,
2026-08-18 00:02:58.716,pulse_batch,x,,,,,-2,,4916,304,304,0,77,,9208122684945,
2026-08-18 00:02:58.736,pulse_batch,x,,,,,-2,,4918,302,302,0,77,,9208143082585,
2026-08-18 00:02:58.756,pulse_batch,x,,,,,-2,,4920,300,300,0,77,,9208163411708,
2026-08-18 00:02:58.780,pulse_batch,x,,,,,-2,,4922,298,298,0,77,,9208185234840,
2026-08-18 00:02:58.799,pulse_batch,x,,,,,-2,,4924,296,296,0,77,,9208205685202,
2026-08-18 00:02:58.819,pulse_batch,x,,,,,-2,,4926,294,294,0,77,,9208226050250,
2026-08-18 00:02:58.840,pulse_batch,x,,,,,-2,,4928,292,292,0,77,,9208246938387,
2026-08-18 00:02:58.863,pulse_batch,x,,,,,-2,,4930,290,290,0,77,,9208269644421,
2026-08-18 00:02:58.883,pulse_batch,x,,,,,-2,,4932,288,288,0,77,,9208290087857,
2026-08-18 00:02:58.903,pulse_batch,x,,,,,-2,,4934,286,286,0,77,,9208310524775,
2026-08-18 00:02:58.925,pulse_batch,x,,,,,-2,,4936,284,284,0,77,,9208332491721,
2026-08-18 00:02:58.946,pulse_batch,x,,,,,-2,,4938,282,282,0,77,,9208352978027,
2026-08-18 00:02:58.966,pulse_batch,x,,,,,-2,,4940,280,280,0,77,,9208373279464,
2026-08-18 00:02:58.987,pulse_batch,x,,,,,-2,,4942,278,278,0,77,,9208393896789,
2026-08-18 00:02:59.007,pulse_batch,x,,,,,-2,,4944,276,276,0,77,,9208414332169,
2026-08-18 00:02:59.028,pulse_batch,x,,,,,-2,,4946,274,274,0,77,,9208434673051,
2026-08-18 00:02:59.048,pulse_batch,x,,,,,-2,,4948,272,272,0,77,,9208455319930,
2026-08-18 00:02:59.069,pulse_batch,x,,,,,-2,,4950,270,270,0,77,,9208475717182,
2026-08-18 00:02:59.089,pulse_batch,x,,,,,-2,,4952,268,268,0,77,,9208496095063,
2026-08-18 00:02:59.110,pulse_batch,x,,,,,-2,,4954,266,266,0,77,,9208516451833,
2026-08-18 00:02:59.133,pulse_batch,x,,,,,-2,,4956,264,264,0,77,,9208540120584,
2026-08-18 00:02:59.153,pulse_batch,x,,,,,-2,,4958,262,262,0,77,,9208560528687,
2026-08-18 00:02:59.174,pulse_batch,x,,,,,-2,,4960,260,260,0,77,,9208580941420,
2026-08-18 00:02:59.197,pulse_batch,x,,,,,-2,,4962,258,258,0,77,,9208604153766,
2026-08-18 00:02:59.217,pulse_batch,x,,,,,-2,,4964,256,256,0,77,,9208624507499,
2026-08-18 00:02:59.238,pulse_batch,x,,,,,-2,,4966,254,254,0,77,,9208644903399,
2026-08-18 00:02:59.259,pulse_batch,x,,,,,-2,,4968,252,252,0,77,,9208665666000,
2026-08-18 00:02:59.279,pulse_batch,x,,,,,-2,,4970,250,250,0,77,,9208686096751,
2026-08-18 00:02:59.299,pulse_batch,x,,,,,-2,,4972,248,248,0,77,,9208706413596,
2026-08-18 00:02:59.321,pulse_batch,x,,,,,-2,,4974,246,246,0,77,,9208727924581,
2026-08-18 00:02:59.341,pulse_batch,x,,,,,-2,,4976,244,244,0,77,,9208748278185,
2026-08-18 00:02:59.361,pulse_batch,x,,,,,-2,,4978,242,242,0,77,,9208768608603,
2026-08-18 00:02:59.383,pulse_batch,x,,,,,-2,,4980,240,240,0,77,,9208790393032,
2026-08-18 00:02:59.404,pulse_batch,x,,,,,-2,,4982,238,238,0,77,,9208810928634,
2026-08-18 00:02:59.424,pulse_batch,x,,,,,-2,,4984,236,236,0,77,,9208831290201,
2026-08-18 00:02:59.445,pulse_batch,x,,,,,-2,,4986,234,234,0,77,,9208851679526,
2026-08-18 00:02:59.465,pulse_batch,x,,,,,-2,,4988,232,232,0,77,,9208872264480,
2026-08-18 00:02:59.485,pulse_batch,x,,,,,-2,,4990,230,230,0,77,,9208892605306,
2026-08-18 00:02:59.509,pulse_batch,x,,,,,-2,,4992,228,228,0,77,,9208916098873,
2026-08-18 00:02:59.533,pulse_batch,x,,,,,-2,,4994,226,226,0,77,,9208940134196,
2026-08-18 00:02:59.553,pulse_batch,x,,,,,-2,,4996,224,224,0,77,,9208960542651,
2026-08-18 00:02:59.574,pulse_batch,x,,,,,-2,,4998,222,222,0,77,,9208980900902,
2026-08-18 00:02:59.597,pulse_batch,x,,,,,-2,,5000,220,220,0,77,,9209004172637,
2026-08-18 00:02:59.617,pulse_batch,x,,,,,-2,,5002,218,218,0,77,,9209024496537,
2026-08-18 00:02:59.638,pulse_batch,x,,,,,-2,,5004,216,216,0,77,,9209045376582,
2026-08-18 00:02:59.659,pulse_batch,x,,,,,-2,,5006,214,214,0,77,,9209065811944,
2026-08-18 00:02:59.679,pulse_batch,x,,,,,-2,,5008,212,212,0,77,,9209086258954,
2026-08-18 00:02:59.699,pulse_batch,x,,,,,-2,,5010,210,210,0,77,,9209106599151,
2026-08-18 00:02:59.721,pulse_batch,x,,,,,-2,,5012,208,208,0,77,,9209127745083,
2026-08-18 00:02:59.741,pulse_batch,x,,,,,-2,,5014,206,206,0,77,,9209148090649,
2026-08-18 00:02:59.761,pulse_batch,x,,,,,-2,,5016,204,204,0,77,,9209168401327,
2026-08-18 00:02:59.782,pulse_batch,x,,,,,-2,,5018,202,202,0,77,,9209189023892,
2026-08-18 00:02:59.802,pulse_batch,x,,,,,-2,,5020,200,200,0,77,,9209209444903,
2026-08-18 00:02:59.823,pulse_batch,x,,,,,-2,,5022,198,198,0,77,,9209229792840,
2026-08-18 00:02:59.844,pulse_batch,x,,,,,-2,,5024,196,196,0,77,,9209250917920,
2026-08-18 00:02:59.864,pulse_batch,x,,,,,-2,,5026,194,194,0,77,,9209271387097,
2026-08-18 00:02:59.885,pulse_batch,x,,,,,-2,,5028,192,192,0,77,,9209291731978,
2026-08-18 00:02:59.905,pulse_batch,x,,,,,-2,,5030,190,190,0,77,,9209312085767,
2026-08-18 00:02:59.926,pulse_batch,x,,,,,-2,,5032,188,188,0,77,,9209332797480,
2026-08-18 00:02:59.946,pulse_batch,x,,,,,-2,,5034,186,186,0,77,,9209353341119,
2026-08-18 00:02:59.966,pulse_batch,x,,,,,-2,,5036,184,184,0,77,,9209373624704,
2026-08-18 00:02:59.989,pulse_batch,x,,,,,-2,,5038,182,182,0,77,,9209396082629,
2026-08-18 00:03:00.010,pulse_batch,x,,,,,-2,,5040,180,180,0,77,,9209416819249,
2026-08-18 00:03:00.030,pulse_batch,x,,,,,-2,,5042,178,178,0,77,,9209437087760,
2026-08-18 00:03:00.051,pulse_batch,x,,,,,-2,,5044,176,176,0,77,,9209457798843,
2026-08-18 00:03:00.072,pulse_batch,x,,,,,-2,,5046,174,174,0,77,,9209479437662,
2026-08-18 00:03:00.093,pulse_batch,x,,,,,-2,,5048,172,172,0,77,,9209499740117,
2026-08-18 00:03:00.113,pulse_batch,x,,,,,-2,,5050,170,170,0,77,,9209520153110,
2026-08-18 00:03:00.134,pulse_batch,x,,,,,-2,,5052,168,168,0,77,,9209541243764,
2026-08-18 00:03:00.154,pulse_batch,x,,,,,-2,,5054,166,166,0,77,,9209561555165,
2026-08-18 00:03:00.175,pulse_batch,x,,,,,-2,,5056,164,164,0,77,,9209582247359,
2026-08-18 00:03:00.196,pulse_batch,x,,,,,-2,,5058,162,162,0,77,,9209602703980,
2026-08-18 00:03:00.216,pulse_batch,x,,,,,-2,,5060,160,160,0,77,,9209623102454,
2026-08-18 00:03:00.236,pulse_batch,x,,,,,-2,,5062,158,158,0,77,,9209643387002,
2026-08-18 00:03:00.257,pulse_batch,x,,,,,-2,,5064,156,156,0,77,,9209663834661,
2026-08-18 00:03:00.277,pulse_batch,x,,,,,-2,,5066,154,154,0,77,,9209684250523,
2026-08-18 00:03:00.297,pulse_batch,x,,,,,-2,,5068,152,152,0,77,,9209704548201,
2026-08-18 00:03:00.318,pulse_batch,x,,,,,-2,,5070,150,150,0,77,,9209725006990,
2026-08-18 00:03:00.338,pulse_batch,x,,,,,-2,,5072,148,148,0,77,,9209745364926,
2026-08-18 00:03:00.358,pulse_batch,x,,,,,-2,,5074,146,146,0,77,,9209765653030,
2026-08-18 00:03:00.379,pulse_batch,x,,,,,-2,,5076,144,144,0,77,,9209786279114,
2026-08-18 00:03:00.400,pulse_batch,x,,,,,-2,,5078,142,142,0,77,,9209806719569,
2026-08-18 00:03:00.420,pulse_batch,x,,,,,-2,,5080,140,140,0,77,,9209827073746,
2026-08-18 00:03:00.440,pulse_batch,x,,,,,-2,,5082,138,138,0,77,,9209847395591,
2026-08-18 00:03:00.462,pulse_batch,x,,,,,-2,,5084,136,136,0,77,,9209868747170,
2026-08-18 00:03:00.482,pulse_batch,x,,,,,-2,,5086,134,134,0,77,,9209889080792,
2026-08-18 00:03:00.502,pulse_batch,x,,,,,-2,,5088,132,132,0,77,,9209909403396,
2026-08-18 00:03:00.523,pulse_batch,x,,,,,-2,,5090,130,130,0,77,,9209930145257,
2026-08-18 00:03:00.544,pulse_batch,x,,,,,-2,,5092,128,128,0,77,,9209950608526,
2026-08-18 00:03:00.564,pulse_batch,x,,,,,-2,,5094,126,126,0,77,,9209970905723,
2026-08-18 00:03:00.585,pulse_batch,x,,,,,-2,,5096,124,124,0,77,,9209992494875,
2026-08-18 00:03:00.606,pulse_batch,x,,,,,-2,,5098,122,122,0,77,,9210012881663,
2026-08-18 00:03:00.626,pulse_batch,x,,,,,-2,,5100,120,120,0,77,,9210033169471,
2026-08-18 00:03:00.647,pulse_batch,x,,,,,-2,,5102,118,118,0,77,,9210054062997,
2026-08-18 00:03:00.667,pulse_batch,x,,,,,-2,,5104,116,116,0,77,,9210074519878,
2026-08-18 00:03:00.688,pulse_batch,x,,,,,-2,,5106,114,114,0,77,,9210094858352,
2026-08-18 00:03:00.708,pulse_batch,x,,,,,-2,,5108,112,112,0,77,,9210115216734,
2026-08-18 00:03:00.729,pulse_batch,x,,,,,-2,,5110,110,110,0,77,,9210135667503,
2026-08-18 00:03:00.749,pulse_batch,x,,,,,-2,,5112,108,108,0,77,,9210156065033,
2026-08-18 00:03:00.769,pulse_batch,x,,,,,-2,,5114,106,106,0,77,,9210176378896,
2026-08-18 00:03:00.790,pulse_batch,x,,,,,-2,,5116,104,104,0,77,,9210196806054,
2026-08-18 00:03:00.810,pulse_batch,x,,,,,-2,,5118,102,102,0,77,,9210217291972,
2026-08-18 00:03:00.830,pulse_batch,x,,,,,-2,,5120,100,100,0,77,,9210237581965,
2026-08-18 00:03:00.851,pulse_batch,x,,,,,-2,,5122,98,98,0,77,,9210258392436,
2026-08-18 00:03:00.872,pulse_batch,x,,,,,-2,,5124,96,96,0,77,,9210278816539,
2026-08-18 00:03:00.892,pulse_batch,x,,,,,-2,,5126,94,94,0,77,,9210299119976,
2026-08-18 00:03:00.913,pulse_batch,x,,,,,-2,,5128,92,92,0,77,,9210320221168,
2026-08-18 00:03:00.934,pulse_batch,x,,,,,-2,,5130,90,90,0,77,,9210340755863,
2026-08-18 00:03:00.954,pulse_batch,x,,,,,-2,,5132,88,88,0,77,,9210361107282,
2026-08-18 00:03:00.974,pulse_batch,x,,,,,-2,,5134,86,86,0,77,,9210381473404,
2026-08-18 00:03:00.995,pulse_batch,x,,,,,-2,,5136,84,84,0,77,,9210402424930,
2026-08-18 00:03:01.016,pulse_batch,x,,,,,-2,,5138,82,82,0,77,,9210422893885,
2026-08-18 00:03:01.036,pulse_batch,x,,,,,-2,,5140,80,80,0,77,,9210443188266,
2026-08-18 00:03:01.057,pulse_batch,x,,,,,-2,,5142,78,78,0,77,,9210463657351,
2026-08-18 00:03:01.077,pulse_batch,x,,,,,-2,,5144,76,76,0,77,,9210484118121,
2026-08-18 00:03:01.097,pulse_batch,x,,,,,-2,,5146,74,74,0,77,,9210504415299,
2026-08-18 00:03:01.119,pulse_batch,x,,,,,-2,,5148,72,72,0,77,,9210525921414,
2026-08-18 00:03:01.139,pulse_batch,x,,,,,-2,,5150,70,70,0,77,,9210546329777,
2026-08-18 00:03:01.159,pulse_batch,x,,,,,-2,,5152,68,68,0,77,,9210566615196,
2026-08-18 00:03:01.180,pulse_batch,x,,,,,-2,,5154,66,66,0,77,,9210586983225,
2026-08-18 00:03:01.200,pulse_batch,x,,,,,-2,,5156,64,64,0,77,,9210607421643,
2026-08-18 00:03:01.221,pulse_batch,x,,,,,-2,,5158,62,62,0,77,,9210627802043,
2026-08-18 00:03:01.241,pulse_batch,x,,,,,-2,,5160,60,60,0,77,,9210648068036,
2026-08-18 00:03:01.263,pulse_batch,x,,,,,-2,,5162,58,58,0,77,,9210669564059,
2026-08-18 00:03:01.283,pulse_batch,x,,,,,-2,,5164,56,56,0,77,,9210689927311,
2026-08-18 00:03:01.303,pulse_batch,x,,,,,-2,,5166,54,54,0,77,,9210710218303,
2026-08-18 00:03:01.324,pulse_batch,x,,,,,-2,,5168,52,52,0,77,,9210730943035,
2026-08-18 00:03:01.344,pulse_batch,x,,,,,-2,,5170,50,50,0,77,,9210751396064,
2026-08-18 00:03:01.365,pulse_batch,x,,,,,-2,,5172,48,48,0,77,,9210771697242,
2026-08-18 00:03:01.385,pulse_batch,x,,,,,-2,,5174,46,46,0,77,,9210792338844,
2026-08-18 00:03:01.406,pulse_batch,x,,,,,-2,,5176,44,44,0,77,,9210812710799,
2026-08-18 00:03:01.426,pulse_batch,x,,,,,-2,,5178,42,42,0,77,,9210833065958,
2026-08-18 00:03:01.447,pulse_batch,x,,,,,-2,,5180,40,40,0,77,,9210853816282,
2026-08-18 00:03:01.467,pulse_batch,x,,,,,-2,,5182,38,38,0,77,,9210874268496,
2026-08-18 00:03:01.487,pulse_batch,x,,,,,-2,,5184,36,36,0,77,,9210894615451,
2026-08-18 00:03:01.508,pulse_batch,x,,,,,-2,,5186,34,34,0,77,,9210914941389,
2026-08-18 00:03:01.529,pulse_batch,x,,,,,-2,,5188,32,32,0,77,,9210936103543,
2026-08-18 00:03:01.549,pulse_batch,x,,,,,-2,,5190,30,30,0,77,,9210956417017,
2026-08-18 00:03:01.570,pulse_batch,x,,,,,-2,,5192,28,28,0,77,,9210976710140,
2026-08-18 00:03:01.590,pulse_batch,x,,,,,-2,,5194,26,26,0,77,,9210997526500,
2026-08-18 00:03:01.611,pulse_batch,x,,,,,-2,,5196,24,24,0,77,,9211017955844,
2026-08-18 00:03:01.631,pulse_batch,x,,,,,-2,,5198,22,22,0,77,,9211038277818,
2026-08-18 00:03:01.652,pulse_batch,x,,,,,-2,,5200,20,20,0,77,,9211059234881,
2026-08-18 00:03:01.674,pulse_batch,x,,,,,-2,,5202,18,18,0,77,,9211080750515,
2026-08-18 00:03:01.694,pulse_batch,x,,,,,-2,,5204,16,16,0,77,,9211101044675,
2026-08-18 00:03:01.714,pulse_batch,x,,,,,-2,,5206,14,14,0,77,,9211121411797,
2026-08-18 00:03:01.719,continuous_stop,x,,,,,,-1,5206,14,14,0,77,,9211126601878,
2026-08-18 00:03:02.184,continuous_start,x,,,,,,-1,5206,14,14,0,77,,9211590710878,
2026-08-18 00:03:02.189,pulse_batch,x,,,,,-1,,5207,13,13,0,77,,9211596025181,
2026-08-18 00:03:02.209,pulse_batch,x,,,,,-2,,5209,11,11,0,77,,9211616445321,
2026-08-18 00:03:02.230,pulse_batch,x,,,,,-2,,5211,9,9,0,77,,9211636724055,
2026-08-18 00:03:02.250,pulse_batch,x,,,,,-2,,5213,7,7,0,77,,9211657445045,
2026-08-18 00:03:02.271,pulse_batch,x,,,,,-2,,5215,5,5,0,77,,9211677810705,
2026-08-18 00:03:02.291,pulse_batch,x,,,,,-2,,5217,3,3,0,77,,9211698130883,
2026-08-18 00:03:02.311,pulse_batch,x,,,,,-2,,5219,1,1,0,77,,9211718540671,
2026-08-18 00:03:02.334,pulse_batch,x,,,,,-2,,5221,-1,-1,0,77,,9211740926819,
2026-08-18 00:03:02.354,pulse_batch,x,,,,,-2,,5223,-3,-3,0,77,,9211761254533,
2026-08-18 00:03:02.374,pulse_batch,x,,,,,-2,,5225,-5,-5,0,77,,9211781553249,
2026-08-18 00:03:02.393,pulse_batch,x,,,,,-1,,5226,-6,-6,0,77,,9211800124196,
2026-08-18 00:03:02.393,continuous_stop,x,,,,,,-1,5226,-6,-6,0,77,,9211800373195,
2026-08-18 00:03:03.653,continuous_start,y,,,,,,1,2482,-44,-36,4,4,,9213059640365,
2026-08-18 00:03:03.658,pulse_batch,y,,,,,1,,2483,-43,-35,4,4,,9213065123573,
2026-08-18 00:03:03.679,pulse_batch,y,,,,,2,,2485,-41,-33,4,4,,9213085681269,
2026-08-18 00:03:03.699,pulse_batch,y,,,,,2,,2487,-39,-31,4,4,,9213105981595,
2026-08-18 00:03:03.721,pulse_batch,y,,,,,2,,2489,-37,-29,4,4,,9213127847227,
2026-08-18 00:03:03.743,pulse_batch,y,,,,,2,,2491,-35,-27,4,4,,9213150338652,
2026-08-18 00:03:03.764,pulse_batch,y,,,,,2,,2493,-33,-25,4,4,,9213170713348,
2026-08-18 00:03:03.784,pulse_batch,y,,,,,2,,2495,-31,-23,4,4,,9213191143896,
2026-08-18 00:03:03.804,pulse_batch,y,,,,,2,,2497,-29,-21,4,4,,9213211568092,
2026-08-18 00:03:03.825,pulse_batch,y,,,,,2,,2499,-27,-19,4,4,,9213231916436,
2026-08-18 00:03:03.846,pulse_batch,y,,,,,2,,2501,-25,-17,4,4,,9213252630242,
2026-08-18 00:03:03.866,pulse_batch,y,,,,,2,,2503,-23,-15,4,4,,9213273129585,
2026-08-18 00:03:03.886,pulse_batch,y,,,,,2,,2505,-21,-13,4,4,,9213293434763,
2026-08-18 00:03:03.907,pulse_batch,y,,,,,2,,2507,-19,-11,4,4,,9213313727423,
2026-08-18 00:03:03.922,pulse_batch,y,,,,,1,,2508,-18,-10,4,4,,9213329345406,
2026-08-18 00:03:03.923,continuous_stop,y,,,,,,1,2508,-18,-10,4,4,,9213329691015,
2026-08-18 00:03:04.520,continuous_start,y,,,,,,1,2508,-18,-10,4,4,,9213927215762,
2026-08-18 00:03:04.525,pulse_batch,y,,,,,1,,2509,-17,-9,4,4,,9213932580990,
2026-08-18 00:03:04.546,pulse_batch,y,,,,,2,,2511,-15,-7,4,4,,9213953138834,
2026-08-18 00:03:04.566,pulse_batch,y,,,,,2,,2513,-13,-5,4,4,,9213973430401,
2026-08-18 00:03:04.588,pulse_batch,y,,,,,2,,2515,-11,-3,4,4,,9213995042442,
2026-08-18 00:03:04.593,continuous_stop,y,,,,,,1,2515,-11,-3,4,4,,9214000137134,
2026-08-18 00:03:05.056,continuous_start,y,,,,,,1,2515,-11,-3,4,4,,9214463030035,
2026-08-18 00:03:05.061,pulse_batch,y,,,,,1,,2516,-10,-2,4,4,,9214468285004,
2026-08-18 00:03:05.082,pulse_batch,y,,,,,2,,2518,-8,0,4,4,,9214488751478,
2026-08-18 00:03:05.102,pulse_batch,y,,,,,2,,2520,-6,2,4,4,,9214509058526,
2026-08-18 00:03:05.123,pulse_batch,y,,,,,2,,2522,-4,4,4,4,,9214529592407,
2026-08-18 00:03:05.143,pulse_batch,y,,,,,2,,2524,-2,6,4,4,,9214549994437,
2026-08-18 00:03:05.163,pulse_batch,y,,,,,2,,2526,0,8,4,4,,9214570327411,
2026-08-18 00:03:05.186,pulse_batch,y,,,,,2,,2528,2,10,4,4,,9214592779299,
2026-08-18 00:03:05.191,continuous_stop,y,,,,,,1,2528,2,10,4,4,,9214597980287,
2026-08-18 00:03:10.322,backlash_initialize,x,,,,,,-1,5226,-6,0,0,77,,9219729507161,logical_zero=0
2026-08-18 00:03:10.322,backlash_initialize,y,,,,,,1,2528,2,0,4,4,,9219729630678,logical_zero=0
2026-08-18 00:03:13.188,point_saved,x,0,stored,,,,-1,,-6,0,0,77,0,,
2026-08-18 00:03:13.188,point_saved,y,0,stored,,,,1,,2,0,4,4,0,,
2026-08-18 00:03:14.061,continuous_start,x,,,,,,1,5226,-6,0,0,77,,9223468484929,
2026-08-18 00:03:14.067,pulse_batch,x,,,,,1,,5227,-5,0,1,77,,9223473866472,
2026-08-18 00:03:14.087,pulse_batch,x,,,,,2,,5229,-3,0,3,77,,9223494240873,
2026-08-18 00:03:14.107,pulse_batch,x,,,,,2,,5231,-1,0,5,77,,9223514528830,
2026-08-18 00:03:14.128,pulse_batch,x,,,,,2,,5233,1,0,7,77,,9223535002378,
2026-08-18 00:03:14.148,pulse_batch,x,,,,,2,,5235,3,0,9,77,,9223555381316,
2026-08-18 00:03:14.169,pulse_batch,x,,,,,2,,5237,5,0,11,77,,9223575687198,
2026-08-18 00:03:14.189,pulse_batch,x,,,,,2,,5239,7,0,13,77,,9223596241209,
2026-08-18 00:03:14.210,pulse_batch,x,,,,,2,,5241,9,0,15,77,,9223616741850,
2026-08-18 00:03:14.230,pulse_batch,x,,,,,2,,5243,11,0,17,77,,9223637069676,
2026-08-18 00:03:14.250,pulse_batch,x,,,,,2,,5245,13,0,19,77,,9223657355392,
2026-08-18 00:03:14.271,pulse_batch,x,,,,,2,,5247,15,0,21,77,,9223677909422,
2026-08-18 00:03:14.291,pulse_batch,x,,,,,2,,5249,17,0,23,77,,9223698256508,
2026-08-18 00:03:14.311,pulse_batch,x,,,,,2,,5251,19,0,25,77,,9223718534316,
2026-08-18 00:03:14.332,pulse_batch,x,,,,,2,,5253,21,0,27,77,,9223739231937,
2026-08-18 00:03:14.352,pulse_batch,x,,,,,2,,5255,23,0,29,77,,9223759614393,
2026-08-18 00:03:14.373,pulse_batch,x,,,,,2,,5257,25,0,31,77,,9223779905165,
2026-08-18 00:03:14.393,pulse_batch,x,,,,,2,,5259,27,0,33,77,,9223800265788,
2026-08-18 00:03:14.414,pulse_batch,x,,,,,2,,5261,29,0,35,77,,9223820773780,
2026-08-18 00:03:14.434,pulse_batch,x,,,,,2,,5263,31,0,37,77,,9223841190921,
2026-08-18 00:03:14.454,pulse_batch,x,,,,,2,,5265,33,0,39,77,,9223861498860,
2026-08-18 00:03:14.476,pulse_batch,x,,,,,2,,5267,35,0,41,77,,9223883010994,
2026-08-18 00:03:14.496,pulse_batch,x,,,,,2,,5269,37,0,43,77,,9223903370136,
2026-08-18 00:03:14.517,pulse_batch,x,,,,,2,,5271,39,0,45,77,,9223923742722,
2026-08-18 00:03:14.537,pulse_batch,x,,,,,2,,5273,41,0,47,77,,9223944502639,
2026-08-18 00:03:14.558,pulse_batch,x,,,,,2,,5275,43,0,49,77,,9223965037872,
2026-08-18 00:03:14.578,pulse_batch,x,,,,,2,,5277,45,0,51,77,,9223985304606,
2026-08-18 00:03:14.599,pulse_batch,x,,,,,2,,5279,47,0,53,77,,9224006052968,
2026-08-18 00:03:14.622,pulse_batch,x,,,,,2,,5281,49,0,55,77,,9224028700392,
2026-08-18 00:03:14.642,pulse_batch,x,,,,,2,,5283,51,0,57,77,,9224049017071,
2026-08-18 00:03:14.664,pulse_batch,x,,,,,2,,5285,53,0,59,77,,9224071235665,
2026-08-18 00:03:14.684,pulse_batch,x,,,,,2,,5287,55,0,61,77,,9224091594121,
2026-08-18 00:03:14.705,pulse_batch,x,,,,,2,,5289,57,0,63,77,,9224111881930,
2026-08-18 00:03:14.726,pulse_batch,x,,,,,2,,5291,59,0,65,77,,9224133357379,
2026-08-18 00:03:14.747,pulse_batch,x,,,,,2,,5293,61,0,67,77,,9224153799391,
2026-08-18 00:03:14.767,pulse_batch,x,,,,,2,,5295,63,0,69,77,,9224174133199,
2026-08-18 00:03:14.787,pulse_batch,x,,,,,2,,5297,65,0,71,77,,9224194614044,
2026-08-18 00:03:14.808,pulse_batch,x,,,,,2,,5299,67,0,73,77,,9224215172851,
2026-08-18 00:03:14.828,pulse_batch,x,,,,,2,,5301,69,0,75,77,,9224235550844,
2026-08-18 00:03:14.849,pulse_batch,x,,,,,2,,5303,71,0,77,77,,9224255831838,
2026-08-18 00:03:14.869,pulse_batch,x,,,,,2,,5305,73,2,77,77,,9224276605884,
2026-08-18 00:03:14.890,pulse_batch,x,,,,,2,,5307,75,4,77,77,,9224297028877,
2026-08-18 00:03:14.910,pulse_batch,x,,,,,2,,5309,77,6,77,77,,9224317301463,
2026-08-18 00:03:14.931,pulse_batch,x,,,,,2,,5311,79,8,77,77,,9224338315453,
2026-08-18 00:03:14.952,pulse_batch,x,,,,,2,,5313,81,10,77,77,,9224358819408,
2026-08-18 00:03:14.972,pulse_batch,x,,,,,2,,5315,83,12,77,77,,9224379122754,
2026-08-18 00:03:14.993,pulse_batch,x,,,,,2,,5317,85,14,77,77,,9224400282558,
2026-08-18 00:03:15.014,pulse_batch,x,,,,,2,,5319,87,16,77,77,,9224420747939,
2026-08-18 00:03:15.034,pulse_batch,x,,,,,2,,5321,89,18,77,77,,9224441080803,
2026-08-18 00:03:15.054,pulse_batch,x,,,,,2,,5323,91,20,77,77,,9224461496722,
2026-08-18 00:03:15.075,pulse_batch,x,,,,,2,,5325,93,22,77,77,,9224481990085,
2026-08-18 00:03:15.095,pulse_batch,x,,,,,2,,5327,95,24,77,77,,9224502297375,
2026-08-18 00:03:15.115,pulse_batch,x,,,,,2,,5329,97,26,77,77,,9224522577832,
2026-08-18 00:03:15.137,pulse_batch,x,,,,,2,,5331,99,28,77,77,,9224543929968,
2026-08-18 00:03:15.158,pulse_batch,x,,,,,2,,5333,101,30,77,77,,9224564918087,
2026-08-18 00:03:15.178,pulse_batch,x,,,,,2,,5335,103,32,77,77,,9224585188748,
2026-08-18 00:03:15.199,pulse_batch,x,,,,,2,,5337,105,34,77,77,,9224605659796,
2026-08-18 00:03:15.219,pulse_batch,x,,,,,2,,5339,107,36,77,77,,9224626023512,
2026-08-18 00:03:15.239,pulse_batch,x,,,,,2,,5341,109,38,77,77,,9224646368968,
2026-08-18 00:03:15.260,pulse_batch,x,,,,,2,,5343,111,40,77,77,,9224666796165,
2026-08-18 00:03:15.280,pulse_batch,x,,,,,2,,5345,113,42,77,77,,9224687202732,
2026-08-18 00:03:15.300,pulse_batch,x,,,,,2,,5347,115,44,77,77,,9224707511726,
2026-08-18 00:03:15.321,pulse_batch,x,,,,,2,,5349,117,46,77,77,,9224727824775,
2026-08-18 00:03:15.342,pulse_batch,x,,,,,2,,5351,119,48,77,77,,9224749572427,
2026-08-18 00:03:15.363,pulse_batch,x,,,,,2,,5353,121,50,77,77,,9224769900309,
2026-08-18 00:03:15.383,pulse_batch,x,,,,,2,,5355,123,52,77,77,,9224790187729,
2026-08-18 00:03:15.404,pulse_batch,x,,,,,2,,5357,125,54,77,77,,9224810840424,
2026-08-18 00:03:15.424,pulse_batch,x,,,,,2,,5359,127,56,77,77,,9224831298473,
2026-08-18 00:03:15.444,pulse_batch,x,,,,,2,,5361,129,58,77,77,,9224851606318,
2026-08-18 00:03:15.466,pulse_batch,x,,,,,2,,5363,131,60,77,77,,9224873141416,
2026-08-18 00:03:15.486,pulse_batch,x,,,,,2,,5365,133,62,77,77,,9224893507354,
2026-08-18 00:03:15.507,pulse_batch,x,,,,,2,,5367,135,64,77,77,,9224913801514,
2026-08-18 00:03:15.528,pulse_batch,x,,,,,2,,5369,137,66,77,77,,9224934764782,
2026-08-18 00:03:15.548,pulse_batch,x,,,,,2,,5371,139,68,77,77,,9224955171590,
2026-08-18 00:03:15.568,pulse_batch,x,,,,,2,,5373,141,70,77,77,,9224975487787,
2026-08-18 00:03:15.589,pulse_batch,x,,,,,2,,5375,143,72,77,77,,9224995804540,
2026-08-18 00:03:15.609,pulse_batch,x,,,,,2,,5377,145,74,77,77,,9225016230422,
2026-08-18 00:03:15.629,pulse_batch,x,,,,,2,,5379,147,76,77,77,,9225036583786,
2026-08-18 00:03:15.650,pulse_batch,x,,,,,2,,5381,149,78,77,77,,9225056935335,
2026-08-18 00:03:15.671,pulse_batch,x,,,,,2,,5383,151,80,77,77,,9225078078694,
2026-08-18 00:03:15.691,pulse_batch,x,,,,,2,,5385,153,82,77,77,,9225098516928,
2026-08-18 00:03:15.712,pulse_batch,x,,,,,2,,5387,155,84,77,77,,9225118798385,
2026-08-18 00:03:15.732,pulse_batch,x,,,,,2,,5389,157,86,77,77,,9225139475469,
2026-08-18 00:03:15.753,pulse_batch,x,,,,,2,,5391,159,88,77,77,,9225159865795,
2026-08-18 00:03:15.773,pulse_batch,x,,,,,2,,5393,161,90,77,77,,9225180168937,
2026-08-18 00:03:15.794,pulse_batch,x,,,,,2,,5395,163,92,77,77,,9225200790114,
2026-08-18 00:03:15.814,pulse_batch,x,,,,,2,,5397,165,94,77,77,,9225221236496,
2026-08-18 00:03:15.834,pulse_batch,x,,,,,2,,5399,167,96,77,77,,9225241544860,
2026-08-18 00:03:15.855,pulse_batch,x,,,,,2,,5401,169,98,77,77,,9225261894113,
2026-08-18 00:03:15.876,pulse_batch,x,,,,,2,,5403,171,100,77,77,,9225282943843,
2026-08-18 00:03:15.896,pulse_batch,x,,,,,2,,5405,173,102,77,77,,9225303225985,
2026-08-18 00:03:15.916,pulse_batch,x,,,,,2,,5407,175,104,77,77,,9225323507868,
2026-08-18 00:03:15.937,pulse_batch,x,,,,,2,,5409,177,106,77,77,,9225344442617,
2026-08-18 00:03:15.958,pulse_batch,x,,,,,2,,5411,179,108,77,77,,9225364919258,
2026-08-18 00:03:15.978,pulse_batch,x,,,,,2,,5413,181,110,77,77,,9225385201474,
2026-08-18 00:03:15.999,pulse_batch,x,,,,,2,,5415,183,112,77,77,,9225406122075,
2026-08-18 00:03:16.019,pulse_batch,x,,,,,2,,5417,185,114,77,77,,9225426491568,
2026-08-18 00:03:16.040,pulse_batch,x,,,,,2,,5419,187,116,77,77,,9225446772896,
2026-08-18 00:03:16.061,pulse_batch,x,,,,,2,,5421,189,118,77,77,,9225467784422,
2026-08-18 00:03:16.081,pulse_batch,x,,,,,2,,5423,191,120,77,77,,9225488186656,
2026-08-18 00:03:16.101,pulse_batch,x,,,,,2,,5425,193,122,77,77,,9225508498798,
2026-08-18 00:03:16.122,pulse_batch,x,,,,,2,,5427,195,124,77,77,,9225528791866,
2026-08-18 00:03:16.143,pulse_batch,x,,,,,2,,5429,197,126,77,77,,9225550031558,
2026-08-18 00:03:16.163,pulse_batch,x,,,,,2,,5431,199,128,77,77,,9225570385144,
2026-08-18 00:03:16.184,pulse_batch,x,,,,,2,,5433,201,130,77,77,,9225590802434,
2026-08-18 00:03:16.205,pulse_batch,x,,,,,2,,5435,203,132,77,77,,9225612480475,
2026-08-18 00:03:16.226,pulse_batch,x,,,,,2,,5437,205,134,77,77,,9225632890320,
2026-08-18 00:03:16.246,pulse_batch,x,,,,,2,,5439,207,136,77,77,,9225653161981,
2026-08-18 00:03:16.266,pulse_batch,x,,,,,2,,5441,209,138,77,77,,9225673634770,
2026-08-18 00:03:16.287,pulse_batch,x,,,,,2,,5443,211,140,77,77,,9225693999763,
2026-08-18 00:03:16.307,pulse_batch,x,,,,,2,,5445,213,142,77,77,,9225714329831,
2026-08-18 00:03:16.328,pulse_batch,x,,,,,2,,5447,215,144,77,77,,9225734752083,
2026-08-18 00:03:16.348,pulse_batch,x,,,,,2,,5449,217,146,77,77,,9225755172188,
2026-08-18 00:03:16.368,pulse_batch,x,,,,,2,,5451,219,148,77,77,,9225775526940,
2026-08-18 00:03:16.389,pulse_batch,x,,,,,2,,5453,221,150,77,77,,9225795950637,
2026-08-18 00:03:16.410,pulse_batch,x,,,,,2,,5455,223,152,77,77,,9225817145237,
2026-08-18 00:03:16.430,pulse_batch,x,,,,,2,,5457,225,154,77,77,,9225837451897,
2026-08-18 00:03:16.451,pulse_batch,x,,,,,2,,5459,227,156,77,77,,9225857745261,
2026-08-18 00:03:16.472,pulse_batch,x,,,,,2,,5461,229,158,77,77,,9225878706381,
2026-08-18 00:03:16.492,pulse_batch,x,,,,,2,,5463,231,160,77,77,,9225899132430,
2026-08-18 00:03:16.512,pulse_batch,x,,,,,2,,5465,233,162,77,77,,9225919409590,
2026-08-18 00:03:16.533,pulse_batch,x,,,,,2,,5467,235,164,77,77,,9225940332525,
2026-08-18 00:03:16.554,pulse_batch,x,,,,,2,,5469,237,166,77,77,,9225961216719,
2026-08-18 00:03:16.574,pulse_batch,x,,,,,2,,5471,239,168,77,77,,9225981554009,
2026-08-18 00:03:16.597,pulse_batch,x,,,,,2,,5473,241,170,77,77,,9226004081860,
2026-08-18 00:03:16.617,pulse_batch,x,,,,,2,,5475,243,172,77,77,,9226024425409,
2026-08-18 00:03:16.638,pulse_batch,x,,,,,2,,5477,245,174,77,77,,9226044736292,
2026-08-18 00:03:16.658,pulse_batch,x,,,,,2,,5479,247,176,77,77,,9226065190211,
2026-08-18 00:03:16.679,pulse_batch,x,,,,,2,,5481,249,178,77,77,,9226085669926,
2026-08-18 00:03:16.699,pulse_batch,x,,,,,2,,5483,251,180,77,77,,9226106017753,
2026-08-18 00:03:16.719,pulse_batch,x,,,,,2,,5485,253,182,77,77,,9226126310117,
2026-08-18 00:03:16.740,pulse_batch,x,,,,,2,,5487,255,184,77,77,,9226146902035,
2026-08-18 00:03:16.760,pulse_batch,x,,,,,2,,5489,257,186,77,77,,9226167332861,
2026-08-18 00:03:16.780,pulse_batch,x,,,,,2,,5491,259,188,77,77,,9226187603059,
2026-08-18 00:03:16.801,pulse_batch,x,,,,,2,,5493,261,190,77,77,,9226208161699,
2026-08-18 00:03:16.821,pulse_batch,x,,,,,2,,5495,263,192,77,77,,9226228530397,
2026-08-18 00:03:16.842,pulse_batch,x,,,,,2,,5497,265,194,77,77,,9226248836020,
2026-08-18 00:03:16.863,pulse_batch,x,,,,,2,,5499,267,196,77,77,,9226270401655,
2026-08-18 00:03:16.884,pulse_batch,x,,,,,2,,5501,269,198,77,77,,9226290806870,
2026-08-18 00:03:16.904,pulse_batch,x,,,,,2,,5503,271,200,77,77,,9226311124012,
2026-08-18 00:03:16.924,pulse_batch,x,,,,,2,,5505,273,202,77,77,,9226331451561,
2026-08-18 00:03:16.945,pulse_batch,x,,,,,2,,5507,275,204,77,77,,9226351939202,
2026-08-18 00:03:16.965,pulse_batch,x,,,,,2,,5509,277,206,77,77,,9226372297955,
2026-08-18 00:03:16.985,pulse_batch,x,,,,,2,,5511,279,208,77,77,,9226392586263,
2026-08-18 00:03:17.006,pulse_batch,x,,,,,2,,5513,281,210,77,77,,9226413030293,
2026-08-18 00:03:17.026,pulse_batch,x,,,,,2,,5515,283,212,77,77,,9226433437953,
2026-08-18 00:03:17.047,pulse_batch,x,,,,,2,,5517,285,214,77,77,,9226453709003,
2026-08-18 00:03:17.068,pulse_batch,x,,,,,2,,5519,287,216,77,77,,9226474901880,
2026-08-18 00:03:17.088,pulse_batch,x,,,,,2,,5521,289,218,77,77,,9226495319300,
2026-08-18 00:03:17.109,pulse_batch,x,,,,,2,,5523,291,220,77,77,,9226515666719,
2026-08-18 00:03:17.129,pulse_batch,x,,,,,2,,5525,293,222,77,77,,9226536125786,
2026-08-18 00:03:17.149,pulse_batch,x,,,,,2,,5527,295,224,77,77,,9226556558650,
2026-08-18 00:03:17.170,pulse_batch,x,,,,,2,,5529,297,226,77,77,,9226576983161,
2026-08-18 00:03:17.190,pulse_batch,x,,,,,2,,5531,299,228,77,77,,9226597321562,
2026-08-18 00:03:17.211,pulse_batch,x,,,,,2,,5533,301,230,77,77,,9226617755055,
2026-08-18 00:03:17.231,pulse_batch,x,,,,,2,,5535,303,232,77,77,,9226638165086,
2026-08-18 00:03:17.251,pulse_batch,x,,,,,2,,5537,305,234,77,77,,9226658474653,
2026-08-18 00:03:17.272,pulse_batch,x,,,,,2,,5539,307,236,77,77,,9226678948369,
2026-08-18 00:03:17.292,pulse_batch,x,,,,,2,,5541,309,238,77,77,,9226699361214,
2026-08-18 00:03:17.313,pulse_batch,x,,,,,2,,5543,311,240,77,77,,9226719674226,
2026-08-18 00:03:17.333,pulse_batch,x,,,,,2,,5545,313,242,77,77,,9226740178441,
2026-08-18 00:03:17.353,pulse_batch,x,,,,,2,,5547,315,244,77,77,,9226760590008,
2026-08-18 00:03:17.374,pulse_batch,x,,,,,2,,5549,317,246,77,77,,9226780995187,
2026-08-18 00:03:17.394,pulse_batch,x,,,,,2,,5551,319,248,77,77,,9226801380661,
2026-08-18 00:03:17.400,continuous_stop,x,,,,,,1,5551,319,248,77,77,,9226806659594,
2026-08-18 00:03:17.868,continuous_start,y,,,,,,-1,2528,2,0,4,4,,9227275011426,
2026-08-18 00:03:17.873,pulse_batch,y,,,,,-1,,2529,1,0,3,4,,9227280307395,
2026-08-18 00:03:17.894,pulse_batch,y,,,,,-2,,2531,-1,0,1,4,,9227300813666,
2026-08-18 00:03:17.914,pulse_batch,y,,,,,-2,,2533,-3,-1,0,4,,9227321138937,
2026-08-18 00:03:17.934,pulse_batch,y,,,,,-2,,2535,-5,-3,0,4,,9227341595819,
2026-08-18 00:03:17.955,pulse_batch,y,,,,,-2,,2537,-7,-5,0,4,,9227361956424,
2026-08-18 00:03:17.975,pulse_batch,y,,,,,-2,,2539,-9,-7,0,4,,9227382279862,
2026-08-18 00:03:17.997,pulse_batch,y,,,,,-2,,2541,-11,-9,0,4,,9227404583029,
2026-08-18 00:03:18.018,pulse_batch,y,,,,,-2,,2543,-13,-11,0,4,,9227424990689,
2026-08-18 00:03:18.038,pulse_batch,y,,,,,-2,,2545,-15,-13,0,4,,9227445316016,
2026-08-18 00:03:18.059,pulse_batch,y,,,,,-2,,2547,-17,-15,0,4,,9227465642343,
2026-08-18 00:03:18.082,pulse_batch,y,,,,,-2,,2549,-19,-17,0,4,,9227489279485,
2026-08-18 00:03:18.102,pulse_batch,y,,,,,-2,,2551,-21,-19,0,4,,9227509588701,
2026-08-18 00:03:18.125,pulse_batch,y,,,,,-2,,2553,-23,-21,0,4,,9227532077108,
2026-08-18 00:03:18.147,pulse_batch,y,,,,,-2,,2555,-25,-23,0,4,,9227554290202,
2026-08-18 00:03:18.167,pulse_batch,y,,,,,-2,,2557,-27,-25,0,4,,9227574601659,
2026-08-18 00:03:18.188,pulse_batch,y,,,,,-2,,2559,-29,-27,0,4,,9227594967819,
2026-08-18 00:03:18.208,pulse_batch,y,,,,,-2,,2561,-31,-29,0,4,,9227615613515,
2026-08-18 00:03:18.229,pulse_batch,y,,,,,-2,,2563,-33,-31,0,4,,9227636034582,
2026-08-18 00:03:18.249,pulse_batch,y,,,,,-2,,2565,-35,-33,0,4,,9227656321761,
2026-08-18 00:03:18.270,pulse_batch,y,,,,,-2,,2567,-37,-35,0,4,,9227677357529,
2026-08-18 00:03:18.291,pulse_batch,y,,,,,-2,,2569,-39,-37,0,4,,9227697746207,
2026-08-18 00:03:18.311,pulse_batch,y,,,,,-2,,2571,-41,-39,0,4,,9227718040683,
2026-08-18 00:03:18.332,pulse_batch,y,,,,,-2,,2573,-43,-41,0,4,,9227738991154,
2026-08-18 00:03:18.352,pulse_batch,y,,,,,-2,,2575,-45,-43,0,4,,9227759437962,
2026-08-18 00:03:18.373,pulse_batch,y,,,,,-2,,2577,-47,-45,0,4,,9227779755308,
2026-08-18 00:03:18.393,pulse_batch,y,,,,,-2,,2579,-49,-47,0,4,,9227800164523,
2026-08-18 00:03:18.414,pulse_batch,y,,,,,-2,,2581,-51,-49,0,4,,9227820790164,
2026-08-18 00:03:18.434,pulse_batch,y,,,,,-2,,2583,-53,-51,0,4,,9227841149639,
2026-08-18 00:03:18.454,pulse_batch,y,,,,,-2,,2585,-55,-53,0,4,,9227861453392,
2026-08-18 00:03:18.475,pulse_batch,y,,,,,-2,,2587,-57,-55,0,4,,9227882004755,
2026-08-18 00:03:18.495,pulse_batch,y,,,,,-2,,2589,-59,-57,0,4,,9227902472674,
2026-08-18 00:03:18.516,pulse_batch,y,,,,,-2,,2591,-61,-59,0,4,,9227922752260,
2026-08-18 00:03:18.537,pulse_batch,y,,,,,-2,,2593,-63,-61,0,4,,9227943788361,
2026-08-18 00:03:18.557,pulse_batch,y,,,,,-2,,2595,-65,-63,0,4,,9227964185484,
2026-08-18 00:03:18.577,pulse_batch,y,,,,,-2,,2597,-67,-65,0,4,,9227984586700,
2026-08-18 00:03:18.598,pulse_batch,y,,,,,-2,,2599,-69,-67,0,4,,9228005465968,
2026-08-18 00:03:18.619,pulse_batch,y,,,,,-2,,2601,-71,-69,0,4,,9228026012201,
2026-08-18 00:03:18.639,pulse_batch,y,,,,,-2,,2603,-73,-71,0,4,,9228046367065,
2026-08-18 00:03:18.660,pulse_batch,y,,,,,-2,,2605,-75,-73,0,4,,9228066705577,
2026-08-18 00:03:18.681,pulse_batch,y,,,,,-2,,2607,-77,-75,0,4,,9228088491655,
2026-08-18 00:03:18.702,pulse_batch,y,,,,,-2,,2609,-79,-77,0,4,,9228109080425,
2026-08-18 00:03:18.722,pulse_batch,y,,,,,-2,,2611,-81,-79,0,4,,9228129372179,
2026-08-18 00:03:18.743,pulse_batch,y,,,,,-2,,2613,-83,-81,0,4,,9228149920153,
2026-08-18 00:03:18.763,pulse_batch,y,,,,,-2,,2615,-85,-83,0,4,,9228170328516,
2026-08-18 00:03:18.784,pulse_batch,y,,,,,-2,,2617,-87,-85,0,4,,9228190686528,
2026-08-18 00:03:18.804,pulse_batch,y,,,,,-2,,2619,-89,-87,0,4,,9228211202299,
2026-08-18 00:03:18.824,pulse_batch,y,,,,,-2,,2621,-91,-89,0,4,,9228231576385,
2026-08-18 00:03:18.845,pulse_batch,y,,,,,-2,,2623,-93,-91,0,4,,9228251905416,
2026-08-18 00:03:18.866,pulse_batch,y,,,,,-2,,2625,-95,-93,0,4,,9228273316014,
2026-08-18 00:03:18.887,pulse_batch,y,,,,,-2,,2627,-97,-95,0,4,,9228293789137,
2026-08-18 00:03:18.907,pulse_batch,y,,,,,-2,,2629,-99,-97,0,4,,9228314187093,
2026-08-18 00:03:18.928,pulse_batch,y,,,,,-2,,2631,-101,-99,0,4,,9228334714715,
2026-08-18 00:03:18.948,pulse_batch,y,,,,,-2,,2633,-103,-101,0,4,,9228355271004,
2026-08-18 00:03:18.969,pulse_batch,y,,,,,-2,,2635,-105,-103,0,4,,9228375717219,
2026-08-18 00:03:18.989,pulse_batch,y,,,,,-2,,2637,-107,-105,0,4,,9228396075157,
2026-08-18 00:03:19.011,pulse_batch,y,,,,,-2,,2639,-109,-107,0,4,,9228417834421,
2026-08-18 00:03:19.031,pulse_batch,y,,,,,-2,,2641,-111,-109,0,4,,9228438262303,
2026-08-18 00:03:19.051,pulse_batch,y,,,,,-2,,2643,-113,-111,0,4,,9228458623797,
2026-08-18 00:03:19.073,pulse_batch,y,,,,,-2,,2645,-115,-113,0,4,,9228479853119,
2026-08-18 00:03:19.093,pulse_batch,y,,,,,-2,,2647,-117,-115,0,4,,9228500266519,
2026-08-18 00:03:19.113,pulse_batch,y,,,,,-2,,2649,-119,-117,0,4,,9228520600069,
2026-08-18 00:03:19.134,pulse_batch,y,,,,,-2,,2651,-121,-119,0,4,,9228541563077,
2026-08-18 00:03:19.155,pulse_batch,y,,,,,-2,,2653,-123,-121,0,4,,9228562014681,
2026-08-18 00:03:19.175,pulse_batch,y,,,,,-2,,2655,-125,-123,0,4,,9228582380286,
2026-08-18 00:03:19.200,pulse_batch,y,,,,,-2,,2657,-127,-125,0,4,,9228606955459,
2026-08-18 00:03:19.220,pulse_batch,y,,,,,-2,,2659,-129,-127,0,4,,9228627360860,
2026-08-18 00:03:19.241,pulse_batch,y,,,,,-2,,2661,-131,-129,0,4,,9228647720243,
2026-08-18 00:03:19.261,pulse_batch,y,,,,,-2,,2663,-133,-131,0,4,,9228668590733,
2026-08-18 00:03:19.282,pulse_batch,y,,,,,-2,,2665,-135,-133,0,4,,9228688995560,
2026-08-18 00:03:19.302,pulse_batch,y,,,,,-2,,2667,-137,-135,0,4,,9228709377905,
2026-08-18 00:03:19.323,pulse_batch,y,,,,,-2,,2669,-139,-137,0,4,,9228729695436,
2026-08-18 00:03:19.344,pulse_batch,y,,,,,-2,,2671,-141,-139,0,4,,9228751092683,
2026-08-18 00:03:19.364,pulse_batch,y,,,,,-2,,2673,-143,-141,0,4,,9228771507417,
2026-08-18 00:03:19.385,pulse_batch,y,,,,,-2,,2675,-145,-143,0,4,,9228791807856,
2026-08-18 00:03:19.406,pulse_batch,y,,,,,-2,,2677,-147,-145,0,4,,9228812945011,
2026-08-18 00:03:19.426,pulse_batch,y,,,,,-2,,2679,-149,-147,0,4,,9228833297005,
2026-08-18 00:03:19.446,pulse_batch,y,,,,,-2,,2681,-151,-149,0,4,,9228853624999,
2026-08-18 00:03:19.467,pulse_batch,y,,,,,-2,,2683,-153,-151,0,4,,9228874508953,
2026-08-18 00:03:19.488,pulse_batch,y,,,,,-2,,2685,-155,-153,0,4,,9228894916705,
2026-08-18 00:03:19.508,pulse_batch,y,,,,,-2,,2687,-157,-155,0,4,,9228915311032,
2026-08-18 00:03:19.529,pulse_batch,y,,,,,-2,,2689,-159,-157,0,4,,9228936037079,
2026-08-18 00:03:19.549,pulse_batch,y,,,,,-2,,2691,-161,-159,0,4,,9228956459183,
2026-08-18 00:03:19.570,pulse_batch,y,,,,,-2,,2693,-163,-161,0,4,,9228976832640,
2026-08-18 00:03:19.590,pulse_batch,y,,,,,-2,,2695,-165,-163,0,4,,9228997556409,
2026-08-18 00:03:19.611,pulse_batch,y,,,,,-2,,2697,-167,-165,0,4,,9229018056032,
2026-08-18 00:03:19.631,pulse_batch,y,,,,,-2,,2699,-169,-167,0,4,,9229038461581,
2026-08-18 00:03:19.652,pulse_batch,y,,,,,-2,,2701,-171,-169,0,4,,9229058752427,
2026-08-18 00:03:19.674,pulse_batch,y,,,,,-2,,2703,-173,-171,0,4,,9229080828670,
2026-08-18 00:03:19.694,pulse_batch,y,,,,,-2,,2705,-175,-173,0,4,,9229101274774,
2026-08-18 00:03:19.715,pulse_batch,y,,,,,-2,,2707,-177,-175,0,4,,9229121646804,
2026-08-18 00:03:19.735,pulse_batch,y,,,,,-2,,2709,-179,-177,0,4,,9229142177260,
2026-08-18 00:03:19.755,pulse_batch,y,,,,,-2,,2711,-181,-179,0,4,,9229162595364,
2026-08-18 00:03:19.776,pulse_batch,y,,,,,-2,,2713,-183,-181,0,4,,9229182942136,
2026-08-18 00:03:19.796,pulse_batch,y,,,,,-2,,2715,-185,-183,0,4,,9229203312037,
2026-08-18 00:03:19.817,pulse_batch,y,,,,,-2,,2717,-187,-185,0,4,,9229223848159,
2026-08-18 00:03:19.837,pulse_batch,y,,,,,-2,,2719,-189,-187,0,4,,9229244185449,
2026-08-18 00:03:19.857,pulse_batch,y,,,,,-2,,2721,-191,-189,0,4,,9229264549776,
2026-08-18 00:03:19.878,pulse_batch,y,,,,,-2,,2723,-193,-191,0,4,,9229284988029,
2026-08-18 00:03:19.898,pulse_batch,y,,,,,-2,,2725,-195,-193,0,4,,9229305413411,
2026-08-18 00:03:19.919,pulse_batch,y,,,,,-2,,2727,-197,-195,0,4,,9229325744571,
2026-08-18 00:03:19.939,pulse_batch,y,,,,,-2,,2729,-199,-197,0,4,,9229346387230,
2026-08-18 00:03:19.960,pulse_batch,y,,,,,-2,,2731,-201,-199,0,4,,9229366760205,
2026-08-18 00:03:19.980,pulse_batch,y,,,,,-2,,2733,-203,-201,0,4,,9229387084329,
2026-08-18 00:03:20.000,pulse_batch,y,,,,,-2,,2735,-205,-203,0,4,,9229407472637,
2026-08-18 00:03:20.021,pulse_batch,y,,,,,-2,,2737,-207,-205,0,4,,9229427960908,
2026-08-18 00:03:20.041,pulse_batch,y,,,,,-2,,2739,-209,-207,0,4,,9229448292938,
2026-08-18 00:03:20.062,pulse_batch,y,,,,,-2,,2741,-211,-209,0,4,,9229469228892,
2026-08-18 00:03:20.083,pulse_batch,y,,,,,-2,,2743,-213,-211,0,4,,9229489713644,
2026-08-18 00:03:20.103,pulse_batch,y,,,,,-2,,2745,-215,-213,0,4,,9229510060434,
2026-08-18 00:03:20.123,pulse_batch,y,,,,,-2,,2747,-217,-215,0,4,,9229530401613,
2026-08-18 00:03:20.145,pulse_batch,y,,,,,-2,,2749,-219,-217,0,4,,9229551801693,
2026-08-18 00:03:20.168,pulse_batch,y,,,,,-2,,2751,-221,-219,0,4,,9229575440687,
2026-08-18 00:03:20.189,pulse_batch,y,,,,,-2,,2753,-223,-221,0,4,,9229595805588,
2026-08-18 00:03:20.210,pulse_batch,y,,,,,-2,,2755,-225,-223,0,4,,9229617245631,
2026-08-18 00:03:20.231,pulse_batch,y,,,,,-2,,2757,-227,-225,0,4,,9229637659828,
2026-08-18 00:03:20.251,pulse_batch,y,,,,,-2,,2759,-229,-227,0,4,,9229658004637,
2026-08-18 00:03:20.272,pulse_batch,y,,,,,-2,,2761,-231,-229,0,4,,9229679025497,
2026-08-18 00:03:20.292,pulse_batch,y,,,,,-2,,2763,-233,-231,0,4,,9229699394453,
2026-08-18 00:03:20.313,pulse_batch,y,,,,,-2,,2765,-235,-233,0,4,,9229719733244,
2026-08-18 00:03:20.335,pulse_batch,y,,,,,-2,,2767,-237,-235,0,4,,9229741586247,
2026-08-18 00:03:20.358,pulse_batch,y,,,,,-2,,2769,-239,-237,0,4,,9229765358703,
2026-08-18 00:03:20.378,pulse_batch,y,,,,,-2,,2771,-241,-239,0,4,,9229785623530,
2026-08-18 00:03:20.400,pulse_batch,y,,,,,-2,,2773,-243,-241,0,4,,9229807145462,
2026-08-18 00:03:20.420,pulse_batch,y,,,,,-2,,2775,-245,-243,0,4,,9229827548381,
2026-08-18 00:03:20.441,pulse_batch,y,,,,,-2,,2777,-247,-245,0,4,,9229847876393,
2026-08-18 00:03:20.461,pulse_batch,y,,,,,-2,,2779,-249,-247,0,4,,9229868213239,
2026-08-18 00:03:20.482,pulse_batch,y,,,,,-2,,2781,-251,-249,0,4,,9229889375913,
2026-08-18 00:03:20.503,pulse_batch,y,,,,,-2,,2783,-253,-251,0,4,,9229909730629,
2026-08-18 00:03:20.523,pulse_batch,y,,,,,-2,,2785,-255,-253,0,4,,9229930339603,
2026-08-18 00:03:20.545,pulse_batch,y,,,,,-2,,2787,-257,-255,0,4,,9229952263347,
2026-08-18 00:03:20.565,pulse_batch,y,,,,,-2,,2789,-259,-257,0,4,,9229972632156,
2026-08-18 00:03:20.586,pulse_batch,y,,,,,-2,,2791,-261,-259,0,4,,9229992936631,
2026-08-18 00:03:20.607,pulse_batch,y,,,,,-2,,2793,-263,-261,0,4,,9230013844307,
2026-08-18 00:03:20.627,pulse_batch,y,,,,,-2,,2795,-265,-263,0,4,,9230034273022,
2026-08-18 00:03:20.647,pulse_batch,y,,,,,-2,,2797,-267,-265,0,4,,9230054574553,
2026-08-18 00:03:20.669,pulse_batch,y,,,,,-2,,2799,-269,-267,0,4,,9230076189447,
2026-08-18 00:03:20.690,pulse_batch,y,,,,,-2,,2801,-271,-269,0,4,,9230097296788,
2026-08-18 00:03:20.711,pulse_batch,y,,,,,-2,,2803,-273,-271,0,4,,9230117677023,
2026-08-18 00:03:20.731,pulse_batch,y,,,,,-2,,2805,-275,-273,0,4,,9230138396311,
2026-08-18 00:03:20.752,pulse_batch,y,,,,,-2,,2807,-277,-275,0,4,,9230158895267,
2026-08-18 00:03:20.772,pulse_batch,y,,,,,-2,,2809,-279,-277,0,4,,9230179332778,
2026-08-18 00:03:20.793,pulse_batch,y,,,,,-2,,2811,-281,-279,0,4,,9230199671569,
2026-08-18 00:03:20.813,pulse_batch,y,,,,,-2,,2813,-283,-281,0,4,,9230220111284,
2026-08-18 00:03:20.834,pulse_batch,y,,,,,-2,,2815,-285,-283,0,4,,9230240651610,
2026-08-18 00:03:20.854,pulse_batch,y,,,,,-2,,2817,-287,-285,0,4,,9230260972122,
2026-08-18 00:03:20.874,pulse_batch,y,,,,,-2,,2819,-289,-287,0,4,,9230281472356,
2026-08-18 00:03:20.895,pulse_batch,y,,,,,-2,,2821,-291,-289,0,4,,9230301956423,
2026-08-18 00:03:20.915,pulse_batch,y,,,,,-2,,2823,-293,-291,0,4,,9230322303658,
2026-08-18 00:03:20.936,pulse_batch,y,,,,,-2,,2825,-295,-293,0,4,,9230342957816,
2026-08-18 00:03:20.956,pulse_batch,y,,,,,-2,,2827,-297,-295,0,4,,9230363565994,
2026-08-18 00:03:20.977,pulse_batch,y,,,,,-2,,2829,-299,-297,0,4,,9230383935191,
2026-08-18 00:03:20.997,pulse_batch,y,,,,,-2,,2831,-301,-299,0,4,,9230404340092,
2026-08-18 00:03:21.018,pulse_batch,y,,,,,-2,,2833,-303,-301,0,4,,9230424818381,
2026-08-18 00:03:21.038,pulse_batch,y,,,,,-2,,2835,-305,-303,0,4,,9230445222597,
2026-08-18 00:03:21.058,pulse_batch,y,,,,,-2,,2837,-307,-305,0,4,,9230465547795,
2026-08-18 00:03:21.079,pulse_batch,y,,,,,-2,,2839,-309,-307,0,4,,9230486041028,
2026-08-18 00:03:21.099,pulse_batch,y,,,,,-2,,2841,-311,-309,0,4,,9230506485688,
2026-08-18 00:03:21.120,pulse_batch,y,,,,,-2,,2843,-313,-311,0,4,,9230526791164,
2026-08-18 00:03:21.141,pulse_batch,y,,,,,-2,,2845,-315,-313,0,4,,9230548397706,
2026-08-18 00:03:21.162,pulse_batch,y,,,,,-2,,2847,-317,-315,0,4,,9230568809274,
2026-08-18 00:03:21.182,pulse_batch,y,,,,,-2,,2849,-319,-317,0,4,,9230589136731,
2026-08-18 00:03:21.202,pulse_batch,y,,,,,-2,,2851,-321,-319,0,4,,9230609614057,
2026-08-18 00:03:21.223,pulse_batch,y,,,,,-2,,2853,-323,-321,0,4,,9230630034069,
2026-08-18 00:03:21.243,pulse_batch,y,,,,,-2,,2855,-325,-323,0,4,,9230650464988,
2026-08-18 00:03:21.264,pulse_batch,y,,,,,-2,,2857,-327,-325,0,4,,9230670973296,
2026-08-18 00:03:21.284,pulse_batch,y,,,,,-2,,2859,-329,-327,0,4,,9230691458122,
2026-08-18 00:03:21.305,pulse_batch,y,,,,,-2,,2861,-331,-329,0,4,,9230711839912,
2026-08-18 00:03:21.325,pulse_batch,y,,,,,-2,,2863,-333,-331,0,4,,9230732172628,
2026-08-18 00:03:21.346,pulse_batch,y,,,,,-2,,2865,-335,-333,0,4,,9230752912027,
2026-08-18 00:03:21.366,pulse_batch,y,,,,,-2,,2867,-337,-335,0,4,,9230773350910,
2026-08-18 00:03:21.387,pulse_batch,y,,,,,-2,,2869,-339,-337,0,4,,9230793672552,
2026-08-18 00:03:21.407,pulse_batch,y,,,,,-2,,2871,-341,-339,0,4,,9230814349266,
2026-08-18 00:03:21.428,pulse_batch,y,,,,,-2,,2873,-343,-341,0,4,,9230834759833,
2026-08-18 00:03:21.448,pulse_batch,y,,,,,-2,,2875,-345,-343,0,4,,9230855145975,
2026-08-18 00:03:21.469,pulse_batch,y,,,,,-2,,2877,-347,-345,0,4,,9230875622820,
2026-08-18 00:03:21.489,pulse_batch,y,,,,,-2,,2879,-349,-347,0,4,,9230896132146,
2026-08-18 00:03:21.509,pulse_batch,y,,,,,-2,,2881,-351,-349,0,4,,9230916530140,
2026-08-18 00:03:21.530,pulse_batch,y,,,,,-2,,2883,-353,-351,0,4,,9230936878263,
2026-08-18 00:03:21.550,pulse_batch,y,,,,,-2,,2885,-355,-353,0,4,,9230957476978,
2026-08-18 00:03:21.571,pulse_batch,y,,,,,-2,,2887,-357,-355,0,4,,9230977851675,
2026-08-18 00:03:21.591,pulse_batch,y,,,,,-2,,2889,-359,-357,0,4,,9230998220873,
2026-08-18 00:03:21.612,pulse_batch,y,,,,,-2,,2891,-361,-359,0,4,,9231018658607,
2026-08-18 00:03:21.632,pulse_batch,y,,,,,-2,,2893,-363,-361,0,4,,9231039103859,
2026-08-18 00:03:21.652,pulse_batch,y,,,,,-2,,2895,-365,-363,0,4,,9231059448761,
2026-08-18 00:03:21.673,pulse_batch,y,,,,,-2,,2897,-367,-365,0,4,,9231079990401,
2026-08-18 00:03:21.693,pulse_batch,y,,,,,-2,,2899,-369,-367,0,4,,9231100428432,
2026-08-18 00:03:21.714,pulse_batch,y,,,,,-2,,2901,-371,-369,0,4,,9231120767092,
2026-08-18 00:03:21.736,pulse_batch,y,,,,,-2,,2903,-373,-371,0,4,,9231143021316,
2026-08-18 00:03:21.756,pulse_batch,y,,,,,-2,,2905,-375,-373,0,4,,9231163516679,
2026-08-18 00:03:21.777,pulse_batch,y,,,,,-2,,2907,-377,-375,0,4,,9231183866544,
2026-08-18 00:03:21.797,pulse_batch,y,,,,,-2,,2909,-379,-377,0,4,,9231204199519,
2026-08-18 00:03:21.818,pulse_batch,y,,,,,-2,,2911,-381,-379,0,4,,9231224812289,
2026-08-18 00:03:21.838,pulse_batch,y,,,,,-2,,2913,-383,-381,0,4,,9231245166005,
2026-08-18 00:03:21.859,pulse_batch,y,,,,,-2,,2915,-385,-383,0,4,,9231265618461,
2026-08-18 00:03:21.880,pulse_batch,y,,,,,-2,,2917,-387,-385,0,4,,9231287210837,
2026-08-18 00:03:21.901,pulse_batch,y,,,,,-2,,2919,-389,-387,0,4,,9231307670515,
2026-08-18 00:03:21.921,pulse_batch,y,,,,,-2,,2921,-391,-389,0,4,,9231328018157,
2026-08-18 00:03:21.942,pulse_batch,y,,,,,-2,,2923,-393,-391,0,4,,9231348640446,
2026-08-18 00:03:21.962,pulse_batch,y,,,,,-2,,2925,-395,-393,0,4,,9231369074828,
2026-08-18 00:03:21.982,pulse_batch,y,,,,,-2,,2927,-397,-395,0,4,,9231389430414,
2026-08-18 00:03:22.003,pulse_batch,y,,,,,-2,,2929,-399,-397,0,4,,9231410006833,
2026-08-18 00:03:22.023,pulse_batch,y,,,,,-2,,2931,-401,-399,0,4,,9231430455474,
2026-08-18 00:03:22.044,pulse_batch,y,,,,,-2,,2933,-403,-401,0,4,,9231450779283,
2026-08-18 00:03:22.064,pulse_batch,y,,,,,-2,,2935,-405,-403,0,4,,9231471241091,
2026-08-18 00:03:22.085,pulse_batch,y,,,,,-2,,2937,-407,-405,0,4,,9231491719751,
2026-08-18 00:03:22.105,pulse_batch,y,,,,,-2,,2939,-409,-407,0,4,,9231512125837,
2026-08-18 00:03:22.125,pulse_batch,y,,,,,-2,,2941,-411,-409,0,4,,9231532516609,
2026-08-18 00:03:22.146,pulse_batch,y,,,,,-2,,2943,-413,-411,0,4,,9231553341229,
2026-08-18 00:03:22.167,pulse_batch,y,,,,,-2,,2945,-415,-413,0,4,,9231573798704,
2026-08-18 00:03:22.187,pulse_batch,y,,,,,-2,,2947,-417,-415,0,4,,9231594129605,
2026-08-18 00:03:22.208,pulse_batch,y,,,,,-2,,2949,-419,-417,0,4,,9231614653154,
2026-08-18 00:03:22.228,pulse_batch,y,,,,,-2,,2951,-421,-419,0,4,,9231635031962,
2026-08-18 00:03:22.248,pulse_batch,y,,,,,-2,,2953,-423,-421,0,4,,9231655366864,
2026-08-18 00:03:22.270,pulse_batch,y,,,,,-2,,2955,-425,-423,0,4,,9231677225645,
2026-08-18 00:03:22.275,continuous_stop,y,,,,,,-1,2955,-425,-423,0,4,,9231682357153,
2026-08-18 00:03:23.005,continuous_start,y,,,,,,-1,2955,-425,-423,0,4,,9232411856062,
2026-08-18 00:03:23.010,pulse_batch,y,,,,,-1,,2956,-426,-424,0,4,,9232417252197,
2026-08-18 00:03:23.031,pulse_batch,y,,,,,-2,,2958,-428,-426,0,4,,9232437657913,
2026-08-18 00:03:23.051,pulse_batch,y,,,,,-2,,2960,-430,-428,0,4,,9232458004833,
2026-08-18 00:03:23.071,pulse_batch,y,,,,,-2,,2962,-432,-430,0,4,,9232478515733,
2026-08-18 00:03:23.092,pulse_batch,y,,,,,-2,,2964,-434,-432,0,4,,9232498906079,
2026-08-18 00:03:23.112,pulse_batch,y,,,,,-2,,2966,-436,-434,0,4,,9232519240480,
2026-08-18 00:03:23.133,pulse_batch,y,,,,,-2,,2968,-438,-436,0,4,,9232539617456,
2026-08-18 00:03:23.138,continuous_stop,y,,,,,,-1,2968,-438,-436,0,4,,9232545488885,
2026-08-18 00:03:23.871,continuous_start,x,,,,,,1,5551,319,248,77,77,,9233278292795,
2026-08-18 00:03:23.876,pulse_batch,x,,,,,1,,5552,320,249,77,77,,9233283601117,
2026-08-18 00:03:23.897,pulse_batch,x,,,,,2,,5554,322,251,77,77,,9233304434756,
2026-08-18 00:03:23.918,pulse_batch,x,,,,,2,,5556,324,253,77,77,,9233324715287,
2026-08-18 00:03:23.940,pulse_batch,x,,,,,2,,5558,326,255,77,77,,9233346753160,
2026-08-18 00:03:23.960,pulse_batch,x,,,,,2,,5560,328,257,77,77,,9233367124895,
2026-08-18 00:03:23.980,pulse_batch,x,,,,,2,,5562,330,259,77,77,,9233387462982,
2026-08-18 00:03:24.001,pulse_batch,x,,,,,2,,5564,332,261,77,77,,9233408348269,
2026-08-18 00:03:24.022,pulse_batch,x,,,,,2,,5566,334,263,77,77,,9233428754392,
2026-08-18 00:03:24.042,pulse_batch,x,,,,,2,,5568,336,265,77,77,,9233449147238,
2026-08-18 00:03:24.063,pulse_batch,x,,,,,2,,5570,338,267,77,77,,9233469744564,
2026-08-18 00:03:24.083,pulse_batch,x,,,,,2,,5572,340,269,77,77,,9233490600481,
2026-08-18 00:03:24.107,pulse_batch,x,,,,,2,,5574,342,271,77,77,,9233514220771,
2026-08-18 00:03:24.129,pulse_batch,x,,,,,2,,5576,344,273,77,77,,9233536086163,
2026-08-18 00:03:24.150,pulse_batch,x,,,,,2,,5578,346,275,77,77,,9233557220153,
2026-08-18 00:03:24.170,pulse_batch,x,,,,,2,,5580,348,277,77,77,,9233577543054,
2026-08-18 00:03:24.191,pulse_batch,x,,,,,2,,5582,350,279,77,77,,9233597844993,
2026-08-18 00:03:24.212,pulse_batch,x,,,,,2,,5584,352,281,77,77,,9233619403147,
2026-08-18 00:03:24.233,pulse_batch,x,,,,,2,,5586,354,283,77,77,,9233639826251,
2026-08-18 00:03:24.253,pulse_batch,x,,,,,2,,5588,356,285,77,77,,9233660101079,
2026-08-18 00:03:24.274,pulse_batch,x,,,,,2,,5590,358,287,77,77,,9233680776386,
2026-08-18 00:03:24.294,pulse_batch,x,,,,,2,,5592,360,289,77,77,,9233701347879,
2026-08-18 00:03:24.314,pulse_batch,x,,,,,2,,5594,362,291,77,77,,9233721637114,
2026-08-18 00:03:24.336,pulse_batch,x,,,,,2,,5596,364,293,77,77,,9233743075713,
2026-08-18 00:03:24.356,pulse_batch,x,,,,,2,,5598,366,295,77,77,,9233763471336,
2026-08-18 00:03:24.377,pulse_batch,x,,,,,2,,5600,368,297,77,77,,9233783777701,
2026-08-18 00:03:24.399,pulse_batch,x,,,,,2,,5602,370,299,77,77,,9233805778148,
2026-08-18 00:03:24.419,pulse_batch,x,,,,,2,,5604,372,301,77,77,,9233826267549,
2026-08-18 00:03:24.439,pulse_batch,x,,,,,2,,5606,374,303,77,77,,9233846589339,
2026-08-18 00:03:24.460,pulse_batch,x,,,,,2,,5608,376,305,77,77,,9233866872667,
2026-08-18 00:03:24.481,pulse_batch,x,,,,,2,,5610,378,307,77,77,,9233887955398,
2026-08-18 00:03:24.501,pulse_batch,x,,,,,2,,5612,380,309,77,77,,9233908343836,
2026-08-18 00:03:24.521,pulse_batch,x,,,,,2,,5614,382,311,77,77,,9233928607942,
2026-08-18 00:03:24.542,pulse_batch,x,,,,,2,,5616,384,313,77,77,,9233949307008,
2026-08-18 00:03:24.563,pulse_batch,x,,,,,2,,5618,386,315,77,77,,9233969659113,
2026-08-18 00:03:24.583,pulse_batch,x,,,,,2,,5620,388,317,77,77,,9233989962514,
2026-08-18 00:03:24.603,pulse_batch,x,,,,,2,,5622,390,319,77,77,,9234010555303,
2026-08-18 00:03:24.624,pulse_batch,x,,,,,2,,5624,392,321,77,77,,9234030974815,
2026-08-18 00:03:24.644,pulse_batch,x,,,,,2,,5626,394,323,77,77,,9234051315476,
2026-08-18 00:03:24.665,pulse_batch,x,,,,,2,,5628,396,325,77,77,,9234071651952,
2026-08-18 00:03:24.685,pulse_batch,x,,,,,2,,5630,398,327,77,77,,9234092120482,
2026-08-18 00:03:24.705,pulse_batch,x,,,,,2,,5632,400,329,77,77,,9234112469661,
2026-08-18 00:03:24.726,pulse_batch,x,,,,,2,,5634,402,331,77,77,,9234132766878,
2026-08-18 00:03:24.747,pulse_batch,x,,,,,2,,5636,404,333,77,77,,9234153787905,
2026-08-18 00:03:24.767,pulse_batch,x,,,,,2,,5638,406,335,77,77,,9234174185176,
2026-08-18 00:03:24.787,pulse_batch,x,,,,,2,,5640,408,337,77,77,,9234194473486,
2026-08-18 00:03:24.810,pulse_batch,x,,,,,2,,5642,410,339,77,77,,9234216655247,
2026-08-18 00:03:24.830,pulse_batch,x,,,,,2,,5644,412,341,77,77,,9234237041907,
2026-08-18 00:03:24.850,pulse_batch,x,,,,,2,,5646,414,343,77,77,,9234257355624,
2026-08-18 00:03:24.871,pulse_batch,x,,,,,2,,5648,416,345,77,77,,9234278209726,
2026-08-18 00:03:24.892,pulse_batch,x,,,,,2,,5650,418,347,77,77,,9234298649257,
2026-08-18 00:03:24.912,pulse_batch,x,,,,,2,,5652,420,349,77,77,,9234318948010,
2026-08-18 00:03:24.932,pulse_batch,x,,,,,2,,5654,422,351,77,77,,9234339333411,
2026-08-18 00:03:24.953,pulse_batch,x,,,,,2,,5656,424,353,77,77,,9234359828164,
2026-08-18 00:03:24.973,pulse_batch,x,,,,,2,,5658,426,355,77,77,,9234380158510,
2026-08-18 00:03:24.993,pulse_batch,x,,,,,2,,5660,428,357,77,77,,9234400523485,
2026-08-18 00:03:25.014,pulse_batch,x,,,,,2,,5662,430,359,77,77,,9234421315458,
2026-08-18 00:03:25.035,pulse_batch,x,,,,,2,,5664,432,361,77,77,,9234441706230,
2026-08-18 00:03:25.055,pulse_batch,x,,,,,2,,5666,434,363,77,77,,9234462000132,
2026-08-18 00:03:25.076,pulse_batch,x,,,,,2,,5668,436,365,77,77,,9234482899511,
2026-08-18 00:03:25.096,pulse_batch,x,,,,,2,,5670,438,367,77,77,,9234503244598,
2026-08-18 00:03:25.116,pulse_batch,x,,,,,2,,5672,440,369,77,77,,9234523542574,
2026-08-18 00:03:25.137,pulse_batch,x,,,,,2,,5674,442,371,77,77,,9234544302306,
2026-08-18 00:03:25.158,pulse_batch,x,,,,,2,,5676,444,373,77,77,,9234564779559,
2026-08-18 00:03:25.178,pulse_batch,x,,,,,2,,5678,446,375,77,77,,9234585097646,
2026-08-18 00:03:25.198,pulse_batch,x,,,,,2,,5680,448,377,77,77,,9234605460455,
2026-08-18 00:03:25.222,pulse_batch,x,,,,,2,,5682,450,379,77,77,,9234629423687,
2026-08-18 00:03:25.243,pulse_batch,x,,,,,2,,5684,452,381,77,77,,9234649756792,
2026-08-18 00:03:25.265,pulse_batch,x,,,,,2,,5686,454,383,77,77,,9234672154867,
2026-08-18 00:03:25.286,pulse_batch,x,,,,,2,,5688,456,385,77,77,,9234692658416,
2026-08-18 00:03:25.306,pulse_batch,x,,,,,2,,5690,458,387,77,77,,9234712996984,
2026-08-18 00:03:25.326,pulse_batch,x,,,,,2,,5692,460,389,77,77,,9234733277034,
2026-08-18 00:03:25.347,pulse_batch,x,,,,,2,,5694,462,391,77,77,,9234753736880,
2026-08-18 00:03:25.367,pulse_batch,x,,,,,2,,5696,464,393,77,77,,9234774153762,
2026-08-18 00:03:25.387,pulse_batch,x,,,,,2,,5698,466,395,77,77,,9234794438257,
2026-08-18 00:03:25.410,pulse_batch,x,,,,,2,,5700,468,397,77,77,,9234816949238,
2026-08-18 00:03:25.430,pulse_batch,x,,,,,2,,5702,470,399,77,77,,9234837309214,
2026-08-18 00:03:25.450,pulse_batch,x,,,,,2,,5704,472,401,77,77,,9234857629060,
2026-08-18 00:03:25.471,pulse_batch,x,,,,,2,,5706,474,403,77,77,,9234878223886,
2026-08-18 00:03:25.491,pulse_batch,x,,,,,2,,5708,476,405,77,77,,9234898611417,
2026-08-18 00:03:25.512,pulse_batch,x,,,,,2,,5710,478,407,77,77,,9234918961466,
2026-08-18 00:03:25.532,pulse_batch,x,,,,,2,,5712,480,409,77,77,,9234939540237,
2026-08-18 00:03:25.553,pulse_batch,x,,,,,2,,5714,482,411,77,77,,9234960059934,
2026-08-18 00:03:25.573,pulse_batch,x,,,,,2,,5716,484,413,77,77,,9234980369058,
2026-08-18 00:03:25.594,pulse_batch,x,,,,,2,,5718,486,415,77,77,,9235000687033,
2026-08-18 00:03:25.609,pulse_batch,x,,,,,1,,5719,487,416,77,77,,9235016107871,
2026-08-18 00:03:25.609,continuous_stop,x,,,,,,1,5719,487,416,77,77,,9235016441295,
2026-08-18 00:03:25.873,continuous_start,x,,,,,,1,5719,487,416,77,77,,9235280371369,
2026-08-18 00:03:25.880,pulse_batch,x,,,,,1,,5720,488,417,77,77,,9235286991516,
2026-08-18 00:03:25.900,pulse_batch,x,,,,,2,,5722,490,419,77,77,,9235307405917,
2026-08-18 00:03:25.921,pulse_batch,x,,,,,2,,5724,492,421,77,77,,9235327703190,
2026-08-18 00:03:25.943,pulse_batch,x,,,,,2,,5726,494,423,77,77,,9235350421855,
2026-08-18 00:03:25.964,pulse_batch,x,,,,,2,,5728,496,425,77,77,,9235370811145,
2026-08-18 00:03:25.984,pulse_batch,x,,,,,2,,5730,498,427,77,77,,9235391100918,
2026-08-18 00:03:26.005,pulse_batch,x,,,,,2,,5732,500,429,77,77,,9235411918946,
2026-08-18 00:03:26.027,pulse_batch,x,,,,,2,,5734,502,431,77,77,,9235434538075,
2026-08-18 00:03:26.048,pulse_batch,x,,,,,2,,5736,504,433,77,77,,9235454863903,
2026-08-18 00:03:26.070,pulse_batch,x,,,,,2,,5738,506,435,77,77,,9235477292052,
2026-08-18 00:03:26.075,continuous_stop,x,,,,,,1,5738,506,435,77,77,,9235482436355,
2026-08-18 00:03:26.540,continuous_start,x,,,,,,1,5738,506,435,77,77,,9235947477423,
2026-08-18 00:03:26.548,pulse_batch,x,,,,,1,,5739,507,436,77,77,,9235954762825,
2026-08-18 00:03:26.568,pulse_batch,x,,,,,2,,5741,509,438,77,77,,9235975094153,
2026-08-18 00:03:26.588,pulse_batch,x,,,,,2,,5743,511,440,77,77,,9235995374055,
2026-08-18 00:03:26.609,pulse_batch,x,,,,,2,,5745,513,442,77,77,,9236015850234,
2026-08-18 00:03:26.614,continuous_stop,x,,,,,,1,5745,513,442,77,77,,9236020947852,
2026-08-18 00:03:27.141,continuous_start,x,,,,,,1,5745,513,442,77,77,,9236547820139,
2026-08-18 00:03:27.146,pulse_batch,x,,,,,1,,5746,514,443,77,77,,9236553283570,
2026-08-18 00:03:27.167,pulse_batch,x,,,,,2,,5748,516,445,77,77,,9236573656898,
2026-08-18 00:03:27.187,pulse_batch,x,,,,,2,,5750,518,447,77,77,,9236593939448,
2026-08-18 00:03:27.207,pulse_batch,x,,,,,2,,5752,520,449,77,77,,9236614348109,
2026-08-18 00:03:27.228,pulse_batch,x,,,,,2,,5754,522,451,77,77,,9236634758880,
2026-08-18 00:03:27.248,pulse_batch,x,,,,,2,,5756,524,453,77,77,,9236655114078,
2026-08-18 00:03:27.271,pulse_batch,x,,,,,2,,5758,526,455,77,77,,9236677694448,
2026-08-18 00:03:27.276,continuous_stop,x,,,,,,1,5758,526,455,77,77,,9236682869641,
2026-08-18 00:03:29.405,point_saved,x,1,stored,,,,1,,526,455,77,77,455,,
2026-08-18 00:03:29.405,point_saved,y,1,stored,,,,-1,,-438,-436,0,4,-436,,
2026-08-18 00:03:30.346,continuous_start,x,,,,,,1,5758,526,455,77,77,,9239752987717,
2026-08-18 00:03:30.351,pulse_batch,x,,,,,1,,5759,527,456,77,77,,9239758387242,
2026-08-18 00:03:30.372,pulse_batch,x,,,,,2,,5761,529,458,77,77,,9239779620083,
2026-08-18 00:03:30.393,pulse_batch,x,,,,,2,,5763,531,460,77,77,,9239799977077,
2026-08-18 00:03:30.415,pulse_batch,x,,,,,2,,5765,533,462,77,77,,9239822042562,
2026-08-18 00:03:30.435,pulse_batch,x,,,,,2,,5767,535,464,77,77,,9239842419353,
2026-08-18 00:03:30.456,pulse_batch,x,,,,,2,,5769,537,466,77,77,,9239862764236,
2026-08-18 00:03:30.476,pulse_batch,x,,,,,2,,5771,539,468,77,77,,9239883377692,
2026-08-18 00:03:30.497,pulse_batch,x,,,,,2,,5773,541,470,77,77,,9239903890833,
2026-08-18 00:03:30.517,pulse_batch,x,,,,,2,,5775,543,472,77,77,,9239924223309,
2026-08-18 00:03:30.537,pulse_batch,x,,,,,2,,5777,545,474,77,77,,9239944567933,
2026-08-18 00:03:30.558,pulse_batch,x,,,,,2,,5779,547,476,77,77,,9239965315462,
2026-08-18 00:03:30.579,pulse_batch,x,,,,,2,,5781,549,478,77,77,,9239985645846,
2026-08-18 00:03:30.599,pulse_batch,x,,,,,2,,5783,551,480,77,77,,9240006005433,
2026-08-18 00:03:30.621,pulse_batch,x,,,,,2,,5785,553,482,77,77,,9240028459396,
2026-08-18 00:03:30.642,pulse_batch,x,,,,,2,,5787,555,484,77,77,,9240048875779,
2026-08-18 00:03:30.662,pulse_batch,x,,,,,2,,5789,557,486,77,77,,9240069181644,
2026-08-18 00:03:30.683,pulse_batch,x,,,,,2,,5791,559,488,77,77,,9240089742063,
2026-08-18 00:03:30.703,pulse_batch,x,,,,,2,,5793,561,490,77,77,,9240110335019,
2026-08-18 00:03:30.724,pulse_batch,x,,,,,2,,5795,563,492,77,77,,9240130717236,
2026-08-18 00:03:30.745,pulse_batch,x,,,,,2,,5797,565,494,77,77,,9240152081817,
2026-08-18 00:03:30.765,pulse_batch,x,,,,,2,,5799,567,496,77,77,,9240172491644,
2026-08-18 00:03:30.786,pulse_batch,x,,,,,2,,5801,569,498,77,77,,9240192826935,
2026-08-18 00:03:30.807,pulse_batch,x,,,,,2,,5803,571,500,77,77,,9240213671371,
2026-08-18 00:03:30.827,pulse_batch,x,,,,,2,,5805,573,502,77,77,,9240234430030,
2026-08-18 00:03:30.848,pulse_batch,x,,,,,2,,5807,575,504,77,77,,9240254775728,
2026-08-18 00:03:30.869,pulse_batch,x,,,,,2,,5809,577,506,77,77,,9240276092846,
2026-08-18 00:03:30.889,pulse_batch,x,,,,,2,,5811,579,508,77,77,,9240296516118,
2026-08-18 00:03:30.910,pulse_batch,x,,,,,2,,5813,581,510,77,77,,9240316991501,
2026-08-18 00:03:30.931,pulse_batch,x,,,,,2,,5815,583,512,77,77,,9240337720159,
2026-08-18 00:03:30.951,pulse_batch,x,,,,,2,,5817,585,514,77,77,,9240358231042,
2026-08-18 00:03:30.971,pulse_batch,x,,,,,2,,5819,587,516,77,77,,9240378639851,
2026-08-18 00:03:30.992,pulse_batch,x,,,,,2,,5821,589,518,77,77,,9240398949771,
2026-08-18 00:03:31.013,pulse_batch,x,,,,,2,,5823,591,520,77,77,,9240419652282,
2026-08-18 00:03:31.033,pulse_batch,x,,,,,2,,5825,593,522,77,77,,9240440079350,
2026-08-18 00:03:31.053,pulse_batch,x,,,,,2,,5827,595,524,77,77,,9240460500659,
2026-08-18 00:03:31.074,pulse_batch,x,,,,,2,,5829,597,526,77,77,,9240480981208,
2026-08-18 00:03:31.097,pulse_batch,x,,,,,2,,5831,599,528,77,77,,9240504555666,
2026-08-18 00:03:31.118,pulse_batch,x,,,,,2,,5833,601,530,77,77,,9240524962678,
2026-08-18 00:03:31.138,pulse_batch,x,,,,,2,,5835,603,532,77,77,,9240545292043,
2026-08-18 00:03:31.165,pulse_batch,x,,,,,2,,5837,605,534,77,77,,9240572089519,
2026-08-18 00:03:31.185,pulse_batch,x,,,,,2,,5839,607,536,77,77,,9240592424866,
2026-08-18 00:03:31.206,pulse_batch,x,,,,,2,,5841,609,538,77,77,,9240612756119,
2026-08-18 00:03:31.228,pulse_batch,x,,,,,2,,5843,611,540,77,77,,9240635188898,
2026-08-18 00:03:31.248,pulse_batch,x,,,,,2,,5845,613,542,77,77,,9240655543893,
2026-08-18 00:03:31.269,pulse_batch,x,,,,,2,,5847,615,544,77,77,,9240675900868,
2026-08-18 00:03:31.289,pulse_batch,x,,,,,2,,5849,617,546,77,77,,9240696369270,
2026-08-18 00:03:31.310,pulse_batch,x,,,,,2,,5851,619,548,77,77,,9240716853837,
2026-08-18 00:03:31.330,pulse_batch,x,,,,,2,,5853,621,550,77,77,,9240737126962,
2026-08-18 00:03:31.351,pulse_batch,x,,,,,2,,5855,623,552,77,77,,9240757672066,
2026-08-18 00:03:31.371,pulse_batch,x,,,,,2,,5857,625,554,77,77,,9240778048357,
2026-08-18 00:03:31.391,pulse_batch,x,,,,,2,,5859,627,556,77,77,,9240798404314,
2026-08-18 00:03:31.412,pulse_batch,x,,,,,2,,5861,629,558,77,77,,9240819030826,
2026-08-18 00:03:31.432,pulse_batch,x,,,,,2,,5863,631,560,77,77,,9240839595874,
2026-08-18 00:03:31.453,pulse_batch,x,,,,,2,,5865,633,562,77,77,,9240859957554,
2026-08-18 00:03:31.473,pulse_batch,x,,,,,2,,5867,635,564,77,77,,9240880428918,
2026-08-18 00:03:31.494,pulse_batch,x,,,,,2,,5869,637,566,77,77,,9240900877838,
2026-08-18 00:03:31.514,pulse_batch,x,,,,,2,,5871,639,568,77,77,,9240921262647,
2026-08-18 00:03:31.535,pulse_batch,x,,,,,2,,5873,641,570,77,77,,9240941603493,
2026-08-18 00:03:31.555,pulse_batch,x,,,,,2,,5875,643,572,77,77,,9240961981469,
2026-08-18 00:03:31.575,pulse_batch,x,,,,,2,,5877,645,574,77,77,,9240982376759,
2026-08-18 00:03:31.596,pulse_batch,x,,,,,2,,5879,647,576,77,77,,9241002682199,
2026-08-18 00:03:31.618,pulse_batch,x,,,,,2,,5881,649,578,77,77,,9241024807331,
2026-08-18 00:03:31.638,pulse_batch,x,,,,,2,,5883,651,580,77,77,,9241045180047,
2026-08-18 00:03:31.658,pulse_batch,x,,,,,2,,5885,653,582,77,77,,9241065512801,
2026-08-18 00:03:31.679,pulse_batch,x,,,,,2,,5887,655,584,77,77,,9241086350997,
2026-08-18 00:03:31.700,pulse_batch,x,,,,,2,,5889,657,586,77,77,,9241107354580,
2026-08-18 00:03:31.721,pulse_batch,x,,,,,2,,5891,659,588,77,77,,9241127790648,
2026-08-18 00:03:31.741,pulse_batch,x,,,,,2,,5893,661,590,77,77,,9241148313901,
2026-08-18 00:03:31.763,pulse_batch,x,,,,,2,,5895,663,592,77,77,,9241169709593,
2026-08-18 00:03:31.783,pulse_batch,x,,,,,2,,5897,665,594,77,77,,9241190114383,
2026-08-18 00:03:31.803,pulse_batch,x,,,,,2,,5899,667,596,77,77,,9241210447674,
2026-08-18 00:03:31.824,pulse_batch,x,,,,,2,,5901,669,598,77,77,,9241230967982,
2026-08-18 00:03:31.844,pulse_batch,x,,,,,2,,5903,671,600,77,77,,9241251462865,
2026-08-18 00:03:31.865,pulse_batch,x,,,,,2,,5905,673,602,77,77,,9241271762341,
2026-08-18 00:03:31.889,pulse_batch,x,,,,,2,,5907,675,604,77,77,,9241295953721,
2026-08-18 00:03:31.912,pulse_batch,x,,,,,2,,5909,677,606,77,77,,9241319437586,
2026-08-18 00:03:31.933,pulse_batch,x,,,,,2,,5911,679,608,77,77,,9241339781025,
2026-08-18 00:03:31.955,pulse_batch,x,,,,,2,,5913,681,610,77,77,,9241362040879,
2026-08-18 00:03:31.975,pulse_batch,x,,,,,2,,5915,683,612,77,77,,9241382435910,
2026-08-18 00:03:31.996,pulse_batch,x,,,,,2,,5917,685,614,77,77,,9241402745757,
2026-08-18 00:03:32.016,pulse_batch,x,,,,,2,,5919,687,616,77,77,,9241423239510,
2026-08-18 00:03:32.037,pulse_batch,x,,,,,2,,5921,689,618,77,77,,9241443673726,
2026-08-18 00:03:32.057,pulse_batch,x,,,,,2,,5923,691,620,77,77,,9241464013887,
2026-08-18 00:03:32.080,pulse_batch,x,,,,,2,,5925,693,622,77,77,,9241486623980,
2026-08-18 00:03:32.100,pulse_batch,x,,,,,2,,5927,695,624,77,77,,9241507046048,
2026-08-18 00:03:32.120,pulse_batch,x,,,,,2,,5929,697,626,77,77,,9241527403746,
2026-08-18 00:03:32.141,pulse_batch,x,,,,,2,,5931,699,628,77,77,,9241548044554,
2026-08-18 00:03:32.161,pulse_batch,x,,,,,2,,5933,701,630,77,77,,9241568454937,
2026-08-18 00:03:32.182,pulse_batch,x,,,,,2,,5935,703,632,77,77,,9241588790450,
2026-08-18 00:03:32.202,pulse_batch,x,,,,,2,,5937,705,634,77,77,,9241609426906,
2026-08-18 00:03:32.224,pulse_batch,x,,,,,2,,5939,707,636,77,77,,9241631044393,
2026-08-18 00:03:32.247,pulse_batch,x,,,,,2,,5941,709,638,77,77,,9241654135372,
2026-08-18 00:03:32.267,pulse_batch,x,,,,,2,,5943,711,640,77,77,,9241674449811,
2026-08-18 00:03:32.289,pulse_batch,x,,,,,2,,5945,713,642,77,77,,9241696344370,
2026-08-18 00:03:32.310,pulse_batch,x,,,,,2,,5947,715,644,77,77,,9241716735550,
2026-08-18 00:03:32.330,pulse_batch,x,,,,,2,,5949,717,646,77,77,,9241737140637,
2026-08-18 00:03:32.351,pulse_batch,x,,,,,2,,5951,719,648,77,77,,9241758051146,
2026-08-18 00:03:32.371,pulse_batch,x,,,,,2,,5953,721,650,77,77,,9241778407215,
2026-08-18 00:03:32.392,pulse_batch,x,,,,,2,,5955,723,652,77,77,,9241798720154,
2026-08-18 00:03:32.413,pulse_batch,x,,,,,2,,5957,725,654,77,77,,9241820467344,
2026-08-18 00:03:32.434,pulse_batch,x,,,,,2,,5959,727,656,77,77,,9241841090226,
2026-08-18 00:03:32.454,pulse_batch,x,,,,,2,,5961,729,658,77,77,,9241861461813,
2026-08-18 00:03:32.476,pulse_batch,x,,,,,2,,5963,731,660,77,77,,9241882776432,
2026-08-18 00:03:32.496,pulse_batch,x,,,,,2,,5965,733,662,77,77,,9241903275203,
2026-08-18 00:03:32.517,pulse_batch,x,,,,,2,,5967,735,664,77,77,,9241923636790,
2026-08-18 00:03:32.537,pulse_batch,x,,,,,2,,5969,737,666,77,77,,9241944242431,
2026-08-18 00:03:32.560,pulse_batch,x,,,,,2,,5971,739,668,77,77,,9241967146615,
2026-08-18 00:03:32.580,pulse_batch,x,,,,,2,,5973,741,670,77,77,,9241987457832,
2026-08-18 00:03:32.601,pulse_batch,x,,,,,2,,5975,743,672,77,77,,9242007778141,
2026-08-18 00:03:32.622,pulse_batch,x,,,,,2,,5977,745,674,77,77,,9242028906761,
2026-08-18 00:03:32.642,pulse_batch,x,,,,,2,,5979,747,676,77,77,,9242049334070,
2026-08-18 00:03:32.663,pulse_batch,x,,,,,2,,5981,749,678,77,77,,9242069648676,
2026-08-18 00:03:32.684,pulse_batch,x,,,,,2,,5983,751,680,77,77,,9242090984350,
2026-08-18 00:03:32.704,pulse_batch,x,,,,,2,,5985,753,682,77,77,,9242111348955,
2026-08-18 00:03:32.725,pulse_batch,x,,,,,2,,5987,755,684,77,77,,9242131682116,
2026-08-18 00:03:32.746,pulse_batch,x,,,,,2,,5989,757,686,77,77,,9242152897773,
2026-08-18 00:03:32.766,pulse_batch,x,,,,,2,,5991,759,688,77,77,,9242173296711,
2026-08-18 00:03:32.787,pulse_batch,x,,,,,2,,5993,761,690,77,77,,9242193701965,
2026-08-18 00:03:32.807,pulse_batch,x,,,,,2,,5995,763,692,77,77,,9242214219514,
2026-08-18 00:03:32.828,pulse_batch,x,,,,,2,,5997,765,694,77,77,,9242234708970,
2026-08-18 00:03:32.848,pulse_batch,x,,,,,2,,5999,767,696,77,77,,9242255128465,
2026-08-18 00:03:32.868,pulse_batch,x,,,,,2,,6001,769,698,77,77,,9242275444607,
2026-08-18 00:03:32.889,pulse_batch,x,,,,,2,,6003,771,700,77,77,,9242296032008,
2026-08-18 00:03:32.909,pulse_batch,x,,,,,2,,6005,773,702,77,77,,9242316406539,
2026-08-18 00:03:32.930,pulse_batch,x,,,,,2,,6007,775,704,77,77,,9242336714793,
2026-08-18 00:03:32.951,pulse_batch,x,,,,,2,,6009,777,706,77,77,,9242357778821,
2026-08-18 00:03:32.971,pulse_batch,x,,,,,2,,6011,779,708,77,77,,9242378124556,
2026-08-18 00:03:32.991,pulse_batch,x,,,,,2,,6013,781,710,77,77,,9242398460384,
2026-08-18 00:03:33.012,pulse_batch,x,,,,,2,,6015,783,712,77,77,,9242419409282,
2026-08-18 00:03:33.033,pulse_batch,x,,,,,2,,6017,785,714,77,77,,9242439836332,
2026-08-18 00:03:33.053,pulse_batch,x,,,,,2,,6019,787,716,77,77,,9242460239660,
2026-08-18 00:03:33.073,pulse_batch,x,,,,,2,,6021,789,718,77,77,,9242480594339,
2026-08-18 00:03:33.096,pulse_batch,x,,,,,2,,6023,791,720,77,77,,9242502764935,
2026-08-18 00:03:33.116,pulse_batch,x,,,,,2,,6025,793,722,77,77,,9242523148096,
2026-08-18 00:03:33.136,pulse_batch,x,,,,,2,,6027,795,724,77,77,,9242543544905,
2026-08-18 00:03:33.157,pulse_batch,x,,,,,2,,6029,797,726,77,77,,9242564234009,
2026-08-18 00:03:33.178,pulse_batch,x,,,,,2,,6031,799,728,77,77,,9242584701280,
2026-08-18 00:03:33.198,pulse_batch,x,,,,,2,,6033,801,730,77,77,,9242604985646,
2026-08-18 00:03:33.218,pulse_batch,x,,,,,2,,6035,803,732,77,77,,9242625539343,
2026-08-18 00:03:33.239,pulse_batch,x,,,,,2,,6037,805,734,77,77,,9242645960022,
2026-08-18 00:03:33.259,pulse_batch,x,,,,,2,,6039,807,736,77,77,,9242666264924,
2026-08-18 00:03:33.280,pulse_batch,x,,,,,2,,6041,809,738,77,77,,9242687142212,
2026-08-18 00:03:33.303,pulse_batch,x,,,,,2,,6043,811,740,77,77,,9242710308839,
2026-08-18 00:03:33.324,pulse_batch,x,,,,,2,,6045,813,742,77,77,,9242730687574,
2026-08-18 00:03:33.346,pulse_batch,x,,,,,2,,6047,815,744,77,77,,9242752627615,
2026-08-18 00:03:33.367,pulse_batch,x,,,,,2,,6049,817,746,77,77,,9242774318287,
2026-08-18 00:03:33.387,pulse_batch,x,,,,,2,,6051,819,748,77,77,,9242794640578,
2026-08-18 00:03:33.408,pulse_batch,x,,,,,2,,6053,821,750,77,77,,9242815452070,
2026-08-18 00:03:33.414,continuous_stop,x,,,,,,1,6053,821,750,77,77,,9242820870557,
2026-08-18 00:03:34.082,continuous_start,x,,,,,,1,6053,821,750,77,77,,9243489499654,
2026-08-18 00:03:34.088,pulse_batch,x,,,,,1,,6054,822,751,77,77,,9243494970011,
2026-08-18 00:03:34.108,pulse_batch,x,,,,,2,,6056,824,753,77,77,,9243515396191,
2026-08-18 00:03:34.129,pulse_batch,x,,,,,2,,6058,826,755,77,77,,9243535834870,
2026-08-18 00:03:34.151,pulse_batch,x,,,,,2,,6060,828,757,77,77,,9243557901762,
2026-08-18 00:03:34.156,continuous_stop,x,,,,,,1,6060,828,757,77,77,,9243563002622,
2026-08-18 00:03:35.084,continuous_start,x,,,,,,1,6060,828,757,77,77,,9244491255197,
2026-08-18 00:03:35.089,pulse_batch,x,,,,,1,,6061,829,758,77,77,,9244496565982,
2026-08-18 00:03:35.110,pulse_batch,x,,,,,2,,6063,831,760,77,77,,9244516958902,
2026-08-18 00:03:35.130,pulse_batch,x,,,,,2,,6065,833,762,77,77,,9244537260138,
2026-08-18 00:03:35.153,pulse_batch,x,,,,,2,,6067,835,764,77,77,,9244559622084,
2026-08-18 00:03:35.158,continuous_stop,x,,,,,,1,6067,835,764,77,77,,9244564745869,
2026-08-18 00:03:37.220,continuous_start,y,,,,,,-1,2968,-438,-436,0,4,,9246627005741,
2026-08-18 00:03:37.225,pulse_batch,y,,,,,-1,,2969,-439,-437,0,4,,9246632329451,
2026-08-18 00:03:37.246,pulse_batch,y,,,,,-2,,2971,-441,-439,0,4,,9246652813408,
2026-08-18 00:03:37.266,pulse_batch,y,,,,,-2,,2973,-443,-441,0,4,,9246673126181,
2026-08-18 00:03:37.288,pulse_batch,y,,,,,-2,,2975,-445,-443,0,4,,9246694674150,
2026-08-18 00:03:37.293,continuous_stop,y,,,,,,-1,2975,-445,-443,0,4,,9246699808806,
2026-08-18 00:03:37.950,continuous_start,y,,,,,,-1,2975,-445,-443,0,4,,9247357379844,
2026-08-18 00:03:37.956,pulse_batch,y,,,,,-1,,2976,-446,-444,0,4,,9247362687388,
2026-08-18 00:03:37.976,pulse_batch,y,,,,,-2,,2978,-448,-446,0,4,,9247383113345,
2026-08-18 00:03:37.996,pulse_batch,y,,,,,-2,,2980,-450,-448,0,4,,9247403401692,
2026-08-18 00:03:38.019,pulse_batch,y,,,,,-2,,2982,-452,-450,0,4,,9247426062600,
2026-08-18 00:03:38.024,continuous_stop,y,,,,,,-1,2982,-452,-450,0,4,,9247431166700,
2026-08-18 00:03:38.686,continuous_start,y,,,,,,-1,2982,-452,-450,0,4,,9248093267844,
2026-08-18 00:03:38.691,pulse_batch,y,,,,,-1,,2983,-453,-451,0,4,,9248098628165,
2026-08-18 00:03:38.697,continuous_stop,y,,,,,,-1,2983,-453,-451,0,4,,9248103780191,
2026-08-18 00:03:39.619,continuous_start,y,,,,,,-1,2983,-453,-451,0,4,,9249026431644,
2026-08-18 00:03:39.625,pulse_batch,y,,,,,-1,,2984,-454,-452,0,4,,9249031806391,
2026-08-18 00:03:39.630,continuous_stop,y,,,,,,-1,2984,-454,-452,0,4,,9249036973529,
2026-08-18 00:03:40.354,continuous_start,y,,,,,,-1,2984,-454,-452,0,4,,9249760690879,
2026-08-18 00:03:40.360,pulse_batch,y,,,,,-1,,2985,-455,-453,0,4,,9249767000472,
2026-08-18 00:03:40.380,pulse_batch,y,,,,,-2,,2987,-457,-455,0,4,,9249787341745,
2026-08-18 00:03:40.400,pulse_batch,y,,,,,-2,,2989,-459,-457,0,4,,9249807624574,
2026-08-18 00:03:40.422,pulse_batch,y,,,,,-2,,2991,-461,-459,0,4,,9249828743120,
2026-08-18 00:03:40.427,continuous_stop,y,,,,,,-1,2991,-461,-459,0,4,,9249833838628,
2026-08-18 00:03:44.286,point_saved,x,2,stored,,,,1,,835,764,77,77,764,,
2026-08-18 00:03:44.286,point_saved,y,2,stored,,,,-1,,-461,-459,0,4,-459,,
2026-08-18 00:03:45.225,continuous_start,x,,,,,,1,6067,835,764,77,77,,9254631998037,
2026-08-18 00:03:45.230,pulse_batch,x,,,,,1,,6068,836,765,77,77,,9254637495154,
2026-08-18 00:03:45.251,pulse_batch,x,,,,,2,,6070,838,767,77,77,,9254657964019,
2026-08-18 00:03:45.271,pulse_batch,x,,,,,2,,6072,840,769,77,77,,9254678239441,
2026-08-18 00:03:45.292,pulse_batch,x,,,,,2,,6074,842,771,77,77,,9254698796990,
2026-08-18 00:03:45.312,pulse_batch,x,,,,,2,,6076,844,773,77,77,,9254719156634,
2026-08-18 00:03:45.332,pulse_batch,x,,,,,2,,6078,846,775,77,77,,9254739510944,
2026-08-18 00:03:45.353,pulse_batch,x,,,,,2,,6080,848,777,77,77,,9254759899994,
2026-08-18 00:03:45.373,pulse_batch,x,,,,,2,,6082,850,779,77,77,,9254780323915,
2026-08-18 00:03:45.394,pulse_batch,x,,,,,2,,6084,852,781,77,77,,9254800683633,
2026-08-18 00:03:45.414,pulse_batch,x,,,,,2,,6086,854,783,77,77,,9254821304089,
2026-08-18 00:03:45.435,pulse_batch,x,,,,,2,,6088,856,785,77,77,,9254841766306,
2026-08-18 00:03:45.455,pulse_batch,x,,,,,2,,6090,858,787,77,77,,9254862168820,
2026-08-18 00:03:45.475,pulse_batch,x,,,,,2,,6092,860,789,77,77,,9254882455556,
2026-08-18 00:03:45.496,pulse_batch,x,,,,,2,,6094,862,791,77,77,,9254903586788,
2026-08-18 00:03:45.519,pulse_batch,x,,,,,2,,6096,864,793,77,77,,9254926341825,
2026-08-18 00:03:45.539,pulse_batch,x,,,,,2,,6098,866,795,77,77,,9254946619450,
2026-08-18 00:03:45.560,pulse_batch,x,,,,,2,,6100,868,797,77,77,,9254967085611,
2026-08-18 00:03:45.583,pulse_batch,x,,,,,2,,6102,870,799,77,77,,9254989874908,
2026-08-18 00:03:45.603,pulse_batch,x,,,,,2,,6104,872,801,77,77,,9255010215088,
2026-08-18 00:03:45.624,pulse_batch,x,,,,,2,,6106,874,803,77,77,,9255030732990,
2026-08-18 00:03:45.646,pulse_batch,x,,,,,2,,6108,876,805,77,77,,9255053271547,
2026-08-18 00:03:45.666,pulse_batch,x,,,,,2,,6110,878,807,77,77,,9255073579487,
2026-08-18 00:03:45.688,pulse_batch,x,,,,,2,,6112,880,809,77,77,,9255095540306,
2026-08-18 00:03:45.709,pulse_batch,x,,,,,2,,6114,882,811,77,77,,9255116274281,
2026-08-18 00:03:45.729,pulse_batch,x,,,,,2,,6116,884,813,77,77,,9255136603443,
2026-08-18 00:03:45.750,pulse_batch,x,,,,,2,,6118,886,815,77,77,,9255157051586,
2026-08-18 00:03:45.771,pulse_batch,x,,,,,2,,6120,888,817,77,77,,9255177644931,
2026-08-18 00:03:45.791,pulse_batch,x,,,,,2,,6122,890,819,77,77,,9255197975408,
2026-08-18 00:03:45.811,pulse_batch,x,,,,,2,,6124,892,821,77,77,,9255218326422,
2026-08-18 00:03:45.833,pulse_batch,x,,,,,2,,6126,894,823,77,77,,9255240073224,
2026-08-18 00:03:45.853,pulse_batch,x,,,,,2,,6128,896,825,77,77,,9255260447960,
2026-08-18 00:03:45.874,pulse_batch,x,,,,,2,,6130,898,827,77,77,,9255280714326,
2026-08-18 00:03:45.895,pulse_batch,x,,,,,2,,6132,900,829,77,77,,9255302404573,
2026-08-18 00:03:45.916,pulse_batch,x,,,,,2,,6134,902,831,77,77,,9255322771346,
2026-08-18 00:03:45.936,pulse_batch,x,,,,,2,,6136,904,833,77,77,,9255343058342,
2026-08-18 00:03:45.957,pulse_batch,x,,,,,2,,6138,906,835,77,77,,9255363842131,
2026-08-18 00:03:45.977,pulse_batch,x,,,,,2,,6140,908,837,77,77,,9255384249626,
2026-08-18 00:03:45.997,pulse_batch,x,,,,,2,,6142,910,839,77,77,,9255404594232,
2026-08-18 00:03:46.018,pulse_batch,x,,,,,2,,6144,912,841,77,77,,9255424925820,
2026-08-18 00:03:46.038,pulse_batch,x,,,,,2,,6146,914,843,77,77,,9255445347945,
2026-08-18 00:03:46.059,pulse_batch,x,,,,,2,,6148,916,845,77,77,,9255465661440,
2026-08-18 00:03:46.079,pulse_batch,x,,,,,2,,6150,918,847,77,77,,9255485937417,
2026-08-18 00:03:46.099,pulse_batch,x,,,,,2,,6152,920,849,77,77,,9255506445264,
2026-08-18 00:03:46.120,pulse_batch,x,,,,,2,,6154,922,851,77,77,,9255526844944,
2026-08-18 00:03:46.140,pulse_batch,x,,,,,2,,6156,924,853,77,77,,9255547114143,
2026-08-18 00:03:46.161,pulse_batch,x,,,,,2,,6158,926,855,77,77,,9255567764045,
2026-08-18 00:03:46.181,pulse_batch,x,,,,,2,,6160,928,857,77,77,,9255588106040,
2026-08-18 00:03:46.201,pulse_batch,x,,,,,2,,6162,930,859,77,77,,9255608422387,
2026-08-18 00:03:46.222,pulse_batch,x,,,,,2,,6164,932,861,77,77,,9255629413101,
2026-08-18 00:03:46.243,pulse_batch,x,,,,,2,,6166,934,863,77,77,,9255649803504,
2026-08-18 00:03:46.263,pulse_batch,x,,,,,2,,6168,936,865,77,77,,9255670092129,
2026-08-18 00:03:46.283,pulse_batch,x,,,,,2,,6170,938,867,77,77,,9255690401625,
2026-08-18 00:03:46.305,pulse_batch,x,,,,,2,,6172,940,869,77,77,,9255711778781,
2026-08-18 00:03:46.325,pulse_batch,x,,,,,2,,6174,942,871,77,77,,9255732128295,
2026-08-18 00:03:46.345,pulse_batch,x,,,,,2,,6176,944,873,77,77,,9255752504808,
2026-08-18 00:03:46.369,pulse_batch,x,,,,,2,,6178,946,875,77,77,,9255776116322,
2026-08-18 00:03:46.389,pulse_batch,x,,,,,2,,6180,948,877,77,77,,9255796495410,
2026-08-18 00:03:46.410,pulse_batch,x,,,,,2,,6182,950,879,77,77,,9255816799239,
2026-08-18 00:03:46.430,pulse_batch,x,,,,,2,,6184,952,881,77,77,,9255837382807,
2026-08-18 00:03:46.452,pulse_batch,x,,,,,2,,6186,954,883,77,77,,9255859363867,
2026-08-18 00:03:46.472,pulse_batch,x,,,,,2,,6188,956,885,77,77,,9255879647585,
2026-08-18 00:03:46.494,pulse_batch,x,,,,,2,,6190,958,887,77,77,,9255901513090,
2026-08-18 00:03:46.515,pulse_batch,x,,,,,2,,6192,960,889,77,77,,9255922330583,
2026-08-18 00:03:46.535,pulse_batch,x,,,,,2,,6194,962,891,77,77,,9255942625282,
2026-08-18 00:03:46.556,pulse_batch,x,,,,,2,,6196,964,893,77,77,,9255963001703,
2026-08-18 00:03:46.579,pulse_batch,x,,,,,2,,6198,966,895,77,77,,9255986299700,
2026-08-18 00:03:46.599,pulse_batch,x,,,,,2,,6200,968,897,77,77,,9256006600474,
2026-08-18 00:03:46.620,pulse_batch,x,,,,,2,,6202,970,899,77,77,,9256027087079,
2026-08-18 00:03:46.641,pulse_batch,x,,,,,2,,6204,972,901,77,77,,9256047708944,
2026-08-18 00:03:46.661,pulse_batch,x,,,,,2,,6206,974,903,77,77,,9256068033976,
2026-08-18 00:03:46.681,pulse_batch,x,,,,,2,,6208,976,905,77,77,,9256088383434,
2026-08-18 00:03:46.702,pulse_batch,x,,,,,2,,6210,978,907,77,77,,9256108822096,
2026-08-18 00:03:46.722,pulse_batch,x,,,,,2,,6212,980,909,77,77,,9256129256461,
2026-08-18 00:03:46.742,pulse_batch,x,,,,,2,,6214,982,911,77,77,,9256149520290,
2026-08-18 00:03:46.763,pulse_batch,x,,,,,2,,6216,984,913,77,77,,9256170025248,
2026-08-18 00:03:46.783,pulse_batch,x,,,,,2,,6218,986,915,77,77,,9256190347077,
2026-08-18 00:03:46.803,pulse_batch,x,,,,,2,,6220,988,917,77,77,,9256210634535,
2026-08-18 00:03:46.824,pulse_batch,x,,,,,2,,6222,990,919,77,77,,9256231364917,
2026-08-18 00:03:46.845,pulse_batch,x,,,,,2,,6224,992,921,77,77,,9256251706616,
2026-08-18 00:03:46.865,pulse_batch,x,,,,,2,,6226,994,923,77,77,,9256272028686,
2026-08-18 00:03:46.886,pulse_batch,x,,,,,2,,6228,996,925,77,77,,9256293625156,
2026-08-18 00:03:46.907,pulse_batch,x,,,,,2,,6230,998,927,77,77,,9256314015188,
2026-08-18 00:03:46.927,pulse_batch,x,,,,,2,,6232,1000,929,77,77,,9256334360702,
2026-08-18 00:03:46.947,pulse_batch,x,,,,,2,,6234,1002,931,77,77,,9256354650623,
2026-08-18 00:03:46.968,pulse_batch,x,,,,,2,,6236,1004,933,77,77,,9256375072674,
2026-08-18 00:03:46.988,pulse_batch,x,,,,,2,,6238,1006,935,77,77,,9256395426299,
2026-08-18 00:03:47.009,pulse_batch,x,,,,,2,,6240,1008,937,77,77,,9256415717239,
2026-08-18 00:03:47.030,pulse_batch,x,,,,,2,,6242,1010,939,77,77,,9256437210079,
2026-08-18 00:03:47.051,pulse_batch,x,,,,,2,,6244,1012,941,77,77,,9256457657482,
2026-08-18 00:03:47.071,pulse_batch,x,,,,,2,,6246,1014,943,77,77,,9256477964626,
2026-08-18 00:03:47.091,pulse_batch,x,,,,,2,,6248,1016,945,77,77,,9256498387639,
2026-08-18 00:03:47.112,pulse_batch,x,,,,,2,,6250,1018,947,77,77,,9256518858874,
2026-08-18 00:03:47.132,pulse_batch,x,,,,,2,,6252,1020,949,77,77,,9256539177907,
2026-08-18 00:03:47.153,pulse_batch,x,,,,,2,,6254,1022,951,77,77,,9256559781105,
2026-08-18 00:03:47.173,pulse_batch,x,,,,,2,,6256,1024,953,77,77,,9256580239414,
2026-08-18 00:03:47.193,pulse_batch,x,,,,,2,,6258,1026,955,77,77,,9256600556373,
2026-08-18 00:03:47.214,pulse_batch,x,,,,,2,,6260,1028,957,77,77,,9256621163033,
2026-08-18 00:03:47.237,pulse_batch,x,,,,,2,,6262,1030,959,77,77,,9256644091033,
2026-08-18 00:03:47.257,pulse_batch,x,,,,,2,,6264,1032,961,77,77,,9256664422806,
2026-08-18 00:03:47.278,pulse_batch,x,,,,,2,,6266,1034,963,77,77,,9256684687580,
2026-08-18 00:03:47.298,pulse_batch,x,,,,,2,,6268,1036,965,77,77,,9256705256481,
2026-08-18 00:03:47.319,pulse_batch,x,,,,,2,,6270,1038,967,77,77,,9256726594341,
2026-08-18 00:03:47.340,pulse_batch,x,,,,,2,,6272,1040,969,77,77,,9256746914504,
2026-08-18 00:03:47.362,pulse_batch,x,,,,,2,,6274,1042,971,77,77,,9256768904230,
2026-08-18 00:03:47.384,pulse_batch,x,,,,,2,,6276,1044,973,77,77,,9256791370510,
2026-08-18 00:03:47.404,pulse_batch,x,,,,,2,,6278,1046,975,77,77,,9256811655691,
2026-08-18 00:03:47.425,pulse_batch,x,,,,,2,,6280,1048,977,77,77,,9256832175611,
2026-08-18 00:03:47.445,pulse_batch,x,,,,,2,,6282,1050,979,77,77,,9256852550570,
2026-08-18 00:03:47.466,pulse_batch,x,,,,,2,,6284,1052,981,77,77,,9256872874917,
2026-08-18 00:03:47.487,pulse_batch,x,,,,,2,,6286,1054,983,77,77,,9256893531577,
2026-08-18 00:03:47.507,pulse_batch,x,,,,,2,,6288,1056,985,77,77,,9256914010220,
2026-08-18 00:03:47.528,pulse_batch,x,,,,,2,,6290,1058,987,77,77,,9256934713306,
2026-08-18 00:03:47.548,pulse_batch,x,,,,,2,,6292,1060,989,77,77,,9256954987802,
2026-08-18 00:03:47.568,pulse_batch,x,,,,,2,,6294,1062,991,77,77,,9256975562000,
2026-08-18 00:03:47.589,pulse_batch,x,,,,,2,,6296,1064,993,77,77,,9256995930513,
2026-08-18 00:03:47.609,pulse_batch,x,,,,,2,,6298,1066,995,77,77,,9257016201231,
2026-08-18 00:03:47.630,pulse_batch,x,,,,,2,,6300,1068,997,77,77,,9257036668819,
2026-08-18 00:03:47.650,pulse_batch,x,,,,,2,,6302,1070,999,77,77,,9257057005759,
2026-08-18 00:03:47.670,pulse_batch,x,,,,,2,,6304,1072,1001,77,77,,9257077267588,
2026-08-18 00:03:47.691,pulse_batch,x,,,,,2,,6306,1074,1003,77,77,,9257097654972,
2026-08-18 00:03:47.711,pulse_batch,x,,,,,2,,6308,1076,1005,77,77,,9257118065634,
2026-08-18 00:03:47.731,pulse_batch,x,,,,,2,,6310,1078,1007,77,77,,9257138439166,
2026-08-18 00:03:47.752,pulse_batch,x,,,,,2,,6312,1080,1009,77,77,,9257158741680,
2026-08-18 00:03:47.772,pulse_batch,x,,,,,2,,6314,1082,1011,77,77,,9257179263064,
2026-08-18 00:03:47.792,pulse_batch,x,,,,,2,,6316,1084,1013,77,77,,9257199570689,
2026-08-18 00:03:47.813,pulse_batch,x,,,,,2,,6318,1086,1015,77,77,,9257219837592,
2026-08-18 00:03:47.834,pulse_batch,x,,,,,2,,6320,1088,1017,77,77,,9257241354581,
2026-08-18 00:03:47.855,pulse_batch,x,,,,,2,,6322,1090,1019,77,77,,9257261800242,
2026-08-18 00:03:47.875,pulse_batch,x,,,,,2,,6324,1092,1021,77,77,,9257282081294,
2026-08-18 00:03:47.896,pulse_batch,x,,,,,2,,6326,1094,1023,77,77,,9257302906860,
2026-08-18 00:03:47.916,pulse_batch,x,,,,,2,,6328,1096,1025,77,77,,9257323311985,
2026-08-18 00:03:47.937,pulse_batch,x,,,,,2,,6330,1098,1027,77,77,,9257343647036,
2026-08-18 00:03:47.957,pulse_batch,x,,,,,2,,6332,1100,1029,77,77,,9257364351585,
2026-08-18 00:03:47.978,pulse_batch,x,,,,,2,,6334,1102,1031,77,77,,9257384760913,
2026-08-18 00:03:47.998,pulse_batch,x,,,,,2,,6336,1104,1033,77,77,,9257405100724,
2026-08-18 00:03:48.019,pulse_batch,x,,,,,2,,6338,1106,1035,77,77,,9257425623292,
2026-08-18 00:03:48.039,pulse_batch,x,,,,,2,,6340,1108,1037,77,77,,9257446402619,
2026-08-18 00:03:48.060,pulse_batch,x,,,,,2,,6342,1110,1039,77,77,,9257466805114,
2026-08-18 00:03:48.080,pulse_batch,x,,,,,2,,6344,1112,1041,77,77,,9257487245257,
2026-08-18 00:03:48.101,pulse_batch,x,,,,,2,,6346,1114,1043,77,77,,9257508180397,
2026-08-18 00:03:48.121,pulse_batch,x,,,,,2,,6348,1116,1045,77,77,,9257528615096,
2026-08-18 00:03:48.142,pulse_batch,x,,,,,2,,6350,1118,1047,77,77,,9257548915684,
2026-08-18 00:03:48.162,pulse_batch,x,,,,,2,,6352,1120,1049,77,77,,9257569516289,
2026-08-18 00:03:48.183,pulse_batch,x,,,,,2,,6354,1122,1051,77,77,,9257589897840,
2026-08-18 00:03:48.203,pulse_batch,x,,,,,2,,6356,1124,1053,77,77,,9257610199595,
2026-08-18 00:03:48.224,pulse_batch,x,,,,,2,,6358,1126,1055,77,77,,9257631155106,
2026-08-18 00:03:48.247,pulse_batch,x,,,,,2,,6360,1128,1057,77,77,,9257654297752,
2026-08-18 00:03:48.267,pulse_batch,x,,,,,2,,6362,1130,1059,77,77,,9257674616433,
2026-08-18 00:03:48.289,pulse_batch,x,,,,,2,,6364,1132,1061,77,77,,9257695780572,
2026-08-18 00:03:48.309,pulse_batch,x,,,,,2,,6366,1134,1063,77,77,,9257716269455,
2026-08-18 00:03:48.329,pulse_batch,x,,,,,2,,6368,1136,1065,77,77,,9257736576303,
2026-08-18 00:03:48.350,pulse_batch,x,,,,,2,,6370,1138,1067,77,77,,9257757287796,
2026-08-18 00:03:48.372,pulse_batch,x,,,,,2,,6372,1140,1069,77,77,,9257778772007,
2026-08-18 00:03:48.392,pulse_batch,x,,,,,2,,6374,1142,1071,77,77,,9257799063522,
2026-08-18 00:03:48.412,pulse_batch,x,,,,,2,,6376,1144,1073,77,77,,9257819335943,
2026-08-18 00:03:48.433,pulse_batch,x,,,,,2,,6378,1146,1075,77,77,,9257839885345,
2026-08-18 00:03:48.453,pulse_batch,x,,,,,2,,6380,1148,1077,77,77,,9257860286211,
2026-08-18 00:03:48.473,pulse_batch,x,,,,,2,,6382,1150,1079,77,77,,9257880574114,
2026-08-18 00:03:48.494,pulse_batch,x,,,,,2,,6384,1152,1081,77,77,,9257901110775,
2026-08-18 00:03:48.514,pulse_batch,x,,,,,2,,6386,1154,1083,77,77,,9257921473511,
2026-08-18 00:03:48.535,pulse_batch,x,,,,,2,,6388,1156,1085,77,77,,9257941808247,
2026-08-18 00:03:48.555,pulse_batch,x,,,,,2,,6390,1158,1087,77,77,,9257962153798,
2026-08-18 00:03:48.578,pulse_batch,x,,,,,2,,6392,1160,1089,77,77,,9257985256130,
2026-08-18 00:03:48.598,pulse_batch,x,,,,,2,,6394,1162,1091,77,77,,9258005560459,
2026-08-18 00:03:48.619,pulse_batch,x,,,,,2,,6396,1164,1093,77,77,,9258025920566,
2026-08-18 00:03:48.642,pulse_batch,x,,,,,2,,6398,1166,1095,77,77,,9258049244952,
2026-08-18 00:03:48.662,pulse_batch,x,,,,,2,,6400,1168,1097,77,77,,9258069551373,
2026-08-18 00:03:48.683,pulse_batch,x,,,,,2,,6402,1170,1099,77,77,,9258089859221,
2026-08-18 00:03:48.703,pulse_batch,x,,,,,2,,6404,1172,1101,77,77,,9258110560788,
2026-08-18 00:03:48.724,pulse_batch,x,,,,,2,,6406,1174,1103,77,77,,9258130936802,
2026-08-18 00:03:48.744,pulse_batch,x,,,,,2,,6408,1176,1105,77,77,,9258151253742,
2026-08-18 00:03:48.765,pulse_batch,x,,,,,2,,6410,1178,1107,77,77,,9258171850403,
2026-08-18 00:03:48.785,pulse_batch,x,,,,,2,,6412,1180,1109,77,77,,9258192199935,
2026-08-18 00:03:48.805,pulse_batch,x,,,,,2,,6414,1182,1111,77,77,,9258212494153,
2026-08-18 00:03:48.826,pulse_batch,x,,,,,2,,6416,1184,1113,77,77,,9258233435349,
2026-08-18 00:03:48.847,pulse_batch,x,,,,,2,,6418,1186,1115,77,77,,9258253904714,
2026-08-18 00:03:48.867,pulse_batch,x,,,,,2,,6420,1188,1117,77,77,,9258274197062,
2026-08-18 00:03:48.888,pulse_batch,x,,,,,2,,6422,1190,1119,77,77,,9258294787223,
2026-08-18 00:03:48.908,pulse_batch,x,,,,,2,,6424,1192,1121,77,77,,9258315282699,
2026-08-18 00:03:48.928,pulse_batch,x,,,,,2,,6426,1194,1123,77,77,,9258335612824,
2026-08-18 00:03:48.949,pulse_batch,x,,,,,2,,6428,1196,1125,77,77,,9258355949116,
2026-08-18 00:03:48.969,pulse_batch,x,,,,,2,,6430,1198,1127,77,77,,9258376318204,
2026-08-18 00:03:48.990,pulse_batch,x,,,,,2,,6432,1200,1129,77,77,,9258396753606,
2026-08-18 00:03:49.010,pulse_batch,x,,,,,2,,6434,1202,1131,77,77,,9258417046806,
2026-08-18 00:03:49.031,pulse_batch,x,,,,,2,,6436,1204,1133,77,77,,9258438343314,
2026-08-18 00:03:49.052,pulse_batch,x,,,,,2,,6438,1206,1135,77,77,,9258458741995,
2026-08-18 00:03:49.072,pulse_batch,x,,,,,2,,6440,1208,1137,77,77,,9258479022250,
2026-08-18 00:03:49.093,pulse_batch,x,,,,,2,,6442,1210,1139,77,77,,9258499760373,
2026-08-18 00:03:49.113,pulse_batch,x,,,,,2,,6444,1212,1141,77,77,,9258520169646,
2026-08-18 00:03:49.133,pulse_batch,x,,,,,2,,6446,1214,1143,77,77,,9258540485493,
2026-08-18 00:03:49.155,pulse_batch,x,,,,,2,,6448,1216,1145,77,77,,9258562315351,
2026-08-18 00:03:49.176,pulse_batch,x,,,,,2,,6450,1218,1147,77,77,,9258582743087,
2026-08-18 00:03:49.196,pulse_batch,x,,,,,2,,6452,1220,1149,77,77,,9258603132545,
2026-08-18 00:03:49.216,pulse_batch,x,,,,,2,,6454,1222,1151,77,77,,9258623434726,
2026-08-18 00:03:49.238,pulse_batch,x,,,,,2,,6456,1224,1153,77,77,,9258645184250,
2026-08-18 00:03:49.259,pulse_batch,x,,,,,2,,6458,1226,1155,77,77,,9258665745319,
2026-08-18 00:03:49.279,pulse_batch,x,,,,,2,,6460,1228,1157,77,77,,9258686005333,
2026-08-18 00:03:49.303,pulse_batch,x,,,,,2,,6462,1230,1159,77,77,,9258710328491,
2026-08-18 00:03:49.324,pulse_batch,x,,,,,2,,6464,1232,1161,77,77,,9258730769579,
2026-08-18 00:03:49.344,pulse_batch,x,,,,,2,,6466,1234,1163,77,77,,9258751338407,
2026-08-18 00:03:49.365,pulse_batch,x,,,,,2,,6468,1236,1165,77,77,,9258772186233,
2026-08-18 00:03:49.385,pulse_batch,x,,,,,2,,6470,1238,1167,77,77,,9258792607802,
2026-08-18 00:03:49.406,pulse_batch,x,,,,,2,,6472,1240,1169,77,77,,9258812912242,
2026-08-18 00:03:49.426,pulse_batch,x,,,,,2,,6474,1242,1171,77,77,,9258833296460,
2026-08-18 00:03:49.447,pulse_batch,x,,,,,2,,6476,1244,1173,77,77,,9258853777028,
2026-08-18 00:03:49.467,pulse_batch,x,,,,,2,,6478,1246,1175,77,77,,9258874131042,
2026-08-18 00:03:49.487,pulse_batch,x,,,,,2,,6480,1248,1177,77,77,,9258894465816,
2026-08-18 00:03:49.510,pulse_batch,x,,,,,2,,6482,1250,1179,77,77,,9258917113187,
2026-08-18 00:03:49.530,pulse_batch,x,,,,,2,,6484,1252,1181,77,77,,9258937476701,
2026-08-18 00:03:49.551,pulse_batch,x,,,,,2,,6486,1254,1183,77,77,,9258957836011,
2026-08-18 00:03:49.572,pulse_batch,x,,,,,2,,6488,1256,1185,77,77,,9258978867503,
2026-08-18 00:03:49.592,pulse_batch,x,,,,,2,,6490,1258,1187,77,77,,9258999326146,
2026-08-18 00:03:49.612,pulse_batch,x,,,,,2,,6492,1260,1189,77,77,,9259019649882,
2026-08-18 00:03:49.633,pulse_batch,x,,,,,2,,6494,1262,1191,77,77,,9259040300969,
2026-08-18 00:03:49.654,pulse_batch,x,,,,,2,,6496,1264,1193,77,77,,9259060741982,
2026-08-18 00:03:49.674,pulse_batch,x,,,,,2,,6498,1266,1195,77,77,,9259081036330,
2026-08-18 00:03:49.694,pulse_batch,x,,,,,2,,6500,1268,1197,77,77,,9259101571491,
2026-08-18 00:03:49.715,pulse_batch,x,,,,,2,,6502,1270,1199,77,77,,9259121995394,
2026-08-18 00:03:49.735,pulse_batch,x,,,,,2,,6504,1272,1201,77,77,,9259142295704,
2026-08-18 00:03:49.756,pulse_batch,x,,,,,2,,6506,1274,1203,77,77,,9259162705033,
2026-08-18 00:03:49.776,pulse_batch,x,,,,,2,,6508,1276,1205,77,77,,9259183211083,
2026-08-18 00:03:49.796,pulse_batch,x,,,,,2,,6510,1278,1207,77,77,,9259203513486,
2026-08-18 00:03:49.817,pulse_batch,x,,,,,2,,6512,1280,1209,77,77,,9259223797667,
2026-08-18 00:03:49.840,pulse_batch,x,,,,,2,,6514,1282,1211,77,77,,9259247040739,
2026-08-18 00:03:49.860,pulse_batch,x,,,,,2,,6516,1284,1213,77,77,,9259267366271,
2026-08-18 00:03:49.880,pulse_batch,x,,,,,2,,6518,1286,1215,77,77,,9259287613101,
2026-08-18 00:03:49.901,pulse_batch,x,,,,,2,,6520,1288,1217,77,77,,9259308099725,
2026-08-18 00:03:49.921,pulse_batch,x,,,,,2,,6522,1290,1219,77,77,,9259328474795,
2026-08-18 00:03:49.942,pulse_batch,x,,,,,2,,6524,1292,1221,77,77,,9259348768754,
2026-08-18 00:03:49.965,pulse_batch,x,,,,,2,,6526,1294,1223,77,77,,9259372094602,
2026-08-18 00:03:49.987,pulse_batch,x,,,,,2,,6528,1296,1225,77,77,,9259394280347,
2026-08-18 00:03:50.007,pulse_batch,x,,,,,2,,6530,1298,1227,77,77,,9259414558343,
2026-08-18 00:03:50.028,pulse_batch,x,,,,,2,,6532,1300,1229,77,77,,9259435234077,
2026-08-18 00:03:50.037,continuous_stop,x,,,,,,1,6532,1300,1229,77,77,,9259443674159,
2026-08-18 00:03:50.763,continuous_start,y,,,,,,-1,2991,-461,-459,0,4,,9260170291274,
2026-08-18 00:03:50.768,pulse_batch,y,,,,,-1,,2992,-462,-460,0,4,,9260175629577,
2026-08-18 00:03:50.789,pulse_batch,y,,,,,-2,,2994,-464,-462,0,4,,9260196351330,
2026-08-18 00:03:50.809,pulse_batch,y,,,,,-2,,2996,-466,-464,0,4,,9260216668585,
2026-08-18 00:03:50.830,pulse_batch,y,,,,,-2,,2998,-468,-466,0,4,,9260237134691,
2026-08-18 00:03:50.850,pulse_batch,y,,,,,-2,,3000,-470,-468,0,4,,9260257515575,
2026-08-18 00:03:50.871,pulse_batch,y,,,,,-2,,3002,-472,-470,0,4,,9260277819515,
2026-08-18 00:03:50.891,pulse_batch,y,,,,,-2,,3004,-474,-472,0,4,,9260298269566,
2026-08-18 00:03:50.914,pulse_batch,y,,,,,-2,,3006,-476,-474,0,4,,9260321380175,
2026-08-18 00:03:50.935,pulse_batch,y,,,,,-2,,3008,-478,-476,0,4,,9260341681208,
2026-08-18 00:03:50.955,pulse_batch,y,,,,,-2,,3010,-480,-478,0,4,,9260362002778,
2026-08-18 00:03:50.976,pulse_batch,y,,,,,-2,,3012,-482,-480,0,4,,9260382904752,
2026-08-18 00:03:50.996,pulse_batch,y,,,,,-2,,3014,-484,-482,0,4,,9260403168915,
2026-08-18 00:03:51.016,pulse_batch,y,,,,,-2,,3016,-486,-484,0,4,,9260423613502,
2026-08-18 00:03:51.037,pulse_batch,y,,,,,-2,,3018,-488,-486,0,4,,9260444294385,
2026-08-18 00:03:51.058,pulse_batch,y,,,,,-2,,3020,-490,-488,0,4,,9260464750899,
2026-08-18 00:03:51.078,pulse_batch,y,,,,,-2,,3022,-492,-490,0,4,,9260485061450,
2026-08-18 00:03:51.099,pulse_batch,y,,,,,-2,,3024,-494,-492,0,4,,9260505750796,
2026-08-18 00:03:51.119,pulse_batch,y,,,,,-2,,3026,-496,-494,0,4,,9260526297086,
2026-08-18 00:03:51.139,pulse_batch,y,,,,,-2,,3028,-498,-496,0,4,,9260546584156,
2026-08-18 00:03:51.160,pulse_batch,y,,,,,-2,,3030,-500,-498,0,4,,9260567228169,
2026-08-18 00:03:51.183,pulse_batch,y,,,,,-2,,3032,-502,-500,0,4,,9260590334186,
2026-08-18 00:03:51.204,pulse_batch,y,,,,,-2,,3034,-504,-502,0,4,,9260610693144,
2026-08-18 00:03:51.224,pulse_batch,y,,,,,-2,,3036,-506,-504,0,4,,9260631113158,
2026-08-18 00:03:51.244,pulse_batch,y,,,,,-2,,3038,-508,-506,0,4,,9260651652523,
2026-08-18 00:03:51.265,pulse_batch,y,,,,,-2,,3040,-510,-508,0,4,,9260672072555,
2026-08-18 00:03:51.285,pulse_batch,y,,,,,-2,,3042,-512,-510,0,4,,9260692556902,
2026-08-18 00:03:51.306,pulse_batch,y,,,,,-2,,3044,-514,-512,0,4,,9260713218229,
2026-08-18 00:03:51.326,pulse_batch,y,,,,,-2,,3046,-516,-514,0,4,,9260733634410,
2026-08-18 00:03:51.347,pulse_batch,y,,,,,-2,,3048,-518,-516,0,4,,9260753942257,
2026-08-18 00:03:51.367,pulse_batch,y,,,,,-2,,3050,-520,-518,0,4,,9260774626103,
2026-08-18 00:03:51.388,pulse_batch,y,,,,,-2,,3052,-522,-520,0,4,,9260795016673,
2026-08-18 00:03:51.408,pulse_batch,y,,,,,-2,,3054,-524,-522,0,4,,9260815277613,
2026-08-18 00:03:51.429,pulse_batch,y,,,,,-2,,3056,-526,-524,0,4,,9260835754404,
2026-08-18 00:03:51.449,pulse_batch,y,,,,,-2,,3058,-528,-526,0,4,,9260856124474,
2026-08-18 00:03:51.469,pulse_batch,y,,,,,-2,,3060,-530,-528,0,4,,9260876436433,
2026-08-18 00:03:51.490,pulse_batch,y,,,,,-2,,3062,-532,-530,0,4,,9260896826261,
2026-08-18 00:03:51.510,pulse_batch,y,,,,,-2,,3064,-534,-532,0,4,,9260917256590,
2026-08-18 00:03:51.530,pulse_batch,y,,,,,-2,,3066,-536,-534,0,4,,9260937561697,
2026-08-18 00:03:51.551,pulse_batch,y,,,,,-2,,3068,-538,-536,0,4,,9260957845934,
2026-08-18 00:03:51.571,pulse_batch,y,,,,,-2,,3070,-540,-538,0,4,,9260978248373,
2026-08-18 00:03:51.592,pulse_batch,y,,,,,-2,,3072,-542,-540,0,4,,9260998700683,
2026-08-18 00:03:51.612,pulse_batch,y,,,,,-2,,3074,-544,-542,0,4,,9261018965291,
2026-08-18 00:03:51.633,pulse_batch,y,,,,,-2,,3076,-546,-544,0,4,,9261039804117,
2026-08-18 00:03:51.653,pulse_batch,y,,,,,-2,,3078,-548,-546,0,4,,9261060139557,
2026-08-18 00:03:51.673,pulse_batch,y,,,,,-2,,3080,-550,-548,0,4,,9261080446108,
2026-08-18 00:03:51.694,pulse_batch,y,,,,,-2,,3082,-552,-550,0,4,,9261101587118,
2026-08-18 00:03:51.715,pulse_batch,y,,,,,-2,,3084,-554,-552,0,4,,9261122285389,
2026-08-18 00:03:51.735,pulse_batch,y,,,,,-2,,3086,-556,-554,0,4,,9261142587033,
2026-08-18 00:03:51.756,pulse_batch,y,,,,,-2,,3088,-558,-556,0,4,,9261162890252,
2026-08-18 00:03:51.777,pulse_batch,y,,,,,-2,,3090,-560,-558,0,4,,9261184187742,
2026-08-18 00:03:51.797,pulse_batch,y,,,,,-2,,3092,-562,-560,0,4,,9261204592367,
2026-08-18 00:03:51.818,pulse_batch,y,,,,,-2,,3094,-564,-562,0,4,,9261224907048,
2026-08-18 00:03:51.838,pulse_batch,y,,,,,-2,,3096,-566,-564,0,4,,9261245383857,
2026-08-18 00:03:51.859,pulse_batch,y,,,,,-2,,3098,-568,-566,0,4,,9261265935630,
2026-08-18 00:03:51.879,pulse_batch,y,,,,,-2,,3100,-570,-568,0,4,,9261286203607,
2026-08-18 00:03:51.900,pulse_batch,y,,,,,-2,,3102,-572,-570,0,4,,9261306874749,
2026-08-18 00:03:51.922,pulse_batch,y,,,,,-2,,3104,-574,-572,0,4,,9261329225030,
2026-08-18 00:03:51.942,pulse_batch,y,,,,,-2,,3106,-576,-574,0,4,,9261349528248,
2026-08-18 00:03:51.963,pulse_batch,y,,,,,-2,,3108,-578,-576,0,4,,9261370040780,
2026-08-18 00:03:51.984,pulse_batch,y,,,,,-2,,3110,-580,-578,0,4,,9261390932143,
2026-08-18 00:03:52.004,pulse_batch,y,,,,,-2,,3112,-582,-580,0,4,,9261411274953,
2026-08-18 00:03:52.025,pulse_batch,y,,,,,-2,,3114,-584,-582,0,4,,9261431807355,
2026-08-18 00:03:52.045,pulse_batch,y,,,,,-2,,3116,-586,-584,0,4,,9261452195443,
2026-08-18 00:03:52.065,pulse_batch,y,,,,,-2,,3118,-588,-586,0,4,,9261472490680,
2026-08-18 00:03:52.086,pulse_batch,y,,,,,-2,,3120,-590,-588,0,4,,9261492765935,
2026-08-18 00:03:52.106,pulse_batch,y,,,,,-2,,3122,-592,-590,0,4,,9261513327911,
2026-08-18 00:03:52.127,pulse_batch,y,,,,,-2,,3124,-594,-592,0,4,,9261533741647,
2026-08-18 00:03:52.147,pulse_batch,y,,,,,-2,,3126,-596,-594,0,4,,9261554017940,
2026-08-18 00:03:52.168,pulse_batch,y,,,,,-2,,3128,-598,-596,0,4,,9261574775507,
2026-08-18 00:03:52.188,pulse_batch,y,,,,,-2,,3130,-600,-598,0,4,,9261595115577,
2026-08-18 00:03:52.208,pulse_batch,y,,,,,-2,,3132,-602,-600,0,4,,9261615432165,
2026-08-18 00:03:52.229,pulse_batch,y,,,,,-2,,3134,-604,-602,0,4,,9261635904660,
2026-08-18 00:03:52.249,pulse_batch,y,,,,,-2,,3136,-606,-604,0,4,,9261656285674,
2026-08-18 00:03:52.269,pulse_batch,y,,,,,-2,,3138,-608,-606,0,4,,9261676586041,
2026-08-18 00:03:52.290,pulse_batch,y,,,,,-2,,3140,-610,-608,0,4,,9261696905000,
2026-08-18 00:03:52.311,pulse_batch,y,,,,,-2,,3142,-612,-610,0,4,,9261718387674,
2026-08-18 00:03:52.332,pulse_batch,y,,,,,-2,,3144,-614,-612,0,4,,9261738683300,
2026-08-18 00:03:52.352,pulse_batch,y,,,,,-2,,3146,-616,-614,0,4,,9261758968222,
2026-08-18 00:03:52.372,pulse_batch,y,,,,,-2,,3148,-618,-616,0,4,,9261779408680,
2026-08-18 00:03:52.393,pulse_batch,y,,,,,-2,,3150,-620,-618,0,4,,9261799810768,
2026-08-18 00:03:52.413,pulse_batch,y,,,,,-2,,3152,-622,-620,0,4,,9261820116708,
2026-08-18 00:03:52.433,pulse_batch,y,,,,,-2,,3154,-624,-622,0,4,,9261840552444,
2026-08-18 00:03:52.454,pulse_batch,y,,,,,-2,,3156,-626,-624,0,4,,9261860912106,
2026-08-18 00:03:52.474,pulse_batch,y,,,,,-2,,3158,-628,-626,0,4,,9261881207658,
2026-08-18 00:03:52.495,pulse_batch,y,,,,,-2,,3160,-630,-628,0,4,,9261901826985,
2026-08-18 00:03:52.521,pulse_batch,y,,,,,-2,,3162,-632,-630,0,4,,9261928411075,
2026-08-18 00:03:52.542,pulse_batch,y,,,,,-2,,3164,-634,-632,0,4,,9261948712905,
2026-08-18 00:03:52.562,pulse_batch,y,,,,,-2,,3166,-636,-634,0,4,,9261969423028,
2026-08-18 00:03:52.583,pulse_batch,y,,,,,-2,,3168,-638,-636,0,4,,9261989850597,
2026-08-18 00:03:52.603,pulse_batch,y,,,,,-2,,3170,-640,-638,0,4,,9262010244926,
2026-08-18 00:03:52.623,pulse_batch,y,,,,,-2,,3172,-642,-640,0,4,,9262030605625,
2026-08-18 00:03:52.644,pulse_batch,y,,,,,-2,,3174,-644,-642,0,4,,9262051251897,
2026-08-18 00:03:52.664,pulse_batch,y,,,,,-2,,3176,-646,-644,0,4,,9262071608430,
2026-08-18 00:03:52.685,pulse_batch,y,,,,,-2,,3178,-648,-646,0,4,,9262091903444,
2026-08-18 00:03:52.705,pulse_batch,y,,,,,-2,,3180,-650,-648,0,4,,9262112449124,
2026-08-18 00:03:52.726,pulse_batch,y,,,,,-2,,3182,-652,-650,0,4,,9262132968897,
2026-08-18 00:03:52.746,pulse_batch,y,,,,,-2,,3184,-654,-652,0,4,,9262153264133,
2026-08-18 00:03:52.767,pulse_batch,y,,,,,-2,,3186,-656,-654,0,4,,9262173996460,
2026-08-18 00:03:52.787,pulse_batch,y,,,,,-2,,3188,-658,-656,0,4,,9262194391030,
2026-08-18 00:03:52.808,pulse_batch,y,,,,,-2,,3190,-660,-658,0,4,,9262214773044,
2026-08-18 00:03:52.829,pulse_batch,y,,,,,-2,,3192,-662,-660,0,4,,9262235670073,
2026-08-18 00:03:52.849,pulse_batch,y,,,,,-2,,3194,-664,-662,0,4,,9262256214679,
2026-08-18 00:03:52.869,pulse_batch,y,,,,,-2,,3196,-666,-664,0,4,,9262276542397,
2026-08-18 00:03:52.890,pulse_batch,y,,,,,-2,,3198,-668,-666,0,4,,9262296875319,
2026-08-18 00:03:52.911,pulse_batch,y,,,,,-2,,3200,-670,-668,0,4,,9262318014736,
2026-08-18 00:03:52.931,pulse_batch,y,,,,,-2,,3202,-672,-670,0,4,,9262338321102,
2026-08-18 00:03:52.952,pulse_batch,y,,,,,-2,,3204,-674,-672,0,4,,9262358740672,
2026-08-18 00:03:52.972,pulse_batch,y,,,,,-2,,3206,-676,-674,0,4,,9262379297703,
2026-08-18 00:03:52.993,pulse_batch,y,,,,,-2,,3208,-678,-676,0,4,,9262399747883,
2026-08-18 00:03:53.013,pulse_batch,y,,,,,-2,,3210,-680,-678,0,4,,9262420099490,
2026-08-18 00:03:53.034,pulse_batch,y,,,,,-2,,3212,-682,-680,0,4,,9262440897520,
2026-08-18 00:03:53.054,pulse_batch,y,,,,,-2,,3214,-684,-682,0,4,,9262461269868,
2026-08-18 00:03:53.074,pulse_batch,y,,,,,-2,,3216,-686,-684,0,4,,9262481569216,
2026-08-18 00:03:53.095,pulse_batch,y,,,,,-2,,3218,-688,-686,0,4,,9262502457746,
2026-08-18 00:03:53.116,pulse_batch,y,,,,,-2,,3220,-690,-688,0,4,,9262522967666,
2026-08-18 00:03:53.136,pulse_batch,y,,,,,-2,,3222,-692,-690,0,4,,9262543293625,
2026-08-18 00:03:53.156,pulse_batch,y,,,,,-2,,3224,-694,-692,0,4,,9262563617788,
2026-08-18 00:03:53.178,pulse_batch,y,,,,,-2,,3226,-696,-694,0,4,,9262584639835,
2026-08-18 00:03:53.198,pulse_batch,y,,,,,-2,,3228,-698,-696,0,4,,9262605016775,
2026-08-18 00:03:53.218,pulse_batch,y,,,,,-2,,3230,-700,-698,0,4,,9262625418919,
2026-08-18 00:03:53.239,pulse_batch,y,,,,,-2,,3232,-702,-700,0,4,,9262646355041,
2026-08-18 00:03:53.260,pulse_batch,y,,,,,-2,,3234,-704,-702,0,4,,9262666766351,
2026-08-18 00:03:53.280,pulse_batch,y,,,,,-2,,3236,-706,-704,0,4,,9262687033995,
2026-08-18 00:03:53.301,pulse_batch,y,,,,,-2,,3238,-708,-706,0,4,,9262707850803,
2026-08-18 00:03:53.327,pulse_batch,y,,,,,-2,,3240,-710,-708,0,4,,9262733995655,
2026-08-18 00:03:53.347,pulse_batch,y,,,,,-2,,3242,-712,-710,0,4,,9262754286170,
2026-08-18 00:03:53.368,pulse_batch,y,,,,,-2,,3244,-714,-712,0,4,,9262774750072,
2026-08-18 00:03:53.390,pulse_batch,y,,,,,-2,,3246,-716,-714,0,4,,9262797179556,
2026-08-18 00:03:53.410,pulse_batch,y,,,,,-2,,3248,-718,-716,0,4,,9262817471330,
2026-08-18 00:03:53.431,pulse_batch,y,,,,,-2,,3250,-720,-718,0,4,,9262837936529,
2026-08-18 00:03:53.451,pulse_batch,y,,,,,-2,,3252,-722,-720,0,4,,9262858340469,
2026-08-18 00:03:53.471,pulse_batch,y,,,,,-2,,3254,-724,-722,0,4,,9262878657761,
2026-08-18 00:03:53.492,pulse_batch,y,,,,,-2,,3256,-726,-724,0,4,,9262899041312,
2026-08-18 00:03:53.512,pulse_batch,y,,,,,-2,,3258,-728,-726,0,4,,9262919592807,
2026-08-18 00:03:53.533,pulse_batch,y,,,,,-2,,3260,-730,-728,0,4,,9262939943043,
2026-08-18 00:03:53.553,pulse_batch,y,,,,,-2,,3262,-732,-730,0,4,,9262960228373,
2026-08-18 00:03:53.574,pulse_batch,y,,,,,-2,,3264,-734,-732,0,4,,9262980718701,
2026-08-18 00:03:53.594,pulse_batch,y,,,,,-2,,3266,-736,-734,0,4,,9263001133048,
2026-08-18 00:03:53.614,pulse_batch,y,,,,,-2,,3268,-738,-736,0,4,,9263021404952,
2026-08-18 00:03:53.635,pulse_batch,y,,,,,-2,,3270,-740,-738,0,4,,9263042036520,
2026-08-18 00:03:53.655,pulse_batch,y,,,,,-2,,3272,-742,-740,0,4,,9263062393423,
2026-08-18 00:03:53.676,pulse_batch,y,,,,,-2,,3274,-744,-742,0,4,,9263082682326,
2026-08-18 00:03:53.697,pulse_batch,y,,,,,-2,,3276,-746,-744,0,4,,9263104039502,
2026-08-18 00:03:53.718,pulse_batch,y,,,,,-2,,3278,-748,-746,0,4,,9263125313270,
2026-08-18 00:03:53.738,pulse_batch,y,,,,,-2,,3280,-750,-748,0,4,,9263145629414,
2026-08-18 00:03:53.759,pulse_batch,y,,,,,-2,,3282,-752,-750,0,4,,9263166102483,
2026-08-18 00:03:53.780,pulse_batch,y,,,,,-2,,3284,-754,-752,0,4,,9263186789773,
2026-08-18 00:03:53.800,pulse_batch,y,,,,,-2,,3286,-756,-754,0,4,,9263207114677,
2026-08-18 00:03:53.820,pulse_batch,y,,,,,-2,,3288,-758,-756,0,4,,9263227447358,
2026-08-18 00:03:53.841,pulse_batch,y,,,,,-2,,3290,-760,-758,0,4,,9263248264573,
2026-08-18 00:03:53.862,pulse_batch,y,,,,,-2,,3292,-762,-760,0,4,,9263268648531,
2026-08-18 00:03:53.882,pulse_batch,y,,,,,-2,,3294,-764,-762,0,4,,9263288931028,
2026-08-18 00:03:53.898,pulse_batch,y,,,,,-1,,3295,-765,-763,0,4,,9263304709827,
2026-08-18 00:03:53.899,continuous_stop,y,,,,,,-1,3295,-765,-763,0,4,,9263306181967,
2026-08-18 00:03:54.299,continuous_start,y,,,,,,-1,3295,-765,-763,0,4,,9263706497791,
2026-08-18 00:03:54.305,pulse_batch,y,,,,,-1,,3296,-766,-764,0,4,,9263711850409,
2026-08-18 00:03:54.325,pulse_batch,y,,,,,-2,,3298,-768,-766,0,4,,9263732306885,
2026-08-18 00:03:54.346,pulse_batch,y,,,,,-2,,3300,-770,-768,0,4,,9263752709399,
2026-08-18 00:03:54.366,pulse_batch,y,,,,,-2,,3302,-772,-770,0,4,,9263773176320,
2026-08-18 00:03:54.387,pulse_batch,y,,,,,-2,,3304,-774,-772,0,4,,9263793744519,
2026-08-18 00:03:54.407,pulse_batch,y,,,,,-2,,3306,-776,-774,0,4,,9263814059552,
2026-08-18 00:03:54.427,pulse_batch,y,,,,,-2,,3308,-778,-776,0,4,,9263834523250,
2026-08-18 00:03:54.433,continuous_stop,y,,,,,,-1,3308,-778,-776,0,4,,9263840275366,
2026-08-18 00:03:54.771,continuous_start,y,,,,,,-1,3308,-778,-776,0,4,,9264177895064,
2026-08-18 00:03:54.776,pulse_batch,y,,,,,-1,,3309,-779,-777,0,4,,9264183282404,
2026-08-18 00:03:54.797,pulse_batch,y,,,,,-2,,3311,-781,-779,0,4,,9264203704177,
2026-08-18 00:03:54.817,pulse_batch,y,,,,,-2,,3313,-783,-781,0,4,,9264224037525,
2026-08-18 00:03:54.839,pulse_batch,y,,,,,-2,,3315,-785,-783,0,4,,9264245643032,
2026-08-18 00:03:54.859,pulse_batch,y,,,,,-2,,3317,-787,-785,0,4,,9264266169712,
2026-08-18 00:03:54.879,pulse_batch,y,,,,,-2,,3319,-789,-787,0,4,,9264286554948,
2026-08-18 00:03:54.901,pulse_batch,y,,,,,-2,,3321,-791,-789,0,4,,9264307917846,
2026-08-18 00:03:54.906,continuous_stop,y,,,,,,-1,3321,-791,-789,0,4,,9264313023317,
2026-08-18 00:03:55.500,continuous_start,y,,,,,,-1,3321,-791,-789,0,4,,9264907210674,
2026-08-18 00:03:55.505,pulse_batch,y,,,,,-1,,3322,-792,-790,0,4,,9264912497829,
2026-08-18 00:03:55.527,pulse_batch,y,,,,,-2,,3324,-794,-792,0,4,,9264933676135,
2026-08-18 00:03:55.547,pulse_batch,y,,,,,-2,,3326,-796,-794,0,4,,9264953978187,
2026-08-18 00:03:55.569,pulse_batch,y,,,,,-2,,3328,-798,-796,0,4,,9264976191561,
2026-08-18 00:03:55.576,continuous_stop,y,,,,,,-1,3328,-798,-796,0,4,,9264983129058,
2026-08-18 00:03:56.835,continuous_start,y,,,,,,-1,3328,-798,-796,0,4,,9266241903247,
2026-08-18 00:03:56.840,pulse_batch,y,,,,,-1,,3329,-799,-797,0,4,,9266247214365,
2026-08-18 00:03:56.861,pulse_batch,y,,,,,-2,,3331,-801,-799,0,4,,9266267637175,
2026-08-18 00:03:56.881,pulse_batch,y,,,,,-2,,3333,-803,-801,0,4,,9266287960338,
2026-08-18 00:03:56.901,pulse_batch,y,,,,,-2,,3335,-805,-803,0,4,,9266308464999,
2026-08-18 00:03:56.906,continuous_stop,y,,,,,,-1,3335,-805,-803,0,4,,9266313569970,
2026-08-18 00:03:58.037,continuous_start,x,,,,,,1,6532,1300,1229,77,77,,9267443949019,
2026-08-18 00:03:58.042,pulse_batch,x,,,,,1,,6533,1301,1230,77,77,,9267449315081,
2026-08-18 00:03:58.063,pulse_batch,x,,,,,2,,6535,1303,1232,77,77,,9267469691281,
2026-08-18 00:03:58.083,pulse_batch,x,,,,,2,,6537,1305,1234,77,77,,9267489996000,
2026-08-18 00:03:58.105,pulse_batch,x,,,,,2,,6539,1307,1236,77,77,,9267512077856,
2026-08-18 00:03:58.110,continuous_stop,x,,,,,,1,6539,1307,1236,77,77,,9267517204123,
2026-08-18 00:03:58.570,continuous_start,x,,,,,,1,6539,1307,1236,77,77,,9267977431725,
2026-08-18 00:03:58.576,pulse_batch,x,,,,,1,,6540,1308,1237,77,77,,9267982746472,
2026-08-18 00:03:58.596,pulse_batch,x,,,,,2,,6542,1310,1239,77,77,,9268003172079,
2026-08-18 00:03:58.616,pulse_batch,x,,,,,2,,6544,1312,1241,77,77,,9268023512501,
2026-08-18 00:03:58.638,pulse_batch,x,,,,,2,,6546,1314,1243,77,77,,9268045559006,
2026-08-18 00:03:58.644,continuous_stop,x,,,,,,1,6546,1314,1243,77,77,,9268050652922,
2026-08-18 00:03:59.304,continuous_start,x,,,,,,1,6546,1314,1243,77,77,,9268710943726,
2026-08-18 00:03:59.309,pulse_batch,x,,,,,1,,6547,1315,1244,77,77,,9268716305788,
2026-08-18 00:03:59.330,pulse_batch,x,,,,,2,,6549,1317,1246,77,77,,9268736715117,
2026-08-18 00:03:59.350,pulse_batch,x,,,,,2,,6551,1319,1248,77,77,,9268757240982,
2026-08-18 00:03:59.373,pulse_batch,x,,,,,2,,6553,1321,1250,77,77,,9268779888206,
2026-08-18 00:03:59.378,continuous_stop,x,,,,,,1,6553,1321,1250,77,77,,9268784978307,
2026-08-18 00:04:01.168,point_saved,x,3,stored,,,,1,,1321,1250,77,77,1250,,
2026-08-18 00:04:01.168,point_saved,y,3,stored,,,,-1,,-805,-803,0,4,-803,,
2026-08-18 00:04:03.038,target_start,x,0,stored,,,,,,1321,1250,77,77,0,,
2026-08-18 00:04:03.038,target_start,y,0,stored,,,,,,-805,-803,0,4,0,,
2026-08-18 00:04:03.039,approach_source_start,x,0,stored,,,,-1,,1321,1250,77,77,87,,
2026-08-18 00:04:03.039,approach_source_start,y,0,stored,,,,1,,-805,-803,0,4,-14,,
2026-08-18 00:04:03.041,move_start,y,,,9,793,,1,3335,-805,-803,0,4,,9272448462118,
2026-08-18 00:04:03.042,move_start,x,,,9,-1240,,-1,6553,1321,1250,77,77,,9272448767986,
2026-08-18 00:04:03.047,pulse_batch,y,,,,,1,,3336,-804,-803,1,4,,9272453751755,
2026-08-18 00:04:03.047,pulse_batch,x,,,,,-1,,6554,1320,1250,76,77,,9272453963328,
2026-08-18 00:04:03.067,pulse_batch,x,,,,,-2,,6556,1318,1250,74,77,,9272474561600,
2026-08-18 00:04:03.068,pulse_batch,y,,,,,2,,3338,-802,-803,3,4,,9272474778321,
2026-08-18 00:04:03.088,pulse_batch,x,,,,,-2,,6558,1316,1250,72,77,,9272494908985,
2026-08-18 00:04:03.088,pulse_batch,y,,,,,2,,3340,-800,-802,4,4,,9272495188354,
2026-08-18 00:04:03.108,pulse_batch,x,,,,,-2,,6560,1314,1250,70,77,,9272515367796,
2026-08-18 00:04:03.108,pulse_batch,y,,,,,2,,3342,-798,-800,4,4,,9272515596813,
2026-08-18 00:04:03.129,pulse_batch,x,,,,,-2,,6562,1312,1250,68,77,,9272535866143,
2026-08-18 00:04:03.129,pulse_batch,y,,,,,2,,3344,-796,-798,4,4,,9272536083216,
2026-08-18 00:04:03.149,pulse_batch,x,,,,,-2,,6564,1310,1250,66,77,,9272556171103,
2026-08-18 00:04:03.149,pulse_batch,y,,,,,2,,3346,-794,-796,4,4,,9272556348583,
2026-08-18 00:04:03.169,pulse_batch,x,,,,,-2,,6566,1308,1250,64,77,,9272576495285,
2026-08-18 00:04:03.170,pulse_batch,y,,,,,2,,3348,-792,-794,4,4,,9272576690246,
2026-08-18 00:04:03.190,pulse_batch,x,,,,,-2,,6568,1306,1250,62,77,,9272597008595,
2026-08-18 00:04:03.190,pulse_batch,y,,,,,2,,3350,-790,-792,4,4,,9272597557906,
2026-08-18 00:04:03.210,pulse_batch,x,,,,,-2,,6570,1304,1250,60,77,,9272617312480,
2026-08-18 00:04:03.211,pulse_batch,y,,,,,2,,3352,-788,-790,4,4,,9272617797052,
2026-08-18 00:04:03.231,pulse_batch,x,,,,,-2,,6572,1302,1250,58,77,,9272638080382,
2026-08-18 00:04:03.231,pulse_batch,y,,,,,2,,3354,-786,-788,4,4,,9272638245621,
2026-08-18 00:04:03.251,pulse_batch,x,,,,,-2,,6574,1300,1250,56,77,,9272658503915,
2026-08-18 00:04:03.252,pulse_batch,y,,,,,2,,3356,-784,-786,4,4,,9272658736061,
2026-08-18 00:04:03.272,pulse_batch,x,,,,,-2,,6576,1298,1250,54,77,,9272678803967,
2026-08-18 00:04:03.272,pulse_batch,y,,,,,2,,3358,-782,-784,4,4,,9272679079595,
2026-08-18 00:04:03.292,pulse_batch,x,,,,,-2,,6578,1296,1250,52,77,,9272699115000,
2026-08-18 00:04:03.292,pulse_batch,y,,,,,2,,3360,-780,-782,4,4,,9272699344980,
2026-08-18 00:04:03.313,pulse_batch,x,,,,,-2,,6580,1294,1250,50,77,,9272720149863,
2026-08-18 00:04:03.313,pulse_batch,y,,,,,2,,3362,-778,-780,4,4,,9272720431861,
2026-08-18 00:04:03.333,pulse_batch,x,,,,,-2,,6582,1292,1250,48,77,,9272740476230,
2026-08-18 00:04:03.334,pulse_batch,y,,,,,2,,3364,-776,-778,4,4,,9272740732414,
2026-08-18 00:04:03.354,pulse_batch,x,,,,,-2,,6584,1290,1250,46,77,,9272760801763,
2026-08-18 00:04:03.354,pulse_batch,y,,,,,2,,3366,-774,-776,4,4,,9272760990022,
2026-08-18 00:04:03.375,pulse_batch,x,,,,,-2,,6586,1288,1250,44,77,,9272781976366,
2026-08-18 00:04:03.375,pulse_batch,y,,,,,2,,3368,-772,-774,4,4,,9272781803441,
2026-08-18 00:04:03.395,pulse_batch,y,,,,,2,,3370,-770,-772,4,4,,9272802251918,
2026-08-18 00:04:03.395,pulse_batch,x,,,,,-2,,6588,1286,1250,42,77,,9272802377362,
2026-08-18 00:04:03.415,pulse_batch,y,,,,,2,,3372,-768,-770,4,4,,9272822528341,
2026-08-18 00:04:03.416,pulse_batch,x,,,,,-2,,6590,1284,1250,40,77,,9272822708914,
2026-08-18 00:04:03.436,pulse_batch,y,,,,,2,,3374,-766,-768,4,4,,9272842876986,
2026-08-18 00:04:03.436,pulse_batch,x,,,,,-2,,6592,1282,1250,38,77,,9272843274372,
2026-08-18 00:04:03.456,pulse_batch,y,,,,,2,,3376,-764,-766,4,4,,9272863271648,
2026-08-18 00:04:03.456,pulse_batch,x,,,,,-2,,6594,1280,1250,36,77,,9272863607832,
2026-08-18 00:04:03.476,pulse_batch,y,,,,,2,,3378,-762,-764,4,4,,9272883604367,
2026-08-18 00:04:03.477,pulse_batch,x,,,,,-2,,6596,1278,1250,34,77,,9272883949013,
2026-08-18 00:04:03.497,pulse_batch,y,,,,,2,,3380,-760,-762,4,4,,9272903911049,
2026-08-18 00:04:03.497,pulse_batch,x,,,,,-2,,6598,1276,1250,32,77,,9272904245751,
2026-08-18 00:04:03.517,pulse_batch,y,,,,,2,,3382,-758,-760,4,4,,9272924396841,
2026-08-18 00:04:03.518,pulse_batch,x,,,,,-2,,6600,1274,1250,30,77,,9272925130392,
2026-08-18 00:04:03.538,pulse_batch,y,,,,,2,,3384,-756,-758,4,4,,9272944729041,
2026-08-18 00:04:03.538,pulse_batch,x,,,,,-2,,6602,1272,1250,28,77,,9272945639258,
2026-08-18 00:04:03.558,pulse_batch,y,,,,,2,,3386,-754,-756,4,4,,9272965016519,
2026-08-18 00:04:03.559,pulse_batch,x,,,,,-2,,6604,1270,1250,26,77,,9272965911292,
2026-08-18 00:04:03.579,pulse_batch,y,,,,,2,,3388,-752,-754,4,4,,9272985672421,
2026-08-18 00:04:03.579,pulse_batch,x,,,,,-2,,6606,1268,1250,24,77,,9272986345658,
2026-08-18 00:04:03.599,pulse_batch,y,,,,,2,,3390,-750,-752,4,4,,9273006082435,
2026-08-18 00:04:03.600,pulse_batch,x,,,,,-2,,6608,1266,1250,22,77,,9273006674747,
2026-08-18 00:04:03.619,pulse_batch,y,,,,,2,,3392,-748,-750,4,4,,9273026369932,
2026-08-18 00:04:03.620,pulse_batch,x,,,,,-2,,6610,1264,1250,20,77,,9273026991114,
2026-08-18 00:04:03.640,pulse_batch,y,,,,,2,,3394,-746,-748,4,4,,9273046674151,
2026-08-18 00:04:03.641,pulse_batch,x,,,,,-2,,6612,1262,1250,18,77,,9273047828515,
2026-08-18 00:04:03.660,pulse_batch,y,,,,,2,,3396,-744,-746,4,4,,9273067074443,
2026-08-18 00:04:03.661,pulse_batch,x,,,,,-2,,6614,1260,1250,16,77,,9273068195918,
2026-08-18 00:04:03.680,pulse_batch,y,,,,,2,,3398,-742,-744,4,4,,9273087362847,
2026-08-18 00:04:03.681,pulse_batch,x,,,,,-2,,6616,1258,1250,14,77,,9273088510378,
2026-08-18 00:04:03.701,pulse_batch,y,,,,,2,,3400,-740,-742,4,4,,9273107678084,
2026-08-18 00:04:03.702,pulse_batch,x,,,,,-2,,6618,1256,1250,12,77,,9273108926670,
2026-08-18 00:04:03.721,pulse_batch,y,,,,,2,,3402,-738,-740,4,4,,9273128079506,
2026-08-18 00:04:03.722,pulse_batch,x,,,,,-2,,6620,1254,1250,10,77,,9273129271370,
2026-08-18 00:04:03.742,pulse_batch,y,,,,,2,,3404,-736,-738,4,4,,9273149480775,
2026-08-18 00:04:03.743,pulse_batch,x,,,,,-2,,6622,1252,1250,8,77,,9273149690588,
2026-08-18 00:04:03.763,pulse_batch,y,,,,,2,,3406,-734,-736,4,4,,9273169769456,
2026-08-18 00:04:03.763,pulse_batch,x,,,,,-2,,6624,1250,1250,6,77,,9273169965029,
2026-08-18 00:04:03.783,pulse_batch,y,,,,,2,,3408,-732,-734,4,4,,9273190248156,
2026-08-18 00:04:03.784,pulse_batch,x,,,,,-2,,6626,1248,1250,4,77,,9273190587506,
2026-08-18 00:04:03.804,pulse_batch,x,,,,,-2,,6628,1246,1250,2,77,,9273210940891,
2026-08-18 00:04:03.804,pulse_batch,y,,,,,2,,3410,-730,-732,4,4,,9273211079631,
2026-08-18 00:04:03.824,pulse_batch,x,,,,,-2,,6630,1244,1250,0,77,,9273231240239,
2026-08-18 00:04:03.824,pulse_batch,y,,,,,2,,3412,-728,-730,4,4,,9273231379479,
2026-08-18 00:04:03.845,pulse_batch,x,,,,,-2,,6632,1242,1248,0,77,,9273251637328,
2026-08-18 00:04:03.845,pulse_batch,y,,,,,2,,3414,-726,-728,4,4,,9273251824031,
2026-08-18 00:04:03.865,pulse_batch,x,,,,,-2,,6634,1240,1246,0,77,,9273272063528,
2026-08-18 00:04:03.865,pulse_batch,y,,,,,2,,3416,-724,-726,4,4,,9273272211749,
2026-08-18 00:04:03.885,pulse_batch,x,,,,,-2,,6636,1238,1244,0,77,,9273292497153,
2026-08-18 00:04:03.886,pulse_batch,y,,,,,2,,3418,-722,-724,4,4,,9273292745374,
2026-08-18 00:04:03.906,pulse_batch,x,,,,,-2,,6638,1236,1242,0,77,,9273312816057,
2026-08-18 00:04:03.906,pulse_batch,y,,,,,2,,3420,-720,-722,4,4,,9273313023371,
2026-08-18 00:04:03.927,pulse_batch,y,,,,,2,,3422,-718,-720,4,4,,9273333577644,
2026-08-18 00:04:03.927,pulse_batch,x,,,,,-2,,6640,1234,1240,0,77,,9273334038085,
2026-08-18 00:04:03.947,pulse_batch,y,,,,,2,,3424,-716,-718,4,4,,9273353882029,
2026-08-18 00:04:03.947,pulse_batch,x,,,,,-2,,6642,1232,1238,0,77,,9273354277360,
2026-08-18 00:04:03.967,pulse_batch,y,,,,,2,,3426,-714,-716,4,4,,9273374183100,
2026-08-18 00:04:03.967,pulse_batch,x,,,,,-2,,6644,1230,1236,0,77,,9273374542801,
2026-08-18 00:04:03.988,pulse_batch,y,,,,,2,,3428,-712,-714,4,4,,9273394708521,
2026-08-18 00:04:03.988,pulse_batch,x,,,,,-2,,6646,1228,1234,0,77,,9273394869520,
2026-08-18 00:04:04.008,pulse_batch,y,,,,,2,,3430,-710,-712,4,4,,9273415150628,
2026-08-18 00:04:04.008,pulse_batch,x,,,,,-2,,6648,1226,1232,0,77,,9273415307442,
2026-08-18 00:04:04.028,pulse_batch,y,,,,,2,,3432,-708,-710,4,4,,9273435422384,
2026-08-18 00:04:04.028,pulse_batch,x,,,,,-2,,6650,1224,1230,0,77,,9273435650975,
2026-08-18 00:04:04.050,pulse_batch,y,,,,,2,,3434,-706,-708,4,4,,9273456840615,
2026-08-18 00:04:04.050,pulse_batch,x,,,,,-2,,6652,1222,1228,0,77,,9273457092947,
2026-08-18 00:04:04.070,pulse_batch,y,,,,,2,,3436,-704,-706,4,4,,9273477159834,
2026-08-18 00:04:04.070,pulse_batch,x,,,,,-2,,6654,1220,1226,0,77,,9273477413777,
2026-08-18 00:04:04.090,pulse_batch,y,,,,,2,,3438,-702,-704,4,4,,9273497485256,
2026-08-18 00:04:04.091,pulse_batch,x,,,,,-2,,6656,1218,1224,0,77,,9273497703273,
2026-08-18 00:04:04.112,pulse_batch,x,,,,,-2,,6658,1216,1222,0,77,,9273519486651,
2026-08-18 00:04:04.113,pulse_batch,y,,,,,2,,3440,-700,-702,4,4,,9273519700224,
2026-08-18 00:04:04.133,pulse_batch,x,,,,,-2,,6660,1214,1220,0,77,,9273539902258,
2026-08-18 00:04:04.133,pulse_batch,y,,,,,2,,3442,-698,-700,4,4,,9273540113775,
2026-08-18 00:04:04.153,pulse_batch,x,,,,,-2,,6662,1212,1218,0,77,,9273560211699,
2026-08-18 00:04:04.153,pulse_batch,y,,,,,2,,3444,-696,-698,4,4,,9273560385550,
2026-08-18 00:04:04.174,pulse_batch,y,,,,,2,,3446,-694,-696,4,4,,9273580935193,
2026-08-18 00:04:04.175,pulse_batch,x,,,,,-2,,6664,1210,1216,0,77,,9273581906928,
2026-08-18 00:04:04.194,pulse_batch,y,,,,,2,,3448,-692,-694,4,4,,9273601408411,
2026-08-18 00:04:04.195,pulse_batch,x,,,,,-2,,6666,1208,1214,0,77,,9273602200944,
2026-08-18 00:04:04.215,pulse_batch,y,,,,,2,,3450,-690,-692,4,4,,9273621691167,
2026-08-18 00:04:04.215,pulse_batch,x,,,,,-2,,6668,1206,1212,0,77,,9273622462626,
2026-08-18 00:04:04.235,pulse_batch,y,,,,,2,,3452,-688,-690,4,4,,9273642028293,
2026-08-18 00:04:04.236,pulse_batch,x,,,,,-2,,6670,1204,1210,0,77,,9273642863900,
2026-08-18 00:04:04.256,pulse_batch,y,,,,,2,,3454,-686,-688,4,4,,9273663078526,
2026-08-18 00:04:04.256,pulse_batch,x,,,,,-2,,6672,1202,1208,0,77,,9273663294099,
2026-08-18 00:04:04.276,pulse_batch,y,,,,,2,,3456,-684,-686,4,4,,9273683437226,
2026-08-18 00:04:04.276,pulse_batch,x,,,,,-2,,6674,1200,1206,0,77,,9273683617003,
2026-08-18 00:04:04.297,pulse_batch,y,,,,,2,,3458,-682,-684,4,4,,9273703770741,
2026-08-18 00:04:04.297,pulse_batch,x,,,,,-2,,6676,1198,1204,0,77,,9273704047351,
2026-08-18 00:04:04.318,pulse_batch,y,,,,,2,,3460,-680,-682,4,4,,9273724786382,
2026-08-18 00:04:04.318,pulse_batch,x,,,,,-2,,6678,1196,1202,0,77,,9273725516174,
2026-08-18 00:04:04.338,pulse_batch,y,,,,,2,,3462,-678,-680,4,4,,9273745255304,
2026-08-18 00:04:04.340,pulse_batch,x,,,,,-2,,6680,1194,1200,0,77,,9273747269996,
2026-08-18 00:04:04.358,pulse_batch,y,,,,,2,,3464,-676,-678,4,4,,9273765531097,
2026-08-18 00:04:04.360,pulse_batch,x,,,,,-2,,6682,1192,1198,0,77,,9273767506345,
2026-08-18 00:04:04.379,pulse_batch,y,,,,,2,,3466,-674,-676,4,4,,9273786313220,
2026-08-18 00:04:04.385,pulse_batch,x,,,,,-2,,6684,1190,1196,0,77,,9273791679820,
2026-08-18 00:04:04.400,pulse_batch,y,,,,,2,,3468,-672,-674,4,4,,9273806742364,
2026-08-18 00:04:04.405,pulse_batch,x,,,,,-2,,6686,1188,1194,0,77,,9273812207760,
2026-08-18 00:04:04.420,pulse_batch,y,,,,,2,,3470,-670,-672,4,4,,9273827017176,
2026-08-18 00:04:04.425,pulse_batch,x,,,,,-2,,6688,1186,1192,0,77,,9273832491664,
2026-08-18 00:04:04.440,pulse_batch,y,,,,,2,,3472,-668,-670,4,4,,9273847354247,
2026-08-18 00:04:04.446,pulse_batch,x,,,,,-2,,6690,1184,1190,0,77,,9273853241195,
2026-08-18 00:04:04.461,pulse_batch,y,,,,,2,,3474,-666,-668,4,4,,9273868580757,
2026-08-18 00:04:04.466,pulse_batch,x,,,,,-2,,6692,1182,1188,0,77,,9273873649339,
2026-08-18 00:04:04.482,pulse_batch,y,,,,,2,,3476,-664,-666,4,4,,9273889054734,
2026-08-18 00:04:04.487,pulse_batch,x,,,,,-2,,6694,1180,1186,0,77,,9273893927465,
2026-08-18 00:04:04.503,pulse_batch,y,,,,,2,,3478,-662,-664,4,4,,9273909558637,
2026-08-18 00:04:04.507,pulse_batch,x,,,,,-2,,6696,1178,1184,0,77,,9273914260036,
2026-08-18 00:04:04.523,pulse_batch,y,,,,,2,,3480,-660,-662,4,4,,9273929923263,
2026-08-18 00:04:04.528,pulse_batch,x,,,,,-2,,6698,1176,1182,0,77,,9273934720680,
2026-08-18 00:04:04.543,pulse_batch,y,,,,,2,,3482,-658,-660,4,4,,9273950335759,
2026-08-18 00:04:04.548,pulse_batch,x,,,,,-2,,6700,1174,1180,0,77,,9273955007843,
2026-08-18 00:04:04.563,pulse_batch,y,,,,,2,,3484,-656,-658,4,4,,9273970638644,
2026-08-18 00:04:04.568,pulse_batch,x,,,,,-2,,6702,1172,1178,0,77,,9273975342340,
2026-08-18 00:04:04.584,pulse_batch,y,,,,,2,,3486,-654,-656,4,4,,9273991092844,
2026-08-18 00:04:04.589,pulse_batch,x,,,,,-2,,6704,1170,1176,0,77,,9273995689410,
2026-08-18 00:04:04.605,pulse_batch,y,,,,,2,,3488,-652,-654,4,4,,9274011900467,
2026-08-18 00:04:04.609,pulse_batch,x,,,,,-2,,6706,1168,1174,0,77,,9274016122295,
2026-08-18 00:04:04.625,pulse_batch,y,,,,,2,,3490,-650,-652,4,4,,9274032178205,
2026-08-18 00:04:04.629,pulse_batch,x,,,,,-2,,6708,1166,1172,0,77,,9274036418421,
2026-08-18 00:04:04.645,pulse_batch,y,,,,,2,,3492,-648,-650,4,4,,9274052525960,
2026-08-18 00:04:04.650,pulse_batch,x,,,,,-2,,6710,1164,1170,0,77,,9274057505377,
2026-08-18 00:04:04.666,pulse_batch,y,,,,,2,,3494,-646,-648,4,4,,9274073027770,
2026-08-18 00:04:04.671,pulse_batch,x,,,,,-2,,6712,1162,1168,0,77,,9274078103946,
2026-08-18 00:04:04.686,pulse_batch,y,,,,,2,,3496,-644,-646,4,4,,9274093438026,
2026-08-18 00:04:04.691,pulse_batch,x,,,,,-2,,6714,1160,1166,0,77,,9274098370239,
2026-08-18 00:04:04.707,pulse_batch,y,,,,,2,,3498,-642,-644,4,4,,9274113805652,
2026-08-18 00:04:04.712,pulse_batch,x,,,,,-2,,6716,1158,1164,0,77,,9274118868660,
2026-08-18 00:04:04.728,pulse_batch,y,,,,,2,,3500,-640,-642,4,4,,9274134979292,
2026-08-18 00:04:04.732,pulse_batch,x,,,,,-2,,6718,1156,1162,0,77,,9274139260545,
2026-08-18 00:04:04.748,pulse_batch,y,,,,,2,,3502,-638,-640,4,4,,9274155281029,
2026-08-18 00:04:04.752,pulse_batch,x,,,,,-2,,6720,1154,1160,0,77,,9274159550097,
2026-08-18 00:04:04.768,pulse_batch,y,,,,,2,,3504,-636,-638,4,4,,9274175605229,
2026-08-18 00:04:04.773,pulse_batch,x,,,,,-2,,6722,1152,1158,0,77,,9274179883872,
2026-08-18 00:04:04.789,pulse_batch,y,,,,,2,,3506,-634,-636,4,4,,9274196589296,
2026-08-18 00:04:04.794,pulse_batch,x,,,,,-2,,6724,1150,1156,0,77,,9274200795606,
2026-08-18 00:04:04.810,pulse_batch,y,,,,,2,,3508,-632,-634,4,4,,9274216982440,
2026-08-18 00:04:04.814,pulse_batch,x,,,,,-2,,6726,1148,1154,0,77,,9274221119769,
2026-08-18 00:04:04.830,pulse_batch,y,,,,,2,,3510,-630,-632,4,4,,9274237256233,
2026-08-18 00:04:04.834,pulse_batch,x,,,,,-2,,6728,1146,1152,0,77,,9274241439451,
2026-08-18 00:04:04.851,pulse_batch,y,,,,,2,,3512,-628,-630,4,4,,9274258320467,
2026-08-18 00:04:04.855,pulse_batch,x,,,,,-2,,6730,1144,1150,0,77,,9274262355925,
2026-08-18 00:04:04.871,pulse_batch,y,,,,,2,,3514,-626,-628,4,4,,9274278616093,
2026-08-18 00:04:04.876,pulse_batch,x,,,,,-2,,6732,1142,1148,0,77,,9274282711440,
2026-08-18 00:04:04.892,pulse_batch,y,,,,,2,,3516,-624,-626,4,4,,9274298905978,
2026-08-18 00:04:04.896,pulse_batch,x,,,,,-2,,6734,1140,1146,0,77,,9274303021437,
2026-08-18 00:04:04.912,pulse_batch,y,,,,,2,,3518,-622,-624,4,4,,9274319256975,
2026-08-18 00:04:04.917,pulse_batch,x,,,,,-2,,6736,1138,1144,0,77,,9274324110503,
2026-08-18 00:04:04.933,pulse_batch,y,,,,,2,,3520,-620,-622,4,4,,9274339647915,
2026-08-18 00:04:04.937,pulse_batch,x,,,,,-2,,6738,1136,1142,0,77,,9274344622480,
2026-08-18 00:04:04.953,pulse_batch,y,,,,,2,,3522,-618,-620,4,4,,9274359987060,
2026-08-18 00:04:04.958,pulse_batch,x,,,,,-2,,6740,1134,1140,0,77,,9274364905347,
2026-08-18 00:04:04.973,pulse_batch,y,,,,,2,,3524,-616,-618,4,4,,9274380285057,
2026-08-18 00:04:04.979,pulse_batch,x,,,,,-2,,6742,1132,1138,0,77,,9274386487374,
2026-08-18 00:04:04.995,pulse_batch,y,,,,,2,,3526,-614,-616,4,4,,9274401983620,
2026-08-18 00:04:05.000,pulse_batch,x,,,,,-2,,6744,1130,1136,0,77,,9274406841981,
2026-08-18 00:04:05.015,pulse_batch,y,,,,,2,,3528,-612,-614,4,4,,9274422295375,
2026-08-18 00:04:05.020,pulse_batch,x,,,,,-2,,6746,1128,1134,0,77,,9274427154774,
2026-08-18 00:04:05.036,pulse_batch,y,,,,,2,,3530,-610,-612,4,4,,9274443454312,
2026-08-18 00:04:05.040,pulse_batch,x,,,,,-2,,6748,1126,1132,0,77,,9274447488919,
2026-08-18 00:04:05.057,pulse_batch,y,,,,,2,,3532,-608,-610,4,4,,9274463738697,
2026-08-18 00:04:05.061,pulse_batch,x,,,,,-2,,6750,1124,1130,0,77,,9274467905118,
2026-08-18 00:04:05.077,pulse_batch,y,,,,,2,,3534,-606,-608,4,4,,9274484071953,
2026-08-18 00:04:05.081,pulse_batch,x,,,,,-2,,6752,1122,1128,0,77,,9274488178763,
2026-08-18 00:04:05.097,pulse_batch,y,,,,,2,,3536,-604,-606,4,4,,9274504341561,
2026-08-18 00:04:05.101,pulse_batch,x,,,,,-2,,6754,1120,1126,0,77,,9274508484482,
2026-08-18 00:04:05.118,pulse_batch,y,,,,,2,,3538,-602,-604,4,4,,9274524702872,
2026-08-18 00:04:05.122,pulse_batch,x,,,,,-2,,6756,1118,1124,0,77,,9274529182903,
2026-08-18 00:04:05.138,pulse_batch,y,,,,,2,,3540,-600,-602,4,4,,9274545008128,
2026-08-18 00:04:05.142,pulse_batch,x,,,,,-2,,6758,1116,1122,0,77,,9274549571621,
2026-08-18 00:04:05.158,pulse_batch,y,,,,,2,,3542,-598,-600,4,4,,9274565280014,
2026-08-18 00:04:05.163,pulse_batch,x,,,,,-2,,6760,1114,1120,0,77,,9274569831933,
2026-08-18 00:04:05.179,pulse_batch,y,,,,,2,,3544,-596,-598,4,4,,9274585781639,
2026-08-18 00:04:05.184,pulse_batch,x,,,,,-2,,6762,1112,1118,0,77,,9274590869703,
2026-08-18 00:04:05.199,pulse_batch,y,,,,,2,,3546,-594,-596,4,4,,9274606286172,
2026-08-18 00:04:05.204,pulse_batch,x,,,,,-2,,6764,1110,1116,0,77,,9274611185533,
2026-08-18 00:04:05.219,pulse_batch,y,,,,,2,,3548,-592,-594,4,4,,9274626599187,
2026-08-18 00:04:05.224,pulse_batch,x,,,,,-2,,6766,1108,1114,0,77,,9274631497845,
2026-08-18 00:04:05.240,pulse_batch,y,,,,,2,,3550,-590,-592,4,4,,9274646904721,
2026-08-18 00:04:05.245,pulse_batch,x,,,,,-2,,6768,1106,1112,0,77,,9274652561652,
2026-08-18 00:04:05.261,pulse_batch,y,,,,,2,,3552,-588,-590,4,4,,9274667932158,
2026-08-18 00:04:05.266,pulse_batch,x,,,,,-2,,6770,1104,1110,0,77,,9274673000833,
2026-08-18 00:04:05.281,pulse_batch,y,,,,,2,,3554,-586,-588,4,4,,9274688357987,
2026-08-18 00:04:05.286,pulse_batch,x,,,,,-2,,6772,1102,1108,0,77,,9274693270237,
2026-08-18 00:04:05.302,pulse_batch,y,,,,,2,,3556,-584,-586,4,4,,9274708644317,
2026-08-18 00:04:05.306,pulse_batch,x,,,,,-2,,6774,1100,1106,0,77,,9274713588586,
2026-08-18 00:04:05.323,pulse_batch,y,,,,,2,,3558,-582,-584,4,4,,9274730098956,
2026-08-18 00:04:05.328,pulse_batch,x,,,,,-2,,6776,1098,1104,0,77,,9274735167205,
2026-08-18 00:04:05.344,pulse_batch,y,,,,,2,,3560,-580,-582,4,4,,9274750702432,
2026-08-18 00:04:05.348,pulse_batch,x,,,,,-2,,6778,1096,1102,0,77,,9274755447035,
2026-08-18 00:04:05.364,pulse_batch,y,,,,,2,,3562,-578,-580,4,4,,9274770960114,
2026-08-18 00:04:05.369,pulse_batch,x,,,,,-2,,6780,1094,1100,0,77,,9274775763087,
2026-08-18 00:04:05.384,pulse_batch,y,,,,,2,,3564,-576,-578,4,4,,9274791318351,
2026-08-18 00:04:05.389,pulse_batch,x,,,,,-2,,6782,1092,1098,0,77,,9274796101324,
2026-08-18 00:04:05.404,pulse_batch,y,,,,,2,,3566,-574,-576,4,4,,9274811625107,
2026-08-18 00:04:05.409,pulse_batch,x,,,,,-2,,6784,1090,1096,0,77,,9274816511117,
2026-08-18 00:04:05.425,pulse_batch,y,,,,,2,,3568,-572,-574,4,4,,9274831900975,
2026-08-18 00:04:05.430,pulse_batch,x,,,,,-2,,6786,1088,1094,0,77,,9274836802799,
2026-08-18 00:04:05.446,pulse_batch,y,,,,,2,,3570,-570,-572,4,4,,9274853430020,
2026-08-18 00:04:05.452,pulse_batch,x,,,,,-2,,6788,1086,1092,0,77,,9274858653490,
2026-08-18 00:04:05.467,pulse_batch,y,,,,,2,,3572,-568,-570,4,4,,9274873877905,
2026-08-18 00:04:05.472,pulse_batch,x,,,,,-2,,6790,1084,1090,0,77,,9274879374170,
2026-08-18 00:04:05.487,pulse_batch,y,,,,,2,,3574,-566,-568,4,4,,9274894172753,
2026-08-18 00:04:05.492,pulse_batch,x,,,,,-2,,6792,1082,1088,0,77,,9274899651500,
2026-08-18 00:04:05.507,pulse_batch,y,,,,,2,,3576,-564,-566,4,4,,9274914493305,
2026-08-18 00:04:05.513,pulse_batch,x,,,,,-2,,6794,1080,1086,0,77,,9274920168125,
2026-08-18 00:04:05.529,pulse_batch,y,,,,,2,,3578,-562,-564,4,4,,9274935679853,
2026-08-18 00:04:05.534,pulse_batch,x,,,,,-2,,6796,1078,1084,0,77,,9274940743435,
2026-08-18 00:04:05.549,pulse_batch,y,,,,,2,,3580,-560,-562,4,4,,9274956208885,
2026-08-18 00:04:05.554,pulse_batch,x,,,,,-2,,6798,1076,1082,0,77,,9274961025469,
2026-08-18 00:04:05.569,pulse_batch,y,,,,,2,,3582,-558,-560,4,4,,9274976516623,
2026-08-18 00:04:05.574,pulse_batch,x,,,,,-2,,6800,1074,1080,0,77,,9274981366817,
2026-08-18 00:04:05.593,pulse_batch,y,,,,,2,,3584,-556,-558,4,4,,9275000214730,
2026-08-18 00:04:05.595,pulse_batch,x,,,,,-2,,6802,1072,1078,0,77,,9275001822498,
2026-08-18 00:04:05.613,pulse_batch,y,,,,,2,,3586,-554,-556,4,4,,9275020488560,
2026-08-18 00:04:05.615,pulse_batch,x,,,,,-2,,6804,1070,1076,0,77,,9275022179069,
2026-08-18 00:04:05.634,pulse_batch,y,,,,,2,,3588,-552,-554,4,4,,9275040810779,
2026-08-18 00:04:05.635,pulse_batch,x,,,,,-2,,6806,1068,1074,0,77,,9275042477566,
2026-08-18 00:04:05.654,pulse_batch,y,,,,,2,,3590,-550,-552,4,4,,9275061219682,
2026-08-18 00:04:05.656,pulse_batch,x,,,,,-2,,6808,1066,1072,0,77,,9275063054542,
2026-08-18 00:04:05.675,pulse_batch,y,,,,,2,,3592,-548,-550,4,4,,9275081658160,
2026-08-18 00:04:05.676,pulse_batch,x,,,,,-2,,6810,1064,1070,0,77,,9275083422928,
2026-08-18 00:04:05.695,pulse_batch,y,,,,,2,,3594,-546,-548,4,4,,9275101938508,
2026-08-18 00:04:05.697,pulse_batch,x,,,,,-2,,6812,1062,1068,0,77,,9275103714184,
2026-08-18 00:04:05.715,pulse_batch,y,,,,,2,,3596,-544,-546,4,4,,9275122371078,
2026-08-18 00:04:05.718,pulse_batch,x,,,,,-2,,6814,1060,1066,0,77,,9275124992953,
2026-08-18 00:04:05.736,pulse_batch,y,,,,,2,,3598,-542,-544,4,4,,9275142699408,
2026-08-18 00:04:05.738,pulse_batch,x,,,,,-2,,6816,1058,1064,0,77,,9275145384356,
2026-08-18 00:04:05.756,pulse_batch,y,,,,,2,,3600,-540,-542,4,4,,9275163011331,
2026-08-18 00:04:05.758,pulse_batch,x,,,,,-2,,6818,1056,1062,0,77,,9275165666427,
2026-08-18 00:04:05.776,pulse_batch,y,,,,,2,,3602,-538,-540,4,4,,9275183375790,
2026-08-18 00:04:05.780,pulse_batch,x,,,,,-2,,6820,1054,1060,0,77,,9275187433730,
2026-08-18 00:04:05.797,pulse_batch,y,,,,,2,,3604,-536,-538,4,4,,9275203727564,
2026-08-18 00:04:05.801,pulse_batch,x,,,,,-2,,6822,1052,1058,0,77,,9275207768171,
2026-08-18 00:04:05.817,pulse_batch,y,,,,,2,,3606,-534,-536,4,4,,9275224028413,
2026-08-18 00:04:05.821,pulse_batch,x,,,,,-2,,6824,1050,1056,0,77,,9275228060779,
2026-08-18 00:04:05.837,pulse_batch,y,,,,,2,,3608,-532,-534,4,4,,9275244361632,
2026-08-18 00:04:05.841,pulse_batch,x,,,,,-2,,6826,1048,1054,0,77,,9275248378961,
2026-08-18 00:04:05.858,pulse_batch,y,,,,,2,,3610,-530,-532,4,4,,9275264811516,
2026-08-18 00:04:05.862,pulse_batch,x,,,,,-2,,6828,1046,1052,0,77,,9275269014734,
2026-08-18 00:04:05.878,pulse_batch,y,,,,,2,,3612,-528,-530,4,4,,9275285184309,
2026-08-18 00:04:05.883,pulse_batch,x,,,,,-2,,6830,1044,1050,0,77,,9275290196873,
2026-08-18 00:04:05.898,pulse_batch,y,,,,,2,,3614,-526,-528,4,4,,9275305528231,
2026-08-18 00:04:05.904,pulse_batch,x,,,,,-2,,6832,1042,1048,0,77,,9275311001349,
2026-08-18 00:04:05.920,pulse_batch,y,,,,,2,,3616,-524,-526,4,4,,9275326626094,
2026-08-18 00:04:05.924,pulse_batch,x,,,,,-2,,6834,1040,1046,0,77,,9275331633362,
2026-08-18 00:04:05.940,pulse_batch,y,,,,,2,,3618,-522,-524,4,4,,9275347532810,
2026-08-18 00:04:05.945,pulse_batch,x,,,,,-2,,6836,1038,1044,0,77,,9275352112210,
2026-08-18 00:04:05.961,pulse_batch,y,,,,,2,,3620,-520,-522,4,4,,9275367845640,
2026-08-18 00:04:05.965,pulse_batch,x,,,,,-2,,6838,1036,1042,0,77,,9275372396929,
2026-08-18 00:04:05.981,pulse_batch,y,,,,,2,,3622,-518,-520,4,4,,9275388365246,
2026-08-18 00:04:05.986,pulse_batch,x,,,,,-2,,6840,1034,1040,0,77,,9275392956313,
2026-08-18 00:04:06.003,pulse_batch,y,,,,,2,,3624,-516,-518,4,4,,9275410283734,
2026-08-18 00:04:06.006,pulse_batch,x,,,,,-2,,6842,1032,1038,0,77,,9275413259032,
2026-08-18 00:04:06.023,pulse_batch,y,,,,,2,,3626,-514,-516,4,4,,9275430616915,
2026-08-18 00:04:06.026,pulse_batch,x,,,,,-2,,6844,1030,1036,0,77,,9275433587121,
2026-08-18 00:04:06.044,pulse_batch,y,,,,,2,,3628,-512,-514,4,4,,9275450975579,
2026-08-18 00:04:06.047,pulse_batch,x,,,,,-2,,6846,1028,1034,0,77,,9275453951506,
2026-08-18 00:04:06.064,pulse_batch,y,,,,,2,,3630,-510,-512,4,4,,9275471464556,
2026-08-18 00:04:06.067,pulse_batch,x,,,,,-2,,6848,1026,1032,0,77,,9275474288744,
2026-08-18 00:04:06.085,pulse_batch,y,,,,,2,,3632,-508,-510,4,4,,9275491759293,
2026-08-18 00:04:06.087,pulse_batch,x,,,,,-2,,6850,1024,1030,0,77,,9275494561444,
2026-08-18 00:04:06.105,pulse_batch,y,,,,,2,,3634,-506,-508,4,4,,9275512453251,
2026-08-18 00:04:06.108,pulse_batch,x,,,,,-2,,6852,1022,1028,0,77,,9275514855904,
2026-08-18 00:04:06.126,pulse_batch,y,,,,,2,,3636,-504,-506,4,4,,9275532885136,
2026-08-18 00:04:06.128,pulse_batch,x,,,,,-2,,6854,1020,1026,0,77,,9275535574806,
2026-08-18 00:04:06.146,pulse_batch,y,,,,,2,,3638,-502,-504,4,4,,9275553239706,
2026-08-18 00:04:06.149,pulse_batch,x,,,,,-2,,6856,1018,1024,0,77,,9275555838229,
2026-08-18 00:04:06.166,pulse_batch,y,,,,,2,,3640,-500,-502,4,4,,9275573546277,
2026-08-18 00:04:06.169,pulse_batch,x,,,,,-2,,6858,1016,1022,0,77,,9275576144114,
2026-08-18 00:04:06.187,pulse_batch,y,,,,,2,,3642,-498,-500,4,4,,9275593958292,
2026-08-18 00:04:06.192,pulse_batch,x,,,,,-2,,6860,1014,1020,0,77,,9275599076596,
2026-08-18 00:04:06.207,pulse_batch,y,,,,,2,,3644,-496,-498,4,4,,9275614478639,
2026-08-18 00:04:06.212,pulse_batch,x,,,,,-2,,6862,1012,1018,0,77,,9275619605740,
2026-08-18 00:04:06.228,pulse_batch,y,,,,,2,,3646,-494,-496,4,4,,9275634837247,
2026-08-18 00:04:06.233,pulse_batch,x,,,,,-2,,6864,1010,1016,0,77,,9275640008736,
2026-08-18 00:04:06.249,pulse_batch,y,,,,,2,,3648,-492,-494,4,4,,9275655791906,
2026-08-18 00:04:06.253,pulse_batch,x,,,,,-2,,6866,1008,1014,0,77,,9275660411436,
2026-08-18 00:04:06.269,pulse_batch,y,,,,,2,,3650,-490,-492,4,4,,9275676131199,
2026-08-18 00:04:06.274,pulse_batch,x,,,,,-2,,6868,1006,1012,0,77,,9275680787210,
2026-08-18 00:04:06.289,pulse_batch,y,,,,,2,,3652,-488,-490,4,4,,9275696421641,
2026-08-18 00:04:06.294,pulse_batch,x,,,,,-2,,6870,1004,1010,0,77,,9275701056559,
2026-08-18 00:04:06.310,pulse_batch,y,,,,,2,,3654,-486,-488,4,4,,9275716763619,
2026-08-18 00:04:06.315,pulse_batch,x,,,,,-2,,6872,1002,1008,0,77,,9275721637480,
2026-08-18 00:04:06.330,pulse_batch,y,,,,,2,,3656,-484,-486,4,4,,9275737366317,
2026-08-18 00:04:06.335,pulse_batch,x,,,,,-2,,6874,1000,1006,0,77,,9275742048939,
2026-08-18 00:04:06.350,pulse_batch,y,,,,,2,,3658,-482,-484,4,4,,9275757639648,
2026-08-18 00:04:06.355,pulse_batch,x,,,,,-2,,6876,998,1004,0,77,,9275762326566,
2026-08-18 00:04:06.371,pulse_batch,y,,,,,2,,3660,-480,-482,4,4,,9275777942052,
2026-08-18 00:04:06.376,pulse_batch,x,,,,,-2,,6878,996,1002,0,77,,9275782688914,
2026-08-18 00:04:06.392,pulse_batch,y,,,,,2,,3662,-478,-480,4,4,,9275799120118,
2026-08-18 00:04:06.397,pulse_batch,x,,,,,-2,,6880,994,1000,0,77,,9275804235515,
2026-08-18 00:04:06.413,pulse_batch,y,,,,,2,,3664,-476,-478,4,4,,9275819830742,
2026-08-18 00:04:06.417,pulse_batch,x,,,,,-2,,6882,992,998,0,77,,9275824592807,
2026-08-18 00:04:06.433,pulse_batch,y,,,,,2,,3666,-474,-476,4,4,,9275840159424,
2026-08-18 00:04:06.438,pulse_batch,x,,,,,-2,,6884,990,996,0,77,,9275844982100,
2026-08-18 00:04:06.454,pulse_batch,y,,,,,2,,3668,-472,-474,4,4,,9275861548803,
2026-08-18 00:04:06.460,pulse_batch,x,,,,,-2,,6886,988,994,0,77,,9275866991328,
2026-08-18 00:04:06.475,pulse_batch,y,,,,,2,,3670,-470,-472,4,4,,9275882566777,
2026-08-18 00:04:06.480,pulse_batch,x,,,,,-2,,6888,986,992,0,77,,9275887573045,
2026-08-18 00:04:06.496,pulse_batch,y,,,,,2,,3672,-468,-470,4,4,,9275903040088,
2026-08-18 00:04:06.501,pulse_batch,x,,,,,-2,,6890,984,990,0,77,,9275907917097,
2026-08-18 00:04:06.517,pulse_batch,y,,,,,2,,3674,-466,-468,4,4,,9275924033247,
2026-08-18 00:04:06.522,pulse_batch,x,,,,,-2,,6892,982,988,0,77,,9275929313051,
2026-08-18 00:04:06.537,pulse_batch,y,,,,,2,,3676,-464,-466,4,4,,9275944488077,
2026-08-18 00:04:06.543,pulse_batch,x,,,,,-2,,6894,980,986,0,77,,9275949872657,
2026-08-18 00:04:06.558,pulse_batch,y,,,,,2,,3678,-462,-464,4,4,,9275964852999,
2026-08-18 00:04:06.563,pulse_batch,x,,,,,-2,,6896,978,984,0,77,,9275970172710,
2026-08-18 00:04:06.579,pulse_batch,y,,,,,2,,3680,-460,-462,4,4,,9275985353772,
2026-08-18 00:04:06.584,pulse_batch,x,,,,,-2,,6898,976,982,0,77,,9275990867778,
2026-08-18 00:04:06.599,pulse_batch,y,,,,,2,,3682,-458,-460,4,4,,9276005782805,
2026-08-18 00:04:06.604,pulse_batch,x,,,,,-2,,6900,974,980,0,77,,9276011236478,
2026-08-18 00:04:06.619,pulse_batch,y,,,,,2,,3684,-456,-458,4,4,,9276026115302,
2026-08-18 00:04:06.624,pulse_batch,x,,,,,-2,,6902,972,978,0,77,,9276031539864,
2026-08-18 00:04:06.639,pulse_batch,y,,,,,2,,3686,-454,-456,4,4,,9276046533243,
2026-08-18 00:04:06.645,pulse_batch,x,,,,,-2,,6904,970,976,0,77,,9276052074360,
2026-08-18 00:04:06.660,pulse_batch,y,,,,,2,,3688,-452,-454,4,4,,9276067125034,
2026-08-18 00:04:06.665,pulse_batch,x,,,,,-2,,6906,968,974,0,77,,9276072487578,
2026-08-18 00:04:06.680,pulse_batch,y,,,,,2,,3690,-450,-452,4,4,,9276087506956,
2026-08-18 00:04:06.686,pulse_batch,x,,,,,-2,,6908,966,972,0,77,,9276092843945,
2026-08-18 00:04:06.701,pulse_batch,y,,,,,2,,3692,-448,-450,4,4,,9276108233154,
2026-08-18 00:04:06.706,pulse_batch,x,,,,,-2,,6910,964,970,0,77,,9276113279052,
2026-08-18 00:04:06.722,pulse_batch,y,,,,,2,,3694,-446,-448,4,4,,9276129138314,
2026-08-18 00:04:06.727,pulse_batch,x,,,,,-2,,6912,962,968,0,77,,9276134130527,
2026-08-18 00:04:06.742,pulse_batch,y,,,,,2,,3696,-444,-446,4,4,,9276149590773,
2026-08-18 00:04:06.748,pulse_batch,x,,,,,-2,,6914,960,966,0,77,,9276154571912,
2026-08-18 00:04:06.763,pulse_batch,y,,,,,2,,3698,-442,-444,4,4,,9276169920418,
2026-08-18 00:04:06.773,pulse_batch,x,,,,,-2,,6916,958,964,0,77,,9276180410340,
2026-08-18 00:04:06.789,pulse_batch,y,,,,,2,,3700,-440,-442,4,4,,9276195724773,
2026-08-18 00:04:06.794,pulse_batch,x,,,,,-2,,6918,956,962,0,77,,9276200959076,
2026-08-18 00:04:06.809,pulse_batch,y,,,,,2,,3702,-438,-440,4,4,,9276216095825,
2026-08-18 00:04:06.814,pulse_batch,x,,,,,-2,,6920,954,960,0,77,,9276221369424,
2026-08-18 00:04:06.829,pulse_batch,y,,,,,2,,3704,-436,-438,4,4,,9276236407562,
2026-08-18 00:04:06.835,pulse_batch,x,,,,,-2,,6922,952,958,0,77,,9276241770698,
2026-08-18 00:04:06.850,pulse_batch,y,,,,,2,,3706,-434,-436,4,4,,9276257465906,
2026-08-18 00:04:06.856,pulse_batch,x,,,,,-2,,6924,950,956,0,77,,9276262883931,
2026-08-18 00:04:06.871,pulse_batch,y,,,,,2,,3708,-432,-434,4,4,,9276277869662,
2026-08-18 00:04:06.876,pulse_batch,x,,,,,-2,,6926,948,954,0,77,,9276283214447,
2026-08-18 00:04:06.891,pulse_batch,y,,,,,2,,3710,-430,-432,4,4,,9276298203066,
2026-08-18 00:04:06.896,pulse_batch,x,,,,,-2,,6928,946,952,0,77,,9276303513480,
2026-08-18 00:04:06.912,pulse_batch,y,,,,,2,,3712,-428,-430,4,4,,9276319012504,
2026-08-18 00:04:06.917,pulse_batch,x,,,,,-2,,6930,944,950,0,77,,9276324083105,
2026-08-18 00:04:06.933,pulse_batch,y,,,,,2,,3714,-426,-428,4,4,,9276339542074,
2026-08-18 00:04:06.937,pulse_batch,x,,,,,-2,,6932,942,948,0,77,,9276344555657,
2026-08-18 00:04:06.953,pulse_batch,y,,,,,2,,3716,-424,-426,4,4,,9276360058717,
2026-08-18 00:04:06.958,pulse_batch,x,,,,,-2,,6934,940,946,0,77,,9276364893135,
2026-08-18 00:04:06.973,pulse_batch,y,,,,,2,,3718,-422,-424,4,4,,9276380520565,
2026-08-18 00:04:06.978,pulse_batch,x,,,,,-2,,6936,938,944,0,77,,9276385554666,
2026-08-18 00:04:06.996,pulse_batch,y,,,,,2,,3720,-420,-422,4,4,,9276402768236,
2026-08-18 00:04:06.999,pulse_batch,x,,,,,-2,,6938,936,942,0,77,,9276405971033,
2026-08-18 00:04:07.016,pulse_batch,y,,,,,2,,3722,-418,-420,4,4,,9276423073603,
2026-08-18 00:04:07.019,pulse_batch,x,,,,,-2,,6940,934,940,0,77,,9276426263530,
2026-08-18 00:04:07.037,pulse_batch,y,,,,,2,,3724,-416,-418,4,4,,9276443818635,
2026-08-18 00:04:07.039,pulse_batch,x,,,,,-2,,6942,932,938,0,77,,9276446620785,
2026-08-18 00:04:07.060,pulse_batch,y,,,,,2,,3726,-414,-416,4,4,,9276466948134,
2026-08-18 00:04:07.060,pulse_batch,x,,,,,-2,,6944,930,936,0,77,,9276467046874,
2026-08-18 00:04:07.080,pulse_batch,y,,,,,2,,3728,-412,-414,4,4,,9276487327649,
2026-08-18 00:04:07.080,pulse_batch,x,,,,,-2,,6946,928,934,0,77,,9276487417315,
2026-08-18 00:04:07.101,pulse_batch,y,,,,,2,,3730,-410,-412,4,4,,9276507625479,
2026-08-18 00:04:07.101,pulse_batch,x,,,,,-2,,6948,926,932,0,77,,9276507756460,
2026-08-18 00:04:07.121,pulse_batch,y,,,,,2,,3732,-408,-410,4,4,,9276528192382,
2026-08-18 00:04:07.121,pulse_batch,x,,,,,-2,,6950,924,930,0,77,,9276528290122,
2026-08-18 00:04:07.142,pulse_batch,x,,,,,-2,,6952,922,928,0,77,,9276548670896,
2026-08-18 00:04:07.142,pulse_batch,y,,,,,2,,3734,-406,-408,4,4,,9276548559526,
2026-08-18 00:04:07.162,pulse_batch,y,,,,,2,,3736,-404,-406,4,4,,9276568823690,
2026-08-18 00:04:07.162,pulse_batch,x,,,,,-2,,6954,920,926,0,77,,9276568951801,
2026-08-18 00:04:07.183,pulse_batch,x,,,,,-2,,6956,918,924,0,77,,9276589480870,
2026-08-18 00:04:07.183,pulse_batch,y,,,,,2,,3738,-402,-404,4,4,,9276589692091,
2026-08-18 00:04:07.203,pulse_batch,x,,,,,-2,,6958,916,922,0,77,,9276609855515,
2026-08-18 00:04:07.203,pulse_batch,y,,,,,2,,3740,-400,-402,4,4,,9276610062551,
2026-08-18 00:04:07.223,pulse_batch,x,,,,,-2,,6960,914,920,0,77,,9276630177826,
2026-08-18 00:04:07.223,pulse_batch,y,,,,,2,,3742,-398,-400,4,4,,9276630355307,
2026-08-18 00:04:07.244,pulse_batch,x,,,,,-2,,6962,912,918,0,77,,9276650868228,
2026-08-18 00:04:07.244,pulse_batch,y,,,,,2,,3744,-396,-398,4,4,,9276650810432,
2026-08-18 00:04:07.264,pulse_batch,x,,,,,-2,,6964,910,916,0,77,,9276671525593,
2026-08-18 00:04:07.264,pulse_batch,y,,,,,2,,3746,-394,-396,4,4,,9276671445372,
2026-08-18 00:04:07.285,pulse_batch,y,,,,,2,,3748,-392,-394,4,4,,9276691740887,
2026-08-18 00:04:07.285,pulse_batch,x,,,,,-2,,6966,908,914,0,77,,9276691918275,
2026-08-18 00:04:07.305,pulse_batch,y,,,,,2,,3750,-390,-392,4,4,,9276712495307,
2026-08-18 00:04:07.305,pulse_batch,x,,,,,-2,,6968,906,912,0,77,,9276712427993,
2026-08-18 00:04:07.326,pulse_batch,x,,,,,-2,,6970,904,910,0,77,,9276732827582,
2026-08-18 00:04:07.326,pulse_batch,y,,,,,2,,3752,-388,-390,4,4,,9276732911674,
2026-08-18 00:04:07.346,pulse_batch,x,,,,,-2,,6972,902,908,0,77,,9276753405392,
2026-08-18 00:04:07.346,pulse_batch,y,,,,,2,,3754,-386,-388,4,4,,9276753615872,
2026-08-18 00:04:07.367,pulse_batch,x,,,,,-2,,6974,900,906,0,77,,9276773690852,
2026-08-18 00:04:07.367,pulse_batch,y,,,,,2,,3756,-384,-386,4,4,,9276773876517,
2026-08-18 00:04:07.387,pulse_batch,x,,,,,-2,,6976,898,904,0,77,,9276794396865,
2026-08-18 00:04:07.387,pulse_batch,y,,,,,2,,3758,-382,-384,4,4,,9276794477383,
2026-08-18 00:04:07.408,pulse_batch,x,,,,,-2,,6978,896,902,0,77,,9276814757713,
2026-08-18 00:04:07.408,pulse_batch,y,,,,,2,,3760,-380,-382,4,4,,9276814852361,
2026-08-18 00:04:07.428,pulse_batch,x,,,,,-2,,6980,894,900,0,77,,9276835037969,
2026-08-18 00:04:07.428,pulse_batch,y,,,,,2,,3762,-378,-380,4,4,,9276835182394,
2026-08-18 00:04:07.449,pulse_batch,x,,,,,-2,,6982,892,898,0,77,,9276856037666,
2026-08-18 00:04:07.449,pulse_batch,y,,,,,2,,3764,-376,-378,4,4,,9276856132036,
2026-08-18 00:04:07.469,pulse_batch,x,,,,,-2,,6984,890,896,0,77,,9276876435625,
2026-08-18 00:04:07.469,pulse_batch,y,,,,,2,,3766,-374,-376,4,4,,9276876523495,
2026-08-18 00:04:07.490,pulse_batch,x,,,,,-2,,6986,888,894,0,77,,9276896727418,
2026-08-18 00:04:07.490,pulse_batch,y,,,,,2,,3768,-372,-374,4,4,,9276896838973,
2026-08-18 00:04:07.510,pulse_batch,y,,,,,2,,3770,-370,-372,4,4,,9276917546986,
2026-08-18 00:04:07.511,pulse_batch,x,,,,,-2,,6988,886,892,0,77,,9276917604393,
2026-08-18 00:04:07.531,pulse_batch,y,,,,,2,,3772,-368,-370,4,4,,9276938045352,
2026-08-18 00:04:07.531,pulse_batch,x,,,,,-2,,6990,884,890,0,77,,9276938182000,
2026-08-18 00:04:07.551,pulse_batch,y,,,,,2,,3774,-366,-368,4,4,,9276958395164,
2026-08-18 00:04:07.551,pulse_batch,x,,,,,-2,,6992,882,888,0,77,,9276958574848,
2026-08-18 00:04:07.572,pulse_batch,y,,,,,2,,3776,-364,-366,4,4,,9276979195658,
2026-08-18 00:04:07.572,pulse_batch,x,,,,,-2,,6994,880,886,0,77,,9276979136102,
2026-08-18 00:04:07.592,pulse_batch,x,,,,,-2,,6996,878,884,0,77,,9276999612302,
2026-08-18 00:04:07.593,pulse_batch,y,,,,,2,,3778,-362,-364,4,4,,9276999797560,
2026-08-18 00:04:07.613,pulse_batch,x,,,,,-2,,6998,876,882,0,77,,9277020057724,
2026-08-18 00:04:07.613,pulse_batch,y,,,,,2,,3780,-360,-362,4,4,,9277020135020,
2026-08-18 00:04:07.633,pulse_batch,x,,,,,-2,,7000,874,880,0,77,,9277040350776,
2026-08-18 00:04:07.633,pulse_batch,y,,,,,2,,3782,-358,-360,4,4,,9277040503942,
2026-08-18 00:04:07.654,pulse_batch,x,,,,,-2,,7002,872,878,0,77,,9277061424398,
2026-08-18 00:04:07.654,pulse_batch,y,,,,,2,,3784,-356,-358,4,4,,9277061327436,
2026-08-18 00:04:07.675,pulse_batch,y,,,,,2,,3786,-354,-356,4,4,,9277081659488,
2026-08-18 00:04:07.675,pulse_batch,x,,,,,-2,,7004,870,876,0,77,,9277081901839,
2026-08-18 00:04:07.695,pulse_batch,y,,,,,2,,3788,-352,-354,4,4,,9277101948485,
2026-08-18 00:04:07.695,pulse_batch,x,,,,,-2,,7006,868,874,0,77,,9277102154947,
2026-08-18 00:04:07.715,pulse_batch,y,,,,,2,,3790,-350,-352,4,4,,9277122309667,
2026-08-18 00:04:07.716,pulse_batch,x,,,,,-2,,7008,866,872,0,77,,9277122585610,
2026-08-18 00:04:07.736,pulse_batch,y,,,,,2,,3792,-348,-350,4,4,,9277142695478,
2026-08-18 00:04:07.736,pulse_batch,x,,,,,-2,,7010,864,870,0,77,,9277143096142,
2026-08-18 00:04:07.756,pulse_batch,y,,,,,2,,3794,-346,-348,4,4,,9277163064215,
2026-08-18 00:04:07.756,pulse_batch,x,,,,,-2,,7012,862,868,0,77,,9277163400009,
2026-08-18 00:04:07.776,pulse_batch,y,,,,,2,,3796,-344,-346,4,4,,9277183363823,
2026-08-18 00:04:07.777,pulse_batch,x,,,,,-2,,7014,860,866,0,77,,9277183711266,
2026-08-18 00:04:07.797,pulse_batch,y,,,,,2,,3798,-342,-344,4,4,,9277203806838,
2026-08-18 00:04:07.797,pulse_batch,x,,,,,-2,,7016,858,864,0,77,,9277204232613,
2026-08-18 00:04:07.817,pulse_batch,y,,,,,2,,3800,-340,-342,4,4,,9277224110408,
2026-08-18 00:04:07.817,pulse_batch,x,,,,,-2,,7018,856,862,0,77,,9277224482610,
2026-08-18 00:04:07.837,pulse_batch,y,,,,,2,,3802,-338,-340,4,4,,9277244415146,
2026-08-18 00:04:07.838,pulse_batch,x,,,,,-2,,7020,854,860,0,77,,9277244807496,
2026-08-18 00:04:07.858,pulse_batch,y,,,,,2,,3804,-336,-338,4,4,,9277265436583,
2026-08-18 00:04:07.858,pulse_batch,x,,,,,-2,,7022,852,858,0,77,,9277265667378,
2026-08-18 00:04:07.879,pulse_batch,y,,,,,2,,3806,-334,-336,4,4,,9277285810820,
2026-08-18 00:04:07.879,pulse_batch,x,,,,,-2,,7024,850,856,0,77,,9277286007523,
2026-08-18 00:04:07.899,pulse_batch,y,,,,,2,,3808,-332,-334,4,4,,9277306105669,
2026-08-18 00:04:07.899,pulse_batch,x,,,,,-2,,7026,848,854,0,77,,9277306306446,
2026-08-18 00:04:07.920,pulse_batch,y,,,,,2,,3810,-330,-332,4,4,,9277327033588,
2026-08-18 00:04:07.920,pulse_batch,x,,,,,-2,,7028,846,852,0,77,,9277327250457,
2026-08-18 00:04:07.940,pulse_batch,y,,,,,2,,3812,-328,-330,4,4,,9277347392103,
2026-08-18 00:04:07.940,pulse_batch,x,,,,,-2,,7030,844,850,0,77,,9277347576880,
2026-08-18 00:04:07.961,pulse_batch,y,,,,,2,,3814,-326,-328,4,4,,9277367725489,
2026-08-18 00:04:07.961,pulse_batch,x,,,,,-2,,7032,842,848,0,77,,9277367933636,
2026-08-18 00:04:07.981,pulse_batch,y,,,,,2,,3816,-324,-326,4,4,,9277388431391,
2026-08-18 00:04:07.982,pulse_batch,x,,,,,-2,,7034,840,846,0,77,,9277388513964,
2026-08-18 00:04:08.002,pulse_batch,x,,,,,-2,,7036,838,844,0,77,,9277408897479,
2026-08-18 00:04:08.002,pulse_batch,y,,,,,2,,3818,-322,-324,4,4,,9277408811202,
2026-08-18 00:04:08.022,pulse_batch,x,,,,,-2,,7038,836,842,0,77,,9277429224976,
2026-08-18 00:04:08.022,pulse_batch,y,,,,,2,,3820,-320,-322,4,4,,9277429117106,
2026-08-18 00:04:08.042,pulse_batch,y,,,,,2,,3822,-318,-320,4,4,,9277449417918,
2026-08-18 00:04:08.042,pulse_batch,x,,,,,-2,,7040,834,840,0,77,,9277449567880,
2026-08-18 00:04:08.063,pulse_batch,y,,,,,2,,3824,-316,-318,4,4,,9277470436540,
2026-08-18 00:04:08.063,pulse_batch,x,,,,,-2,,7042,832,838,0,77,,9277470677965,
2026-08-18 00:04:08.084,pulse_batch,y,,,,,2,,3826,-314,-316,4,4,,9277490753204,
2026-08-18 00:04:08.084,pulse_batch,x,,,,,-2,,7044,830,836,0,77,,9277490940406,
2026-08-18 00:04:08.104,pulse_batch,y,,,,,2,,3828,-312,-314,4,4,,9277511032164,
2026-08-18 00:04:08.104,pulse_batch,x,,,,,-2,,7046,828,834,0,77,,9277511268607,
2026-08-18 00:04:08.125,pulse_batch,x,,,,,-2,,7048,826,832,0,77,,9277532130286,
2026-08-18 00:04:08.125,pulse_batch,y,,,,,2,,3830,-310,-312,4,4,,9277532278878,
2026-08-18 00:04:08.145,pulse_batch,x,,,,,-2,,7050,824,830,0,77,,9277552533597,
2026-08-18 00:04:08.145,pulse_batch,y,,,,,2,,3832,-308,-310,4,4,,9277552673152,
2026-08-18 00:04:08.166,pulse_batch,x,,,,,-2,,7052,822,828,0,77,,9277572852279,
2026-08-18 00:04:08.166,pulse_batch,y,,,,,2,,3834,-306,-308,4,4,,9277573067685,
2026-08-18 00:04:08.186,pulse_batch,y,,,,,2,,3836,-304,-306,4,4,,9277593573273,
2026-08-18 00:04:08.187,pulse_batch,x,,,,,-2,,7054,820,826,0,77,,9277593750087,
2026-08-18 00:04:08.207,pulse_batch,y,,,,,2,,3838,-302,-304,4,4,,9277613903715,
2026-08-18 00:04:08.207,pulse_batch,x,,,,,-2,,7056,818,824,0,77,,9277614127436,
2026-08-18 00:04:08.227,pulse_batch,y,,,,,2,,3840,-300,-302,4,4,,9277634184675,
2026-08-18 00:04:08.227,pulse_batch,x,,,,,-2,,7058,816,822,0,77,,9277634376822,
2026-08-18 00:04:08.248,pulse_batch,y,,,,,2,,3842,-298,-300,4,4,,9277655172834,
2026-08-18 00:04:08.248,pulse_batch,x,,,,,-2,,7060,814,820,0,77,,9277655260834,
2026-08-18 00:04:08.269,pulse_batch,x,,,,,-2,,7062,812,818,0,77,,9277675715774,
2026-08-18 00:04:08.269,pulse_batch,y,,,,,2,,3844,-296,-298,4,4,,9277675646293,
2026-08-18 00:04:08.289,pulse_batch,y,,,,,2,,3846,-294,-296,4,4,,9277695982475,
2026-08-18 00:04:08.289,pulse_batch,x,,,,,-2,,7064,810,816,0,77,,9277696142326,
2026-08-18 00:04:08.309,pulse_batch,y,,,,,2,,3848,-292,-294,4,4,,9277716296564,
2026-08-18 00:04:08.309,pulse_batch,x,,,,,-2,,7066,808,814,0,77,,9277716452730,
2026-08-18 00:04:08.330,pulse_batch,x,,,,,-2,,7068,806,812,0,77,,9277737272539,
2026-08-18 00:04:08.330,pulse_batch,y,,,,,2,,3850,-290,-292,4,4,,9277737646333,
2026-08-18 00:04:08.350,pulse_batch,x,,,,,-2,,7070,804,810,0,77,,9277757578610,
2026-08-18 00:04:08.351,pulse_batch,y,,,,,2,,3852,-288,-290,4,4,,9277757900830,
2026-08-18 00:04:08.371,pulse_batch,x,,,,,-2,,7072,802,808,0,77,,9277778109254,
2026-08-18 00:04:08.371,pulse_batch,y,,,,,2,,3854,-286,-288,4,4,,9277778278567,
2026-08-18 00:04:08.392,pulse_batch,y,,,,,2,,3856,-284,-286,4,4,,9277798803767,
2026-08-18 00:04:08.392,pulse_batch,x,,,,,-2,,7074,800,806,0,77,,9277798946821,
2026-08-18 00:04:08.412,pulse_batch,y,,,,,2,,3858,-282,-284,4,4,,9277819224707,
2026-08-18 00:04:08.412,pulse_batch,x,,,,,-2,,7076,798,804,0,77,,9277819317466,
2026-08-18 00:04:08.432,pulse_batch,y,,,,,2,,3860,-280,-282,4,4,,9277839501464,
2026-08-18 00:04:08.432,pulse_batch,x,,,,,-2,,7078,796,802,0,77,,9277839638778,
2026-08-18 00:04:08.454,pulse_batch,y,,,,,2,,3862,-278,-280,4,4,,9277860629030,
2026-08-18 00:04:08.454,pulse_batch,x,,,,,-2,,7080,794,800,0,77,,9277860721029,
2026-08-18 00:04:08.474,pulse_batch,y,,,,,2,,3864,-276,-278,4,4,,9277881220118,
2026-08-18 00:04:08.474,pulse_batch,x,,,,,-2,,7082,792,798,0,77,,9277881417228,
2026-08-18 00:04:08.494,pulse_batch,y,,,,,2,,3866,-274,-276,4,4,,9277901526763,
2026-08-18 00:04:08.495,pulse_batch,x,,,,,-2,,7084,790,796,0,77,,9277901690447,
2026-08-18 00:04:08.515,pulse_batch,y,,,,,2,,3868,-272,-274,4,4,,9277922289053,
2026-08-18 00:04:08.515,pulse_batch,x,,,,,-2,,7086,788,794,0,77,,9277922187572,
2026-08-18 00:04:08.535,pulse_batch,y,,,,,2,,3870,-270,-272,4,4,,9277942630420,
2026-08-18 00:04:08.536,pulse_batch,x,,,,,-2,,7088,786,792,0,77,,9277942807679,
2026-08-18 00:04:08.556,pulse_batch,y,,,,,2,,3872,-268,-270,4,4,,9277962944473,
2026-08-18 00:04:08.556,pulse_batch,x,,,,,-2,,7090,784,790,0,77,,9277963104564,
2026-08-18 00:04:08.576,pulse_batch,y,,,,,2,,3874,-266,-268,4,4,,9277983295266,
2026-08-18 00:04:08.576,pulse_batch,x,,,,,-2,,7092,782,788,0,77,,9277983470431,
2026-08-18 00:04:08.597,pulse_batch,y,,,,,2,,3876,-264,-266,4,4,,9278004375629,
2026-08-18 00:04:08.598,pulse_batch,x,,,,,-2,,7094,780,786,0,77,,9278004688219,
2026-08-18 00:04:08.618,pulse_batch,y,,,,,2,,3878,-262,-264,4,4,,9278024671014,
2026-08-18 00:04:08.618,pulse_batch,x,,,,,-2,,7096,778,784,0,77,,9278024959809,
2026-08-18 00:04:08.638,pulse_batch,y,,,,,2,,3880,-260,-262,4,4,,9278044987733,
2026-08-18 00:04:08.638,pulse_batch,x,,,,,-2,,7098,776,782,0,77,,9278045237510,
2026-08-18 00:04:08.659,pulse_batch,y,,,,,2,,3882,-258,-260,4,4,,9278065909856,
2026-08-18 00:04:08.659,pulse_batch,x,,,,,-2,,7100,774,780,0,77,,9278066101726,
2026-08-18 00:04:08.679,pulse_batch,y,,,,,2,,3884,-256,-258,4,4,,9278086424167,
2026-08-18 00:04:08.680,pulse_batch,x,,,,,-2,,7102,772,778,0,77,,9278086657221,
2026-08-18 00:04:08.700,pulse_batch,y,,,,,2,,3886,-254,-256,4,4,,9278106696942,
2026-08-18 00:04:08.700,pulse_batch,x,,,,,-2,,7104,770,776,0,77,,9278106949885,
2026-08-18 00:04:08.720,pulse_batch,y,,,,,2,,3888,-252,-254,4,4,,9278127385325,
2026-08-18 00:04:08.720,pulse_batch,x,,,,,-2,,7106,768,774,0,77,,9278127476825,
2026-08-18 00:04:08.741,pulse_batch,y,,,,,2,,3890,-250,-252,4,4,,9278147736377,
2026-08-18 00:04:08.742,pulse_batch,x,,,,,-2,,7108,766,772,0,77,,9278149182203,
2026-08-18 00:04:08.761,pulse_batch,y,,,,,2,,3892,-248,-250,4,4,,9278168035504,
2026-08-18 00:04:08.762,pulse_batch,x,,,,,-2,,7110,764,770,0,77,,9278169476218,
2026-08-18 00:04:08.782,pulse_batch,y,,,,,2,,3894,-246,-248,4,4,,9278189051293,
2026-08-18 00:04:08.783,pulse_batch,x,,,,,-2,,7112,762,768,0,77,,9278189798659,
2026-08-18 00:04:08.802,pulse_batch,y,,,,,2,,3896,-244,-246,4,4,,9278209473808,
2026-08-18 00:04:08.803,pulse_batch,x,,,,,-2,,7114,760,766,0,77,,9278210174415,
2026-08-18 00:04:08.823,pulse_batch,y,,,,,2,,3898,-242,-244,4,4,,9278229778842,
2026-08-18 00:04:08.823,pulse_batch,x,,,,,-2,,7116,758,764,0,77,,9278230445671,
2026-08-18 00:04:08.843,pulse_batch,y,,,,,2,,3900,-240,-242,4,4,,9278250059394,
2026-08-18 00:04:08.844,pulse_batch,x,,,,,-2,,7118,756,762,0,77,,9278250763094,
2026-08-18 00:04:08.864,pulse_batch,y,,,,,2,,3902,-238,-240,4,4,,9278271473311,
2026-08-18 00:04:08.865,pulse_batch,x,,,,,-2,,7120,754,760,0,77,,9278272067270,
2026-08-18 00:04:08.885,pulse_batch,y,,,,,2,,3904,-236,-238,4,4,,9278291787808,
2026-08-18 00:04:08.885,pulse_batch,x,,,,,-2,,7122,752,758,0,77,,9278292394656,
2026-08-18 00:04:08.905,pulse_batch,y,,,,,2,,3906,-234,-236,4,4,,9278312168489,
2026-08-18 00:04:08.906,pulse_batch,x,,,,,-2,,7124,750,756,0,77,,9278312694005,
2026-08-18 00:04:08.926,pulse_batch,y,,,,,2,,3908,-232,-234,4,4,,9278332680596,
2026-08-18 00:04:08.926,pulse_batch,x,,,,,-2,,7126,748,754,0,77,,9278333032816,
2026-08-18 00:04:08.946,pulse_batch,y,,,,,2,,3910,-230,-232,4,4,,9278353092555,
2026-08-18 00:04:08.948,pulse_batch,x,,,,,-2,,7128,746,752,0,77,,9278355317432,
2026-08-18 00:04:08.966,pulse_batch,y,,,,,2,,3912,-228,-230,4,4,,9278373428052,
2026-08-18 00:04:08.968,pulse_batch,x,,,,,-2,,7130,744,750,0,77,,9278375601021,
2026-08-18 00:04:08.987,pulse_batch,y,,,,,2,,3914,-226,-228,4,4,,9278394632896,
2026-08-18 00:04:08.989,pulse_batch,x,,,,,-2,,7132,742,748,0,77,,9278396445737,
2026-08-18 00:04:09.008,pulse_batch,y,,,,,2,,3916,-224,-226,4,4,,9278415384779,
2026-08-18 00:04:09.010,pulse_batch,x,,,,,-2,,7134,740,746,0,77,,9278416827585,
2026-08-18 00:04:09.029,pulse_batch,y,,,,,2,,3918,-222,-224,4,4,,9278435712331,
2026-08-18 00:04:09.030,pulse_batch,x,,,,,-2,,7136,738,744,0,77,,9278437116731,
2026-08-18 00:04:09.049,pulse_batch,y,,,,,2,,3920,-220,-222,4,4,,9278456183846,
2026-08-18 00:04:09.051,pulse_batch,x,,,,,-2,,7138,736,742,0,77,,9278458158816,
2026-08-18 00:04:09.070,pulse_batch,y,,,,,2,,3922,-218,-220,4,4,,9278477152209,
2026-08-18 00:04:09.071,pulse_batch,x,,,,,-2,,7140,734,740,0,77,,9278478510590,
2026-08-18 00:04:09.090,pulse_batch,y,,,,,2,,3924,-216,-218,4,4,,9278497458447,
2026-08-18 00:04:09.092,pulse_batch,x,,,,,-2,,7142,732,738,0,77,,9278498776476,
2026-08-18 00:04:09.111,pulse_batch,y,,,,,2,,3926,-214,-216,4,4,,9278517787444,
2026-08-18 00:04:09.112,pulse_batch,x,,,,,-2,,7144,730,736,0,77,,9278519247732,
2026-08-18 00:04:09.133,pulse_batch,y,,,,,2,,3928,-212,-214,4,4,,9278540183614,
2026-08-18 00:04:09.133,pulse_batch,x,,,,,-2,,7146,728,734,0,77,,9278540096485,
2026-08-18 00:04:09.153,pulse_batch,x,,,,,-2,,7148,726,732,0,77,,9278560454148,
2026-08-18 00:04:09.153,pulse_batch,y,,,,,2,,3930,-210,-212,4,4,,9278560521703,
2026-08-18 00:04:09.174,pulse_batch,y,,,,,2,,3932,-208,-210,4,4,,9278580992551,
2026-08-18 00:04:09.174,pulse_batch,x,,,,,-2,,7150,724,730,0,77,,9278581057328,
2026-08-18 00:04:09.194,pulse_batch,x,,,,,-2,,7152,722,728,0,77,,9278601498936,
2026-08-18 00:04:09.195,pulse_batch,y,,,,,2,,3934,-206,-208,4,4,,9278601691027,
2026-08-18 00:04:09.215,pulse_batch,x,,,,,-2,,7154,720,726,0,77,,9278621958784,
2026-08-18 00:04:09.215,pulse_batch,y,,,,,2,,3936,-204,-206,4,4,,9278622154357,
2026-08-18 00:04:09.235,pulse_batch,x,,,,,-2,,7156,718,724,0,77,,9278642263688,
2026-08-18 00:04:09.235,pulse_batch,y,,,,,2,,3938,-202,-204,4,4,,9278642490001,
2026-08-18 00:04:09.256,pulse_batch,x,,,,,-2,,7158,716,722,0,77,,9278662783480,
2026-08-18 00:04:09.256,pulse_batch,y,,,,,2,,3940,-200,-202,4,4,,9278663042978,
2026-08-18 00:04:09.276,pulse_batch,x,,,,,-2,,7160,714,720,0,77,,9278683187439,
2026-08-18 00:04:09.276,pulse_batch,y,,,,,2,,3942,-198,-200,4,4,,9278683403660,
2026-08-18 00:04:09.296,pulse_batch,x,,,,,-2,,7162,712,718,0,77,,9278703498232,
2026-08-18 00:04:09.296,pulse_batch,y,,,,,2,,3944,-196,-198,4,4,,9278703682268,
2026-08-18 00:04:09.317,pulse_batch,y,,,,,2,,3946,-194,-196,4,4,,9278724443911,
2026-08-18 00:04:09.317,pulse_batch,x,,,,,-2,,7164,710,716,0,77,,9278724673058,
2026-08-18 00:04:09.338,pulse_batch,y,,,,,2,,3948,-192,-194,4,4,,9278744883666,
2026-08-18 00:04:09.338,pulse_batch,x,,,,,-2,,7166,708,714,0,77,,9278745164480,
2026-08-18 00:04:09.358,pulse_batch,y,,,,,2,,3950,-190,-192,4,4,,9278765220719,
2026-08-18 00:04:09.358,pulse_batch,x,,,,,-2,,7168,706,712,0,77,,9278765453402,
2026-08-18 00:04:09.378,pulse_batch,y,,,,,2,,3952,-188,-190,4,4,,9278785611252,
2026-08-18 00:04:09.379,pulse_batch,x,,,,,-2,,7170,704,710,0,77,,9278786103564,
2026-08-18 00:04:09.399,pulse_batch,y,,,,,2,,3954,-186,-188,4,4,,9278806045563,
2026-08-18 00:04:09.399,pulse_batch,x,,,,,-2,,7172,702,708,0,77,,9278806445061,
2026-08-18 00:04:09.419,pulse_batch,y,,,,,2,,3956,-184,-186,4,4,,9278826428874,
2026-08-18 00:04:09.420,pulse_batch,x,,,,,-2,,7174,700,706,0,77,,9278826742447,
2026-08-18 00:04:09.440,pulse_batch,y,,,,,2,,3958,-182,-184,4,4,,9278846749890,
2026-08-18 00:04:09.440,pulse_batch,x,,,,,-2,,7176,698,704,0,77,,9278847093388,
2026-08-18 00:04:09.460,pulse_batch,y,,,,,2,,3960,-180,-182,4,4,,9278867129590,
2026-08-18 00:04:09.460,pulse_batch,x,,,,,-2,,7178,696,702,0,77,,9278867401255,
2026-08-18 00:04:09.481,pulse_batch,x,,,,,-2,,7180,694,700,0,77,,9278887879399,
2026-08-18 00:04:09.481,pulse_batch,y,,,,,2,,3962,-178,-180,4,4,,9278887714456,
2026-08-18 00:04:09.501,pulse_batch,y,,,,,2,,3964,-176,-178,4,4,,9278908024638,
2026-08-18 00:04:09.501,pulse_batch,x,,,,,-2,,7182,692,698,0,77,,9278908209414,
2026-08-18 00:04:09.521,pulse_batch,y,,,,,2,,3966,-174,-176,4,4,,9278928450930,
2026-08-18 00:04:09.522,pulse_batch,x,,,,,-2,,7184,690,696,0,77,,9278928692299,
2026-08-18 00:04:09.542,pulse_batch,y,,,,,2,,3968,-172,-174,4,4,,9278948800205,
2026-08-18 00:04:09.542,pulse_batch,x,,,,,-2,,7186,688,694,0,77,,9278949135018,
2026-08-18 00:04:09.562,pulse_batch,y,,,,,2,,3970,-170,-172,4,4,,9278969108016,
2026-08-18 00:04:09.562,pulse_batch,x,,,,,-2,,7188,686,692,0,77,,9278969391941,
2026-08-18 00:04:09.583,pulse_batch,x,,,,,-2,,7190,684,690,0,77,,9278990008306,
2026-08-18 00:04:09.583,pulse_batch,y,,,,,2,,3972,-168,-170,4,4,,9278990216527,
2026-08-18 00:04:09.603,pulse_batch,x,,,,,-2,,7192,682,688,0,77,,9279010419617,
2026-08-18 00:04:09.604,pulse_batch,y,,,,,2,,3974,-166,-168,4,4,,9279010728690,
2026-08-18 00:04:09.624,pulse_batch,x,,,,,-2,,7194,680,686,0,77,,9279030727466,
2026-08-18 00:04:09.624,pulse_batch,y,,,,,2,,3976,-164,-166,4,4,,9279031010446,
2026-08-18 00:04:09.644,pulse_batch,x,,,,,-2,,7196,678,684,0,77,,9279051042111,
2026-08-18 00:04:09.644,pulse_batch,y,,,,,2,,3978,-162,-164,4,4,,9279051321684,
2026-08-18 00:04:09.665,pulse_batch,y,,,,,2,,3980,-160,-162,4,4,,9279071964456,
2026-08-18 00:04:09.665,pulse_batch,x,,,,,-2,,7198,676,682,0,77,,9279072311158,
2026-08-18 00:04:09.685,pulse_batch,y,,,,,2,,3982,-158,-160,4,4,,9279092325416,
2026-08-18 00:04:09.685,pulse_batch,x,,,,,-2,,7200,674,680,0,77,,9279092611729,
2026-08-18 00:04:09.705,pulse_batch,y,,,,,2,,3984,-156,-158,4,4,,9279112624450,
2026-08-18 00:04:09.707,pulse_batch,x,,,,,-2,,7202,672,678,0,77,,9279114496939,
2026-08-18 00:04:09.726,pulse_batch,y,,,,,2,,3986,-154,-156,4,4,,9279133487388,
2026-08-18 00:04:09.728,pulse_batch,x,,,,,-2,,7204,670,676,0,77,,9279134815121,
2026-08-18 00:04:09.747,pulse_batch,y,,,,,2,,3988,-152,-154,4,4,,9279153872496,
2026-08-18 00:04:09.748,pulse_batch,x,,,,,-2,,7206,668,674,0,77,,9279155151137,
2026-08-18 00:04:09.767,pulse_batch,y,,,,,2,,3990,-150,-152,4,4,,9279174149308,
2026-08-18 00:04:09.768,pulse_batch,x,,,,,-2,,7208,666,672,0,77,,9279175426949,
2026-08-18 00:04:09.788,pulse_batch,y,,,,,2,,3992,-148,-150,4,4,,9279195374188,
2026-08-18 00:04:09.789,pulse_batch,x,,,,,-2,,7210,664,670,0,77,,9279196439423,
2026-08-18 00:04:09.810,pulse_batch,y,,,,,2,,3994,-146,-148,4,4,,9279216849456,
2026-08-18 00:04:09.810,pulse_batch,x,,,,,-2,,7212,662,668,0,77,,9279217025326,
2026-08-18 00:04:09.830,pulse_batch,y,,,,,2,,3996,-144,-146,4,4,,9279237108657,
2026-08-18 00:04:09.830,pulse_batch,x,,,,,-2,,7214,660,666,0,77,,9279237278786,
2026-08-18 00:04:09.851,pulse_batch,x,,,,,-2,,7216,658,664,0,77,,9279258194316,
2026-08-18 00:04:09.851,pulse_batch,y,,,,,2,,3998,-142,-144,4,4,,9279258515352,
2026-08-18 00:04:09.871,pulse_batch,x,,,,,-2,,7218,656,662,0,77,,9279278579702,
2026-08-18 00:04:09.872,pulse_batch,y,,,,,2,,4000,-140,-142,4,4,,9279278809163,
2026-08-18 00:04:09.892,pulse_batch,x,,,,,-2,,7220,654,660,0,77,,9279298915624,
2026-08-18 00:04:09.892,pulse_batch,y,,,,,2,,4002,-138,-140,4,4,,9279299105475,
2026-08-18 00:04:09.912,pulse_batch,x,,,,,-2,,7222,652,658,0,77,,9279319249732,
2026-08-18 00:04:09.913,pulse_batch,y,,,,,2,,4004,-136,-138,4,4,,9279319803192,
2026-08-18 00:04:09.933,pulse_batch,x,,,,,-2,,7224,650,656,0,77,,9279339702358,
2026-08-18 00:04:09.933,pulse_batch,y,,,,,2,,4006,-134,-136,4,4,,9279340125041,
2026-08-18 00:04:09.953,pulse_batch,x,,,,,-2,,7226,648,654,0,77,,9279360013299,
2026-08-18 00:04:09.953,pulse_batch,y,,,,,2,,4008,-132,-134,4,4,,9279360382260,
2026-08-18 00:04:09.973,pulse_batch,x,,,,,-2,,7228,646,652,0,77,,9279380310000,
2026-08-18 00:04:09.973,pulse_batch,y,,,,,2,,4010,-130,-132,4,4,,9279380647702,
2026-08-18 00:04:09.994,pulse_batch,x,,,,,-2,,7230,644,650,0,77,,9279401641065,
2026-08-18 00:04:09.995,pulse_batch,y,,,,,2,,4012,-128,-130,4,4,,9279401799324,
2026-08-18 00:04:10.015,pulse_batch,x,,,,,-2,,7232,642,648,0,77,,9279422052136,
2026-08-18 00:04:10.015,pulse_batch,y,,,,,2,,4014,-126,-128,4,4,,9279422248690,
2026-08-18 00:04:10.035,pulse_batch,x,,,,,-2,,7234,640,646,0,77,,9279442354521,
2026-08-18 00:04:10.035,pulse_batch,y,,,,,2,,4016,-124,-126,4,4,,9279442581724,
2026-08-18 00:04:10.056,pulse_batch,x,,,,,-2,,7236,638,644,0,77,,9279462774851,
2026-08-18 00:04:10.056,pulse_batch,y,,,,,2,,4018,-122,-124,4,4,,9279462996479,
2026-08-18 00:04:10.076,pulse_batch,x,,,,,-2,,7238,636,642,0,77,,9279483115496,
2026-08-18 00:04:10.076,pulse_batch,y,,,,,2,,4020,-120,-122,4,4,,9279483371717,
2026-08-18 00:04:10.096,pulse_batch,x,,,,,-2,,7240,634,640,0,77,,9279503433789,
2026-08-18 00:04:10.096,pulse_batch,y,,,,,2,,4022,-118,-120,4,4,,9279503638918,
2026-08-18 00:04:10.117,pulse_batch,x,,,,,-2,,7242,632,638,0,77,,9279523821230,
2026-08-18 00:04:10.118,pulse_batch,y,,,,,2,,4024,-116,-118,4,4,,9279524759521,
2026-08-18 00:04:10.137,pulse_batch,x,,,,,-2,,7244,630,636,0,77,,9279544197949,
2026-08-18 00:04:10.138,pulse_batch,y,,,,,2,,4026,-114,-116,4,4,,9279545135073,
2026-08-18 00:04:10.157,pulse_batch,x,,,,,-2,,7246,628,634,0,77,,9279564512724,
2026-08-18 00:04:10.158,pulse_batch,y,,,,,2,,4028,-112,-114,4,4,,9279565425089,
2026-08-18 00:04:10.178,pulse_batch,x,,,,,-2,,7248,626,632,0,77,,9279584835758,
2026-08-18 00:04:10.179,pulse_batch,y,,,,,2,,4030,-110,-112,4,4,,9279586509767,
2026-08-18 00:04:10.200,pulse_batch,x,,,,,-2,,7250,624,630,0,77,,9279607077707,
2026-08-18 00:04:10.200,pulse_batch,y,,,,,2,,4032,-108,-110,4,4,,9279606919707,
2026-08-18 00:04:10.220,pulse_batch,y,,,,,2,,4034,-106,-108,4,4,,9279627237056,
2026-08-18 00:04:10.220,pulse_batch,x,,,,,-2,,7252,622,628,0,77,,9279627429777,
2026-08-18 00:04:10.240,pulse_batch,y,,,,,2,,4036,-104,-106,4,4,,9279647570868,
2026-08-18 00:04:10.241,pulse_batch,x,,,,,-2,,7254,620,626,0,77,,9279647744663,
2026-08-18 00:04:10.261,pulse_batch,y,,,,,2,,4038,-102,-104,4,4,,9279667944401,
2026-08-18 00:04:10.261,pulse_batch,x,,,,,-2,,7256,618,624,0,77,,9279668161289,
2026-08-18 00:04:10.281,pulse_batch,y,,,,,2,,4040,-100,-102,4,4,,9279688358268,
2026-08-18 00:04:10.281,pulse_batch,x,,,,,-2,,7258,616,622,0,77,,9279688560045,
2026-08-18 00:04:10.302,pulse_batch,y,,,,,2,,4042,-98,-100,4,4,,9279708687524,
2026-08-18 00:04:10.302,pulse_batch,x,,,,,-2,,7260,614,620,0,77,,9279708930634,
2026-08-18 00:04:10.322,pulse_batch,y,,,,,2,,4044,-96,-98,4,4,,9279729249890,
2026-08-18 00:04:10.322,pulse_batch,x,,,,,-2,,7262,612,618,0,77,,9279729418463,
2026-08-18 00:04:10.343,pulse_batch,y,,,,,2,,4046,-94,-96,4,4,,9279749627979,
2026-08-18 00:04:10.343,pulse_batch,x,,,,,-2,,7264,610,616,0,77,,9279749950422,
2026-08-18 00:04:10.363,pulse_batch,y,,,,,2,,4048,-92,-94,4,4,,9279769909217,
2026-08-18 00:04:10.363,pulse_batch,x,,,,,-2,,7266,608,614,0,77,,9279770229919,
2026-08-18 00:04:10.384,pulse_batch,x,,,,,-2,,7268,606,612,0,77,,9279790866211,
2026-08-18 00:04:10.384,pulse_batch,y,,,,,2,,4050,-90,-92,4,4,,9279791007006,
2026-08-18 00:04:10.404,pulse_batch,x,,,,,-2,,7270,604,610,0,77,,9279811282281,
2026-08-18 00:04:10.404,pulse_batch,y,,,,,2,,4052,-88,-90,4,4,,9279811370558,
2026-08-18 00:04:10.424,pulse_batch,x,,,,,-2,,7272,602,608,0,77,,9279831601167,
2026-08-18 00:04:10.425,pulse_batch,y,,,,,2,,4054,-86,-88,4,4,,9279831748536,
2026-08-18 00:04:10.445,pulse_batch,x,,,,,-2,,7274,600,606,0,77,,9279852029422,
2026-08-18 00:04:10.445,pulse_batch,y,,,,,2,,4056,-84,-86,4,4,,9279852084255,
2026-08-18 00:04:10.466,pulse_batch,y,,,,,2,,4058,-82,-84,4,4,,9279872944805,
2026-08-18 00:04:10.466,pulse_batch,x,,,,,-2,,7276,598,604,0,77,,9279872771750,
2026-08-18 00:04:10.486,pulse_batch,y,,,,,2,,4060,-80,-82,4,4,,9279893293931,
2026-08-18 00:04:10.486,pulse_batch,x,,,,,-2,,7278,596,602,0,77,,9279893448801,
2026-08-18 00:04:10.506,pulse_batch,y,,,,,2,,4062,-78,-80,4,4,,9279913631039,
2026-08-18 00:04:10.507,pulse_batch,x,,,,,-2,,7280,594,600,0,77,,9279913877204,
2026-08-18 00:04:10.527,pulse_batch,y,,,,,2,,4064,-76,-78,4,4,,9279934313386,
2026-08-18 00:04:10.527,pulse_batch,x,,,,,-2,,7282,592,598,0,77,,9279934391941,
2026-08-18 00:04:10.548,pulse_batch,y,,,,,2,,4066,-74,-76,4,4,,9279954703808,
2026-08-18 00:04:10.548,pulse_batch,x,,,,,-2,,7284,590,596,0,77,,9279954928862,
2026-08-18 00:04:10.568,pulse_batch,y,,,,,2,,4068,-72,-74,4,4,,9279975081934,
2026-08-18 00:04:10.568,pulse_batch,x,,,,,-2,,7286,588,594,0,77,,9279975249692,
2026-08-18 00:04:10.589,pulse_batch,y,,,,,2,,4070,-70,-72,4,4,,9279996067687,
2026-08-18 00:04:10.589,pulse_batch,x,,,,,-2,,7288,586,592,0,77,,9279996174723,
2026-08-18 00:04:10.609,pulse_batch,y,,,,,2,,4072,-68,-70,4,4,,9280016428054,
2026-08-18 00:04:10.611,pulse_batch,x,,,,,-2,,7290,584,590,0,77,,9280018264451,
2026-08-18 00:04:10.630,pulse_batch,y,,,,,2,,4074,-66,-68,4,4,,9280036713458,
2026-08-18 00:04:10.631,pulse_batch,x,,,,,-2,,7292,582,588,0,77,,9280038543614,
2026-08-18 00:04:10.650,pulse_batch,y,,,,,2,,4076,-64,-66,4,4,,9280057574933,
2026-08-18 00:04:10.653,pulse_batch,x,,,,,-2,,7294,580,586,0,77,,9280059651718,
2026-08-18 00:04:10.671,pulse_batch,y,,,,,2,,4078,-62,-64,4,4,,9280077974634,
2026-08-18 00:04:10.673,pulse_batch,x,,,,,-2,,7296,578,584,0,77,,9280079977548,
2026-08-18 00:04:10.691,pulse_batch,y,,,,,2,,4080,-60,-62,4,4,,9280098300482,
2026-08-18 00:04:10.693,pulse_batch,x,,,,,-2,,7298,576,582,0,77,,9280100291675,
2026-08-18 00:04:10.712,pulse_batch,y,,,,,2,,4082,-58,-60,4,4,,9280118652127,
2026-08-18 00:04:10.714,pulse_batch,x,,,,,-2,,7300,574,580,0,77,,9280120669208,
2026-08-18 00:04:10.733,pulse_batch,y,,,,,2,,4084,-56,-58,4,4,,9280140112766,
2026-08-18 00:04:10.736,pulse_batch,x,,,,,-2,,7302,572,578,0,77,,9280143500839,
2026-08-18 00:04:10.753,pulse_batch,y,,,,,2,,4086,-54,-56,4,4,,9280160422448,
2026-08-18 00:04:10.757,pulse_batch,x,,,,,-2,,7304,570,576,0,77,,9280163798855,
2026-08-18 00:04:10.774,pulse_batch,y,,,,,2,,4088,-52,-54,4,4,,9280180735056,
2026-08-18 00:04:10.777,pulse_batch,x,,,,,-2,,7306,568,574,0,77,,9280184116648,
2026-08-18 00:04:10.794,pulse_batch,y,,,,,2,,4090,-50,-52,4,4,,9280201223774,
2026-08-18 00:04:10.800,pulse_batch,x,,,,,-2,,7308,566,572,0,77,,9280207201296,
2026-08-18 00:04:10.814,pulse_batch,y,,,,,2,,4092,-48,-50,4,4,,9280221620196,
2026-08-18 00:04:10.820,pulse_batch,x,,,,,-2,,7310,564,570,0,77,,9280227496608,
2026-08-18 00:04:10.835,pulse_batch,y,,,,,2,,4094,-46,-48,4,4,,9280241977045,
2026-08-18 00:04:10.841,pulse_batch,x,,,,,-2,,7312,562,568,0,77,,9280247796031,
2026-08-18 00:04:10.856,pulse_batch,y,,,,,2,,4096,-44,-46,4,4,,9280262871390,
2026-08-18 00:04:10.862,pulse_batch,x,,,,,-2,,7314,560,566,0,77,,9280268847301,
2026-08-18 00:04:10.876,pulse_batch,y,,,,,2,,4098,-42,-44,4,4,,9280283222665,
2026-08-18 00:04:10.882,pulse_batch,x,,,,,-2,,7316,558,564,0,77,,9280289263890,
2026-08-18 00:04:10.896,pulse_batch,y,,,,,2,,4100,-40,-42,4,4,,9280303545366,
2026-08-18 00:04:10.902,pulse_batch,x,,,,,-2,,7318,556,562,0,77,,9280309575369,
2026-08-18 00:04:10.918,pulse_batch,y,,,,,2,,4102,-38,-40,4,4,,9280324516340,
2026-08-18 00:04:10.923,pulse_batch,x,,,,,-2,,7320,554,560,0,77,,9280330115716,
2026-08-18 00:04:10.938,pulse_batch,y,,,,,2,,4104,-36,-38,4,4,,9280345225168,
2026-08-18 00:04:10.943,pulse_batch,x,,,,,-2,,7322,552,558,0,77,,9280350563398,
2026-08-18 00:04:10.958,pulse_batch,y,,,,,2,,4106,-34,-36,4,4,,9280365538573,
2026-08-18 00:04:10.964,pulse_batch,x,,,,,-2,,7324,550,556,0,77,,9280370846709,
2026-08-18 00:04:10.979,pulse_batch,y,,,,,2,,4108,-32,-34,4,4,,9280385880903,
2026-08-18 00:04:10.984,pulse_batch,x,,,,,-2,,7326,548,554,0,77,,9280391263058,
2026-08-18 00:04:11.000,pulse_batch,y,,,,,2,,4110,-30,-32,4,4,,9280406840248,
2026-08-18 00:04:11.005,pulse_batch,x,,,,,-2,,7328,546,552,0,77,,9280411922886,
2026-08-18 00:04:11.020,pulse_batch,y,,,,,2,,4112,-28,-30,4,4,,9280427485002,
2026-08-18 00:04:11.025,pulse_batch,x,,,,,-2,,7330,544,550,0,77,,9280432236624,
2026-08-18 00:04:11.041,pulse_batch,y,,,,,2,,4114,-26,-28,4,4,,9280447820055,
2026-08-18 00:04:11.045,pulse_batch,x,,,,,-2,,7332,542,548,0,77,,9280452635787,
2026-08-18 00:04:11.061,pulse_batch,y,,,,,2,,4116,-24,-26,4,4,,9280468140403,
2026-08-18 00:04:11.066,pulse_batch,x,,,,,-2,,7334,540,546,0,77,,9280473365633,
2026-08-18 00:04:11.081,pulse_batch,y,,,,,2,,4118,-22,-24,4,4,,9280488587048,
2026-08-18 00:04:11.087,pulse_batch,x,,,,,-2,,7336,538,544,0,77,,9280493848037,
2026-08-18 00:04:11.102,pulse_batch,y,,,,,2,,4120,-20,-22,4,4,,9280508959100,
2026-08-18 00:04:11.107,pulse_batch,x,,,,,-2,,7338,536,542,0,77,,9280514222311,
2026-08-18 00:04:11.124,pulse_batch,y,,,,,2,,4122,-18,-20,4,4,,9280530910199,
2026-08-18 00:04:11.129,pulse_batch,x,,,,,-2,,7340,534,540,0,77,,9280535962633,
2026-08-18 00:04:11.147,pulse_batch,y,,,,,2,,4124,-16,-18,4,4,,9280553832829,
2026-08-18 00:04:11.149,pulse_batch,x,,,,,-2,,7342,532,538,0,77,,9280556398815,
2026-08-18 00:04:11.167,pulse_batch,y,,,,,2,,4126,-14,-16,4,4,,9280574106790,
2026-08-18 00:04:11.169,pulse_batch,x,,,,,-2,,7344,530,536,0,77,,9280576657090,
2026-08-18 00:04:11.189,pulse_batch,y,,,,,2,,4128,-12,-14,4,4,,9280596483016,
2026-08-18 00:04:11.190,pulse_batch,x,,,,,-2,,7346,528,534,0,77,,9280597173419,
2026-08-18 00:04:11.194,move_finish,y,,,9,,,,4128,-12,-14,4,4,,9280601547506,
2026-08-18 00:04:11.211,pulse_batch,x,,,,,-2,,7348,526,532,0,77,,9280617659711,
2026-08-18 00:04:11.231,pulse_batch,x,,,,,-2,,7350,524,530,0,77,,9280637948560,
2026-08-18 00:04:11.252,pulse_batch,x,,,,,-2,,7352,522,528,0,77,,9280659173478,
2026-08-18 00:04:11.273,pulse_batch,x,,,,,-2,,7354,520,526,0,77,,9280679635956,
2026-08-18 00:04:11.293,pulse_batch,x,,,,,-2,,7356,518,524,0,77,,9280699945379,
2026-08-18 00:04:11.314,pulse_batch,x,,,,,-2,,7358,516,522,0,77,,9280720938298,
2026-08-18 00:04:11.334,pulse_batch,x,,,,,-2,,7360,514,520,0,77,,9280741314961,
2026-08-18 00:04:11.355,pulse_batch,x,,,,,-2,,7362,512,518,0,77,,9280761728050,
2026-08-18 00:04:11.375,pulse_batch,x,,,,,-2,,7364,510,516,0,77,,9280782066658,
2026-08-18 00:04:11.396,pulse_batch,x,,,,,-2,,7366,508,514,0,77,,9280803126206,
2026-08-18 00:04:11.416,pulse_batch,x,,,,,-2,,7368,506,512,0,77,,9280823558055,
2026-08-18 00:04:11.437,pulse_batch,x,,,,,-2,,7370,504,510,0,77,,9280843857570,
2026-08-18 00:04:11.457,pulse_batch,x,,,,,-2,,7372,502,508,0,77,,9280864447269,
2026-08-18 00:04:11.478,pulse_batch,x,,,,,-2,,7374,500,506,0,77,,9280884890840,
2026-08-18 00:04:11.498,pulse_batch,x,,,,,-2,,7376,498,504,0,77,,9280905187689,
2026-08-18 00:04:11.518,pulse_batch,x,,,,,-2,,7378,496,502,0,77,,9280925601666,
2026-08-18 00:04:11.539,pulse_batch,x,,,,,-2,,7380,494,500,0,77,,9280946000515,
2026-08-18 00:04:11.559,pulse_batch,x,,,,,-2,,7382,492,498,0,77,,9280966310790,
2026-08-18 00:04:11.580,pulse_batch,x,,,,,-2,,7384,490,496,0,77,,9280986661916,
2026-08-18 00:04:11.600,pulse_batch,x,,,,,-2,,7386,488,494,0,77,,9281007205745,
2026-08-18 00:04:11.620,pulse_batch,x,,,,,-2,,7388,486,492,0,77,,9281027605038,
2026-08-18 00:04:11.641,pulse_batch,x,,,,,-2,,7390,484,490,0,77,,9281047935053,
2026-08-18 00:04:11.661,pulse_batch,x,,,,,-2,,7392,482,488,0,77,,9281068612178,
2026-08-18 00:04:11.682,pulse_batch,x,,,,,-2,,7394,480,486,0,77,,9281089019322,
2026-08-18 00:04:11.702,pulse_batch,x,,,,,-2,,7396,478,484,0,77,,9281109386634,
2026-08-18 00:04:11.723,pulse_batch,x,,,,,-2,,7398,476,482,0,77,,9281130194609,
2026-08-18 00:04:11.743,pulse_batch,x,,,,,-2,,7400,474,480,0,77,,9281150558106,
2026-08-18 00:04:11.764,pulse_batch,x,,,,,-2,,7402,472,478,0,77,,9281170850585,
2026-08-18 00:04:11.785,pulse_batch,x,,,,,-2,,7404,470,476,0,77,,9281191948077,
2026-08-18 00:04:11.805,pulse_batch,x,,,,,-2,,7406,468,474,0,77,,9281212383759,
2026-08-18 00:04:11.826,pulse_batch,x,,,,,-2,,7408,466,472,0,77,,9281232771644,
2026-08-18 00:04:11.846,pulse_batch,x,,,,,-2,,7410,464,470,0,77,,9281253425565,
2026-08-18 00:04:11.867,pulse_batch,x,,,,,-2,,7412,462,468,0,77,,9281274050857,
2026-08-18 00:04:11.887,pulse_batch,x,,,,,-2,,7414,460,466,0,77,,9281294424705,
2026-08-18 00:04:11.908,pulse_batch,x,,,,,-2,,7416,458,464,0,77,,9281315165978,
2026-08-18 00:04:11.928,pulse_batch,x,,,,,-2,,7418,456,462,0,77,,9281335605233,
2026-08-18 00:04:11.949,pulse_batch,x,,,,,-2,,7420,454,460,0,77,,9281356011804,
2026-08-18 00:04:11.969,pulse_batch,x,,,,,-2,,7422,452,458,0,77,,9281376558540,
2026-08-18 00:04:11.990,pulse_batch,x,,,,,-2,,7424,450,456,0,77,,9281397034036,
2026-08-18 00:04:12.011,pulse_batch,x,,,,,-2,,7426,448,454,0,77,,9281417628106,
2026-08-18 00:04:12.031,pulse_batch,x,,,,,-2,,7428,446,452,0,77,,9281438020436,
2026-08-18 00:04:12.052,pulse_batch,x,,,,,-2,,7430,444,450,0,77,,9281458615357,
2026-08-18 00:04:12.072,pulse_batch,x,,,,,-2,,7432,442,448,0,77,,9281479157353,
2026-08-18 00:04:12.092,pulse_batch,x,,,,,-2,,7434,440,446,0,77,,9281499492609,
2026-08-18 00:04:12.113,pulse_batch,x,,,,,-2,,7436,438,444,0,77,,9281520156585,
2026-08-18 00:04:12.136,pulse_batch,x,,,,,-2,,7438,436,442,0,77,,9281542716348,
2026-08-18 00:04:12.156,pulse_batch,x,,,,,-2,,7440,434,440,0,77,,9281563074789,
2026-08-18 00:04:12.176,pulse_batch,x,,,,,-2,,7442,432,438,0,77,,9281583435378,
2026-08-18 00:04:12.197,pulse_batch,x,,,,,-2,,7444,430,436,0,77,,9281604293854,
2026-08-18 00:04:12.218,pulse_batch,x,,,,,-2,,7446,428,434,0,77,,9281624795201,
2026-08-18 00:04:12.238,pulse_batch,x,,,,,-2,,7448,426,432,0,77,,9281645158643,
2026-08-18 00:04:12.259,pulse_batch,x,,,,,-2,,7450,424,430,0,77,,9281666040581,
2026-08-18 00:04:12.279,pulse_batch,x,,,,,-2,,7452,422,428,0,77,,9281686437448,
2026-08-18 00:04:12.300,pulse_batch,x,,,,,-2,,7454,420,426,0,77,,9281706783148,
2026-08-18 00:04:12.320,pulse_batch,x,,,,,-2,,7456,418,424,0,77,,9281727547810,
2026-08-18 00:04:12.342,pulse_batch,x,,,,,-2,,7458,416,422,0,77,,9281749257817,
2026-08-18 00:04:12.363,pulse_batch,x,,,,,-2,,7460,414,420,0,77,,9281769622944,
2026-08-18 00:04:12.383,pulse_batch,x,,,,,-2,,7462,412,418,0,77,,9281790106995,
2026-08-18 00:04:12.404,pulse_batch,x,,,,,-2,,7464,410,416,0,77,,9281810746231,
2026-08-18 00:04:12.426,pulse_batch,x,,,,,-2,,7466,408,414,0,77,,9281832778237,
2026-08-18 00:04:12.446,pulse_batch,x,,,,,-2,,7468,406,412,0,77,,9281853290400,
2026-08-18 00:04:12.467,pulse_batch,x,,,,,-2,,7470,404,410,0,77,,9281873742563,
2026-08-18 00:04:12.487,pulse_batch,x,,,,,-2,,7472,402,408,0,77,,9281894426058,
2026-08-18 00:04:12.508,pulse_batch,x,,,,,-2,,7474,400,406,0,77,,9281914938628,
2026-08-18 00:04:12.528,pulse_batch,x,,,,,-2,,7476,398,404,0,77,,9281935508308,
2026-08-18 00:04:12.549,pulse_batch,x,,,,,-2,,7478,396,402,0,77,,9281956031341,
2026-08-18 00:04:12.569,pulse_batch,x,,,,,-2,,7480,394,400,0,77,,9281976347301,
2026-08-18 00:04:12.590,pulse_batch,x,,,,,-2,,7482,392,398,0,77,,9281996917038,
2026-08-18 00:04:12.610,pulse_batch,x,,,,,-2,,7484,390,396,0,77,,9282017316404,
2026-08-18 00:04:12.631,pulse_batch,x,,,,,-2,,7486,388,394,0,77,,9282037671420,
2026-08-18 00:04:12.651,pulse_batch,x,,,,,-2,,7488,386,392,0,77,,9282058073046,
2026-08-18 00:04:12.671,pulse_batch,x,,,,,-2,,7490,384,390,0,77,,9282078530338,
2026-08-18 00:04:12.692,pulse_batch,x,,,,,-2,,7492,382,388,0,77,,9282098892520,
2026-08-18 00:04:12.713,pulse_batch,x,,,,,-2,,7494,380,386,0,77,,9282119778366,
2026-08-18 00:04:12.733,pulse_batch,x,,,,,-2,,7496,378,384,0,77,,9282140355251,
2026-08-18 00:04:12.754,pulse_batch,x,,,,,-2,,7498,376,382,0,77,,9282160806080,
2026-08-18 00:04:12.774,pulse_batch,x,,,,,-2,,7500,374,380,0,77,,9282181378779,
2026-08-18 00:04:12.795,pulse_batch,x,,,,,-2,,7502,372,378,0,77,,9282202531475,
2026-08-18 00:04:12.816,pulse_batch,x,,,,,-2,,7504,370,376,0,77,,9282223154878,
2026-08-18 00:04:12.837,pulse_batch,x,,,,,-2,,7506,368,374,0,77,,9282244054298,
2026-08-18 00:04:12.857,pulse_batch,x,,,,,-2,,7508,366,372,0,77,,9282264512350,
2026-08-18 00:04:12.878,pulse_batch,x,,,,,-2,,7510,364,370,0,77,,9282284886976,
2026-08-18 00:04:12.898,pulse_batch,x,,,,,-2,,7512,362,368,0,77,,9282305216510,
2026-08-18 00:04:12.919,pulse_batch,x,,,,,-2,,7514,360,366,0,77,,9282326045226,
2026-08-18 00:04:12.939,pulse_batch,x,,,,,-2,,7516,358,364,0,77,,9282346538685,
2026-08-18 00:04:12.960,pulse_batch,x,,,,,-2,,7518,356,362,0,77,,9282366909626,
2026-08-18 00:04:12.980,pulse_batch,x,,,,,-2,,7520,354,360,0,77,,9282387635936,
2026-08-18 00:04:13.001,pulse_batch,x,,,,,-2,,7522,352,358,0,77,,9282408128543,
2026-08-18 00:04:13.021,pulse_batch,x,,,,,-2,,7524,350,356,0,77,,9282428558243,
2026-08-18 00:04:13.042,pulse_batch,x,,,,,-2,,7526,348,354,0,77,,9282449195442,
2026-08-18 00:04:13.063,pulse_batch,x,,,,,-2,,7528,346,352,0,77,,9282469637753,
2026-08-18 00:04:13.083,pulse_batch,x,,,,,-2,,7530,344,350,0,77,,9282489996417,
2026-08-18 00:04:13.103,pulse_batch,x,,,,,-2,,7532,342,348,0,77,,9282510307136,
2026-08-18 00:04:13.124,pulse_batch,x,,,,,-2,,7534,340,346,0,77,,9282530732244,
2026-08-18 00:04:13.144,pulse_batch,x,,,,,-2,,7536,338,344,0,77,,9282551238036,
2026-08-18 00:04:13.164,pulse_batch,x,,,,,-2,,7538,336,342,0,77,,9282571563329,
2026-08-18 00:04:13.189,pulse_batch,x,,,,,-2,,7540,334,340,0,77,,9282595845045,
2026-08-18 00:04:13.210,pulse_batch,x,,,,,-2,,7542,332,338,0,77,,9282617264628,
2026-08-18 00:04:13.231,pulse_batch,x,,,,,-2,,7544,330,336,0,77,,9282637856661,
2026-08-18 00:04:13.251,pulse_batch,x,,,,,-2,,7546,328,334,0,77,,9282658400212,
2026-08-18 00:04:13.272,pulse_batch,x,,,,,-2,,7548,326,332,0,77,,9282678958652,
2026-08-18 00:04:13.292,pulse_batch,x,,,,,-2,,7550,324,330,0,77,,9282699349279,
2026-08-18 00:04:13.313,pulse_batch,x,,,,,-2,,7552,322,328,0,77,,9282719858682,
2026-08-18 00:04:13.333,pulse_batch,x,,,,,-2,,7554,320,326,0,77,,9282740519011,
2026-08-18 00:04:13.354,pulse_batch,x,,,,,-2,,7556,318,324,0,77,,9282760976248,
2026-08-18 00:04:13.374,pulse_batch,x,,,,,-2,,7558,316,322,0,77,,9282781340244,
2026-08-18 00:04:13.395,pulse_batch,x,,,,,-2,,7560,314,320,0,77,,9282802501200,
2026-08-18 00:04:13.416,pulse_batch,x,,,,,-2,,7562,312,318,0,77,,9282822871697,
2026-08-18 00:04:13.436,pulse_batch,x,,,,,-2,,7564,310,316,0,77,,9282843229397,
2026-08-18 00:04:13.457,pulse_batch,x,,,,,-2,,7566,308,314,0,77,,9282864470019,
2026-08-18 00:04:13.478,pulse_batch,x,,,,,-2,,7568,306,312,0,77,,9282884945904,
2026-08-18 00:04:13.498,pulse_batch,x,,,,,-2,,7570,304,310,0,77,,9282905264123,
2026-08-18 00:04:13.519,pulse_batch,x,,,,,-2,,7572,302,308,0,77,,9282926280579,
2026-08-18 00:04:13.540,pulse_batch,x,,,,,-2,,7574,300,306,0,77,,9282946882426,
2026-08-18 00:04:13.560,pulse_batch,x,,,,,-2,,7576,298,304,0,77,,9282967182627,
2026-08-18 00:04:13.580,pulse_batch,x,,,,,-2,,7578,296,302,0,77,,9282987538569,
2026-08-18 00:04:13.601,pulse_batch,x,,,,,-2,,7580,294,300,0,77,,9283007954713,
2026-08-18 00:04:13.621,pulse_batch,x,,,,,-2,,7582,292,298,0,77,,9283028395987,
2026-08-18 00:04:13.642,pulse_batch,x,,,,,-2,,7584,290,296,0,77,,9283048777354,
2026-08-18 00:04:13.662,pulse_batch,x,,,,,-2,,7586,288,294,0,77,,9283069230591,
2026-08-18 00:04:13.683,pulse_batch,x,,,,,-2,,7588,286,292,0,77,,9283089631829,
2026-08-18 00:04:13.703,pulse_batch,x,,,,,-2,,7590,284,290,0,77,,9283109964344,
2026-08-18 00:04:13.724,pulse_batch,x,,,,,-2,,7592,282,288,0,77,,9283131014856,
2026-08-18 00:04:13.744,pulse_batch,x,,,,,-2,,7594,280,286,0,77,,9283151503000,
2026-08-18 00:04:13.765,pulse_batch,x,,,,,-2,,7596,278,284,0,77,,9283171864386,
2026-08-18 00:04:13.785,pulse_batch,x,,,,,-2,,7598,276,282,0,77,,9283192230512,
2026-08-18 00:04:13.806,pulse_batch,x,,,,,-2,,7600,274,280,0,77,,9283212707712,
2026-08-18 00:04:13.826,pulse_batch,x,,,,,-2,,7602,272,278,0,77,,9283233090783,
2026-08-18 00:04:13.847,pulse_batch,x,,,,,-2,,7604,270,276,0,77,,9283253927388,
2026-08-18 00:04:13.869,pulse_batch,x,,,,,-2,,7606,268,274,0,77,,9283276097856,
2026-08-18 00:04:13.889,pulse_batch,x,,,,,-2,,7608,266,272,0,77,,9283296495686,
2026-08-18 00:04:13.913,pulse_batch,x,,,,,-2,,7610,264,270,0,77,,9283320280293,
2026-08-18 00:04:13.934,pulse_batch,x,,,,,-2,,7612,262,268,0,77,,9283340726179,
2026-08-18 00:04:13.954,pulse_batch,x,,,,,-2,,7614,260,266,0,77,,9283361422896,
2026-08-18 00:04:13.975,pulse_batch,x,,,,,-2,,7616,258,264,0,77,,9283381815837,
2026-08-18 00:04:13.997,pulse_batch,x,,,,,-2,,7618,256,262,0,77,,9283403994268,
2026-08-18 00:04:14.017,pulse_batch,x,,,,,-2,,7620,254,260,0,77,,9283424375857,
2026-08-18 00:04:14.038,pulse_batch,x,,,,,-2,,7622,252,258,0,77,,9283445052945,
2026-08-18 00:04:14.062,pulse_batch,x,,,,,-2,,7624,250,256,0,77,,9283468806997,
2026-08-18 00:04:14.082,pulse_batch,x,,,,,-2,,7626,248,254,0,77,,9283489177883,
2026-08-18 00:04:14.103,pulse_batch,x,,,,,-2,,7628,246,252,0,77,,9283509689527,
2026-08-18 00:04:14.124,pulse_batch,x,,,,,-2,,7630,244,250,0,77,,9283530614132,
2026-08-18 00:04:14.147,pulse_batch,x,,,,,-2,,7632,242,248,0,77,,9283554402850,
2026-08-18 00:04:14.168,pulse_batch,x,,,,,-2,,7634,240,246,0,77,,9283574720736,
2026-08-18 00:04:14.192,pulse_batch,x,,,,,-2,,7636,238,244,0,77,,9283598617009,
2026-08-18 00:04:14.212,pulse_batch,x,,,,,-2,,7638,236,242,0,77,,9283619014636,
2026-08-18 00:04:14.232,pulse_batch,x,,,,,-2,,7640,234,240,0,77,,9283639317911,
2026-08-18 00:04:14.256,pulse_batch,x,,,,,-2,,7642,232,238,0,77,,9283663539367,
2026-08-18 00:04:14.277,pulse_batch,x,,,,,-2,,7644,230,236,0,77,,9283683965345,
2026-08-18 00:04:14.297,pulse_batch,x,,,,,-2,,7646,228,234,0,77,,9283704336398,
2026-08-18 00:04:14.318,pulse_batch,x,,,,,-2,,7648,226,232,0,77,,9283724717080,
2026-08-18 00:04:14.338,pulse_batch,x,,,,,-2,,7650,224,230,0,77,,9283745484148,
2026-08-18 00:04:14.359,pulse_batch,x,,,,,-2,,7652,222,228,0,77,,9283765916848,
2026-08-18 00:04:14.379,pulse_batch,x,,,,,-2,,7654,220,226,0,77,,9283786268919,
2026-08-18 00:04:14.400,pulse_batch,x,,,,,-2,,7656,218,224,0,77,,9283806838897,
2026-08-18 00:04:14.420,pulse_batch,x,,,,,-2,,7658,216,222,0,77,,9283827251949,
2026-08-18 00:04:14.440,pulse_batch,x,,,,,-2,,7660,214,220,0,77,,9283847579279,
2026-08-18 00:04:14.461,pulse_batch,x,,,,,-2,,7662,212,218,0,77,,9283868319478,
2026-08-18 00:04:14.482,pulse_batch,x,,,,,-2,,7664,210,216,0,77,,9283888632364,
2026-08-18 00:04:14.502,pulse_batch,x,,,,,-2,,7666,208,214,0,77,,9283909017027,
2026-08-18 00:04:14.523,pulse_batch,x,,,,,-2,,7668,206,212,0,77,,9283930381889,
2026-08-18 00:04:14.544,pulse_batch,x,,,,,-2,,7670,204,210,0,77,,9283950840922,
2026-08-18 00:04:14.564,pulse_batch,x,,,,,-2,,7672,202,208,0,77,,9283971227048,
2026-08-18 00:04:14.584,pulse_batch,x,,,,,-2,,7674,200,206,0,77,,9283991591342,
2026-08-18 00:04:14.605,pulse_batch,x,,,,,-2,,7676,198,204,0,77,,9284012400151,
2026-08-18 00:04:14.626,pulse_batch,x,,,,,-2,,7678,196,202,0,77,,9284032770944,
2026-08-18 00:04:14.646,pulse_batch,x,,,,,-2,,7680,194,200,0,77,,9284053138737,
2026-08-18 00:04:14.669,pulse_batch,x,,,,,-2,,7682,192,198,0,77,,9284076075942,
2026-08-18 00:04:14.689,pulse_batch,x,,,,,-2,,7684,190,196,0,77,,9284096429865,
2026-08-18 00:04:14.710,pulse_batch,x,,,,,-2,,7686,188,194,0,77,,9284116748343,
2026-08-18 00:04:14.730,pulse_batch,x,,,,,-2,,7688,186,192,0,77,,9284137168432,
2026-08-18 00:04:14.750,pulse_batch,x,,,,,-2,,7690,184,190,0,77,,9284157544762,
2026-08-18 00:04:14.771,pulse_batch,x,,,,,-2,,7692,182,188,0,77,,9284177919389,
2026-08-18 00:04:14.791,pulse_batch,x,,,,,-2,,7694,180,186,0,77,,9284198319089,
2026-08-18 00:04:14.812,pulse_batch,x,,,,,-2,,7696,178,184,0,77,,9284218781030,
2026-08-18 00:04:14.832,pulse_batch,x,,,,,-2,,7698,176,182,0,77,,9284239122305,
2026-08-18 00:04:14.853,pulse_batch,x,,,,,-2,,7700,174,180,0,77,,9284259711430,
2026-08-18 00:04:14.873,pulse_batch,x,,,,,-2,,7702,172,178,0,77,,9284280308111,
2026-08-18 00:04:14.894,pulse_batch,x,,,,,-2,,7704,170,176,0,77,,9284300685589,
2026-08-18 00:04:14.914,pulse_batch,x,,,,,-2,,7706,168,174,0,77,,9284321138308,
2026-08-18 00:04:14.934,pulse_batch,x,,,,,-2,,7708,166,172,0,77,,9284341572730,
2026-08-18 00:04:14.955,pulse_batch,x,,,,,-2,,7710,164,170,0,77,,9284362046430,
2026-08-18 00:04:14.975,pulse_batch,x,,,,,-2,,7712,162,168,0,77,,9284382397982,
2026-08-18 00:04:14.996,pulse_batch,x,,,,,-2,,7714,160,166,0,77,,9284402867645,
2026-08-18 00:04:15.016,pulse_batch,x,,,,,-2,,7716,158,164,0,77,,9284423251605,
2026-08-18 00:04:15.037,pulse_batch,x,,,,,-2,,7718,156,162,0,77,,9284443658028,
2026-08-18 00:04:15.057,pulse_batch,x,,,,,-2,,7720,154,160,0,77,,9284464479744,
2026-08-18 00:04:15.078,pulse_batch,x,,,,,-2,,7722,152,158,0,77,,9284484987611,
2026-08-18 00:04:15.098,pulse_batch,x,,,,,-2,,7724,150,156,0,77,,9284505382570,
2026-08-18 00:04:15.119,pulse_batch,x,,,,,-2,,7726,148,154,0,77,,9284526079028,
2026-08-18 00:04:15.139,pulse_batch,x,,,,,-2,,7728,146,152,0,77,,9284546544506,
2026-08-18 00:04:15.160,pulse_batch,x,,,,,-2,,7730,144,150,0,77,,9284566946558,
2026-08-18 00:04:15.181,pulse_batch,x,,,,,-2,,7732,142,148,0,77,,9284587763331,
2026-08-18 00:04:15.201,pulse_batch,x,,,,,-2,,7734,140,146,0,77,,9284608540270,
2026-08-18 00:04:15.222,pulse_batch,x,,,,,-2,,7736,138,144,0,77,,9284628992173,
2026-08-18 00:04:15.242,pulse_batch,x,,,,,-2,,7738,136,142,0,77,,9284649315615,
2026-08-18 00:04:15.264,pulse_batch,x,,,,,-2,,7740,134,140,0,77,,9284670648921,
2026-08-18 00:04:15.284,pulse_batch,x,,,,,-2,,7742,132,138,0,77,,9284691035196,
2026-08-18 00:04:15.304,pulse_batch,x,,,,,-2,,7744,130,136,0,77,,9284711346175,
2026-08-18 00:04:15.325,pulse_batch,x,,,,,-2,,7746,128,134,0,77,,9284732271742,
2026-08-18 00:04:15.345,pulse_batch,x,,,,,-2,,7748,126,132,0,77,,9284752647054,
2026-08-18 00:04:15.366,pulse_batch,x,,,,,-2,,7750,124,130,0,77,,9284772969385,
2026-08-18 00:04:15.386,pulse_batch,x,,,,,-2,,7752,122,128,0,77,,9284793387326,
2026-08-18 00:04:15.407,pulse_batch,x,,,,,-2,,7754,120,126,0,77,,9284813843396,
2026-08-18 00:04:15.427,pulse_batch,x,,,,,-2,,7756,118,124,0,77,,9284834196152,
2026-08-18 00:04:15.447,pulse_batch,x,,,,,-2,,7758,116,122,0,77,,9284854531538,
2026-08-18 00:04:15.468,pulse_batch,x,,,,,-2,,7760,114,120,0,77,,9284874939665,
2026-08-18 00:04:15.488,pulse_batch,x,,,,,-2,,7762,112,118,0,77,,9284895404531,
2026-08-18 00:04:15.509,pulse_batch,x,,,,,-2,,7764,110,116,0,77,,9284915829361,
2026-08-18 00:04:15.530,pulse_batch,x,,,,,-2,,7766,108,114,0,77,,9284936651670,
2026-08-18 00:04:15.552,pulse_batch,x,,,,,-2,,7768,106,112,0,77,,9284959466857,
2026-08-18 00:04:15.573,pulse_batch,x,,,,,-2,,7770,104,110,0,77,,9284979845743,
2026-08-18 00:04:15.595,pulse_batch,x,,,,,-2,,7772,102,108,0,77,,9285002534190,
2026-08-18 00:04:15.616,pulse_batch,x,,,,,-2,,7774,100,106,0,77,,9285023068927,
2026-08-18 00:04:15.636,pulse_batch,x,,,,,-2,,7776,98,104,0,77,,9285043322924,
2026-08-18 00:04:15.658,pulse_batch,x,,,,,-2,,7778,96,102,0,77,,9285064630434,
2026-08-18 00:04:15.682,pulse_batch,x,,,,,-2,,7780,94,100,0,77,,9285089012612,
2026-08-18 00:04:15.702,pulse_batch,x,,,,,-2,,7782,92,98,0,77,,9285109373906,
2026-08-18 00:04:15.725,pulse_batch,x,,,,,-2,,7784,90,96,0,77,,9285132151426,
2026-08-18 00:04:15.745,pulse_batch,x,,,,,-2,,7786,88,94,0,77,,9285152571626,
2026-08-18 00:04:15.766,pulse_batch,x,,,,,-2,,7788,86,92,0,77,,9285172891586,
2026-08-18 00:04:15.786,pulse_batch,x,,,,,-2,,7790,84,90,0,77,,9285193527082,
2026-08-18 00:04:15.807,pulse_batch,x,,,,,-2,,7792,82,88,0,77,,9285213993263,
2026-08-18 00:04:15.822,pulse_batch,x,,,,,-1,,7793,81,87,0,77,,9285229239307,
2026-08-18 00:04:15.822,move_finish,x,,,9,,,,7793,81,87,0,77,,9285229428918,
2026-08-18 00:04:15.980,approach_source_finish,x,0,stored,,,,-1,,81,87,0,77,87,,
2026-08-18 00:04:15.980,approach_source_finish,y,0,stored,,,,1,,-12,-14,4,4,-14,,
2026-08-18 00:04:15.984,move_start,x,,,10,-87,,-1,7793,81,87,0,77,,9285391339176,
2026-08-18 00:04:15.984,move_start,y,,,10,14,,1,4128,-12,-14,4,4,,9285391526490,
2026-08-18 00:04:15.990,pulse_batch,x,,,,,-1,,7794,80,86,0,77,,9285396663961,
2026-08-18 00:04:15.990,pulse_batch,y,,,,,1,,4129,-11,-13,4,4,,9285396916941,
2026-08-18 00:04:16.010,pulse_batch,x,,,,,-2,,7796,78,84,0,77,,9285417025810,
2026-08-18 00:04:16.010,pulse_batch,y,,,,,2,,4131,-9,-11,4,4,,9285417240364,
2026-08-18 00:04:16.030,pulse_batch,x,,,,,-2,,7798,76,82,0,77,,9285437318178,
2026-08-18 00:04:16.030,pulse_batch,y,,,,,2,,4133,-7,-9,4,4,,9285437504029,
2026-08-18 00:04:16.050,pulse_batch,x,,,,,-2,,7800,74,80,0,77,,9285457655397,
2026-08-18 00:04:16.051,pulse_batch,y,,,,,2,,4135,-5,-7,4,4,,9285457835711,
2026-08-18 00:04:16.071,pulse_batch,x,,,,,-2,,7802,72,78,0,77,,9285478419818,
2026-08-18 00:04:16.074,pulse_batch,y,,,,,2,,4137,-3,-5,4,4,,9285481245080,
2026-08-18 00:04:16.092,pulse_batch,x,,,,,-2,,7804,70,76,0,77,,9285498749204,
2026-08-18 00:04:16.094,pulse_batch,y,,,,,2,,4139,-1,-3,4,4,,9285501570281,
2026-08-18 00:04:16.112,pulse_batch,x,,,,,-2,,7806,68,74,0,77,,9285519046572,
2026-08-18 00:04:16.115,pulse_batch,y,,,,,2,,4141,1,-1,4,4,,9285521877611,
2026-08-18 00:04:16.130,pulse_batch,y,,,,,1,,4142,2,0,4,4,,9285537173896,
2026-08-18 00:04:16.130,move_finish,y,,,10,,,,4142,2,0,4,4,,9285537412691,
2026-08-18 00:04:16.132,pulse_batch,x,,,,,-2,,7808,66,72,0,77,,9285539526864,
2026-08-18 00:04:16.153,pulse_batch,x,,,,,-2,,7810,64,70,0,77,,9285559916954,
2026-08-18 00:04:16.173,pulse_batch,x,,,,,-2,,7812,62,68,0,77,,9285580193192,
2026-08-18 00:04:16.195,pulse_batch,x,,,,,-2,,7814,60,66,0,77,,9285601616609,
2026-08-18 00:04:16.215,pulse_batch,x,,,,,-2,,7816,58,64,0,77,,9285622436640,
2026-08-18 00:04:16.236,pulse_batch,x,,,,,-2,,7818,56,62,0,77,,9285642750674,
2026-08-18 00:04:16.259,pulse_batch,x,,,,,-2,,7820,54,60,0,77,,9285665790064,
2026-08-18 00:04:16.279,pulse_batch,x,,,,,-2,,7822,52,58,0,77,,9285686232671,
2026-08-18 00:04:16.299,pulse_batch,x,,,,,-2,,7824,50,56,0,77,,9285706536984,
2026-08-18 00:04:16.323,pulse_batch,x,,,,,-2,,7826,48,54,0,77,,9285729690965,
2026-08-18 00:04:16.343,pulse_batch,x,,,,,-2,,7828,46,52,0,77,,9285750071480,
2026-08-18 00:04:16.363,pulse_batch,x,,,,,-2,,7830,44,50,0,77,,9285770374829,
2026-08-18 00:04:16.385,pulse_batch,x,,,,,-2,,7832,42,48,0,77,,9285792054282,
2026-08-18 00:04:16.405,pulse_batch,x,,,,,-2,,7834,40,46,0,77,,9285812466964,
2026-08-18 00:04:16.426,pulse_batch,x,,,,,-2,,7836,38,44,0,77,,9285832766869,
2026-08-18 00:04:16.446,pulse_batch,x,,,,,-2,,7838,36,42,0,77,,9285853070607,
2026-08-18 00:04:16.466,pulse_batch,x,,,,,-2,,7840,34,40,0,77,,9285873469752,
2026-08-18 00:04:16.487,pulse_batch,x,,,,,-2,,7842,32,38,0,77,,9285893982026,
2026-08-18 00:04:16.507,pulse_batch,x,,,,,-2,,7844,30,36,0,77,,9285914328356,
2026-08-18 00:04:16.528,pulse_batch,x,,,,,-2,,7846,28,34,0,77,,9285935013981,
2026-08-18 00:04:16.548,pulse_batch,x,,,,,-2,,7848,26,32,0,77,,9285955421478,
2026-08-18 00:04:16.569,pulse_batch,x,,,,,-2,,7850,24,30,0,77,,9285975710679,
2026-08-18 00:04:16.591,pulse_batch,x,,,,,-2,,7852,22,28,0,77,,9285997926295,
2026-08-18 00:04:16.611,pulse_batch,x,,,,,-2,,7854,20,26,0,77,,9286018312699,
2026-08-18 00:04:16.631,pulse_batch,x,,,,,-2,,7856,18,24,0,77,,9286038625437,
2026-08-18 00:04:16.652,pulse_batch,x,,,,,-2,,7858,16,22,0,77,,9286059365654,
2026-08-18 00:04:16.673,pulse_batch,x,,,,,-2,,7860,14,20,0,77,,9286079788114,
2026-08-18 00:04:16.693,pulse_batch,x,,,,,-2,,7862,12,18,0,77,,9286100154537,
2026-08-18 00:04:16.714,pulse_batch,x,,,,,-2,,7864,10,16,0,77,,9286120903735,
2026-08-18 00:04:16.734,pulse_batch,x,,,,,-2,,7866,8,14,0,77,,9286141289306,
2026-08-18 00:04:16.755,pulse_batch,x,,,,,-2,,7868,6,12,0,77,,9286161674655,
2026-08-18 00:04:16.775,pulse_batch,x,,,,,-2,,7870,4,10,0,77,,9286181953245,
2026-08-18 00:04:16.795,pulse_batch,x,,,,,-2,,7872,2,8,0,77,,9286202468500,
2026-08-18 00:04:16.816,pulse_batch,x,,,,,-2,,7874,0,6,0,77,,9286222848090,
2026-08-18 00:04:16.836,pulse_batch,x,,,,,-2,,7876,-2,4,0,77,,9286243159198,
2026-08-18 00:04:16.856,pulse_batch,x,,,,,-2,,7878,-4,2,0,77,,9286263526010,
2026-08-18 00:04:16.877,pulse_batch,x,,,,,-2,,7880,-6,0,0,77,,9286283967599,
2026-08-18 00:04:16.882,move_finish,x,,,10,,,,7880,-6,0,0,77,,9286289087478,
2026-08-18 00:04:17.048,target_finish,x,0,stored,,,,,,-6,0,0,77,0,,ok=True
2026-08-18 00:04:17.048,target_finish,y,0,stored,,,,,,2,0,4,4,0,,ok=True
2026-08-18 00:04:22.190,target_start,x,1,stored,,,,,,-6,0,0,77,455,,
2026-08-18 00:04:22.190,target_start,y,1,stored,,,,,,2,0,4,4,-436,,
2026-08-18 00:04:22.190,approach_source_start,x,1,stored,,,,1,,-6,0,0,77,368,,
2026-08-18 00:04:22.190,approach_source_start,y,1,stored,,,,-1,,2,0,4,4,-422,,
2026-08-18 00:04:22.193,move_start,y,,,11,-426,,-1,4142,2,0,4,4,,9291600320012,
2026-08-18 00:04:22.193,move_start,x,,,11,445,,1,7880,-6,0,0,77,,9291600550936,
2026-08-18 00:04:22.199,pulse_batch,x,,,,,1,,7881,-5,0,1,77,,9291605765944,
2026-08-18 00:04:22.199,pulse_batch,y,,,,,-1,,4143,1,0,3,4,,9291605900055,
2026-08-18 00:04:22.219,pulse_batch,y,,,,,-2,,4145,-1,0,1,4,,9291626424088,
2026-08-18 00:04:22.219,pulse_batch,x,,,,,2,,7883,-3,0,3,77,,9291626508476,
2026-08-18 00:04:22.240,pulse_batch,y,,,,,-2,,4147,-3,-1,0,4,,9291646723326,
2026-08-18 00:04:22.240,pulse_batch,x,,,,,2,,7885,-1,0,5,77,,9291646889492,
2026-08-18 00:04:22.262,pulse_batch,x,,,,,2,,7887,1,0,7,77,,9291668665074,
2026-08-18 00:04:22.262,pulse_batch,y,,,,,-2,,4149,-5,-3,0,4,,9291668594760,
2026-08-18 00:04:22.282,pulse_batch,x,,,,,2,,7889,3,0,9,77,,9291689078460,
2026-08-18 00:04:22.282,pulse_batch,y,,,,,-2,,4151,-7,-5,0,4,,9291689378181,
2026-08-18 00:04:22.302,pulse_batch,x,,,,,2,,7891,5,0,11,77,,9291709388513,
2026-08-18 00:04:22.302,pulse_batch,y,,,,,-2,,4153,-9,-7,0,4,,9291709638253,
2026-08-18 00:04:22.323,pulse_batch,y,,,,,-2,,4155,-11,-9,0,4,,9291729948954,
2026-08-18 00:04:22.323,pulse_batch,x,,,,,2,,7893,7,0,13,77,,9291730111305,
2026-08-18 00:04:22.344,pulse_batch,y,,,,,-2,,4157,-13,-11,0,4,,9291750694079,
2026-08-18 00:04:22.344,pulse_batch,x,,,,,2,,7895,9,0,15,77,,9291750996207,
2026-08-18 00:04:22.364,pulse_batch,y,,,,,-2,,4159,-15,-13,0,4,,9291771051520,
2026-08-18 00:04:22.364,pulse_batch,x,,,,,2,,7897,11,0,17,77,,9291771300315,
2026-08-18 00:04:22.385,pulse_batch,y,,,,,-2,,4161,-17,-15,0,4,,9291792162217,
2026-08-18 00:04:22.385,pulse_batch,x,,,,,2,,7899,13,0,19,77,,9291792099699,
2026-08-18 00:04:22.406,pulse_batch,x,,,,,2,,7901,15,0,21,77,,9291812846861,
2026-08-18 00:04:22.406,pulse_batch,y,,,,,-2,,4163,-19,-17,0,4,,9291812758176,
2026-08-18 00:04:22.426,pulse_batch,y,,,,,-2,,4165,-21,-19,0,4,,9291833265765,
2026-08-18 00:04:22.426,pulse_batch,x,,,,,2,,7903,17,0,23,77,,9291833452727,
2026-08-18 00:04:22.446,pulse_batch,y,,,,,-2,,4167,-23,-21,0,4,,9291853547985,
2026-08-18 00:04:22.447,pulse_batch,x,,,,,2,,7905,19,0,25,77,,9291853749410,
2026-08-18 00:04:22.467,pulse_batch,y,,,,,-2,,4169,-25,-23,0,4,,9291873999167,
2026-08-18 00:04:22.467,pulse_batch,x,,,,,2,,7907,21,0,27,77,,9291874264870,
2026-08-18 00:04:22.487,pulse_batch,y,,,,,-2,,4171,-27,-25,0,4,,9291894411424,
2026-08-18 00:04:22.488,pulse_batch,x,,,,,2,,7909,23,0,29,77,,9291894810625,
2026-08-18 00:04:22.508,pulse_batch,y,,,,,-2,,4173,-29,-27,0,4,,9291914707866,
2026-08-18 00:04:22.508,pulse_batch,x,,,,,2,,7911,25,0,31,77,,9291915068197,
2026-08-18 00:04:22.528,pulse_batch,x,,,,,2,,7913,27,0,33,77,,9291935531879,
2026-08-18 00:04:22.529,pulse_batch,y,,,,,-2,,4175,-31,-29,0,4,,9291935435398,
2026-08-18 00:04:22.549,pulse_batch,x,,,,,2,,7915,29,0,35,77,,9291955855488,
2026-08-18 00:04:22.549,pulse_batch,y,,,,,-2,,4177,-33,-31,0,4,,9291956084338,
2026-08-18 00:04:22.569,pulse_batch,x,,,,,2,,7917,31,0,37,77,,9291976165615,
2026-08-18 00:04:22.569,pulse_batch,y,,,,,-2,,4179,-35,-33,0,4,,9291976347077,
2026-08-18 00:04:22.589,pulse_batch,x,,,,,2,,7919,33,0,39,77,,9291996518131,
2026-08-18 00:04:22.590,pulse_batch,y,,,,,-2,,4181,-37,-35,0,4,,9291996804166,
2026-08-18 00:04:22.611,pulse_batch,x,,,,,2,,7921,35,0,41,77,,9292017894437,
2026-08-18 00:04:22.611,pulse_batch,y,,,,,-2,,4183,-39,-37,0,4,,9292018156510,
2026-08-18 00:04:22.631,pulse_batch,x,,,,,2,,7923,37,0,43,77,,9292038209676,
2026-08-18 00:04:22.631,pulse_batch,y,,,,,-2,,4185,-41,-39,0,4,,9292038421693,
2026-08-18 00:04:22.651,pulse_batch,x,,,,,2,,7925,39,0,45,77,,9292058546266,
2026-08-18 00:04:22.652,pulse_batch,y,,,,,-2,,4187,-43,-41,0,4,,9292058758227,
2026-08-18 00:04:22.672,pulse_batch,y,,,,,-2,,4189,-45,-43,0,4,,9292079110891,
2026-08-18 00:04:22.672,pulse_batch,x,,,,,2,,7927,41,0,47,77,,9292079296650,
2026-08-18 00:04:22.692,pulse_batch,y,,,,,-2,,4191,-47,-45,0,4,,9292099556647,
2026-08-18 00:04:22.693,pulse_batch,x,,,,,2,,7929,43,0,49,77,,9292099775943,
2026-08-18 00:04:22.713,pulse_batch,y,,,,,-2,,4193,-49,-47,0,4,,9292119856016,
2026-08-18 00:04:22.713,pulse_batch,x,,,,,2,,7931,45,0,51,77,,9292120105310,
2026-08-18 00:04:22.735,pulse_batch,y,,,,,-2,,4195,-51,-49,0,4,,9292142228835,
2026-08-18 00:04:22.735,pulse_batch,x,,,,,2,,7933,47,0,53,77,,9292142505648,
2026-08-18 00:04:22.755,pulse_batch,y,,,,,-2,,4197,-53,-51,0,4,,9292162591388,
2026-08-18 00:04:22.756,pulse_batch,x,,,,,2,,7935,49,0,55,77,,9292162836923,
2026-08-18 00:04:22.776,pulse_batch,y,,,,,-2,,4199,-55,-53,0,4,,9292182869126,
2026-08-18 00:04:22.776,pulse_batch,x,,,,,2,,7937,51,0,57,77,,9292183088625,
2026-08-18 00:04:22.797,pulse_batch,x,,,,,2,,7939,53,0,59,77,,9292203707306,
2026-08-18 00:04:22.797,pulse_batch,y,,,,,-2,,4201,-57,-55,0,4,,9292204189452,
2026-08-18 00:04:22.817,pulse_batch,x,,,,,2,,7941,55,0,61,77,,9292224186136,
2026-08-18 00:04:22.818,pulse_batch,y,,,,,-2,,4203,-59,-57,0,4,,9292224929243,
2026-08-18 00:04:22.837,pulse_batch,x,,,,,2,,7943,57,0,63,77,,9292244491189,
2026-08-18 00:04:22.838,pulse_batch,y,,,,,-2,,4205,-61,-59,0,4,,9292245204167,
2026-08-18 00:04:22.858,pulse_batch,x,,,,,2,,7945,59,0,65,77,,9292265227055,
2026-08-18 00:04:22.859,pulse_batch,y,,,,,-2,,4207,-63,-61,0,4,,9292265568016,
2026-08-18 00:04:22.879,pulse_batch,x,,,,,2,,7947,61,0,67,77,,9292286039457,
2026-08-18 00:04:22.879,pulse_batch,y,,,,,-2,,4209,-65,-63,0,4,,9292286264826,
2026-08-18 00:04:22.899,pulse_batch,x,,,,,2,,7949,63,0,69,77,,9292306400862,
2026-08-18 00:04:22.899,pulse_batch,y,,,,,-2,,4211,-67,-65,0,4,,9292306600342,
2026-08-18 00:04:22.920,pulse_batch,x,,,,,2,,7951,65,0,71,77,,9292326957266,
2026-08-18 00:04:22.920,pulse_batch,y,,,,,-2,,4213,-69,-67,0,4,,9292327068117,
2026-08-18 00:04:22.940,pulse_batch,x,,,,,2,,7953,67,0,73,77,,9292347331726,
2026-08-18 00:04:22.940,pulse_batch,y,,,,,-2,,4215,-71,-69,0,4,,9292347437558,
2026-08-18 00:04:22.961,pulse_batch,x,,,,,2,,7955,69,0,75,77,,9292367840852,
2026-08-18 00:04:22.961,pulse_batch,y,,,,,-2,,4217,-73,-71,0,4,,9292367933500,
2026-08-18 00:04:22.981,pulse_batch,x,,,,,2,,7957,71,0,77,77,,9292388142331,
2026-08-18 00:04:22.981,pulse_batch,y,,,,,-2,,4219,-75,-73,0,4,,9292388220423,
2026-08-18 00:04:23.002,pulse_batch,x,,,,,2,,7959,73,2,77,77,,9292409161602,
2026-08-18 00:04:23.002,pulse_batch,y,,,,,-2,,4221,-77,-75,0,4,,9292409068344,
2026-08-18 00:04:23.022,pulse_batch,y,,,,,-2,,4223,-79,-77,0,4,,9292429440637,
2026-08-18 00:04:23.022,pulse_batch,x,,,,,2,,7961,75,4,77,77,,9292429535859,
2026-08-18 00:04:23.043,pulse_batch,y,,,,,-2,,4225,-81,-79,0,4,,9292449731191,
2026-08-18 00:04:23.043,pulse_batch,x,,,,,2,,7963,77,6,77,77,,9292449920060,
2026-08-18 00:04:23.063,pulse_batch,y,,,,,-2,,4227,-83,-81,0,4,,9292470435427,
2026-08-18 00:04:23.064,pulse_batch,x,,,,,2,,7965,79,8,77,77,,9292470677203,
2026-08-18 00:04:23.084,pulse_batch,y,,,,,-2,,4229,-85,-83,0,4,,9292490861591,
2026-08-18 00:04:23.084,pulse_batch,x,,,,,2,,7967,81,10,77,77,,9292491071145,
2026-08-18 00:04:23.104,pulse_batch,x,,,,,2,,7969,83,12,77,77,,9292511458050,
2026-08-18 00:04:23.104,pulse_batch,y,,,,,-2,,4231,-87,-85,0,4,,9292511512660,
2026-08-18 00:04:23.125,pulse_batch,y,,,,,-2,,4233,-89,-87,0,4,,9292532385229,
2026-08-18 00:04:23.125,pulse_batch,x,,,,,2,,7971,85,14,77,77,,9292532235322,
2026-08-18 00:04:23.146,pulse_batch,x,,,,,2,,7973,87,16,77,77,,9292552649838,
2026-08-18 00:04:23.147,pulse_batch,y,,,,,-2,,4235,-91,-89,0,4,,9292554591938,
2026-08-18 00:04:23.166,pulse_batch,x,,,,,2,,7975,89,18,77,77,,9292572963447,
2026-08-18 00:04:23.168,pulse_batch,y,,,,,-2,,4237,-93,-91,0,4,,9292574893158,
2026-08-18 00:04:23.186,pulse_batch,x,,,,,2,,7977,91,20,77,77,,9292593282611,
2026-08-18 00:04:23.188,pulse_batch,y,,,,,-2,,4239,-95,-93,0,4,,9292595241174,
2026-08-18 00:04:23.207,pulse_batch,x,,,,,2,,7979,93,22,77,77,,9292613675497,
2026-08-18 00:04:23.209,pulse_batch,y,,,,,-2,,4241,-97,-95,0,4,,9292615676782,
2026-08-18 00:04:23.227,pulse_batch,x,,,,,2,,7981,95,24,77,77,,9292634107735,
2026-08-18 00:04:23.230,pulse_batch,y,,,,,-2,,4243,-99,-97,0,4,,9292636951608,
2026-08-18 00:04:23.247,pulse_batch,x,,,,,2,,7983,97,26,77,77,,9292654519417,
2026-08-18 00:04:23.250,pulse_batch,y,,,,,-2,,4245,-101,-99,0,4,,9292657312568,
2026-08-18 00:04:23.268,pulse_batch,x,,,,,2,,7985,99,28,77,77,,9292674908229,
2026-08-18 00:04:23.271,pulse_batch,y,,,,,-2,,4247,-103,-101,0,4,,9292677719547,
2026-08-18 00:04:23.288,pulse_batch,x,,,,,2,,7987,101,30,77,77,,9292695284486,
2026-08-18 00:04:23.291,pulse_batch,y,,,,,-2,,4249,-105,-103,0,4,,9292698592356,
2026-08-18 00:04:23.308,pulse_batch,x,,,,,2,,7989,103,32,77,77,,9292715585298,
2026-08-18 00:04:23.312,pulse_batch,y,,,,,-2,,4251,-107,-105,0,4,,9292718861039,
2026-08-18 00:04:23.329,pulse_batch,x,,,,,2,,7991,105,34,77,77,,9292736198257,
2026-08-18 00:04:23.332,pulse_batch,y,,,,,-2,,4253,-109,-107,0,4,,9292739284944,
2026-08-18 00:04:23.350,pulse_batch,x,,,,,2,,7993,107,36,77,77,,9292756603328,
2026-08-18 00:04:23.352,pulse_batch,y,,,,,-2,,4255,-111,-109,0,4,,9292759632423,
2026-08-18 00:04:23.370,pulse_batch,x,,,,,2,,7995,109,38,77,77,,9292776936955,
2026-08-18 00:04:23.373,pulse_batch,y,,,,,-2,,4257,-113,-111,0,4,,9292779922513,
2026-08-18 00:04:23.390,pulse_batch,x,,,,,2,,7997,111,40,77,77,,9292797384101,
2026-08-18 00:04:23.393,pulse_batch,y,,,,,-2,,4259,-115,-113,0,4,,9292800405991,
2026-08-18 00:04:23.412,pulse_batch,x,,,,,2,,7999,113,42,77,77,,9292818935184,
2026-08-18 00:04:23.414,pulse_batch,y,,,,,-2,,4261,-117,-115,0,4,,9292820698878,
2026-08-18 00:04:23.432,pulse_batch,x,,,,,2,,8001,115,44,77,77,,9292839397625,
2026-08-18 00:04:23.434,pulse_batch,y,,,,,-2,,4263,-119,-117,0,4,,9292840985838,
2026-08-18 00:04:23.453,pulse_batch,x,,,,,2,,8003,117,46,77,77,,9292859738882,
2026-08-18 00:04:23.454,pulse_batch,y,,,,,-2,,4265,-121,-119,0,4,,9292861283373,
2026-08-18 00:04:23.473,pulse_batch,x,,,,,2,,8005,119,48,77,77,,9292880113712,
2026-08-18 00:04:23.474,pulse_batch,y,,,,,-2,,4267,-123,-121,0,4,,9292881631463,
2026-08-18 00:04:23.494,pulse_batch,x,,,,,2,,8007,121,50,77,77,,9292900683135,
2026-08-18 00:04:23.495,pulse_batch,y,,,,,-2,,4269,-125,-123,0,4,,9292902046294,
2026-08-18 00:04:23.514,pulse_batch,x,,,,,2,,8009,123,52,77,77,,9292920990929,
2026-08-18 00:04:23.515,pulse_batch,y,,,,,-2,,4271,-127,-125,0,4,,9292922285199,
2026-08-18 00:04:23.535,pulse_batch,x,,,,,2,,8011,125,54,77,77,,9292941732294,
2026-08-18 00:04:23.536,pulse_batch,y,,,,,-2,,4273,-129,-127,0,4,,9292942940269,
2026-08-18 00:04:23.555,pulse_batch,x,,,,,2,,8013,127,56,77,77,,9292962104866,
2026-08-18 00:04:23.556,pulse_batch,y,,,,,-2,,4275,-131,-129,0,4,,9292963273915,
2026-08-18 00:04:23.575,pulse_batch,x,,,,,2,,8015,129,58,77,77,,9292982407863,
2026-08-18 00:04:23.576,pulse_batch,y,,,,,-2,,4277,-133,-131,0,4,,9292983532394,
2026-08-18 00:04:23.596,pulse_batch,x,,,,,2,,8017,131,60,77,77,,9293003066989,
2026-08-18 00:04:23.597,pulse_batch,y,,,,,-2,,4279,-135,-133,0,4,,9293003861206,
2026-08-18 00:04:23.616,pulse_batch,x,,,,,2,,8019,133,62,77,77,,9293023477060,
2026-08-18 00:04:23.618,pulse_batch,y,,,,,-2,,4281,-137,-135,0,4,,9293025240068,
2026-08-18 00:04:23.637,pulse_batch,x,,,,,2,,8021,135,64,77,77,,9293043769446,
2026-08-18 00:04:23.638,pulse_batch,y,,,,,-2,,4283,-139,-137,0,4,,9293045523640,
2026-08-18 00:04:23.657,pulse_batch,x,,,,,2,,8023,137,66,77,77,,9293064073129,
2026-08-18 00:04:23.659,pulse_batch,y,,,,,-2,,4285,-141,-139,0,4,,9293065950452,
2026-08-18 00:04:23.679,pulse_batch,x,,,,,2,,8025,139,68,77,77,,9293085951118,
2026-08-18 00:04:23.679,pulse_batch,y,,,,,-2,,4287,-143,-141,0,4,,9293086380579,
2026-08-18 00:04:23.699,pulse_batch,x,,,,,2,,8027,141,70,77,77,,9293106283857,
2026-08-18 00:04:23.700,pulse_batch,y,,,,,-2,,4289,-145,-143,0,4,,9293106676465,
2026-08-18 00:04:23.719,pulse_batch,x,,,,,2,,8029,143,72,77,77,,9293126569780,
2026-08-18 00:04:23.720,pulse_batch,y,,,,,-2,,4291,-147,-145,0,4,,9293126981574,
2026-08-18 00:04:23.740,pulse_batch,x,,,,,2,,8031,145,74,77,77,,9293146951648,
2026-08-18 00:04:23.741,pulse_batch,y,,,,,-2,,4293,-149,-147,0,4,,9293147821087,
2026-08-18 00:04:23.760,pulse_batch,x,,,,,2,,8033,147,76,77,77,,9293167349034,
2026-08-18 00:04:23.762,pulse_batch,y,,,,,-2,,4295,-151,-149,0,4,,9293168674971,
2026-08-18 00:04:23.780,pulse_batch,x,,,,,2,,8035,149,78,77,77,,9293187615217,
2026-08-18 00:04:23.782,pulse_batch,y,,,,,-2,,4297,-153,-151,0,4,,9293188959450,
2026-08-18 00:04:23.801,pulse_batch,x,,,,,2,,8037,151,80,77,77,,9293208391268,
2026-08-18 00:04:23.802,pulse_batch,y,,,,,-2,,4299,-155,-153,0,4,,9293209653446,
2026-08-18 00:04:23.822,pulse_batch,x,,,,,2,,8039,153,82,77,77,,9293228720210,
2026-08-18 00:04:23.823,pulse_batch,y,,,,,-2,,4301,-157,-155,0,4,,9293229971203,
2026-08-18 00:04:23.842,pulse_batch,x,,,,,2,,8041,155,84,77,77,,9293249001059,
2026-08-18 00:04:23.843,pulse_batch,y,,,,,-2,,4303,-159,-157,0,4,,9293250224738,
2026-08-18 00:04:23.863,pulse_batch,x,,,,,2,,8043,157,86,77,77,,9293270349977,
2026-08-18 00:04:23.863,pulse_batch,y,,,,,-2,,4305,-161,-159,0,4,,9293270569383,
2026-08-18 00:04:23.884,pulse_batch,x,,,,,2,,8045,159,88,77,77,,9293290771400,
2026-08-18 00:04:23.884,pulse_batch,y,,,,,-2,,4307,-163,-161,0,4,,9293290943862,
2026-08-18 00:04:23.904,pulse_batch,x,,,,,2,,8047,161,90,77,77,,9293311093083,
2026-08-18 00:04:23.904,pulse_batch,y,,,,,-2,,4309,-165,-163,0,4,,9293311261693,
2026-08-18 00:04:23.926,pulse_batch,x,,,,,2,,8049,163,92,77,77,,9293332985461,
2026-08-18 00:04:23.926,pulse_batch,y,,,,,-2,,4311,-167,-165,0,4,,9293333144663,
2026-08-18 00:04:23.946,pulse_batch,x,,,,,2,,8051,165,94,77,77,,9293353504957,
2026-08-18 00:04:23.947,pulse_batch,y,,,,,-2,,4313,-169,-167,0,4,,9293353820363,
2026-08-18 00:04:23.967,pulse_batch,x,,,,,2,,8053,167,96,77,77,,9293373829047,
2026-08-18 00:04:23.967,pulse_batch,y,,,,,-2,,4315,-171,-169,0,4,,9293374085120,
2026-08-18 00:04:23.987,pulse_batch,x,,,,,2,,8055,169,98,77,77,,9293394140526,
2026-08-18 00:04:23.988,pulse_batch,y,,,,,-2,,4317,-173,-171,0,4,,9293394869448,
2026-08-18 00:04:24.008,pulse_batch,x,,,,,2,,8057,171,100,77,77,,9293414843337,
2026-08-18 00:04:24.008,pulse_batch,y,,,,,-2,,4319,-175,-173,0,4,,9293415261149,
2026-08-18 00:04:24.028,pulse_batch,x,,,,,2,,8059,173,102,77,77,,9293435260649,
2026-08-18 00:04:24.028,pulse_batch,y,,,,,-2,,4321,-177,-175,0,4,,9293435556295,
2026-08-18 00:04:24.048,pulse_batch,x,,,,,2,,8061,175,104,77,77,,9293455539609,
2026-08-18 00:04:24.049,pulse_batch,y,,,,,-2,,4323,-179,-177,0,4,,9293455826145,
2026-08-18 00:04:24.069,pulse_batch,x,,,,,2,,8063,177,106,77,77,,9293476601121,
2026-08-18 00:04:24.070,pulse_batch,y,,,,,-2,,4325,-181,-179,0,4,,9293476783565,
2026-08-18 00:04:24.090,pulse_batch,x,,,,,2,,8065,179,108,77,77,,9293496963767,
2026-08-18 00:04:24.090,pulse_batch,y,,,,,-2,,4327,-183,-181,0,4,,9293497127007,
2026-08-18 00:04:24.110,pulse_batch,x,,,,,2,,8067,181,110,77,77,,9293517284246,
2026-08-18 00:04:24.110,pulse_batch,y,,,,,-2,,4329,-185,-183,0,4,,9293517493338,
2026-08-18 00:04:24.131,pulse_batch,x,,,,,2,,8069,183,112,77,77,,9293537662799,
2026-08-18 00:04:24.131,pulse_batch,y,,,,,-2,,4331,-187,-185,0,4,,9293538147630,
2026-08-18 00:04:24.151,pulse_batch,x,,,,,2,,8071,185,114,77,77,,9293558081704,
2026-08-18 00:04:24.151,pulse_batch,y,,,,,-2,,4333,-189,-187,0,4,,9293558437220,
2026-08-18 00:04:24.171,pulse_batch,x,,,,,2,,8073,187,116,77,77,,9293578382183,
2026-08-18 00:04:24.172,pulse_batch,y,,,,,-2,,4335,-191,-189,0,4,,9293578703181,
2026-08-18 00:04:24.192,pulse_batch,x,,,,,2,,8075,189,118,77,77,,9293598716458,
2026-08-18 00:04:24.192,pulse_batch,y,,,,,-2,,4337,-193,-191,0,4,,9293598979401,
2026-08-18 00:04:24.212,pulse_batch,x,,,,,2,,8077,191,120,77,77,,9293619187029,
2026-08-18 00:04:24.212,pulse_batch,y,,,,,-2,,4339,-195,-193,0,4,,9293619462509,
2026-08-18 00:04:24.232,pulse_batch,x,,,,,2,,8079,193,122,77,77,,9293639488008,
2026-08-18 00:04:24.233,pulse_batch,y,,,,,-2,,4341,-197,-195,0,4,,9293639726044,
2026-08-18 00:04:24.253,pulse_batch,x,,,,,2,,8081,195,124,77,77,,9293659806191,
2026-08-18 00:04:24.253,pulse_batch,y,,,,,-2,,4343,-199,-197,0,4,,9293660080708,
2026-08-18 00:04:24.274,pulse_batch,y,,,,,-2,,4345,-201,-199,0,4,,9293680599631,
2026-08-18 00:04:24.274,pulse_batch,x,,,,,2,,8083,197,126,77,77,,9293680687575,
2026-08-18 00:04:24.294,pulse_batch,x,,,,,2,,8085,199,128,77,77,,9293701192793,
2026-08-18 00:04:24.294,pulse_batch,y,,,,,-2,,4347,-203,-201,0,4,,9293701123072,
2026-08-18 00:04:24.314,pulse_batch,y,,,,,-2,,4349,-205,-203,0,4,,9293721454440,
2026-08-18 00:04:24.315,pulse_batch,x,,,,,2,,8087,201,130,77,77,,9293721534791,
2026-08-18 00:04:24.335,pulse_batch,x,,,,,2,,8089,203,132,77,77,,9293742591192,
2026-08-18 00:04:24.336,pulse_batch,y,,,,,-2,,4351,-207,-205,0,4,,9293742499970,
2026-08-18 00:04:24.356,pulse_batch,y,,,,,-2,,4353,-209,-207,0,4,,9293762882005,
2026-08-18 00:04:24.356,pulse_batch,x,,,,,2,,8091,205,134,77,77,,9293762962356,
2026-08-18 00:04:24.376,pulse_batch,y,,,,,-2,,4355,-211,-209,0,4,,9293783184762,
2026-08-18 00:04:24.376,pulse_batch,x,,,,,2,,8093,207,136,77,77,,9293783231595,
2026-08-18 00:04:24.397,pulse_batch,y,,,,,-2,,4357,-213,-211,0,4,,9293804261625,
2026-08-18 00:04:24.397,pulse_batch,x,,,,,2,,8095,209,138,77,77,,9293804346829,
2026-08-18 00:04:24.418,pulse_batch,x,,,,,2,,8097,211,140,77,77,,9293824876195,
2026-08-18 00:04:24.418,pulse_batch,y,,,,,-2,,4359,-215,-213,0,4,,9293824802585,
2026-08-18 00:04:24.438,pulse_batch,y,,,,,-2,,4361,-217,-215,0,4,,9293845135545,
2026-08-18 00:04:24.438,pulse_batch,x,,,,,2,,8099,213,142,77,77,,9293845193989,
2026-08-18 00:04:24.458,pulse_batch,y,,,,,-2,,4363,-219,-217,0,4,,9293865474710,
2026-08-18 00:04:24.458,pulse_batch,x,,,,,2,,8101,215,144,77,77,,9293865544487,
2026-08-18 00:04:24.479,pulse_batch,y,,,,,-2,,4365,-221,-219,0,4,,9293886148020,
2026-08-18 00:04:24.480,pulse_batch,x,,,,,2,,8103,217,146,77,77,,9293886430481,
2026-08-18 00:04:24.499,pulse_batch,y,,,,,-2,,4367,-223,-221,0,4,,9293906457296,
2026-08-18 00:04:24.500,pulse_batch,x,,,,,2,,8105,219,148,77,77,,9293906691183,
2026-08-18 00:04:24.521,pulse_batch,y,,,,,-2,,4369,-225,-223,0,4,,9293926924792,
2026-08-18 00:04:24.522,pulse_batch,x,,,,,2,,8107,221,150,77,77,,9293928083564,
2026-08-18 00:04:24.541,pulse_batch,y,,,,,-2,,4371,-227,-225,0,4,,9293948051952,
2026-08-18 00:04:24.541,pulse_batch,x,,,,,2,,8109,223,152,77,77,,9293948399672,
2026-08-18 00:04:24.561,pulse_batch,y,,,,,-2,,4373,-229,-227,0,4,,9293968443135,
2026-08-18 00:04:24.562,pulse_batch,x,,,,,2,,8111,225,154,77,77,,9293968705522,
2026-08-18 00:04:24.582,pulse_batch,y,,,,,-2,,4375,-231,-229,0,4,,9293989514517,
2026-08-18 00:04:24.582,pulse_batch,x,,,,,2,,8113,227,156,77,77,,9293989681257,
2026-08-18 00:04:24.603,pulse_batch,y,,,,,-2,,4377,-233,-231,0,4,,9294009965495,
2026-08-18 00:04:24.603,pulse_batch,x,,,,,2,,8115,229,158,77,77,,9294010177772,
2026-08-18 00:04:24.623,pulse_batch,y,,,,,-2,,4379,-235,-233,0,4,,9294030359400,
2026-08-18 00:04:24.626,pulse_batch,x,,,,,2,,8117,231,160,77,77,,9294033361439,
2026-08-18 00:04:24.643,pulse_batch,y,,,,,-2,,4381,-237,-235,0,4,,9294050642028,
2026-08-18 00:04:24.646,pulse_batch,x,,,,,2,,8119,233,162,77,77,,9294053631881,
2026-08-18 00:04:24.664,pulse_batch,y,,,,,-2,,4383,-239,-237,0,4,,9294070986340,
2026-08-18 00:04:24.669,pulse_batch,x,,,,,2,,8121,235,164,77,77,,9294076071978,
2026-08-18 00:04:24.684,pulse_batch,y,,,,,-2,,4385,-241,-239,0,4,,9294091460337,
2026-08-18 00:04:24.689,pulse_batch,x,,,,,2,,8123,237,166,77,77,,9294096351365,
2026-08-18 00:04:24.705,pulse_batch,y,,,,,-2,,4387,-243,-241,0,4,,9294111772075,
2026-08-18 00:04:24.709,pulse_batch,x,,,,,2,,8125,239,168,77,77,,9294116633585,
2026-08-18 00:04:24.725,pulse_batch,y,,,,,-2,,4389,-245,-243,0,4,,9294132106350,
2026-08-18 00:04:24.731,pulse_batch,x,,,,,2,,8127,241,170,77,77,,9294137652357,
2026-08-18 00:04:24.746,pulse_batch,y,,,,,-2,,4391,-247,-245,0,4,,9294152954290,
2026-08-18 00:04:24.751,pulse_batch,x,,,,,2,,8129,243,172,77,77,,9294158218853,
2026-08-18 00:04:24.766,pulse_batch,y,,,,,-2,,4393,-249,-247,0,4,,9294173241510,
2026-08-18 00:04:24.771,pulse_batch,x,,,,,2,,8131,245,174,77,77,,9294178503666,
2026-08-18 00:04:24.786,pulse_batch,y,,,,,-2,,4395,-251,-249,0,4,,9294193551304,
2026-08-18 00:04:24.792,pulse_batch,x,,,,,2,,8133,247,176,77,77,,9294198913737,
2026-08-18 00:04:24.807,pulse_batch,y,,,,,-2,,4397,-253,-251,0,4,,9294214460761,
2026-08-18 00:04:24.812,pulse_batch,x,,,,,2,,8135,249,178,77,77,,9294219595325,
2026-08-18 00:04:24.828,pulse_batch,y,,,,,-2,,4399,-255,-253,0,4,,9294235110738,
2026-08-18 00:04:24.833,pulse_batch,x,,,,,2,,8137,251,180,77,77,,9294239942822,
2026-08-18 00:04:24.848,pulse_batch,y,,,,,-2,,4401,-257,-255,0,4,,9294255441810,
2026-08-18 00:04:24.853,pulse_batch,x,,,,,2,,8139,253,182,77,77,,9294260261376,
2026-08-18 00:04:24.869,pulse_batch,y,,,,,-2,,4403,-259,-257,0,4,,9294276082917,
2026-08-18 00:04:24.874,pulse_batch,x,,,,,2,,8141,255,184,77,77,,9294281118556,
2026-08-18 00:04:24.889,pulse_batch,y,,,,,-2,,4405,-261,-259,0,4,,9294296454840,
2026-08-18 00:04:24.894,pulse_batch,x,,,,,2,,8143,257,186,77,77,,9294301489849,
2026-08-18 00:04:24.910,pulse_batch,y,,,,,-2,,4407,-263,-261,0,4,,9294316859893,
2026-08-18 00:04:24.915,pulse_batch,x,,,,,2,,8145,259,188,77,77,,9294321752829,
2026-08-18 00:04:24.931,pulse_batch,y,,,,,-2,,4409,-265,-263,0,4,,9294338213903,
2026-08-18 00:04:24.936,pulse_batch,x,,,,,2,,8147,261,190,77,77,,9294343395449,
2026-08-18 00:04:24.952,pulse_batch,y,,,,,-2,,4411,-267,-265,0,4,,9294358877992,
2026-08-18 00:04:24.957,pulse_batch,x,,,,,2,,8149,263,192,77,77,,9294363951371,
2026-08-18 00:04:24.972,pulse_batch,y,,,,,-2,,4413,-269,-267,0,4,,9294379349211,
2026-08-18 00:04:24.977,pulse_batch,x,,,,,2,,8151,265,194,77,77,,9294384234146,
2026-08-18 00:04:24.993,pulse_batch,y,,,,,-2,,4415,-271,-269,0,4,,9294399654560,
2026-08-18 00:04:24.997,pulse_batch,x,,,,,2,,8153,267,196,77,77,,9294404620144,
2026-08-18 00:04:25.014,pulse_batch,y,,,,,-2,,4417,-273,-271,0,4,,9294420811405,
2026-08-18 00:04:25.018,pulse_batch,x,,,,,2,,8155,269,198,77,77,,9294425360065,
2026-08-18 00:04:25.034,pulse_batch,y,,,,,-2,,4419,-275,-273,0,4,,9294441213847,
2026-08-18 00:04:25.038,pulse_batch,x,,,,,2,,8157,271,200,77,77,,9294445639248,
2026-08-18 00:04:25.054,pulse_batch,y,,,,,-2,,4421,-277,-275,0,4,,9294461524752,
2026-08-18 00:04:25.059,pulse_batch,x,,,,,2,,8159,273,202,77,77,,9294465975820,
2026-08-18 00:04:25.075,pulse_batch,y,,,,,-2,,4423,-279,-277,0,4,,9294481983656,
2026-08-18 00:04:25.080,pulse_batch,x,,,,,2,,8161,275,204,77,77,,9294486644093,
2026-08-18 00:04:25.095,pulse_batch,y,,,,,-2,,4425,-281,-279,0,4,,9294502311858,
2026-08-18 00:04:25.100,pulse_batch,x,,,,,2,,8163,277,206,77,77,,9294506937054,
2026-08-18 00:04:25.115,pulse_batch,y,,,,,-2,,4427,-283,-281,0,4,,9294522593856,
2026-08-18 00:04:25.121,pulse_batch,x,,,,,2,,8165,279,208,77,77,,9294527704901,
2026-08-18 00:04:25.136,pulse_batch,y,,,,,-2,,4429,-285,-283,0,4,,9294543255203,
2026-08-18 00:04:25.141,pulse_batch,x,,,,,2,,8167,281,210,77,77,,9294548110287,
2026-08-18 00:04:25.156,pulse_batch,y,,,,,-2,,4431,-287,-285,0,4,,9294563573720,
2026-08-18 00:04:25.161,pulse_batch,x,,,,,2,,8169,283,212,77,77,,9294568486211,
2026-08-18 00:04:25.177,pulse_batch,y,,,,,-2,,4433,-289,-287,0,4,,9294583869903,
2026-08-18 00:04:25.182,pulse_batch,x,,,,,2,,8171,285,214,77,77,,9294588773598,
2026-08-18 00:04:25.197,pulse_batch,y,,,,,-2,,4435,-291,-289,0,4,,9294604596472,
2026-08-18 00:04:25.203,pulse_batch,x,,,,,2,,8173,287,216,77,77,,9294609658111,
2026-08-18 00:04:25.218,pulse_batch,y,,,,,-2,,4437,-293,-291,0,4,,9294625233616,
2026-08-18 00:04:25.223,pulse_batch,x,,,,,2,,8175,289,218,77,77,,9294630028608,
2026-08-18 00:04:25.238,pulse_batch,y,,,,,-2,,4439,-295,-293,0,4,,9294645552151,
2026-08-18 00:04:25.243,pulse_batch,x,,,,,2,,8177,291,220,77,77,,9294650292828,
2026-08-18 00:04:25.259,pulse_batch,y,,,,,-2,,4441,-297,-295,0,4,,9294665872408,
2026-08-18 00:04:25.264,pulse_batch,x,,,,,2,,8179,293,222,77,77,,9294671572154,
2026-08-18 00:04:25.280,pulse_batch,y,,,,,-2,,4443,-299,-297,0,4,,9294687055919,
2026-08-18 00:04:25.285,pulse_batch,x,,,,,2,,8181,295,224,77,77,,9294692456926,
2026-08-18 00:04:25.300,pulse_batch,y,,,,,-2,,4445,-301,-299,0,4,,9294707295455,
2026-08-18 00:04:25.306,pulse_batch,x,,,,,2,,8183,297,226,77,77,,9294712744035,
2026-08-18 00:04:25.320,pulse_batch,y,,,,,-2,,4447,-303,-301,0,4,,9294727604971,
2026-08-18 00:04:25.326,pulse_batch,x,,,,,2,,8185,299,228,77,77,,9294733048829,
2026-08-18 00:04:25.341,pulse_batch,y,,,,,-2,,4449,-305,-303,0,4,,9294748326837,
2026-08-18 00:04:25.347,pulse_batch,x,,,,,2,,8187,301,230,77,77,,9294753635640,
2026-08-18 00:04:25.362,pulse_batch,y,,,,,-2,,4451,-307,-305,0,4,,9294768729093,
2026-08-18 00:04:25.367,pulse_batch,x,,,,,2,,8189,303,232,77,77,,9294774173730,
2026-08-18 00:04:25.382,pulse_batch,y,,,,,-2,,4453,-309,-307,0,4,,9294789064813,
2026-08-18 00:04:25.387,pulse_batch,x,,,,,2,,8191,305,234,77,77,,9294794474857,
2026-08-18 00:04:25.403,pulse_batch,y,,,,,-2,,4455,-311,-309,0,4,,9294810066066,
2026-08-18 00:04:25.408,pulse_batch,x,,,,,2,,8193,307,236,77,77,,9294815112112,
2026-08-18 00:04:25.424,pulse_batch,y,,,,,-2,,4457,-313,-311,0,4,,9294831518354,
2026-08-18 00:04:25.430,pulse_batch,x,,,,,2,,8195,309,238,77,77,,9294837001583,
2026-08-18 00:04:25.445,pulse_batch,y,,,,,-2,,4459,-315,-313,0,4,,9294851809963,
2026-08-18 00:04:25.450,pulse_batch,x,,,,,2,,8197,311,240,77,77,,9294857276470,
2026-08-18 00:04:25.465,pulse_batch,y,,,,,-2,,4461,-317,-315,0,4,,9294872168405,
2026-08-18 00:04:25.470,pulse_batch,x,,,,,2,,8199,313,242,77,77,,9294877618986,
2026-08-18 00:04:25.485,pulse_batch,y,,,,,-2,,4463,-319,-317,0,4,,9294892560384,
2026-08-18 00:04:25.491,pulse_batch,x,,,,,2,,8201,315,244,77,77,,9294897942298,
2026-08-18 00:04:25.506,pulse_batch,y,,,,,-2,,4465,-321,-319,0,4,,9294912856307,
2026-08-18 00:04:25.511,pulse_batch,x,,,,,2,,8203,317,246,77,77,,9294918220333,
2026-08-18 00:04:25.526,pulse_batch,y,,,,,-2,,4467,-323,-321,0,4,,9294933236749,
2026-08-18 00:04:25.531,pulse_batch,x,,,,,2,,8205,319,248,77,77,,9294938605682,
2026-08-18 00:04:25.547,pulse_batch,y,,,,,-2,,4469,-325,-323,0,4,,9294953671691,
2026-08-18 00:04:25.552,pulse_batch,x,,,,,2,,8207,321,250,77,77,,9294959124679,
2026-08-18 00:04:25.567,pulse_batch,y,,,,,-2,,4471,-327,-325,0,4,,9294973966541,
2026-08-18 00:04:25.572,pulse_batch,x,,,,,2,,8209,323,252,77,77,,9294979397844,
2026-08-18 00:04:25.587,pulse_batch,y,,,,,-2,,4473,-329,-327,0,4,,9294994314057,
2026-08-18 00:04:25.593,pulse_batch,x,,,,,2,,8211,325,254,77,77,,9294999715026,
2026-08-18 00:04:25.609,pulse_batch,y,,,,,-2,,4475,-331,-329,0,4,,9295016064139,
2026-08-18 00:04:25.613,pulse_batch,x,,,,,2,,8213,327,256,77,77,,9295020403559,
2026-08-18 00:04:25.632,pulse_batch,y,,,,,-2,,4477,-333,-331,0,4,,9295039310731,
2026-08-18 00:04:25.634,pulse_batch,x,,,,,2,,8215,329,258,77,77,,9295040745112,
2026-08-18 00:04:25.653,pulse_batch,y,,,,,-2,,4479,-335,-333,0,4,,9295060075301,
2026-08-18 00:04:25.654,pulse_batch,x,,,,,2,,8217,331,260,77,77,,9295061145776,
2026-08-18 00:04:25.673,pulse_batch,y,,,,,-2,,4481,-337,-335,0,4,,9295080512927,
2026-08-18 00:04:25.675,pulse_batch,x,,,,,2,,8219,333,262,77,77,,9295082622860,
2026-08-18 00:04:25.694,pulse_batch,y,,,,,-2,,4483,-339,-337,0,4,,9295101025294,
2026-08-18 00:04:25.697,pulse_batch,x,,,,,2,,8221,335,264,77,77,,9295103935389,
2026-08-18 00:04:25.714,pulse_batch,y,,,,,-2,,4485,-341,-339,0,4,,9295121312589,
2026-08-18 00:04:25.717,pulse_batch,x,,,,,2,,8223,337,266,77,77,,9295124225813,
2026-08-18 00:04:25.735,pulse_batch,y,,,,,-2,,4487,-343,-341,0,4,,9295141781771,
2026-08-18 00:04:25.738,pulse_batch,x,,,,,2,,8225,339,268,77,77,,9295145403232,
2026-08-18 00:04:25.755,pulse_batch,y,,,,,-2,,4489,-345,-343,0,4,,9295162129287,
2026-08-18 00:04:25.759,pulse_batch,x,,,,,2,,8227,341,270,77,77,,9295166297652,
2026-08-18 00:04:25.775,pulse_batch,y,,,,,-2,,4491,-347,-345,0,4,,9295182431896,
2026-08-18 00:04:25.779,pulse_batch,x,,,,,2,,8229,343,272,77,77,,9295186582484,
2026-08-18 00:04:25.796,pulse_batch,y,,,,,-2,,4493,-349,-347,0,4,,9295202758282,
2026-08-18 00:04:25.800,pulse_batch,x,,,,,2,,8231,345,274,77,77,,9295207017907,
2026-08-18 00:04:25.816,pulse_batch,y,,,,,-2,,4495,-351,-349,0,4,,9295223272483,
2026-08-18 00:04:25.820,pulse_batch,x,,,,,2,,8233,347,276,77,77,,9295227351552,
2026-08-18 00:04:25.836,pulse_batch,y,,,,,-2,,4497,-353,-351,0,4,,9295243599795,
2026-08-18 00:04:25.840,pulse_batch,x,,,,,2,,8235,349,278,77,77,,9295247648810,
2026-08-18 00:04:25.857,pulse_batch,y,,,,,-2,,4499,-355,-353,0,4,,9295263929737,
2026-08-18 00:04:25.861,pulse_batch,x,,,,,2,,8237,351,280,77,77,,9295267994289,
2026-08-18 00:04:25.877,pulse_batch,y,,,,,-2,,4501,-357,-355,0,4,,9295284256716,
2026-08-18 00:04:25.881,pulse_batch,x,,,,,2,,8239,353,282,77,77,,9295288385656,
2026-08-18 00:04:25.897,pulse_batch,y,,,,,-2,,4503,-359,-357,0,4,,9295304572936,
2026-08-18 00:04:25.901,pulse_batch,x,,,,,2,,8241,355,284,77,77,,9295308649747,
2026-08-18 00:04:25.918,pulse_batch,y,,,,,-2,,4505,-361,-359,0,4,,9295324846194,
2026-08-18 00:04:25.922,pulse_batch,x,,,,,2,,8243,357,286,77,77,,9295328950541,
2026-08-18 00:04:25.938,pulse_batch,y,,,,,-2,,4507,-363,-361,0,4,,9295345241061,
2026-08-18 00:04:25.942,pulse_batch,x,,,,,2,,8245,359,288,77,77,,9295349561407,
2026-08-18 00:04:25.958,pulse_batch,y,,,,,-2,,4509,-365,-363,0,4,,9295365574448,
2026-08-18 00:04:25.963,pulse_batch,x,,,,,2,,8247,361,290,77,77,,9295370093367,
2026-08-18 00:04:25.979,pulse_batch,y,,,,,-2,,4511,-367,-365,0,4,,9295385895853,
2026-08-18 00:04:25.983,pulse_batch,x,,,,,2,,8249,363,292,77,77,,9295390368643,
2026-08-18 00:04:25.999,pulse_batch,y,,,,,-2,,4513,-369,-367,0,4,,9295406235554,
2026-08-18 00:04:26.004,pulse_batch,x,,,,,2,,8251,365,294,77,77,,9295410782918,
2026-08-18 00:04:26.019,pulse_batch,y,,,,,-2,,4515,-371,-369,0,4,,9295426594904,
2026-08-18 00:04:26.024,pulse_batch,x,,,,,2,,8253,367,296,77,77,,9295431105915,
2026-08-18 00:04:26.040,pulse_batch,y,,,,,-2,,4517,-373,-371,0,4,,9295446909087,
2026-08-18 00:04:26.044,pulse_batch,x,,,,,2,,8255,369,298,77,77,,9295451406543,
2026-08-18 00:04:26.060,pulse_batch,y,,,,,-2,,4519,-375,-373,0,4,,9295467210177,
2026-08-18 00:04:26.065,pulse_batch,x,,,,,2,,8257,371,300,77,77,,9295472013280,
2026-08-18 00:04:26.081,pulse_batch,y,,,,,-2,,4521,-377,-375,0,4,,9295487596786,
2026-08-18 00:04:26.085,pulse_batch,x,,,,,2,,8259,373,302,77,77,,9295492419703,
2026-08-18 00:04:26.101,pulse_batch,y,,,,,-2,,4523,-379,-377,0,4,,9295507886339,
2026-08-18 00:04:26.106,pulse_batch,x,,,,,2,,8261,375,304,77,77,,9295512704553,
2026-08-18 00:04:26.121,pulse_batch,y,,,,,-2,,4525,-381,-379,0,4,,9295528179078,
2026-08-18 00:04:26.126,pulse_batch,x,,,,,2,,8263,377,306,77,77,,9295533015921,
2026-08-18 00:04:26.142,pulse_batch,y,,,,,-2,,4527,-383,-381,0,4,,9295549307645,
2026-08-18 00:04:26.147,pulse_batch,x,,,,,2,,8265,379,308,77,77,,9295554528616,
2026-08-18 00:04:26.163,pulse_batch,y,,,,,-2,,4529,-385,-383,0,4,,9295569857827,
2026-08-18 00:04:26.168,pulse_batch,x,,,,,2,,8267,381,310,77,77,,9295574990020,
2026-08-18 00:04:26.183,pulse_batch,y,,,,,-2,,4531,-387,-385,0,4,,9295590141510,
2026-08-18 00:04:26.188,pulse_batch,x,,,,,2,,8269,383,312,77,77,,9295595318444,
2026-08-18 00:04:26.204,pulse_batch,y,,,,,-2,,4533,-389,-387,0,4,,9295611303503,
2026-08-18 00:04:26.209,pulse_batch,x,,,,,2,,8271,385,314,77,77,,9295616435178,
2026-08-18 00:04:26.225,pulse_batch,y,,,,,-2,,4535,-391,-389,0,4,,9295631833703,
2026-08-18 00:04:26.230,pulse_batch,x,,,,,2,,8273,387,316,77,77,,9295637128877,
2026-08-18 00:04:26.245,pulse_batch,y,,,,,-2,,4537,-393,-391,0,4,,9295652149497,
2026-08-18 00:04:26.250,pulse_batch,x,,,,,2,,8275,389,318,77,77,,9295657419653,
2026-08-18 00:04:26.266,pulse_batch,y,,,,,-2,,4539,-395,-393,0,4,,9295672991511,
2026-08-18 00:04:26.271,pulse_batch,x,,,,,2,,8277,391,320,77,77,,9295678081075,
2026-08-18 00:04:26.286,pulse_batch,y,,,,,-2,,4541,-397,-395,0,4,,9295693596229,
2026-08-18 00:04:26.291,pulse_batch,x,,,,,2,,8279,393,322,77,77,,9295698410999,
2026-08-18 00:04:26.307,pulse_batch,y,,,,,-2,,4543,-399,-397,0,4,,9295713980189,
2026-08-18 00:04:26.312,pulse_batch,x,,,,,2,,8281,395,324,77,77,,9295718722941,
2026-08-18 00:04:26.327,pulse_batch,y,,,,,-2,,4545,-401,-399,0,4,,9295734309928,
2026-08-18 00:04:26.332,pulse_batch,x,,,,,2,,8283,397,326,77,77,,9295739141938,
2026-08-18 00:04:26.348,pulse_batch,y,,,,,-2,,4547,-403,-401,0,4,,9295754790091,
2026-08-18 00:04:26.353,pulse_batch,x,,,,,2,,8285,399,328,77,77,,9295759674620,
2026-08-18 00:04:26.368,pulse_batch,y,,,,,-2,,4549,-405,-403,0,4,,9295775318014,
2026-08-18 00:04:26.373,pulse_batch,x,,,,,2,,8287,401,330,77,77,,9295779992062,
2026-08-18 00:04:26.389,pulse_batch,y,,,,,-2,,4551,-407,-405,0,4,,9295795651975,
2026-08-18 00:04:26.393,pulse_batch,x,,,,,2,,8289,403,332,77,77,,9295800458892,
2026-08-18 00:04:26.409,pulse_batch,y,,,,,-2,,4553,-409,-407,0,4,,9295816046453,
2026-08-18 00:04:26.414,pulse_batch,x,,,,,2,,8291,405,334,77,77,,9295820852149,
2026-08-18 00:04:26.429,pulse_batch,y,,,,,-2,,4555,-411,-409,0,4,,9295836359285,
2026-08-18 00:04:26.434,pulse_batch,x,,,,,2,,8293,407,336,77,77,,9295841219869,
2026-08-18 00:04:26.450,pulse_batch,y,,,,,-2,,4557,-413,-411,0,4,,9295856754504,
2026-08-18 00:04:26.455,pulse_batch,x,,,,,2,,8295,409,338,77,77,,9295861824865,
2026-08-18 00:04:26.470,pulse_batch,y,,,,,-2,,4559,-415,-413,0,4,,9295877388500,
2026-08-18 00:04:26.475,pulse_batch,x,,,,,2,,8297,411,340,77,77,,9295882283158,
2026-08-18 00:04:26.491,pulse_batch,y,,,,,-2,,4561,-417,-415,0,4,,9295897836682,
2026-08-18 00:04:26.496,pulse_batch,x,,,,,2,,8299,413,342,77,77,,9295902905784,
2026-08-18 00:04:26.511,pulse_batch,y,,,,,-2,,4563,-419,-417,0,4,,9295918369735,
2026-08-18 00:04:26.516,pulse_batch,x,,,,,2,,8301,415,344,77,77,,9295923225133,
2026-08-18 00:04:26.532,pulse_batch,y,,,,,-2,,4565,-421,-419,0,4,,9295938720806,
2026-08-18 00:04:26.537,pulse_batch,x,,,,,2,,8303,417,346,77,77,,9295943753852,
2026-08-18 00:04:26.552,pulse_batch,y,,,,,-2,,4567,-423,-421,0,4,,9295959464968,
2026-08-18 00:04:26.557,pulse_batch,x,,,,,2,,8305,419,348,77,77,,9295964172664,
2026-08-18 00:04:26.568,pulse_batch,y,,,,,-1,,4568,-424,-422,0,4,,9295974708420,
2026-08-18 00:04:26.568,move_finish,y,,,11,,,,4568,-424,-422,0,4,,9295974945882,
2026-08-18 00:04:26.577,pulse_batch,x,,,,,2,,8307,421,350,77,77,,9295984516273,
2026-08-18 00:04:26.598,pulse_batch,x,,,,,2,,8309,423,352,77,77,,9296004982585,
2026-08-18 00:04:26.620,pulse_batch,x,,,,,2,,8311,425,354,77,77,,9296026947147,
2026-08-18 00:04:26.640,pulse_batch,x,,,,,2,,8313,427,356,77,77,,9296047396700,
2026-08-18 00:04:26.662,pulse_batch,x,,,,,2,,8315,429,358,77,77,,9296069310744,
2026-08-18 00:04:26.683,pulse_batch,x,,,,,2,,8317,431,360,77,77,,9296089810556,
2026-08-18 00:04:26.703,pulse_batch,x,,,,,2,,8319,433,362,77,77,,9296110244720,
2026-08-18 00:04:26.724,pulse_batch,x,,,,,2,,8321,435,364,77,77,,9296131082363,
2026-08-18 00:04:26.744,pulse_batch,x,,,,,2,,8323,437,366,77,77,,9296151521990,
2026-08-18 00:04:26.766,pulse_batch,x,,,,,2,,8325,439,368,77,77,,9296173544089,
2026-08-18 00:04:26.771,move_finish,x,,,11,,,,8325,439,368,77,77,,9296178646653,
2026-08-18 00:04:26.925,approach_source_finish,x,1,stored,,,,1,,439,368,77,77,368,,
2026-08-18 00:04:26.925,approach_source_finish,y,1,stored,,,,-1,,-424,-422,0,4,-422,,
2026-08-18 00:04:26.930,move_start,x,,,12,87,,1,8325,439,368,77,77,,9296336837456,
2026-08-18 00:04:26.930,move_start,y,,,12,-14,,-1,4568,-424,-422,0,4,,9296337046177,
2026-08-18 00:04:26.935,pulse_batch,x,,,,,1,,8326,440,369,77,77,,9296342335425,
2026-08-18 00:04:26.935,pulse_batch,y,,,,,-1,,4569,-425,-423,0,4,,9296342581831,
2026-08-18 00:04:26.957,pulse_batch,y,,,,,-2,,4571,-427,-425,0,4,,9296364175248,
2026-08-18 00:04:26.957,pulse_batch,x,,,,,2,,8328,442,371,77,77,,9296364455969,
2026-08-18 00:04:26.977,pulse_batch,y,,,,,-2,,4573,-429,-427,0,4,,9296384531949,
2026-08-18 00:04:26.978,pulse_batch,x,,,,,2,,8330,444,373,77,77,,9296384761911,
2026-08-18 00:04:26.998,pulse_batch,y,,,,,-2,,4575,-431,-429,0,4,,9296404912817,
2026-08-18 00:04:27.002,pulse_batch,x,,,,,2,,8332,446,375,77,77,,9296408475334,
2026-08-18 00:04:27.018,pulse_batch,y,,,,,-2,,4577,-433,-431,0,4,,9296425331111,
2026-08-18 00:04:27.022,pulse_batch,x,,,,,2,,8334,448,377,77,77,,9296428888072,
2026-08-18 00:04:27.039,pulse_batch,y,,,,,-2,,4579,-435,-433,0,4,,9296445712164,
2026-08-18 00:04:27.042,pulse_batch,x,,,,,2,,8336,450,379,77,77,,9296449266218,
2026-08-18 00:04:27.059,pulse_batch,y,,,,,-2,,4581,-437,-435,0,4,,9296466357456,
2026-08-18 00:04:27.062,pulse_batch,x,,,,,2,,8338,452,381,77,77,,9296469635715,
2026-08-18 00:04:27.075,pulse_batch,y,,,,,-1,,4582,-438,-436,0,4,,9296481623371,
2026-08-18 00:04:27.075,move_finish,y,,,12,,,,4582,-438,-436,0,4,,9296481960054,
2026-08-18 00:04:27.085,pulse_batch,x,,,,,2,,8340,454,383,77,77,,9296492155127,
2026-08-18 00:04:27.105,pulse_batch,x,,,,,2,,8342,456,385,77,77,,9296512549532,
2026-08-18 00:04:27.126,pulse_batch,x,,,,,2,,8344,458,387,77,77,,9296533027955,
2026-08-18 00:04:27.146,pulse_batch,x,,,,,2,,8346,460,389,77,77,,9296553456063,
2026-08-18 00:04:27.167,pulse_batch,x,,,,,2,,8348,462,391,77,77,,9296574062355,
2026-08-18 00:04:27.187,pulse_batch,x,,,,,2,,8350,464,393,77,77,,9296594441890,
2026-08-18 00:04:27.210,pulse_batch,x,,,,,2,,8352,466,395,77,77,,9296616939024,
2026-08-18 00:04:27.230,pulse_batch,x,,,,,2,,8354,468,397,77,77,,9296637347428,
2026-08-18 00:04:27.251,pulse_batch,x,,,,,2,,8356,470,399,77,77,,9296657713426,
2026-08-18 00:04:27.271,pulse_batch,x,,,,,2,,8358,472,401,77,77,,9296678233275,
2026-08-18 00:04:27.291,pulse_batch,x,,,,,2,,8360,474,403,77,77,,9296698579328,
2026-08-18 00:04:27.312,pulse_batch,x,,,,,2,,8362,476,405,77,77,,9296718942381,
2026-08-18 00:04:27.338,pulse_batch,x,,,,,2,,8364,478,407,77,77,,9296745330919,
2026-08-18 00:04:27.359,pulse_batch,x,,,,,2,,8366,480,409,77,77,,9296765801583,
2026-08-18 00:04:27.379,pulse_batch,x,,,,,2,,8368,482,411,77,77,,9296786122692,
2026-08-18 00:04:27.402,pulse_batch,x,,,,,2,,8370,484,413,77,77,,9296806754799,
2026-08-18 00:04:27.420,pulse_batch,x,,,,,2,,8372,486,415,77,77,,9296827321240,
2026-08-18 00:04:27.441,pulse_batch,x,,,,,2,,8374,488,417,77,77,,9296847709737,
2026-08-18 00:04:27.461,pulse_batch,x,,,,,2,,8376,490,419,77,77,,9296868086920,
2026-08-18 00:04:27.481,pulse_batch,x,,,,,2,,8378,492,421,77,77,,9296888495065,
2026-08-18 00:04:27.502,pulse_batch,x,,,,,2,,8380,494,423,77,77,,9296909056228,
2026-08-18 00:04:27.522,pulse_batch,x,,,,,2,,8382,496,425,77,77,,9296929413708,
2026-08-18 00:04:27.543,pulse_batch,x,,,,,2,,8384,498,427,77,77,,9296950321665,
2026-08-18 00:04:27.564,pulse_batch,x,,,,,2,,8386,500,429,77,77,,9296970817699,
2026-08-18 00:04:27.584,pulse_batch,x,,,,,2,,8388,502,431,77,77,,9296991105956,
2026-08-18 00:04:27.605,pulse_batch,x,,,,,2,,8390,504,433,77,77,,9297011852563,
2026-08-18 00:04:27.628,pulse_batch,x,,,,,2,,8392,506,435,77,77,,9297035406357,
2026-08-18 00:04:27.649,pulse_batch,x,,,,,2,,8394,508,437,77,77,,9297055699003,
2026-08-18 00:04:27.669,pulse_batch,x,,,,,2,,8396,510,439,77,77,,9297076357351,
2026-08-18 00:04:27.690,pulse_batch,x,,,,,2,,8398,512,441,77,77,,9297096742830,
2026-08-18 00:04:27.710,pulse_batch,x,,,,,2,,8400,514,443,77,77,,9297117049587,
2026-08-18 00:04:27.730,pulse_batch,x,,,,,2,,8402,516,445,77,77,,9297137467048,
2026-08-18 00:04:27.753,pulse_batch,x,,,,,2,,8404,518,447,77,77,,9297159684368,
2026-08-18 00:04:27.773,pulse_batch,x,,,,,2,,8406,520,449,77,77,,9297180035384,
2026-08-18 00:04:27.793,pulse_batch,x,,,,,2,,8408,522,451,77,77,,9297200367067,
2026-08-18 00:04:27.818,pulse_batch,x,,,,,2,,8410,524,453,77,77,,9297225254484,
2026-08-18 00:04:27.838,pulse_batch,x,,,,,2,,8412,526,455,77,77,,9297245565945,
2026-08-18 00:04:27.843,move_finish,x,,,12,,,,8412,526,455,77,77,,9297250667991,
2026-08-18 00:04:27.991,target_finish,x,1,stored,,,,,,526,455,77,77,455,,ok=True
2026-08-18 00:04:27.991,target_finish,y,1,stored,,,,,,-438,-436,0,4,-436,,ok=True
2026-08-18 00:04:29.997,target_start,x,2,stored,,,,,,526,455,77,77,764,,
2026-08-18 00:04:29.997,target_start,y,2,stored,,,,,,-438,-436,0,4,-459,,
2026-08-18 00:04:29.998,approach_source_start,x,2,stored,,,,1,,526,455,77,77,677,,
2026-08-18 00:04:29.998,approach_source_start,y,2,stored,,,,-1,,-438,-436,0,4,-445,,
2026-08-18 00:04:30.001,move_start,x,,,13,222,,1,8412,526,455,77,77,,9299407783861,
2026-08-18 00:04:30.001,move_start,y,,,13,-9,,-1,4582,-438,-436,0,4,,9299407711713,
2026-08-18 00:04:30.006,pulse_batch,y,,,,,-1,,4583,-439,-437,0,4,,9299413282460,
2026-08-18 00:04:30.006,pulse_batch,x,,,,,1,,8413,527,456,77,77,,9299413490792,
2026-08-18 00:04:30.027,pulse_batch,y,,,,,-2,,4585,-441,-439,0,4,,9299433759791,
2026-08-18 00:04:30.027,pulse_batch,x,,,,,2,,8415,529,458,77,77,,9299433977641,
2026-08-18 00:04:30.047,pulse_batch,y,,,,,-2,,4587,-443,-441,0,4,,9299454058381,
2026-08-18 00:04:30.047,pulse_batch,x,,,,,2,,8417,531,460,77,77,,9299454274417,
2026-08-18 00:04:30.070,pulse_batch,x,,,,,2,,8419,533,462,77,77,,9299477555750,
2026-08-18 00:04:30.071,pulse_batch,y,,,,,-2,,4589,-445,-443,0,4,,9299477457121,
2026-08-18 00:04:30.091,pulse_batch,y,,,,,-2,,4591,-447,-445,0,4,,9299497883378,
2026-08-18 00:04:30.091,pulse_batch,x,,,,,2,,8421,535,464,77,77,,9299498108821,
2026-08-18 00:04:30.096,move_finish,y,,,13,,,,4591,-447,-445,0,4,,9299502997312,
2026-08-18 00:04:30.111,pulse_batch,x,,,,,2,,8423,537,466,77,77,,9299518522578,
2026-08-18 00:04:30.132,pulse_batch,x,,,,,2,,8425,539,468,77,77,,9299538926242,
2026-08-18 00:04:30.153,pulse_batch,x,,,,,2,,8427,541,470,77,77,,9299560304068,
2026-08-18 00:04:30.174,pulse_batch,x,,,,,2,,8429,543,472,77,77,,9299580712491,
2026-08-18 00:04:30.196,pulse_batch,x,,,,,2,,8431,545,474,77,77,,9299603525197,
2026-08-18 00:04:30.220,pulse_batch,x,,,,,2,,8433,547,476,77,77,,9299626956252,
2026-08-18 00:04:30.240,pulse_batch,x,,,,,2,,8435,549,478,77,77,,9299647407323,
2026-08-18 00:04:30.261,pulse_batch,x,,,,,2,,8437,551,480,77,77,,9299667898117,
2026-08-18 00:04:30.281,pulse_batch,x,,,,,2,,8439,553,482,77,77,,9299688353966,
2026-08-18 00:04:30.302,pulse_batch,x,,,,,2,,8441,555,484,77,77,,9299708728130,
2026-08-18 00:04:30.322,pulse_batch,x,,,,,2,,8443,557,486,77,77,,9299729053147,
2026-08-18 00:04:30.342,pulse_batch,x,,,,,2,,8445,559,488,77,77,,9299749580255,
2026-08-18 00:04:30.363,pulse_batch,x,,,,,2,,8447,561,490,77,77,,9299769943789,
2026-08-18 00:04:30.383,pulse_batch,x,,,,,2,,8449,563,492,77,77,,9299790221769,
2026-08-18 00:04:30.404,pulse_batch,x,,,,,2,,8451,565,494,77,77,,9299810991450,
2026-08-18 00:04:30.424,pulse_batch,x,,,,,2,,8453,567,496,77,77,,9299831524854,
2026-08-18 00:04:30.445,pulse_batch,x,,,,,2,,8455,569,498,77,77,,9299851852648,
2026-08-18 00:04:30.465,pulse_batch,x,,,,,2,,8457,571,500,77,77,,9299872545422,
2026-08-18 00:04:30.487,pulse_batch,x,,,,,2,,8459,573,502,77,77,,9299894031228,
2026-08-18 00:04:30.507,pulse_batch,x,,,,,2,,8461,575,504,77,77,,9299914380819,
2026-08-18 00:04:30.528,pulse_batch,x,,,,,2,,8463,577,506,77,77,,9299934739909,
2026-08-18 00:04:30.548,pulse_batch,x,,,,,2,,8465,579,508,77,77,,9299955166091,
2026-08-18 00:04:30.569,pulse_batch,x,,,,,2,,8467,581,510,77,77,,9299976553009,
2026-08-18 00:04:30.590,pulse_batch,x,,,,,2,,8469,583,512,77,77,,9299996849322,
2026-08-18 00:04:30.610,pulse_batch,x,,,,,2,,8471,585,514,77,77,,9300017464967,
2026-08-18 00:04:30.631,pulse_batch,x,,,,,2,,8473,587,516,77,77,,9300037886094,
2026-08-18 00:04:30.651,pulse_batch,x,,,,,2,,8475,589,518,77,77,,9300058177833,
2026-08-18 00:04:30.672,pulse_batch,x,,,,,2,,8477,591,520,77,77,,9300078662904,
2026-08-18 00:04:30.692,pulse_batch,x,,,,,2,,8479,593,522,77,77,,9300099015346,
2026-08-18 00:04:30.712,pulse_batch,x,,,,,2,,8481,595,524,77,77,,9300119345789,
2026-08-18 00:04:30.733,pulse_batch,x,,,,,2,,8483,597,526,77,77,,9300139813712,
2026-08-18 00:04:30.753,pulse_batch,x,,,,,2,,8485,599,528,77,77,,9300160266264,
2026-08-18 00:04:30.773,pulse_batch,x,,,,,2,,8487,601,530,77,77,,9300180608744,
2026-08-18 00:04:30.794,pulse_batch,x,,,,,2,,8489,603,532,77,77,,9300200923242,
2026-08-18 00:04:30.814,pulse_batch,x,,,,,2,,8491,605,534,77,77,,9300221465072,
2026-08-18 00:04:30.835,pulse_batch,x,,,,,2,,8493,607,536,77,77,,9300241840181,
2026-08-18 00:04:30.855,pulse_batch,x,,,,,2,,8495,609,538,77,77,,9300262145771,
2026-08-18 00:04:30.876,pulse_batch,x,,,,,2,,8497,611,540,77,77,,9300283006303,
2026-08-18 00:04:30.896,pulse_batch,x,,,,,2,,8499,613,542,77,77,,9300303398523,
2026-08-18 00:04:30.917,pulse_batch,x,,,,,2,,8501,615,544,77,77,,9300323721243,
2026-08-18 00:04:30.937,pulse_batch,x,,,,,2,,8503,617,546,77,77,,9300344125241,
2026-08-18 00:04:30.958,pulse_batch,x,,,,,2,,8505,619,548,77,77,,9300364748367,
2026-08-18 00:04:30.978,pulse_batch,x,,,,,2,,8507,621,550,77,77,,9300385069772,
2026-08-18 00:04:30.998,pulse_batch,x,,,,,2,,8509,623,552,77,77,,9300405406974,
2026-08-18 00:04:31.019,pulse_batch,x,,,,,2,,8511,625,554,77,77,,9300425889341,
2026-08-18 00:04:31.039,pulse_batch,x,,,,,2,,8513,627,556,77,77,,9300446203413,
2026-08-18 00:04:31.059,pulse_batch,x,,,,,2,,8515,629,558,77,77,,9300466537337,
2026-08-18 00:04:31.081,pulse_batch,x,,,,,2,,8517,631,560,77,77,,9300488255661,
2026-08-18 00:04:31.102,pulse_batch,x,,,,,2,,8519,633,562,77,77,,9300508634862,
2026-08-18 00:04:31.122,pulse_batch,x,,,,,2,,8521,635,564,77,77,,9300528959157,
2026-08-18 00:04:31.143,pulse_batch,x,,,,,2,,8523,637,566,77,77,,9300550023465,
2026-08-18 00:04:31.163,pulse_batch,x,,,,,2,,8525,639,568,77,77,,9300570381371,
2026-08-18 00:04:31.184,pulse_batch,x,,,,,2,,8527,641,570,77,77,,9300590672387,
2026-08-18 00:04:31.204,pulse_batch,x,,,,,2,,8529,643,572,77,77,,9300611466216,
2026-08-18 00:04:31.225,pulse_batch,x,,,,,2,,8531,645,574,77,77,,9300631827547,
2026-08-18 00:04:31.245,pulse_batch,x,,,,,2,,8533,647,576,77,77,,9300652157416,
2026-08-18 00:04:31.265,pulse_batch,x,,,,,2,,8535,649,578,77,77,,9300672531561,
2026-08-18 00:04:31.286,pulse_batch,x,,,,,2,,8537,651,580,77,77,,9300692998151,
2026-08-18 00:04:31.306,pulse_batch,x,,,,,2,,8539,653,582,77,77,,9300713346612,
2026-08-18 00:04:31.327,pulse_batch,x,,,,,2,,8541,655,584,77,77,,9300733684443,
2026-08-18 00:04:31.347,pulse_batch,x,,,,,2,,8543,657,586,77,77,,9300754167237,
2026-08-18 00:04:31.367,pulse_batch,x,,,,,2,,8545,659,588,77,77,,9300774616623,
2026-08-18 00:04:31.388,pulse_batch,x,,,,,2,,8547,661,590,77,77,,9300794947714,
2026-08-18 00:04:31.409,pulse_batch,x,,,,,2,,8549,663,592,77,77,,9300815848949,
2026-08-18 00:04:31.429,pulse_batch,x,,,,,2,,8551,665,594,77,77,,9300836245002,
2026-08-18 00:04:31.449,pulse_batch,x,,,,,2,,8553,667,596,77,77,,9300856557815,
2026-08-18 00:04:31.471,pulse_batch,x,,,,,2,,8555,669,598,77,77,,9300877674049,
2026-08-18 00:04:31.491,pulse_batch,x,,,,,2,,8557,671,600,77,77,,9300898246954,
2026-08-18 00:04:31.511,pulse_batch,x,,,,,2,,8559,673,602,77,77,,9300918596692,
2026-08-18 00:04:31.532,pulse_batch,x,,,,,2,,8561,675,604,77,77,,9300938972042,
2026-08-18 00:04:31.552,pulse_batch,x,,,,,2,,8563,677,606,77,77,,9300959474354,
2026-08-18 00:04:31.573,pulse_batch,x,,,,,2,,8565,679,608,77,77,,9300979836759,
2026-08-18 00:04:31.593,pulse_batch,x,,,,,2,,8567,681,610,77,77,,9301000246479,
2026-08-18 00:04:31.614,pulse_batch,x,,,,,2,,8569,683,612,77,77,,9301020803790,
2026-08-18 00:04:31.634,pulse_batch,x,,,,,2,,8571,685,614,77,77,,9301041294824,
2026-08-18 00:04:31.654,pulse_batch,x,,,,,2,,8573,687,616,77,77,,9301061582304,
2026-08-18 00:04:31.675,pulse_batch,x,,,,,2,,8575,689,618,77,77,,9301082533632,
2026-08-18 00:04:31.696,pulse_batch,x,,,,,2,,8577,691,620,77,77,,9301102903426,
2026-08-18 00:04:31.716,pulse_batch,x,,,,,2,,8579,693,622,77,77,,9301123187220,
2026-08-18 00:04:31.737,pulse_batch,x,,,,,2,,8581,695,624,77,77,,9301144060456,
2026-08-18 00:04:31.757,pulse_batch,x,,,,,2,,8583,697,626,77,77,,9301164516935,
2026-08-18 00:04:31.778,pulse_batch,x,,,,,2,,8585,699,628,77,77,,9301184825785,
2026-08-18 00:04:31.798,pulse_batch,x,,,,,2,,8587,701,630,77,77,,9301205179764,
2026-08-18 00:04:31.819,pulse_batch,x,,,,,2,,8589,703,632,77,77,,9301226060703,
2026-08-18 00:04:31.839,pulse_batch,x,,,,,2,,8591,705,634,77,77,,9301246403350,
2026-08-18 00:04:31.860,pulse_batch,x,,,,,2,,8593,707,636,77,77,,9301266746996,
2026-08-18 00:04:31.881,pulse_batch,x,,,,,2,,8595,709,638,77,77,,9301287812489,
2026-08-18 00:04:31.901,pulse_batch,x,,,,,2,,8597,711,640,77,77,,9301308189506,
2026-08-18 00:04:31.921,pulse_batch,x,,,,,2,,8599,713,642,77,77,,9301328468078,
2026-08-18 00:04:31.942,pulse_batch,x,,,,,2,,8601,715,644,77,77,,9301349383054,
2026-08-18 00:04:31.963,pulse_batch,x,,,,,2,,8603,717,646,77,77,,9301369722719,
2026-08-18 00:04:31.983,pulse_batch,x,,,,,2,,8605,719,648,77,77,,9301390011254,
2026-08-18 00:04:32.004,pulse_batch,x,,,,,2,,8607,721,650,77,77,,9301411287932,
2026-08-18 00:04:32.025,pulse_batch,x,,,,,2,,8609,723,652,77,77,,9301431777670,
2026-08-18 00:04:32.045,pulse_batch,x,,,,,2,,8611,725,654,77,77,,9301452143983,
2026-08-18 00:04:32.065,pulse_batch,x,,,,,2,,8613,727,656,77,77,,9301472469518,
2026-08-18 00:04:32.086,pulse_batch,x,,,,,2,,8615,729,658,77,77,,9301493076310,
2026-08-18 00:04:32.106,pulse_batch,x,,,,,2,,8617,731,660,77,77,,9301513393772,
2026-08-18 00:04:32.127,pulse_batch,x,,,,,2,,8619,733,662,77,77,,9301533719196,
2026-08-18 00:04:32.147,pulse_batch,x,,,,,2,,8621,735,664,77,77,,9301554491636,
2026-08-18 00:04:32.168,pulse_batch,x,,,,,2,,8623,737,666,77,77,,9301574881355,
2026-08-18 00:04:32.188,pulse_batch,x,,,,,2,,8625,739,668,77,77,,9301595165095,
2026-08-18 00:04:32.209,pulse_batch,x,,,,,2,,8627,741,670,77,77,,9301616545457,
2026-08-18 00:04:32.232,pulse_batch,x,,,,,2,,8629,743,672,77,77,,9301639396497,
2026-08-18 00:04:32.253,pulse_batch,x,,,,,2,,8631,745,674,77,77,,9301659682199,
2026-08-18 00:04:32.276,pulse_batch,x,,,,,2,,8633,747,676,77,77,,9301683104716,
2026-08-18 00:04:32.291,pulse_batch,x,,,,,1,,8634,748,677,77,77,,9301698546853,
2026-08-18 00:04:32.292,move_finish,x,,,13,,,,8634,748,677,77,77,,9301698720556,
2026-08-18 00:04:32.462,approach_source_finish,x,2,stored,,,,1,,748,677,77,77,677,,
2026-08-18 00:04:32.462,approach_source_finish,y,2,stored,,,,-1,,-447,-445,0,4,-445,,
2026-08-18 00:04:32.466,move_start,x,,,14,87,,1,8634,748,677,77,77,,9301873564435,
2026-08-18 00:04:32.467,move_start,y,,,14,-14,,-1,4591,-447,-445,0,4,,9301873625731,
2026-08-18 00:04:32.472,pulse_batch,x,,,,,1,,8635,749,678,77,77,,9301879295885,
2026-08-18 00:04:32.472,pulse_batch,y,,,,,-1,,4592,-448,-446,0,4,,9301879367069,
2026-08-18 00:04:32.493,pulse_batch,x,,,,,2,,8637,751,680,77,77,,9301899690660,
2026-08-18 00:04:32.493,pulse_batch,y,,,,,-2,,4594,-450,-448,0,4,,9301899759845,
2026-08-18 00:04:32.513,pulse_batch,x,,,,,2,,8639,753,682,77,77,,9301920037880,
2026-08-18 00:04:32.513,pulse_batch,y,,,,,-2,,4596,-452,-450,0,4,,9301920114232,
2026-08-18 00:04:32.533,pulse_batch,x,,,,,2,,8641,755,684,77,77,,9301940413156,
2026-08-18 00:04:32.533,pulse_batch,y,,,,,-2,,4598,-454,-452,0,4,,9301940494303,
2026-08-18 00:04:32.554,pulse_batch,y,,,,,-2,,4600,-456,-454,0,4,,9301961098133,
2026-08-18 00:04:32.554,pulse_batch,x,,,,,2,,8643,757,686,77,77,,9301961379965,
2026-08-18 00:04:32.574,pulse_batch,y,,,,,-2,,4602,-458,-456,0,4,,9301981505779,
2026-08-18 00:04:32.575,pulse_batch,x,,,,,2,,8645,759,688,77,77,,9301981772629,
2026-08-18 00:04:32.595,pulse_batch,y,,,,,-2,,4604,-460,-458,0,4,,9302001856740,
2026-08-18 00:04:32.595,pulse_batch,x,,,,,2,,8647,761,690,77,77,,9302002212405,
2026-08-18 00:04:32.610,pulse_batch,y,,,,,-1,,4605,-461,-459,0,4,,9302017149896,
2026-08-18 00:04:32.610,move_finish,y,,,14,,,,4605,-461,-459,0,4,,9302017602634,
2026-08-18 00:04:32.615,pulse_batch,x,,,,,2,,8649,763,692,77,77,,9302022663902,
2026-08-18 00:04:32.636,pulse_batch,x,,,,,2,,8651,765,694,77,77,,9302043147566,
2026-08-18 00:04:32.656,pulse_batch,x,,,,,2,,8653,767,696,77,77,,9302063551434,
2026-08-18 00:04:32.677,pulse_batch,x,,,,,2,,8655,769,698,77,77,,9302084037468,
2026-08-18 00:04:32.698,pulse_batch,x,,,,,2,,8657,771,700,77,77,,9302104623539,
2026-08-18 00:04:32.718,pulse_batch,x,,,,,2,,8659,773,702,77,77,,9302124907444,
2026-08-18 00:04:32.739,pulse_batch,x,,,,,2,,8661,775,704,77,77,,9302145463460,
2026-08-18 00:04:32.760,pulse_batch,x,,,,,2,,8663,777,706,77,77,,9302166939007,
2026-08-18 00:04:32.780,pulse_batch,x,,,,,2,,8665,779,708,77,77,,9302187455874,
2026-08-18 00:04:32.801,pulse_batch,x,,,,,2,,8667,781,710,77,77,,9302208130537,
2026-08-18 00:04:32.821,pulse_batch,x,,,,,2,,8669,783,712,77,77,,9302228569572,
2026-08-18 00:04:32.842,pulse_batch,x,,,,,2,,8671,785,714,77,77,,9302248910514,
2026-08-18 00:04:32.863,pulse_batch,x,,,,,2,,8673,787,716,77,77,,9302269286938,
2026-08-18 00:04:32.883,pulse_batch,x,,,,,2,,8675,789,718,77,77,,9302290003711,
2026-08-18 00:04:32.903,pulse_batch,x,,,,,2,,8677,791,720,77,77,,9302310468135,
2026-08-18 00:04:32.924,pulse_batch,x,,,,,2,,8679,793,722,77,77,,9302330756022,
2026-08-18 00:04:32.944,pulse_batch,x,,,,,2,,8681,795,724,77,77,,9302351215556,
2026-08-18 00:04:32.964,pulse_batch,x,,,,,2,,8683,797,726,77,77,,9302371651535,
2026-08-18 00:04:32.985,pulse_batch,x,,,,,2,,8685,799,728,77,77,,9302391933052,
2026-08-18 00:04:33.005,pulse_batch,x,,,,,2,,8687,801,730,77,77,,9302412338142,
2026-08-18 00:04:33.026,pulse_batch,x,,,,,2,,8689,803,732,77,77,,9302432804639,
2026-08-18 00:04:33.046,pulse_batch,x,,,,,2,,8691,805,734,77,77,,9302453130415,
2026-08-18 00:04:33.066,pulse_batch,x,,,,,2,,8693,807,736,77,77,,9302473504246,
2026-08-18 00:04:33.087,pulse_batch,x,,,,,2,,8695,809,738,77,77,,9302494201780,
2026-08-18 00:04:33.107,pulse_batch,x,,,,,2,,8697,811,740,77,77,,9302514501852,
2026-08-18 00:04:33.128,pulse_batch,x,,,,,2,,8699,813,742,77,77,,9302534817665,
2026-08-18 00:04:33.148,pulse_batch,x,,,,,2,,8701,815,744,77,77,,9302555413773,
2026-08-18 00:04:33.169,pulse_batch,x,,,,,2,,8703,817,746,77,77,,9302575811104,
2026-08-18 00:04:33.189,pulse_batch,x,,,,,2,,8705,819,748,77,77,,9302596086398,
2026-08-18 00:04:33.211,pulse_batch,x,,,,,2,,8707,821,750,77,77,,9302618462737,
2026-08-18 00:04:33.232,pulse_batch,x,,,,,2,,8709,823,752,77,77,,9302638923642,
2026-08-18 00:04:33.252,pulse_batch,x,,,,,2,,8711,825,754,77,77,,9302659337343,
2026-08-18 00:04:33.273,pulse_batch,x,,,,,2,,8713,827,756,77,77,,9302679976228,
2026-08-18 00:04:33.293,pulse_batch,x,,,,,2,,8715,829,758,77,77,,9302700439355,
2026-08-18 00:04:33.314,pulse_batch,x,,,,,2,,8717,831,760,77,77,,9302720814927,
2026-08-18 00:04:33.334,pulse_batch,x,,,,,2,,8719,833,762,77,77,,9302741163999,
2026-08-18 00:04:33.355,pulse_batch,x,,,,,2,,8721,835,764,77,77,,9302761759403,
2026-08-18 00:04:33.360,move_finish,x,,,14,,,,8721,835,764,77,77,,9302766841227,
2026-08-18 00:04:33.530,target_finish,x,2,stored,,,,,,835,764,77,77,764,,ok=True
2026-08-18 00:04:33.530,target_finish,y,2,stored,,,,,,-461,-459,0,4,-459,,ok=True
2026-08-18 00:04:34.936,target_start,x,3,stored,,,,,,835,764,77,77,1250,,
2026-08-18 00:04:34.936,target_start,y,3,stored,,,,,,-461,-459,0,4,-803,,
2026-08-18 00:04:34.936,approach_source_start,x,3,stored,,,,1,,835,764,77,77,1163,,
2026-08-18 00:04:34.936,approach_source_start,y,3,stored,,,,-1,,-461,-459,0,4,-789,,
2026-08-18 00:04:34.939,move_start,y,,,15,-330,,-1,4605,-461,-459,0,4,,9304345879636,
2026-08-18 00:04:34.939,move_start,x,,,15,399,,1,8721,835,764,77,77,,9304346261745,
2026-08-18 00:04:34.944,pulse_batch,y,,,,,-1,,4606,-462,-460,0,4,,9304351132774,
2026-08-18 00:04:34.944,pulse_batch,x,,,,,1,,8722,836,765,77,77,,9304351426735,
2026-08-18 00:04:34.965,pulse_batch,y,,,,,-2,,4608,-464,-462,0,4,,9304371766252,
2026-08-18 00:04:34.965,pulse_batch,x,,,,,2,,8724,838,767,77,77,,9304371972250,
2026-08-18 00:04:34.985,pulse_batch,y,,,,,-2,,4610,-466,-464,0,4,,9304392083157,
2026-08-18 00:04:34.985,pulse_batch,x,,,,,2,,8726,840,769,77,77,,9304392318767,
2026-08-18 00:04:35.005,pulse_batch,y,,,,,-2,,4612,-468,-466,0,4,,9304412649469,
2026-08-18 00:04:35.006,pulse_batch,x,,,,,2,,8728,842,771,77,77,,9304412816357,
2026-08-18 00:04:35.026,pulse_batch,y,,,,,-2,,4614,-470,-468,0,4,,9304433280021,
2026-08-18 00:04:35.027,pulse_batch,x,,,,,2,,8730,844,773,77,77,,9304433925962,
2026-08-18 00:04:35.046,pulse_batch,y,,,,,-2,,4616,-472,-470,0,4,,9304453617575,
2026-08-18 00:04:35.047,pulse_batch,x,,,,,2,,8732,846,775,77,77,,9304454217479,
2026-08-18 00:04:35.067,pulse_batch,y,,,,,-2,,4618,-474,-472,0,4,,9304473959795,
2026-08-18 00:04:35.068,pulse_batch,x,,,,,2,,8734,848,777,77,77,,9304474793976,
2026-08-18 00:04:35.089,pulse_batch,x,,,,,2,,8736,850,779,77,77,,9304496080209,
2026-08-18 00:04:35.089,pulse_batch,y,,,,,-2,,4620,-476,-474,0,4,,9304496219931,
2026-08-18 00:04:35.109,pulse_batch,x,,,,,2,,8738,852,781,77,77,,9304516381115,
2026-08-18 00:04:35.109,pulse_batch,y,,,,,-2,,4622,-478,-476,0,4,,9304516556558,
2026-08-18 00:04:35.130,pulse_batch,x,,,,,2,,8740,854,783,77,77,,9304536680039,
2026-08-18 00:04:35.130,pulse_batch,y,,,,,-2,,4624,-480,-478,0,4,,9304536889520,
2026-08-18 00:04:35.150,pulse_batch,y,,,,,-2,,4626,-482,-480,0,4,,9304557428146,
2026-08-18 00:04:35.150,pulse_batch,x,,,,,2,,8742,856,785,77,77,,9304557583053,
2026-08-18 00:04:35.171,pulse_batch,y,,,,,-2,,4628,-484,-482,0,4,,9304577830496,
2026-08-18 00:04:35.171,pulse_batch,x,,,,,2,,8744,858,787,77,77,,9304577982569,
2026-08-18 00:04:35.191,pulse_batch,y,,,,,-2,,4630,-486,-484,0,4,,9304598120346,
2026-08-18 00:04:35.191,pulse_batch,x,,,,,2,,8746,860,789,77,77,,9304598301141,
2026-08-18 00:04:35.212,pulse_batch,x,,,,,2,,8748,862,791,77,77,,9304619288784,
2026-08-18 00:04:35.212,pulse_batch,y,,,,,-2,,4632,-488,-486,0,4,,9304619387728,
2026-08-18 00:04:35.232,pulse_batch,x,,,,,2,,8750,864,793,77,77,,9304639626134,
2026-08-18 00:04:35.233,pulse_batch,y,,,,,-2,,4634,-490,-488,0,4,,9304639819985,
2026-08-18 00:04:35.253,pulse_batch,x,,,,,2,,8752,866,795,77,77,,9304659926651,
2026-08-18 00:04:35.253,pulse_batch,y,,,,,-2,,4636,-492,-490,0,4,,9304660094780,
2026-08-18 00:04:35.274,pulse_batch,x,,,,,2,,8754,868,797,77,77,,9304681064774,
2026-08-18 00:04:35.274,pulse_batch,y,,,,,-2,,4638,-494,-492,0,4,,9304680974645,
2026-08-18 00:04:35.294,pulse_batch,x,,,,,2,,8756,870,799,77,77,,9304701527939,
2026-08-18 00:04:35.295,pulse_batch,y,,,,,-2,,4640,-496,-494,0,4,,9304701754752,
2026-08-18 00:04:35.315,pulse_batch,x,,,,,2,,8758,872,801,77,77,,9304721818548,
2026-08-18 00:04:35.315,pulse_batch,y,,,,,-2,,4642,-498,-496,0,4,,9304722026177,
2026-08-18 00:04:35.335,pulse_batch,x,,,,,2,,8760,874,803,77,77,,9304742134120,
2026-08-18 00:04:35.335,pulse_batch,y,,,,,-2,,4644,-500,-498,0,4,,9304742324638,
2026-08-18 00:04:35.356,pulse_batch,x,,,,,2,,8762,876,805,77,77,,9304762887579,
2026-08-18 00:04:35.356,pulse_batch,y,,,,,-2,,4646,-502,-500,0,4,,9304763150189,
2026-08-18 00:04:35.376,pulse_batch,x,,,,,2,,8764,878,807,77,77,,9304783201115,
2026-08-18 00:04:35.376,pulse_batch,y,,,,,-2,,4648,-504,-502,0,4,,9304783422613,
2026-08-18 00:04:35.396,pulse_batch,x,,,,,2,,8766,880,809,77,77,,9304803599464,
2026-08-18 00:04:35.397,pulse_batch,y,,,,,-2,,4650,-506,-504,0,4,,9304803790945,
2026-08-18 00:04:35.417,pulse_batch,y,,,,,-2,,4652,-508,-506,0,4,,9304824564588,
2026-08-18 00:04:35.418,pulse_batch,x,,,,,2,,8768,882,811,77,77,,9304824761199,
2026-08-18 00:04:35.438,pulse_batch,y,,,,,-2,,4654,-510,-508,0,4,,9304844966771,
2026-08-18 00:04:35.438,pulse_batch,x,,,,,2,,8770,884,813,77,77,,9304845145511,
2026-08-18 00:04:35.458,pulse_batch,y,,,,,-2,,4656,-512,-510,0,4,,9304865253103,
2026-08-18 00:04:35.458,pulse_batch,x,,,,,2,,8772,886,815,77,77,,9304865429195,
2026-08-18 00:04:35.479,pulse_batch,y,,,,,-2,,4658,-514,-512,0,4,,9304886401504,
2026-08-18 00:04:35.479,pulse_batch,x,,,,,2,,8774,888,817,77,77,,9304886630447,
2026-08-18 00:04:35.500,pulse_batch,y,,,,,-2,,4660,-516,-514,0,4,,9304906809354,
2026-08-18 00:04:35.500,pulse_batch,x,,,,,2,,8776,890,819,77,77,,9304907097038,
2026-08-18 00:04:35.520,pulse_batch,y,,,,,-2,,4662,-518,-516,0,4,,9304927106630,
2026-08-18 00:04:35.520,pulse_batch,x,,,,,2,,8778,892,821,77,77,,9304927366869,
2026-08-18 00:04:35.541,pulse_batch,y,,,,,-2,,4664,-520,-518,0,4,,9304947669460,
2026-08-18 00:04:35.541,pulse_batch,x,,,,,2,,8780,894,823,77,77,,9304947859404,
2026-08-18 00:04:35.561,pulse_batch,y,,,,,-2,,4666,-522,-520,0,4,,9304968071032,
2026-08-18 00:04:35.561,pulse_batch,x,,,,,2,,8782,896,825,77,77,,9304968352994,
2026-08-18 00:04:35.581,pulse_batch,y,,,,,-2,,4668,-524,-522,0,4,,9304988376086,
2026-08-18 00:04:35.581,pulse_batch,x,,,,,2,,8784,898,827,77,77,,9304988645473,
2026-08-18 00:04:35.602,pulse_batch,y,,,,,-2,,4670,-526,-524,0,4,,9305008721621,
2026-08-18 00:04:35.602,pulse_batch,x,,,,,2,,8786,900,829,77,77,,9305008961194,
2026-08-18 00:04:35.623,pulse_batch,y,,,,,-2,,4672,-528,-526,0,4,,9305029818393,
2026-08-18 00:04:35.625,pulse_batch,x,,,,,2,,8788,902,831,77,77,,9305032085103,
2026-08-18 00:04:35.643,pulse_batch,y,,,,,-2,,4674,-530,-528,0,4,,9305050138317,
2026-08-18 00:04:35.645,pulse_batch,x,,,,,2,,8790,904,833,77,77,,9305052365027,
2026-08-18 00:04:35.665,pulse_batch,y,,,,,-2,,4676,-532,-530,0,4,,9305070532148,
2026-08-18 00:04:35.666,pulse_batch,x,,,,,2,,8792,906,835,77,77,,9305072758562,
2026-08-18 00:04:35.685,pulse_batch,y,,,,,-2,,4678,-534,-532,0,4,,9305092585415,
2026-08-18 00:04:35.686,pulse_batch,x,,,,,2,,8794,908,837,77,77,,9305093514521,
2026-08-18 00:04:35.706,pulse_batch,y,,,,,-2,,4680,-536,-534,0,4,,9305112991338,
2026-08-18 00:04:35.707,pulse_batch,x,,,,,2,,8796,910,839,77,77,,9305113820593,
2026-08-18 00:04:35.726,pulse_batch,y,,,,,-2,,4682,-538,-536,0,4,,9305133282633,
2026-08-18 00:04:35.727,pulse_batch,x,,,,,2,,8798,912,841,77,77,,9305134097314,
2026-08-18 00:04:35.747,pulse_batch,y,,,,,-2,,4684,-540,-538,0,4,,9305154095703,
2026-08-18 00:04:35.747,pulse_batch,x,,,,,2,,8800,914,843,77,77,,9305154638792,
2026-08-18 00:04:35.767,pulse_batch,y,,,,,-2,,4686,-542,-540,0,4,,9305174487719,
2026-08-18 00:04:35.768,pulse_batch,x,,,,,2,,8802,916,845,77,77,,9305174937661,
2026-08-18 00:04:35.788,pulse_batch,y,,,,,-2,,4688,-544,-542,0,4,,9305194811402,
2026-08-18 00:04:35.788,pulse_batch,x,,,,,2,,8804,918,847,77,77,,9305195201863,
2026-08-18 00:04:35.808,pulse_batch,y,,,,,-2,,4690,-546,-544,0,4,,9305215210956,
2026-08-18 00:04:35.809,pulse_batch,x,,,,,2,,8806,920,849,77,77,,9305215933822,
2026-08-18 00:04:35.829,pulse_batch,y,,,,,-2,,4692,-548,-546,0,4,,9305235652379,
2026-08-18 00:04:35.829,pulse_batch,x,,,,,2,,8808,922,851,77,77,,9305236250321,
2026-08-18 00:04:35.849,pulse_batch,y,,,,,-2,,4694,-550,-548,0,4,,9305255980081,
2026-08-18 00:04:35.849,pulse_batch,x,,,,,2,,8810,924,853,77,77,,9305256519467,
2026-08-18 00:04:35.869,pulse_batch,y,,,,,-2,,4696,-552,-550,0,4,,9305276314098,
2026-08-18 00:04:35.870,pulse_batch,x,,,,,2,,8812,926,855,77,77,,9305276814040,
2026-08-18 00:04:35.890,pulse_batch,y,,,,,-2,,4698,-554,-552,0,4,,9305296877836,
2026-08-18 00:04:35.890,pulse_batch,x,,,,,2,,8814,928,857,77,77,,9305297288000,
2026-08-18 00:04:35.910,pulse_batch,y,,,,,-2,,4700,-556,-554,0,4,,9305317246056,
2026-08-18 00:04:35.910,pulse_batch,x,,,,,2,,8816,930,859,77,77,,9305317606869,
2026-08-18 00:04:35.930,pulse_batch,y,,,,,-2,,4702,-558,-556,0,4,,9305337580554,
2026-08-18 00:04:35.931,pulse_batch,x,,,,,2,,8818,932,861,77,77,,9305337917534,
2026-08-18 00:04:35.951,pulse_batch,y,,,,,-2,,4704,-560,-558,0,4,,9305358283106,
2026-08-18 00:04:35.951,pulse_batch,x,,,,,2,,8820,934,863,77,77,,9305358501938,
2026-08-18 00:04:35.972,pulse_batch,y,,,,,-2,,4706,-562,-560,0,4,,9305378724511,
2026-08-18 00:04:35.972,pulse_batch,x,,,,,2,,8822,936,865,77,77,,9305379000342,
2026-08-18 00:04:35.992,pulse_batch,y,,,,,-2,,4708,-564,-562,0,4,,9305399050713,
2026-08-18 00:04:35.992,pulse_batch,x,,,,,2,,8824,938,867,77,77,,9305399323063,
2026-08-18 00:04:36.014,pulse_batch,x,,,,,2,,8826,940,869,77,77,,9305421424200,
2026-08-18 00:04:36.014,pulse_batch,y,,,,,-2,,4710,-566,-564,0,4,,9305421332181,
2026-08-18 00:04:36.035,pulse_batch,y,,,,,-2,,4712,-568,-566,0,4,,9305441679957,
2026-08-18 00:04:36.035,pulse_batch,x,,,,,2,,8828,942,871,77,77,,9305441755068,
2026-08-18 00:04:36.055,pulse_batch,y,,,,,-2,,4714,-570,-568,0,4,,9305461983122,
2026-08-18 00:04:36.055,pulse_batch,x,,,,,2,,8830,944,873,77,77,,9305462090418,
2026-08-18 00:04:36.075,pulse_batch,x,,,,,2,,8832,946,875,77,77,,9305482457472,
2026-08-18 00:04:36.076,pulse_batch,y,,,,,-2,,4716,-572,-570,0,4,,9305482671748,
2026-08-18 00:04:36.096,pulse_batch,x,,,,,2,,8834,948,877,77,77,,9305502921914,
2026-08-18 00:04:36.096,pulse_batch,y,,,,,-2,,4718,-574,-572,0,4,,9305503166320,
2026-08-18 00:04:36.116,pulse_batch,x,,,,,2,,8836,950,879,77,77,,9305523212134,
2026-08-18 00:04:36.116,pulse_batch,y,,,,,-2,,4720,-576,-574,0,4,,9305523457466,
2026-08-18 00:04:36.136,pulse_batch,x,,,,,2,,8838,952,881,77,77,,9305543564540,
2026-08-18 00:04:36.137,pulse_batch,y,,,,,-2,,4722,-578,-576,0,4,,9305543783279,
2026-08-18 00:04:36.157,pulse_batch,x,,,,,2,,8840,954,883,77,77,,9305563977149,
2026-08-18 00:04:36.157,pulse_batch,y,,,,,-2,,4724,-580,-578,0,4,,9305564480146,
2026-08-18 00:04:36.177,pulse_batch,x,,,,,2,,8842,956,885,77,77,,9305584289610,
2026-08-18 00:04:36.178,pulse_batch,y,,,,,-2,,4726,-582,-580,0,4,,9305584770978,
2026-08-18 00:04:36.198,pulse_batch,x,,,,,2,,8844,958,887,77,77,,9305604640460,
2026-08-18 00:04:36.198,pulse_batch,y,,,,,-2,,4728,-584,-582,0,4,,9305605118124,
2026-08-18 00:04:36.219,pulse_batch,y,,,,,-2,,4730,-586,-584,0,4,,9305625763028,
2026-08-18 00:04:36.219,pulse_batch,x,,,,,2,,8846,960,889,77,77,,9305625865898,
2026-08-18 00:04:36.239,pulse_batch,y,,,,,-2,,4732,-588,-586,0,4,,9305646334895,
2026-08-18 00:04:36.239,pulse_batch,x,,,,,2,,8848,962,891,77,77,,9305646430747,
2026-08-18 00:04:36.259,pulse_batch,y,,,,,-2,,4734,-590,-588,0,4,,9305666612616,
2026-08-18 00:04:36.260,pulse_batch,x,,,,,2,,8850,964,893,77,77,,9305666779004,
2026-08-18 00:04:36.280,pulse_batch,x,,,,,2,,8852,966,895,77,77,,9305687603407,
2026-08-18 00:04:36.281,pulse_batch,y,,,,,-2,,4736,-592,-590,0,4,,9305687512185,
2026-08-18 00:04:36.301,pulse_batch,y,,,,,-2,,4738,-594,-592,0,4,,9305707881683,
2026-08-18 00:04:36.305,pulse_batch,x,,,,,2,,8854,968,897,77,77,,9305711888809,
2026-08-18 00:04:36.321,pulse_batch,y,,,,,-2,,4740,-596,-594,0,4,,9305728147349,
2026-08-18 00:04:36.325,pulse_batch,x,,,,,2,,8856,970,899,77,77,,9305732210641,
2026-08-18 00:04:36.341,pulse_batch,y,,,,,-2,,4742,-598,-596,0,4,,9305748612476,
2026-08-18 00:04:36.347,pulse_batch,x,,,,,2,,8858,972,901,77,77,,9305753751484,
2026-08-18 00:04:36.362,pulse_batch,y,,,,,-2,,4744,-600,-598,0,4,,9305769101325,
2026-08-18 00:04:36.367,pulse_batch,x,,,,,2,,8860,974,903,77,77,,9305774182612,
2026-08-18 00:04:36.382,pulse_batch,y,,,,,-2,,4746,-602,-600,0,4,,9305789538008,
2026-08-18 00:04:36.387,pulse_batch,x,,,,,2,,8862,976,905,77,77,,9305794451906,
2026-08-18 00:04:36.403,pulse_batch,y,,,,,-2,,4748,-604,-602,0,4,,9305809860062,
2026-08-18 00:04:36.408,pulse_batch,x,,,,,2,,8864,978,907,77,77,,9305815153662,
2026-08-18 00:04:36.423,pulse_batch,y,,,,,-2,,4750,-606,-604,0,4,,9305830592206,
2026-08-18 00:04:36.428,pulse_batch,x,,,,,2,,8866,980,909,77,77,,9305835566345,
2026-08-18 00:04:36.444,pulse_batch,y,,,,,-2,,4752,-608,-606,0,4,,9305850981926,
2026-08-18 00:04:36.449,pulse_batch,x,,,,,2,,8868,982,911,77,77,,9305855855158,
2026-08-18 00:04:36.464,pulse_batch,y,,,,,-2,,4754,-610,-608,0,4,,9305871479627,
2026-08-18 00:04:36.469,pulse_batch,x,,,,,2,,8870,984,913,77,77,,9305876188619,
2026-08-18 00:04:36.485,pulse_batch,y,,,,,-2,,4756,-612,-610,0,4,,9305892260771,
2026-08-18 00:04:36.491,pulse_batch,x,,,,,2,,8872,986,915,77,77,,9305897595723,
2026-08-18 00:04:36.506,pulse_batch,y,,,,,-2,,4758,-614,-612,0,4,,9305912770027,
2026-08-18 00:04:36.511,pulse_batch,x,,,,,2,,8874,988,917,77,77,,9305918014480,
2026-08-18 00:04:36.526,pulse_batch,y,,,,,-2,,4760,-616,-614,0,4,,9305933130081,
2026-08-18 00:04:36.531,pulse_batch,x,,,,,2,,8876,990,919,77,77,,9305938428663,
2026-08-18 00:04:36.547,pulse_batch,y,,,,,-2,,4762,-618,-616,0,4,,9305953855188,
2026-08-18 00:04:36.552,pulse_batch,x,,,,,2,,8878,992,921,77,77,,9305958923105,
2026-08-18 00:04:36.567,pulse_batch,y,,,,,-2,,4764,-620,-618,0,4,,9305974281075,
2026-08-18 00:04:36.572,pulse_batch,x,,,,,2,,8880,994,923,77,77,,9305979518416,
2026-08-18 00:04:36.587,pulse_batch,y,,,,,-2,,4766,-622,-620,0,4,,9305994558851,
2026-08-18 00:04:36.593,pulse_batch,x,,,,,2,,8882,996,925,77,77,,9305999790285,
2026-08-18 00:04:36.609,pulse_batch,y,,,,,-2,,4768,-624,-622,0,4,,9306015791326,
2026-08-18 00:04:36.614,pulse_batch,x,,,,,2,,8884,998,927,77,77,,9306020897723,
2026-08-18 00:04:36.630,pulse_batch,y,,,,,-2,,4770,-626,-624,0,4,,9306037159744,
2026-08-18 00:04:36.635,pulse_batch,x,,,,,2,,8886,1000,929,77,77,,9306042338456,
2026-08-18 00:04:36.650,pulse_batch,y,,,,,-2,,4772,-628,-626,0,4,,9306057455298,
2026-08-18 00:04:36.655,pulse_batch,x,,,,,2,,8888,1002,931,77,77,,9306062666529,
2026-08-18 00:04:36.671,pulse_batch,y,,,,,-2,,4774,-630,-628,0,4,,9306077787834,
2026-08-18 00:04:36.677,pulse_batch,x,,,,,2,,8890,1004,933,77,77,,9306083994799,
2026-08-18 00:04:36.691,pulse_batch,y,,,,,-2,,4776,-632,-630,0,4,,9306098261924,
2026-08-18 00:04:36.701,pulse_batch,x,,,,,2,,8892,1006,935,77,77,,9306108218720,
2026-08-18 00:04:36.711,pulse_batch,y,,,,,-2,,4778,-634,-632,0,4,,9306118660162,
2026-08-18 00:04:36.721,pulse_batch,x,,,,,2,,8894,1008,937,77,77,,9306128486034,
2026-08-18 00:04:36.732,pulse_batch,y,,,,,-2,,4780,-636,-634,0,4,,9306138957994,
2026-08-18 00:04:36.742,pulse_batch,x,,,,,2,,8896,1010,939,77,77,,9306148948179,
2026-08-18 00:04:36.752,pulse_batch,y,,,,,-2,,4782,-638,-636,0,4,,9306159381381,
2026-08-18 00:04:36.762,pulse_batch,x,,,,,2,,8898,1012,941,77,77,,9306169364233,
2026-08-18 00:04:36.773,pulse_batch,y,,,,,-2,,4784,-640,-638,0,4,,9306179756008,
2026-08-18 00:04:36.783,pulse_batch,x,,,,,2,,8900,1014,943,77,77,,9306189677101,
2026-08-18 00:04:36.793,pulse_batch,y,,,,,-2,,4786,-642,-640,0,4,,9306200061784,
2026-08-18 00:04:36.803,pulse_batch,x,,,,,2,,8902,1016,945,77,77,,9306210295783,
2026-08-18 00:04:36.814,pulse_batch,y,,,,,-2,,4788,-644,-642,0,4,,9306220649633,
2026-08-18 00:04:36.824,pulse_batch,x,,,,,2,,8904,1018,947,77,77,,9306230931539,
2026-08-18 00:04:36.834,pulse_batch,y,,,,,-2,,4790,-646,-644,0,4,,9306241073779,
2026-08-18 00:04:36.844,pulse_batch,x,,,,,2,,8906,1020,949,77,77,,9306251309648,
2026-08-18 00:04:36.854,pulse_batch,y,,,,,-2,,4792,-648,-646,0,4,,9306261367092,
2026-08-18 00:04:36.865,pulse_batch,x,,,,,2,,8908,1022,951,77,77,,9306271847738,
2026-08-18 00:04:36.875,pulse_batch,y,,,,,-2,,4794,-650,-648,0,4,,9306282213958,
2026-08-18 00:04:36.885,pulse_batch,x,,,,,2,,8910,1024,953,77,77,,9306292398179,
2026-08-18 00:04:36.896,pulse_batch,y,,,,,-2,,4796,-652,-650,0,4,,9306302641622,
2026-08-18 00:04:36.906,pulse_batch,x,,,,,2,,8912,1026,955,77,77,,9306312873769,
2026-08-18 00:04:36.916,pulse_batch,y,,,,,-2,,4798,-654,-652,0,4,,9306322957287,
2026-08-18 00:04:36.926,pulse_batch,x,,,,,2,,8914,1028,957,77,77,,9306333186416,
2026-08-18 00:04:36.936,pulse_batch,y,,,,,-2,,4800,-656,-654,0,4,,9306343304267,
2026-08-18 00:04:36.947,pulse_batch,x,,,,,2,,8916,1030,959,77,77,,9306354203558,
2026-08-18 00:04:36.958,pulse_batch,y,,,,,-2,,4802,-658,-656,0,4,,9306364626871,
2026-08-18 00:04:36.969,pulse_batch,x,,,,,2,,8918,1032,961,77,77,,9306375893586,
2026-08-18 00:04:36.978,pulse_batch,y,,,,,-2,,4804,-660,-658,0,4,,9306384964943,
2026-08-18 00:04:36.989,pulse_batch,x,,,,,2,,8920,1034,963,77,77,,9306396166585,
2026-08-18 00:04:36.998,pulse_batch,y,,,,,-2,,4806,-662,-660,0,4,,9306405265868,
2026-08-18 00:04:37.009,pulse_batch,x,,,,,2,,8922,1036,965,77,77,,9306416633971,
2026-08-18 00:04:37.020,pulse_batch,y,,,,,-2,,4808,-664,-662,0,4,,9306426812322,
2026-08-18 00:04:37.030,pulse_batch,x,,,,,2,,8924,1038,967,77,77,,9306437172098,
2026-08-18 00:04:37.040,pulse_batch,y,,,,,-2,,4810,-666,-664,0,4,,9306447199357,
2026-08-18 00:04:37.050,pulse_batch,x,,,,,2,,8926,1040,969,77,77,,9306457559133,
2026-08-18 00:04:37.060,pulse_batch,y,,,,,-2,,4812,-668,-666,0,4,,9306467467726,
2026-08-18 00:04:37.071,pulse_batch,x,,,,,2,,8928,1042,971,77,77,,9306477899094,
2026-08-18 00:04:37.081,pulse_batch,y,,,,,-2,,4814,-670,-668,0,4,,9306488266333,
2026-08-18 00:04:37.091,pulse_batch,x,,,,,2,,8930,1044,973,77,77,,9306498542831,
2026-08-18 00:04:37.102,pulse_batch,y,,,,,-2,,4816,-672,-670,0,4,,9306508687701,
2026-08-18 00:04:37.112,pulse_batch,x,,,,,2,,8932,1046,975,77,77,,9306519022940,
2026-08-18 00:04:37.122,pulse_batch,y,,,,,-2,,4818,-674,-672,0,4,,9306528999848,
2026-08-18 00:04:37.132,pulse_batch,x,,,,,2,,8934,1048,977,77,77,,9306539385031,
2026-08-18 00:04:37.142,pulse_batch,y,,,,,-2,,4820,-676,-674,0,4,,9306549398771,
2026-08-18 00:04:37.153,pulse_batch,x,,,,,2,,8936,1050,979,77,77,,9306559765195,
2026-08-18 00:04:37.163,pulse_batch,y,,,,,-2,,4822,-678,-676,0,4,,9306569812732,
2026-08-18 00:04:37.173,pulse_batch,x,,,,,2,,8938,1052,981,77,77,,9306580157434,
2026-08-18 00:04:37.183,pulse_batch,y,,,,,-2,,4824,-680,-678,0,4,,9306590129212,
2026-08-18 00:04:37.193,pulse_batch,x,,,,,2,,8940,1054,983,77,77,,9306600439155,
2026-08-18 00:04:37.203,pulse_batch,y,,,,,-2,,4826,-682,-680,0,4,,9306610630747,
2026-08-18 00:04:37.215,pulse_batch,x,,,,,2,,8942,1056,985,77,77,,9306621777018,
2026-08-18 00:04:37.225,pulse_batch,y,,,,,-2,,4828,-684,-682,0,4,,9306631867555,
2026-08-18 00:04:37.235,pulse_batch,x,,,,,2,,8944,1058,987,77,77,,9306642130961,
2026-08-18 00:04:37.245,pulse_batch,y,,,,,-2,,4830,-686,-684,0,4,,9306652282756,
2026-08-18 00:04:37.255,pulse_batch,x,,,,,2,,8946,1060,989,77,77,,9306662502922,
2026-08-18 00:04:37.266,pulse_batch,y,,,,,-2,,4832,-688,-686,0,4,,9306672666254,
2026-08-18 00:04:37.276,pulse_batch,x,,,,,2,,8948,1062,991,77,77,,9306682981438,
2026-08-18 00:04:37.286,pulse_batch,y,,,,,-2,,4834,-690,-688,0,4,,9306693184844,
2026-08-18 00:04:37.296,pulse_batch,x,,,,,2,,8950,1064,993,77,77,,9306703561546,
2026-08-18 00:04:37.306,pulse_batch,y,,,,,-2,,4836,-692,-690,0,4,,9306713586064,
2026-08-18 00:04:37.317,pulse_batch,x,,,,,2,,8952,1066,995,77,77,,9306723865489,
2026-08-18 00:04:37.327,pulse_batch,y,,,,,-2,,4838,-694,-692,0,4,,9306733916859,
2026-08-18 00:04:37.337,pulse_batch,x,,,,,2,,8954,1068,997,77,77,,9306744219783,
2026-08-18 00:04:37.348,pulse_batch,y,,,,,-2,,4840,-696,-694,0,4,,9306754656114,
2026-08-18 00:04:37.358,pulse_batch,x,,,,,2,,8956,1070,999,77,77,,9306764776873,
2026-08-18 00:04:37.368,pulse_batch,y,,,,,-2,,4842,-698,-696,0,4,,9306775207204,
2026-08-18 00:04:37.378,pulse_batch,x,,,,,2,,8958,1072,1001,77,77,,9306785120130,
2026-08-18 00:04:37.388,pulse_batch,y,,,,,-2,,4844,-700,-698,0,4,,9306795460999,
2026-08-18 00:04:37.398,pulse_batch,x,,,,,2,,8960,1074,1003,77,77,,9306805436240,
2026-08-18 00:04:37.409,pulse_batch,y,,,,,-2,,4846,-702,-700,0,4,,9306816348290,
2026-08-18 00:04:37.419,pulse_batch,x,,,,,2,,8962,1076,1005,77,77,,9306826606233,
2026-08-18 00:04:37.430,pulse_batch,y,,,,,-2,,4848,-704,-702,0,4,,9306836841602,
2026-08-18 00:04:37.440,pulse_batch,x,,,,,2,,8964,1078,1007,77,77,,9306847024694,
2026-08-18 00:04:37.450,pulse_batch,y,,,,,-2,,4850,-706,-704,0,4,,9306857123064,
2026-08-18 00:04:37.460,pulse_batch,x,,,,,2,,8966,1080,1009,77,77,,9306867433396,
2026-08-18 00:04:37.470,pulse_batch,y,,,,,-2,,4852,-708,-706,0,4,,9306877625339,
2026-08-18 00:04:37.481,pulse_batch,x,,,,,2,,8968,1082,1011,77,77,,9306888161651,
2026-08-18 00:04:37.491,pulse_batch,y,,,,,-2,,4854,-710,-708,0,4,,9306898410631,
2026-08-18 00:04:37.502,pulse_batch,x,,,,,2,,8970,1084,1013,77,77,,9306909123479,
2026-08-18 00:04:37.512,pulse_batch,y,,,,,-2,,4856,-712,-710,0,4,,9306918753833,
2026-08-18 00:04:37.522,pulse_batch,x,,,,,2,,8972,1086,1015,77,77,,9306929388885,
2026-08-18 00:04:37.532,pulse_batch,y,,,,,-2,,4858,-714,-712,0,4,,9306939188627,
2026-08-18 00:04:37.543,pulse_batch,x,,,,,2,,8974,1088,1017,77,77,,9306949689458,
2026-08-18 00:04:37.553,pulse_batch,y,,,,,-2,,4860,-716,-714,0,4,,9306959730476,
2026-08-18 00:04:37.563,pulse_batch,x,,,,,2,,8976,1090,1019,77,77,,9306970139789,
2026-08-18 00:04:37.573,pulse_batch,y,,,,,-2,,4862,-718,-716,0,4,,9306980163844,
2026-08-18 00:04:37.583,pulse_batch,x,,,,,2,,8978,1092,1021,77,77,,9306990458028,
2026-08-18 00:04:37.593,pulse_batch,y,,,,,-2,,4864,-720,-718,0,4,,9307000447954,
2026-08-18 00:04:37.604,pulse_batch,x,,,,,2,,8980,1094,1023,77,77,,9307010986377,
2026-08-18 00:04:37.614,pulse_batch,y,,,,,-2,,4866,-722,-720,0,4,,9307021484430,
2026-08-18 00:04:37.625,pulse_batch,x,,,,,2,,8982,1096,1025,77,77,,9307031923094,
2026-08-18 00:04:37.635,pulse_batch,y,,,,,-2,,4868,-724,-722,0,4,,9307041870409,
2026-08-18 00:04:37.645,pulse_batch,x,,,,,2,,8984,1098,1027,77,77,,9307052245685,
2026-08-18 00:04:37.655,pulse_batch,y,,,,,-2,,4870,-726,-724,0,4,,9307062179834,
2026-08-18 00:04:37.665,pulse_batch,x,,,,,2,,8986,1100,1029,77,77,,9307072638683,
2026-08-18 00:04:37.676,pulse_batch,y,,,,,-2,,4872,-728,-726,0,4,,9307083080181,
2026-08-18 00:04:37.686,pulse_batch,x,,,,,2,,8988,1102,1031,77,77,,9307093329253,
2026-08-18 00:04:37.696,pulse_batch,y,,,,,-2,,4874,-730,-728,0,4,,9307103546271,
2026-08-18 00:04:37.707,pulse_batch,x,,,,,2,,8990,1104,1033,77,77,,9307113762918,
2026-08-18 00:04:37.717,pulse_batch,y,,,,,-2,,4876,-732,-730,0,4,,9307123959732,
2026-08-18 00:04:37.727,pulse_batch,x,,,,,2,,8992,1106,1035,77,77,,9307134132120,
2026-08-18 00:04:37.738,pulse_batch,y,,,,,-2,,4878,-734,-732,0,4,,9307144833171,
2026-08-18 00:04:37.747,pulse_batch,x,,,,,2,,8994,1108,1037,77,77,,9307154605006,
2026-08-18 00:04:37.758,pulse_batch,y,,,,,-2,,4880,-736,-734,0,4,,9307165201614,
2026-08-18 00:04:37.768,pulse_batch,x,,,,,2,,8996,1110,1039,77,77,,9307175053337,
2026-08-18 00:04:37.778,pulse_batch,y,,,,,-2,,4882,-738,-736,0,4,,9307185618019,
2026-08-18 00:04:37.788,pulse_batch,x,,,,,2,,8998,1112,1041,77,77,,9307195404094,
2026-08-18 00:04:37.799,pulse_batch,y,,,,,-2,,4884,-740,-738,0,4,,9307206321015,
2026-08-18 00:04:37.809,pulse_batch,x,,,,,2,,9000,1114,1043,77,77,,9307215802037,
2026-08-18 00:04:37.820,pulse_batch,y,,,,,-2,,4886,-742,-740,0,4,,9307226700550,
2026-08-18 00:04:37.829,pulse_batch,x,,,,,2,,9002,1116,1045,77,77,,9307236354775,
2026-08-18 00:04:37.840,pulse_batch,y,,,,,-2,,4888,-744,-742,0,4,,9307247069641,
2026-08-18 00:04:37.850,pulse_batch,x,,,,,2,,9004,1118,1047,77,77,,9307256699902,
2026-08-18 00:04:37.860,pulse_batch,y,,,,,-2,,4890,-746,-744,0,4,,9307267360954,
2026-08-18 00:04:37.870,pulse_batch,x,,,,,2,,9006,1120,1049,77,77,,9307277193326,
2026-08-18 00:04:37.881,pulse_batch,y,,,,,-2,,4892,-748,-746,0,4,,9307287781748,
2026-08-18 00:04:37.891,pulse_batch,x,,,,,2,,9008,1122,1051,77,77,,9307298419819,
2026-08-18 00:04:37.901,pulse_batch,y,,,,,-2,,4894,-750,-748,0,4,,9307308218950,
2026-08-18 00:04:37.912,pulse_batch,x,,,,,2,,9010,1124,1053,77,77,,9307318803761,
2026-08-18 00:04:37.921,pulse_batch,y,,,,,-2,,4896,-752,-750,0,4,,9307328573115,
2026-08-18 00:04:37.933,pulse_batch,x,,,,,2,,9012,1126,1055,77,77,,9307340079273,
2026-08-18 00:04:37.942,pulse_batch,y,,,,,-2,,4898,-754,-752,0,4,,9307349079112,
2026-08-18 00:04:37.953,pulse_batch,x,,,,,2,,9014,1128,1057,77,77,,9307360493734,
2026-08-18 00:04:37.963,pulse_batch,y,,,,,-2,,4900,-756,-754,0,4,,9307369761775,
2026-08-18 00:04:37.974,pulse_batch,x,,,,,2,,9016,1130,1059,77,77,,9307380831436,
2026-08-18 00:04:37.983,pulse_batch,y,,,,,-2,,4902,-758,-756,0,4,,9307390148125,
2026-08-18 00:04:37.994,pulse_batch,x,,,,,2,,9018,1132,1061,77,77,,9307401154305,
2026-08-18 00:04:38.003,pulse_batch,y,,,,,-2,,4904,-760,-758,0,4,,9307410524975,
2026-08-18 00:04:38.015,pulse_batch,x,,,,,2,,9020,1134,1063,77,77,,9307421631135,
2026-08-18 00:04:38.024,pulse_batch,y,,,,,-2,,4906,-762,-760,0,4,,9307430969176,
2026-08-18 00:04:38.035,pulse_batch,x,,,,,2,,9022,1136,1065,77,77,,9307442040522,
2026-08-18 00:04:38.044,pulse_batch,y,,,,,-2,,4908,-764,-762,0,4,,9307451417581,
2026-08-18 00:04:38.055,pulse_batch,x,,,,,2,,9024,1138,1067,77,77,,9307462370298,
2026-08-18 00:04:38.065,pulse_batch,y,,,,,-2,,4910,-766,-764,0,4,,9307471756228,
2026-08-18 00:04:38.076,pulse_batch,x,,,,,2,,9026,1140,1069,77,77,,9307482720593,
2026-08-18 00:04:38.085,pulse_batch,y,,,,,-2,,4912,-768,-766,0,4,,9307492225911,
2026-08-18 00:04:38.096,pulse_batch,x,,,,,2,,9028,1142,1071,77,77,,9307503141424,
2026-08-18 00:04:38.105,pulse_batch,y,,,,,-2,,4914,-770,-768,0,4,,9307512587020,
2026-08-18 00:04:38.116,pulse_batch,x,,,,,2,,9030,1144,1073,77,77,,9307523449793,
2026-08-18 00:04:38.126,pulse_batch,y,,,,,-2,,4916,-772,-770,0,4,,9307532960407,
2026-08-18 00:04:38.137,pulse_batch,x,,,,,2,,9032,1146,1075,77,77,,9307543792439,
2026-08-18 00:04:38.146,pulse_batch,y,,,,,-2,,4918,-774,-772,0,4,,9307553488886,
2026-08-18 00:04:38.157,pulse_batch,x,,,,,2,,9034,1148,1077,77,77,,9307564198048,
2026-08-18 00:04:38.167,pulse_batch,y,,,,,-2,,4920,-776,-774,0,4,,9307573949883,
2026-08-18 00:04:38.177,pulse_batch,x,,,,,2,,9036,1150,1079,77,77,,9307584613269,
2026-08-18 00:04:38.187,pulse_batch,y,,,,,-2,,4922,-778,-776,0,4,,9307594356455,
2026-08-18 00:04:38.198,pulse_batch,x,,,,,2,,9038,1152,1081,77,77,,9307605095488,
2026-08-18 00:04:38.208,pulse_batch,y,,,,,-2,,4924,-780,-778,0,4,,9307614935137,
2026-08-18 00:04:38.219,pulse_batch,x,,,,,2,,9040,1154,1083,77,77,,9307625616282,
2026-08-18 00:04:38.230,pulse_batch,y,,,,,-2,,4926,-782,-780,0,4,,9307637231384,
2026-08-18 00:04:38.239,pulse_batch,x,,,,,2,,9042,1156,1085,77,77,,9307646441426,
2026-08-18 00:04:38.250,pulse_batch,y,,,,,-2,,4928,-784,-782,0,4,,9307657595049,
2026-08-18 00:04:38.260,pulse_batch,x,,,,,2,,9044,1158,1087,77,77,,9307666913275,
2026-08-18 00:04:38.271,pulse_batch,y,,,,,-2,,4930,-786,-784,0,4,,9307678182231,
2026-08-18 00:04:38.281,pulse_batch,x,,,,,2,,9046,1160,1089,77,77,,9307687635827,
2026-08-18 00:04:38.292,pulse_batch,y,,,,,-2,,4932,-788,-786,0,4,,9307699385706,
2026-08-18 00:04:38.301,pulse_batch,x,,,,,2,,9048,1162,1091,77,77,,9307708073399,
2026-08-18 00:04:38.313,pulse_batch,y,,,,,-2,,4934,-790,-788,0,4,,9307719730093,
2026-08-18 00:04:38.321,pulse_batch,x,,,,,2,,9050,1164,1093,77,77,,9307728476674,
2026-08-18 00:04:38.328,pulse_batch,y,,,,,-1,,4935,-791,-789,0,4,,9307734973286,
2026-08-18 00:04:38.328,move_finish,y,,,15,,,,4935,-791,-789,0,4,,9307735193322,
2026-08-18 00:04:38.343,pulse_batch,x,,,,,2,,9052,1166,1095,77,77,,9307750324442,
2026-08-18 00:04:38.364,pulse_batch,x,,,,,2,,9054,1168,1097,77,77,,9307770787829,
2026-08-18 00:04:38.384,pulse_batch,x,,,,,2,,9056,1170,1099,77,77,,9307791311085,
2026-08-18 00:04:38.405,pulse_batch,x,,,,,2,,9058,1172,1101,77,77,,9307811743120,
2026-08-18 00:04:38.425,pulse_batch,x,,,,,2,,9060,1174,1103,77,77,,9307832490875,
2026-08-18 00:04:38.448,pulse_batch,x,,,,,2,,9062,1176,1105,77,77,,9307855420193,
2026-08-18 00:04:38.469,pulse_batch,x,,,,,2,,9064,1178,1107,77,77,,9307875894653,
2026-08-18 00:04:38.490,pulse_batch,x,,,,,2,,9066,1180,1109,77,77,,9307897365071,
2026-08-18 00:04:38.511,pulse_batch,x,,,,,2,,9068,1182,1111,77,77,,9307917819050,
2026-08-18 00:04:38.531,pulse_batch,x,,,,,2,,9070,1184,1113,77,77,,9307938257437,
2026-08-18 00:04:38.552,pulse_batch,x,,,,,2,,9072,1186,1115,77,77,,9307958841637,
2026-08-18 00:04:38.572,pulse_batch,x,,,,,2,,9074,1188,1117,77,77,,9307979181654,
2026-08-18 00:04:38.592,pulse_batch,x,,,,,2,,9076,1190,1119,77,77,,9307999504134,
2026-08-18 00:04:38.613,pulse_batch,x,,,,,2,,9078,1192,1121,77,77,,9308020435240,
2026-08-18 00:04:38.634,pulse_batch,x,,,,,2,,9080,1194,1123,77,77,,9308041031533,
2026-08-18 00:04:38.654,pulse_batch,x,,,,,2,,9082,1196,1125,77,77,,9308061378606,
2026-08-18 00:04:38.675,pulse_batch,x,,,,,2,,9084,1198,1127,77,77,,9308082042362,
2026-08-18 00:04:38.696,pulse_batch,x,,,,,2,,9086,1200,1129,77,77,,9308103193374,
2026-08-18 00:04:38.716,pulse_batch,x,,,,,2,,9088,1202,1131,77,77,,9308123581520,
2026-08-18 00:04:38.737,pulse_batch,x,,,,,2,,9090,1204,1133,77,77,,9308144073388,
2026-08-18 00:04:38.758,pulse_batch,x,,,,,2,,9092,1206,1135,77,77,,9308164823625,
2026-08-18 00:04:38.778,pulse_batch,x,,,,,2,,9094,1208,1137,77,77,,9308185416029,
2026-08-18 00:04:38.799,pulse_batch,x,,,,,2,,9096,1210,1139,77,77,,9308205746972,
2026-08-18 00:04:38.819,pulse_batch,x,,,,,2,,9098,1212,1141,77,77,,9308226250617,
2026-08-18 00:04:38.840,pulse_batch,x,,,,,2,,9100,1214,1143,77,77,,9308246672615,
2026-08-18 00:04:38.860,pulse_batch,x,,,,,2,,9102,1216,1145,77,77,,9308266981947,
2026-08-18 00:04:38.881,pulse_batch,x,,,,,2,,9104,1218,1147,77,77,,9308287646999,
2026-08-18 00:04:38.901,pulse_batch,x,,,,,2,,9106,1220,1149,77,77,,9308308064590,
2026-08-18 00:04:38.921,pulse_batch,x,,,,,2,,9108,1222,1151,77,77,,9308328391588,
2026-08-18 00:04:38.942,pulse_batch,x,,,,,2,,9110,1224,1153,77,77,,9308349070529,
2026-08-18 00:04:38.964,pulse_batch,x,,,,,2,,9112,1226,1155,77,77,,9308370733260,
2026-08-18 00:04:38.984,pulse_batch,x,,,,,2,,9114,1228,1157,77,77,,9308391030629,
2026-08-18 00:04:39.006,pulse_batch,x,,,,,2,,9116,1230,1159,77,77,,9308413258914,
2026-08-18 00:04:39.031,pulse_batch,x,,,,,2,,9118,1232,1161,77,77,,9308438559866,
2026-08-18 00:04:39.052,pulse_batch,x,,,,,2,,9120,1234,1163,77,77,,9308458945012,
2026-08-18 00:04:39.057,move_finish,x,,,15,,,,9120,1234,1163,77,77,,9308464051317,
2026-08-18 00:04:39.203,approach_source_finish,x,3,stored,,,,1,,1234,1163,77,77,1163,,
2026-08-18 00:04:39.203,approach_source_finish,y,3,stored,,,,-1,,-791,-789,0,4,-789,,
2026-08-18 00:04:39.208,move_start,y,,,16,-14,,-1,4935,-791,-789,0,4,,9308615101924,
2026-08-18 00:04:39.209,move_start,x,,,16,87,,1,9120,1234,1163,77,77,,9308615029165,
2026-08-18 00:04:39.214,pulse_batch,y,,,,,-1,,4936,-792,-790,0,4,,9308620835707,
2026-08-18 00:04:39.214,pulse_batch,x,,,,,1,,9121,1235,1164,77,77,,9308621247816,
2026-08-18 00:04:39.234,pulse_batch,y,,,,,-2,,4938,-794,-792,0,4,,9308641201742,
2026-08-18 00:04:39.234,pulse_batch,x,,,,,2,,9123,1237,1166,77,77,,9308641547444,
2026-08-18 00:04:39.254,pulse_batch,y,,,,,-2,,4940,-796,-794,0,4,,9308661551333,
2026-08-18 00:04:39.255,pulse_batch,x,,,,,2,,9125,1239,1168,77,77,,9308661823647,
2026-08-18 00:04:39.275,pulse_batch,y,,,,,-2,,4942,-798,-796,0,4,,9308681900221,
2026-08-18 00:04:39.275,pulse_batch,x,,,,,2,,9127,1241,1170,77,77,,9308682602143,
2026-08-18 00:04:39.296,pulse_batch,y,,,,,-2,,4944,-800,-798,0,4,,9308702687124,
2026-08-18 00:04:39.297,pulse_batch,x,,,,,2,,9129,1243,1172,77,77,,9308704118820,
2026-08-18 00:04:39.316,pulse_batch,y,,,,,-2,,4946,-802,-800,0,4,,9308723047881,
2026-08-18 00:04:39.317,pulse_batch,x,,,,,2,,9131,1245,1174,77,77,,9308724426429,
2026-08-18 00:04:39.337,pulse_batch,y,,,,,-2,,4948,-804,-802,0,4,,9308743734285,
2026-08-18 00:04:39.338,pulse_batch,x,,,,,2,,9133,1247,1176,77,77,,9308745166944,
2026-08-18 00:04:39.353,pulse_batch,y,,,,,-1,,4949,-805,-803,0,4,,9308760061584,
2026-08-18 00:04:39.353,move_finish,y,,,16,,,,4949,-805,-803,0,4,,9308760401193,
2026-08-18 00:04:39.359,pulse_batch,x,,,,,2,,9135,1249,1178,77,77,,9308765685182,
2026-08-18 00:04:39.379,pulse_batch,x,,,,,2,,9137,1251,1180,77,77,,9308786057384,
2026-08-18 00:04:39.399,pulse_batch,x,,,,,2,,9139,1253,1182,77,77,,9308806369568,
2026-08-18 00:04:39.420,pulse_batch,x,,,,,2,,9141,1255,1184,77,77,,9308827038601,
2026-08-18 00:04:39.440,pulse_batch,x,,,,,2,,9143,1257,1186,77,77,,9308847530117,
2026-08-18 00:04:39.461,pulse_batch,x,,,,,2,,9145,1259,1188,77,77,,9308867883467,
2026-08-18 00:04:39.484,pulse_batch,x,,,,,2,,9147,1261,1190,77,77,,9308888477594,
2026-08-18 00:04:39.502,pulse_batch,x,,,,,2,,9149,1263,1192,77,77,,9308908761278,
2026-08-18 00:04:39.522,pulse_batch,x,,,,,2,,9151,1265,1194,77,77,,9308929291757,
2026-08-18 00:04:39.543,pulse_batch,x,,,,,2,,9153,1267,1196,77,77,,9308949715125,
2026-08-18 00:04:39.563,pulse_batch,x,,,,,2,,9155,1269,1198,77,77,,9308970179326,
2026-08-18 00:04:39.583,pulse_batch,x,,,,,2,,9157,1271,1200,77,77,,9308990525380,
2026-08-18 00:04:39.604,pulse_batch,x,,,,,2,,9159,1273,1202,77,77,,9309010966174,
2026-08-18 00:04:39.625,pulse_batch,x,,,,,2,,9161,1275,1204,77,77,,9309031825984,
2026-08-18 00:04:39.645,pulse_batch,x,,,,,2,,9163,1277,1206,77,77,,9309052219723,
2026-08-18 00:04:39.666,pulse_batch,x,,,,,2,,9165,1279,1208,77,77,,9309072569610,
2026-08-18 00:04:39.687,pulse_batch,x,,,,,2,,9167,1281,1210,77,77,,9309093683882,
2026-08-18 00:04:39.707,pulse_batch,x,,,,,2,,9169,1283,1212,77,77,,9309114041788,
2026-08-18 00:04:39.727,pulse_batch,x,,,,,2,,9171,1285,1214,77,77,,9309134348546,
2026-08-18 00:04:39.748,pulse_batch,x,,,,,2,,9173,1287,1216,77,77,,9309154836525,
2026-08-18 00:04:39.768,pulse_batch,x,,,,,2,,9175,1289,1218,77,77,,9309175294022,
2026-08-18 00:04:39.788,pulse_batch,x,,,,,2,,9177,1291,1220,77,77,,9309195616928,
2026-08-18 00:04:39.809,pulse_batch,x,,,,,2,,9179,1293,1222,77,77,,9309216022593,
2026-08-18 00:04:39.829,pulse_batch,x,,,,,2,,9181,1295,1224,77,77,,9309236489091,
2026-08-18 00:04:39.850,pulse_batch,x,,,,,2,,9183,1297,1226,77,77,,9309256839589,
2026-08-18 00:04:39.870,pulse_batch,x,,,,,2,,9185,1299,1228,77,77,,9309277262457,
2026-08-18 00:04:39.894,pulse_batch,x,,,,,2,,9187,1301,1230,77,77,,9309300864308,
2026-08-18 00:04:39.914,pulse_batch,x,,,,,2,,9189,1303,1232,77,77,,9309321239121,
2026-08-18 00:04:39.934,pulse_batch,x,,,,,2,,9191,1305,1234,77,77,,9309341569656,
2026-08-18 00:04:39.957,pulse_batch,x,,,,,2,,9193,1307,1236,77,77,,9309364120142,
2026-08-18 00:04:39.977,pulse_batch,x,,,,,2,,9195,1309,1238,77,77,,9309384605140,
2026-08-18 00:04:39.998,pulse_batch,x,,,,,2,,9197,1311,1240,77,77,,9309404896935,
2026-08-18 00:04:40.019,pulse_batch,x,,,,,2,,9199,1313,1242,77,77,,9309425636098,
2026-08-18 00:04:40.040,pulse_batch,x,,,,,2,,9201,1315,1244,77,77,,9309447579421,
2026-08-18 00:04:40.061,pulse_batch,x,,,,,2,,9203,1317,1246,77,77,,9309467884438,
2026-08-18 00:04:40.081,pulse_batch,x,,,,,2,,9205,1319,1248,77,77,,9309488297028,
2026-08-18 00:04:40.102,pulse_batch,x,,,,,2,,9207,1321,1250,77,77,,9309508707471,
2026-08-18 00:04:40.107,move_finish,x,,,16,,,,9207,1321,1250,77,77,,9309513815665,
2026-08-18 00:04:40.269,target_finish,x,3,stored,,,,,,1321,1250,77,77,1250,,ok=True
2026-08-18 00:04:40.270,target_finish,y,3,stored,,,,,,-805,-803,0,4,-803,,ok=True
2026-08-18 00:04:41.475,target_start,x,0,stored,,,,,,1321,1250,77,77,0,,
2026-08-18 00:04:41.475,target_start,y,0,stored,,,,,,-805,-803,0,4,0,,
2026-08-18 00:04:41.475,approach_source_start,x,0,stored,,,,-1,,1321,1250,77,77,87,,
2026-08-18 00:04:41.475,approach_source_start,y,0,stored,,,,1,,-805,-803,0,4,-14,,
2026-08-18 00:04:41.478,move_start,y,,,17,793,,1,4949,-805,-803,0,4,,9310885091716,
2026-08-18 00:04:41.478,move_start,x,,,17,-1240,,-1,9207,1321,1250,77,77,,9310885225234,
2026-08-18 00:04:41.483,pulse_batch,y,,,,,1,,4950,-804,-803,1,4,,9310890564315,
2026-08-18 00:04:41.484,pulse_batch,x,,,,,-1,,9208,1320,1250,76,77,,9310890461408,
2026-08-18 00:04:41.504,pulse_batch,x,,,,,-2,,9210,1318,1250,74,77,,9310911237830,
2026-08-18 00:04:41.504,pulse_batch,y,,,,,2,,4952,-802,-803,3,4,,9310911419941,
2026-08-18 00:04:41.525,pulse_batch,x,,,,,-2,,9212,1316,1250,72,77,,9310932580286,
2026-08-18 00:04:41.526,pulse_batch,y,,,,,2,,4954,-800,-802,4,4,,9310932652138,
2026-08-18 00:04:41.548,pulse_batch,x,,,,,-2,,9214,1314,1250,70,77,,9310955058236,
2026-08-18 00:04:41.548,pulse_batch,y,,,,,2,,4956,-798,-800,4,4,,9310954944348,
2026-08-18 00:04:41.568,pulse_batch,y,,,,,2,,4958,-796,-798,4,4,,9310975257846,
2026-08-18 00:04:41.568,pulse_batch,x,,,,,-2,,9216,1312,1250,68,77,,9310975486864,
2026-08-18 00:04:41.589,pulse_batch,x,,,,,-2,,9218,1310,1250,66,77,,9310995996750,
2026-08-18 00:04:41.589,pulse_batch,y,,,,,2,,4960,-794,-796,4,4,,9310996099749,
2026-08-18 00:04:41.609,pulse_batch,x,,,,,-2,,9220,1308,1250,64,77,,9311016334878,
2026-08-18 00:04:41.610,pulse_batch,y,,,,,2,,4962,-792,-794,4,4,,9311016532414,
2026-08-18 00:04:41.630,pulse_batch,x,,,,,-2,,9222,1306,1250,62,77,,9311036766987,
2026-08-18 00:04:41.633,pulse_batch,y,,,,,2,,4964,-790,-792,4,4,,9311039794507,
2026-08-18 00:04:41.650,pulse_batch,x,,,,,-2,,9224,1304,1250,60,77,,9311057070986,
2026-08-18 00:04:41.653,pulse_batch,y,,,,,2,,4966,-788,-790,4,4,,9311060081339,
2026-08-18 00:04:41.670,pulse_batch,x,,,,,-2,,9226,1302,1250,58,77,,9311077365133,
2026-08-18 00:04:41.673,pulse_batch,y,,,,,2,,4968,-786,-788,4,4,,9311080374727,
2026-08-18 00:04:41.691,pulse_batch,x,,,,,-2,,9228,1300,1250,56,77,,9311097723779,
2026-08-18 00:04:41.696,pulse_batch,y,,,,,2,,4970,-784,-786,4,4,,9311103131638,
2026-08-18 00:04:41.711,pulse_batch,x,,,,,-2,,9230,1298,1250,54,77,,9311118122574,
2026-08-18 00:04:41.716,pulse_batch,y,,,,,2,,4972,-782,-784,4,4,,9311123389693,
2026-08-18 00:04:41.731,pulse_batch,x,,,,,-2,,9232,1296,1250,52,77,,9311138426868,
2026-08-18 00:04:41.737,pulse_batch,y,,,,,2,,4974,-780,-782,4,4,,9311143681191,
2026-08-18 00:04:41.752,pulse_batch,x,,,,,-2,,9234,1294,1250,50,77,,9311158864237,
2026-08-18 00:04:41.760,pulse_batch,y,,,,,2,,4976,-778,-780,4,4,,9311167111247,
2026-08-18 00:04:41.772,pulse_batch,x,,,,,-2,,9236,1292,1250,48,77,,9311179234772,
2026-08-18 00:04:41.780,pulse_batch,y,,,,,2,,4978,-776,-778,4,4,,9311187426616,
2026-08-18 00:04:41.792,pulse_batch,x,,,,,-2,,9238,1290,1250,46,77,,9311199542437,
2026-08-18 00:04:41.801,pulse_batch,y,,,,,2,,4980,-774,-776,4,4,,9311207750651,
2026-08-18 00:04:41.813,pulse_batch,x,,,,,-2,,9240,1288,1250,44,77,,9311220248656,
2026-08-18 00:04:41.821,pulse_batch,y,,,,,2,,4982,-772,-774,4,4,,9311228206501,
2026-08-18 00:04:41.833,pulse_batch,x,,,,,-2,,9242,1286,1250,42,77,,9311240604988,
2026-08-18 00:04:41.843,pulse_batch,y,,,,,2,,4984,-770,-772,4,4,,9311249803826,
2026-08-18 00:04:41.854,pulse_batch,x,,,,,-2,,9244,1284,1250,40,77,,9311260899801,
2026-08-18 00:04:41.863,pulse_batch,y,,,,,2,,4986,-768,-770,4,4,,9311270070399,
2026-08-18 00:04:41.874,pulse_batch,x,,,,,-2,,9246,1282,1250,38,77,,9311281202115,
2026-08-18 00:04:41.885,pulse_batch,y,,,,,2,,4988,-766,-768,4,4,,9311292131795,
2026-08-18 00:04:41.895,pulse_batch,x,,,,,-2,,9248,1280,1250,36,77,,9311302481978,
2026-08-18 00:04:41.908,pulse_batch,y,,,,,2,,4990,-764,-766,4,4,,9311315361740,
2026-08-18 00:04:41.916,pulse_batch,x,,,,,-2,,9250,1278,1250,34,77,,9311322782829,
2026-08-18 00:04:41.928,pulse_batch,y,,,,,2,,4992,-762,-764,4,4,,9311335648406,
2026-08-18 00:04:41.936,pulse_batch,x,,,,,-2,,9252,1276,1250,32,77,,9311343077254,
2026-08-18 00:04:41.949,pulse_batch,y,,,,,2,,4994,-760,-762,4,4,,9311356136552,
2026-08-18 00:04:41.957,pulse_batch,x,,,,,-2,,9254,1274,1250,30,77,,9311364049915,
2026-08-18 00:04:41.969,pulse_batch,y,,,,,2,,4996,-758,-760,4,4,,9311376504939,
2026-08-18 00:04:41.977,pulse_batch,x,,,,,-2,,9256,1272,1250,28,77,,9311384588598,
2026-08-18 00:04:41.990,pulse_batch,y,,,,,2,,4998,-756,-758,4,4,,9311396808752,
2026-08-18 00:04:41.998,pulse_batch,x,,,,,-2,,9258,1270,1250,26,77,,9311404899559,
2026-08-18 00:04:42.010,pulse_batch,y,,,,,2,,5000,-754,-756,4,4,,9311417216954,
2026-08-18 00:04:42.020,pulse_batch,x,,,,,-2,,9260,1268,1250,24,77,,9311426741883,
2026-08-18 00:04:42.031,pulse_batch,y,,,,,2,,5002,-752,-754,4,4,,9311437811414,
2026-08-18 00:04:42.040,pulse_batch,x,,,,,-2,,9262,1266,1250,22,77,,9311447067381,
2026-08-18 00:04:42.051,pulse_batch,y,,,,,2,,5004,-750,-752,4,4,,9311458115061,
2026-08-18 00:04:42.060,pulse_batch,x,,,,,-2,,9264,1264,1250,20,77,,9311467341769,
2026-08-18 00:04:42.071,pulse_batch,y,,,,,2,,5006,-748,-750,4,4,,9311478432949,
2026-08-18 00:04:42.081,pulse_batch,x,,,,,-2,,9266,1262,1250,18,77,,9311488163561,
2026-08-18 00:04:42.092,pulse_batch,y,,,,,2,,5008,-746,-748,4,4,,9311498964761,
2026-08-18 00:04:42.101,pulse_batch,x,,,,,-2,,9268,1260,1250,16,77,,9311508602522,
2026-08-18 00:04:42.112,pulse_batch,y,,,,,2,,5010,-744,-746,4,4,,9311519279908,
2026-08-18 00:04:42.122,pulse_batch,x,,,,,-2,,9270,1258,1250,14,77,,9311528907373,
2026-08-18 00:04:42.132,pulse_batch,y,,,,,2,,5012,-742,-744,4,4,,9311539533870,
2026-08-18 00:04:42.142,pulse_batch,x,,,,,-2,,9272,1256,1250,12,77,,9311549261057,
2026-08-18 00:04:42.153,pulse_batch,y,,,,,2,,5014,-740,-742,4,4,,9311560275366,
2026-08-18 00:04:42.163,pulse_batch,x,,,,,-2,,9274,1254,1250,10,77,,9311569727221,
2026-08-18 00:04:42.173,pulse_batch,y,,,,,2,,5016,-738,-740,4,4,,9311580556494,
2026-08-18 00:04:42.183,pulse_batch,x,,,,,-2,,9276,1252,1250,8,77,,9311590049497,
2026-08-18 00:04:42.194,pulse_batch,y,,,,,2,,5018,-736,-738,4,4,,9311600823456,
2026-08-18 00:04:42.203,pulse_batch,x,,,,,-2,,9278,1250,1250,6,77,,9311610401922,
2026-08-18 00:04:42.214,pulse_batch,y,,,,,2,,5020,-734,-736,4,4,,9311621110066,
2026-08-18 00:04:42.224,pulse_batch,x,,,,,-2,,9280,1248,1250,4,77,,9311631064289,
2026-08-18 00:04:42.234,pulse_batch,y,,,,,2,,5022,-732,-734,4,4,,9311641427287,
2026-08-18 00:04:42.244,pulse_batch,x,,,,,-2,,9282,1246,1250,2,77,,9311651473880,
2026-08-18 00:04:42.255,pulse_batch,y,,,,,2,,5024,-730,-732,4,4,,9311661810582,
2026-08-18 00:04:42.265,pulse_batch,x,,,,,-2,,9284,1244,1250,0,77,,9311671884933,
2026-08-18 00:04:42.275,pulse_batch,y,,,,,2,,5026,-728,-730,4,4,,9311682248839,
2026-08-18 00:04:42.286,pulse_batch,x,,,,,-2,,9286,1242,1248,0,77,,9311692659707,
2026-08-18 00:04:42.296,pulse_batch,y,,,,,2,,5028,-726,-728,4,4,,9311703067557,
2026-08-18 00:04:42.306,pulse_batch,x,,,,,-2,,9288,1240,1246,0,77,,9311713507721,
2026-08-18 00:04:42.316,pulse_batch,y,,,,,2,,5030,-724,-726,4,4,,9311723368500,
2026-08-18 00:04:42.327,pulse_batch,x,,,,,-2,,9290,1238,1244,0,77,,9311733764387,
2026-08-18 00:04:42.337,pulse_batch,y,,,,,2,,5032,-722,-724,4,4,,9311743682573,
2026-08-18 00:04:42.347,pulse_batch,x,,,,,-2,,9292,1236,1242,0,77,,9311754295792,
2026-08-18 00:04:42.357,pulse_batch,y,,,,,2,,5034,-720,-722,4,4,,9311764549291,
2026-08-18 00:04:42.368,pulse_batch,x,,,,,-2,,9294,1234,1240,0,77,,9311774758234,
2026-08-18 00:04:42.378,pulse_batch,y,,,,,2,,5036,-718,-720,4,4,,9311784930363,
2026-08-18 00:04:42.388,pulse_batch,x,,,,,-2,,9296,1232,1238,0,77,,9311795073788,
2026-08-18 00:04:42.398,pulse_batch,y,,,,,2,,5038,-716,-718,4,4,,9311805269602,
2026-08-18 00:04:42.408,pulse_batch,x,,,,,-2,,9298,1230,1236,0,77,,9311815452305,
2026-08-18 00:04:42.420,pulse_batch,y,,,,,2,,5040,-714,-716,4,4,,9311827108296,
2026-08-18 00:04:42.430,pulse_batch,x,,,,,-2,,9300,1228,1234,0,77,,9311837304573,
2026-08-18 00:04:42.441,pulse_batch,y,,,,,2,,5042,-712,-714,4,4,,9311847715108,
2026-08-18 00:04:42.450,pulse_batch,x,,,,,-2,,9302,1226,1232,0,77,,9311857614572,
2026-08-18 00:04:42.461,pulse_batch,y,,,,,2,,5044,-710,-712,4,4,,9311867967885,
2026-08-18 00:04:42.471,pulse_batch,x,,,,,-2,,9304,1224,1230,0,77,,9311877934885,
2026-08-18 00:04:42.482,pulse_batch,y,,,,,2,,5046,-708,-710,4,4,,9311889196378,
2026-08-18 00:04:42.492,pulse_batch,x,,,,,-2,,9306,1222,1228,0,77,,9311899265582,
2026-08-18 00:04:42.503,pulse_batch,y,,,,,2,,5048,-706,-708,4,4,,9311909634599,
2026-08-18 00:04:42.513,pulse_batch,x,,,,,-2,,9308,1220,1226,0,77,,9311919725858,
2026-08-18 00:04:42.523,pulse_batch,y,,,,,2,,5050,-704,-706,4,4,,9311930032875,
2026-08-18 00:04:42.533,pulse_batch,x,,,,,-2,,9310,1218,1224,0,77,,9311940025338,
2026-08-18 00:04:42.543,pulse_batch,y,,,,,2,,5052,-702,-704,4,4,,9311950546687,
2026-08-18 00:04:42.554,pulse_batch,x,,,,,-2,,9312,1216,1222,0,77,,9311960976833,
2026-08-18 00:04:42.564,pulse_batch,y,,,,,2,,5054,-700,-702,4,4,,9311971018703,
2026-08-18 00:04:42.574,pulse_batch,x,,,,,-2,,9314,1214,1220,0,77,,9311981358646,
2026-08-18 00:04:42.584,pulse_batch,y,,,,,2,,5056,-698,-700,4,4,,9311991336683,
2026-08-18 00:04:42.594,pulse_batch,x,,,,,-2,,9316,1212,1218,0,77,,9312001607886,
2026-08-18 00:04:42.605,pulse_batch,y,,,,,2,,5058,-696,-698,4,4,,9312012064569,
2026-08-18 00:04:42.615,pulse_batch,x,,,,,-2,,9318,1210,1216,0,77,,9312022108124,
2026-08-18 00:04:42.627,pulse_batch,y,,,,,2,,5060,-694,-696,4,4,,9312034022558,
2026-08-18 00:04:42.635,pulse_batch,x,,,,,-2,,9320,1208,1214,0,77,,9312042486956,
2026-08-18 00:04:42.647,pulse_batch,y,,,,,2,,5062,-692,-694,4,4,,9312054351705,
2026-08-18 00:04:42.656,pulse_batch,x,,,,,-2,,9322,1206,1212,0,77,,9312062772103,
2026-08-18 00:04:42.668,pulse_batch,y,,,,,2,,5064,-690,-692,4,4,,9312074689037,
2026-08-18 00:04:42.676,pulse_batch,x,,,,,-2,,9324,1204,1210,0,77,,9312083101805,
2026-08-18 00:04:42.688,pulse_batch,y,,,,,2,,5066,-688,-690,4,4,,9312095043961,
2026-08-18 00:04:42.696,pulse_batch,x,,,,,-2,,9326,1202,1208,0,77,,9312103500192,
2026-08-18 00:04:42.708,pulse_batch,y,,,,,2,,5068,-686,-688,4,4,,9312115397386,
2026-08-18 00:04:42.717,pulse_batch,x,,,,,-2,,9328,1200,1206,0,77,,9312124033153,
2026-08-18 00:04:42.728,pulse_batch,y,,,,,2,,5070,-684,-686,4,4,,9312135656088,
2026-08-18 00:04:42.739,pulse_batch,x,,,,,-2,,9330,1198,1204,0,77,,9312145666588,
2026-08-18 00:04:42.749,pulse_batch,y,,,,,2,,5072,-682,-684,4,4,,9312156116419,
2026-08-18 00:04:42.759,pulse_batch,x,,,,,-2,,9332,1196,1202,0,77,,9312166023142,
2026-08-18 00:04:42.769,pulse_batch,y,,,,,2,,5074,-680,-682,4,4,,9312176420122,
2026-08-18 00:04:42.779,pulse_batch,x,,,,,-2,,9334,1194,1200,0,77,,9312186403770,
2026-08-18 00:04:42.790,pulse_batch,y,,,,,2,,5076,-678,-680,4,4,,9312196712158,
2026-08-18 00:04:42.800,pulse_batch,x,,,,,-2,,9336,1192,1198,0,77,,9312206678584,
2026-08-18 00:04:42.810,pulse_batch,y,,,,,2,,5078,-676,-678,4,4,,9312217206692,
2026-08-18 00:04:42.820,pulse_batch,x,,,,,-2,,9338,1190,1196,0,77,,9312227459358,
2026-08-18 00:04:42.831,pulse_batch,y,,,,,2,,5080,-674,-676,4,4,,9312237692023,
2026-08-18 00:04:42.841,pulse_batch,x,,,,,-2,,9340,1188,1194,0,77,,9312247820097,
2026-08-18 00:04:42.851,pulse_batch,y,,,,,2,,5082,-672,-674,4,4,,9312258194151,
2026-08-18 00:04:42.861,pulse_batch,x,,,,,-2,,9342,1186,1192,0,77,,9312268099651,
2026-08-18 00:04:42.871,pulse_batch,y,,,,,2,,5084,-670,-672,4,4,,9312278495335,
2026-08-18 00:04:42.881,pulse_batch,x,,,,,-2,,9344,1184,1190,0,77,,9312288459316,
2026-08-18 00:04:42.892,pulse_batch,y,,,,,2,,5086,-668,-670,4,4,,9312298879722,
2026-08-18 00:04:42.902,pulse_batch,x,,,,,-2,,9346,1182,1188,0,77,,9312308877722,
2026-08-18 00:04:42.912,pulse_batch,y,,,,,2,,5088,-666,-668,4,4,,9312319444145,
2026-08-18 00:04:42.922,pulse_batch,x,,,,,-2,,9348,1180,1186,0,77,,9312329226998,
2026-08-18 00:04:42.933,pulse_batch,y,,,,,2,,5090,-664,-666,4,4,,9312339727681,
2026-08-18 00:04:42.942,pulse_batch,x,,,,,-2,,9350,1178,1184,0,77,,9312349567219,
2026-08-18 00:04:42.953,pulse_batch,y,,,,,2,,5092,-662,-664,4,4,,9312360079679,
2026-08-18 00:04:42.963,pulse_batch,x,,,,,-2,,9352,1176,1182,0,77,,9312370182679,
2026-08-18 00:04:42.973,pulse_batch,y,,,,,2,,5094,-660,-662,4,4,,9312380579658,
2026-08-18 00:04:42.983,pulse_batch,x,,,,,-2,,9354,1174,1180,0,77,,9312390476826,
2026-08-18 00:04:42.994,pulse_batch,y,,,,,2,,5096,-658,-660,4,4,,9312400851676,
2026-08-18 00:04:43.004,pulse_batch,x,,,,,-2,,9356,1172,1178,0,77,,9312410775991,
2026-08-18 00:04:43.014,pulse_batch,y,,,,,2,,5098,-656,-658,4,4,,9312421604968,
2026-08-18 00:04:43.025,pulse_batch,x,,,,,-2,,9358,1170,1176,0,77,,9312431791579,
2026-08-18 00:04:43.035,pulse_batch,y,,,,,2,,5100,-654,-656,4,4,,9312442021429,
2026-08-18 00:04:43.045,pulse_batch,x,,,,,-2,,9360,1168,1174,0,77,,9312452207984,
2026-08-18 00:04:43.055,pulse_batch,y,,,,,2,,5102,-652,-654,4,4,,9312462344502,
2026-08-18 00:04:43.066,pulse_batch,x,,,,,-2,,9362,1166,1172,0,77,,9312472718611,
2026-08-18 00:04:43.076,pulse_batch,y,,,,,2,,5104,-650,-652,4,4,,9312482684815,
2026-08-18 00:04:43.086,pulse_batch,x,,,,,-2,,9364,1164,1170,0,77,,9312493379812,
2026-08-18 00:04:43.096,pulse_batch,y,,,,,2,,5106,-648,-650,4,4,,9312503604478,
2026-08-18 00:04:43.107,pulse_batch,x,,,,,-2,,9366,1162,1168,0,77,,9312513760532,
2026-08-18 00:04:43.117,pulse_batch,y,,,,,2,,5108,-646,-648,4,4,,9312523986939,
2026-08-18 00:04:43.127,pulse_batch,x,,,,,-2,,9368,1160,1166,0,77,,9312534251660,
2026-08-18 00:04:43.137,pulse_batch,y,,,,,2,,5110,-644,-646,4,4,,9312544286641,
2026-08-18 00:04:43.148,pulse_batch,x,,,,,-2,,9370,1158,1164,0,77,,9312554763583,
2026-08-18 00:04:43.158,pulse_batch,y,,,,,2,,5112,-642,-644,4,4,,9312564986508,
2026-08-18 00:04:43.168,pulse_batch,x,,,,,-2,,9372,1156,1162,0,77,,9312575241248,
2026-08-18 00:04:43.178,pulse_batch,y,,,,,2,,5114,-640,-642,4,4,,9312585404062,
2026-08-18 00:04:43.188,pulse_batch,x,,,,,-2,,9374,1154,1160,0,77,,9312595535636,
2026-08-18 00:04:43.199,pulse_batch,y,,,,,2,,5116,-638,-640,4,4,,9312605686302,
2026-08-18 00:04:43.209,pulse_batch,x,,,,,-2,,9376,1152,1158,0,77,,9312615900171,
2026-08-18 00:04:43.220,pulse_batch,y,,,,,2,,5118,-636,-638,4,4,,9312626714685,
2026-08-18 00:04:43.230,pulse_batch,x,,,,,-2,,9378,1150,1156,0,77,,9312637256553,
2026-08-18 00:04:43.240,pulse_batch,y,,,,,2,,5120,-634,-636,4,4,,9312647240923,
2026-08-18 00:04:43.250,pulse_batch,x,,,,,-2,,9380,1148,1154,0,77,,9312657610070,
2026-08-18 00:04:43.261,pulse_batch,y,,,,,2,,5122,-632,-634,4,4,,9312667961327,
2026-08-18 00:04:43.271,pulse_batch,x,,,,,-2,,9382,1146,1152,0,77,,9312677993327,
2026-08-18 00:04:43.283,pulse_batch,y,,,,,2,,5124,-630,-632,4,4,,9312689716170,
2026-08-18 00:04:43.291,pulse_batch,x,,,,,-2,,9384,1144,1150,0,77,,9312698638621,
2026-08-18 00:04:43.303,pulse_batch,y,,,,,2,,5126,-628,-630,4,4,,9312710028928,
2026-08-18 00:04:43.312,pulse_batch,x,,,,,-2,,9386,1142,1148,0,77,,9312719430524,
2026-08-18 00:04:43.323,pulse_batch,y,,,,,2,,5128,-626,-628,4,4,,9312730317279,
2026-08-18 00:04:43.333,pulse_batch,x,,,,,-2,,9388,1140,1146,0,77,,9312739712486,
2026-08-18 00:04:43.343,pulse_batch,y,,,,,2,,5130,-624,-626,4,4,,9312750631703,
2026-08-18 00:04:43.353,pulse_batch,x,,,,,-2,,9390,1138,1144,0,77,,9312760165225,
2026-08-18 00:04:43.364,pulse_batch,y,,,,,2,,5132,-622,-624,4,4,,9312770978591,
2026-08-18 00:04:43.374,pulse_batch,x,,,,,-2,,9392,1136,1142,0,77,,9312780646815,
2026-08-18 00:04:43.384,pulse_batch,y,,,,,2,,5134,-620,-622,4,4,,9312791250497,
2026-08-18 00:04:43.394,pulse_batch,x,,,,,-2,,9394,1134,1140,0,77,,9312800931110,
2026-08-18 00:04:43.404,pulse_batch,y,,,,,2,,5136,-618,-620,4,4,,9312811543829,
2026-08-18 00:04:43.416,pulse_batch,x,,,,,-2,,9396,1132,1138,0,77,,9312822733027,
2026-08-18 00:04:43.426,pulse_batch,y,,,,,2,,5138,-616,-618,4,4,,9312832993488,
2026-08-18 00:04:43.436,pulse_batch,x,,,,,-2,,9398,1130,1136,0,77,,9312843258061,
2026-08-18 00:04:43.446,pulse_batch,y,,,,,2,,5140,-614,-616,4,4,,9312853448079,
2026-08-18 00:04:43.456,pulse_batch,x,,,,,-2,,9400,1128,1134,0,77,,9312863580597,
2026-08-18 00:04:43.467,pulse_batch,y,,,,,2,,5142,-612,-614,4,4,,9312873742300,
2026-08-18 00:04:43.477,pulse_batch,x,,,,,-2,,9402,1126,1132,0,77,,9312883934058,
2026-08-18 00:04:43.487,pulse_batch,y,,,,,2,,5144,-610,-612,4,4,,9312894268094,
2026-08-18 00:04:43.498,pulse_batch,x,,,,,-2,,9404,1124,1130,0,77,,9312904647777,
2026-08-18 00:04:43.508,pulse_batch,y,,,,,2,,5146,-608,-610,4,4,,9312914662129,
2026-08-18 00:04:43.518,pulse_batch,x,,,,,-2,,9406,1122,1128,0,77,,9312924952405,
2026-08-18 00:04:43.528,pulse_batch,y,,,,,2,,5148,-606,-608,4,4,,9312934991794,
2026-08-18 00:04:43.538,pulse_batch,x,,,,,-2,,9408,1120,1126,0,77,,9312945264719,
2026-08-18 00:04:43.549,pulse_batch,y,,,,,2,,5150,-604,-606,4,4,,9312955400237,
2026-08-18 00:04:43.559,pulse_batch,x,,,,,-2,,9410,1118,1124,0,77,,9312965869623,
2026-08-18 00:04:43.569,pulse_batch,y,,,,,2,,5152,-602,-604,4,4,,9312975813031,
2026-08-18 00:04:43.579,pulse_batch,x,,,,,-2,,9412,1116,1122,0,77,,9312986201937,
2026-08-18 00:04:43.589,pulse_batch,y,,,,,2,,5154,-600,-602,4,4,,9312996116141,
2026-08-18 00:04:43.599,pulse_batch,x,,,,,-2,,9414,1114,1120,0,77,,9313006488251,
2026-08-18 00:04:43.609,pulse_batch,y,,,,,2,,5156,-598,-600,4,4,,9313016445195,
2026-08-18 00:04:43.620,pulse_batch,x,,,,,-2,,9416,1112,1118,0,77,,9313027291635,
2026-08-18 00:04:43.630,pulse_batch,y,,,,,2,,5158,-596,-598,4,4,,9313037430135,
2026-08-18 00:04:43.641,pulse_batch,x,,,,,-2,,9418,1110,1116,0,77,,9313047800244,
2026-08-18 00:04:43.651,pulse_batch,y,,,,,2,,5160,-594,-596,4,4,,9313057760374,
2026-08-18 00:04:43.661,pulse_batch,x,,,,,-2,,9420,1108,1114,0,77,,9313068032040,
2026-08-18 00:04:43.671,pulse_batch,y,,,,,2,,5162,-592,-594,4,4,,9313078053855,
2026-08-18 00:04:43.682,pulse_batch,x,,,,,-2,,9422,1106,1112,0,77,,9313088713259,
2026-08-18 00:04:43.692,pulse_batch,y,,,,,2,,5164,-590,-592,4,4,,9313099055683,
2026-08-18 00:04:43.702,pulse_batch,x,,,,,-2,,9424,1104,1110,0,77,,9313109163386,
2026-08-18 00:04:43.712,pulse_batch,y,,,,,2,,5166,-588,-590,4,4,,9313119598884,
2026-08-18 00:04:43.723,pulse_batch,x,,,,,-2,,9426,1102,1108,0,77,,9313129711569,
2026-08-18 00:04:43.733,pulse_batch,y,,,,,2,,5168,-586,-588,4,4,,9313140013790,
2026-08-18 00:04:43.743,pulse_batch,x,,,,,-2,,9428,1100,1106,0,77,,9313150038160,
2026-08-18 00:04:43.753,pulse_batch,y,,,,,2,,5170,-584,-586,4,4,,9313160608750,
2026-08-18 00:04:43.764,pulse_batch,x,,,,,-2,,9430,1098,1104,0,77,,9313170934193,
2026-08-18 00:04:43.774,pulse_batch,y,,,,,2,,5172,-582,-584,4,4,,9313181368061,
2026-08-18 00:04:43.784,pulse_batch,x,,,,,-2,,9432,1096,1102,0,77,,9313191243506,
2026-08-18 00:04:43.794,pulse_batch,y,,,,,2,,5174,-580,-582,4,4,,9313201633615,
2026-08-18 00:04:43.804,pulse_batch,x,,,,,-2,,9434,1094,1100,0,77,,9313211537523,
2026-08-18 00:04:43.815,pulse_batch,y,,,,,2,,5176,-578,-580,4,4,,9313222239705,
2026-08-18 00:04:43.825,pulse_batch,x,,,,,-2,,9436,1092,1098,0,77,,9313232251724,
2026-08-18 00:04:43.836,pulse_batch,y,,,,,2,,5178,-576,-578,4,4,,9313242644203,
2026-08-18 00:04:43.845,pulse_batch,x,,,,,-2,,9438,1090,1096,0,77,,9313252633481,
2026-08-18 00:04:43.856,pulse_batch,y,,,,,2,,5180,-574,-576,4,4,,9313262939739,
2026-08-18 00:04:43.866,pulse_batch,x,,,,,-2,,9440,1088,1094,0,77,,9313272912202,
2026-08-18 00:04:43.878,pulse_batch,y,,,,,2,,5182,-572,-574,4,4,,9313285183060,
2026-08-18 00:04:43.887,pulse_batch,x,,,,,-2,,9442,1086,1092,0,77,,9313294316399,
2026-08-18 00:04:43.898,pulse_batch,y,,,,,2,,5184,-570,-572,4,4,,9313305562281,
2026-08-18 00:04:43.907,pulse_batch,x,,,,,-2,,9444,1084,1090,0,77,,9313314654916,
2026-08-18 00:04:43.919,pulse_batch,y,,,,,2,,5186,-568,-570,4,4,,9313325834595,
2026-08-18 00:04:43.928,pulse_batch,x,,,,,-2,,9446,1082,1088,0,77,,9313334975489,
2026-08-18 00:04:43.939,pulse_batch,y,,,,,2,,5188,-566,-568,4,4,,9313346152075,
2026-08-18 00:04:43.949,pulse_batch,x,,,,,-2,,9448,1080,1086,0,77,,9313355875466,
2026-08-18 00:04:43.961,pulse_batch,y,,,,,2,,5190,-564,-566,4,4,,9313368391285,
2026-08-18 00:04:43.969,pulse_batch,x,,,,,-2,,9450,1078,1084,0,77,,9313376224557,
2026-08-18 00:04:43.982,pulse_batch,y,,,,,2,,5192,-562,-564,4,4,,9313388875246,
2026-08-18 00:04:43.989,pulse_batch,x,,,,,-2,,9452,1076,1082,0,77,,9313396525444,
2026-08-18 00:04:44.002,pulse_batch,y,,,,,2,,5194,-560,-562,4,4,,9313409211985,
2026-08-18 00:04:44.010,pulse_batch,x,,,,,-2,,9454,1074,1080,0,77,,9313417166626,
2026-08-18 00:04:44.023,pulse_batch,y,,,,,2,,5196,-558,-560,4,4,,9313429674946,
2026-08-18 00:04:44.033,pulse_batch,x,,,,,-2,,9456,1072,1078,0,77,,9313439945815,
2026-08-18 00:04:44.043,pulse_batch,y,,,,,2,,5198,-556,-558,4,4,,9313450081222,
2026-08-18 00:04:44.053,pulse_batch,x,,,,,-2,,9458,1070,1076,0,77,,9313460415517,
2026-08-18 00:04:44.063,pulse_batch,y,,,,,2,,5200,-554,-556,4,4,,9313470370721,
2026-08-18 00:04:44.074,pulse_batch,x,,,,,-2,,9460,1068,1074,0,77,,9313481196680,
2026-08-18 00:04:44.084,pulse_batch,y,,,,,2,,5202,-552,-554,4,4,,9313491193624,
2026-08-18 00:04:44.095,pulse_batch,x,,,,,-2,,9462,1066,1072,0,77,,9313501842510,
2026-08-18 00:04:44.104,pulse_batch,y,,,,,2,,5204,-550,-552,4,4,,9313511559567,
2026-08-18 00:04:44.115,pulse_batch,x,,,,,-2,,9464,1064,1070,0,77,,9313522233749,
2026-08-18 00:04:44.125,pulse_batch,y,,,,,2,,5206,-548,-550,4,4,,9313531873603,
2026-08-18 00:04:44.136,pulse_batch,x,,,,,-2,,9466,1062,1068,0,77,,9313543116263,
2026-08-18 00:04:44.145,pulse_batch,y,,,,,2,,5208,-546,-548,4,4,,9313552373805,
2026-08-18 00:04:44.159,pulse_batch,x,,,,,-2,,9468,1060,1066,0,77,,9313566364098,
2026-08-18 00:04:44.166,pulse_batch,y,,,,,2,,5210,-544,-546,4,4,,9313572791062,
2026-08-18 00:04:44.180,pulse_batch,x,,,,,-2,,9470,1058,1064,0,77,,9313587381481,
2026-08-18 00:04:44.186,pulse_batch,y,,,,,2,,5212,-542,-544,4,4,,9313593072598,
2026-08-18 00:04:44.200,pulse_batch,x,,,,,-2,,9472,1056,1062,0,77,,9313607663258,
2026-08-18 00:04:44.206,pulse_batch,y,,,,,2,,5214,-540,-542,4,4,,9313613587059,
2026-08-18 00:04:44.221,pulse_batch,x,,,,,-2,,9474,1054,1060,0,77,,9313628067442,
2026-08-18 00:04:44.227,pulse_batch,y,,,,,2,,5216,-538,-540,4,4,,9313633923594,
2026-08-18 00:04:44.241,pulse_batch,x,,,,,-2,,9476,1052,1058,0,77,,9313648462903,
2026-08-18 00:04:44.247,pulse_batch,y,,,,,2,,5218,-536,-538,4,4,,9313654269667,
2026-08-18 00:04:44.262,pulse_batch,x,,,,,-2,,9478,1050,1056,0,77,,9313668733068,
2026-08-18 00:04:44.267,pulse_batch,y,,,,,2,,5220,-534,-536,4,4,,9313674538499,
2026-08-18 00:04:44.283,pulse_batch,x,,,,,-2,,9480,1048,1054,0,77,,9313689956710,
2026-08-18 00:04:44.288,pulse_batch,y,,,,,2,,5222,-532,-534,4,4,,9313695047701,
2026-08-18 00:04:44.304,pulse_batch,x,,,,,-2,,9482,1046,1052,0,77,,9313710616726,
2026-08-18 00:04:44.310,pulse_batch,y,,,,,2,,5224,-530,-532,4,4,,9313717134764,
2026-08-18 00:04:44.324,pulse_batch,x,,,,,-2,,9484,1044,1050,0,77,,9313730924613,
2026-08-18 00:04:44.330,pulse_batch,y,,,,,2,,5226,-528,-530,4,4,,9313737454577,
2026-08-18 00:04:44.344,pulse_batch,x,,,,,-2,,9486,1042,1048,0,77,,9313751296908,
2026-08-18 00:04:44.351,pulse_batch,y,,,,,2,,5228,-526,-528,4,4,,9313757941020,
2026-08-18 00:04:44.365,pulse_batch,x,,,,,-2,,9488,1040,1046,0,77,,9313771799850,
2026-08-18 00:04:44.371,pulse_batch,y,,,,,2,,5230,-524,-526,4,4,,9313778425499,
2026-08-18 00:04:44.385,pulse_batch,x,,,,,-2,,9490,1038,1044,0,77,,9313792133979,
2026-08-18 00:04:44.392,pulse_batch,y,,,,,2,,5232,-522,-524,4,4,,9313798707461,
2026-08-18 00:04:44.405,pulse_batch,x,,,,,-2,,9492,1036,1042,0,77,,9313812444514,
2026-08-18 00:04:44.412,pulse_batch,y,,,,,2,,5234,-520,-522,4,4,,9313819053274,
2026-08-18 00:04:44.426,pulse_batch,x,,,,,-2,,9494,1034,1040,0,77,,9313832980938,
2026-08-18 00:04:44.434,pulse_batch,y,,,,,2,,5236,-518,-520,4,4,,9313841233596,
2026-08-18 00:04:44.448,pulse_batch,x,,,,,-2,,9496,1032,1038,0,77,,9313854734632,
2026-08-18 00:04:44.454,pulse_batch,y,,,,,2,,5238,-516,-518,4,4,,9313861527595,
2026-08-18 00:04:44.468,pulse_batch,x,,,,,-2,,9498,1030,1036,0,77,,9313875018076,
2026-08-18 00:04:44.475,pulse_batch,y,,,,,2,,5240,-514,-516,4,4,,9313881894353,
2026-08-18 00:04:44.489,pulse_batch,x,,,,,-2,,9500,1028,1034,0,77,,9313895778202,
2026-08-18 00:04:44.495,pulse_batch,y,,,,,2,,5242,-512,-514,4,4,,9313902364684,
2026-08-18 00:04:44.510,pulse_batch,x,,,,,-2,,9502,1026,1032,0,77,,9313917201231,
2026-08-18 00:04:44.516,pulse_batch,y,,,,,2,,5244,-510,-512,4,4,,9313922731164,
2026-08-18 00:04:44.530,pulse_batch,x,,,,,-2,,9504,1024,1030,0,77,,9313937516304,
2026-08-18 00:04:44.536,pulse_batch,y,,,,,2,,5246,-508,-510,4,4,,9313943064033,
2026-08-18 00:04:44.551,pulse_batch,x,,,,,-2,,9506,1022,1028,0,77,,9313958017561,
2026-08-18 00:04:44.556,pulse_batch,y,,,,,2,,5248,-506,-508,4,4,,9313963497105,
2026-08-18 00:04:44.571,pulse_batch,x,,,,,-2,,9508,1020,1026,0,77,,9313978353245,
2026-08-18 00:04:44.577,pulse_batch,y,,,,,2,,5250,-504,-506,4,4,,9313983810900,
2026-08-18 00:04:44.591,pulse_batch,x,,,,,-2,,9510,1018,1024,0,77,,9313998645559,
2026-08-18 00:04:44.597,pulse_batch,y,,,,,2,,5252,-502,-504,4,4,,9314004076955,
2026-08-18 00:04:44.612,pulse_batch,x,,,,,-2,,9512,1016,1022,0,77,,9314018958169,
2026-08-18 00:04:44.618,pulse_batch,y,,,,,2,,5254,-500,-502,4,4,,9314024802766,
2026-08-18 00:04:44.632,pulse_batch,x,,,,,-2,,9514,1014,1020,0,77,,9314039458759,
2026-08-18 00:04:44.638,pulse_batch,y,,,,,2,,5256,-498,-500,4,4,,9314045195449,
2026-08-18 00:04:44.653,pulse_batch,x,,,,,-2,,9516,1012,1018,0,77,,9314059795128,
2026-08-18 00:04:44.658,pulse_batch,y,,,,,2,,5258,-496,-498,4,4,,9314065473745,
2026-08-18 00:04:44.673,pulse_batch,x,,,,,-2,,9518,1010,1016,0,77,,9314080121108,
2026-08-18 00:04:44.679,pulse_batch,y,,,,,2,,5260,-494,-496,4,4,,9314086035835,
2026-08-18 00:04:44.693,pulse_batch,x,,,,,-2,,9520,1008,1014,0,77,,9314100470940,
2026-08-18 00:04:44.699,pulse_batch,y,,,,,2,,5262,-492,-494,4,4,,9314106424685,
2026-08-18 00:04:44.714,pulse_batch,x,,,,,-2,,9522,1006,1012,0,77,,9314120875012,
2026-08-18 00:04:44.720,pulse_batch,y,,,,,2,,5264,-490,-492,4,4,,9314126728776,
2026-08-18 00:04:44.734,pulse_batch,x,,,,,-2,,9524,1004,1010,0,77,,9314141450917,
2026-08-18 00:04:44.740,pulse_batch,y,,,,,2,,5266,-488,-490,4,4,,9314147115626,
2026-08-18 00:04:44.755,pulse_batch,x,,,,,-2,,9526,1002,1008,0,77,,9314161844026,
2026-08-18 00:04:44.760,pulse_batch,y,,,,,2,,5268,-486,-488,4,4,,9314167516403,
2026-08-18 00:04:44.775,pulse_batch,x,,,,,-2,,9528,1000,1006,0,77,,9314182350135,
2026-08-18 00:04:44.781,pulse_batch,y,,,,,2,,5270,-484,-486,4,4,,9314187853549,
2026-08-18 00:04:44.796,pulse_batch,x,,,,,-2,,9530,998,1004,0,77,,9314202703189,
2026-08-18 00:04:44.801,pulse_batch,y,,,,,2,,5272,-482,-484,4,4,,9314208175678,
2026-08-18 00:04:44.816,pulse_batch,x,,,,,-2,,9532,996,1002,0,77,,9314223177984,
2026-08-18 00:04:44.822,pulse_batch,y,,,,,2,,5274,-480,-482,4,4,,9314228643861,
2026-08-18 00:04:44.837,pulse_batch,x,,,,,-2,,9534,994,1000,0,77,,9314243698129,
2026-08-18 00:04:44.842,pulse_batch,y,,,,,2,,5276,-478,-480,4,4,,9314249314654,
2026-08-18 00:04:44.857,pulse_batch,x,,,,,-2,,9536,992,998,0,77,,9314264018758,
2026-08-18 00:04:44.862,pulse_batch,y,,,,,2,,5278,-476,-478,4,4,,9314269615449,
2026-08-18 00:04:44.877,pulse_batch,x,,,,,-2,,9538,990,996,0,77,,9314284347405,
2026-08-18 00:04:44.883,pulse_batch,y,,,,,2,,5280,-474,-476,4,4,,9314289993836,
2026-08-18 00:04:44.898,pulse_batch,x,,,,,-2,,9540,988,994,0,77,,9314304754366,
2026-08-18 00:04:44.903,pulse_batch,y,,,,,2,,5282,-472,-474,4,4,,9314310555630,
2026-08-18 00:04:44.918,pulse_batch,x,,,,,-2,,9542,986,992,0,77,,9314325169438,
2026-08-18 00:04:44.924,pulse_batch,y,,,,,2,,5284,-470,-472,4,4,,9314330860240,
2026-08-18 00:04:44.938,pulse_batch,x,,,,,-2,,9544,984,990,0,77,,9314345540548,
2026-08-18 00:04:44.944,pulse_batch,y,,,,,2,,5286,-468,-470,4,4,,9314351352627,
2026-08-18 00:04:44.959,pulse_batch,x,,,,,-2,,9546,982,988,0,77,,9314365925120,
2026-08-18 00:04:44.965,pulse_batch,y,,,,,2,,5288,-466,-468,4,4,,9314371709032,
2026-08-18 00:04:44.979,pulse_batch,x,,,,,-2,,9548,980,986,0,77,,9314386276396,
2026-08-18 00:04:44.985,pulse_batch,y,,,,,2,,5290,-464,-466,4,4,,9314392065957,
2026-08-18 00:04:44.999,pulse_batch,x,,,,,-2,,9550,978,984,0,77,,9314406585506,
2026-08-18 00:04:45.009,pulse_batch,y,,,,,2,,5292,-462,-464,4,4,,9314415955010,
2026-08-18 00:04:45.020,pulse_batch,x,,,,,-2,,9552,976,982,0,77,,9314427400410,
2026-08-18 00:04:45.029,pulse_batch,y,,,,,2,,5294,-460,-462,4,4,,9314436364638,
2026-08-18 00:04:45.041,pulse_batch,x,,,,,-2,,9554,974,980,0,77,,9314447761760,
2026-08-18 00:04:45.050,pulse_batch,y,,,,,2,,5296,-458,-460,4,4,,9314456763229,
2026-08-18 00:04:45.061,pulse_batch,x,,,,,-2,,9556,972,978,0,77,,9314468037852,
2026-08-18 00:04:45.070,pulse_batch,y,,,,,2,,5298,-456,-458,4,4,,9314477111672,
2026-08-18 00:04:45.082,pulse_batch,x,,,,,-2,,9558,970,976,0,77,,9314488639182,
2026-08-18 00:04:45.092,pulse_batch,y,,,,,2,,5300,-454,-456,4,4,,9314498863311,
2026-08-18 00:04:45.102,pulse_batch,x,,,,,-2,,9560,968,974,0,77,,9314509154254,
2026-08-18 00:04:45.112,pulse_batch,y,,,,,2,,5302,-452,-454,4,4,,9314519228513,
2026-08-18 00:04:45.122,pulse_batch,x,,,,,-2,,9562,966,972,0,77,,9314529596437,
2026-08-18 00:04:45.132,pulse_batch,y,,,,,2,,5304,-450,-452,4,4,,9314539571308,
2026-08-18 00:04:45.143,pulse_batch,x,,,,,-2,,9564,964,970,0,77,,9314550439137,
2026-08-18 00:04:45.154,pulse_batch,y,,,,,2,,5306,-448,-450,4,4,,9314560941060,
2026-08-18 00:04:45.164,pulse_batch,x,,,,,-2,,9566,962,968,0,77,,9314570914876,
2026-08-18 00:04:45.174,pulse_batch,y,,,,,2,,5308,-446,-448,4,4,,9314581272374,
2026-08-18 00:04:45.184,pulse_batch,x,,,,,-2,,9568,960,966,0,77,,9314591366522,
2026-08-18 00:04:45.194,pulse_batch,y,,,,,2,,5310,-444,-446,4,4,,9314601651187,
2026-08-18 00:04:45.205,pulse_batch,x,,,,,-2,,9570,958,964,0,77,,9314611690947,
2026-08-18 00:04:45.215,pulse_batch,y,,,,,2,,5312,-442,-444,4,4,,9314622043389,
2026-08-18 00:04:45.225,pulse_batch,x,,,,,-2,,9572,956,962,0,77,,9314632134722,
2026-08-18 00:04:45.235,pulse_batch,y,,,,,2,,5314,-440,-442,4,4,,9314642488461,
2026-08-18 00:04:45.245,pulse_batch,x,,,,,-2,,9574,954,960,0,77,,9314652543091,
2026-08-18 00:04:45.256,pulse_batch,y,,,,,2,,5316,-438,-440,4,4,,9314662918700,
2026-08-18 00:04:45.266,pulse_batch,x,,,,,-2,,9576,952,958,0,77,,9314672887405,
2026-08-18 00:04:45.276,pulse_batch,y,,,,,2,,5318,-436,-438,4,4,,9314683256884,
2026-08-18 00:04:45.286,pulse_batch,x,,,,,-2,,9578,950,956,0,77,,9314693482754,
2026-08-18 00:04:45.297,pulse_batch,y,,,,,2,,5320,-434,-436,4,4,,9314703930992,
2026-08-18 00:04:45.307,pulse_batch,x,,,,,-2,,9580,948,954,0,77,,9314713903789,
2026-08-18 00:04:45.317,pulse_batch,y,,,,,2,,5322,-432,-434,4,4,,9314724290750,
2026-08-18 00:04:45.327,pulse_batch,x,,,,,-2,,9582,946,952,0,77,,9314734209806,
2026-08-18 00:04:45.338,pulse_batch,y,,,,,2,,5324,-430,-432,4,4,,9314744602323,
2026-08-18 00:04:45.347,pulse_batch,x,,,,,-2,,9584,944,950,0,77,,9314754626897,
2026-08-18 00:04:45.358,pulse_batch,y,,,,,2,,5326,-428,-430,4,4,,9314765167654,
2026-08-18 00:04:45.368,pulse_batch,x,,,,,-2,,9586,942,948,0,77,,9314775187895,
2026-08-18 00:04:45.379,pulse_batch,y,,,,,2,,5328,-426,-428,4,4,,9314785991002,
2026-08-18 00:04:45.388,pulse_batch,x,,,,,-2,,9588,940,946,0,77,,9314795548393,
2026-08-18 00:04:45.399,pulse_batch,y,,,,,2,,5330,-424,-426,4,4,,9314806290371,
2026-08-18 00:04:45.409,pulse_batch,x,,,,,-2,,9590,938,944,0,77,,9314815938984,
2026-08-18 00:04:45.420,pulse_batch,y,,,,,2,,5332,-422,-424,4,4,,9314826961831,
2026-08-18 00:04:45.429,pulse_batch,x,,,,,-2,,9592,936,942,0,77,,9314836629796,
2026-08-18 00:04:45.440,pulse_batch,y,,,,,2,,5334,-420,-422,4,4,,9314847321088,
2026-08-18 00:04:45.450,pulse_batch,x,,,,,-2,,9594,934,940,0,77,,9314857128090,
2026-08-18 00:04:45.461,pulse_batch,y,,,,,2,,5336,-418,-420,4,4,,9314867690902,
2026-08-18 00:04:45.470,pulse_batch,x,,,,,-2,,9596,932,938,0,77,,9314877443644,
2026-08-18 00:04:45.482,pulse_batch,y,,,,,2,,5338,-416,-418,4,4,,9314889042043,
2026-08-18 00:04:45.492,pulse_batch,x,,,,,-2,,9598,930,936,0,77,,9314899546133,
2026-08-18 00:04:45.503,pulse_batch,y,,,,,2,,5340,-414,-416,4,4,,9314909664559,
2026-08-18 00:04:45.514,pulse_batch,x,,,,,-2,,9600,928,934,0,77,,9314921241161,
2026-08-18 00:04:45.523,pulse_batch,y,,,,,2,,5342,-412,-414,4,4,,9314930121686,
2026-08-18 00:04:45.534,pulse_batch,x,,,,,-2,,9602,926,932,0,77,,9314941566086,
2026-08-18 00:04:45.545,pulse_batch,y,,,,,2,,5344,-410,-412,4,4,,9314951798437,
2026-08-18 00:04:45.555,pulse_batch,x,,,,,-2,,9604,924,930,0,77,,9314962105232,
2026-08-18 00:04:45.565,pulse_batch,y,,,,,2,,5346,-408,-410,4,4,,9314972613118,
2026-08-18 00:04:45.575,pulse_batch,x,,,,,-2,,9606,922,928,0,77,,9314982600452,
2026-08-18 00:04:45.586,pulse_batch,y,,,,,2,,5348,-406,-408,4,4,,9314993005191,
2026-08-18 00:04:45.596,pulse_batch,x,,,,,-2,,9608,920,926,0,77,,9315002937080,
2026-08-18 00:04:45.606,pulse_batch,y,,,,,2,,5350,-404,-406,4,4,,9315013296801,
2026-08-18 00:04:45.616,pulse_batch,x,,,,,-2,,9610,918,924,0,77,,9315023342764,
2026-08-18 00:04:45.627,pulse_batch,y,,,,,2,,5352,-402,-404,4,4,,9315033783298,
2026-08-18 00:04:45.637,pulse_batch,x,,,,,-2,,9612,916,922,0,77,,9315043749540,
2026-08-18 00:04:45.650,pulse_batch,y,,,,,2,,5354,-400,-402,4,4,,9315056651802,
2026-08-18 00:04:45.657,pulse_batch,x,,,,,-2,,9614,914,920,0,77,,9315064084168,
2026-08-18 00:04:45.670,pulse_batch,y,,,,,2,,5356,-398,-400,4,4,,9315077028948,
2026-08-18 00:04:45.677,pulse_batch,x,,,,,-2,,9616,912,918,0,77,,9315084418741,
2026-08-18 00:04:45.692,pulse_batch,y,,,,,2,,5358,-396,-398,4,4,,9315099289177,
2026-08-18 00:04:45.698,pulse_batch,x,,,,,-2,,9618,910,916,0,77,,9315104781017,
2026-08-18 00:04:45.715,pulse_batch,y,,,,,2,,5360,-394,-396,4,4,,9315122268420,
2026-08-18 00:04:45.718,pulse_batch,x,,,,,-2,,9620,908,914,0,77,,9315125269830,
2026-08-18 00:04:45.735,pulse_batch,y,,,,,2,,5362,-392,-394,4,4,,9315142561104,
2026-08-18 00:04:45.738,pulse_batch,x,,,,,-2,,9622,906,912,0,77,,9315145546181,
2026-08-18 00:04:45.756,pulse_batch,y,,,,,2,,5364,-390,-392,4,4,,9315163003621,
2026-08-18 00:04:45.760,pulse_batch,x,,,,,-2,,9624,904,910,0,77,,9315167558263,
2026-08-18 00:04:45.776,pulse_batch,y,,,,,2,,5366,-388,-390,4,4,,9315183310101,
2026-08-18 00:04:45.781,pulse_batch,x,,,,,-2,,9626,902,908,0,77,,9315187965057,
2026-08-18 00:04:45.796,pulse_batch,y,,,,,2,,5368,-386,-388,4,4,,9315203591193,
2026-08-18 00:04:45.801,pulse_batch,x,,,,,-2,,9628,900,906,0,77,,9315208254038,
2026-08-18 00:04:45.817,pulse_batch,y,,,,,2,,5370,-384,-386,4,4,,9315223936025,
2026-08-18 00:04:45.822,pulse_batch,x,,,,,-2,,9630,898,904,0,77,,9315229088774,
2026-08-18 00:04:45.837,pulse_batch,y,,,,,2,,5372,-382,-384,4,4,,9315244337283,
2026-08-18 00:04:45.842,pulse_batch,x,,,,,-2,,9632,896,902,0,77,,9315249536958,
2026-08-18 00:04:45.858,pulse_batch,y,,,,,2,,5374,-380,-382,4,4,,9315264698040,
2026-08-18 00:04:45.863,pulse_batch,x,,,,,-2,,9634,894,900,0,77,,9315269878271,
2026-08-18 00:04:45.878,pulse_batch,y,,,,,2,,5376,-378,-380,4,4,,9315285003354,
2026-08-18 00:04:45.884,pulse_batch,x,,,,,-2,,9636,892,898,0,77,,9315290838063,
2026-08-18 00:04:45.899,pulse_batch,y,,,,,2,,5378,-376,-378,4,4,,9315306231996,
2026-08-18 00:04:45.904,pulse_batch,x,,,,,-2,,9638,890,896,0,77,,9315311279227,
2026-08-18 00:04:45.919,pulse_batch,y,,,,,2,,5380,-374,-376,4,4,,9315326618346,
2026-08-18 00:04:45.924,pulse_batch,x,,,,,-2,,9640,888,894,0,77,,9315331577078,
2026-08-18 00:04:45.940,pulse_batch,y,,,,,2,,5382,-372,-374,4,4,,9315347096474,
2026-08-18 00:04:45.945,pulse_batch,x,,,,,-2,,9642,886,892,0,77,,9315351941577,
2026-08-18 00:04:45.961,pulse_batch,y,,,,,2,,5384,-370,-372,4,4,,9315367642545,
2026-08-18 00:04:45.966,pulse_batch,x,,,,,-2,,9644,884,890,0,77,,9315373159608,
2026-08-18 00:04:45.981,pulse_batch,y,,,,,2,,5386,-368,-370,4,4,,9315388028766,
2026-08-18 00:04:45.986,pulse_batch,x,,,,,-2,,9646,882,888,0,77,,9315393478366,
2026-08-18 00:04:46.001,pulse_batch,y,,,,,2,,5388,-366,-368,4,4,,9315408291728,
2026-08-18 00:04:46.007,pulse_batch,x,,,,,-2,,9648,880,886,0,77,,9315413784901,
2026-08-18 00:04:46.022,pulse_batch,y,,,,,2,,5390,-364,-366,4,4,,9315429421945,
2026-08-18 00:04:46.027,pulse_batch,x,,,,,-2,,9650,878,884,0,77,,9315434511639,
2026-08-18 00:04:46.043,pulse_batch,y,,,,,2,,5392,-362,-364,4,4,,9315449780962,
2026-08-18 00:04:46.048,pulse_batch,x,,,,,-2,,9652,876,882,0,77,,9315455108914,
2026-08-18 00:04:46.063,pulse_batch,y,,,,,2,,5394,-360,-362,4,4,,9315470081368,
2026-08-18 00:04:46.068,pulse_batch,x,,,,,-2,,9654,874,880,0,77,,9315475458079,
2026-08-18 00:04:46.084,pulse_batch,y,,,,,2,,5396,-358,-360,4,4,,9315490881346,
2026-08-18 00:04:46.089,pulse_batch,x,,,,,-2,,9656,872,878,0,77,,9315496227576,
2026-08-18 00:04:46.104,pulse_batch,y,,,,,2,,5398,-356,-358,4,4,,9315511297344,
2026-08-18 00:04:46.109,pulse_batch,x,,,,,-2,,9658,870,876,0,77,,9315516601407,
2026-08-18 00:04:46.124,pulse_batch,y,,,,,2,,5400,-354,-356,4,4,,9315531603362,
2026-08-18 00:04:46.130,pulse_batch,x,,,,,-2,,9660,868,874,0,77,,9315536880666,
2026-08-18 00:04:46.145,pulse_batch,y,,,,,2,,5402,-352,-354,4,4,,9315551916027,
2026-08-18 00:04:46.151,pulse_batch,x,,,,,-2,,9662,866,872,0,77,,9315557902568,
2026-08-18 00:04:46.166,pulse_batch,y,,,,,2,,5404,-350,-352,4,4,,9315573262502,
2026-08-18 00:04:46.172,pulse_batch,x,,,,,-2,,9664,864,870,0,77,,9315578736583,
2026-08-18 00:04:46.186,pulse_batch,y,,,,,2,,5406,-348,-350,4,4,,9315593564334,
2026-08-18 00:04:46.192,pulse_batch,x,,,,,-2,,9666,862,868,0,77,,9315599017434,
2026-08-18 00:04:46.207,pulse_batch,y,,,,,2,,5408,-346,-348,4,4,,9315613871666,
2026-08-18 00:04:46.212,pulse_batch,x,,,,,-2,,9668,860,866,0,77,,9315619328136,
2026-08-18 00:04:46.228,pulse_batch,y,,,,,2,,5410,-344,-346,4,4,,9315635392492,
2026-08-18 00:04:46.233,pulse_batch,x,,,,,-2,,9670,858,864,0,77,,9315640510927,
2026-08-18 00:04:46.249,pulse_batch,y,,,,,2,,5412,-342,-344,4,4,,9315656086118,
2026-08-18 00:04:46.254,pulse_batch,x,,,,,-2,,9672,856,862,0,77,,9315660864499,
2026-08-18 00:04:46.269,pulse_batch,y,,,,,2,,5414,-340,-342,4,4,,9315676413080,
2026-08-18 00:04:46.274,pulse_batch,x,,,,,-2,,9674,854,860,0,77,,9315681172702,
2026-08-18 00:04:46.290,pulse_batch,y,,,,,2,,5416,-338,-340,4,4,,9315696767375,
2026-08-18 00:04:46.295,pulse_batch,x,,,,,-2,,9676,852,858,0,77,,9315701838328,
2026-08-18 00:04:46.310,pulse_batch,y,,,,,2,,5418,-336,-338,4,4,,9315717249336,
2026-08-18 00:04:46.315,pulse_batch,x,,,,,-2,,9678,850,856,0,77,,9315722275641,
2026-08-18 00:04:46.330,pulse_batch,y,,,,,2,,5420,-334,-336,4,4,,9315737614112,
2026-08-18 00:04:46.335,pulse_batch,x,,,,,-2,,9680,848,854,0,77,,9315742560103,
2026-08-18 00:04:46.351,pulse_batch,y,,,,,2,,5422,-332,-334,4,4,,9315758040610,
2026-08-18 00:04:46.356,pulse_batch,x,,,,,-2,,9682,846,852,0,77,,9315763114694,
2026-08-18 00:04:46.372,pulse_batch,y,,,,,2,,5424,-330,-332,4,4,,9315778678237,
2026-08-18 00:04:46.377,pulse_batch,x,,,,,-2,,9684,844,850,0,77,,9315783662839,
2026-08-18 00:04:46.392,pulse_batch,y,,,,,2,,5426,-328,-330,4,4,,9315799021180,
2026-08-18 00:04:46.397,pulse_batch,x,,,,,-2,,9686,842,848,0,77,,9315803944672,
2026-08-18 00:04:46.412,pulse_batch,y,,,,,2,,5428,-326,-328,4,4,,9315819316642,
2026-08-18 00:04:46.417,pulse_batch,x,,,,,-2,,9688,840,846,0,77,,9315824513817,
2026-08-18 00:04:46.433,pulse_batch,y,,,,,2,,5430,-324,-326,4,4,,9315839894177,
2026-08-18 00:04:46.438,pulse_batch,x,,,,,-2,,9690,838,844,0,77,,9315844899723,
2026-08-18 00:04:46.453,pulse_batch,y,,,,,2,,5432,-322,-324,4,4,,9315860341675,
2026-08-18 00:04:46.458,pulse_batch,x,,,,,-2,,9692,836,842,0,77,,9315865201685,
2026-08-18 00:04:46.474,pulse_batch,y,,,,,2,,5434,-320,-322,4,4,,9315880668488,
2026-08-18 00:04:46.478,pulse_batch,x,,,,,-2,,9694,834,840,0,77,,9315885545128,
2026-08-18 00:04:46.495,pulse_batch,y,,,,,2,,5436,-318,-320,4,4,,9315901685298,
2026-08-18 00:04:46.500,pulse_batch,x,,,,,-2,,9696,832,838,0,77,,9315907070065,
2026-08-18 00:04:46.515,pulse_batch,y,,,,,2,,5438,-316,-318,4,4,,9315922493220,
2026-08-18 00:04:46.520,pulse_batch,x,,,,,-2,,9698,830,836,0,77,,9315927355212,
2026-08-18 00:04:46.536,pulse_batch,y,,,,,2,,5440,-314,-316,4,4,,9315942788386,
2026-08-18 00:04:46.541,pulse_batch,x,,,,,-2,,9700,828,834,0,77,,9315947754636,
2026-08-18 00:04:46.556,pulse_batch,y,,,,,2,,5442,-312,-314,4,4,,9315963515697,
2026-08-18 00:04:46.561,pulse_batch,x,,,,,-2,,9702,826,832,0,77,,9315968251468,
2026-08-18 00:04:46.577,pulse_batch,y,,,,,2,,5444,-310,-312,4,4,,9315983917992,
2026-08-18 00:04:46.582,pulse_batch,x,,,,,-2,,9704,824,830,0,77,,9315988703503,
2026-08-18 00:04:46.597,pulse_batch,y,,,,,2,,5446,-308,-310,4,4,,9316004213398,
2026-08-18 00:04:46.602,pulse_batch,x,,,,,-2,,9706,822,828,0,77,,9316009004224,
2026-08-18 00:04:46.618,pulse_batch,y,,,,,2,,5448,-306,-308,4,4,,9316024821396,
2026-08-18 00:04:46.623,pulse_batch,x,,,,,-2,,9708,820,826,0,77,,9316030042348,
2026-08-18 00:04:46.638,pulse_batch,y,,,,,2,,5450,-304,-306,4,4,,9316045376338,
2026-08-18 00:04:46.643,pulse_batch,x,,,,,-2,,9710,818,824,0,77,,9316050404865,
2026-08-18 00:04:46.659,pulse_batch,y,,,,,2,,5452,-302,-304,4,4,,9316065841317,
2026-08-18 00:04:46.663,pulse_batch,x,,,,,-2,,9712,816,822,0,77,,9316070653420,
2026-08-18 00:04:46.679,pulse_batch,y,,,,,2,,5454,-300,-302,4,4,,9316086222038,
2026-08-18 00:04:46.685,pulse_batch,x,,,,,-2,,9714,814,820,0,77,,9316092064506,
2026-08-18 00:04:46.700,pulse_batch,y,,,,,2,,5456,-298,-300,4,4,,9316107311088,
2026-08-18 00:04:46.706,pulse_batch,x,,,,,-2,,9716,812,818,0,77,,9316112818854,
2026-08-18 00:04:46.720,pulse_batch,y,,,,,2,,5458,-296,-298,4,4,,9316127613957,
2026-08-18 00:04:46.726,pulse_batch,x,,,,,-2,,9718,810,816,0,77,,9316133118464,
2026-08-18 00:04:46.741,pulse_batch,y,,,,,2,,5460,-294,-296,4,4,,9316147929012,
2026-08-18 00:04:46.746,pulse_batch,x,,,,,-2,,9720,808,814,0,77,,9316153486277,
2026-08-18 00:04:46.761,pulse_batch,y,,,,,2,,5462,-292,-294,4,4,,9316168507824,
2026-08-18 00:04:46.767,pulse_batch,x,,,,,-2,,9722,806,812,0,77,,9316174571809,
2026-08-18 00:04:46.782,pulse_batch,y,,,,,2,,5464,-290,-292,4,4,,9316188935267,
2026-08-18 00:04:46.788,pulse_batch,x,,,,,-2,,9724,804,810,0,77,,9316194889845,
2026-08-18 00:04:46.802,pulse_batch,y,,,,,2,,5466,-288,-290,4,4,,9316209202081,
2026-08-18 00:04:46.808,pulse_batch,x,,,,,-2,,9726,802,808,0,77,,9316215204714,
2026-08-18 00:04:46.823,pulse_batch,y,,,,,2,,5468,-286,-288,4,4,,9316230322538,
2026-08-18 00:04:46.829,pulse_batch,x,,,,,-2,,9728,800,806,0,77,,9316236068284,
2026-08-18 00:04:46.844,pulse_batch,y,,,,,2,,5470,-284,-286,4,4,,9316251448643,
2026-08-18 00:04:46.849,pulse_batch,x,,,,,-2,,9730,798,804,0,77,,9316256513190,
2026-08-18 00:04:46.865,pulse_batch,y,,,,,2,,5472,-282,-284,4,4,,9316271849309,
2026-08-18 00:04:46.870,pulse_batch,x,,,,,-2,,9732,796,802,0,77,,9316276786504,
2026-08-18 00:04:46.886,pulse_batch,y,,,,,2,,5474,-280,-282,4,4,,9316293257857,
2026-08-18 00:04:46.890,pulse_batch,x,,,,,-2,,9734,794,800,0,77,,9316297587055,
2026-08-18 00:04:46.906,pulse_batch,y,,,,,2,,5476,-278,-280,4,4,,9316313590245,
2026-08-18 00:04:46.911,pulse_batch,x,,,,,-2,,9736,792,798,0,77,,9316317902943,
2026-08-18 00:04:46.927,pulse_batch,y,,,,,2,,5478,-276,-278,4,4,,9316333868614,
2026-08-18 00:04:46.931,pulse_batch,x,,,,,-2,,9738,790,796,0,77,,9316338160831,
2026-08-18 00:04:46.948,pulse_batch,y,,,,,2,,5480,-274,-276,4,4,,9316355506606,
2026-08-18 00:04:46.953,pulse_batch,x,,,,,-2,,9740,788,794,0,77,,9316359632861,
2026-08-18 00:04:46.969,pulse_batch,y,,,,,2,,5482,-272,-274,4,4,,9316375942196,
2026-08-18 00:04:46.974,pulse_batch,x,,,,,-2,,9742,786,792,0,77,,9316381141112,
2026-08-18 00:04:46.989,pulse_batch,y,,,,,2,,5484,-270,-272,4,4,,9316396311843,
2026-08-18 00:04:46.994,pulse_batch,x,,,,,-2,,9744,784,790,0,77,,9316401456852,
2026-08-18 00:04:47.009,pulse_batch,y,,,,,2,,5486,-268,-270,4,4,,9316416603194,
2026-08-18 00:04:47.015,pulse_batch,x,,,,,-2,,9746,782,788,0,77,,9316421994405,
2026-08-18 00:04:47.030,pulse_batch,y,,,,,2,,5488,-266,-268,4,4,,9316437153155,
2026-08-18 00:04:47.035,pulse_batch,x,,,,,-2,,9748,780,786,0,77,,9316442512958,
2026-08-18 00:04:47.050,pulse_batch,y,,,,,2,,5490,-264,-266,4,4,,9316457548005,
2026-08-18 00:04:47.056,pulse_batch,x,,,,,-2,,9750,778,784,0,77,,9316462807346,
2026-08-18 00:04:47.071,pulse_batch,y,,,,,2,,5492,-262,-264,4,4,,9316477834930,
2026-08-18 00:04:47.076,pulse_batch,x,,,,,-2,,9752,776,782,0,77,,9316483232604,
2026-08-18 00:04:47.092,pulse_batch,y,,,,,2,,5494,-260,-262,4,4,,9316498672296,
2026-08-18 00:04:47.096,pulse_batch,x,,,,,-2,,9754,774,780,0,77,,9316503607121,
2026-08-18 00:04:47.112,pulse_batch,y,,,,,2,,5496,-258,-260,4,4,,9316519019276,
2026-08-18 00:04:47.117,pulse_batch,x,,,,,-2,,9756,772,778,0,77,,9316523977619,
2026-08-18 00:04:47.132,pulse_batch,y,,,,,2,,5498,-256,-258,4,4,,9316539277405,
2026-08-18 00:04:47.137,pulse_batch,x,,,,,-2,,9758,770,776,0,77,,9316544264933,
2026-08-18 00:04:47.153,pulse_batch,y,,,,,2,,5500,-254,-256,4,4,,9316560127549,
2026-08-18 00:04:47.158,pulse_batch,x,,,,,-2,,9760,768,774,0,77,,9316564754394,
2026-08-18 00:04:47.174,pulse_batch,y,,,,,2,,5502,-252,-254,4,4,,9316581206155,
2026-08-18 00:04:47.178,pulse_batch,x,,,,,-2,,9762,766,772,0,77,,9316585166911,
2026-08-18 00:04:47.194,pulse_batch,y,,,,,2,,5504,-250,-252,4,4,,9316601508821,
2026-08-18 00:04:47.198,pulse_batch,x,,,,,-2,,9764,764,770,0,77,,9316605421929,
2026-08-18 00:04:47.215,pulse_batch,y,,,,,2,,5506,-248,-250,4,4,,9316622320521,
2026-08-18 00:04:47.219,pulse_batch,x,,,,,-2,,9766,762,768,0,77,,9316625796798,
2026-08-18 00:04:47.236,pulse_batch,y,,,,,2,,5508,-246,-248,4,4,,9316642687871,
2026-08-18 00:04:47.239,pulse_batch,x,,,,,-2,,9768,760,766,0,77,,9316646157204,
2026-08-18 00:04:47.256,pulse_batch,y,,,,,2,,5510,-244,-246,4,4,,9316663018907,
2026-08-18 00:04:47.259,pulse_batch,x,,,,,-2,,9770,758,764,0,77,,9316666443592,
2026-08-18 00:04:47.276,pulse_batch,y,,,,,2,,5512,-242,-244,4,4,,9316683330758,
2026-08-18 00:04:47.281,pulse_batch,x,,,,,-2,,9772,756,762,0,77,,9316688332397,
2026-08-18 00:04:47.297,pulse_batch,y,,,,,2,,5514,-240,-242,4,4,,9316703805404,
2026-08-18 00:04:47.302,pulse_batch,x,,,,,-2,,9774,754,760,0,77,,9316708785488,
2026-08-18 00:04:47.317,pulse_batch,y,,,,,2,,5516,-238,-240,4,4,,9316724206810,
2026-08-18 00:04:47.322,pulse_batch,x,,,,,-2,,9776,752,758,0,77,,9316729082042,
2026-08-18 00:04:47.337,pulse_batch,y,,,,,2,,5518,-236,-238,4,4,,9316744496013,
2026-08-18 00:04:47.343,pulse_batch,x,,,,,-2,,9778,750,756,0,77,,9316749412671,
2026-08-18 00:04:47.358,pulse_batch,y,,,,,2,,5520,-234,-236,4,4,,9316765328527,
2026-08-18 00:04:47.363,pulse_batch,x,,,,,-2,,9780,748,754,0,77,,9316769783503,
2026-08-18 00:04:47.379,pulse_batch,y,,,,,2,,5522,-232,-234,4,4,,9316785650211,
2026-08-18 00:04:47.383,pulse_batch,x,,,,,-2,,9782,746,752,0,77,,9316790201057,
2026-08-18 00:04:47.399,pulse_batch,y,,,,,2,,5524,-230,-232,4,4,,9316805932803,
2026-08-18 00:04:47.403,pulse_batch,x,,,,,-2,,9784,744,750,0,77,,9316810478445,
2026-08-18 00:04:47.419,pulse_batch,y,,,,,2,,5526,-228,-230,4,4,,9316826306468,
2026-08-18 00:04:47.424,pulse_batch,x,,,,,-2,,9786,742,748,0,77,,9316830923443,
2026-08-18 00:04:47.440,pulse_batch,y,,,,,2,,5528,-226,-228,4,4,,9316846641023,
2026-08-18 00:04:47.444,pulse_batch,x,,,,,-2,,9788,740,746,0,77,,9316851276479,
2026-08-18 00:04:47.460,pulse_batch,y,,,,,2,,5530,-224,-226,4,4,,9316866957596,
2026-08-18 00:04:47.464,pulse_batch,x,,,,,-2,,9790,738,744,0,77,,9316871556200,
2026-08-18 00:04:47.480,pulse_batch,y,,,,,2,,5532,-222,-224,4,4,,9316887291724,
2026-08-18 00:04:47.486,pulse_batch,x,,,,,-2,,9792,736,742,0,77,,9316892547251,
2026-08-18 00:04:47.501,pulse_batch,y,,,,,2,,5534,-220,-222,4,4,,9316908070980,
2026-08-18 00:04:47.506,pulse_batch,x,,,,,-2,,9794,734,740,0,77,,9316913347043,
2026-08-18 00:04:47.521,pulse_batch,y,,,,,2,,5536,-218,-220,4,4,,9316928387312,
2026-08-18 00:04:47.527,pulse_batch,x,,,,,-2,,9796,732,738,0,77,,9316933694764,
2026-08-18 00:04:47.542,pulse_batch,y,,,,,2,,5538,-216,-218,4,4,,9316948720144,
2026-08-18 00:04:47.547,pulse_batch,x,,,,,-2,,9798,730,736,0,77,,9316954096837,
2026-08-18 00:04:47.562,pulse_batch,y,,,,,2,,5540,-214,-216,4,4,,9316969250179,
2026-08-18 00:04:47.568,pulse_batch,x,,,,,-2,,9800,728,734,0,77,,9316974628242,
2026-08-18 00:04:47.583,pulse_batch,y,,,,,2,,5542,-212,-214,4,4,,9316989683973,
2026-08-18 00:04:47.588,pulse_batch,x,,,,,-2,,9802,726,732,0,77,,9316995023036,
2026-08-18 00:04:47.603,pulse_batch,y,,,,,2,,5544,-210,-212,4,4,,9317009970547,
2026-08-18 00:04:47.608,pulse_batch,x,,,,,-2,,9804,724,730,0,77,,9317015344906,
2026-08-18 00:04:47.624,pulse_batch,y,,,,,2,,5546,-208,-210,4,4,,9317030752450,
2026-08-18 00:04:47.629,pulse_batch,x,,,,,-2,,9806,722,728,0,77,,9317035914755,
2026-08-18 00:04:47.644,pulse_batch,y,,,,,2,,5548,-206,-208,4,4,,9317051080227,
2026-08-18 00:04:47.649,pulse_batch,x,,,,,-2,,9808,720,726,0,77,,9317056401698,
2026-08-18 00:04:47.664,pulse_batch,y,,,,,2,,5550,-204,-206,4,4,,9317071353541,
2026-08-18 00:04:47.670,pulse_batch,x,,,,,-2,,9810,718,724,0,77,,9317076685011,
2026-08-18 00:04:47.686,pulse_batch,y,,,,,2,,5552,-202,-204,4,4,,9317093045995,
2026-08-18 00:04:47.691,pulse_batch,x,,,,,-2,,9812,716,722,0,77,,9317098243615,
2026-08-18 00:04:47.706,pulse_batch,y,,,,,2,,5554,-200,-202,4,4,,9317113433475,
2026-08-18 00:04:47.711,pulse_batch,x,,,,,-2,,9814,714,720,0,77,,9317118622354,
2026-08-18 00:04:47.727,pulse_batch,y,,,,,2,,5556,-198,-200,4,4,,9317133728345,
2026-08-18 00:04:47.732,pulse_batch,x,,,,,-2,,9816,712,718,0,77,,9317138919205,
2026-08-18 00:04:47.747,pulse_batch,y,,,,,2,,5558,-196,-198,4,4,,9317154077121,
2026-08-18 00:04:47.752,pulse_batch,x,,,,,-2,,9818,710,716,0,77,,9317159387499,
2026-08-18 00:04:47.767,pulse_batch,y,,,,,2,,5560,-194,-196,4,4,,9317174513712,
2026-08-18 00:04:47.773,pulse_batch,x,,,,,-2,,9820,708,714,0,77,,9317179973145,
2026-08-18 00:04:47.788,pulse_batch,y,,,,,2,,5562,-192,-194,4,4,,9317194847581,
2026-08-18 00:04:47.793,pulse_batch,x,,,,,-2,,9822,706,712,0,77,,9317200282181,
2026-08-18 00:04:47.808,pulse_batch,y,,,,,2,,5564,-190,-192,4,4,,9317215155691,
2026-08-18 00:04:47.813,pulse_batch,x,,,,,-2,,9824,704,710,0,77,,9317220605235,
2026-08-18 00:04:47.829,pulse_batch,y,,,,,2,,5566,-188,-190,4,4,,9317236049983,
2026-08-18 00:04:47.834,pulse_batch,x,,,,,-2,,9826,702,708,0,77,,9317241155936,
2026-08-18 00:04:47.850,pulse_batch,y,,,,,2,,5568,-186,-188,4,4,,9317256731869,
2026-08-18 00:04:47.854,pulse_batch,x,,,,,-2,,9828,700,706,0,77,,9317261440417,
2026-08-18 00:04:47.870,pulse_batch,y,,,,,2,,5570,-184,-186,4,4,,9317277138256,
2026-08-18 00:04:47.875,pulse_batch,x,,,,,-2,,9830,698,704,0,77,,9317281753860,
2026-08-18 00:04:47.892,pulse_batch,y,,,,,2,,5572,-182,-184,4,4,,9317298638045,
2026-08-18 00:04:47.897,pulse_batch,x,,,,,-2,,9832,696,702,0,77,,9317303724572,
2026-08-18 00:04:47.912,pulse_batch,y,,,,,2,,5574,-180,-182,4,4,,9317318982877,
2026-08-18 00:04:47.917,pulse_batch,x,,,,,-2,,9834,694,700,0,77,,9317324276014,
2026-08-18 00:04:47.932,pulse_batch,y,,,,,2,,5576,-178,-180,4,4,,9317339293820,
2026-08-18 00:04:47.938,pulse_batch,x,,,,,-2,,9836,692,698,0,77,,9317345126436,
2026-08-18 00:04:47.954,pulse_batch,y,,,,,2,,5578,-176,-178,4,4,,9317360804627,
2026-08-18 00:04:47.960,pulse_batch,x,,,,,-2,,9838,690,696,0,77,,9317366935668,
2026-08-18 00:04:47.974,pulse_batch,y,,,,,2,,5580,-174,-176,4,4,,9317381313848,
2026-08-18 00:04:47.980,pulse_batch,x,,,,,-2,,9840,688,694,0,77,,9317387221093,
2026-08-18 00:04:47.995,pulse_batch,y,,,,,2,,5582,-172,-174,4,4,,9317401652846,
2026-08-18 00:04:48.000,pulse_batch,x,,,,,-2,,9842,686,692,0,77,,9317407524055,
2026-08-18 00:04:48.015,pulse_batch,y,,,,,2,,5584,-170,-172,4,4,,9317422285103,
2026-08-18 00:04:48.021,pulse_batch,x,,,,,-2,,9844,684,690,0,77,,9317427940016,
2026-08-18 00:04:48.036,pulse_batch,y,,,,,2,,5586,-168,-170,4,4,,9317443204728,
2026-08-18 00:04:48.041,pulse_batch,x,,,,,-2,,9846,682,688,0,77,,9317448283515,
2026-08-18 00:04:48.057,pulse_batch,y,,,,,2,,5588,-166,-168,4,4,,9317463671448,
2026-08-18 00:04:48.061,pulse_batch,x,,,,,-2,,9848,680,686,0,77,,9317468585088,
2026-08-18 00:04:48.077,pulse_batch,y,,,,,2,,5590,-164,-166,4,4,,9317483982836,
2026-08-18 00:04:48.082,pulse_batch,x,,,,,-2,,9850,678,684,0,77,,9317488945587,
2026-08-18 00:04:48.097,pulse_batch,y,,,,,2,,5592,-162,-164,4,4,,9317504554389,
2026-08-18 00:04:48.102,pulse_batch,x,,,,,-2,,9852,676,682,0,77,,9317509419733,
2026-08-18 00:04:48.118,pulse_batch,y,,,,,2,,5594,-160,-162,4,4,,9317525125813,
2026-08-18 00:04:48.123,pulse_batch,x,,,,,-2,,9854,674,680,0,77,,9317529724250,
2026-08-18 00:04:48.138,pulse_batch,y,,,,,2,,5596,-158,-160,4,4,,9317545400571,
2026-08-18 00:04:48.143,pulse_batch,x,,,,,-2,,9856,672,678,0,77,,9317550044194,
2026-08-18 00:04:48.159,pulse_batch,y,,,,,2,,5598,-156,-158,4,4,,9317566017606,
2026-08-18 00:04:48.163,pulse_batch,x,,,,,-2,,9858,670,676,0,77,,9317570398304,
2026-08-18 00:04:48.179,pulse_batch,y,,,,,2,,5600,-154,-156,4,4,,9317586330827,
2026-08-18 00:04:48.184,pulse_batch,x,,,,,-2,,9860,668,674,0,77,,9317590794043,
2026-08-18 00:04:48.199,pulse_batch,y,,,,,2,,5602,-152,-154,4,4,,9317606626900,
2026-08-18 00:04:48.204,pulse_batch,x,,,,,-2,,9862,666,672,0,77,,9317611095338,
2026-08-18 00:04:48.220,pulse_batch,y,,,,,2,,5604,-150,-152,4,4,,9317627301601,
2026-08-18 00:04:48.225,pulse_batch,x,,,,,-2,,9864,664,670,0,77,,9317632275740,
2026-08-18 00:04:48.241,pulse_batch,y,,,,,2,,5606,-148,-150,4,4,,9317647970857,
2026-08-18 00:04:48.246,pulse_batch,x,,,,,-2,,9866,662,668,0,77,,9317652677201,
2026-08-18 00:04:48.263,pulse_batch,y,,,,,2,,5608,-146,-148,4,4,,9317669640997,
2026-08-18 00:04:48.268,pulse_batch,x,,,,,-2,,9868,660,666,0,77,,9317674824986,
2026-08-18 00:04:48.283,pulse_batch,y,,,,,2,,5610,-144,-146,4,4,,9317690001495,
2026-08-18 00:04:48.288,pulse_batch,x,,,,,-2,,9870,658,664,0,77,,9317695590798,
2026-08-18 00:04:48.303,pulse_batch,y,,,,,2,,5612,-142,-144,4,4,,9317710433068,
2026-08-18 00:04:48.313,pulse_batch,x,,,,,-2,,9872,656,662,0,77,,9317720072237,
2026-08-18 00:04:48.324,pulse_batch,y,,,,,2,,5614,-140,-142,4,4,,9317730717530,
2026-08-18 00:04:48.333,pulse_batch,x,,,,,-2,,9874,654,660,0,77,,9317740356828,
2026-08-18 00:04:48.344,pulse_batch,y,,,,,2,,5616,-138,-140,4,4,,9317751254991,
2026-08-18 00:04:48.354,pulse_batch,x,,,,,-2,,9876,652,658,0,77,,9317760742179,
2026-08-18 00:04:48.365,pulse_batch,y,,,,,2,,5618,-136,-138,4,4,,9317771794303,
2026-08-18 00:04:48.375,pulse_batch,x,,,,,-2,,9878,650,656,0,77,,9317781792452,
2026-08-18 00:04:48.385,pulse_batch,y,,,,,2,,5620,-134,-136,4,4,,9317792179931,
2026-08-18 00:04:48.395,pulse_batch,x,,,,,-2,,9880,648,654,0,77,,9317802156524,
2026-08-18 00:04:48.405,pulse_batch,y,,,,,2,,5622,-132,-134,4,4,,9317812487708,
2026-08-18 00:04:48.416,pulse_batch,x,,,,,-2,,9882,646,652,0,77,,9317822826707,
2026-08-18 00:04:48.426,pulse_batch,y,,,,,2,,5624,-130,-132,4,4,,9317833138057,
2026-08-18 00:04:48.436,pulse_batch,x,,,,,-2,,9884,644,650,0,77,,9317843321908,
2026-08-18 00:04:48.447,pulse_batch,y,,,,,2,,5626,-128,-130,4,4,,9317853715518,
2026-08-18 00:04:48.456,pulse_batch,x,,,,,-2,,9886,642,648,0,77,,9317863645722,
2026-08-18 00:04:48.467,pulse_batch,y,,,,,2,,5628,-126,-128,4,4,,9317873972572,
2026-08-18 00:04:48.477,pulse_batch,x,,,,,-2,,9888,640,646,0,77,,9317884198034,
2026-08-18 00:04:48.488,pulse_batch,y,,,,,2,,5630,-124,-126,4,4,,9317894737476,
2026-08-18 00:04:48.498,pulse_batch,x,,,,,-2,,9890,638,644,0,77,,9317904618644,
2026-08-18 00:04:48.508,pulse_batch,y,,,,,2,,5632,-122,-124,4,4,,9317915128438,
2026-08-18 00:04:48.518,pulse_batch,x,,,,,-2,,9892,636,642,0,77,,9317925179142,
2026-08-18 00:04:48.528,pulse_batch,y,,,,,2,,5634,-120,-122,4,4,,9317935479233,
2026-08-18 00:04:48.538,pulse_batch,x,,,,,-2,,9894,634,640,0,77,,9317945463604,
2026-08-18 00:04:48.549,pulse_batch,y,,,,,2,,5636,-118,-120,4,4,,9317956213470,
2026-08-18 00:04:48.559,pulse_batch,x,,,,,-2,,9896,632,638,0,77,,9317965904509,
2026-08-18 00:04:48.570,pulse_batch,y,,,,,2,,5638,-116,-118,4,4,,9317977265169,
2026-08-18 00:04:48.579,pulse_batch,x,,,,,-2,,9898,630,636,0,77,,9317986318934,
2026-08-18 00:04:48.590,pulse_batch,y,,,,,2,,5640,-114,-116,4,4,,9317997573168,
2026-08-18 00:04:48.599,pulse_batch,x,,,,,-2,,9900,628,634,0,77,,9318006621710,
2026-08-18 00:04:48.611,pulse_batch,y,,,,,2,,5642,-112,-114,4,4,,9318018029777,
2026-08-18 00:04:48.620,pulse_batch,x,,,,,-2,,9902,626,632,0,77,,9318027054857,
2026-08-18 00:04:48.631,pulse_batch,y,,,,,2,,5644,-110,-112,4,4,,9318038353702,
2026-08-18 00:04:48.642,pulse_batch,x,,,,,-2,,9904,624,630,0,77,,9318048700367,
2026-08-18 00:04:48.652,pulse_batch,y,,,,,2,,5646,-108,-110,4,4,,9318058765478,
2026-08-18 00:04:48.662,pulse_batch,x,,,,,-2,,9906,622,628,0,77,,9318069053292,
2026-08-18 00:04:48.672,pulse_batch,y,,,,,2,,5648,-106,-108,4,4,,9318079052033,
2026-08-18 00:04:48.683,pulse_batch,x,,,,,-2,,9908,620,626,0,77,,9318089647678,
2026-08-18 00:04:48.693,pulse_batch,y,,,,,2,,5650,-104,-106,4,4,,9318099933695,
2026-08-18 00:04:48.703,pulse_batch,x,,,,,-2,,9910,618,624,0,77,,9318110191287,
2026-08-18 00:04:48.713,pulse_batch,y,,,,,2,,5652,-102,-104,4,4,,9318120298305,
2026-08-18 00:04:48.723,pulse_batch,x,,,,,-2,,9912,616,622,0,77,,9318130612822,
2026-08-18 00:04:48.733,pulse_batch,y,,,,,2,,5654,-100,-102,4,4,,9318140595415,
2026-08-18 00:04:48.744,pulse_batch,x,,,,,-2,,9914,614,620,0,77,,9318151235653,
2026-08-18 00:04:48.754,pulse_batch,y,,,,,2,,5656,-98,-100,4,4,,9318161034766,
2026-08-18 00:04:48.764,pulse_batch,x,,,,,-2,,9916,612,618,0,77,,9318171539393,
2026-08-18 00:04:48.774,pulse_batch,y,,,,,2,,5658,-96,-98,4,4,,9318181460486,
2026-08-18 00:04:48.785,pulse_batch,x,,,,,-2,,9918,610,616,0,77,,9318191837410,
2026-08-18 00:04:48.795,pulse_batch,y,,,,,2,,5660,-94,-96,4,4,,9318201760115,
2026-08-18 00:04:48.805,pulse_batch,x,,,,,-2,,9920,608,614,0,77,,9318212112484,
2026-08-18 00:04:48.815,pulse_batch,y,,,,,2,,5662,-92,-94,4,4,,9318222134706,
2026-08-18 00:04:48.826,pulse_batch,x,,,,,-2,,9922,606,612,0,77,,9318232941017,
2026-08-18 00:04:48.835,pulse_batch,y,,,,,2,,5664,-90,-92,4,4,,9318242588352,
2026-08-18 00:04:48.846,pulse_batch,x,,,,,-2,,9924,604,610,0,77,,9318253240182,
2026-08-18 00:04:48.856,pulse_batch,y,,,,,2,,5666,-88,-90,4,4,,9318262896296,
2026-08-18 00:04:48.866,pulse_batch,x,,,,,-2,,9926,602,608,0,77,,9318273516237,
2026-08-18 00:04:48.876,pulse_batch,y,,,,,2,,5668,-86,-88,4,4,,9318283190980,
2026-08-18 00:04:48.887,pulse_batch,x,,,,,-2,,9928,600,606,0,77,,9318294320233,
2026-08-18 00:04:48.897,pulse_batch,y,,,,,2,,5670,-84,-86,4,4,,9318303773255,
2026-08-18 00:04:48.908,pulse_batch,x,,,,,-2,,9930,598,604,0,77,,9318314642769,
2026-08-18 00:04:48.917,pulse_batch,y,,,,,2,,5672,-82,-84,4,4,,9318324191254,
2026-08-18 00:04:48.928,pulse_batch,x,,,,,-2,,9932,596,602,0,77,,9318334902454,
2026-08-18 00:04:48.937,pulse_batch,y,,,,,2,,5674,-80,-82,4,4,,9318344468660,
2026-08-18 00:04:48.948,pulse_batch,x,,,,,-2,,9934,594,600,0,77,,9318355190175,
2026-08-18 00:04:48.958,pulse_batch,y,,,,,2,,5676,-78,-80,4,4,,9318365606081,
2026-08-18 00:04:48.969,pulse_batch,x,,,,,-2,,9936,592,598,0,77,,9318375840154,
2026-08-18 00:04:48.979,pulse_batch,y,,,,,2,,5678,-76,-78,4,4,,9318386031190,
2026-08-18 00:04:48.989,pulse_batch,x,,,,,-2,,9938,590,596,0,77,,9318396210782,
2026-08-18 00:04:48.999,pulse_batch,y,,,,,2,,5680,-74,-76,4,4,,9318406339578,
2026-08-18 00:04:49.009,pulse_batch,x,,,,,-2,,9940,588,594,0,77,,9318416535022,
2026-08-18 00:04:49.020,pulse_batch,y,,,,,2,,5682,-72,-74,4,4,,9318427389499,
2026-08-18 00:04:49.031,pulse_batch,x,,,,,-2,,9942,586,592,0,77,,9318437774108,
2026-08-18 00:04:49.041,pulse_batch,y,,,,,2,,5684,-70,-72,4,4,,9318448114644,
2026-08-18 00:04:49.051,pulse_batch,x,,,,,-2,,9944,584,590,0,77,,9318458233477,
2026-08-18 00:04:49.061,pulse_batch,y,,,,,2,,5686,-68,-70,4,4,,9318468447254,
2026-08-18 00:04:49.071,pulse_batch,x,,,,,-2,,9946,582,588,0,77,,9318478537809,
2026-08-18 00:04:49.082,pulse_batch,y,,,,,2,,5688,-66,-68,4,4,,9318488752753,
2026-08-18 00:04:49.092,pulse_batch,x,,,,,-2,,9948,580,586,0,77,,9318499132603,
2026-08-18 00:04:49.102,pulse_batch,y,,,,,2,,5690,-64,-66,4,4,,9318509284325,
2026-08-18 00:04:49.112,pulse_batch,x,,,,,-2,,9950,578,584,0,77,,9318519622768,
2026-08-18 00:04:49.123,pulse_batch,y,,,,,2,,5692,-62,-64,4,4,,9318529640916,
2026-08-18 00:04:49.133,pulse_batch,x,,,,,-2,,9952,576,582,0,77,,9318539971211,
2026-08-18 00:04:49.143,pulse_batch,y,,,,,2,,5694,-60,-62,4,4,,9318549934138,
2026-08-18 00:04:49.153,pulse_batch,x,,,,,-2,,9954,574,580,0,77,,9318560524320,
2026-08-18 00:04:49.164,pulse_batch,y,,,,,2,,5696,-58,-60,4,4,,9318570802559,
2026-08-18 00:04:49.174,pulse_batch,x,,,,,-2,,9956,572,578,0,77,,9318581079095,
2026-08-18 00:04:49.184,pulse_batch,y,,,,,2,,5698,-56,-58,4,4,,9318591274706,
2026-08-18 00:04:49.194,pulse_batch,x,,,,,-2,,9958,570,576,0,77,,9318601407687,
2026-08-18 00:04:49.205,pulse_batch,y,,,,,2,,5700,-54,-56,4,4,,9318611708667,
2026-08-18 00:04:49.215,pulse_batch,x,,,,,-2,,9960,568,574,0,77,,9318621767871,
2026-08-18 00:04:49.225,pulse_batch,y,,,,,2,,5702,-52,-54,4,4,,9318632558330,
2026-08-18 00:04:49.236,pulse_batch,x,,,,,-2,,9962,566,572,0,77,,9318642675144,
2026-08-18 00:04:49.246,pulse_batch,y,,,,,2,,5704,-50,-52,4,4,,9318652980532,
2026-08-18 00:04:49.256,pulse_batch,x,,,,,-2,,9964,564,570,0,77,,9318662981588,
2026-08-18 00:04:49.266,pulse_batch,y,,,,,2,,5706,-48,-50,4,4,,9318673266568,
2026-08-18 00:04:49.276,pulse_batch,x,,,,,-2,,9966,562,568,0,77,,9318683319957,
2026-08-18 00:04:49.287,pulse_batch,y,,,,,2,,5708,-46,-48,4,4,,9318693998306,
2026-08-18 00:04:49.297,pulse_batch,x,,,,,-2,,9968,560,566,0,77,,9318704191786,
2026-08-18 00:04:49.307,pulse_batch,y,,,,,2,,5710,-44,-46,4,4,,9318714438915,
2026-08-18 00:04:49.318,pulse_batch,x,,,,,-2,,9970,558,564,0,77,,9318724782654,
2026-08-18 00:04:49.328,pulse_batch,y,,,,,2,,5712,-42,-44,4,4,,9318734807988,
2026-08-18 00:04:49.338,pulse_batch,x,,,,,-2,,9972,556,562,0,77,,9318745190190,
2026-08-18 00:04:49.348,pulse_batch,y,,,,,2,,5714,-40,-42,4,4,,9318755385448,
2026-08-18 00:04:49.359,pulse_batch,x,,,,,-2,,9974,554,560,0,77,,9318766028612,
2026-08-18 00:04:49.369,pulse_batch,y,,,,,2,,5716,-38,-40,4,4,,9318776481369,
2026-08-18 00:04:49.379,pulse_batch,x,,,,,-2,,9976,552,558,0,77,,9318786363018,
2026-08-18 00:04:49.390,pulse_batch,y,,,,,2,,5718,-36,-38,4,4,,9318796812942,
2026-08-18 00:04:49.399,pulse_batch,x,,,,,-2,,9978,550,556,0,77,,9318806646591,
2026-08-18 00:04:49.410,pulse_batch,y,,,,,2,,5720,-34,-36,4,4,,9318817166552,
2026-08-18 00:04:49.421,pulse_batch,x,,,,,-2,,9980,548,554,0,77,,9318827803012,
2026-08-18 00:04:49.431,pulse_batch,y,,,,,2,,5722,-32,-34,4,4,,9318837980604,
2026-08-18 00:04:49.441,pulse_batch,x,,,,,-2,,9982,546,552,0,77,,9318848249806,
2026-08-18 00:04:49.451,pulse_batch,y,,,,,2,,5724,-30,-32,4,4,,9318858415547,
2026-08-18 00:04:49.461,pulse_batch,x,,,,,-2,,9984,544,550,0,77,,9318868546194,
2026-08-18 00:04:49.472,pulse_batch,y,,,,,2,,5726,-28,-30,4,4,,9318878760268,
2026-08-18 00:04:49.482,pulse_batch,x,,,,,-2,,9986,542,548,0,77,,9318888935249,
2026-08-18 00:04:49.492,pulse_batch,y,,,,,2,,5728,-26,-28,4,4,,9318899449135,
2026-08-18 00:04:49.503,pulse_batch,x,,,,,-2,,9988,540,546,0,77,,9318909810837,
2026-08-18 00:04:49.513,pulse_batch,y,,,,,2,,5730,-24,-26,4,4,,9318920097391,
2026-08-18 00:04:49.523,pulse_batch,x,,,,,-2,,9990,538,544,0,77,,9318930186114,
2026-08-18 00:04:49.533,pulse_batch,y,,,,,2,,5732,-22,-24,4,4,,9318940384057,
2026-08-18 00:04:49.543,pulse_batch,x,,,,,-2,,9992,536,542,0,77,,9318950511075,
2026-08-18 00:04:49.554,pulse_batch,y,,,,,2,,5734,-20,-22,4,4,,9318961509756,
2026-08-18 00:04:49.565,pulse_batch,x,,,,,-2,,9994,534,540,0,77,,9318971737014,
2026-08-18 00:04:49.575,pulse_batch,y,,,,,2,,5736,-18,-20,4,4,,9318982016179,
2026-08-18 00:04:49.585,pulse_batch,x,,,,,-2,,9996,532,538,0,77,,9318992237642,
2026-08-18 00:04:49.595,pulse_batch,y,,,,,2,,5738,-16,-18,4,4,,9319002319364,
2026-08-18 00:04:49.605,pulse_batch,x,,,,,-2,,9998,530,536,0,77,,9319012592714,
2026-08-18 00:04:49.616,pulse_batch,y,,,,,2,,5740,-14,-16,4,4,,9319022708844,
2026-08-18 00:04:49.626,pulse_batch,x,,,,,-2,,10000,528,534,0,77,,9319033180175,
2026-08-18 00:04:49.636,pulse_batch,y,,,,,2,,5742,-12,-14,4,4,,9319043459896,
2026-08-18 00:04:49.641,move_finish,y,,,17,,,,5742,-12,-14,4,4,,9319048595905,
2026-08-18 00:04:49.646,pulse_batch,x,,,,,-2,,10002,526,532,0,77,,9319053527600,
2026-08-18 00:04:49.667,pulse_batch,x,,,,,-2,,10004,524,530,0,77,,9319073830599,
2026-08-18 00:04:49.687,pulse_batch,x,,,,,-2,,10006,522,528,0,77,,9319094476559,
2026-08-18 00:04:49.708,pulse_batch,x,,,,,-2,,10008,520,526,0,77,,9319114985168,
2026-08-18 00:04:49.728,pulse_batch,x,,,,,-2,,10010,518,524,0,77,,9319135386204,
2026-08-18 00:04:49.749,pulse_batch,x,,,,,-2,,10012,516,522,0,77,,9319155781387,
2026-08-18 00:04:49.771,pulse_batch,x,,,,,-2,,10014,514,520,0,77,,9319177949784,
2026-08-18 00:04:49.794,pulse_batch,x,,,,,-2,,10016,512,518,0,77,,9319201199118,
2026-08-18 00:04:49.814,pulse_batch,x,,,,,-2,,10018,510,516,0,77,,9319221541765,
2026-08-18 00:04:49.837,pulse_batch,x,,,,,-2,,10020,508,514,0,77,,9319244156326,
2026-08-18 00:04:49.857,pulse_batch,x,,,,,-2,,10022,506,512,0,77,,9319264502862,
2026-08-18 00:04:49.878,pulse_batch,x,,,,,-2,,10024,504,510,0,77,,9319284805972,
2026-08-18 00:04:49.898,pulse_batch,x,,,,,-2,,10026,502,508,0,77,,9319305219655,
2026-08-18 00:04:49.919,pulse_batch,x,,,,,-2,,10028,500,506,0,77,,9319325798634,
2026-08-18 00:04:49.940,pulse_batch,x,,,,,-2,,10030,498,504,0,77,,9319347036128,
2026-08-18 00:04:49.961,pulse_batch,x,,,,,-2,,10032,496,502,0,77,,9319368047420,
2026-08-18 00:04:49.981,pulse_batch,x,,,,,-2,,10034,494,500,0,77,,9319388396863,
2026-08-18 00:04:50.002,pulse_batch,x,,,,,-2,,10036,492,498,0,77,,9319408685251,
2026-08-18 00:04:50.022,pulse_batch,x,,,,,-2,,10038,490,496,0,77,,9319429561266,
2026-08-18 00:04:50.043,pulse_batch,x,,,,,-2,,10040,488,494,0,77,,9319449996764,
2026-08-18 00:04:50.063,pulse_batch,x,,,,,-2,,10042,486,492,0,77,,9319470323819,
2026-08-18 00:04:50.084,pulse_batch,x,,,,,-2,,10044,484,490,0,77,,9319490803020,
2026-08-18 00:04:50.104,pulse_batch,x,,,,,-2,,10046,482,488,0,77,,9319511267148,
2026-08-18 00:04:50.124,pulse_batch,x,,,,,-2,,10048,480,486,0,77,,9319531614944,
2026-08-18 00:04:50.145,pulse_batch,x,,,,,-2,,10050,478,484,0,77,,9319552031701,
2026-08-18 00:04:50.165,pulse_batch,x,,,,,-2,,10052,476,482,0,77,,9319572376497,
2026-08-18 00:04:50.186,pulse_batch,x,,,,,-2,,10054,474,480,0,77,,9319592824365,
2026-08-18 00:04:50.206,pulse_batch,x,,,,,-2,,10056,472,478,0,77,,9319613125716,
2026-08-18 00:04:50.227,pulse_batch,x,,,,,-2,,10058,470,476,0,77,,9319634507950,
2026-08-18 00:04:50.248,pulse_batch,x,,,,,-2,,10060,468,474,0,77,,9319654877245,
2026-08-18 00:04:50.268,pulse_batch,x,,,,,-2,,10062,466,472,0,77,,9319675178930,
2026-08-18 00:04:50.289,pulse_batch,x,,,,,-2,,10064,464,470,0,77,,9319696281887,
2026-08-18 00:04:50.309,pulse_batch,x,,,,,-2,,10066,462,468,0,77,,9319716640627,
2026-08-18 00:04:50.330,pulse_batch,x,,,,,-2,,10068,460,466,0,77,,9319736986737,
2026-08-18 00:04:50.350,pulse_batch,x,,,,,-2,,10070,458,464,0,77,,9319757310569,
2026-08-18 00:04:50.372,pulse_batch,x,,,,,-2,,10072,456,462,0,77,,9319778891821,
2026-08-18 00:04:50.392,pulse_batch,x,,,,,-2,,10074,454,460,0,77,,9319799216486,
2026-08-18 00:04:50.412,pulse_batch,x,,,,,-2,,10076,452,458,0,77,,9319819543485,
2026-08-18 00:04:50.433,pulse_batch,x,,,,,-2,,10078,450,456,0,77,,9319840501647,
2026-08-18 00:04:50.454,pulse_batch,x,,,,,-2,,10080,448,454,0,77,,9319860906498,
2026-08-18 00:04:50.474,pulse_batch,x,,,,,-2,,10082,446,452,0,77,,9319881197330,
2026-08-18 00:04:50.495,pulse_batch,x,,,,,-2,,10084,444,450,0,77,,9319901816587,
2026-08-18 00:04:50.515,pulse_batch,x,,,,,-2,,10086,442,448,0,77,,9319922261363,
2026-08-18 00:04:50.535,pulse_batch,x,,,,,-2,,10088,440,446,0,77,,9319942616510,
2026-08-18 00:04:50.556,pulse_batch,x,,,,,-2,,10090,438,444,0,77,,9319963346414,
2026-08-18 00:04:50.577,pulse_batch,x,,,,,-2,,10092,436,442,0,77,,9319983729802,
2026-08-18 00:04:50.597,pulse_batch,x,,,,,-2,,10094,434,440,0,77,,9320004054357,
2026-08-18 00:04:50.618,pulse_batch,x,,,,,-2,,10096,432,438,0,77,,9320024735946,
2026-08-18 00:04:50.638,pulse_batch,x,,,,,-2,,10098,430,436,0,77,,9320045256463,
2026-08-18 00:04:50.658,pulse_batch,x,,,,,-2,,10100,428,434,0,77,,9320065626610,
2026-08-18 00:04:50.679,pulse_batch,x,,,,,-2,,10102,426,432,0,77,,9320085994145,
2026-08-18 00:04:50.700,pulse_batch,x,,,,,-2,,10104,424,430,0,77,,9320106856567,
2026-08-18 00:04:50.720,pulse_batch,x,,,,,-2,,10106,422,428,0,77,,9320127299066,
2026-08-18 00:04:50.741,pulse_batch,x,,,,,-2,,10108,420,426,0,77,,9320147690027,
2026-08-18 00:04:50.763,pulse_batch,x,,,,,-2,,10110,418,424,0,77,,9320170204274,
2026-08-18 00:04:50.787,pulse_batch,x,,,,,-2,,10112,416,422,0,77,,9320194371918,
2026-08-18 00:04:50.808,pulse_batch,x,,,,,-2,,10114,414,420,0,77,,9320214773731,
2026-08-18 00:04:50.830,pulse_batch,x,,,,,-2,,10116,412,418,0,77,,9320237101775,
2026-08-18 00:04:50.850,pulse_batch,x,,,,,-2,,10118,410,416,0,77,,9320257596347,
2026-08-18 00:04:50.872,pulse_batch,x,,,,,-2,,10120,408,414,0,77,,9320279382060,
2026-08-18 00:04:50.893,pulse_batch,x,,,,,-2,,10122,406,412,0,77,,9320299793281,
2026-08-18 00:04:50.913,pulse_batch,x,,,,,-2,,10124,404,410,0,77,,9320320241631,
2026-08-18 00:04:50.934,pulse_batch,x,,,,,-2,,10126,402,408,0,77,,9320340638111,
2026-08-18 00:04:50.954,pulse_batch,x,,,,,-2,,10128,400,406,0,77,,9320361004462,
2026-08-18 00:04:50.974,pulse_batch,x,,,,,-2,,10130,398,404,0,77,,9320381522553,
2026-08-18 00:04:50.995,pulse_batch,x,,,,,-2,,10132,396,402,0,77,,9320401848292,
2026-08-18 00:04:51.015,pulse_batch,x,,,,,-2,,10134,394,400,0,77,,9320422185902,
2026-08-18 00:04:51.036,pulse_batch,x,,,,,-2,,10136,392,398,0,77,,9320443075713,
2026-08-18 00:04:51.056,pulse_batch,x,,,,,-2,,10138,390,396,0,77,,9320463525860,
2026-08-18 00:04:51.077,pulse_batch,x,,,,,-2,,10140,388,394,0,77,,9320483833026,
2026-08-18 00:04:51.097,pulse_batch,x,,,,,-2,,10142,386,392,0,77,,9320504271728,
2026-08-18 00:04:51.118,pulse_batch,x,,,,,-2,,10144,384,390,0,77,,9320524652838,
2026-08-18 00:04:51.138,pulse_batch,x,,,,,-2,,10146,382,388,0,77,,9320544983948,
2026-08-18 00:04:51.158,pulse_batch,x,,,,,-2,,10148,380,386,0,77,,9320565464816,
2026-08-18 00:04:51.179,pulse_batch,x,,,,,-2,,10150,378,384,0,77,,9320585871259,
2026-08-18 00:04:51.199,pulse_batch,x,,,,,-2,,10152,376,382,0,77,,9320606189277,
2026-08-18 00:04:51.220,pulse_batch,x,,,,,-2,,10154,374,380,0,77,,9320626691331,
2026-08-18 00:04:51.240,pulse_batch,x,,,,,-2,,10156,372,378,0,77,,9320647172495,
2026-08-18 00:04:51.260,pulse_batch,x,,,,,-2,,10158,370,376,0,77,,9320667494420,
2026-08-18 00:04:51.281,pulse_batch,x,,,,,-2,,10160,368,374,0,77,,9320687813827,
2026-08-18 00:04:51.301,pulse_batch,x,,,,,-2,,10162,366,372,0,77,,9320708497176,
2026-08-18 00:04:51.322,pulse_batch,x,,,,,-2,,10164,364,370,0,77,,9320728920693,
2026-08-18 00:04:51.342,pulse_batch,x,,,,,-2,,10166,362,368,0,77,,9320749326969,
2026-08-18 00:04:51.363,pulse_batch,x,,,,,-2,,10168,360,366,0,77,,9320770276891,
2026-08-18 00:04:51.384,pulse_batch,x,,,,,-2,,10170,358,364,0,77,,9320791432330,
2026-08-18 00:04:51.405,pulse_batch,x,,,,,-2,,10172,356,362,0,77,,9320811761107,
2026-08-18 00:04:51.426,pulse_batch,x,,,,,-2,,10174,354,360,0,77,,9320832825157,
2026-08-18 00:04:51.446,pulse_batch,x,,,,,-2,,10176,352,358,0,77,,9320853196397,
2026-08-18 00:04:51.466,pulse_batch,x,,,,,-2,,10178,350,356,0,77,,9320873527414,
2026-08-18 00:04:51.488,pulse_batch,x,,,,,-2,,10180,348,354,0,77,,9320894947667,
2026-08-18 00:04:51.509,pulse_batch,x,,,,,-2,,10182,346,352,0,77,,9320915490313,
2026-08-18 00:04:51.531,pulse_batch,x,,,,,-2,,10184,344,350,0,77,,9320938475223,
2026-08-18 00:04:51.552,pulse_batch,x,,,,,-2,,10186,342,348,0,77,,9320959151479,
2026-08-18 00:04:51.573,pulse_batch,x,,,,,-2,,10188,340,346,0,77,,9320980098901,
2026-08-18 00:04:51.593,pulse_batch,x,,,,,-2,,10190,338,344,0,77,,9321000516862,
2026-08-18 00:04:51.614,pulse_batch,x,,,,,-2,,10192,336,342,0,77,,9321020823602,
2026-08-18 00:04:51.634,pulse_batch,x,,,,,-2,,10194,334,340,0,77,,9321041247082,
2026-08-18 00:04:51.655,pulse_batch,x,,,,,-2,,10196,332,338,0,77,,9321061787117,
2026-08-18 00:04:51.675,pulse_batch,x,,,,,-2,,10198,330,336,0,77,,9321082131875,
2026-08-18 00:04:51.696,pulse_batch,x,,,,,-2,,10200,328,334,0,77,,9321102655318,
2026-08-18 00:04:51.716,pulse_batch,x,,,,,-2,,10202,326,332,0,77,,9321123026613,
2026-08-18 00:04:51.736,pulse_batch,x,,,,,-2,,10204,324,330,0,77,,9321143279835,
2026-08-18 00:04:51.757,pulse_batch,x,,,,,-2,,10206,322,328,0,77,,9321163747963,
2026-08-18 00:04:51.777,pulse_batch,x,,,,,-2,,10208,320,326,0,77,,9321184129202,
2026-08-18 00:04:51.797,pulse_batch,x,,,,,-2,,10210,318,324,0,77,,9321204486868,
2026-08-18 00:04:51.818,pulse_batch,x,,,,,-2,,10212,316,322,0,77,,9321224825274,
2026-08-18 00:04:51.838,pulse_batch,x,,,,,-2,,10214,314,320,0,77,,9321245280846,
2026-08-18 00:04:51.859,pulse_batch,x,,,,,-2,,10216,312,318,0,77,,9321265652142,
2026-08-18 00:04:51.879,pulse_batch,x,,,,,-2,,10218,310,316,0,77,,9321286315361,
2026-08-18 00:04:51.901,pulse_batch,x,,,,,-2,,10220,308,314,0,77,,9321308247425,
2026-08-18 00:04:51.922,pulse_batch,x,,,,,-2,,10222,306,312,0,77,,9321328644980,
2026-08-18 00:04:51.942,pulse_batch,x,,,,,-2,,10224,304,310,0,77,,9321348932775,
2026-08-18 00:04:51.963,pulse_batch,x,,,,,-2,,10226,302,308,0,77,,9321369790679,
2026-08-18 00:04:51.983,pulse_batch,x,,,,,-2,,10228,300,306,0,77,,9321390204733,
2026-08-18 00:04:52.003,pulse_batch,x,,,,,-2,,10230,298,304,0,77,,9321410506047,
2026-08-18 00:04:52.024,pulse_batch,x,,,,,-2,,10232,296,302,0,77,,9321431271525,
2026-08-18 00:04:52.045,pulse_batch,x,,,,,-2,,10234,294,300,0,77,,9321451690320,
2026-08-18 00:04:52.065,pulse_batch,x,,,,,-2,,10236,292,298,0,77,,9321472033763,
2026-08-18 00:04:52.085,pulse_batch,x,,,,,-2,,10238,290,296,0,77,,9321492340633,
2026-08-18 00:04:52.106,pulse_batch,x,,,,,-2,,10240,288,294,0,77,,9321512806187,
2026-08-18 00:04:52.126,pulse_batch,x,,,,,-2,,10242,286,292,0,77,,9321533108279,
2026-08-18 00:04:52.146,pulse_batch,x,,,,,-2,,10244,284,290,0,77,,9321553424482,
2026-08-18 00:04:52.167,pulse_batch,x,,,,,-2,,10246,282,288,0,77,,9321574520125,
2026-08-18 00:04:52.188,pulse_batch,x,,,,,-2,,10248,280,286,0,77,,9321595457898,
2026-08-18 00:04:52.209,pulse_batch,x,,,,,-2,,10250,278,284,0,77,,9321615745453,
2026-08-18 00:04:52.229,pulse_batch,x,,,,,-2,,10252,276,282,0,77,,9321636617060,
2026-08-18 00:04:52.250,pulse_batch,x,,,,,-2,,10254,274,280,0,77,,9321657148725,
2026-08-18 00:04:52.270,pulse_batch,x,,,,,-2,,10256,272,278,0,77,,9321677455724,
2026-08-18 00:04:52.291,pulse_batch,x,,,,,-2,,10258,270,276,0,77,,9321698195499,
2026-08-18 00:04:52.311,pulse_batch,x,,,,,-2,,10260,268,274,0,77,,9321718621257,
2026-08-18 00:04:52.332,pulse_batch,x,,,,,-2,,10262,266,272,0,77,,9321738882163,
2026-08-18 00:04:52.352,pulse_batch,x,,,,,-2,,10264,264,270,0,77,,9321759208607,
2026-08-18 00:04:52.373,pulse_batch,x,,,,,-2,,10266,262,268,0,77,,9321779703087,
2026-08-18 00:04:52.393,pulse_batch,x,,,,,-2,,10268,260,266,0,77,,9321800022197,
2026-08-18 00:04:52.413,pulse_batch,x,,,,,-2,,10270,258,264,0,77,,9321820341381,
2026-08-18 00:04:52.434,pulse_batch,x,,,,,-2,,10272,256,262,0,77,,9321840726621,
2026-08-18 00:04:52.454,pulse_batch,x,,,,,-2,,10274,254,260,0,77,,9321861171119,
2026-08-18 00:04:52.474,pulse_batch,x,,,,,-2,,10276,252,258,0,77,,9321881493674,
2026-08-18 00:04:52.495,pulse_batch,x,,,,,-2,,10278,250,256,0,77,,9321902234856,
2026-08-18 00:04:52.516,pulse_batch,x,,,,,-2,,10280,248,254,0,77,,9321922638558,
2026-08-18 00:04:52.536,pulse_batch,x,,,,,-2,,10282,246,252,0,77,,9321942988187,
2026-08-18 00:04:52.556,pulse_batch,x,,,,,-2,,10284,244,250,0,77,,9321963557240,
2026-08-18 00:04:52.577,pulse_batch,x,,,,,-2,,10286,242,248,0,77,,9321984038701,
2026-08-18 00:04:52.597,pulse_batch,x,,,,,-2,,10288,240,246,0,77,,9322004338293,
2026-08-18 00:04:52.618,pulse_batch,x,,,,,-2,,10290,238,244,0,77,,9322024687866,
2026-08-18 00:04:52.639,pulse_batch,x,,,,,-2,,10292,236,242,0,77,,9322045803898,
2026-08-18 00:04:52.659,pulse_batch,x,,,,,-2,,10294,234,240,0,77,,9322066131379,
2026-08-18 00:04:52.679,pulse_batch,x,,,,,-2,,10296,232,238,0,77,,9322086488507,
2026-08-18 00:04:52.700,pulse_batch,x,,,,,-2,,10298,230,236,0,77,,9322107330818,
2026-08-18 00:04:52.721,pulse_batch,x,,,,,-2,,10300,228,234,0,77,,9322127700817,
2026-08-18 00:04:52.741,pulse_batch,x,,,,,-2,,10302,226,232,0,77,,9322147976650,
2026-08-18 00:04:52.762,pulse_batch,x,,,,,-2,,10304,224,230,0,77,,9322168816609,
2026-08-18 00:04:52.782,pulse_batch,x,,,,,-2,,10306,222,228,0,77,,9322189364329,
2026-08-18 00:04:52.802,pulse_batch,x,,,,,-2,,10308,220,226,0,77,,9322209650662,
2026-08-18 00:04:52.823,pulse_batch,x,,,,,-2,,10310,218,224,0,77,,9322230501251,
2026-08-18 00:04:52.844,pulse_batch,x,,,,,-2,,10312,216,222,0,77,,9322250915898,
2026-08-18 00:04:52.864,pulse_batch,x,,,,,-2,,10314,214,220,0,77,,9322271243915,
2026-08-18 00:04:52.884,pulse_batch,x,,,,,-2,,10316,212,218,0,77,,9322291615673,
2026-08-18 00:04:52.906,pulse_batch,x,,,,,-2,,10318,210,216,0,77,,9322312810464,
2026-08-18 00:04:52.926,pulse_batch,x,,,,,-2,,10320,208,214,0,77,,9322333139778,
2026-08-18 00:04:52.946,pulse_batch,x,,,,,-2,,10322,206,212,0,77,,9322353461240,
2026-08-18 00:04:52.967,pulse_batch,x,,,,,-2,,10324,204,210,0,77,,9322374188941,
2026-08-18 00:04:52.988,pulse_batch,x,,,,,-2,,10326,202,208,0,77,,9322394837253,
2026-08-18 00:04:53.008,pulse_batch,x,,,,,-2,,10328,200,206,0,77,,9322415155363,
2026-08-18 00:04:53.029,pulse_batch,x,,,,,-2,,10330,198,204,0,77,,9322435999767,
2026-08-18 00:04:53.049,pulse_batch,x,,,,,-2,,10332,196,202,0,77,,9322456377266,
2026-08-18 00:04:53.070,pulse_batch,x,,,,,-2,,10334,194,200,0,77,,9322476727394,
2026-08-18 00:04:53.090,pulse_batch,x,,,,,-2,,10336,192,198,0,77,,9322497444595,
2026-08-18 00:04:53.111,pulse_batch,x,,,,,-2,,10338,190,196,0,77,,9322517928686,
2026-08-18 00:04:53.131,pulse_batch,x,,,,,-2,,10340,188,194,0,77,,9322538253630,
2026-08-18 00:04:53.151,pulse_batch,x,,,,,-2,,10342,186,192,0,77,,9322558598721,
2026-08-18 00:04:53.172,pulse_batch,x,,,,,-2,,10344,184,190,0,77,,9322579463329,
2026-08-18 00:04:53.193,pulse_batch,x,,,,,-2,,10346,182,188,0,77,,9322599800772,
2026-08-18 00:04:53.213,pulse_batch,x,,,,,-2,,10348,180,186,0,77,,9322620131549,
2026-08-18 00:04:53.234,pulse_batch,x,,,,,-2,,10350,178,184,0,77,,9322641058600,
2026-08-18 00:04:53.255,pulse_batch,x,,,,,-2,,10352,176,182,0,77,,9322662472834,
2026-08-18 00:04:53.276,pulse_batch,x,,,,,-2,,10354,174,180,0,77,,9322682894777,
2026-08-18 00:04:53.297,pulse_batch,x,,,,,-2,,10356,172,178,0,77,,9322704196790,
2026-08-18 00:04:53.317,pulse_batch,x,,,,,-2,,10358,170,176,0,77,,9322724558400,
2026-08-18 00:04:53.338,pulse_batch,x,,,,,-2,,10360,168,174,0,77,,9322744842029,
2026-08-18 00:04:53.358,pulse_batch,x,,,,,-2,,10362,166,172,0,77,,9322765275990,
2026-08-18 00:04:53.379,pulse_batch,x,,,,,-2,,10364,164,170,0,77,,9322785707304,
2026-08-18 00:04:53.399,pulse_batch,x,,,,,-2,,10366,162,168,0,77,,9322805995859,
2026-08-18 00:04:53.419,pulse_batch,x,,,,,-2,,10368,160,166,0,77,,9322826344987,
2026-08-18 00:04:53.440,pulse_batch,x,,,,,-2,,10370,158,164,0,77,,9322847330390,
2026-08-18 00:04:53.460,pulse_batch,x,,,,,-2,,10372,156,162,0,77,,9322867627760,
2026-08-18 00:04:53.481,pulse_batch,x,,,,,-2,,10374,154,160,0,77,,9322888050555,
2026-08-18 00:04:53.503,pulse_batch,x,,,,,-2,,10376,152,158,0,77,,9322909834176,
2026-08-18 00:04:53.523,pulse_batch,x,,,,,-2,,10378,150,156,0,77,,9322930216119,
2026-08-18 00:04:53.543,pulse_batch,x,,,,,-2,,10380,148,154,0,77,,9322950517415,
2026-08-18 00:04:53.564,pulse_batch,x,,,,,-2,,10382,146,152,0,77,,9322971329726,
2026-08-18 00:04:53.585,pulse_batch,x,,,,,-2,,10384,144,150,0,77,,9322991749465,
2026-08-18 00:04:53.605,pulse_batch,x,,,,,-2,,10386,142,148,0,77,,9323012023465,
2026-08-18 00:04:53.626,pulse_batch,x,,,,,-2,,10388,140,146,0,77,,9323032761110,
2026-08-18 00:04:53.646,pulse_batch,x,,,,,-2,,10390,138,144,0,77,,9323053124387,
2026-08-18 00:04:53.666,pulse_batch,x,,,,,-2,,10392,136,142,0,77,,9323073438571,
2026-08-18 00:04:53.687,pulse_batch,x,,,,,-2,,10394,134,140,0,77,,9323094505436,
2026-08-18 00:04:53.708,pulse_batch,x,,,,,-2,,10396,132,138,0,77,,9323114968583,
2026-08-18 00:04:53.728,pulse_batch,x,,,,,-2,,10398,130,136,0,77,,9323135356100,
2026-08-18 00:04:53.749,pulse_batch,x,,,,,-2,,10400,128,134,0,77,,9323155891339,
2026-08-18 00:04:53.769,pulse_batch,x,,,,,-2,,10402,126,132,0,77,,9323176358875,
2026-08-18 00:04:53.791,pulse_batch,x,,,,,-2,,10404,124,130,0,77,,9323198365494,
2026-08-18 00:04:53.812,pulse_batch,x,,,,,-2,,10406,122,128,0,77,,9323218895288,
2026-08-18 00:04:53.832,pulse_batch,x,,,,,-2,,10408,120,126,0,77,,9323239333305,
2026-08-18 00:04:53.853,pulse_batch,x,,,,,-2,,10410,118,124,0,77,,9323259694508,
2026-08-18 00:04:53.873,pulse_batch,x,,,,,-2,,10412,116,122,0,77,,9323279975915,
2026-08-18 00:04:53.893,pulse_batch,x,,,,,-2,,10414,114,120,0,77,,9323300487728,
2026-08-18 00:04:53.914,pulse_batch,x,,,,,-2,,10416,112,118,0,77,,9323320887301,
2026-08-18 00:04:53.934,pulse_batch,x,,,,,-2,,10418,110,116,0,77,,9323341199578,
2026-08-18 00:04:53.955,pulse_batch,x,,,,,-2,,10420,108,114,0,77,,9323361559614,
2026-08-18 00:04:53.975,pulse_batch,x,,,,,-2,,10422,106,112,0,77,,9323382057668,
2026-08-18 00:04:53.995,pulse_batch,x,,,,,-2,,10424,104,110,0,77,,9323402412037,
2026-08-18 00:04:54.016,pulse_batch,x,,,,,-2,,10426,102,108,0,77,,9323423047460,
2026-08-18 00:04:54.036,pulse_batch,x,,,,,-2,,10428,100,106,0,77,,9323443533422,
2026-08-18 00:04:54.057,pulse_batch,x,,,,,-2,,10430,98,104,0,77,,9323463910513,
2026-08-18 00:04:54.077,pulse_batch,x,,,,,-2,,10432,96,102,0,77,,9323484221105,
2026-08-18 00:04:54.098,pulse_batch,x,,,,,-2,,10434,94,100,0,77,,9323505158897,
2026-08-18 00:04:54.118,pulse_batch,x,,,,,-2,,10436,92,98,0,77,,9323525519359,
2026-08-18 00:04:54.139,pulse_batch,x,,,,,-2,,10438,90,96,0,77,,9323545874192,
2026-08-18 00:04:54.160,pulse_batch,x,,,,,-2,,10440,88,94,0,77,,9323566748280,
2026-08-18 00:04:54.180,pulse_batch,x,,,,,-2,,10442,86,92,0,77,,9323587130705,
2026-08-18 00:04:54.200,pulse_batch,x,,,,,-2,,10444,84,90,0,77,,9323607468630,
2026-08-18 00:04:54.221,pulse_batch,x,,,,,-2,,10446,82,88,0,77,,9323628159331,
2026-08-18 00:04:54.237,pulse_batch,x,,,,,-1,,10447,81,87,0,77,,9323643648690,
2026-08-18 00:04:54.237,move_finish,x,,,17,,,,10447,81,87,0,77,,9323643953281,
2026-08-18 00:04:54.416,approach_source_finish,x,0,stored,,,,-1,,81,87,0,77,87,,
2026-08-18 00:04:54.416,approach_source_finish,y,0,stored,,,,1,,-12,-14,4,4,-14,,
2026-08-18 00:04:54.419,move_start,x,,,18,-87,,-1,10447,81,87,0,77,,9323826107668,
2026-08-18 00:04:54.419,move_start,y,,,18,14,,1,5742,-12,-14,4,4,,9323826039242,
2026-08-18 00:04:54.426,pulse_batch,y,,,,,1,,5743,-11,-13,4,4,,9323833534775,
2026-08-18 00:04:54.428,pulse_batch,x,,,,,-1,,10448,80,86,0,77,,9323835512653,
2026-08-18 00:04:54.447,pulse_batch,y,,,,,2,,5745,-9,-11,4,4,,9323853889163,
2026-08-18 00:04:54.449,pulse_batch,x,,,,,-2,,10450,78,84,0,77,,9323855843337,
2026-08-18 00:04:54.467,pulse_batch,y,,,,,2,,5747,-7,-9,4,4,,9323874178477,
2026-08-18 00:04:54.469,pulse_batch,x,,,,,-2,,10452,76,82,0,77,,9323876126744,
2026-08-18 00:04:54.487,pulse_batch,y,,,,,2,,5749,-5,-7,4,4,,9323894514254,
2026-08-18 00:04:54.490,pulse_batch,x,,,,,-2,,10454,74,80,0,77,,9323897103258,
2026-08-18 00:04:54.508,pulse_batch,y,,,,,2,,5751,-3,-5,4,4,,9323915100752,
2026-08-18 00:04:54.511,pulse_batch,x,,,,,-2,,10456,72,78,0,77,,9323917641960,
2026-08-18 00:04:54.528,pulse_batch,y,,,,,2,,5753,-1,-3,4,4,,9323935386844,
2026-08-18 00:04:54.531,pulse_batch,x,,,,,-2,,10458,70,76,0,77,,9323937898460,
2026-08-18 00:04:54.549,pulse_batch,y,,,,,2,,5755,1,-1,4,4,,9323955744991,
2026-08-18 00:04:54.551,pulse_batch,x,,,,,-2,,10460,68,74,0,77,,9323958210477,
2026-08-18 00:04:54.564,pulse_batch,y,,,,,1,,5756,2,0,4,4,,9323971133610,
2026-08-18 00:04:54.564,move_finish,y,,,18,,,,5756,2,0,4,4,,9323971313609,
2026-08-18 00:04:54.573,pulse_batch,x,,,,,-2,,10462,66,72,0,77,,9323980253152,
2026-08-18 00:04:54.593,pulse_batch,x,,,,,-2,,10464,64,70,0,77,,9324000526393,
2026-08-18 00:04:54.614,pulse_batch,x,,,,,-2,,10466,62,68,0,77,,9324021574684,
2026-08-18 00:04:54.637,pulse_batch,x,,,,,-2,,10468,60,66,0,77,,9324043799802,
2026-08-18 00:04:54.657,pulse_batch,x,,,,,-2,,10470,58,64,0,77,,9324064355708,
2026-08-18 00:04:54.678,pulse_batch,x,,,,,-2,,10472,56,62,0,77,,9324084657892,
2026-08-18 00:04:54.698,pulse_batch,x,,,,,-2,,10474,54,60,0,77,,9324105253927,
2026-08-18 00:04:54.720,pulse_batch,x,,,,,-2,,10476,52,58,0,77,,9324126885252,
2026-08-18 00:04:54.740,pulse_batch,x,,,,,-2,,10478,50,56,0,77,,9324147280048,
2026-08-18 00:04:54.761,pulse_batch,x,,,,,-2,,10480,48,54,0,77,,9324167730991,
2026-08-18 00:04:54.781,pulse_batch,x,,,,,-2,,10482,46,52,0,77,,9324188118360,
2026-08-18 00:04:54.801,pulse_batch,x,,,,,-2,,10484,44,50,0,77,,9324208486137,
2026-08-18 00:04:54.822,pulse_batch,x,,,,,-2,,10486,42,48,0,77,,9324228826747,
2026-08-18 00:04:54.842,pulse_batch,x,,,,,-2,,10488,40,46,0,77,,9324249260264,
2026-08-18 00:04:54.862,pulse_batch,x,,,,,-2,,10490,38,44,0,77,,9324269580726,
2026-08-18 00:04:54.883,pulse_batch,x,,,,,-2,,10492,36,42,0,77,,9324289874040,
2026-08-18 00:04:54.903,pulse_batch,x,,,,,-2,,10494,34,40,0,77,,9324310505427,
2026-08-18 00:04:54.924,pulse_batch,x,,,,,-2,,10496,32,38,0,77,,9324330890389,
2026-08-18 00:04:54.944,pulse_batch,x,,,,,-2,,10498,30,36,0,77,,9324351180833,
2026-08-18 00:04:54.964,pulse_batch,x,,,,,-2,,10500,28,34,0,77,,9324371607665,
2026-08-18 00:04:54.985,pulse_batch,x,,,,,-2,,10502,26,32,0,77,,9324391983312,
2026-08-18 00:04:55.005,pulse_batch,x,,,,,-2,,10504,24,30,0,77,,9324412321922,
2026-08-18 00:04:55.026,pulse_batch,x,,,,,-2,,10506,22,28,0,77,,9324432786272,
2026-08-18 00:04:55.046,pulse_batch,x,,,,,-2,,10508,20,26,0,77,,9324453218345,
2026-08-18 00:04:55.066,pulse_batch,x,,,,,-2,,10510,18,24,0,77,,9324473529604,
2026-08-18 00:04:55.087,pulse_batch,x,,,,,-2,,10512,16,22,0,77,,9324493844992,
2026-08-18 00:04:55.108,pulse_batch,x,,,,,-2,,10514,14,20,0,77,,9324515264874,
2026-08-18 00:04:55.128,pulse_batch,x,,,,,-2,,10516,12,18,0,77,,9324535579299,
2026-08-18 00:04:55.149,pulse_batch,x,,,,,-2,,10518,10,16,0,77,,9324555894521,
2026-08-18 00:04:55.173,pulse_batch,x,,,,,-2,,10520,8,14,0,77,,9324580134517,
2026-08-18 00:04:55.193,pulse_batch,x,,,,,-2,,10522,6,12,0,77,,9324600504386,
2026-08-18 00:04:55.214,pulse_batch,x,,,,,-2,,10524,4,10,0,77,,9324620832089,
2026-08-18 00:04:55.234,pulse_batch,x,,,,,-2,,10526,2,8,0,77,,9324641283995,
2026-08-18 00:04:55.255,pulse_batch,x,,,,,-2,,10528,0,6,0,77,,9324661794383,
2026-08-18 00:04:55.275,pulse_batch,x,,,,,-2,,10530,-2,4,0,77,,9324682097289,
2026-08-18 00:04:55.295,pulse_batch,x,,,,,-2,,10532,-4,2,0,77,,9324702553769,
2026-08-18 00:04:55.316,pulse_batch,x,,,,,-2,,10534,-6,0,0,77,,9324722993953,
2026-08-18 00:04:55.321,move_finish,x,,,18,,,,10534,-6,0,0,77,,9324728099425,
2026-08-18 00:04:55.484,target_finish,x,0,stored,,,,,,-6,0,0,77,0,,ok=True
2026-08-18 00:04:55.484,target_finish,y,0,stored,,,,,,2,0,4,4,0,,ok=True
2026-08-18 00:05:11.640,continuous_start,x,,,,,,1,10534,-6,0,0,77,,9341047430049,
2026-08-18 00:05:11.646,pulse_batch,x,,,,,1,,10535,-5,0,1,77,,9341052802927,
2026-08-18 00:05:11.666,pulse_batch,x,,,,,2,,10537,-3,0,3,77,,9341073274019,
2026-08-18 00:05:11.686,pulse_batch,x,,,,,2,,10539,-1,0,5,77,,9341093613815,
2026-08-18 00:05:11.708,pulse_batch,x,,,,,2,,10541,1,0,7,77,,9341114936403,
2026-08-18 00:05:11.728,pulse_batch,x,,,,,2,,10543,3,0,9,77,,9341135368680,
2026-08-18 00:05:11.749,pulse_batch,x,,,,,2,,10545,5,0,11,77,,9341155714495,
2026-08-18 00:05:11.770,pulse_batch,x,,,,,2,,10547,7,0,13,77,,9341176668825,
2026-08-18 00:05:11.790,pulse_batch,x,,,,,2,,10549,9,0,15,77,,9341197101602,
2026-08-18 00:05:11.810,pulse_batch,x,,,,,2,,10551,11,0,17,77,,9341217434361,
2026-08-18 00:05:11.831,pulse_batch,x,,,,,2,,10553,13,0,19,77,,9341237790972,
2026-08-18 00:05:11.852,pulse_batch,x,,,,,2,,10555,15,0,21,77,,9341259015449,
2026-08-18 00:05:11.872,pulse_batch,x,,,,,2,,10557,17,0,23,77,,9341279390690,
2026-08-18 00:05:11.893,pulse_batch,x,,,,,2,,10559,19,0,25,77,,9341299810022,
2026-08-18 00:05:11.913,pulse_batch,x,,,,,2,,10561,21,0,27,77,,9341320291392,
2026-08-18 00:05:11.934,pulse_batch,x,,,,,2,,10563,23,0,29,77,,9341340751002,
2026-08-18 00:05:11.954,pulse_batch,x,,,,,2,,10565,25,0,31,77,,9341361037299,
2026-08-18 00:05:11.975,pulse_batch,x,,,,,2,,10567,27,0,33,77,,9341381997055,
2026-08-18 00:05:11.995,pulse_batch,x,,,,,2,,10569,29,0,35,77,,9341402415055,
2026-08-18 00:05:12.016,pulse_batch,x,,,,,2,,10571,31,0,37,77,,9341422734832,
2026-08-18 00:05:12.036,pulse_batch,x,,,,,2,,10573,33,0,39,77,,9341443373386,
2026-08-18 00:05:12.057,pulse_batch,x,,,,,2,,10575,35,0,41,77,,9341463835275,
2026-08-18 00:05:12.077,pulse_batch,x,,,,,2,,10577,37,0,43,77,,9341484179312,
2026-08-18 00:05:12.097,pulse_batch,x,,,,,2,,10579,39,0,45,77,,9341504495590,
2026-08-18 00:05:12.119,pulse_batch,x,,,,,2,,10581,41,0,47,77,,9341525759103,
2026-08-18 00:05:12.139,pulse_batch,x,,,,,2,,10583,43,0,49,77,,9341546139714,
2026-08-18 00:05:12.159,pulse_batch,x,,,,,2,,10585,45,0,51,77,,9341566443881,
2026-08-18 00:05:12.180,pulse_batch,x,,,,,2,,10587,47,0,53,77,,9341587269860,
2026-08-18 00:05:12.201,pulse_batch,x,,,,,2,,10589,49,0,55,77,,9341607715248,
2026-08-18 00:05:12.221,pulse_batch,x,,,,,2,,10591,51,0,57,77,,9341627963990,
2026-08-18 00:05:12.242,pulse_batch,x,,,,,2,,10593,53,0,59,77,,9341649314818,
2026-08-18 00:05:12.263,pulse_batch,x,,,,,2,,10595,55,0,61,77,,9341670298907,
2026-08-18 00:05:12.283,pulse_batch,x,,,,,2,,10597,57,0,63,77,,9341690588166,
2026-08-18 00:05:12.304,pulse_batch,x,,,,,2,,10599,59,0,65,77,,9341710958944,
2026-08-18 00:05:12.324,pulse_batch,x,,,,,2,,10601,61,0,67,77,,9341731478776,
2026-08-18 00:05:12.345,pulse_batch,x,,,,,2,,10603,63,0,69,77,,9341751832776,
2026-08-18 00:05:12.365,pulse_batch,x,,,,,2,,10605,65,0,71,77,,9341772152017,
2026-08-18 00:05:12.386,pulse_batch,x,,,,,2,,10607,67,0,73,77,,9341792750979,
2026-08-18 00:05:12.406,pulse_batch,x,,,,,2,,10609,69,0,75,77,,9341813057479,
2026-08-18 00:05:12.426,pulse_batch,x,,,,,2,,10611,71,0,77,77,,9341833408331,
2026-08-18 00:05:12.449,pulse_batch,x,,,,,2,,10613,73,2,77,77,,9341856118466,
2026-08-18 00:05:12.469,pulse_batch,x,,,,,2,,10615,75,4,77,77,,9341876466022,
2026-08-18 00:05:12.490,pulse_batch,x,,,,,2,,10617,77,6,77,77,,9341896732281,
2026-08-18 00:05:12.505,pulse_batch,x,,,,,1,,10618,78,7,77,77,,9341912154068,
2026-08-18 00:05:12.505,continuous_stop,x,,,,,,1,10618,78,7,77,77,,9341912401066,
2026-08-18 00:05:14.379,continuous_start,x,,,,,,1,10618,78,7,77,77,,9343786269469,
2026-08-18 00:05:14.383,pulse_batch,x,,,,,1,,10619,79,8,77,77,,9343789972430,
2026-08-18 00:05:14.404,pulse_batch,x,,,,,3,,10622,82,11,77,77,,9343810745928,
2026-08-18 00:05:14.424,pulse_batch,x,,,,,3,,10625,85,14,77,77,,9343831199131,
2026-08-18 00:05:14.445,pulse_batch,x,,,,,3,,10628,88,17,77,77,,9343851976647,
2026-08-18 00:05:14.465,pulse_batch,x,,,,,3,,10631,91,20,77,77,,9343872579831,
2026-08-18 00:05:14.486,pulse_batch,x,,,,,3,,10634,94,23,77,77,,9343893110053,
2026-08-18 00:05:14.508,pulse_batch,x,,,,,3,,10637,97,26,77,77,,9343915375690,
2026-08-18 00:05:14.529,pulse_batch,x,,,,,3,,10640,100,29,77,77,,9343936105244,
2026-08-18 00:05:14.549,pulse_batch,x,,,,,3,,10643,103,32,77,77,,9343956619965,
2026-08-18 00:05:14.570,pulse_batch,x,,,,,3,,10646,106,35,77,77,,9343977474148,
2026-08-18 00:05:14.593,pulse_batch,x,,,,,3,,10649,109,38,77,77,,9344000121413,
2026-08-18 00:05:14.614,pulse_batch,x,,,,,3,,10652,112,41,77,77,,9344020697375,
2026-08-18 00:05:14.634,pulse_batch,x,,,,,3,,10655,115,44,77,77,,9344041162560,
2026-08-18 00:05:14.655,pulse_batch,x,,,,,3,,10658,118,47,77,77,,9344062423481,
2026-08-18 00:05:14.676,pulse_batch,x,,,,,3,,10661,121,50,77,77,,9344083052498,
2026-08-18 00:05:14.696,pulse_batch,x,,,,,3,,10664,124,53,77,77,,9344103547386,
2026-08-18 00:05:14.718,pulse_batch,x,,,,,3,,10667,127,56,77,77,,9344125557636,
2026-08-18 00:05:14.739,pulse_batch,x,,,,,3,,10670,130,59,77,77,,9344146230931,
2026-08-18 00:05:14.760,pulse_batch,x,,,,,3,,10673,133,62,77,77,,9344166704393,
2026-08-18 00:05:14.783,pulse_batch,x,,,,,3,,10676,136,65,77,77,,9344190056007,
2026-08-18 00:05:14.804,pulse_batch,x,,,,,3,,10679,139,68,77,77,,9344210704839,
2026-08-18 00:05:14.824,pulse_batch,x,,,,,3,,10682,142,71,77,77,,9344231149338,
2026-08-18 00:05:14.848,pulse_batch,x,,,,,3,,10685,145,74,77,77,,9344255568353,
2026-08-18 00:05:14.869,pulse_batch,x,,,,,3,,10688,148,77,77,77,,9344276250907,
2026-08-18 00:05:14.890,pulse_batch,x,,,,,3,,10691,151,80,77,77,,9344296724129,
2026-08-18 00:05:14.912,pulse_batch,x,,,,,3,,10694,154,83,77,77,,9344319000229,
2026-08-18 00:05:14.934,pulse_batch,x,,,,,3,,10697,157,86,77,77,,9344340770259,
2026-08-18 00:05:14.954,pulse_batch,x,,,,,3,,10700,160,89,77,77,,9344361250758,
2026-08-18 00:05:14.975,pulse_batch,x,,,,,3,,10703,163,92,77,77,,9344382212125,
2026-08-18 00:05:14.996,pulse_batch,x,,,,,3,,10706,166,95,77,77,,9344402913716,
2026-08-18 00:05:15.016,pulse_batch,x,,,,,3,,10709,169,98,77,77,,9344423508048,
2026-08-18 00:05:15.037,pulse_batch,x,,,,,3,,10712,172,101,77,77,,9344444416916,
2026-08-18 00:05:15.060,pulse_batch,x,,,,,3,,10715,175,104,77,77,,9344466860534,
2026-08-18 00:05:15.080,pulse_batch,x,,,,,3,,10718,178,107,77,77,,9344487421848,
2026-08-18 00:05:15.101,pulse_batch,x,,,,,3,,10721,181,110,77,77,,9344507940680,
2026-08-18 00:05:15.123,pulse_batch,x,,,,,3,,10724,184,113,77,77,,9344529800450,
2026-08-18 00:05:15.144,pulse_batch,x,,,,,3,,10727,187,116,77,77,,9344551225833,
2026-08-18 00:05:15.165,pulse_batch,x,,,,,3,,10730,190,119,77,77,,9344571676981,
2026-08-18 00:05:15.185,pulse_batch,x,,,,,3,,10733,193,122,77,77,,9344592594534,
2026-08-18 00:05:15.206,pulse_batch,x,,,,,3,,10736,196,125,77,77,,9344613259180,
2026-08-18 00:05:15.227,pulse_batch,x,,,,,3,,10739,199,128,77,77,,9344633691217,
2026-08-18 00:05:15.249,pulse_batch,x,,,,,3,,10742,202,131,77,77,,9344656018928,
2026-08-18 00:05:15.270,pulse_batch,x,,,,,3,,10745,205,134,77,77,,9344676643853,
2026-08-18 00:05:15.290,pulse_batch,x,,,,,3,,10748,208,137,77,77,,9344697140056,
2026-08-18 00:05:15.313,pulse_batch,x,,,,,3,,10751,211,140,77,77,,9344719652452,
2026-08-18 00:05:15.334,pulse_batch,x,,,,,3,,10754,214,143,77,77,,9344741545332,
2026-08-18 00:05:15.355,pulse_batch,x,,,,,3,,10757,217,146,77,77,,9344762041943,
2026-08-18 00:05:15.377,pulse_batch,x,,,,,3,,10760,220,149,77,77,,9344783797639,
2026-08-18 00:05:15.397,pulse_batch,x,,,,,3,,10763,223,152,77,77,,9344804479674,
2026-08-18 00:05:15.418,pulse_batch,x,,,,,3,,10766,226,155,77,77,,9344824975915,
2026-08-18 00:05:15.442,pulse_batch,x,,,,,3,,10769,229,158,77,77,,9344849205227,
2026-08-18 00:05:15.463,pulse_batch,x,,,,,3,,10772,232,161,77,77,,9344869790541,
2026-08-18 00:05:15.483,pulse_batch,x,,,,,3,,10775,235,164,77,77,,9344890254596,
2026-08-18 00:05:15.504,pulse_batch,x,,,,,3,,10778,238,167,77,77,,9344910821465,
2026-08-18 00:05:15.524,pulse_batch,x,,,,,3,,10781,241,170,77,77,,9344931383075,
2026-08-18 00:05:15.545,pulse_batch,x,,,,,3,,10784,244,173,77,77,,9344951869019,
2026-08-18 00:05:15.566,pulse_batch,x,,,,,3,,10787,247,176,77,77,,9344972700739,
2026-08-18 00:05:15.587,pulse_batch,x,,,,,3,,10790,250,179,77,77,,9344994256177,
2026-08-18 00:05:15.608,pulse_batch,x,,,,,3,,10793,253,182,77,77,,9345014757009,
2026-08-18 00:05:15.628,pulse_batch,x,,,,,3,,10796,256,185,77,77,,9345035160694,
2026-08-18 00:05:15.650,pulse_batch,x,,,,,3,,10799,259,188,77,77,,9345057074260,
2026-08-18 00:05:15.670,pulse_batch,x,,,,,3,,10802,262,191,77,77,,9345077577833,
2026-08-18 00:05:15.691,pulse_batch,x,,,,,3,,10805,265,194,77,77,,9345097979352,
2026-08-18 00:05:15.710,pulse_batch,x,,,,,2,,10807,267,196,77,77,,9345116705620,
2026-08-18 00:05:15.710,continuous_stop,x,,,,,,1,10807,267,196,77,77,,9345116935082,
2026-08-18 00:05:16.377,continuous_start,x,,,,,,-1,10807,267,196,77,77,,9345783623910,
2026-08-18 00:05:16.380,pulse_batch,x,,,,,-1,,10808,266,196,76,77,,9345787323242,
2026-08-18 00:05:16.401,pulse_batch,x,,,,,-3,,10811,263,196,73,77,,9345807835075,
2026-08-18 00:05:16.422,pulse_batch,x,,,,,-3,,10814,260,196,70,77,,9345828629980,
2026-08-18 00:05:16.442,pulse_batch,x,,,,,-3,,10817,257,196,67,77,,9345849265849,
2026-08-18 00:05:16.463,pulse_batch,x,,,,,-3,,10820,254,196,64,77,,9345869727330,
2026-08-18 00:05:16.483,pulse_batch,x,,,,,-3,,10823,251,196,61,77,,9345890175885,
2026-08-18 00:05:16.504,pulse_batch,x,,,,,-3,,10826,248,196,58,77,,9345910795662,
2026-08-18 00:05:16.526,pulse_batch,x,,,,,-3,,10829,245,196,55,77,,9345933274576,
2026-08-18 00:05:16.547,pulse_batch,x,,,,,-3,,10832,242,196,52,77,,9345953701687,
2026-08-18 00:05:16.567,pulse_batch,x,,,,,-3,,10835,239,196,49,77,,9345974110057,
2026-08-18 00:05:16.588,pulse_batch,x,,,,,-3,,10838,236,196,46,77,,9345995056110,
2026-08-18 00:05:16.608,pulse_batch,x,,,,,-3,,10841,233,196,43,77,,9346015541165,
2026-08-18 00:05:16.629,pulse_batch,x,,,,,-3,,10844,230,196,40,77,,9346035920184,
2026-08-18 00:05:16.651,pulse_batch,x,,,,,-3,,10847,227,196,37,77,,9346058276895,
2026-08-18 00:05:16.672,pulse_batch,x,,,,,-3,,10850,224,196,34,77,,9346078938597,
2026-08-18 00:05:16.692,pulse_batch,x,,,,,-3,,10853,221,196,31,77,,9346099351430,
2026-08-18 00:05:16.713,pulse_batch,x,,,,,-3,,10856,218,196,28,77,,9346120099947,
2026-08-18 00:05:16.733,pulse_batch,x,,,,,-3,,10859,215,196,25,77,,9346140575465,
2026-08-18 00:05:16.754,pulse_batch,x,,,,,-3,,10862,212,196,22,77,,9346160984706,
2026-08-18 00:05:16.775,pulse_batch,x,,,,,-3,,10865,209,196,19,77,,9346181828018,
2026-08-18 00:05:16.795,pulse_batch,x,,,,,-3,,10868,206,196,16,77,,9346202463535,
2026-08-18 00:05:16.816,pulse_batch,x,,,,,-3,,10871,203,196,13,77,,9346222958220,
2026-08-18 00:05:16.836,pulse_batch,x,,,,,-3,,10874,200,196,10,77,,9346243522552,
2026-08-18 00:05:16.859,pulse_batch,x,,,,,-3,,10877,197,196,7,77,,9346265850708,
2026-08-18 00:05:16.879,pulse_batch,x,,,,,-3,,10880,194,196,4,77,,9346286269838,
2026-08-18 00:05:16.900,pulse_batch,x,,,,,-3,,10883,191,196,1,77,,9346307326908,
2026-08-18 00:05:16.922,pulse_batch,x,,,,,-3,,10886,188,194,0,77,,9346329401139,
2026-08-18 00:05:16.944,pulse_batch,x,,,,,-3,,10889,185,191,0,77,,9346350870948,
2026-08-18 00:05:16.964,pulse_batch,x,,,,,-3,,10892,182,188,0,77,,9346371283578,
2026-08-18 00:05:16.986,pulse_batch,x,,,,,-3,,10895,179,185,0,77,,9346393253384,
2026-08-18 00:05:17.007,pulse_batch,x,,,,,-3,,10898,176,182,0,77,,9346413744809,
2026-08-18 00:05:17.027,pulse_batch,x,,,,,-3,,10901,173,179,0,77,,9346434201235,
2026-08-18 00:05:17.044,pulse_batch,x,,,,,-2,,10903,171,177,0,77,,9346451512604,
2026-08-18 00:05:17.044,continuous_stop,x,,,,,,-1,10903,171,177,0,77,,9346451655566,
2026-08-18 00:05:17.578,continuous_start,x,,,,,,-1,10903,171,177,0,77,,9346985386380,
2026-08-18 00:05:17.582,pulse_batch,x,,,,,-1,,10904,170,176,0,77,,9346989052323,
2026-08-18 00:05:17.602,pulse_batch,x,,,,,-3,,10907,167,173,0,77,,9347009560971,
2026-08-18 00:05:17.623,pulse_batch,x,,,,,-3,,10910,164,170,0,77,,9347029977378,
2026-08-18 00:05:17.644,pulse_batch,x,,,,,-3,,10913,161,167,0,77,,9347050616969,
2026-08-18 00:05:17.664,pulse_batch,x,,,,,-3,,10916,158,164,0,77,,9347071145784,
2026-08-18 00:05:17.684,pulse_batch,x,,,,,-3,,10919,155,161,0,77,,9347091609635,
2026-08-18 00:05:17.705,pulse_batch,x,,,,,-3,,10922,152,158,0,77,,9347112077172,
2026-08-18 00:05:17.726,pulse_batch,x,,,,,-3,,10925,149,155,0,77,,9347133205223,
2026-08-18 00:05:17.747,pulse_batch,x,,,,,-3,,10928,146,152,0,77,,9347153676723,
2026-08-18 00:05:17.767,pulse_batch,x,,,,,-3,,10931,143,149,0,77,,9347174101371,
2026-08-18 00:05:17.789,pulse_batch,x,,,,,-3,,10934,140,146,0,77,,9347196164417,
2026-08-18 00:05:17.810,pulse_batch,x,,,,,-3,,10937,137,143,0,77,,9347216671972,
2026-08-18 00:05:17.830,pulse_batch,x,,,,,-3,,10940,134,140,0,77,,9347237099472,
2026-08-18 00:05:17.852,pulse_batch,x,,,,,-3,,10943,131,137,0,77,,9347259505350,
2026-08-18 00:05:17.873,pulse_batch,x,,,,,-3,,10946,128,134,0,77,,9347280250552,
2026-08-18 00:05:17.893,pulse_batch,x,,,,,-3,,10949,125,131,0,77,,9347300659552,
2026-08-18 00:05:17.916,pulse_batch,x,,,,,-3,,10952,122,128,0,77,,9347323004782,
2026-08-18 00:05:17.937,pulse_batch,x,,,,,-3,,10955,119,125,0,77,,9347344128870,
2026-08-18 00:05:17.957,pulse_batch,x,,,,,-3,,10958,116,122,0,77,,9347364540296,
2026-08-18 00:05:17.980,pulse_batch,x,,,,,-3,,10961,113,119,0,77,,9347387190525,
2026-08-18 00:05:18.001,pulse_batch,x,,,,,-3,,10964,110,116,0,77,,9347407756505,
2026-08-18 00:05:18.021,pulse_batch,x,,,,,-3,,10967,107,113,0,77,,9347428194820,
2026-08-18 00:05:18.042,pulse_batch,x,,,,,-3,,10970,104,110,0,77,,9347449482871,
2026-08-18 00:05:18.063,pulse_batch,x,,,,,-3,,10973,101,107,0,77,,9347470092277,
2026-08-18 00:05:18.083,pulse_batch,x,,,,,-3,,10976,98,104,0,77,,9347490583610,
2026-08-18 00:05:18.104,pulse_batch,x,,,,,-3,,10979,95,101,0,77,,9347511051035,
2026-08-18 00:05:18.126,pulse_batch,x,,,,,-3,,10982,92,98,0,77,,9347533482913,
2026-08-18 00:05:18.147,pulse_batch,x,,,,,-3,,10985,89,95,0,77,,9347554036524,
2026-08-18 00:05:18.167,pulse_batch,x,,,,,-3,,10988,86,92,0,77,,9347574454079,
2026-08-18 00:05:18.190,pulse_batch,x,,,,,-3,,10991,83,89,0,77,,9347596547755,
2026-08-18 00:05:18.210,pulse_batch,x,,,,,-3,,10994,80,86,0,77,,9347616961718,
2026-08-18 00:05:18.230,pulse_batch,x,,,,,-3,,10997,77,83,0,77,,9347637357292,
2026-08-18 00:05:18.249,pulse_batch,x,,,,,-2,,10999,75,81,0,77,,9347655976691,
2026-08-18 00:05:18.249,continuous_stop,x,,,,,,-1,10999,75,81,0,77,,9347656242930,
2026-08-18 00:05:18.646,continuous_start,x,,,,,,-1,10999,75,81,0,77,,9348052616975,
2026-08-18 00:05:18.649,pulse_batch,x,,,,,-1,,11000,74,80,0,77,,9348056319011,
2026-08-18 00:05:18.670,pulse_batch,x,,,,,-3,,11003,71,77,0,77,,9348076836177,
2026-08-18 00:05:18.690,pulse_batch,x,,,,,-3,,11006,68,74,0,77,,9348097241306,
2026-08-18 00:05:18.711,pulse_batch,x,,,,,-3,,11009,65,71,0,77,,9348117816805,
2026-08-18 00:05:18.732,pulse_batch,x,,,,,-3,,11012,62,68,0,77,,9348138934450,
2026-08-18 00:05:18.752,pulse_batch,x,,,,,-3,,11015,59,65,0,77,,9348159433338,
2026-08-18 00:05:18.773,pulse_batch,x,,,,,-3,,11018,56,62,0,77,,9348179881782,
2026-08-18 00:05:18.796,pulse_batch,x,,,,,-3,,11021,53,59,0,77,,9348203547635,
2026-08-18 00:05:18.817,pulse_batch,x,,,,,-3,,11024,50,56,0,77,,9348224027042,
2026-08-18 00:05:18.837,pulse_batch,x,,,,,-3,,11027,47,53,0,77,,9348244464264,
2026-08-18 00:05:18.858,pulse_batch,x,,,,,-3,,11030,44,50,0,77,,9348265104503,
2026-08-18 00:05:18.878,pulse_batch,x,,,,,-3,,11033,41,47,0,77,,9348285584170,
2026-08-18 00:05:18.899,pulse_batch,x,,,,,-3,,11036,38,44,0,77,,9348306174835,
2026-08-18 00:05:18.920,pulse_batch,x,,,,,-3,,11039,35,41,0,77,,9348327339257,
2026-08-18 00:05:18.941,pulse_batch,x,,,,,-3,,11042,32,38,0,77,,9348348208921,
2026-08-18 00:05:18.961,pulse_batch,x,,,,,-3,,11045,29,35,0,77,,9348368648310,
2026-08-18 00:05:18.979,pulse_batch,x,,,,,-2,,11047,27,33,0,77,,9348386303621,
2026-08-18 00:05:18.979,continuous_stop,x,,,,,,-1,11047,27,33,0,77,,9348386555509,
2026-08-18 00:05:19.312,continuous_start,x,,,,,,-1,11047,27,33,0,77,,9348719469863,
2026-08-18 00:05:19.316,pulse_batch,x,,,,,-1,,11048,26,32,0,77,,9348723192565,
2026-08-18 00:05:19.337,pulse_batch,x,,,,,-3,,11051,23,29,0,77,,9348743712731,
2026-08-18 00:05:19.357,pulse_batch,x,,,,,-3,,11054,20,26,0,77,,9348764412119,
2026-08-18 00:05:19.378,pulse_batch,x,,,,,-3,,11057,17,23,0,77,,9348785004099,
2026-08-18 00:05:19.398,pulse_batch,x,,,,,-3,,11060,14,20,0,77,,9348805452266,
2026-08-18 00:05:19.419,pulse_batch,x,,,,,-3,,11063,11,17,0,77,,9348825934802,
2026-08-18 00:05:19.440,pulse_batch,x,,,,,-3,,11066,8,14,0,77,,9348846930169,
2026-08-18 00:05:19.450,pulse_batch,x,,,,,-1,,11067,7,13,0,77,,9348857456723,
2026-08-18 00:05:19.450,continuous_stop,x,,,,,,-1,11067,7,13,0,77,,9348857666722,
2026-08-18 00:05:19.913,continuous_start,x,,,,,,-1,11067,7,13,0,77,,9349320046020,
2026-08-18 00:05:19.917,pulse_batch,x,,,,,-1,,11068,6,12,0,77,,9349323866147,
2026-08-18 00:05:19.937,pulse_batch,x,,,,,-3,,11071,3,9,0,77,,9349344583294,
2026-08-18 00:05:19.958,pulse_batch,x,,,,,-3,,11074,0,6,0,77,,9349365014220,
2026-08-18 00:05:19.979,pulse_batch,x,,,,,-3,,11077,-3,3,0,77,,9349385735218,
2026-08-18 00:05:19.982,continuous_stop,x,,,,,,-1,11077,-3,3,0,77,,9349389212681,
2026-08-18 00:05:21.918,continuous_start,y,,,,,,-1,5756,2,0,4,4,,9351324737671,
2026-08-18 00:05:21.921,pulse_batch,y,,,,,-1,,5757,1,0,3,4,,9351328451262,
2026-08-18 00:05:21.942,pulse_batch,y,,,,,-3,,5760,-2,0,0,4,,9351349009798,
2026-08-18 00:05:21.962,pulse_batch,y,,,,,-3,,5763,-5,-3,0,4,,9351369447002,
2026-08-18 00:05:21.985,pulse_batch,y,,,,,-3,,5766,-8,-6,0,4,,9351391830602,
2026-08-18 00:05:21.988,continuous_stop,y,,,,,,-1,5766,-8,-6,0,4,,9351395316120,
2026-08-18 00:05:26.651,backlash_initialize,x,,,,,,-1,11077,-3,0,0,77,,9356058041406,logical_zero=0
2026-08-18 00:05:26.651,backlash_initialize,y,,,,,,-1,5766,-8,0,0,4,,9356058242591,logical_zero=0
2026-08-18 00:05:29.118,point_saved,x,0,stored,,,,-1,,-3,0,0,77,0,,
2026-08-18 00:05:29.118,point_saved,y,0,stored,,,,-1,,-8,0,0,4,0,,
2026-08-18 00:05:30.591,continuous_start,x,,,,,,1,11077,-3,0,0,77,,9359997656975,
2026-08-18 00:05:30.594,pulse_batch,x,,,,,1,,11078,-2,0,1,77,,9360001306307,
2026-08-18 00:05:30.615,pulse_batch,x,,,,,3,,11081,1,0,4,77,,9360021856659,
2026-08-18 00:05:30.635,pulse_batch,x,,,,,3,,11084,4,0,7,77,,9360042272807,
2026-08-18 00:05:30.657,pulse_batch,x,,,,,3,,11087,7,0,10,77,,9360064466428,
2026-08-18 00:05:30.678,pulse_batch,x,,,,,3,,11090,10,0,13,77,,9360085107853,
2026-08-18 00:05:30.698,pulse_batch,x,,,,,3,,11093,13,0,16,77,,9360105547946,
2026-08-18 00:05:30.721,pulse_batch,x,,,,,3,,11096,16,0,19,77,,9360128199657,
2026-08-18 00:05:30.744,pulse_batch,x,,,,,3,,11099,19,0,22,77,,9360151032070,
2026-08-18 00:05:30.764,pulse_batch,x,,,,,3,,11102,22,0,25,77,,9360171438682,
2026-08-18 00:05:30.785,pulse_batch,x,,,,,3,,11105,25,0,28,77,,9360191893497,
2026-08-18 00:05:30.806,pulse_batch,x,,,,,3,,11108,28,0,31,77,,9360212796421,
2026-08-18 00:05:30.826,pulse_batch,x,,,,,3,,11111,31,0,34,77,,9360233261902,
2026-08-18 00:05:30.847,pulse_batch,x,,,,,3,,11114,34,0,37,77,,9360253719366,
2026-08-18 00:05:30.868,pulse_batch,x,,,,,3,,11117,37,0,40,77,,9360275584710,
2026-08-18 00:05:30.889,pulse_batch,x,,,,,3,,11120,40,0,43,77,,9360296038581,
2026-08-18 00:05:30.909,pulse_batch,x,,,,,3,,11123,43,0,46,77,,9360316461915,
2026-08-18 00:05:30.931,pulse_batch,x,,,,,3,,11126,46,0,49,77,,9360338117983,
2026-08-18 00:05:30.952,pulse_batch,x,,,,,3,,11129,49,0,52,77,,9360359272831,
2026-08-18 00:05:30.972,pulse_batch,x,,,,,3,,11132,52,0,55,77,,9360379661202,
2026-08-18 00:05:30.995,pulse_batch,x,,,,,3,,11135,55,0,58,77,,9360402043192,
2026-08-18 00:05:31.017,pulse_batch,x,,,,,3,,11138,58,0,61,77,,9360424021629,
2026-08-18 00:05:31.037,pulse_batch,x,,,,,3,,11141,61,0,64,77,,9360444429518,
2026-08-18 00:05:31.058,pulse_batch,x,,,,,3,,11144,64,0,67,77,,9360465430312,
2026-08-18 00:05:31.079,pulse_batch,x,,,,,3,,11147,67,0,70,77,,9360486029478,
2026-08-18 00:05:31.099,pulse_batch,x,,,,,3,,11150,70,0,73,77,,9360506477127,
2026-08-18 00:05:31.121,pulse_batch,x,,,,,3,,11153,73,0,76,77,,9360528168805,
2026-08-18 00:05:31.143,pulse_batch,x,,,,,3,,11156,76,2,77,77,,9360550393444,
2026-08-18 00:05:31.164,pulse_batch,x,,,,,3,,11159,79,5,77,77,,9360570896518,
2026-08-18 00:05:31.184,pulse_batch,x,,,,,3,,11162,82,8,77,77,,9360591414037,
2026-08-18 00:05:31.206,pulse_batch,x,,,,,3,,11165,85,11,77,77,,9360612912865,
2026-08-18 00:05:31.226,pulse_batch,x,,,,,3,,11168,88,14,77,77,,9360633443291,
2026-08-18 00:05:31.248,pulse_batch,x,,,,,3,,11171,91,17,77,77,,9360655228858,
2026-08-18 00:05:31.269,pulse_batch,x,,,,,3,,11174,94,20,77,77,,9360675844691,
2026-08-18 00:05:31.289,pulse_batch,x,,,,,3,,11177,97,23,77,77,,9360696307728,
2026-08-18 00:05:31.310,pulse_batch,x,,,,,3,,11180,100,26,77,77,,9360716697470,
2026-08-18 00:05:31.333,pulse_batch,x,,,,,3,,11183,103,29,77,77,,9360740083658,
2026-08-18 00:05:31.354,pulse_batch,x,,,,,3,,11186,106,32,77,77,,9360760724657,
2026-08-18 00:05:31.374,pulse_batch,x,,,,,3,,11189,109,35,77,77,,9360781129417,
2026-08-18 00:05:31.395,pulse_batch,x,,,,,3,,11192,112,38,77,77,,9360802047304,
2026-08-18 00:05:31.416,pulse_batch,x,,,,,3,,11195,115,41,77,77,,9360822664655,
2026-08-18 00:05:31.436,pulse_batch,x,,,,,3,,11198,118,44,77,77,,9360843072748,
2026-08-18 00:05:31.458,pulse_batch,x,,,,,3,,11201,121,47,77,77,,9360865426294,
2026-08-18 00:05:31.480,pulse_batch,x,,,,,3,,11204,124,50,77,77,,9360886970992,
2026-08-18 00:05:31.500,pulse_batch,x,,,,,3,,11207,127,53,77,77,,9360907405863,
2026-08-18 00:05:31.521,pulse_batch,x,,,,,3,,11210,130,56,77,77,,9360928540860,
2026-08-18 00:05:31.543,pulse_batch,x,,,,,3,,11213,133,59,77,77,,9360950355297,
2026-08-18 00:05:31.564,pulse_batch,x,,,,,3,,11216,136,62,77,77,,9360970845168,
2026-08-18 00:05:31.584,pulse_batch,x,,,,,3,,11219,139,65,77,77,,9360991630352,
2026-08-18 00:05:31.607,pulse_batch,x,,,,,3,,11222,142,68,77,77,,9361013687991,
2026-08-18 00:05:31.627,pulse_batch,x,,,,,3,,11225,145,71,77,77,,9361034138325,
2026-08-18 00:05:31.647,pulse_batch,x,,,,,3,,11228,148,74,77,77,,9361054569029,
2026-08-18 00:05:31.673,pulse_batch,x,,,,,3,,11231,151,77,77,77,,9361080111002,
2026-08-18 00:05:31.693,pulse_batch,x,,,,,3,,11234,154,80,77,77,,9361100579428,
2026-08-18 00:05:31.714,pulse_batch,x,,,,,3,,11237,157,83,77,77,,9361121053799,
2026-08-18 00:05:31.736,pulse_batch,x,,,,,3,,11240,160,86,77,77,,9361142765441,
2026-08-18 00:05:31.756,pulse_batch,x,,,,,3,,11243,163,89,77,77,,9361163295237,
2026-08-18 00:05:31.777,pulse_batch,x,,,,,3,,11246,166,92,77,77,,9361183679034,
2026-08-18 00:05:31.799,pulse_batch,x,,,,,3,,11249,169,95,77,77,,9361206472170,
2026-08-18 00:05:31.820,pulse_batch,x,,,,,3,,11252,172,98,77,77,,9361227048040,
2026-08-18 00:05:31.840,pulse_batch,x,,,,,3,,11255,175,101,77,77,,9361247428170,
2026-08-18 00:05:31.863,pulse_batch,x,,,,,3,,11258,178,104,77,77,,9361270283750,
2026-08-18 00:05:31.884,pulse_batch,x,,,,,3,,11261,181,107,77,77,,9361290775473,
2026-08-18 00:05:31.904,pulse_batch,x,,,,,3,,11264,184,110,77,77,,9361311187066,
2026-08-18 00:05:31.926,pulse_batch,x,,,,,3,,11267,187,113,77,77,,9361332805671,
2026-08-18 00:05:31.946,pulse_batch,x,,,,,3,,11270,190,116,77,77,,9361353346652,
2026-08-18 00:05:31.967,pulse_batch,x,,,,,3,,11273,193,119,77,77,,9361373821523,
2026-08-18 00:05:31.989,pulse_batch,x,,,,,3,,11276,196,122,77,77,,9361395909107,
2026-08-18 00:05:32.012,pulse_batch,x,,,,,3,,11279,199,125,77,77,,9361419555294,
2026-08-18 00:05:32.033,pulse_batch,x,,,,,3,,11282,202,128,77,77,,9361439984054,
2026-08-18 00:05:32.055,pulse_batch,x,,,,,3,,11285,205,131,77,77,,9361462312988,
2026-08-18 00:05:32.079,pulse_batch,x,,,,,3,,11288,208,134,77,77,,9361486388784,
2026-08-18 00:05:32.100,pulse_batch,x,,,,,3,,11291,211,137,77,77,,9361506810636,
2026-08-18 00:05:32.122,pulse_batch,x,,,,,3,,11294,214,140,77,77,,9361529113997,
2026-08-18 00:05:32.143,pulse_batch,x,,,,,3,,11297,217,143,77,77,,9361549727386,
2026-08-18 00:05:32.163,pulse_batch,x,,,,,3,,11300,220,146,77,77,,9361570302330,
2026-08-18 00:05:32.184,pulse_batch,x,,,,,3,,11303,223,149,77,77,,9361590753793,
2026-08-18 00:05:32.204,pulse_batch,x,,,,,3,,11306,226,152,77,77,,9361611391608,
2026-08-18 00:05:32.225,pulse_batch,x,,,,,3,,11309,229,155,77,77,,9361631862200,
2026-08-18 00:05:32.245,pulse_batch,x,,,,,3,,11312,232,158,77,77,,9361652287886,
2026-08-18 00:05:32.266,pulse_batch,x,,,,,3,,11315,235,161,77,77,,9361672909367,
2026-08-18 00:05:32.286,pulse_batch,x,,,,,3,,11318,238,164,77,77,,9361693558607,
2026-08-18 00:05:32.307,pulse_batch,x,,,,,3,,11321,241,167,77,77,,9361713954108,
2026-08-18 00:05:32.329,pulse_batch,x,,,,,3,,11324,244,170,77,77,,9361736364413,
2026-08-18 00:05:32.350,pulse_batch,x,,,,,3,,11327,247,173,77,77,,9361756917987,
2026-08-18 00:05:32.370,pulse_batch,x,,,,,3,,11330,250,176,77,77,,9361777377431,
2026-08-18 00:05:32.393,pulse_batch,x,,,,,3,,11333,253,179,77,77,,9361799823366,
2026-08-18 00:05:32.413,pulse_batch,x,,,,,3,,11336,256,182,77,77,,9361820510291,
2026-08-18 00:05:32.434,pulse_batch,x,,,,,3,,11339,259,185,77,77,,9361840946569,
2026-08-18 00:05:32.457,pulse_batch,x,,,,,3,,11342,262,188,77,77,,9361864032055,
2026-08-18 00:05:32.478,pulse_batch,x,,,,,3,,11345,265,191,77,77,,9361884674851,
2026-08-18 00:05:32.498,pulse_batch,x,,,,,3,,11348,268,194,77,77,,9361905115888,
2026-08-18 00:05:32.519,pulse_batch,x,,,,,3,,11351,271,197,77,77,,9361925827628,
2026-08-18 00:05:32.544,pulse_batch,x,,,,,3,,11354,274,200,77,77,,9361951243324,
2026-08-18 00:05:32.565,pulse_batch,x,,,,,3,,11357,277,203,77,77,,9361971714491,
2026-08-18 00:05:32.586,pulse_batch,x,,,,,3,,11360,280,206,77,77,,9361992676692,
2026-08-18 00:05:32.607,pulse_batch,x,,,,,3,,11363,283,209,77,77,,9362013927262,
2026-08-18 00:05:32.627,pulse_batch,x,,,,,3,,11366,286,212,77,77,,9362034433392,
2026-08-18 00:05:32.648,pulse_batch,x,,,,,3,,11369,289,215,77,77,,9362054910615,
2026-08-18 00:05:32.670,pulse_batch,x,,,,,3,,11372,292,218,77,77,,9362076889273,
2026-08-18 00:05:32.690,pulse_batch,x,,,,,3,,11375,295,221,77,77,,9362097354440,
2026-08-18 00:05:32.711,pulse_batch,x,,,,,3,,11378,298,224,77,77,,9362117774404,
2026-08-18 00:05:32.733,pulse_batch,x,,,,,3,,11381,301,227,77,77,,9362140111728,
2026-08-18 00:05:32.754,pulse_batch,x,,,,,3,,11384,304,230,77,77,,9362160830541,
2026-08-18 00:05:32.774,pulse_batch,x,,,,,3,,11387,307,233,77,77,,9362181255709,
2026-08-18 00:05:32.797,pulse_batch,x,,,,,3,,11390,310,236,77,77,,9362204145974,
2026-08-18 00:05:32.818,pulse_batch,x,,,,,3,,11393,313,239,77,77,,9362224639603,
2026-08-18 00:05:32.838,pulse_batch,x,,,,,3,,11396,316,242,77,77,,9362245043030,
2026-08-18 00:05:32.860,pulse_batch,x,,,,,3,,11399,319,245,77,77,,9362267064059,
2026-08-18 00:05:32.883,pulse_batch,x,,,,,3,,11402,322,248,77,77,,9362289858010,
2026-08-18 00:05:32.903,pulse_batch,x,,,,,3,,11405,325,251,77,77,,9362310251473,
2026-08-18 00:05:32.924,pulse_batch,x,,,,,3,,11408,328,254,77,77,,9362331027509,
2026-08-18 00:05:32.944,pulse_batch,x,,,,,3,,11411,331,257,77,77,,9362351619064,
2026-08-18 00:05:32.965,pulse_batch,x,,,,,3,,11414,334,260,77,77,,9362372119657,
2026-08-18 00:05:32.986,pulse_batch,x,,,,,3,,11417,337,263,77,77,,9362392868452,
2026-08-18 00:05:33.008,pulse_batch,x,,,,,3,,11420,340,266,77,77,,9362414662316,
2026-08-18 00:05:33.028,pulse_batch,x,,,,,3,,11423,343,269,77,77,,9362435123038,
2026-08-18 00:05:33.049,pulse_batch,x,,,,,3,,11426,346,272,77,77,,9362455756723,
2026-08-18 00:05:33.071,pulse_batch,x,,,,,3,,11429,349,275,77,77,,9362477583031,
2026-08-18 00:05:33.091,pulse_batch,x,,,,,3,,11432,352,278,77,77,,9362498134809,
2026-08-18 00:05:33.111,pulse_batch,x,,,,,3,,11435,355,281,77,77,,9362518526809,
2026-08-18 00:05:33.134,pulse_batch,x,,,,,3,,11438,358,284,77,77,,9362540844726,
2026-08-18 00:05:33.154,pulse_batch,x,,,,,3,,11441,361,287,77,77,,9362561534040,
2026-08-18 00:05:33.175,pulse_batch,x,,,,,3,,11444,364,290,77,77,,9362581935411,
2026-08-18 00:05:33.198,pulse_batch,x,,,,,3,,11447,367,293,77,77,,9362604831343,
2026-08-18 00:05:33.218,pulse_batch,x,,,,,3,,11450,370,296,77,77,,9362625370343,
2026-08-18 00:05:33.239,pulse_batch,x,,,,,3,,11453,373,299,77,77,,9362645800084,
2026-08-18 00:05:33.260,pulse_batch,x,,,,,3,,11456,376,302,77,77,,9362667344060,
2026-08-18 00:05:33.282,pulse_batch,x,,,,,3,,11459,379,305,77,77,,9362689340274,
2026-08-18 00:05:33.303,pulse_batch,x,,,,,3,,11462,382,308,77,77,,9362709769664,
2026-08-18 00:05:33.324,pulse_batch,x,,,,,3,,11465,385,311,77,77,,9362730963253,
2026-08-18 00:05:33.344,pulse_batch,x,,,,,3,,11468,388,314,77,77,,9362751565382,
2026-08-18 00:05:33.365,pulse_batch,x,,,,,3,,11471,391,317,77,77,,9362772046123,
2026-08-18 00:05:33.385,pulse_batch,x,,,,,3,,11474,394,320,77,77,,9362792561271,
2026-08-18 00:05:33.408,pulse_batch,x,,,,,3,,11477,397,323,77,77,,9362815019131,
2026-08-18 00:05:33.428,pulse_batch,x,,,,,3,,11480,400,326,77,77,,9362835603446,
2026-08-18 00:05:33.449,pulse_batch,x,,,,,3,,11483,403,329,77,77,,9362856135946,
2026-08-18 00:05:33.471,pulse_batch,x,,,,,3,,11486,406,332,77,77,,9362877964254,
2026-08-18 00:05:33.494,pulse_batch,x,,,,,3,,11489,409,335,77,77,,9362901211165,
2026-08-18 00:05:33.514,pulse_batch,x,,,,,3,,11492,412,338,77,77,,9362921634444,
2026-08-18 00:05:33.535,pulse_batch,x,,,,,3,,11495,415,341,77,77,,9362942461016,
2026-08-18 00:05:33.556,pulse_batch,x,,,,,3,,11498,418,344,77,77,,9362962980609,
2026-08-18 00:05:33.576,pulse_batch,x,,,,,3,,11501,421,347,77,77,,9362983368499,
2026-08-18 00:05:33.597,pulse_batch,x,,,,,3,,11504,424,350,77,77,,9363004246626,
2026-08-18 00:05:33.618,pulse_batch,x,,,,,3,,11507,427,353,77,77,,9363024944570,
2026-08-18 00:05:33.638,pulse_batch,x,,,,,3,,11510,430,356,77,77,,9363045362756,
2026-08-18 00:05:33.661,pulse_batch,x,,,,,3,,11513,433,359,77,77,,9363067828005,
2026-08-18 00:05:33.683,pulse_batch,x,,,,,3,,11516,436,362,77,77,,9363090311439,
2026-08-18 00:05:33.704,pulse_batch,x,,,,,3,,11519,439,365,77,77,,9363110802143,
2026-08-18 00:05:33.727,pulse_batch,x,,,,,3,,11522,442,368,77,77,,9363134228294,
2026-08-18 00:05:33.751,pulse_batch,x,,,,,3,,11525,445,371,77,77,,9363157927480,
2026-08-18 00:05:33.771,pulse_batch,x,,,,,3,,11528,448,374,77,77,,9363178336611,
2026-08-18 00:05:33.792,pulse_batch,x,,,,,3,,11531,451,377,77,77,,9363199047924,
2026-08-18 00:05:33.815,pulse_batch,x,,,,,3,,11534,454,380,77,77,,9363222548649,
2026-08-18 00:05:33.836,pulse_batch,x,,,,,3,,11537,457,383,77,77,,9363243001594,
2026-08-18 00:05:33.857,pulse_batch,x,,,,,3,,11540,460,386,77,77,,9363263925777,
2026-08-18 00:05:33.877,pulse_batch,x,,,,,3,,11543,463,389,77,77,,9363284594369,
2026-08-18 00:05:33.898,pulse_batch,x,,,,,3,,11546,466,392,77,77,,9363305109443,
2026-08-18 00:05:33.918,pulse_batch,x,,,,,3,,11549,469,395,77,77,,9363325557388,
2026-08-18 00:05:33.941,pulse_batch,x,,,,,3,,11552,472,398,77,77,,9363348183969,
2026-08-18 00:05:33.962,pulse_batch,x,,,,,3,,11555,475,401,77,77,,9363368673303,
2026-08-18 00:05:33.982,pulse_batch,x,,,,,3,,11558,478,404,77,77,,9363389226877,
2026-08-18 00:05:33.994,pulse_batch,x,,,,,1,,11559,479,405,77,77,,9363400862740,
2026-08-18 00:05:33.994,continuous_stop,x,,,,,,1,11559,479,405,77,77,,9363401220720,
2026-08-18 00:05:35.064,continuous_start,y,,,,,,-1,5766,-8,0,0,4,,9364471179304,
2026-08-18 00:05:35.068,pulse_batch,y,,,,,-1,,5767,-9,-1,0,4,,9364474901451,
2026-08-18 00:05:35.089,pulse_batch,y,,,,,-3,,5770,-12,-4,0,4,,9364495851319,
2026-08-18 00:05:35.109,pulse_batch,y,,,,,-3,,5773,-15,-7,0,4,,9364516370264,
2026-08-18 00:05:35.130,pulse_batch,y,,,,,-3,,5776,-18,-10,0,4,,9364537468965,
2026-08-18 00:05:35.153,pulse_batch,y,,,,,-3,,5779,-21,-13,0,4,,9364560594729,
2026-08-18 00:05:35.174,pulse_batch,y,,,,,-3,,5782,-24,-16,0,4,,9364581050822,
2026-08-18 00:05:35.195,pulse_batch,y,,,,,-3,,5785,-27,-19,0,4,,9364601758691,
2026-08-18 00:05:35.215,pulse_batch,y,,,,,-3,,5788,-30,-22,0,4,,9364622362135,
2026-08-18 00:05:35.236,pulse_batch,y,,,,,-3,,5791,-33,-25,0,4,,9364642890321,
2026-08-18 00:05:35.256,pulse_batch,y,,,,,-3,,5794,-36,-28,0,4,,9364663616153,
2026-08-18 00:05:35.278,pulse_batch,y,,,,,-3,,5797,-39,-31,0,4,,9364685457813,
2026-08-18 00:05:35.299,pulse_batch,y,,,,,-3,,5800,-42,-34,0,4,,9364705918406,
2026-08-18 00:05:35.320,pulse_batch,y,,,,,-3,,5803,-45,-37,0,4,,9364727043403,
2026-08-18 00:05:35.341,pulse_batch,y,,,,,-3,,5806,-48,-40,0,4,,9364747885476,
2026-08-18 00:05:35.361,pulse_batch,y,,,,,-3,,5809,-51,-43,0,4,,9364768382772,
2026-08-18 00:05:35.382,pulse_batch,y,,,,,-3,,5812,-54,-46,0,4,,9364788809717,
2026-08-18 00:05:35.404,pulse_batch,y,,,,,-3,,5815,-57,-49,0,4,,9364811236541,
2026-08-18 00:05:35.425,pulse_batch,y,,,,,-3,,5818,-60,-52,0,4,,9364831967077,
2026-08-18 00:05:35.445,pulse_batch,y,,,,,-3,,5821,-63,-55,0,4,,9364852421374,
2026-08-18 00:05:35.466,pulse_batch,y,,,,,-3,,5824,-66,-58,0,4,,9364873026318,
2026-08-18 00:05:35.486,pulse_batch,y,,,,,-3,,5827,-69,-61,0,4,,9364893495633,
2026-08-18 00:05:35.507,pulse_batch,y,,,,,-3,,5830,-72,-64,0,4,,9364914055670,
2026-08-18 00:05:35.528,pulse_batch,y,,,,,-3,,5833,-75,-67,0,4,,9364934723706,
2026-08-18 00:05:35.548,pulse_batch,y,,,,,-3,,5836,-78,-70,0,4,,9364955326447,
2026-08-18 00:05:35.569,pulse_batch,y,,,,,-3,,5839,-81,-73,0,4,,9364975794225,
2026-08-18 00:05:35.589,pulse_batch,y,,,,,-3,,5842,-84,-76,0,4,,9364996264244,
2026-08-18 00:05:35.612,pulse_batch,y,,,,,-3,,5845,-87,-79,0,4,,9365019592396,
2026-08-18 00:05:35.633,pulse_batch,y,,,,,-3,,5848,-90,-82,0,4,,9365040148396,
2026-08-18 00:05:35.653,pulse_batch,y,,,,,-3,,5851,-93,-85,0,4,,9365060627656,
2026-08-18 00:05:35.676,pulse_batch,y,,,,,-3,,5854,-96,-88,0,4,,9365082777091,
2026-08-18 00:05:35.696,pulse_batch,y,,,,,-3,,5857,-99,-91,0,4,,9365103406998,
2026-08-18 00:05:35.717,pulse_batch,y,,,,,-3,,5860,-102,-94,0,4,,9365123948406,
2026-08-18 00:05:35.740,pulse_batch,y,,,,,-3,,5863,-105,-97,0,4,,9365146878152,
2026-08-18 00:05:35.761,pulse_batch,y,,,,,-3,,5866,-108,-100,0,4,,9365167995927,
2026-08-18 00:05:35.781,pulse_batch,y,,,,,-3,,5869,-111,-103,0,4,,9365188431243,
2026-08-18 00:05:35.802,pulse_batch,y,,,,,-3,,5872,-114,-106,0,4,,9365209038002,
2026-08-18 00:05:35.823,pulse_batch,y,,,,,-3,,5875,-117,-109,0,4,,9365229670612,
2026-08-18 00:05:35.843,pulse_batch,y,,,,,-3,,5878,-120,-112,0,4,,9365250107483,
2026-08-18 00:05:35.866,pulse_batch,y,,,,,-3,,5881,-123,-115,0,4,,9365272676232,
2026-08-18 00:05:35.887,pulse_batch,y,,,,,-3,,5884,-126,-118,0,4,,9365293809692,
2026-08-18 00:05:35.907,pulse_batch,y,,,,,-3,,5887,-129,-121,0,4,,9365314302322,
2026-08-18 00:05:35.929,pulse_batch,y,,,,,-3,,5890,-132,-124,0,4,,9365336378239,
2026-08-18 00:05:35.950,pulse_batch,y,,,,,-3,,5893,-135,-127,0,4,,9365356982239,
2026-08-18 00:05:35.970,pulse_batch,y,,,,,-3,,5896,-138,-130,0,4,,9365377475443,
2026-08-18 00:05:35.991,pulse_batch,y,,,,,-3,,5899,-141,-133,0,4,,9365398095869,
2026-08-18 00:05:36.013,pulse_batch,y,,,,,-3,,5902,-144,-136,0,4,,9365420237434,
2026-08-18 00:05:36.034,pulse_batch,y,,,,,-3,,5905,-147,-139,0,4,,9365440781897,
2026-08-18 00:05:36.054,pulse_batch,y,,,,,-3,,5908,-150,-142,0,4,,9365461245787,
2026-08-18 00:05:36.076,pulse_batch,y,,,,,-3,,5911,-153,-145,0,4,,9365482616338,
2026-08-18 00:05:36.096,pulse_batch,y,,,,,-3,,5914,-156,-148,0,4,,9365503170264,
2026-08-18 00:05:36.117,pulse_batch,y,,,,,-3,,5917,-159,-151,0,4,,9365523648968,
2026-08-18 00:05:36.139,pulse_batch,y,,,,,-3,,5920,-162,-154,0,4,,9365546388364,
2026-08-18 00:05:36.160,pulse_batch,y,,,,,-3,,5923,-165,-157,0,4,,9365567007493,
2026-08-18 00:05:36.180,pulse_batch,y,,,,,-3,,5926,-168,-160,0,4,,9365587443012,
2026-08-18 00:05:36.201,pulse_batch,y,,,,,-3,,5929,-171,-163,0,4,,9365608414917,
2026-08-18 00:05:36.222,pulse_batch,y,,,,,-3,,5932,-174,-166,0,4,,9365629172213,
2026-08-18 00:05:36.243,pulse_batch,y,,,,,-3,,5935,-177,-169,0,4,,9365650418320,
2026-08-18 00:05:36.264,pulse_batch,y,,,,,-3,,5938,-180,-172,0,4,,9365670947431,
2026-08-18 00:05:36.284,pulse_batch,y,,,,,-3,,5941,-183,-175,0,4,,9365691442636,
2026-08-18 00:05:36.305,pulse_batch,y,,,,,-3,,5944,-186,-178,0,4,,9365711860562,
2026-08-18 00:05:36.327,pulse_batch,y,,,,,-3,,5947,-189,-181,0,4,,9365734302089,
2026-08-18 00:05:36.348,pulse_batch,y,,,,,-3,,5950,-192,-184,0,4,,9365754914163,
2026-08-18 00:05:36.368,pulse_batch,y,,,,,-3,,5953,-195,-187,0,4,,9365775335219,
2026-08-18 00:05:36.389,pulse_batch,y,,,,,-3,,5956,-198,-190,0,4,,9365796105922,
2026-08-18 00:05:36.410,pulse_batch,y,,,,,-3,,5959,-201,-193,0,4,,9365817416399,
2026-08-18 00:05:36.431,pulse_batch,y,,,,,-3,,5962,-204,-196,0,4,,9365837915066,
2026-08-18 00:05:36.451,pulse_batch,y,,,,,-3,,5965,-207,-199,0,4,,9365858316086,
2026-08-18 00:05:36.473,pulse_batch,y,,,,,-3,,5968,-210,-202,0,4,,9365880428911,
2026-08-18 00:05:36.494,pulse_batch,y,,,,,-3,,5971,-213,-205,0,4,,9365900961726,
2026-08-18 00:05:36.514,pulse_batch,y,,,,,-3,,5974,-216,-208,0,4,,9365921358208,
2026-08-18 00:05:36.537,pulse_batch,y,,,,,-3,,5977,-219,-211,0,4,,9365944298140,
2026-08-18 00:05:36.558,pulse_batch,y,,,,,-3,,5980,-222,-214,0,4,,9365964951954,
2026-08-18 00:05:36.578,pulse_batch,y,,,,,-3,,5983,-225,-217,0,4,,9365985344863,
2026-08-18 00:05:36.600,pulse_batch,y,,,,,-3,,5986,-228,-220,0,4,,9366007039671,
2026-08-18 00:05:36.621,pulse_batch,y,,,,,-3,,5989,-231,-223,0,4,,9366027624505,
2026-08-18 00:05:36.641,pulse_batch,y,,,,,-3,,5992,-234,-226,0,4,,9366048106079,
2026-08-18 00:05:36.663,pulse_batch,y,,,,,-3,,5995,-237,-229,0,4,,9366070309311,
2026-08-18 00:05:36.684,pulse_batch,y,,,,,-3,,5998,-240,-232,0,4,,9366090898959,
2026-08-18 00:05:36.704,pulse_batch,y,,,,,-3,,6001,-243,-235,0,4,,9366111337682,
2026-08-18 00:05:36.726,pulse_batch,y,,,,,-3,,6004,-246,-238,0,4,,9366133590988,
2026-08-18 00:05:36.747,pulse_batch,y,,,,,-3,,6007,-249,-241,0,4,,9366154371894,
2026-08-18 00:05:36.768,pulse_batch,y,,,,,-3,,6010,-252,-244,0,4,,9366174837117,
2026-08-18 00:05:36.788,pulse_batch,y,,,,,-3,,6013,-255,-247,0,4,,9366195320302,
2026-08-18 00:05:36.812,pulse_batch,y,,,,,-3,,6016,-258,-250,0,4,,9366219597967,
2026-08-18 00:05:36.833,pulse_batch,y,,,,,-3,,6019,-261,-253,0,4,,9366240076820,
2026-08-18 00:05:36.853,pulse_batch,y,,,,,-3,,6022,-264,-256,0,4,,9366260514691,
2026-08-18 00:05:36.877,pulse_batch,y,,,,,-3,,6025,-267,-259,0,4,,9366283710695,
2026-08-18 00:05:36.897,pulse_batch,y,,,,,-3,,6028,-270,-262,0,4,,9366304312528,
2026-08-18 00:05:36.918,pulse_batch,y,,,,,-3,,6031,-273,-265,0,4,,9366324711936,
2026-08-18 00:05:36.938,pulse_batch,y,,,,,-3,,6034,-276,-268,0,4,,9366345511380,
2026-08-18 00:05:36.959,pulse_batch,y,,,,,-3,,6037,-279,-271,0,4,,9366366045843,
2026-08-18 00:05:36.979,pulse_batch,y,,,,,-3,,6040,-282,-274,0,4,,9366386439862,
2026-08-18 00:05:37.000,pulse_batch,y,,,,,-3,,6043,-285,-277,0,4,,9366407460860,
2026-08-18 00:05:37.021,pulse_batch,y,,,,,-3,,6046,-288,-280,0,4,,9366427970564,
2026-08-18 00:05:37.041,pulse_batch,y,,,,,-3,,6049,-291,-283,0,4,,9366448430416,
2026-08-18 00:05:37.063,pulse_batch,y,,,,,-3,,6052,-294,-286,0,4,,9366470567075,
2026-08-18 00:05:37.084,pulse_batch,y,,,,,-3,,6055,-297,-289,0,4,,9366491192185,
2026-08-18 00:05:37.104,pulse_batch,y,,,,,-3,,6058,-300,-292,0,4,,9366511632001,
2026-08-18 00:05:37.127,pulse_batch,y,,,,,-3,,6061,-303,-295,0,4,,9366532087465,
2026-08-18 00:05:37.146,pulse_batch,y,,,,,-3,,6064,-306,-298,0,4,,9366552838204,
2026-08-18 00:05:37.166,pulse_batch,y,,,,,-3,,6067,-309,-301,0,4,,9366573418723,
2026-08-18 00:05:37.187,pulse_batch,y,,,,,-3,,6070,-312,-304,0,4,,9366593881149,
2026-08-18 00:05:37.208,pulse_batch,y,,,,,-3,,6073,-315,-307,0,4,,9366614687741,
2026-08-18 00:05:37.228,pulse_batch,y,,,,,-3,,6076,-318,-310,0,4,,9366635193556,
2026-08-18 00:05:37.248,pulse_batch,y,,,,,-3,,6079,-321,-313,0,4,,9366655647686,
2026-08-18 00:05:37.270,pulse_batch,y,,,,,-3,,6082,-324,-316,0,4,,9366677533309,
2026-08-18 00:05:37.291,pulse_batch,y,,,,,-3,,6085,-327,-319,0,4,,9366698187382,
2026-08-18 00:05:37.311,pulse_batch,y,,,,,-3,,6088,-330,-322,0,4,,9366718587939,
2026-08-18 00:05:37.335,pulse_batch,y,,,,,-3,,6091,-333,-325,0,4,,9366741776221,
2026-08-18 00:05:37.355,pulse_batch,y,,,,,-3,,6094,-336,-328,0,4,,9366762452480,
2026-08-18 00:05:37.376,pulse_batch,y,,,,,-3,,6097,-339,-331,0,4,,9366782877573,
2026-08-18 00:05:37.398,pulse_batch,y,,,,,-3,,6100,-342,-334,0,4,,9366805140897,
2026-08-18 00:05:37.419,pulse_batch,y,,,,,-3,,6103,-345,-337,0,4,,9366825674398,
2026-08-18 00:05:37.439,pulse_batch,y,,,,,-3,,6106,-348,-340,0,4,,9366846096250,
2026-08-18 00:05:37.461,pulse_batch,y,,,,,-3,,6109,-351,-343,0,4,,9366868107798,
2026-08-18 00:05:37.483,pulse_batch,y,,,,,-3,,6112,-354,-346,0,4,,9366890496881,
2026-08-18 00:05:37.504,pulse_batch,y,,,,,-3,,6115,-357,-349,0,4,,9366910985955,
2026-08-18 00:05:37.525,pulse_batch,y,,,,,-3,,6118,-360,-352,0,4,,9366931587178,
2026-08-18 00:05:37.545,pulse_batch,y,,,,,-3,,6121,-363,-355,0,4,,9366952316880,
2026-08-18 00:05:37.566,pulse_batch,y,,,,,-3,,6124,-366,-358,0,4,,9366972841732,
2026-08-18 00:05:37.586,pulse_batch,y,,,,,-3,,6127,-369,-361,0,4,,9366993263770,
2026-08-18 00:05:37.608,pulse_batch,y,,,,,-3,,6130,-372,-364,0,4,,9367015529650,
2026-08-18 00:05:37.629,pulse_batch,y,,,,,-3,,6133,-375,-367,0,4,,9367036019410,
2026-08-18 00:05:37.649,pulse_batch,y,,,,,-3,,6136,-378,-370,0,4,,9367056422096,
2026-08-18 00:05:37.671,pulse_batch,y,,,,,-3,,6139,-381,-373,0,4,,9367078037313,
2026-08-18 00:05:37.691,pulse_batch,y,,,,,-3,,6142,-384,-376,0,4,,9367098609461,
2026-08-18 00:05:37.712,pulse_batch,y,,,,,-3,,6145,-387,-379,0,4,,9367119007443,
2026-08-18 00:05:37.734,pulse_batch,y,,,,,-3,,6148,-390,-382,0,4,,9367141399119,
2026-08-18 00:05:37.755,pulse_batch,y,,,,,-3,,6151,-393,-385,0,4,,9367161988767,
2026-08-18 00:05:37.775,pulse_batch,y,,,,,-3,,6154,-396,-388,0,4,,9367182392008,
2026-08-18 00:05:37.798,pulse_batch,y,,,,,-3,,6157,-399,-391,0,4,,9367204674295,
2026-08-18 00:05:37.818,pulse_batch,y,,,,,-3,,6160,-402,-394,0,4,,9367225272851,
2026-08-18 00:05:37.839,pulse_batch,y,,,,,-3,,6163,-405,-397,0,4,,9367245721185,
2026-08-18 00:05:37.860,pulse_batch,y,,,,,-3,,6166,-408,-400,0,4,,9367267308365,
2026-08-18 00:05:37.864,continuous_stop,y,,,,,,-1,6166,-408,-400,0,4,,9367270753883,
2026-08-18 00:05:38.266,continuous_start,y,,,,,,-1,6166,-408,-400,0,4,,9367672758398,
2026-08-18 00:05:38.269,pulse_batch,y,,,,,-1,,6167,-409,-401,0,4,,9367676381230,
2026-08-18 00:05:38.290,pulse_batch,y,,,,,-3,,6170,-412,-404,0,4,,9367696948397,
2026-08-18 00:05:38.310,pulse_batch,y,,,,,-3,,6173,-415,-407,0,4,,9367717360805,
2026-08-18 00:05:38.331,pulse_batch,y,,,,,-3,,6176,-418,-410,0,4,,9367738226563,
2026-08-18 00:05:38.334,continuous_stop,y,,,,,,-1,6176,-418,-410,0,4,,9367741654989,
2026-08-18 00:05:38.731,continuous_start,y,,,,,,-1,6176,-418,-410,0,4,,9368138175645,
2026-08-18 00:05:38.735,pulse_batch,y,,,,,-1,,6177,-419,-411,0,4,,9368141826384,
2026-08-18 00:05:38.755,pulse_batch,y,,,,,-3,,6180,-422,-414,0,4,,9368162392236,
2026-08-18 00:05:38.776,pulse_batch,y,,,,,-3,,6183,-425,-417,0,4,,9368182827607,
2026-08-18 00:05:38.797,pulse_batch,y,,,,,-3,,6186,-428,-420,0,4,,9368203996067,
2026-08-18 00:05:38.817,pulse_batch,y,,,,,-3,,6189,-431,-423,0,4,,9368224605252,
2026-08-18 00:05:38.838,pulse_batch,y,,,,,-3,,6192,-434,-426,0,4,,9368245051290,
2026-08-18 00:05:38.859,pulse_batch,y,,,,,-3,,6195,-437,-429,0,4,,9368265569716,
2026-08-18 00:05:38.869,pulse_batch,y,,,,,-1,,6196,-438,-430,0,4,,9368275877420,
2026-08-18 00:05:38.869,continuous_stop,y,,,,,,-1,6196,-438,-430,0,4,,9368276153178,
2026-08-18 00:05:40.132,continuous_start,x,,,,,,1,11559,479,405,77,77,,9369539586527,
2026-08-18 00:05:40.136,pulse_batch,x,,,,,1,,11560,480,406,77,77,,9369543278822,
2026-08-18 00:05:40.157,pulse_batch,x,,,,,3,,11563,483,409,77,77,,9369563818341,
2026-08-18 00:05:40.177,pulse_batch,x,,,,,3,,11566,486,412,77,77,,9369584220231,
2026-08-18 00:05:40.198,pulse_batch,x,,,,,3,,11569,489,415,77,77,,9369604837379,
2026-08-18 00:05:40.218,pulse_batch,x,,,,,3,,11572,492,418,77,77,,9369625393713,
2026-08-18 00:05:40.239,pulse_batch,x,,,,,3,,11575,495,421,77,77,,9369645824862,
2026-08-18 00:05:40.259,pulse_batch,x,,,,,3,,11578,498,424,77,77,,9369666302122,
2026-08-18 00:05:40.284,pulse_batch,x,,,,,3,,11581,501,427,77,77,,9369690996544,
2026-08-18 00:05:40.304,pulse_batch,x,,,,,3,,11584,504,430,77,77,,9369711432619,
2026-08-18 00:05:40.325,pulse_batch,x,,,,,3,,11587,507,433,77,77,,9369731951657,
2026-08-18 00:05:40.348,pulse_batch,x,,,,,3,,11590,510,436,77,77,,9369755581622,
2026-08-18 00:05:40.369,pulse_batch,x,,,,,3,,11593,513,439,77,77,,9369776035141,
2026-08-18 00:05:40.393,pulse_batch,x,,,,,3,,11596,516,442,77,77,,9369800245140,
2026-08-18 00:05:40.414,pulse_batch,x,,,,,3,,11599,519,445,77,77,,9369820950177,
2026-08-18 00:05:40.434,pulse_batch,x,,,,,3,,11602,522,448,77,77,,9369841405788,
2026-08-18 00:05:40.455,pulse_batch,x,,,,,3,,11605,525,451,77,77,,9369861825604,
2026-08-18 00:05:40.466,pulse_batch,x,,,,,1,,11606,526,452,77,77,,9369873506041,
2026-08-18 00:05:40.467,continuous_stop,x,,,,,,1,11606,526,452,77,77,,9369873824002,
2026-08-18 00:05:41.671,continuous_start,x,,,,,,-1,11606,526,452,77,77,,9371077682011,
2026-08-18 00:05:41.674,pulse_batch,x,,,,,-1,,11607,525,452,76,77,,9371081324955,
2026-08-18 00:05:41.695,pulse_batch,x,,,,,-3,,11610,522,452,73,77,,9371102102991,
2026-08-18 00:05:41.715,pulse_batch,x,,,,,-3,,11613,519,452,70,77,,9371122583065,
2026-08-18 00:05:41.737,pulse_batch,x,,,,,-3,,11616,516,452,67,77,,9371144121338,
2026-08-18 00:05:41.760,pulse_batch,x,,,,,-3,,11619,513,452,64,77,,9371166649550,
2026-08-18 00:05:41.780,pulse_batch,x,,,,,-3,,11622,510,452,61,77,,9371187130014,
2026-08-18 00:05:41.801,pulse_batch,x,,,,,-3,,11625,507,452,58,77,,9371208280863,
2026-08-18 00:05:41.823,pulse_batch,x,,,,,-3,,11628,504,452,55,77,,9371230259263,
2026-08-18 00:05:41.844,pulse_batch,x,,,,,-3,,11631,501,452,52,77,,9371250802930,
2026-08-18 00:05:41.866,pulse_batch,x,,,,,-3,,11634,498,452,49,77,,9371271319227,
2026-08-18 00:05:41.868,continuous_stop,x,,,,,,-1,11634,498,452,49,77,,9371275088206,
2026-08-18 00:05:42.270,continuous_start,x,,,,,,-1,11634,498,452,49,77,,9371677209058,
2026-08-18 00:05:42.274,pulse_batch,x,,,,,-1,,11635,497,452,48,77,,9371680868408,
2026-08-18 00:05:42.294,pulse_batch,x,,,,,-3,,11638,494,452,45,77,,9371701617630,
2026-08-18 00:05:42.315,pulse_batch,x,,,,,-3,,11641,491,452,42,77,,9371722081482,
2026-08-18 00:05:42.339,pulse_batch,x,,,,,-3,,11644,488,452,39,77,,9371745833391,
2026-08-18 00:05:42.360,pulse_batch,x,,,,,-3,,11647,485,452,36,77,,9371766962852,
2026-08-18 00:05:42.380,pulse_batch,x,,,,,-3,,11650,482,452,33,77,,9371787437241,
2026-08-18 00:05:42.402,pulse_batch,x,,,,,-3,,11653,479,452,30,77,,9371808721145,
2026-08-18 00:05:42.405,continuous_stop,x,,,,,,-1,11653,479,452,30,77,,9371812202386,
2026-08-18 00:05:42.802,continuous_start,x,,,,,,-1,11653,479,452,30,77,,9372209024173,
2026-08-18 00:05:42.806,pulse_batch,x,,,,,-1,,11654,478,452,29,77,,9372212772690,
2026-08-18 00:05:42.826,pulse_batch,x,,,,,-3,,11657,475,452,26,77,,9372233434764,
2026-08-18 00:05:42.847,pulse_batch,x,,,,,-3,,11660,472,452,23,77,,9372253841358,
2026-08-18 00:05:42.869,pulse_batch,x,,,,,-3,,11663,469,452,20,77,,9372275827869,
2026-08-18 00:05:42.872,continuous_stop,x,,,,,,-1,11663,469,452,20,77,,9372279243369,
2026-08-18 00:05:44.003,continuous_start,x,,,,,,1,11663,469,452,20,77,,9373409873501,
2026-08-18 00:05:44.006,pulse_batch,x,,,,,1,,11664,470,452,21,77,,9373413498463,
2026-08-18 00:05:44.029,pulse_batch,x,,,,,3,,11667,473,452,24,77,,9373436036638,
2026-08-18 00:05:44.049,pulse_batch,x,,,,,3,,11670,476,452,27,77,,9373456488139,
2026-08-18 00:05:44.070,pulse_batch,x,,,,,3,,11673,479,452,30,77,,9373477272545,
2026-08-18 00:05:44.094,pulse_batch,x,,,,,3,,11676,482,452,33,77,,9373500649864,
2026-08-18 00:05:44.114,pulse_batch,x,,,,,3,,11679,485,452,36,77,,9373521057736,
2026-08-18 00:05:44.137,pulse_batch,x,,,,,3,,11682,488,452,39,77,,9373543922686,
2026-08-18 00:05:44.157,pulse_batch,x,,,,,3,,11685,491,452,42,77,,9373564622131,
2026-08-18 00:05:44.178,pulse_batch,x,,,,,3,,11688,494,452,45,77,,9373585057076,
2026-08-18 00:05:44.200,pulse_batch,x,,,,,3,,11691,497,452,48,77,,9373607198975,
2026-08-18 00:05:44.221,pulse_batch,x,,,,,3,,11694,500,452,51,77,,9373627744624,
2026-08-18 00:05:44.241,pulse_batch,x,,,,,3,,11697,503,452,54,77,,9373648178329,
2026-08-18 00:05:44.262,pulse_batch,x,,,,,3,,11700,506,452,57,77,,9373668636385,
2026-08-18 00:05:44.274,pulse_batch,x,,,,,1,,11701,507,452,58,77,,9373680727524,
2026-08-18 00:05:44.274,continuous_stop,x,,,,,,1,11701,507,452,58,77,,9373681005374,
2026-08-18 00:05:44.603,continuous_start,x,,,,,,1,11701,507,452,58,77,,9374010592952,
2026-08-18 00:05:44.607,pulse_batch,x,,,,,1,,11702,508,452,59,77,,9374014278765,
2026-08-18 00:05:44.628,pulse_batch,x,,,,,3,,11705,511,452,62,77,,9374034788062,
2026-08-18 00:05:44.648,pulse_batch,x,,,,,3,,11708,514,452,65,77,,9374055191989,
2026-08-18 00:05:44.669,pulse_batch,x,,,,,3,,11711,517,452,68,77,,9374075756416,
2026-08-18 00:05:44.689,pulse_batch,x,,,,,3,,11714,520,452,71,77,,9374096297527,
2026-08-18 00:05:44.710,pulse_batch,x,,,,,3,,11717,523,452,74,77,,9374116750621,
2026-08-18 00:05:44.731,pulse_batch,x,,,,,3,,11720,526,452,77,77,,9374137734841,
2026-08-18 00:05:44.751,pulse_batch,x,,,,,3,,11723,529,455,77,77,,9374158499359,
2026-08-18 00:05:44.772,pulse_batch,x,,,,,3,,11726,532,458,77,77,,9374179008749,
2026-08-18 00:05:44.792,pulse_batch,x,,,,,3,,11729,535,461,77,77,,9374199439490,
2026-08-18 00:05:44.804,pulse_batch,x,,,,,1,,11730,536,462,77,77,,9374210909429,
2026-08-18 00:05:44.804,continuous_stop,x,,,,,,1,11730,536,462,77,77,,9374211200297,
2026-08-18 00:05:45.071,continuous_start,x,,,,,,1,11730,536,462,77,77,,9374478316582,
2026-08-18 00:05:45.075,pulse_batch,x,,,,,1,,11731,537,463,77,77,,9374481991451,
2026-08-18 00:05:45.095,pulse_batch,x,,,,,3,,11734,540,466,77,77,,9374502629284,
2026-08-18 00:05:45.116,pulse_batch,x,,,,,3,,11737,543,469,77,77,,9374523049063,
2026-08-18 00:05:45.138,pulse_batch,x,,,,,3,,11740,546,472,77,77,,9374544874538,
2026-08-18 00:05:45.158,pulse_batch,x,,,,,3,,11743,549,475,77,77,,9374565493001,
2026-08-18 00:05:45.179,pulse_batch,x,,,,,3,,11746,552,478,77,77,,9374585920188,
2026-08-18 00:05:45.199,pulse_batch,x,,,,,3,,11749,555,481,77,77,,9374606403281,
2026-08-18 00:05:45.220,pulse_batch,x,,,,,3,,11752,558,484,77,77,,9374626997207,
2026-08-18 00:05:45.240,pulse_batch,x,,,,,3,,11755,561,487,77,77,,9374647465301,
2026-08-18 00:05:45.261,pulse_batch,x,,,,,3,,11758,564,490,77,77,,9374667975357,
2026-08-18 00:05:45.282,pulse_batch,x,,,,,3,,11761,567,493,77,77,,9374689072318,
2026-08-18 00:05:45.302,pulse_batch,x,,,,,3,,11764,570,496,77,77,,9374709510912,
2026-08-18 00:05:45.323,pulse_batch,x,,,,,3,,11767,573,499,77,77,,9374729928079,
2026-08-18 00:05:45.336,pulse_batch,x,,,,,1,,11768,574,500,77,77,,9374742788844,
2026-08-18 00:05:45.336,continuous_stop,x,,,,,,1,11768,574,500,77,77,,9374743234712,
2026-08-18 00:05:46.272,continuous_start,x,,,,,,-1,11768,574,500,77,77,,9375678990232,
2026-08-18 00:05:46.275,pulse_batch,x,,,,,-1,,11769,573,500,76,77,,9375682567805,
2026-08-18 00:05:46.296,pulse_batch,x,,,,,-3,,11772,570,500,73,77,,9375703120231,
2026-08-18 00:05:46.316,pulse_batch,x,,,,,-3,,11775,567,500,70,77,,9375723538270,
2026-08-18 00:05:46.337,pulse_batch,x,,,,,-3,,11778,564,500,67,77,,9375744107567,
2026-08-18 00:05:46.357,pulse_batch,x,,,,,-3,,11781,561,500,64,77,,9375764600401,
2026-08-18 00:05:46.378,pulse_batch,x,,,,,-3,,11784,558,500,61,77,,9375785105346,
2026-08-18 00:05:46.398,pulse_batch,x,,,,,-3,,11787,555,500,58,77,,9375805574291,
2026-08-18 00:05:46.420,pulse_batch,x,,,,,-3,,11790,552,500,55,77,,9375826866195,
2026-08-18 00:05:46.440,pulse_batch,x,,,,,-3,,11793,549,500,52,77,,9375847312622,
2026-08-18 00:05:46.461,pulse_batch,x,,,,,-3,,11796,546,500,49,77,,9375867719531,
2026-08-18 00:05:46.483,pulse_batch,x,,,,,-3,,11799,543,500,46,77,,9375890100466,
2026-08-18 00:05:46.503,pulse_batch,x,,,,,-3,,11802,540,500,43,77,,9375910625745,
2026-08-18 00:05:46.524,pulse_batch,x,,,,,-3,,11805,537,500,40,77,,9375931022228,
2026-08-18 00:05:46.546,pulse_batch,x,,,,,-3,,11808,534,500,37,77,,9375952950980,
2026-08-18 00:05:46.566,pulse_batch,x,,,,,-3,,11811,531,500,34,77,,9375973631313,
2026-08-18 00:05:46.587,pulse_batch,x,,,,,-3,,11814,528,500,31,77,,9375994068000,
2026-08-18 00:05:46.608,pulse_batch,x,,,,,-3,,11817,525,500,28,77,,9376014711111,
2026-08-18 00:05:46.628,pulse_batch,x,,,,,-3,,11820,522,500,25,77,,9376035247778,
2026-08-18 00:05:46.649,pulse_batch,x,,,,,-3,,11823,519,500,22,77,,9376055689372,
2026-08-18 00:05:46.669,pulse_batch,x,,,,,-3,,11826,516,500,19,77,,9376076201021,
2026-08-18 00:05:46.673,continuous_stop,x,,,,,,-1,11826,516,500,19,77,,9376079724872,
2026-08-18 00:05:46.938,continuous_start,x,,,,,,-1,11826,516,500,19,77,,9376345357332,
2026-08-18 00:05:46.942,pulse_batch,x,,,,,-1,,11827,515,500,18,77,,9376349076923,
2026-08-18 00:05:46.962,pulse_batch,x,,,,,-3,,11830,512,500,15,77,,9376369632683,
2026-08-18 00:05:46.983,pulse_batch,x,,,,,-3,,11833,509,500,12,77,,9376390042221,
2026-08-18 00:05:47.004,pulse_batch,x,,,,,-3,,11836,506,500,9,77,,9376411102441,
2026-08-18 00:05:47.025,pulse_batch,x,,,,,-3,,11839,503,500,6,77,,9376431716349,
2026-08-18 00:05:47.045,pulse_batch,x,,,,,-3,,11842,500,500,3,77,,9376452178943,
2026-08-18 00:05:47.066,pulse_batch,x,,,,,-3,,11845,497,500,0,77,,9376472813924,
2026-08-18 00:05:47.087,pulse_batch,x,,,,,-3,,11848,494,497,0,77,,9376494055162,
2026-08-18 00:05:47.107,pulse_batch,x,,,,,-3,,11851,491,494,0,77,,9376514552552,
2026-08-18 00:05:47.128,pulse_batch,x,,,,,-3,,11854,488,491,0,77,,9376535100830,
2026-08-18 00:05:47.150,pulse_batch,x,,,,,-3,,11857,485,488,0,77,,9376557214841,
2026-08-18 00:05:47.171,pulse_batch,x,,,,,-3,,11860,482,485,0,77,,9376577670731,
2026-08-18 00:05:47.191,pulse_batch,x,,,,,-3,,11863,479,482,0,77,,9376598102621,
2026-08-18 00:05:47.213,pulse_batch,x,,,,,-3,,11866,476,479,0,77,,9376620279502,
2026-08-18 00:05:47.234,pulse_batch,x,,,,,-3,,11869,473,476,0,77,,9376640924946,
2026-08-18 00:05:47.254,pulse_batch,x,,,,,-3,,11872,470,473,0,77,,9376661319114,
2026-08-18 00:05:47.274,pulse_batch,x,,,,,-2,,11874,468,471,0,77,,9376681268803,
2026-08-18 00:05:47.274,continuous_stop,x,,,,,,-1,11874,468,471,0,77,,9376681493413,
2026-08-18 00:05:47.539,continuous_start,x,,,,,,-1,11874,468,471,0,77,,9376945998861,
2026-08-18 00:05:47.543,pulse_batch,x,,,,,-1,,11875,467,470,0,77,,9376949740545,
2026-08-18 00:05:47.563,pulse_batch,x,,,,,-3,,11878,464,467,0,77,,9376970281583,
2026-08-18 00:05:47.584,pulse_batch,x,,,,,-3,,11881,461,464,0,77,,9376990695195,
2026-08-18 00:05:47.604,pulse_batch,x,,,,,-3,,11884,458,461,0,77,,9377011301195,
2026-08-18 00:05:47.625,pulse_batch,x,,,,,-3,,11887,455,458,0,77,,9377031919585,
2026-08-18 00:05:47.645,pulse_batch,x,,,,,-3,,11890,452,455,0,77,,9377052361123,
2026-08-18 00:05:47.666,pulse_batch,x,,,,,-3,,11893,449,452,0,77,,9377073389362,
2026-08-18 00:05:47.688,pulse_batch,x,,,,,-3,,11896,446,449,0,77,,9377094633099,
2026-08-18 00:05:47.708,pulse_batch,x,,,,,-3,,11899,443,446,0,77,,9377115130526,
2026-08-18 00:05:47.728,pulse_batch,x,,,,,-3,,11902,440,443,0,77,,9377135580286,
2026-08-18 00:05:47.751,pulse_batch,x,,,,,-3,,11905,437,440,0,77,,9377158285627,
2026-08-18 00:05:47.772,pulse_batch,x,,,,,-3,,11908,434,437,0,77,,9377178993016,
2026-08-18 00:05:47.792,pulse_batch,x,,,,,-3,,11911,431,434,0,77,,9377199440999,
2026-08-18 00:05:47.810,pulse_batch,x,,,,,-2,,11913,429,432,0,77,,9377217291255,
2026-08-18 00:05:47.810,continuous_stop,x,,,,,,-1,11913,429,432,0,77,,9377217627716,
2026-08-18 00:05:48.209,continuous_start,x,,,,,,-1,11913,429,432,0,77,,9377615814464,
2026-08-18 00:05:48.212,pulse_batch,x,,,,,-1,,11914,428,431,0,77,,9377619537036,
2026-08-18 00:05:48.234,pulse_batch,x,,,,,-3,,11917,425,428,0,77,,9377640642812,
2026-08-18 00:05:48.254,pulse_batch,x,,,,,-3,,11920,422,425,0,77,,9377661125924,
2026-08-18 00:05:48.277,pulse_batch,x,,,,,-3,,11923,419,422,0,77,,9377683639562,
2026-08-18 00:05:48.297,pulse_batch,x,,,,,-3,,11926,416,419,0,77,,9377704294451,
2026-08-18 00:05:48.318,pulse_batch,x,,,,,-3,,11929,413,416,0,77,,9377724803045,
2026-08-18 00:05:48.340,pulse_batch,x,,,,,-3,,11932,410,413,0,77,,9377746788778,
2026-08-18 00:05:48.344,continuous_stop,x,,,,,,-1,11932,410,413,0,77,,9377750678517,
2026-08-18 00:05:48.744,continuous_start,x,,,,,,-1,11932,410,413,0,77,,9378150727589,
2026-08-18 00:05:48.747,pulse_batch,x,,,,,-1,,11933,409,412,0,77,,9378154366125,
2026-08-18 00:05:48.768,pulse_batch,x,,,,,-3,,11936,406,409,0,77,,9378175134587,
2026-08-18 00:05:48.788,pulse_batch,x,,,,,-3,,11939,403,406,0,77,,9378195600773,
2026-08-18 00:05:48.810,pulse_batch,x,,,,,-3,,11942,400,403,0,77,,9378217248083,
2026-08-18 00:05:48.814,continuous_stop,x,,,,,,-1,11942,400,403,0,77,,9378220692435,
2026-08-18 00:05:49.277,continuous_start,x,,,,,,-1,11942,400,403,0,77,,9378684354925,
2026-08-18 00:05:49.281,pulse_batch,x,,,,,-1,,11943,399,402,0,77,,9378688177293,
2026-08-18 00:05:49.302,pulse_batch,x,,,,,-3,,11946,396,399,0,77,,9378708730312,
2026-08-18 00:05:49.322,pulse_batch,x,,,,,-3,,11949,393,396,0,77,,9378729163721,
2026-08-18 00:05:49.345,pulse_batch,x,,,,,-3,,11952,390,393,0,77,,9378751887358,
2026-08-18 00:05:49.366,pulse_batch,x,,,,,-3,,11955,387,390,0,77,,9378773559242,
2026-08-18 00:05:49.387,pulse_batch,x,,,,,-3,,11958,384,387,0,77,,9378794072891,
2026-08-18 00:05:49.408,pulse_batch,x,,,,,-3,,11961,381,384,0,77,,9378814761928,
2026-08-18 00:05:49.411,continuous_stop,x,,,,,,-1,11961,381,384,0,77,,9378818335224,
2026-08-18 00:05:50.145,continuous_start,x,,,,,,-1,11961,381,384,0,77,,9379551967986,
2026-08-18 00:05:50.148,pulse_batch,x,,,,,-1,,11962,380,383,0,77,,9379555656948,
2026-08-18 00:05:50.169,pulse_batch,x,,,,,-3,,11965,377,380,0,77,,9379576220578,
2026-08-18 00:05:50.190,pulse_batch,x,,,,,-3,,11968,374,377,0,77,,9379596678857,
2026-08-18 00:05:50.211,pulse_batch,x,,,,,-3,,11971,371,374,0,77,,9379618199630,
2026-08-18 00:05:50.214,continuous_stop,x,,,,,,-1,11971,371,374,0,77,,9379621663815,
2026-08-18 00:05:52.472,point_saved,x,1,stored,,,,-1,,371,374,0,77,374,,
2026-08-18 00:05:52.472,point_saved,y,1,stored,,,,-1,,-438,-430,0,4,-430,,
2026-08-18 00:05:53.747,continuous_start,x,,,,,,-1,11971,371,374,0,77,,9383153912543,
2026-08-18 00:05:53.750,pulse_batch,x,,,,,-1,,11972,370,373,0,77,,9383157505857,
2026-08-18 00:05:53.771,pulse_batch,x,,,,,-3,,11975,367,370,0,77,,9383178098598,
2026-08-18 00:05:53.791,pulse_batch,x,,,,,-3,,11978,364,367,0,77,,9383198531970,
2026-08-18 00:05:53.813,pulse_batch,x,,,,,-3,,11981,361,364,0,77,,9383220189447,
2026-08-18 00:05:53.834,pulse_batch,x,,,,,-3,,11984,358,361,0,77,,9383240645337,
2026-08-18 00:05:53.854,pulse_batch,x,,,,,-3,,11987,355,358,0,77,,9383261080709,
2026-08-18 00:05:53.876,pulse_batch,x,,,,,-3,,11990,352,355,0,77,,9383282898907,
2026-08-18 00:05:53.899,pulse_batch,x,,,,,-3,,11993,349,352,0,77,,9383306443392,
2026-08-18 00:05:53.920,pulse_batch,x,,,,,-3,,11996,346,349,0,77,,9383326868671,
2026-08-18 00:05:53.940,pulse_batch,x,,,,,-3,,11999,343,346,0,77,,9383347368098,
2026-08-18 00:05:53.961,pulse_batch,x,,,,,-3,,12002,340,343,0,77,,9383368014061,
2026-08-18 00:05:53.981,pulse_batch,x,,,,,-3,,12005,337,340,0,77,,9383388451267,
2026-08-18 00:05:54.002,pulse_batch,x,,,,,-3,,12008,334,337,0,77,,9383409284581,
2026-08-18 00:05:54.024,pulse_batch,x,,,,,-3,,12011,331,334,0,77,,9383430959390,
2026-08-18 00:05:54.044,pulse_batch,x,,,,,-3,,12014,328,331,0,77,,9383451569650,
2026-08-18 00:05:54.065,pulse_batch,x,,,,,-3,,12017,325,328,0,77,,9383471989004,
2026-08-18 00:05:54.086,pulse_batch,x,,,,,-3,,12020,322,325,0,77,,9383493461870,
2026-08-18 00:05:54.107,pulse_batch,x,,,,,-3,,12023,319,322,0,77,,9383514192907,
2026-08-18 00:05:54.127,pulse_batch,x,,,,,-3,,12026,316,319,0,77,,9383534595835,
2026-08-18 00:05:54.150,pulse_batch,x,,,,,-3,,12029,313,316,0,77,,9383556749920,
2026-08-18 00:05:54.170,pulse_batch,x,,,,,-3,,12032,310,313,0,77,,9383577347772,
2026-08-18 00:05:54.191,pulse_batch,x,,,,,-3,,12035,307,310,0,77,,9383597740052,
2026-08-18 00:05:54.211,pulse_batch,x,,,,,-3,,12038,304,307,0,77,,9383618417793,
2026-08-18 00:05:54.232,pulse_batch,x,,,,,-3,,12041,301,304,0,77,,9383638988460,
2026-08-18 00:05:54.252,pulse_batch,x,,,,,-3,,12044,298,301,0,77,,9383659515498,
2026-08-18 00:05:54.273,pulse_batch,x,,,,,-3,,12047,295,298,0,77,,9383679995722,
2026-08-18 00:05:54.294,pulse_batch,x,,,,,-3,,12050,292,295,0,77,,9383700743388,
2026-08-18 00:05:54.314,pulse_batch,x,,,,,-3,,12053,289,292,0,77,,9383721296926,
2026-08-18 00:05:54.335,pulse_batch,x,,,,,-3,,12056,286,289,0,77,,9383741724169,
2026-08-18 00:05:54.355,pulse_batch,x,,,,,-3,,12059,283,286,0,77,,9383762432410,
2026-08-18 00:05:54.376,pulse_batch,x,,,,,-3,,12062,280,283,0,77,,9383782997818,
2026-08-18 00:05:54.396,pulse_batch,x,,,,,-3,,12065,277,280,0,77,,9383803388023,
2026-08-18 00:05:54.417,pulse_batch,x,,,,,-3,,12068,274,277,0,77,,9383824101227,
2026-08-18 00:05:54.438,pulse_batch,x,,,,,-3,,12071,271,274,0,77,,9383844784005,
2026-08-18 00:05:54.458,pulse_batch,x,,,,,-3,,12074,268,271,0,77,,9383865220507,
2026-08-18 00:05:54.480,pulse_batch,x,,,,,-3,,12077,265,268,0,77,,9383887103741,
2026-08-18 00:05:54.501,pulse_batch,x,,,,,-3,,12080,262,265,0,77,,9383907607687,
2026-08-18 00:05:54.521,pulse_batch,x,,,,,-3,,12083,259,262,0,77,,9383928099484,
2026-08-18 00:05:54.543,pulse_batch,x,,,,,-3,,12086,256,259,0,77,,9383950285514,
2026-08-18 00:05:54.564,pulse_batch,x,,,,,-3,,12089,253,256,0,77,,9383970853792,
2026-08-18 00:05:54.584,pulse_batch,x,,,,,-3,,12092,250,253,0,77,,9383991320349,
2026-08-18 00:05:54.605,pulse_batch,x,,,,,-3,,12095,247,250,0,77,,9384011774832,
2026-08-18 00:05:54.628,pulse_batch,x,,,,,-3,,12098,244,247,0,77,,9384035044318,
2026-08-18 00:05:54.648,pulse_batch,x,,,,,-3,,12101,241,244,0,77,,9384055475042,
2026-08-18 00:05:54.669,pulse_batch,x,,,,,-3,,12104,238,241,0,77,,9384075937025,
2026-08-18 00:05:54.690,pulse_batch,x,,,,,-3,,12107,235,238,0,77,,9384097514891,
2026-08-18 00:05:54.712,pulse_batch,x,,,,,-3,,12110,232,235,0,77,,9384118663092,
2026-08-18 00:05:54.732,pulse_batch,x,,,,,-3,,12113,229,232,0,77,,9384139122316,
2026-08-18 00:05:54.754,pulse_batch,x,,,,,-3,,12116,226,229,0,77,,9384160874588,
2026-08-18 00:05:54.774,pulse_batch,x,,,,,-3,,12119,223,226,0,77,,9384181451422,
2026-08-18 00:05:54.795,pulse_batch,x,,,,,-3,,12122,220,223,0,77,,9384201864831,
2026-08-18 00:05:54.817,pulse_batch,x,,,,,-3,,12125,217,220,0,77,,9384224062786,
2026-08-18 00:05:54.837,pulse_batch,x,,,,,-3,,12128,214,217,0,77,,9384244547528,
2026-08-18 00:05:54.858,pulse_batch,x,,,,,-3,,12131,211,214,0,77,,9384264973863,
2026-08-18 00:05:54.880,pulse_batch,x,,,,,-3,,12134,208,211,0,77,,9384287290466,
2026-08-18 00:05:54.901,pulse_batch,x,,,,,-3,,12137,205,208,0,77,,9384307912374,
2026-08-18 00:05:54.922,pulse_batch,x,,,,,-3,,12140,202,205,0,77,,9384328711855,
2026-08-18 00:05:54.943,pulse_batch,x,,,,,-3,,12143,199,202,0,77,,9384350169610,
2026-08-18 00:05:54.964,pulse_batch,x,,,,,-3,,12146,196,199,0,77,,9384370866870,
2026-08-18 00:05:54.984,pulse_batch,x,,,,,-3,,12149,193,196,0,77,,9384391303482,
2026-08-18 00:05:55.005,pulse_batch,x,,,,,-3,,12152,190,193,0,77,,9384411717040,
2026-08-18 00:05:55.027,pulse_batch,x,,,,,-3,,12155,187,190,0,77,,9384433675515,
2026-08-18 00:05:55.047,pulse_batch,x,,,,,-3,,12158,184,187,0,77,,9384454323959,
2026-08-18 00:05:55.068,pulse_batch,x,,,,,-3,,12161,181,184,0,77,,9384474732591,
2026-08-18 00:05:55.088,pulse_batch,x,,,,,-3,,12164,178,181,0,77,,9384495310555,
2026-08-18 00:05:55.109,pulse_batch,x,,,,,-3,,12167,175,178,0,77,,9384515841759,
2026-08-18 00:05:55.129,pulse_batch,x,,,,,-3,,12170,172,175,0,77,,9384536268409,
2026-08-18 00:05:55.151,pulse_batch,x,,,,,-3,,12173,169,172,0,77,,9384558051922,
2026-08-18 00:05:55.172,pulse_batch,x,,,,,-3,,12176,166,169,0,77,,9384578701089,
2026-08-18 00:05:55.192,pulse_batch,x,,,,,-3,,12179,163,166,0,77,,9384599159998,
2026-08-18 00:05:55.215,pulse_batch,x,,,,,-3,,12182,160,163,0,77,,9384622127245,
2026-08-18 00:05:55.236,pulse_batch,x,,,,,-3,,12185,157,160,0,77,,9384642673265,
2026-08-18 00:05:55.256,pulse_batch,x,,,,,-3,,12188,154,157,0,77,,9384663109896,
2026-08-18 00:05:55.277,pulse_batch,x,,,,,-3,,12191,151,154,0,77,,9384684284671,
2026-08-18 00:05:55.298,pulse_batch,x,,,,,-3,,12194,148,151,0,77,,9384704844061,
2026-08-18 00:05:55.318,pulse_batch,x,,,,,-3,,12197,145,148,0,77,,9384725288341,
2026-08-18 00:05:55.339,pulse_batch,x,,,,,-3,,12200,142,145,0,77,,9384745727176,
2026-08-18 00:05:55.360,pulse_batch,x,,,,,-3,,12203,139,142,0,77,,9384766617860,
2026-08-18 00:05:55.380,pulse_batch,x,,,,,-3,,12206,136,139,0,77,,9384787034806,
2026-08-18 00:05:55.400,pulse_batch,x,,,,,-3,,12209,133,136,0,77,,9384807440771,
2026-08-18 00:05:55.422,pulse_batch,x,,,,,-3,,12212,130,133,0,77,,9384829020451,
2026-08-18 00:05:55.442,pulse_batch,x,,,,,-3,,12215,127,130,0,77,,9384849622434,
2026-08-18 00:05:55.463,pulse_batch,x,,,,,-3,,12218,124,127,0,77,,9384870012565,
2026-08-18 00:05:55.485,pulse_batch,x,,,,,-3,,12221,121,124,0,77,,9384891699430,
2026-08-18 00:05:55.505,pulse_batch,x,,,,,-3,,12224,118,121,0,77,,9384912199691,
2026-08-18 00:05:55.525,pulse_batch,x,,,,,-3,,12227,115,118,0,77,,9384932633970,
2026-08-18 00:05:55.548,pulse_batch,x,,,,,-3,,12230,112,115,0,77,,9384955014054,
2026-08-18 00:05:55.568,pulse_batch,x,,,,,-3,,12233,109,112,0,77,,9384975619499,
2026-08-18 00:05:55.589,pulse_batch,x,,,,,-3,,12236,106,109,0,77,,9384996073260,
2026-08-18 00:05:55.611,pulse_batch,x,,,,,-3,,12239,103,106,0,77,,9385017982661,
2026-08-18 00:05:55.631,pulse_batch,x,,,,,-3,,12242,100,103,0,77,,9385038589680,
2026-08-18 00:05:55.652,pulse_batch,x,,,,,-3,,12245,97,100,0,77,,9385059011441,
2026-08-18 00:05:55.672,pulse_batch,x,,,,,-3,,12248,94,97,0,77,,9385079437443,
2026-08-18 00:05:55.695,pulse_batch,x,,,,,-3,,12251,91,94,0,77,,9385101761268,
2026-08-18 00:05:55.715,pulse_batch,x,,,,,-3,,12254,88,91,0,77,,9385122277676,
2026-08-18 00:05:55.736,pulse_batch,x,,,,,-3,,12257,85,88,0,77,,9385142758844,
2026-08-18 00:05:55.756,pulse_batch,x,,,,,-3,,12260,82,85,0,77,,9385163339567,
2026-08-18 00:05:55.777,pulse_batch,x,,,,,-3,,12263,79,82,0,77,,9385183895531,
2026-08-18 00:05:55.797,pulse_batch,x,,,,,-3,,12266,76,79,0,77,,9385204292033,
2026-08-18 00:05:55.818,pulse_batch,x,,,,,-3,,12269,73,76,0,77,,9385225189143,
2026-08-18 00:05:55.839,pulse_batch,x,,,,,-3,,12272,70,73,0,77,,9385245911180,
2026-08-18 00:05:55.859,pulse_batch,x,,,,,-3,,12275,67,70,0,77,,9385266350497,
2026-08-18 00:05:55.883,pulse_batch,x,,,,,-3,,12278,64,67,0,77,,9385290133888,
2026-08-18 00:05:55.906,pulse_batch,x,,,,,-3,,12281,61,64,0,77,,9385313225671,
2026-08-18 00:05:55.926,pulse_batch,x,,,,,-3,,12284,58,61,0,77,,9385333641525,
2026-08-18 00:05:55.948,pulse_batch,x,,,,,-3,,12287,55,58,0,77,,9385355228113,
2026-08-18 00:05:55.969,pulse_batch,x,,,,,-3,,12290,52,55,0,77,,9385375797892,
2026-08-18 00:05:55.989,pulse_batch,x,,,,,-3,,12293,49,52,0,77,,9385396225560,
2026-08-18 00:05:56.011,pulse_batch,x,,,,,-3,,12296,46,49,0,77,,9385416713969,
2026-08-18 00:05:56.030,pulse_batch,x,,,,,-3,,12299,43,46,0,77,,9385437432543,
2026-08-18 00:05:56.051,pulse_batch,x,,,,,-3,,12302,40,43,0,77,,9385457920748,
2026-08-18 00:05:56.071,pulse_batch,x,,,,,-3,,12305,37,40,0,77,,9385478365990,
2026-08-18 00:05:56.092,pulse_batch,x,,,,,-3,,12308,34,37,0,77,,9385499001861,
2026-08-18 00:05:56.112,pulse_batch,x,,,,,-3,,12311,31,34,0,77,,9385519474696,
2026-08-18 00:05:56.133,pulse_batch,x,,,,,-3,,12314,28,31,0,77,,9385539877994,
2026-08-18 00:05:56.155,pulse_batch,x,,,,,-3,,12317,25,28,0,77,,9385562237652,
2026-08-18 00:05:56.176,pulse_batch,x,,,,,-3,,12320,22,25,0,77,,9385582897838,
2026-08-18 00:05:56.196,pulse_batch,x,,,,,-3,,12323,19,22,0,77,,9385603290562,
2026-08-18 00:05:56.219,pulse_batch,x,,,,,-3,,12326,16,19,0,77,,9385625646923,
2026-08-18 00:05:56.239,pulse_batch,x,,,,,-3,,12329,13,16,0,77,,9385646440590,
2026-08-18 00:05:56.260,pulse_batch,x,,,,,-3,,12332,10,13,0,77,,9385666829536,
2026-08-18 00:05:56.282,pulse_batch,x,,,,,-3,,12335,7,10,0,77,,9385689495804,
2026-08-18 00:05:56.303,pulse_batch,x,,,,,-3,,12338,4,7,0,77,,9385710036657,
2026-08-18 00:05:56.323,pulse_batch,x,,,,,-3,,12341,1,4,0,77,,9385730529047,
2026-08-18 00:05:56.346,pulse_batch,x,,,,,-3,,12344,-2,1,0,77,,9385752978834,
2026-08-18 00:05:56.367,pulse_batch,x,,,,,-3,,12347,-5,-2,0,77,,9385774379775,
2026-08-18 00:05:56.388,pulse_batch,x,,,,,-3,,12350,-8,-5,0,77,,9385794831128,
2026-08-18 00:05:56.408,pulse_batch,x,,,,,-3,,12353,-11,-8,0,77,,9385815311741,
2026-08-18 00:05:56.429,pulse_batch,x,,,,,-3,,12356,-14,-11,0,77,,9385836498035,
2026-08-18 00:05:56.450,pulse_batch,x,,,,,-3,,12359,-17,-14,0,77,,9385856997999,
2026-08-18 00:05:56.470,pulse_batch,x,,,,,-3,,12362,-20,-17,0,77,,9385877444963,
2026-08-18 00:05:56.493,pulse_batch,x,,,,,-3,,12365,-23,-20,0,77,,9385900356359,
2026-08-18 00:05:56.515,pulse_batch,x,,,,,-3,,12368,-26,-23,0,77,,9385922334964,
2026-08-18 00:05:56.536,pulse_batch,x,,,,,-3,,12371,-29,-26,0,77,,9385942748114,
2026-08-18 00:05:56.556,pulse_batch,x,,,,,-3,,12374,-32,-29,0,77,,9385963320726,
2026-08-18 00:05:56.577,pulse_batch,x,,,,,-3,,12377,-35,-32,0,77,,9385983912745,
2026-08-18 00:05:56.597,pulse_batch,x,,,,,-3,,12380,-38,-35,0,77,,9386004313358,
2026-08-18 00:05:56.619,pulse_batch,x,,,,,-3,,12383,-41,-38,0,77,,9386025946779,
2026-08-18 00:05:56.640,pulse_batch,x,,,,,-3,,12386,-44,-41,0,77,,9386046619872,
2026-08-18 00:05:56.660,pulse_batch,x,,,,,-3,,12389,-47,-44,0,77,,9386067061281,
2026-08-18 00:05:56.683,pulse_batch,x,,,,,-3,,12392,-50,-47,0,77,,9386089920973,
2026-08-18 00:05:56.686,continuous_stop,x,,,,,,-1,12392,-50,-47,0,77,,9386093345640,
2026-08-18 00:05:57.149,continuous_start,x,,,,,,-1,12392,-50,-47,0,77,,9386555607831,
2026-08-18 00:05:57.152,pulse_batch,x,,,,,-1,,12393,-51,-48,0,77,,9386559299830,
2026-08-18 00:05:57.173,pulse_batch,x,,,,,-3,,12396,-54,-51,0,77,,9386579832201,
2026-08-18 00:05:57.193,pulse_batch,x,,,,,-3,,12399,-57,-54,0,77,,9386600252870,
2026-08-18 00:05:57.214,pulse_batch,x,,,,,-3,,12402,-60,-57,0,77,,9386621092425,
2026-08-18 00:05:57.234,pulse_batch,x,,,,,-3,,12405,-63,-60,0,77,,9386641601019,
2026-08-18 00:05:57.255,pulse_batch,x,,,,,-3,,12408,-66,-63,0,77,,9386662141501,
2026-08-18 00:05:57.276,pulse_batch,x,,,,,-3,,12411,-69,-66,0,77,,9386682939834,
2026-08-18 00:05:57.287,pulse_batch,x,,,,,-1,,12412,-70,-67,0,77,,9386693964386,
2026-08-18 00:05:57.287,continuous_stop,x,,,,,,-1,12412,-70,-67,0,77,,9386694253200,
2026-08-18 00:05:59.280,point_saved,x,2,stored,,,,-1,,-70,-67,0,77,-67,,
2026-08-18 00:05:59.280,point_saved,y,2,stored,,,,-1,,-438,-430,0,4,-430,,
2026-08-18 00:06:00.351,continuous_start,y,,,,,,-1,6196,-438,-430,0,4,,9389758587652,
2026-08-18 00:06:00.355,pulse_batch,y,,,,,-1,,6197,-439,-431,0,4,,9389762236077,
2026-08-18 00:06:00.376,pulse_batch,y,,,,,-3,,6200,-442,-434,0,4,,9389782824430,
2026-08-18 00:06:00.396,pulse_batch,y,,,,,-3,,6203,-445,-437,0,4,,9389803250654,
2026-08-18 00:06:00.417,pulse_batch,y,,,,,-3,,6206,-448,-440,0,4,,9389823851044,
2026-08-18 00:06:00.437,pulse_batch,y,,,,,-3,,6209,-451,-443,0,4,,9389844404805,
2026-08-18 00:06:00.458,pulse_batch,y,,,,,-3,,6212,-454,-446,0,4,,9389864912547,
2026-08-18 00:06:00.478,pulse_batch,y,,,,,-3,,6215,-457,-449,0,4,,9389885553492,
2026-08-18 00:06:00.500,pulse_batch,y,,,,,-3,,6218,-460,-452,0,4,,9389907313839,
2026-08-18 00:06:00.521,pulse_batch,y,,,,,-3,,6221,-463,-455,0,4,,9389927847155,
2026-08-18 00:06:00.541,pulse_batch,y,,,,,-3,,6224,-466,-458,0,4,,9389948514285,
2026-08-18 00:06:00.563,pulse_batch,y,,,,,-3,,6227,-469,-461,0,4,,9389970237261,
2026-08-18 00:06:00.584,pulse_batch,y,,,,,-3,,6230,-472,-464,0,4,,9389990696152,
2026-08-18 00:06:00.604,pulse_batch,y,,,,,-3,,6233,-475,-467,0,4,,9390011086173,
2026-08-18 00:06:00.627,pulse_batch,y,,,,,-3,,6236,-478,-470,0,4,,9390034191623,
2026-08-18 00:06:00.650,pulse_batch,y,,,,,-3,,6239,-481,-473,0,4,,9390057299425,
2026-08-18 00:06:00.671,pulse_batch,y,,,,,-3,,6242,-484,-476,0,4,,9390077694187,
2026-08-18 00:06:00.693,pulse_batch,y,,,,,-3,,6245,-487,-479,0,4,,9390099990364,
2026-08-18 00:06:00.714,pulse_batch,y,,,,,-3,,6248,-490,-482,0,4,,9390120764049,
2026-08-18 00:06:00.734,pulse_batch,y,,,,,-3,,6251,-493,-485,0,4,,9390141166551,
2026-08-18 00:06:00.757,pulse_batch,y,,,,,-3,,6254,-496,-488,0,4,,9390163977670,
2026-08-18 00:06:00.777,pulse_batch,y,,,,,-3,,6257,-499,-491,0,4,,9390184512375,
2026-08-18 00:06:00.798,pulse_batch,y,,,,,-3,,6260,-502,-494,0,4,,9390204923969,
2026-08-18 00:06:00.819,pulse_batch,y,,,,,-3,,6263,-505,-497,0,4,,9390226525613,
2026-08-18 00:06:00.840,pulse_batch,y,,,,,-3,,6266,-508,-500,0,4,,9390247132873,
2026-08-18 00:06:00.860,pulse_batch,y,,,,,-3,,6269,-511,-503,0,4,,9390267581523,
2026-08-18 00:06:00.882,pulse_batch,y,,,,,-3,,6272,-514,-506,0,4,,9390289559331,
2026-08-18 00:06:00.903,pulse_batch,y,,,,,-3,,6275,-517,-509,0,4,,9390310164999,
2026-08-18 00:06:00.924,pulse_batch,y,,,,,-3,,6278,-520,-512,0,4,,9390330688260,
2026-08-18 00:06:00.944,pulse_batch,y,,,,,-3,,6281,-523,-515,0,4,,9390351204483,
2026-08-18 00:06:00.965,pulse_batch,y,,,,,-3,,6284,-526,-518,0,4,,9390371961317,
2026-08-18 00:06:00.985,pulse_batch,y,,,,,-3,,6287,-529,-521,0,4,,9390392434966,
2026-08-18 00:06:01.006,pulse_batch,y,,,,,-3,,6290,-532,-524,0,4,,9390413050727,
2026-08-18 00:06:01.027,pulse_batch,y,,,,,-3,,6293,-535,-527,0,4,,9390433948985,
2026-08-18 00:06:01.047,pulse_batch,y,,,,,-3,,6296,-538,-530,0,4,,9390454459153,
2026-08-18 00:06:01.068,pulse_batch,y,,,,,-3,,6299,-541,-533,0,4,,9390474898785,
2026-08-18 00:06:01.091,pulse_batch,y,,,,,-3,,6302,-544,-536,0,4,,9390497686237,
2026-08-18 00:06:01.111,pulse_batch,y,,,,,-3,,6305,-547,-539,0,4,,9390518204720,
2026-08-18 00:06:01.132,pulse_batch,y,,,,,-3,,6308,-550,-542,0,4,,9390538660592,
2026-08-18 00:06:01.153,pulse_batch,y,,,,,-3,,6311,-553,-545,0,4,,9390560105496,
2026-08-18 00:06:01.173,pulse_batch,y,,,,,-3,,6314,-556,-548,0,4,,9390580623849,
2026-08-18 00:06:01.194,pulse_batch,y,,,,,-3,,6317,-559,-551,0,4,,9390601069629,
2026-08-18 00:06:01.216,pulse_batch,y,,,,,-3,,6320,-562,-554,0,4,,9390623448065,
2026-08-18 00:06:01.237,pulse_batch,y,,,,,-3,,6323,-565,-557,0,4,,9390644046047,
2026-08-18 00:06:01.257,pulse_batch,y,,,,,-3,,6326,-568,-560,0,4,,9390664485327,
2026-08-18 00:06:01.278,pulse_batch,y,,,,,-3,,6329,-571,-563,0,4,,9390684987088,
2026-08-18 00:06:01.304,pulse_batch,y,,,,,-3,,6332,-574,-566,0,4,,9390710953282,
2026-08-18 00:06:01.324,pulse_batch,y,,,,,-3,,6335,-577,-569,0,4,,9390731441265,
2026-08-18 00:06:01.345,pulse_batch,y,,,,,-3,,6338,-580,-572,0,4,,9390751968193,
2026-08-18 00:06:01.367,pulse_batch,y,,,,,-3,,6341,-583,-575,0,4,,9390774240074,
2026-08-18 00:06:01.388,pulse_batch,y,,,,,-3,,6344,-586,-578,0,4,,9390794678594,
2026-08-18 00:06:01.408,pulse_batch,y,,,,,-3,,6347,-589,-581,0,4,,9390815094096,
2026-08-18 00:06:01.430,pulse_batch,y,,,,,-3,,6350,-592,-584,0,4,,9390837352662,
2026-08-18 00:06:01.451,pulse_batch,y,,,,,-3,,6353,-595,-587,0,4,,9390857829627,
2026-08-18 00:06:01.471,pulse_batch,y,,,,,-3,,6356,-598,-590,0,4,,9390878235518,
2026-08-18 00:06:01.494,pulse_batch,y,,,,,-3,,6359,-601,-593,0,4,,9390900755786,
2026-08-18 00:06:01.514,pulse_batch,y,,,,,-3,,6362,-604,-596,0,4,,9390921244047,
2026-08-18 00:06:01.535,pulse_batch,y,,,,,-3,,6365,-607,-599,0,4,,9390941687901,
2026-08-18 00:06:01.557,pulse_batch,y,,,,,-3,,6368,-610,-602,0,4,,9390963853986,
2026-08-18 00:06:01.577,pulse_batch,y,,,,,-3,,6371,-613,-605,0,4,,9390984551857,
2026-08-18 00:06:01.598,pulse_batch,y,,,,,-3,,6374,-616,-608,0,4,,9391004966618,
2026-08-18 00:06:01.620,pulse_batch,y,,,,,-3,,6377,-619,-611,0,4,,9391027037204,
2026-08-18 00:06:01.643,pulse_batch,y,,,,,-3,,6380,-622,-614,0,4,,9391049795915,
2026-08-18 00:06:01.663,pulse_batch,y,,,,,-3,,6383,-625,-617,0,4,,9391070225102,
2026-08-18 00:06:01.684,pulse_batch,y,,,,,-3,,6386,-628,-620,0,4,,9391091422248,
2026-08-18 00:06:01.688,continuous_stop,y,,,,,,-1,6386,-628,-620,0,4,,9391094835341,
2026-08-18 00:06:01.954,continuous_start,y,,,,,,-1,6386,-628,-620,0,4,,9391360836827,
2026-08-18 00:06:01.957,pulse_batch,y,,,,,-1,,6387,-629,-621,0,4,,9391364485604,
2026-08-18 00:06:01.978,pulse_batch,y,,,,,-3,,6390,-632,-624,0,4,,9391385130067,
2026-08-18 00:06:01.998,pulse_batch,y,,,,,-3,,6393,-635,-627,0,4,,9391405566754,
2026-08-18 00:06:02.020,pulse_batch,y,,,,,-3,,6396,-638,-630,0,4,,9391427420026,
2026-08-18 00:06:02.041,pulse_batch,y,,,,,-3,,6399,-641,-633,0,4,,9391448100916,
2026-08-18 00:06:02.061,pulse_batch,y,,,,,-3,,6402,-644,-636,0,4,,9391468549659,
2026-08-18 00:06:02.083,pulse_batch,y,,,,,-3,,6405,-647,-639,0,4,,9391490206784,
2026-08-18 00:06:02.087,continuous_stop,y,,,,,,-1,6405,-647,-639,0,4,,9391493688024,
2026-08-18 00:06:02.554,continuous_start,y,,,,,,-1,6405,-647,-639,0,4,,9391961033564,
2026-08-18 00:06:02.558,pulse_batch,y,,,,,-1,,6406,-648,-640,0,4,,9391964714711,
2026-08-18 00:06:02.578,pulse_batch,y,,,,,-3,,6409,-651,-643,0,4,,9391985345101,
2026-08-18 00:06:02.599,pulse_batch,y,,,,,-3,,6412,-654,-646,0,4,,9392005748862,
2026-08-18 00:06:02.621,pulse_batch,y,,,,,-3,,6415,-657,-649,0,4,,9392027958836,
2026-08-18 00:06:02.643,pulse_batch,y,,,,,-3,,6418,-660,-652,0,4,,9392049741960,
2026-08-18 00:06:02.663,pulse_batch,y,,,,,-3,,6421,-663,-655,0,4,,9392070193777,
2026-08-18 00:06:02.684,pulse_batch,y,,,,,-3,,6424,-666,-658,0,4,,9392091022943,
2026-08-18 00:06:02.687,continuous_stop,y,,,,,,-1,6424,-666,-658,0,4,,9392094542980,
2026-08-18 00:06:03.822,continuous_start,x,,,,,,1,12412,-70,-67,0,77,,9393228982420,
2026-08-18 00:06:03.826,pulse_batch,x,,,,,1,,12413,-69,-67,1,77,,9393232717641,
2026-08-18 00:06:03.846,pulse_batch,x,,,,,3,,12416,-66,-67,4,77,,9393253332698,
2026-08-18 00:06:03.867,pulse_batch,x,,,,,3,,12419,-63,-67,7,77,,9393273775681,
2026-08-18 00:06:03.889,pulse_batch,x,,,,,3,,12422,-60,-67,10,77,,9393296167450,
2026-08-18 00:06:03.910,pulse_batch,x,,,,,3,,12425,-57,-67,13,77,,9393316745674,
2026-08-18 00:06:03.930,pulse_batch,x,,,,,3,,12428,-54,-67,16,77,,9393337249342,
2026-08-18 00:06:03.953,pulse_batch,x,,,,,3,,12431,-51,-67,19,77,,9393360326941,
2026-08-18 00:06:03.957,continuous_stop,x,,,,,,1,12431,-51,-67,19,77,,9393363783978,
2026-08-18 00:06:04.422,continuous_start,x,,,,,,1,12431,-51,-67,19,77,,9393829219178,
2026-08-18 00:06:04.426,pulse_batch,x,,,,,1,,12432,-50,-67,20,77,,9393832883992,
2026-08-18 00:06:04.447,pulse_batch,x,,,,,3,,12435,-47,-67,23,77,,9393853678677,
2026-08-18 00:06:04.467,pulse_batch,x,,,,,3,,12438,-44,-67,26,77,,9393874190105,
2026-08-18 00:06:04.488,pulse_batch,x,,,,,3,,12441,-41,-67,29,77,,9393895515287,
2026-08-18 00:06:04.492,continuous_stop,x,,,,,,1,12441,-41,-67,29,77,,9393899427859,
2026-08-18 00:06:04.956,continuous_start,x,,,,,,1,12441,-41,-67,29,77,,9394362832718,
2026-08-18 00:06:04.959,pulse_batch,x,,,,,1,,12442,-40,-67,30,77,,9394366471402,
2026-08-18 00:06:04.980,pulse_batch,x,,,,,3,,12445,-37,-67,33,77,,9394387079033,
2026-08-18 00:06:05.000,pulse_batch,x,,,,,3,,12448,-34,-67,36,77,,9394407477980,
2026-08-18 00:06:05.023,pulse_batch,x,,,,,3,,12451,-31,-67,39,77,,9394429786250,
2026-08-18 00:06:05.026,continuous_stop,x,,,,,,1,12451,-31,-67,39,77,,9394433213305,
2026-08-18 00:06:05.491,continuous_start,x,,,,,,1,12451,-31,-67,39,77,,9394898090250,
2026-08-18 00:06:05.495,pulse_batch,x,,,,,1,,12452,-30,-67,40,77,,9394901782583,
2026-08-18 00:06:05.517,pulse_batch,x,,,,,3,,12455,-27,-67,43,77,,9394923857743,
2026-08-18 00:06:05.537,pulse_batch,x,,,,,3,,12458,-24,-67,46,77,,9394944290596,
2026-08-18 00:06:05.555,pulse_batch,x,,,,,2,,12460,-22,-67,48,77,,9394961933132,
2026-08-18 00:06:05.555,continuous_stop,x,,,,,,1,12460,-22,-67,48,77,,9394962401241,
2026-08-18 00:06:06.091,continuous_start,x,,,,,,1,12460,-22,-67,48,77,,9395498451287,
2026-08-18 00:06:06.095,pulse_batch,x,,,,,1,,12461,-21,-67,49,77,,9395502254397,
2026-08-18 00:06:06.116,pulse_batch,x,,,,,3,,12464,-18,-67,52,77,,9395522973249,
2026-08-18 00:06:06.136,pulse_batch,x,,,,,3,,12467,-15,-67,55,77,,9395543401344,
2026-08-18 00:06:06.158,pulse_batch,x,,,,,3,,12470,-12,-67,58,77,,9395564876303,
2026-08-18 00:06:06.161,continuous_stop,x,,,,,,1,12470,-12,-67,58,77,,9395568266267,
2026-08-18 00:06:06.624,continuous_start,x,,,,,,1,12470,-12,-67,58,77,,9396031368111,
2026-08-18 00:06:06.628,pulse_batch,x,,,,,1,,12471,-11,-67,59,77,,9396034979259,
2026-08-18 00:06:06.650,pulse_batch,x,,,,,3,,12474,-8,-67,62,77,,9396057234307,
2026-08-18 00:06:06.670,pulse_batch,x,,,,,3,,12477,-5,-67,65,77,,9396077645049,
2026-08-18 00:06:06.691,pulse_batch,x,,,,,3,,12480,-2,-67,68,77,,9396098267014,
2026-08-18 00:06:06.695,continuous_stop,x,,,,,,1,12480,-2,-67,68,77,,9396101701829,
2026-08-18 00:06:07.224,continuous_start,x,,,,,,1,12480,-2,-67,68,77,,9396631540540,
2026-08-18 00:06:07.228,pulse_batch,x,,,,,1,,12481,-1,-67,69,77,,9396635131595,
2026-08-18 00:06:07.248,pulse_batch,x,,,,,3,,12484,2,-67,72,77,,9396655653874,
2026-08-18 00:06:07.269,pulse_batch,x,,,,,3,,12487,5,-67,75,77,,9396676077191,
2026-08-18 00:06:07.290,pulse_batch,x,,,,,3,,12490,8,-66,77,77,,9396696654859,
2026-08-18 00:06:07.293,continuous_stop,x,,,,,,1,12490,8,-66,77,77,,9396700165026,
2026-08-18 00:06:07.825,continuous_start,x,,,,,,1,12490,8,-66,77,77,,9397232062078,
2026-08-18 00:06:07.828,pulse_batch,x,,,,,1,,12491,9,-65,77,77,,9397235650152,
2026-08-18 00:06:07.849,pulse_batch,x,,,,,3,,12494,12,-62,77,77,,9397256175616,
2026-08-18 00:06:07.869,pulse_batch,x,,,,,3,,12497,15,-59,77,77,,9397276597285,
2026-08-18 00:06:07.890,pulse_batch,x,,,,,3,,12500,18,-56,77,77,,9397297241008,
2026-08-18 00:06:07.894,continuous_stop,x,,,,,,1,12500,18,-56,77,77,,9397300683897,
2026-08-18 00:06:08.426,continuous_start,x,,,,,,1,12500,18,-56,77,77,,9397833553927,
2026-08-18 00:06:08.430,pulse_batch,x,,,,,1,,12501,19,-55,77,77,,9397837193389,
2026-08-18 00:06:08.451,pulse_batch,x,,,,,3,,12504,22,-52,77,77,,9397857776835,
2026-08-18 00:06:08.471,pulse_batch,x,,,,,3,,12507,25,-49,77,77,,9397878171134,
2026-08-18 00:06:08.493,pulse_batch,x,,,,,3,,12510,28,-46,77,77,,9397900302497,
2026-08-18 00:06:08.497,continuous_stop,x,,,,,,1,12510,28,-46,77,77,,9397903724646,
2026-08-18 00:06:08.960,continuous_start,x,,,,,,1,12510,28,-46,77,77,,9398366658049,
2026-08-18 00:06:08.963,pulse_batch,x,,,,,1,,12511,29,-45,77,77,,9398370401733,
2026-08-18 00:06:08.984,pulse_batch,x,,,,,3,,12514,32,-42,77,77,,9398390947919,
2026-08-18 00:06:09.004,pulse_batch,x,,,,,3,,12517,35,-39,77,77,,9398411367533,
2026-08-18 00:06:09.027,pulse_batch,x,,,,,3,,12520,38,-36,77,77,,9398433831024,
2026-08-18 00:06:09.030,continuous_stop,x,,,,,,1,12520,38,-36,77,77,,9398437237487,
2026-08-18 00:06:09.494,continuous_start,x,,,,,,1,12520,38,-36,77,77,,9398901073035,
2026-08-18 00:06:09.498,pulse_batch,x,,,,,1,,12521,39,-35,77,77,,9398904747960,
2026-08-18 00:06:09.520,pulse_batch,x,,,,,3,,12524,42,-32,77,77,,9398926841601,
2026-08-18 00:06:09.540,pulse_batch,x,,,,,3,,12527,45,-29,77,77,,9398947261566,
2026-08-18 00:06:09.561,pulse_batch,x,,,,,3,,12530,48,-26,77,77,,9398967895808,
2026-08-18 00:06:09.564,continuous_stop,x,,,,,,1,12530,48,-26,77,77,,9398971310290,
2026-08-18 00:06:10.031,continuous_start,x,,,,,,1,12530,48,-26,77,77,,9399438376413,
2026-08-18 00:06:10.035,pulse_batch,x,,,,,1,,12531,49,-25,77,77,,9399442078449,
2026-08-18 00:06:10.056,pulse_batch,x,,,,,3,,12534,52,-22,77,77,,9399462943967,
2026-08-18 00:06:10.076,pulse_batch,x,,,,,3,,12537,55,-19,77,77,,9399483410099,
2026-08-18 00:06:10.094,pulse_batch,x,,,,,2,,12539,57,-17,77,77,,9399501557521,
2026-08-18 00:06:10.095,continuous_stop,x,,,,,,1,12539,57,-17,77,77,,9399502006444,
2026-08-18 00:06:12.025,point_saved,x,3,stored,,,,1,,57,-17,77,77,-17,,
2026-08-18 00:06:12.025,point_saved,y,3,stored,,,,-1,,-666,-658,0,4,-658,,
2026-08-18 00:06:14.232,target_start,x,0,stored,,,,,,57,-17,77,77,0,,
2026-08-18 00:06:14.232,target_start,y,0,stored,,,,,,-666,-658,0,4,0,,
2026-08-18 00:06:14.233,approach_source_start,x,0,stored,,,,-1,,57,-17,77,77,87,,
2026-08-18 00:06:14.233,approach_source_start,y,0,stored,,,,-1,,-666,-658,0,4,14,,
2026-08-18 00:06:14.236,move_start,x,,,19,104,,1,12539,57,-17,77,77,,9403642993461,
2026-08-18 00:06:14.236,move_start,y,,,19,676,,1,6424,-666,-658,0,4,,9403642904443,
2026-08-18 00:06:14.240,pulse_batch,y,,,,,1,,6425,-665,-658,1,4,,9403646684404,
2026-08-18 00:06:14.240,pulse_batch,x,,,,,1,,12540,58,-16,77,77,,9403646810163,
2026-08-18 00:06:14.260,pulse_batch,x,,,,,3,,12543,61,-13,77,77,,9403667524868,
2026-08-18 00:06:14.263,pulse_batch,y,,,,,3,,6428,-662,-658,4,4,,9403670311279,
2026-08-18 00:06:14.281,pulse_batch,x,,,,,3,,12546,64,-10,77,77,,9403688065573,
2026-08-18 00:06:14.284,pulse_batch,y,,,,,3,,6431,-659,-655,4,4,,9403691363370,
2026-08-18 00:06:14.305,pulse_batch,x,,,,,3,,12549,67,-7,77,77,,9403711028173,
2026-08-18 00:06:14.308,pulse_batch,y,,,,,3,,6434,-656,-652,4,4,,9403714681913,
2026-08-18 00:06:14.324,pulse_batch,x,,,,,3,,12552,70,-4,77,77,,9403731490416,
2026-08-18 00:06:14.328,pulse_batch,y,,,,,3,,6437,-653,-649,4,4,,9403735099138,
2026-08-18 00:06:14.346,pulse_batch,x,,,,,3,,12555,73,-1,77,77,,9403752833081,
2026-08-18 00:06:14.351,pulse_batch,y,,,,,3,,6440,-650,-646,4,4,,9403757825536,
2026-08-18 00:06:14.366,pulse_batch,x,,,,,3,,12558,76,2,77,77,,9403773522063,
2026-08-18 00:06:14.373,pulse_batch,y,,,,,3,,6443,-647,-643,4,4,,9403780548174,
2026-08-18 00:06:14.388,pulse_batch,x,,,,,3,,12561,79,5,77,77,,9403794710488,
2026-08-18 00:06:14.394,pulse_batch,y,,,,,3,,6446,-644,-640,4,4,,9403801617840,
2026-08-18 00:06:14.408,pulse_batch,x,,,,,3,,12564,82,8,77,77,,9403815310563,
2026-08-18 00:06:14.415,pulse_batch,y,,,,,3,,6449,-641,-637,4,4,,9403822314193,
2026-08-18 00:06:14.429,pulse_batch,x,,,,,3,,12567,85,11,77,77,,9403835956953,
2026-08-18 00:06:14.438,pulse_batch,y,,,,,3,,6452,-638,-634,4,4,,9403844794277,
2026-08-18 00:06:14.450,pulse_batch,x,,,,,3,,12570,88,14,77,77,,9403857410839,
2026-08-18 00:06:14.458,pulse_batch,y,,,,,3,,6455,-635,-631,4,4,,9403865352445,
2026-08-18 00:06:14.472,pulse_batch,x,,,,,3,,12573,91,17,77,77,,9403879229501,
2026-08-18 00:06:14.479,pulse_batch,y,,,,,3,,6458,-632,-628,4,4,,9403885837225,
2026-08-18 00:06:14.493,pulse_batch,x,,,,,3,,12576,94,20,77,77,,9403899649800,
2026-08-18 00:06:14.499,pulse_batch,y,,,,,3,,6461,-629,-625,4,4,,9403906392690,
2026-08-18 00:06:14.514,pulse_batch,x,,,,,3,,12579,97,23,77,77,,9403920974224,
2026-08-18 00:06:14.521,pulse_batch,y,,,,,3,,6464,-626,-622,4,4,,9403928548739,
2026-08-18 00:06:14.534,pulse_batch,x,,,,,3,,12582,100,26,77,77,,9403941623725,
2026-08-18 00:06:14.542,pulse_batch,y,,,,,3,,6467,-623,-619,4,4,,9403949162111,
2026-08-18 00:06:14.555,pulse_batch,x,,,,,3,,12585,103,29,77,77,,9403962211338,
2026-08-18 00:06:14.564,pulse_batch,y,,,,,3,,6470,-620,-616,4,4,,9403970977699,
2026-08-18 00:06:14.578,pulse_batch,x,,,,,3,,12588,106,32,77,77,,9403984921180,
2026-08-18 00:06:14.584,pulse_batch,y,,,,,3,,6473,-617,-613,4,4,,9403991532330,
2026-08-18 00:06:14.599,pulse_batch,x,,,,,3,,12591,109,35,77,77,,9404006397103,
2026-08-18 00:06:14.605,pulse_batch,y,,,,,3,,6476,-614,-610,4,4,,9404012116498,
2026-08-18 00:06:14.620,pulse_batch,x,,,,,3,,12594,112,38,77,77,,9404026878753,
2026-08-18 00:06:14.626,pulse_batch,y,,,,,3,,6479,-611,-607,4,4,,9404032681037,
2026-08-18 00:06:14.643,pulse_batch,x,,,,,3,,12597,115,41,77,77,,9404050496554,
2026-08-18 00:06:14.647,pulse_batch,y,,,,,3,,6482,-608,-604,4,4,,9404053810851,
2026-08-18 00:06:14.664,pulse_batch,x,,,,,3,,12600,118,44,77,77,,9404071141684,
2026-08-18 00:06:14.667,pulse_batch,y,,,,,3,,6485,-605,-601,4,4,,9404074551037,
2026-08-18 00:06:14.685,pulse_batch,x,,,,,3,,12603,121,47,77,77,,9404091704223,
2026-08-18 00:06:14.688,pulse_batch,y,,,,,3,,6488,-602,-598,4,4,,9404094987706,
2026-08-18 00:06:14.707,pulse_batch,x,,,,,3,,12606,124,50,77,77,,9404114561176,
2026-08-18 00:06:14.711,pulse_batch,y,,,,,3,,6491,-599,-595,4,4,,9404118254175,
2026-08-18 00:06:14.728,pulse_batch,x,,,,,3,,12609,127,53,77,77,,9404135404121,
2026-08-18 00:06:14.732,pulse_batch,y,,,,,3,,6494,-596,-592,4,4,,9404139068897,
2026-08-18 00:06:14.749,pulse_batch,x,,,,,3,,12612,130,56,77,77,,9404156024992,
2026-08-18 00:06:14.752,pulse_batch,y,,,,,3,,6497,-593,-589,4,4,,9404159613121,
2026-08-18 00:06:14.770,pulse_batch,x,,,,,3,,12615,133,59,77,77,,9404177572526,
2026-08-18 00:06:14.774,pulse_batch,y,,,,,3,,6500,-590,-586,4,4,,9404181150007,
2026-08-18 00:06:14.791,pulse_batch,x,,,,,3,,12618,136,62,77,77,,9404198413619,
2026-08-18 00:06:14.795,pulse_batch,y,,,,,3,,6503,-587,-583,4,4,,9404201941359,
2026-08-18 00:06:14.812,pulse_batch,x,,,,,3,,12621,139,65,77,77,,9404218919214,
2026-08-18 00:06:14.815,pulse_batch,y,,,,,3,,6506,-584,-580,4,4,,9404222400695,
2026-08-18 00:06:14.833,pulse_batch,x,,,,,3,,12624,142,68,77,77,,9404239821806,
2026-08-18 00:06:14.838,pulse_batch,y,,,,,3,,6509,-581,-577,4,4,,9404244834002,
2026-08-18 00:06:14.855,pulse_batch,x,,,,,3,,12627,145,71,77,77,,9404262442204,
2026-08-18 00:06:14.859,pulse_batch,y,,,,,3,,6512,-578,-574,4,4,,9404265823205,
2026-08-18 00:06:14.876,pulse_batch,x,,,,,3,,12630,148,74,77,77,,9404283122761,
2026-08-18 00:06:14.879,pulse_batch,y,,,,,3,,6515,-575,-571,4,4,,9404286283189,
2026-08-18 00:06:14.896,pulse_batch,x,,,,,3,,12633,151,77,77,77,,9404303578708,
2026-08-18 00:06:14.900,pulse_batch,y,,,,,3,,6518,-572,-568,4,4,,9404306926135,
2026-08-18 00:06:14.918,pulse_batch,x,,,,,3,,12636,154,80,77,77,,9404325449055,
2026-08-18 00:06:14.923,pulse_batch,y,,,,,3,,6521,-569,-565,4,4,,9404330251788,
2026-08-18 00:06:14.939,pulse_batch,x,,,,,3,,12639,157,83,77,77,,9404346014427,
2026-08-18 00:06:14.944,pulse_batch,y,,,,,3,,6524,-566,-562,4,4,,9404350788031,
2026-08-18 00:06:14.959,pulse_batch,x,,,,,3,,12642,160,86,77,77,,9404366488059,
2026-08-18 00:06:14.964,pulse_batch,y,,,,,3,,6527,-563,-559,4,4,,9404371263292,
2026-08-18 00:06:14.970,pulse_batch,x,,,,,1,,12643,161,87,77,77,,9404377362908,
2026-08-18 00:06:14.971,move_finish,x,,,19,,,,12643,161,87,77,77,,9404378074590,
2026-08-18 00:06:14.985,pulse_batch,y,,,,,3,,6530,-560,-556,4,4,,9404392079960,
2026-08-18 00:06:15.006,pulse_batch,y,,,,,3,,6533,-557,-553,4,4,,9404412657813,
2026-08-18 00:06:15.026,pulse_batch,y,,,,,3,,6536,-554,-550,4,4,,9404433161963,
2026-08-18 00:06:15.048,pulse_batch,y,,,,,3,,6539,-551,-547,4,4,,9404455037829,
2026-08-18 00:06:15.069,pulse_batch,y,,,,,3,,6542,-548,-544,4,4,,9404475852292,
2026-08-18 00:06:15.093,pulse_batch,y,,,,,3,,6545,-545,-541,4,4,,9404500119441,
2026-08-18 00:06:15.116,pulse_batch,y,,,,,3,,6548,-542,-538,4,4,,9404523014041,
2026-08-18 00:06:15.137,pulse_batch,y,,,,,3,,6551,-539,-535,4,4,,9404543640284,
2026-08-18 00:06:15.157,pulse_batch,y,,,,,3,,6554,-536,-532,4,4,,9404564312489,
2026-08-18 00:06:15.179,pulse_batch,y,,,,,3,,6557,-533,-529,4,4,,9404585806448,
2026-08-18 00:06:15.199,pulse_batch,y,,,,,3,,6560,-530,-526,4,4,,9404606323247,
2026-08-18 00:06:15.220,pulse_batch,y,,,,,3,,6563,-527,-523,4,4,,9404626793990,
2026-08-18 00:06:15.240,pulse_batch,y,,,,,3,,6566,-524,-520,4,4,,9404647433306,
2026-08-18 00:06:15.261,pulse_batch,y,,,,,3,,6569,-521,-517,4,4,,9404667996956,
2026-08-18 00:06:15.281,pulse_batch,y,,,,,3,,6572,-518,-514,4,4,,9404688453144,
2026-08-18 00:06:15.304,pulse_batch,y,,,,,3,,6575,-515,-511,4,4,,9404711234393,
2026-08-18 00:06:15.325,pulse_batch,y,,,,,3,,6578,-512,-508,4,4,,9404731893616,
2026-08-18 00:06:15.345,pulse_batch,y,,,,,3,,6581,-509,-505,4,4,,9404752447026,
2026-08-18 00:06:15.366,pulse_batch,y,,,,,3,,6584,-506,-502,4,4,,9404773056175,
2026-08-18 00:06:15.388,pulse_batch,y,,,,,3,,6587,-503,-499,4,4,,9404794920133,
2026-08-18 00:06:15.408,pulse_batch,y,,,,,3,,6590,-500,-496,4,4,,9404815406247,
2026-08-18 00:06:15.429,pulse_batch,y,,,,,3,,6593,-497,-493,4,4,,9404835997304,
2026-08-18 00:06:15.451,pulse_batch,y,,,,,3,,6596,-494,-490,4,4,,9404858226704,
2026-08-18 00:06:15.474,pulse_batch,y,,,,,3,,6599,-491,-487,4,4,,9404881080064,
2026-08-18 00:06:15.494,pulse_batch,y,,,,,3,,6602,-488,-484,4,4,,9404901573844,
2026-08-18 00:06:15.515,pulse_batch,y,,,,,3,,6605,-485,-481,4,4,,9404922135550,
2026-08-18 00:06:15.536,pulse_batch,y,,,,,3,,6608,-482,-478,4,4,,9404942669774,
2026-08-18 00:06:15.556,pulse_batch,y,,,,,3,,6611,-479,-475,4,4,,9404963308609,
2026-08-18 00:06:15.578,pulse_batch,y,,,,,3,,6614,-476,-472,4,4,,9404985011067,
2026-08-18 00:06:15.598,pulse_batch,y,,,,,3,,6617,-473,-469,4,4,,9405005574458,
2026-08-18 00:06:15.619,pulse_batch,y,,,,,3,,6620,-470,-466,4,4,,9405026031609,
2026-08-18 00:06:15.642,pulse_batch,y,,,,,3,,6623,-467,-463,4,4,,9405048987616,
2026-08-18 00:06:15.663,pulse_batch,y,,,,,3,,6626,-464,-460,4,4,,9405069669932,
2026-08-18 00:06:15.683,pulse_batch,y,,,,,3,,6629,-461,-457,4,4,,9405090079324,
2026-08-18 00:06:15.708,pulse_batch,y,,,,,3,,6632,-458,-454,4,4,,9405115311079,
2026-08-18 00:06:15.729,pulse_batch,y,,,,,3,,6635,-455,-451,4,4,,9405135889340,
2026-08-18 00:06:15.749,pulse_batch,y,,,,,3,,6638,-452,-448,4,4,,9405156344397,
2026-08-18 00:06:15.772,pulse_batch,y,,,,,3,,6641,-449,-445,4,4,,9405178767334,
2026-08-18 00:06:15.792,pulse_batch,y,,,,,3,,6644,-446,-442,4,4,,9405199442409,
2026-08-18 00:06:15.813,pulse_batch,y,,,,,3,,6647,-443,-439,4,4,,9405219898560,
2026-08-18 00:06:15.835,pulse_batch,y,,,,,3,,6650,-440,-436,4,4,,9405241979702,
2026-08-18 00:06:15.856,pulse_batch,y,,,,,3,,6653,-437,-433,4,4,,9405262722277,
2026-08-18 00:06:15.876,pulse_batch,y,,,,,3,,6656,-434,-430,4,4,,9405283207334,
2026-08-18 00:06:15.897,pulse_batch,y,,,,,3,,6659,-431,-427,4,4,,9405303673577,
2026-08-18 00:06:15.919,pulse_batch,y,,,,,3,,6662,-428,-424,4,4,,9405325996274,
2026-08-18 00:06:15.939,pulse_batch,y,,,,,3,,6665,-425,-421,4,4,,9405346449702,
2026-08-18 00:06:15.960,pulse_batch,y,,,,,3,,6668,-422,-418,4,4,,9405367233073,
2026-08-18 00:06:15.982,pulse_batch,y,,,,,3,,6671,-419,-415,4,4,,9405389286863,
2026-08-18 00:06:16.006,pulse_batch,y,,,,,3,,6674,-416,-412,4,4,,9405413198255,
2026-08-18 00:06:16.027,pulse_batch,y,,,,,3,,6677,-413,-409,4,4,,9405433730386,
2026-08-18 00:06:16.049,pulse_batch,y,,,,,3,,6680,-410,-406,4,4,,9405456045620,
2026-08-18 00:06:16.069,pulse_batch,y,,,,,3,,6683,-407,-403,4,4,,9405476609881,
2026-08-18 00:06:16.090,pulse_batch,y,,,,,3,,6686,-404,-400,4,4,,9405497191494,
2026-08-18 00:06:16.113,pulse_batch,y,,,,,3,,6689,-401,-397,4,4,,9405519970910,
2026-08-18 00:06:16.134,pulse_batch,y,,,,,3,,6692,-398,-394,4,4,,9405541284722,
2026-08-18 00:06:16.155,pulse_batch,y,,,,,3,,6695,-395,-391,4,4,,9405561771150,
2026-08-18 00:06:16.176,pulse_batch,y,,,,,3,,6698,-392,-388,4,4,,9405583267999,
2026-08-18 00:06:16.197,pulse_batch,y,,,,,3,,6701,-389,-385,4,4,,9405603999741,
2026-08-18 00:06:16.217,pulse_batch,y,,,,,3,,6704,-386,-382,4,4,,9405624408799,
2026-08-18 00:06:16.239,pulse_batch,y,,,,,3,,6707,-383,-379,4,4,,9405645866555,
2026-08-18 00:06:16.262,pulse_batch,y,,,,,3,,6710,-380,-376,4,4,,9405669243894,
2026-08-18 00:06:16.283,pulse_batch,y,,,,,3,,6713,-377,-373,4,4,,9405689695563,
2026-08-18 00:06:16.304,pulse_batch,y,,,,,3,,6716,-374,-370,4,4,,9405710744470,
2026-08-18 00:06:16.324,pulse_batch,y,,,,,3,,6719,-371,-367,4,4,,9405731244713,
2026-08-18 00:06:16.345,pulse_batch,y,,,,,3,,6722,-368,-364,4,4,,9405751707401,
2026-08-18 00:06:16.365,pulse_batch,y,,,,,3,,6725,-365,-361,4,4,,9405772204255,
2026-08-18 00:06:16.386,pulse_batch,y,,,,,3,,6728,-362,-358,4,4,,9405793371735,
2026-08-18 00:06:16.407,pulse_batch,y,,,,,3,,6731,-359,-355,4,4,,9405813982051,
2026-08-18 00:06:16.427,pulse_batch,y,,,,,3,,6734,-356,-352,4,4,,9405834440554,
2026-08-18 00:06:16.450,pulse_batch,y,,,,,3,,6737,-353,-349,4,4,,9405857150526,
2026-08-18 00:06:16.471,pulse_batch,y,,,,,3,,6740,-350,-346,4,4,,9405877670824,
2026-08-18 00:06:16.493,pulse_batch,y,,,,,3,,6743,-347,-343,4,4,,9405900067149,
2026-08-18 00:06:16.514,pulse_batch,y,,,,,3,,6746,-344,-340,4,4,,9405921603591,
2026-08-18 00:06:16.535,pulse_batch,y,,,,,3,,6749,-341,-337,4,4,,9405942341906,
2026-08-18 00:06:16.556,pulse_batch,y,,,,,3,,6752,-338,-334,4,4,,9405962787501,
2026-08-18 00:06:16.576,pulse_batch,y,,,,,3,,6755,-335,-331,4,4,,9405983470540,
2026-08-18 00:06:16.597,pulse_batch,y,,,,,3,,6758,-332,-328,4,4,,9406004118486,
2026-08-18 00:06:16.617,pulse_batch,y,,,,,3,,6761,-329,-325,4,4,,9406024533599,
2026-08-18 00:06:16.639,pulse_batch,y,,,,,3,,6764,-326,-322,4,4,,9406046218669,
2026-08-18 00:06:16.660,pulse_batch,y,,,,,3,,6767,-323,-319,4,4,,9406066963652,
2026-08-18 00:06:16.680,pulse_batch,y,,,,,3,,6770,-320,-316,4,4,,9406087449784,
2026-08-18 00:06:16.702,pulse_batch,y,,,,,3,,6773,-317,-313,4,4,,9406109589018,
2026-08-18 00:06:16.723,pulse_batch,y,,,,,3,,6776,-314,-310,4,4,,9406130326834,
2026-08-18 00:06:16.744,pulse_batch,y,,,,,3,,6779,-311,-307,4,4,,9406150810743,
2026-08-18 00:06:16.764,pulse_batch,y,,,,,3,,6782,-308,-304,4,4,,9406171288246,
2026-08-18 00:06:16.787,pulse_batch,y,,,,,3,,6785,-305,-301,4,4,,9406194445900,
2026-08-18 00:06:16.808,pulse_batch,y,,,,,3,,6788,-302,-298,4,4,,9406214919773,
2026-08-18 00:06:16.828,pulse_batch,y,,,,,3,,6791,-299,-295,4,4,,9406235371942,
2026-08-18 00:06:16.851,pulse_batch,y,,,,,3,,6794,-296,-292,4,4,,9406257633528,
2026-08-18 00:06:16.871,pulse_batch,y,,,,,3,,6797,-293,-289,4,4,,9406278198992,
2026-08-18 00:06:16.893,pulse_batch,y,,,,,3,,6800,-290,-286,4,4,,9406300087987,
2026-08-18 00:06:16.914,pulse_batch,y,,,,,3,,6803,-287,-283,4,4,,9406320692563,
2026-08-18 00:06:16.935,pulse_batch,y,,,,,3,,6806,-284,-280,4,4,,9406341810543,
2026-08-18 00:06:16.955,pulse_batch,y,,,,,3,,6809,-281,-277,4,4,,9406362231139,
2026-08-18 00:06:16.977,pulse_batch,y,,,,,3,,6812,-278,-274,4,4,,9406384166503,
2026-08-18 00:06:16.998,pulse_batch,y,,,,,3,,6815,-275,-271,4,4,,9406404717802,
2026-08-18 00:06:17.018,pulse_batch,y,,,,,3,,6818,-272,-268,4,4,,9406425147138,
2026-08-18 00:06:17.040,pulse_batch,y,,,,,3,,6821,-269,-265,4,4,,9406447538111,
2026-08-18 00:06:17.063,pulse_batch,y,,,,,3,,6824,-266,-262,4,4,,9406470377212,
2026-08-18 00:06:17.084,pulse_batch,y,,,,,3,,6827,-263,-259,4,4,,9406490818363,
2026-08-18 00:06:17.104,pulse_batch,y,,,,,3,,6830,-260,-256,4,4,,9406511524494,
2026-08-18 00:06:17.125,pulse_batch,y,,,,,3,,6833,-257,-253,4,4,,9406532033311,
2026-08-18 00:06:17.145,pulse_batch,y,,,,,3,,6836,-254,-250,4,4,,9406552508035,
2026-08-18 00:06:17.166,pulse_batch,y,,,,,3,,6839,-251,-247,4,4,,9406572973686,
2026-08-18 00:06:17.188,pulse_batch,y,,,,,3,,6842,-248,-244,4,4,,9406594840403,
2026-08-18 00:06:17.208,pulse_batch,y,,,,,3,,6845,-245,-241,4,4,,9406615299869,
2026-08-18 00:06:17.229,pulse_batch,y,,,,,3,,6848,-242,-238,4,4,,9406635756890,
2026-08-18 00:06:17.250,pulse_batch,y,,,,,3,,6851,-239,-235,4,4,,9406657115091,
2026-08-18 00:06:17.270,pulse_batch,y,,,,,3,,6854,-236,-232,4,4,,9406677588575,
2026-08-18 00:06:17.291,pulse_batch,y,,,,,3,,6857,-233,-229,4,4,,9406698060929,
2026-08-18 00:06:17.314,pulse_batch,y,,,,,3,,6860,-230,-226,4,4,,9406721328620,
2026-08-18 00:06:17.335,pulse_batch,y,,,,,3,,6863,-227,-223,4,4,,9406741932252,
2026-08-18 00:06:17.356,pulse_batch,y,,,,,3,,6866,-224,-220,4,4,,9406762678808,
2026-08-18 00:06:17.377,pulse_batch,y,,,,,3,,6869,-221,-217,4,4,,9406783818214,
2026-08-18 00:06:17.397,pulse_batch,y,,,,,3,,6872,-218,-214,4,4,,9406804511734,
2026-08-18 00:06:17.418,pulse_batch,y,,,,,3,,6875,-215,-211,4,4,,9406824948126,
2026-08-18 00:06:17.440,pulse_batch,y,,,,,3,,6878,-212,-208,4,4,,9406847070323,
2026-08-18 00:06:17.461,pulse_batch,y,,,,,3,,6881,-209,-205,4,4,,9406868167544,
2026-08-18 00:06:17.481,pulse_batch,y,,,,,3,,6884,-206,-202,4,4,,9406888603658,
2026-08-18 00:06:17.503,pulse_batch,y,,,,,3,,6887,-203,-199,4,4,,9406910613578,
2026-08-18 00:06:17.527,pulse_batch,y,,,,,3,,6890,-200,-196,4,4,,9406934364193,
2026-08-18 00:06:17.548,pulse_batch,y,,,,,3,,6893,-197,-193,4,4,,9406954794436,
2026-08-18 00:06:17.570,pulse_batch,y,,,,,3,,6896,-194,-190,4,4,,9406975375253,
2026-08-18 00:06:17.592,pulse_batch,y,,,,,3,,6899,-191,-187,4,4,,9406999555939,
2026-08-18 00:06:17.613,pulse_batch,y,,,,,3,,6902,-188,-184,4,4,,9407020009738,
2026-08-18 00:06:17.634,pulse_batch,y,,,,,3,,6905,-185,-181,4,4,,9407040687906,
2026-08-18 00:06:17.654,pulse_batch,y,,,,,3,,6908,-182,-178,4,4,,9407061546758,
2026-08-18 00:06:17.675,pulse_batch,y,,,,,3,,6911,-179,-175,4,4,,9407081982779,
2026-08-18 00:06:17.695,pulse_batch,y,,,,,3,,6914,-176,-172,4,4,,9407102476578,
2026-08-18 00:06:17.717,pulse_batch,y,,,,,3,,6917,-173,-169,4,4,,9407124450609,
2026-08-18 00:06:17.738,pulse_batch,y,,,,,3,,6920,-170,-166,4,4,,9407145074222,
2026-08-18 00:06:17.758,pulse_batch,y,,,,,3,,6923,-167,-163,4,4,,9407165499799,
2026-08-18 00:06:17.781,pulse_batch,y,,,,,3,,6926,-164,-160,4,4,,9407187608533,
2026-08-18 00:06:17.801,pulse_batch,y,,,,,3,,6929,-161,-157,4,4,,9407208176794,
2026-08-18 00:06:17.821,pulse_batch,y,,,,,3,,6932,-158,-154,4,4,,9407228588352,
2026-08-18 00:06:17.844,pulse_batch,y,,,,,3,,6935,-155,-151,4,4,,9407250842012,
2026-08-18 00:06:17.866,pulse_batch,y,,,,,3,,6938,-152,-148,4,4,,9407273149116,
2026-08-18 00:06:17.886,pulse_batch,y,,,,,3,,6941,-149,-145,4,4,,9407293619248,
2026-08-18 00:06:17.907,pulse_batch,y,,,,,3,,6944,-146,-142,4,4,,9407314512878,
2026-08-18 00:06:17.928,pulse_batch,y,,,,,3,,6947,-143,-139,4,4,,9407335032009,
2026-08-18 00:06:17.948,pulse_batch,y,,,,,3,,6950,-140,-136,4,4,,9407355457586,
2026-08-18 00:06:17.970,pulse_batch,y,,,,,3,,6953,-137,-133,4,4,,9407377502543,
2026-08-18 00:06:17.991,pulse_batch,y,,,,,3,,6956,-134,-130,4,4,,9407398277933,
2026-08-18 00:06:18.012,pulse_batch,y,,,,,3,,6959,-131,-127,4,4,,9407418776305,
2026-08-18 00:06:18.033,pulse_batch,y,,,,,3,,6962,-128,-124,4,4,,9407440284321,
2026-08-18 00:06:18.056,pulse_batch,y,,,,,3,,6965,-125,-121,4,4,,9407462982126,
2026-08-18 00:06:18.076,pulse_batch,y,,,,,3,,6968,-122,-118,4,4,,9407483420703,
2026-08-18 00:06:18.097,pulse_batch,y,,,,,3,,6971,-119,-115,4,4,,9407504373907,
2026-08-18 00:06:18.118,pulse_batch,y,,,,,3,,6974,-116,-112,4,4,,9407524976519,
2026-08-18 00:06:18.138,pulse_batch,y,,,,,3,,6977,-113,-109,4,4,,9407545475133,
2026-08-18 00:06:18.159,pulse_batch,y,,,,,3,,6980,-110,-106,4,4,,9407565912172,
2026-08-18 00:06:18.181,pulse_batch,y,,,,,3,,6983,-107,-103,4,4,,9407587808278,
2026-08-18 00:06:18.201,pulse_batch,y,,,,,3,,6986,-104,-100,4,4,,9407608447354,
2026-08-18 00:06:18.222,pulse_batch,y,,,,,3,,6989,-101,-97,4,4,,9407628839301,
2026-08-18 00:06:18.244,pulse_batch,y,,,,,3,,6992,-98,-94,4,4,,9407651317534,
2026-08-18 00:06:18.266,pulse_batch,y,,,,,3,,6995,-95,-91,4,4,,9407673160659,
2026-08-18 00:06:18.286,pulse_batch,y,,,,,3,,6998,-92,-88,4,4,,9407693562013,
2026-08-18 00:06:18.308,pulse_batch,y,,,,,3,,7001,-89,-85,4,4,,9407714780808,
2026-08-18 00:06:18.328,pulse_batch,y,,,,,3,,7004,-86,-82,4,4,,9407735366366,
2026-08-18 00:06:18.349,pulse_batch,y,,,,,3,,7007,-83,-79,4,4,,9407755784516,
2026-08-18 00:06:18.371,pulse_batch,y,,,,,3,,7010,-80,-76,4,4,,9407777899029,
2026-08-18 00:06:18.391,pulse_batch,y,,,,,3,,7013,-77,-73,4,4,,9407798588252,
2026-08-18 00:06:18.412,pulse_batch,y,,,,,3,,7016,-74,-70,4,4,,9407819033107,
2026-08-18 00:06:18.432,pulse_batch,y,,,,,3,,7019,-71,-67,4,4,,9407839519276,
2026-08-18 00:06:18.455,pulse_batch,y,,,,,3,,7022,-68,-64,4,4,,9407861954305,
2026-08-18 00:06:18.475,pulse_batch,y,,,,,3,,7025,-65,-61,4,4,,9407882464437,
2026-08-18 00:06:18.496,pulse_batch,y,,,,,3,,7028,-62,-58,4,4,,9407902953587,
2026-08-18 00:06:18.516,pulse_batch,y,,,,,3,,7031,-59,-55,4,4,,9407923485367,
2026-08-18 00:06:18.538,pulse_batch,y,,,,,3,,7034,-56,-52,4,4,,9407944893661,
2026-08-18 00:06:18.558,pulse_batch,y,,,,,3,,7037,-53,-49,4,4,,9407965366589,
2026-08-18 00:06:18.579,pulse_batch,y,,,,,3,,7040,-50,-46,4,4,,9407985995868,
2026-08-18 00:06:18.600,pulse_batch,y,,,,,3,,7043,-47,-43,4,4,,9408006622407,
2026-08-18 00:06:18.620,pulse_batch,y,,,,,3,,7046,-44,-40,4,4,,9408027038021,
2026-08-18 00:06:18.641,pulse_batch,y,,,,,3,,7049,-41,-37,4,4,,9408048271538,
2026-08-18 00:06:18.662,pulse_batch,y,,,,,3,,7052,-38,-34,4,4,,9408068787114,
2026-08-18 00:06:18.682,pulse_batch,y,,,,,3,,7055,-35,-31,4,4,,9408089243394,
2026-08-18 00:06:18.705,pulse_batch,y,,,,,3,,7058,-32,-28,4,4,,9408111652812,
2026-08-18 00:06:18.725,pulse_batch,y,,,,,3,,7061,-29,-25,4,4,,9408132290888,
2026-08-18 00:06:18.746,pulse_batch,y,,,,,3,,7064,-26,-22,4,4,,9408152757020,
2026-08-18 00:06:18.766,pulse_batch,y,,,,,3,,7067,-23,-19,4,4,,9408173226337,
2026-08-18 00:06:18.790,pulse_batch,y,,,,,3,,7070,-20,-16,4,4,,9408197303858,
2026-08-18 00:06:18.811,pulse_batch,y,,,,,3,,7073,-17,-13,4,4,,9408217883471,
2026-08-18 00:06:18.831,pulse_batch,y,,,,,3,,7076,-14,-10,4,4,,9408238570509,
2026-08-18 00:06:18.852,pulse_batch,y,,,,,3,,7079,-11,-7,4,4,,9408259176881,
2026-08-18 00:06:18.872,pulse_batch,y,,,,,3,,7082,-8,-4,4,4,,9408279652402,
2026-08-18 00:06:18.893,pulse_batch,y,,,,,3,,7085,-5,-1,4,4,,9408300096368,
2026-08-18 00:06:18.915,pulse_batch,y,,,,,3,,7088,-2,2,4,4,,9408322121491,
2026-08-18 00:06:18.936,pulse_batch,y,,,,,3,,7091,1,5,4,4,,9408342862974,
2026-08-18 00:06:18.956,pulse_batch,y,,,,,3,,7094,4,8,4,4,,9408363290106,
2026-08-18 00:06:18.978,pulse_batch,y,,,,,3,,7097,7,11,4,4,,9408385367748,
2026-08-18 00:06:18.999,pulse_batch,y,,,,,3,,7100,10,14,4,4,,9408406069916,
2026-08-18 00:06:19.002,move_finish,y,,,19,,,,7100,10,14,4,4,,9408409456528,
2026-08-18 00:06:19.163,approach_source_finish,x,0,stored,,,,-1,,161,87,77,77,87,,
2026-08-18 00:06:19.163,approach_source_finish,y,0,stored,,,,-1,,10,14,4,4,14,,
2026-08-18 00:06:19.167,move_start,x,,,20,-164,,-1,12643,161,87,77,77,,9408573854748,
2026-08-18 00:06:19.167,move_start,y,,,20,-18,,-1,7100,10,14,4,4,,9408573792823,
2026-08-18 00:06:19.170,pulse_batch,x,,,,,-1,,12644,160,87,76,77,,9408577557580,
2026-08-18 00:06:19.171,pulse_batch,y,,,,,-1,,7101,9,14,3,4,,9408577650024,
2026-08-18 00:06:19.191,pulse_batch,y,,,,,-3,,7104,6,14,0,4,,9408598334285,
2026-08-18 00:06:19.191,pulse_batch,x,,,,,-3,,12647,157,87,73,77,,9408598564950,
2026-08-18 00:06:19.212,pulse_batch,y,,,,,-3,,7107,3,11,0,4,,9408618884417,
2026-08-18 00:06:19.212,pulse_batch,x,,,,,-3,,12650,154,87,70,77,,9408619062138,
2026-08-18 00:06:19.232,pulse_batch,y,,,,,-3,,7110,0,8,0,4,,9408639480030,
2026-08-18 00:06:19.233,pulse_batch,x,,,,,-3,,12653,151,87,67,77,,9408640129452,
2026-08-18 00:06:19.253,pulse_batch,y,,,,,-3,,7113,-3,5,0,4,,9408660156142,
2026-08-18 00:06:19.253,pulse_batch,x,,,,,-3,,12656,148,87,64,77,,9408660593232,
2026-08-18 00:06:19.274,pulse_batch,y,,,,,-3,,7116,-6,2,0,4,,9408680641478,
2026-08-18 00:06:19.274,pulse_batch,x,,,,,-3,,12659,145,87,61,77,,9408681005180,
2026-08-18 00:06:19.290,pulse_batch,y,,,,,-2,,7118,-8,0,0,4,,9408697644295,
2026-08-18 00:06:19.291,move_finish,y,,,20,,,,7118,-8,0,0,4,,9408697809590,
2026-08-18 00:06:19.294,pulse_batch,x,,,,,-3,,12662,142,87,58,77,,9408701442090,
2026-08-18 00:06:19.316,pulse_batch,x,,,,,-3,,12665,139,87,55,77,,9408723080919,
2026-08-18 00:06:19.337,pulse_batch,x,,,,,-3,,12668,136,87,52,77,,9408743957494,
2026-08-18 00:06:19.357,pulse_batch,x,,,,,-3,,12671,133,87,49,77,,9408764378459,
2026-08-18 00:06:19.378,pulse_batch,x,,,,,-3,,12674,130,87,46,77,,9408785245886,
2026-08-18 00:06:19.399,pulse_batch,x,,,,,-3,,12677,127,87,43,77,,9408805704462,
2026-08-18 00:06:19.419,pulse_batch,x,,,,,-3,,12680,124,87,40,77,,9408826277131,
2026-08-18 00:06:19.445,pulse_batch,x,,,,,-3,,12683,121,87,37,77,,9408852470010,
2026-08-18 00:06:19.466,pulse_batch,x,,,,,-3,,12686,118,87,34,77,,9408873051679,
2026-08-18 00:06:19.486,pulse_batch,x,,,,,-3,,12689,115,87,31,77,,9408893469515,
2026-08-18 00:06:19.510,pulse_batch,x,,,,,-3,,12692,112,87,28,77,,9408917134019,
2026-08-18 00:06:19.531,pulse_batch,x,,,,,-3,,12695,109,87,25,77,,9408937758447,
2026-08-18 00:06:19.551,pulse_batch,x,,,,,-3,,12698,106,87,22,77,,9408958194561,
2026-08-18 00:06:19.572,pulse_batch,x,,,,,-3,,12701,103,87,19,77,,9408979483855,
2026-08-18 00:06:19.593,pulse_batch,x,,,,,-3,,12704,100,87,16,77,,9409000099375,
2026-08-18 00:06:19.613,pulse_batch,x,,,,,-3,,12707,97,87,13,77,,9409020599285,
2026-08-18 00:06:19.634,pulse_batch,x,,,,,-3,,12710,94,87,10,77,,9409041093232,
2026-08-18 00:06:19.656,pulse_batch,x,,,,,-3,,12713,91,87,7,77,,9409063130726,
2026-08-18 00:06:19.676,pulse_batch,x,,,,,-3,,12716,88,87,4,77,,9409083565488,
2026-08-18 00:06:19.697,pulse_batch,x,,,,,-3,,12719,85,87,1,77,,9409104032620,
2026-08-18 00:06:19.719,pulse_batch,x,,,,,-3,,12722,82,85,0,77,,9409126457927,
2026-08-18 00:06:19.740,pulse_batch,x,,,,,-3,,12725,79,82,0,77,,9409146860504,
2026-08-18 00:06:19.760,pulse_batch,x,,,,,-3,,12728,76,79,0,77,,9409167297840,
2026-08-18 00:06:19.783,pulse_batch,x,,,,,-3,,12731,73,76,0,77,,9409190258459,
2026-08-18 00:06:19.804,pulse_batch,x,,,,,-3,,12734,70,73,0,77,,9409210846072,
2026-08-18 00:06:19.824,pulse_batch,x,,,,,-3,,12737,67,70,0,77,,9409231321593,
2026-08-18 00:06:19.846,pulse_batch,x,,,,,-3,,12740,64,67,0,77,,9409253291013,
2026-08-18 00:06:19.870,pulse_batch,x,,,,,-3,,12743,61,64,0,77,,9409277514181,
2026-08-18 00:06:19.891,pulse_batch,x,,,,,-3,,12746,58,61,0,77,,9409297967924,
2026-08-18 00:06:19.914,pulse_batch,x,,,,,-3,,12749,55,58,0,77,,9409321264004,
2026-08-18 00:06:19.935,pulse_batch,x,,,,,-3,,12752,52,55,0,77,,9409341794525,
2026-08-18 00:06:19.955,pulse_batch,x,,,,,-3,,12755,49,52,0,77,,9409362203398,
2026-08-18 00:06:19.976,pulse_batch,x,,,,,-3,,12758,46,49,0,77,,9409383093065,
2026-08-18 00:06:19.999,pulse_batch,x,,,,,-3,,12761,43,46,0,77,,9409406265053,
2026-08-18 00:06:20.020,pulse_batch,x,,,,,-3,,12764,40,43,0,77,,9409426779982,
2026-08-18 00:06:20.041,pulse_batch,x,,,,,-3,,12767,37,40,0,77,,9409447622464,
2026-08-18 00:06:20.064,pulse_batch,x,,,,,-3,,12770,34,37,0,77,,9409470763600,
2026-08-18 00:06:20.084,pulse_batch,x,,,,,-3,,12773,31,34,0,77,,9409491231399,
2026-08-18 00:06:20.106,pulse_batch,x,,,,,-3,,12776,28,31,0,77,,9409512778600,
2026-08-18 00:06:20.127,pulse_batch,x,,,,,-3,,12779,25,28,0,77,,9409533781303,
2026-08-18 00:06:20.147,pulse_batch,x,,,,,-3,,12782,22,25,0,77,,9409554241046,
2026-08-18 00:06:20.168,pulse_batch,x,,,,,-3,,12785,19,22,0,77,,9409574695993,
2026-08-18 00:06:20.190,pulse_batch,x,,,,,-3,,12788,16,19,0,77,,9409597287448,
2026-08-18 00:06:20.211,pulse_batch,x,,,,,-3,,12791,13,16,0,77,,9409617723524,
2026-08-18 00:06:20.231,pulse_batch,x,,,,,-3,,12794,10,13,0,77,,9409638193694,
2026-08-18 00:06:20.257,pulse_batch,x,,,,,-3,,12797,7,10,0,77,,9409664066242,
2026-08-18 00:06:20.277,pulse_batch,x,,,,,-3,,12800,4,7,0,77,,9409684567892,
2026-08-18 00:06:20.301,pulse_batch,x,,,,,-3,,12803,1,4,0,77,,9409707716195,
2026-08-18 00:06:20.323,pulse_batch,x,,,,,-3,,12806,-2,1,0,77,,9409730575815,
2026-08-18 00:06:20.334,pulse_batch,x,,,,,-1,,12807,-3,0,0,77,,9409740838723,
2026-08-18 00:06:20.334,move_finish,x,,,20,,,,12807,-3,0,0,77,,9409741047074,
2026-08-18 00:06:20.498,target_finish,x,0,stored,,,,,,-3,0,0,77,0,,ok=True
2026-08-18 00:06:20.498,target_finish,y,0,stored,,,,,,-8,0,0,4,0,,ok=True
2026-08-18 00:06:23.510,target_start,x,1,stored,,,,,,-3,0,0,77,374,,
2026-08-18 00:06:23.510,target_start,y,1,stored,,,,,,-8,0,0,4,-430,,
2026-08-18 00:06:23.511,approach_source_start,x,1,stored,,,,-1,,-3,0,0,77,461,,
2026-08-18 00:06:23.511,approach_source_start,y,1,stored,,,,-1,,-8,0,0,4,-416,,
2026-08-18 00:06:23.515,move_start,y,,,21,-416,,-1,7118,-8,0,0,4,,9412921634176,
2026-08-18 00:06:23.515,move_start,x,,,21,538,,1,12807,-3,0,0,77,,9412921702028,
2026-08-18 00:06:23.518,pulse_batch,y,,,,,-1,,7119,-9,-1,0,4,,9412925412416,
2026-08-18 00:06:23.520,pulse_batch,x,,,,,1,,12808,-2,0,1,77,,9412927487479,
2026-08-18 00:06:23.539,pulse_batch,y,,,,,-3,,7122,-12,-4,0,4,,9412946166287,
2026-08-18 00:06:23.541,pulse_batch,x,,,,,3,,12811,1,0,4,77,,9412948343091,
2026-08-18 00:06:23.560,pulse_batch,y,,,,,-3,,7125,-15,-7,0,4,,9412966635197,
2026-08-18 00:06:23.562,pulse_batch,x,,,,,3,,12814,4,0,7,77,,9412968762853,
2026-08-18 00:06:23.584,pulse_batch,y,,,,,-3,,7128,-18,-10,0,4,,9412990691125,
2026-08-18 00:06:23.584,pulse_batch,x,,,,,3,,12817,7,0,10,77,,9412990220813,
2026-08-18 00:06:23.604,pulse_batch,x,,,,,3,,12820,10,0,13,77,,9413010706001,
2026-08-18 00:06:23.604,pulse_batch,y,,,,,-3,,7131,-21,-13,0,4,,9413011124758,
2026-08-18 00:06:23.624,pulse_batch,x,,,,,3,,12823,13,0,16,77,,9413031224911,
2026-08-18 00:06:23.624,pulse_batch,y,,,,,-3,,7134,-24,-16,0,4,,9413031568131,
2026-08-18 00:06:23.646,pulse_batch,x,,,,,3,,12826,16,0,19,77,,9413053305423,
2026-08-18 00:06:23.650,pulse_batch,y,,,,,-3,,7137,-27,-19,0,4,,9413056659646,
2026-08-18 00:06:23.667,pulse_batch,x,,,,,3,,12829,19,0,22,77,,9413073996517,
2026-08-18 00:06:23.670,pulse_batch,y,,,,,-3,,7140,-30,-22,0,4,,9413077290704,
2026-08-18 00:06:23.687,pulse_batch,x,,,,,3,,12832,22,0,25,77,,9413094496261,
2026-08-18 00:06:23.691,pulse_batch,y,,,,,-3,,7143,-33,-25,0,4,,9413097693744,
2026-08-18 00:06:23.710,pulse_batch,x,,,,,3,,12835,25,0,28,77,,9413116392719,
2026-08-18 00:06:23.713,pulse_batch,y,,,,,-3,,7146,-36,-28,0,4,,9413119944404,
2026-08-18 00:06:23.730,pulse_batch,x,,,,,3,,12838,28,0,31,77,,9413136999869,
2026-08-18 00:06:23.733,pulse_batch,y,,,,,-3,,7149,-39,-31,0,4,,9413140598998,
2026-08-18 00:06:23.750,pulse_batch,x,,,,,3,,12841,31,0,34,77,,9413157428816,
2026-08-18 00:06:23.754,pulse_batch,y,,,,,-3,,7152,-42,-34,0,4,,9413161000112,
2026-08-18 00:06:23.772,pulse_batch,x,,,,,3,,12844,34,0,37,77,,9413179057294,
2026-08-18 00:06:23.776,pulse_batch,y,,,,,-3,,7155,-45,-37,0,4,,9413183097736,
2026-08-18 00:06:23.793,pulse_batch,x,,,,,3,,12847,37,0,40,77,,9413200384070,
2026-08-18 00:06:23.797,pulse_batch,y,,,,,-3,,7158,-48,-40,0,4,,9413203854274,
2026-08-18 00:06:23.814,pulse_batch,x,,,,,3,,12850,40,0,43,77,,9413220813147,
2026-08-18 00:06:23.817,pulse_batch,y,,,,,-3,,7161,-51,-43,0,4,,9413224397887,
2026-08-18 00:06:23.834,pulse_batch,x,,,,,3,,12853,43,0,46,77,,9413241283742,
2026-08-18 00:06:23.843,pulse_batch,y,,,,,-3,,7164,-54,-46,0,4,,9413249862086,
2026-08-18 00:06:23.861,pulse_batch,x,,,,,3,,12856,46,0,49,77,,9413267641121,
2026-08-18 00:06:23.867,pulse_batch,y,,,,,-3,,7167,-57,-49,0,4,,9413274578621,
2026-08-18 00:06:23.881,pulse_batch,x,,,,,3,,12859,49,0,52,77,,9413288159790,
2026-08-18 00:06:23.888,pulse_batch,y,,,,,-3,,7170,-60,-52,0,4,,9413294965106,
2026-08-18 00:06:23.901,pulse_batch,x,,,,,3,,12862,52,0,55,77,,9413308634848,
2026-08-18 00:06:23.910,pulse_batch,y,,,,,-3,,7173,-63,-55,0,4,,9413317102359,
2026-08-18 00:06:23.924,pulse_batch,x,,,,,3,,12865,55,0,58,77,,9413330729991,
2026-08-18 00:06:23.931,pulse_batch,y,,,,,-3,,7176,-66,-58,0,4,,9413337783083,
2026-08-18 00:06:23.944,pulse_batch,x,,,,,3,,12868,58,0,61,77,,9413351172697,
2026-08-18 00:06:23.951,pulse_batch,y,,,,,-3,,7179,-69,-61,0,4,,9413358361955,
2026-08-18 00:06:23.964,pulse_batch,x,,,,,3,,12871,61,0,64,77,,9413371624385,
2026-08-18 00:06:23.972,pulse_batch,y,,,,,-3,,7182,-72,-64,0,4,,9413378818977,
2026-08-18 00:06:23.987,pulse_batch,x,,,,,3,,12874,64,0,67,77,,9413393704139,
2026-08-18 00:06:23.994,pulse_batch,y,,,,,-3,,7185,-75,-67,0,4,,9413400747472,
2026-08-18 00:06:24.007,pulse_batch,x,,,,,3,,12877,67,0,70,77,,9413414266252,
2026-08-18 00:06:24.014,pulse_batch,y,,,,,-3,,7188,-78,-70,0,4,,9413421253993,
2026-08-18 00:06:24.028,pulse_batch,x,,,,,3,,12880,70,0,73,77,,9413434688755,
2026-08-18 00:06:24.035,pulse_batch,y,,,,,-3,,7191,-81,-73,0,4,,9413441708995,
2026-08-18 00:06:24.050,pulse_batch,x,,,,,3,,12883,73,0,76,77,,9413457003766,
2026-08-18 00:06:24.057,pulse_batch,y,,,,,-3,,7194,-84,-76,0,4,,9413463994322,
2026-08-18 00:06:24.070,pulse_batch,x,,,,,3,,12886,76,2,77,77,,9413477561509,
2026-08-18 00:06:24.077,pulse_batch,y,,,,,-3,,7197,-87,-79,0,4,,9413484561231,
2026-08-18 00:06:24.091,pulse_batch,x,,,,,3,,12889,79,5,77,77,,9413498024605,
2026-08-18 00:06:24.100,pulse_batch,y,,,,,-3,,7200,-90,-82,0,4,,9413506753077,
2026-08-18 00:06:24.114,pulse_batch,x,,,,,3,,12892,82,8,77,77,,9413520679929,
2026-08-18 00:06:24.120,pulse_batch,y,,,,,-3,,7203,-93,-85,0,4,,9413527458430,
2026-08-18 00:06:24.134,pulse_batch,x,,,,,3,,12895,85,11,77,77,,9413541284690,
2026-08-18 00:06:24.141,pulse_batch,y,,,,,-3,,7206,-96,-88,0,4,,9413548291783,
2026-08-18 00:06:24.155,pulse_batch,x,,,,,3,,12898,88,14,77,77,,9413561704638,
2026-08-18 00:06:24.162,pulse_batch,y,,,,,-3,,7209,-99,-91,0,4,,9413568666990,
2026-08-18 00:06:24.177,pulse_batch,x,,,,,3,,12901,91,17,77,77,,9413583713503,
2026-08-18 00:06:24.184,pulse_batch,y,,,,,-3,,7212,-102,-94,0,4,,9413590691892,
2026-08-18 00:06:24.198,pulse_batch,x,,,,,3,,12904,94,20,77,77,,9413605293925,
2026-08-18 00:06:24.205,pulse_batch,y,,,,,-3,,7215,-105,-97,0,4,,9413612056482,
2026-08-18 00:06:24.219,pulse_batch,x,,,,,3,,12907,97,23,77,77,,9413625712021,
2026-08-18 00:06:24.225,pulse_batch,y,,,,,-3,,7218,-108,-100,0,4,,9413632466578,
2026-08-18 00:06:24.239,pulse_batch,x,,,,,3,,12910,100,26,77,77,,9413646204283,
2026-08-18 00:06:24.248,pulse_batch,y,,,,,-3,,7221,-111,-103,0,4,,9413654916996,
2026-08-18 00:06:24.261,pulse_batch,x,,,,,3,,12913,103,29,77,77,,9413668613646,
2026-08-18 00:06:24.269,pulse_batch,y,,,,,-3,,7224,-114,-106,0,4,,9413675678034,
2026-08-18 00:06:24.282,pulse_batch,x,,,,,3,,12916,106,32,77,77,,9413689089722,
2026-08-18 00:06:24.289,pulse_batch,y,,,,,-3,,7227,-117,-109,0,4,,9413696119685,
2026-08-18 00:06:24.303,pulse_batch,x,,,,,3,,12919,109,35,77,77,,9413709851001,
2026-08-18 00:06:24.310,pulse_batch,y,,,,,-3,,7230,-120,-112,0,4,,9413716976575,
2026-08-18 00:06:24.324,pulse_batch,x,,,,,3,,12922,112,38,77,77,,9413731056685,
2026-08-18 00:06:24.331,pulse_batch,y,,,,,-3,,7233,-123,-115,0,4,,9413737671428,
2026-08-18 00:06:24.344,pulse_batch,x,,,,,3,,12925,115,41,77,77,,9413751476188,
2026-08-18 00:06:24.351,pulse_batch,y,,,,,-3,,7236,-126,-118,0,4,,9413758111357,
2026-08-18 00:06:24.365,pulse_batch,x,,,,,3,,12928,118,44,77,77,,9413772044153,
2026-08-18 00:06:24.371,pulse_batch,y,,,,,-3,,7239,-129,-121,0,4,,9413778593637,
2026-08-18 00:06:24.387,pulse_batch,x,,,,,3,,12931,121,47,77,77,,9413794296425,
2026-08-18 00:06:24.394,pulse_batch,y,,,,,-3,,7242,-132,-124,0,4,,9413801510034,
2026-08-18 00:06:24.408,pulse_batch,x,,,,,3,,12934,124,50,77,77,,9413814882982,
2026-08-18 00:06:24.415,pulse_batch,y,,,,,-3,,7245,-135,-127,0,4,,9413821907019,
2026-08-18 00:06:24.428,pulse_batch,x,,,,,3,,12937,127,53,77,77,,9413835286245,
2026-08-18 00:06:24.435,pulse_batch,y,,,,,-3,,7248,-138,-130,0,4,,9413842347929,
2026-08-18 00:06:24.450,pulse_batch,x,,,,,3,,12940,130,56,77,77,,9413857355331,
2026-08-18 00:06:24.457,pulse_batch,y,,,,,-3,,7251,-141,-133,0,4,,9413864484608,
2026-08-18 00:06:24.471,pulse_batch,x,,,,,3,,12943,133,59,77,77,,9413878371350,
2026-08-18 00:06:24.478,pulse_batch,y,,,,,-3,,7254,-144,-136,0,4,,9413884983407,
2026-08-18 00:06:24.492,pulse_batch,x,,,,,3,,12946,136,62,77,77,,9413898785612,
2026-08-18 00:06:24.498,pulse_batch,y,,,,,-3,,7257,-147,-139,0,4,,9413905407892,
2026-08-18 00:06:24.514,pulse_batch,x,,,,,3,,12949,139,65,77,77,,9413920713625,
2026-08-18 00:06:24.521,pulse_batch,y,,,,,-3,,7260,-150,-142,0,4,,9413928638750,
2026-08-18 00:06:24.535,pulse_batch,x,,,,,3,,12952,142,68,77,77,,9413942444825,
2026-08-18 00:06:24.542,pulse_batch,y,,,,,-3,,7263,-153,-145,0,4,,9413949206086,
2026-08-18 00:06:24.556,pulse_batch,x,,,,,3,,12955,145,71,77,77,,9413962928587,
2026-08-18 00:06:24.563,pulse_batch,y,,,,,-3,,7266,-156,-148,0,4,,9413969748051,
2026-08-18 00:06:24.578,pulse_batch,x,,,,,3,,12958,148,74,77,77,,9413984684046,
2026-08-18 00:06:24.585,pulse_batch,y,,,,,-3,,7269,-159,-151,0,4,,9413991669527,
2026-08-18 00:06:24.599,pulse_batch,x,,,,,3,,12961,151,77,77,77,,9414006400098,
2026-08-18 00:06:24.606,pulse_batch,y,,,,,-3,,7272,-162,-154,0,4,,9414013290709,
2026-08-18 00:06:24.620,pulse_batch,x,,,,,3,,12964,154,80,77,77,,9414026828230,
2026-08-18 00:06:24.627,pulse_batch,y,,,,,-3,,7275,-165,-157,0,4,,9414033737027,
2026-08-18 00:06:24.641,pulse_batch,x,,,,,3,,12967,157,83,77,77,,9414047955341,
2026-08-18 00:06:24.648,pulse_batch,y,,,,,-3,,7278,-168,-160,0,4,,9414055184987,
2026-08-18 00:06:24.662,pulse_batch,x,,,,,3,,12970,160,86,77,77,,9414068648083,
2026-08-18 00:06:24.669,pulse_batch,y,,,,,-3,,7281,-171,-163,0,4,,9414075718360,
2026-08-18 00:06:24.682,pulse_batch,x,,,,,3,,12973,163,89,77,77,,9414089119956,
2026-08-18 00:06:24.689,pulse_batch,y,,,,,-3,,7284,-174,-166,0,4,,9414096155826,
2026-08-18 00:06:24.703,pulse_batch,x,,,,,3,,12976,166,92,77,77,,9414109818457,
2026-08-18 00:06:24.710,pulse_batch,y,,,,,-3,,7287,-177,-169,0,4,,9414117377751,
2026-08-18 00:06:24.725,pulse_batch,x,,,,,3,,12979,169,95,77,77,,9414131895970,
2026-08-18 00:06:24.731,pulse_batch,y,,,,,-3,,7290,-180,-172,0,4,,9414138076252,
2026-08-18 00:06:24.745,pulse_batch,x,,,,,3,,12982,172,98,77,77,,9414152314621,
2026-08-18 00:06:24.751,pulse_batch,y,,,,,-3,,7293,-183,-175,0,4,,9414158520903,
2026-08-18 00:06:24.766,pulse_batch,x,,,,,3,,12985,175,101,77,77,,9414172765346,
2026-08-18 00:06:24.773,pulse_batch,y,,,,,-3,,7296,-186,-178,0,4,,9414179761939,
2026-08-18 00:06:24.787,pulse_batch,x,,,,,3,,12988,178,104,77,77,,9414194365991,
2026-08-18 00:06:24.794,pulse_batch,y,,,,,-3,,7299,-189,-181,0,4,,9414201479120,
2026-08-18 00:06:24.808,pulse_batch,x,,,,,3,,12991,181,107,77,77,,9414215026567,
2026-08-18 00:06:24.815,pulse_batch,y,,,,,-3,,7302,-192,-184,0,4,,9414221965401,
2026-08-18 00:06:24.828,pulse_batch,x,,,,,3,,12994,184,110,77,77,,9414235446107,
2026-08-18 00:06:24.835,pulse_batch,y,,,,,-3,,7305,-195,-187,0,4,,9414242402570,
2026-08-18 00:06:24.851,pulse_batch,x,,,,,3,,12997,187,113,77,77,,9414257804711,
2026-08-18 00:06:24.858,pulse_batch,y,,,,,-3,,7308,-198,-190,0,4,,9414264552805,
2026-08-18 00:06:24.874,pulse_batch,x,,,,,3,,13000,190,116,77,77,,9414281432845,
2026-08-18 00:06:24.878,pulse_batch,y,,,,,-3,,7311,-201,-193,0,4,,9414285079900,
2026-08-18 00:06:24.895,pulse_batch,x,,,,,3,,13003,193,119,77,77,,9414301871588,
2026-08-18 00:06:24.898,pulse_batch,y,,,,,-3,,7314,-204,-196,0,4,,9414305533402,
2026-08-18 00:06:24.919,pulse_batch,x,,,,,3,,13006,196,122,77,77,,9414325711888,
2026-08-18 00:06:24.922,pulse_batch,y,,,,,-3,,7317,-207,-199,0,4,,9414329112500,
2026-08-18 00:06:24.939,pulse_batch,x,,,,,3,,13009,199,125,77,77,,9414346346538,
2026-08-18 00:06:24.942,pulse_batch,y,,,,,-3,,7320,-210,-202,0,4,,9414349633132,
2026-08-18 00:06:24.960,pulse_batch,x,,,,,3,,13012,202,128,77,77,,9414366844856,
2026-08-18 00:06:24.963,pulse_batch,y,,,,,-3,,7323,-213,-205,0,4,,9414370034987,
2026-08-18 00:06:24.982,pulse_batch,x,,,,,3,,13015,205,131,77,77,,9414389529921,
2026-08-18 00:06:24.986,pulse_batch,y,,,,,-3,,7326,-216,-208,0,4,,9414392948125,
2026-08-18 00:06:25.003,pulse_batch,x,,,,,3,,13018,208,134,77,77,,9414410451939,
2026-08-18 00:06:25.006,pulse_batch,y,,,,,-3,,7329,-219,-211,0,4,,9414413482664,
2026-08-18 00:06:25.024,pulse_batch,x,,,,,3,,13021,211,137,77,77,,9414430889665,
2026-08-18 00:06:25.027,pulse_batch,y,,,,,-3,,7332,-222,-214,0,4,,9414433931815,
2026-08-18 00:06:25.045,pulse_batch,x,,,,,3,,13024,214,140,77,77,,9414451943386,
2026-08-18 00:06:25.048,pulse_batch,y,,,,,-3,,7335,-225,-217,0,4,,9414455545349,
2026-08-18 00:06:25.065,pulse_batch,x,,,,,3,,13027,217,143,77,77,,9414472564962,
2026-08-18 00:06:25.069,pulse_batch,y,,,,,-3,,7338,-228,-220,0,4,,9414476180388,
2026-08-18 00:06:25.086,pulse_batch,x,,,,,3,,13030,220,146,77,77,,9414493027650,
2026-08-18 00:06:25.090,pulse_batch,y,,,,,-3,,7341,-231,-223,0,4,,9414496729316,
2026-08-18 00:06:25.106,pulse_batch,x,,,,,3,,13033,223,149,77,77,,9414513488561,
2026-08-18 00:06:25.111,pulse_batch,y,,,,,-3,,7344,-234,-226,0,4,,9414518462608,
2026-08-18 00:06:25.129,pulse_batch,x,,,,,3,,13036,226,152,77,77,,9414535590388,
2026-08-18 00:06:25.132,pulse_batch,y,,,,,-3,,7347,-237,-229,0,4,,9414539486034,
2026-08-18 00:06:25.149,pulse_batch,x,,,,,3,,13039,229,155,77,77,,9414555985169,
2026-08-18 00:06:25.153,pulse_batch,y,,,,,-3,,7350,-240,-232,0,4,,9414559926944,
2026-08-18 00:06:25.169,pulse_batch,x,,,,,3,,13042,232,158,77,77,,9414576435431,
2026-08-18 00:06:25.173,pulse_batch,y,,,,,-3,,7353,-243,-235,0,4,,9414580381503,
2026-08-18 00:06:25.191,pulse_batch,x,,,,,3,,13045,235,161,77,77,,9414598474907,
2026-08-18 00:06:25.195,pulse_batch,y,,,,,-3,,7356,-246,-238,0,4,,9414601789815,
2026-08-18 00:06:25.213,pulse_batch,x,,,,,3,,13048,238,164,77,77,,9414619781980,
2026-08-18 00:06:25.215,pulse_batch,y,,,,,-3,,7359,-249,-241,0,4,,9414622280744,
2026-08-18 00:06:25.233,pulse_batch,x,,,,,3,,13051,241,167,77,77,,9414640213538,
2026-08-18 00:06:25.236,pulse_batch,y,,,,,-3,,7362,-252,-244,0,4,,9414642743117,
2026-08-18 00:06:25.255,pulse_batch,x,,,,,3,,13054,244,170,77,77,,9414661707202,
2026-08-18 00:06:25.258,pulse_batch,y,,,,,-3,,7365,-255,-247,0,4,,9414665200980,
2026-08-18 00:06:25.276,pulse_batch,x,,,,,3,,13057,247,173,77,77,,9414682770535,
2026-08-18 00:06:25.278,pulse_batch,y,,,,,-3,,7368,-258,-250,0,4,,9414685605076,
2026-08-18 00:06:25.296,pulse_batch,x,,,,,3,,13060,250,176,77,77,,9414703458555,
2026-08-18 00:06:25.299,pulse_batch,y,,,,,-3,,7371,-261,-253,0,4,,9414706058986,
2026-08-18 00:06:25.318,pulse_batch,x,,,,,3,,13063,253,179,77,77,,9414724887368,
2026-08-18 00:06:25.321,pulse_batch,y,,,,,-3,,7374,-264,-256,0,4,,9414728407312,
2026-08-18 00:06:25.338,pulse_batch,x,,,,,3,,13066,256,182,77,77,,9414745455777,
2026-08-18 00:06:25.342,pulse_batch,y,,,,,-3,,7377,-267,-259,0,4,,9414749145276,
2026-08-18 00:06:25.359,pulse_batch,x,,,,,3,,13069,259,185,77,77,,9414765882873,
2026-08-18 00:06:25.362,pulse_batch,y,,,,,-3,,7380,-270,-262,0,4,,9414769551390,
2026-08-18 00:06:25.381,pulse_batch,x,,,,,3,,13072,262,188,77,77,,9414787941423,
2026-08-18 00:06:25.384,pulse_batch,y,,,,,-3,,7383,-273,-265,0,4,,9414791540959,
2026-08-18 00:06:25.402,pulse_batch,x,,,,,3,,13075,265,191,77,77,,9414808840238,
2026-08-18 00:06:25.405,pulse_batch,y,,,,,-3,,7386,-276,-268,0,4,,9414812188165,
2026-08-18 00:06:25.422,pulse_batch,x,,,,,3,,13078,268,194,77,77,,9414829360111,
2026-08-18 00:06:25.425,pulse_batch,y,,,,,-3,,7389,-279,-271,0,4,,9414832579909,
2026-08-18 00:06:25.444,pulse_batch,x,,,,,3,,13081,271,197,77,77,,9414851496123,
2026-08-18 00:06:25.448,pulse_batch,y,,,,,-3,,7392,-282,-274,0,4,,9414854876939,
2026-08-18 00:06:25.465,pulse_batch,x,,,,,3,,13084,274,200,77,77,,9414872219125,
2026-08-18 00:06:25.468,pulse_batch,y,,,,,-3,,7395,-285,-277,0,4,,9414875433034,
2026-08-18 00:06:25.485,pulse_batch,x,,,,,3,,13087,277,203,77,77,,9414892652313,
2026-08-18 00:06:25.489,pulse_batch,y,,,,,-3,,7398,-288,-280,0,4,,9414895870037,
2026-08-18 00:06:25.506,pulse_batch,x,,,,,3,,13090,280,206,77,77,,9414913124056,
2026-08-18 00:06:25.511,pulse_batch,y,,,,,-3,,7401,-291,-283,0,4,,9414916419872,
2026-08-18 00:06:25.528,pulse_batch,x,,,,,3,,13093,283,209,77,77,,9414935550382,
2026-08-18 00:06:25.530,pulse_batch,y,,,,,-3,,7404,-294,-286,0,4,,9414937356632,
2026-08-18 00:06:25.549,pulse_batch,x,,,,,3,,13096,286,212,77,77,,9414956012589,
2026-08-18 00:06:25.551,pulse_batch,y,,,,,-3,,7407,-297,-289,0,4,,9414957798579,
2026-08-18 00:06:25.571,pulse_batch,y,,,,,-3,,7410,-300,-292,0,4,,9414978285045,
2026-08-18 00:06:25.571,pulse_batch,x,,,,,3,,13099,289,215,77,77,,9414978472192,
2026-08-18 00:06:25.592,pulse_batch,x,,,,,3,,13102,292,218,77,77,,9414999201527,
2026-08-18 00:06:25.592,pulse_batch,y,,,,,-3,,7413,-303,-295,0,4,,9414998985694,
2026-08-18 00:06:25.612,pulse_batch,y,,,,,-3,,7416,-306,-298,0,4,,9415019456475,
2026-08-18 00:06:25.612,pulse_batch,x,,,,,3,,13105,295,221,77,77,,9415019662307,
2026-08-18 00:06:25.633,pulse_batch,y,,,,,-3,,7419,-309,-301,0,4,,9415039946015,
2026-08-18 00:06:25.633,pulse_batch,x,,,,,3,,13108,298,224,77,77,,9415040161402,
2026-08-18 00:06:25.655,pulse_batch,x,,,,,3,,13111,301,227,77,77,,9415061703492,
2026-08-18 00:06:25.655,pulse_batch,y,,,,,-3,,7422,-312,-304,0,4,,9415061914047,
2026-08-18 00:06:25.675,pulse_batch,y,,,,,-3,,7425,-315,-307,0,4,,9415082536030,
2026-08-18 00:06:25.676,pulse_batch,x,,,,,3,,13114,304,230,77,77,,9415082871547,
2026-08-18 00:06:25.696,pulse_batch,y,,,,,-3,,7428,-318,-310,0,4,,9415102950996,
2026-08-18 00:06:25.696,pulse_batch,x,,,,,3,,13117,307,233,77,77,,9415103318235,
2026-08-18 00:06:25.716,pulse_batch,y,,,,,-3,,7431,-321,-313,0,4,,9415123522294,
2026-08-18 00:06:25.719,pulse_batch,x,,,,,3,,13120,310,236,77,77,,9415126216225,
2026-08-18 00:06:25.737,pulse_batch,y,,,,,-3,,7434,-324,-316,0,4,,9415144164444,
2026-08-18 00:06:25.740,pulse_batch,x,,,,,3,,13123,313,239,77,77,,9415147517167,
2026-08-18 00:06:25.757,pulse_batch,y,,,,,-3,,7437,-327,-319,0,4,,9415164593855,
2026-08-18 00:06:25.761,pulse_batch,x,,,,,3,,13126,316,242,77,77,,9415167913115,
2026-08-18 00:06:25.781,pulse_batch,y,,,,,-3,,7440,-330,-322,0,4,,9415188279248,
2026-08-18 00:06:25.781,pulse_batch,x,,,,,3,,13129,319,245,77,77,,9415188588265,
2026-08-18 00:06:25.802,pulse_batch,y,,,,,-3,,7443,-333,-325,0,4,,9415208896750,
2026-08-18 00:06:25.802,pulse_batch,x,,,,,3,,13132,322,248,77,77,,9415209203341,
2026-08-18 00:06:25.822,pulse_batch,y,,,,,-3,,7446,-336,-328,0,4,,9415229321105,
2026-08-18 00:06:25.822,pulse_batch,x,,,,,3,,13135,325,251,77,77,,9415229606103,
2026-08-18 00:06:25.845,pulse_batch,x,,,,,3,,13138,328,254,77,77,,9415251790764,
2026-08-18 00:06:25.845,pulse_batch,y,,,,,-3,,7449,-339,-331,0,4,,9415251720264,
2026-08-18 00:06:25.865,pulse_batch,x,,,,,3,,13141,331,257,77,77,,9415272279729,
2026-08-18 00:06:25.867,pulse_batch,y,,,,,-3,,7452,-342,-334,0,4,,9415274327089,
2026-08-18 00:06:25.886,pulse_batch,x,,,,,3,,13144,334,260,77,77,,9415292703047,
2026-08-18 00:06:25.888,pulse_batch,y,,,,,-3,,7455,-345,-337,0,4,,9415294745462,
2026-08-18 00:06:25.906,pulse_batch,x,,,,,3,,13147,337,263,77,77,,9415313205364,
2026-08-18 00:06:25.908,pulse_batch,y,,,,,-3,,7458,-348,-340,0,4,,9415315337798,
2026-08-18 00:06:25.927,pulse_batch,x,,,,,3,,13150,340,266,77,77,,9415333825255,
2026-08-18 00:06:25.930,pulse_batch,y,,,,,-3,,7461,-351,-343,0,4,,9415336705851,
2026-08-18 00:06:25.947,pulse_batch,x,,,,,3,,13153,343,269,77,77,,9415354229444,
2026-08-18 00:06:25.950,pulse_batch,y,,,,,-3,,7464,-354,-346,0,4,,9415357131058,
2026-08-18 00:06:25.967,pulse_batch,x,,,,,3,,13156,346,272,77,77,,9415374638669,
2026-08-18 00:06:25.970,pulse_batch,y,,,,,-3,,7467,-357,-349,0,4,,9415377580135,
2026-08-18 00:06:25.988,pulse_batch,x,,,,,3,,13159,349,275,77,77,,9415395494558,
2026-08-18 00:06:25.992,pulse_batch,y,,,,,-3,,7470,-360,-352,0,4,,9415398913651,
2026-08-18 00:06:26.009,pulse_batch,x,,,,,3,,13162,352,278,77,77,,9415416185634,
2026-08-18 00:06:26.012,pulse_batch,y,,,,,-3,,7473,-363,-355,0,4,,9415419578801,
2026-08-18 00:06:26.030,pulse_batch,x,,,,,3,,13165,355,281,77,77,,9415436698100,
2026-08-18 00:06:26.033,pulse_batch,y,,,,,-3,,7476,-366,-358,0,4,,9415439999490,
2026-08-18 00:06:26.052,pulse_batch,x,,,,,3,,13168,358,284,77,77,,9415459137666,
2026-08-18 00:06:26.055,pulse_batch,y,,,,,-3,,7479,-369,-361,0,4,,9415462431612,
2026-08-18 00:06:26.072,pulse_batch,x,,,,,3,,13171,361,287,77,77,,9415479603743,
2026-08-18 00:06:26.076,pulse_batch,y,,,,,-3,,7482,-372,-364,0,4,,9415483179076,
2026-08-18 00:06:26.093,pulse_batch,x,,,,,3,,13174,364,290,77,77,,9415499993654,
2026-08-18 00:06:26.096,pulse_batch,y,,,,,-3,,7485,-375,-367,0,4,,9415503563616,
2026-08-18 00:06:26.114,pulse_batch,x,,,,,3,,13177,367,293,77,77,,9415521120468,
2026-08-18 00:06:26.118,pulse_batch,y,,,,,-3,,7488,-378,-370,0,4,,9415524910781,
2026-08-18 00:06:26.135,pulse_batch,x,,,,,3,,13180,370,296,77,77,,9415541736285,
2026-08-18 00:06:26.138,pulse_batch,y,,,,,-3,,7491,-381,-373,0,4,,9415545427080,
2026-08-18 00:06:26.155,pulse_batch,x,,,,,3,,13183,373,299,77,77,,9415562190991,
2026-08-18 00:06:26.159,pulse_batch,y,,,,,-3,,7494,-384,-376,0,4,,9415565861398,
2026-08-18 00:06:26.176,pulse_batch,x,,,,,3,,13186,376,302,77,77,,9415582873419,
2026-08-18 00:06:26.184,pulse_batch,y,,,,,-3,,7497,-387,-379,0,4,,9415590837969,
2026-08-18 00:06:26.196,pulse_batch,x,,,,,2,,13188,378,304,77,77,,9415603587013,
2026-08-18 00:06:26.204,pulse_batch,y,,,,,-3,,7500,-390,-382,0,4,,9415611418971,
2026-08-18 00:06:26.217,pulse_batch,x,,,,,3,,13191,381,307,77,77,,9415624177830,
2026-08-18 00:06:26.225,pulse_batch,y,,,,,-3,,7503,-393,-385,0,4,,9415631912974,
2026-08-18 00:06:26.241,pulse_batch,x,,,,,3,,13194,384,310,77,77,,9415647584317,
2026-08-18 00:06:26.248,pulse_batch,y,,,,,-3,,7506,-396,-388,0,4,,9415654835483,
2026-08-18 00:06:26.262,pulse_batch,x,,,,,3,,13197,387,313,77,77,,9415668611150,
2026-08-18 00:06:26.268,pulse_batch,y,,,,,-3,,7509,-399,-391,0,4,,9415675463355,
2026-08-18 00:06:26.282,pulse_batch,x,,,,,3,,13200,390,316,77,77,,9415689176097,
2026-08-18 00:06:26.289,pulse_batch,y,,,,,-3,,7512,-402,-394,0,4,,9415695998802,
2026-08-18 00:06:26.303,pulse_batch,x,,,,,3,,13203,393,319,77,77,,9415709863265,
2026-08-18 00:06:26.309,pulse_batch,y,,,,,-3,,7515,-405,-397,0,4,,9415716546749,
2026-08-18 00:06:26.325,pulse_batch,x,,,,,3,,13206,396,322,77,77,,9415732227203,
2026-08-18 00:06:26.332,pulse_batch,y,,,,,-3,,7518,-408,-400,0,4,,9415739362832,
2026-08-18 00:06:26.346,pulse_batch,x,,,,,3,,13209,399,325,77,77,,9415753634497,
2026-08-18 00:06:26.353,pulse_batch,y,,,,,-3,,7521,-411,-403,0,4,,9415759896853,
2026-08-18 00:06:26.369,pulse_batch,x,,,,,3,,13212,402,328,77,77,,9415776064063,
2026-08-18 00:06:26.373,pulse_batch,y,,,,,-3,,7524,-414,-406,0,4,,9415780397503,
2026-08-18 00:06:26.391,pulse_batch,x,,,,,3,,13215,405,331,77,77,,9415798045095,
2026-08-18 00:06:26.395,pulse_batch,y,,,,,-3,,7527,-417,-409,0,4,,9415801749594,
2026-08-18 00:06:26.412,pulse_batch,x,,,,,3,,13218,408,334,77,77,,9415818761597,
2026-08-18 00:06:26.417,pulse_batch,y,,,,,-3,,7530,-420,-412,0,4,,9415823986328,
2026-08-18 00:06:26.432,pulse_batch,x,,,,,3,,13221,411,337,77,77,,9415839213303,
2026-08-18 00:06:26.437,pulse_batch,y,,,,,-3,,7533,-423,-415,0,4,,9415844463775,
2026-08-18 00:06:26.449,pulse_batch,y,,,,,-1,,7534,-424,-416,0,4,,9415856099232,
2026-08-18 00:06:26.450,move_finish,y,,,21,,,,7534,-424,-416,0,4,,9415856867154,
2026-08-18 00:06:26.453,pulse_batch,x,,,,,3,,13224,414,340,77,77,,9415859854101,
2026-08-18 00:06:26.475,pulse_batch,x,,,,,3,,13227,417,343,77,77,,9415881939577,
2026-08-18 00:06:26.495,pulse_batch,x,,,,,3,,13230,420,346,77,77,,9415902441635,
2026-08-18 00:06:26.518,pulse_batch,x,,,,,3,,13233,423,349,77,77,,9415925349107,
2026-08-18 00:06:26.539,pulse_batch,x,,,,,3,,13236,426,352,77,77,,9415946180996,
2026-08-18 00:06:26.560,pulse_batch,x,,,,,3,,13239,429,355,77,77,,9415966666555,
2026-08-18 00:06:26.580,pulse_batch,x,,,,,3,,13242,432,358,77,77,,9415987306334,
2026-08-18 00:06:26.601,pulse_batch,x,,,,,3,,13245,435,361,77,77,,9416008303168,
2026-08-18 00:06:26.622,pulse_batch,x,,,,,3,,13248,438,364,77,77,,9416028988373,
2026-08-18 00:06:26.642,pulse_batch,x,,,,,3,,13251,441,367,77,77,,9416049528283,
2026-08-18 00:06:26.665,pulse_batch,x,,,,,3,,13254,444,370,77,77,,9416072203941,
2026-08-18 00:06:26.686,pulse_batch,x,,,,,3,,13257,447,373,77,77,,9416092767684,
2026-08-18 00:06:26.706,pulse_batch,x,,,,,3,,13260,450,376,77,77,,9416113367816,
2026-08-18 00:06:26.730,pulse_batch,x,,,,,3,,13263,453,379,77,77,,9416136782655,
2026-08-18 00:06:26.750,pulse_batch,x,,,,,3,,13266,456,382,77,77,,9416157317879,
2026-08-18 00:06:26.772,pulse_batch,x,,,,,3,,13269,459,385,77,77,,9416179527002,
2026-08-18 00:06:26.795,pulse_batch,x,,,,,3,,13272,462,388,77,77,,9416202063476,
2026-08-18 00:06:26.816,pulse_batch,x,,,,,3,,13275,465,391,77,77,,9416222777718,
2026-08-18 00:06:26.836,pulse_batch,x,,,,,3,,13278,468,394,77,77,,9416243439775,
2026-08-18 00:06:26.860,pulse_batch,x,,,,,3,,13281,471,397,77,77,,9416266835633,
2026-08-18 00:06:26.881,pulse_batch,x,,,,,3,,13284,474,400,77,77,,9416288136465,
2026-08-18 00:06:26.902,pulse_batch,x,,,,,3,,13287,477,403,77,77,,9416308623005,
2026-08-18 00:06:26.923,pulse_batch,x,,,,,3,,13290,480,406,77,77,,9416329634782,
2026-08-18 00:06:26.943,pulse_batch,x,,,,,3,,13293,483,409,77,77,,9416350179025,
2026-08-18 00:06:26.964,pulse_batch,x,,,,,3,,13296,486,412,77,77,,9416370648325,
2026-08-18 00:06:26.984,pulse_batch,x,,,,,3,,13299,489,415,77,77,,9416391423844,
2026-08-18 00:06:27.005,pulse_batch,x,,,,,3,,13302,492,418,77,77,,9416411932458,
2026-08-18 00:06:27.025,pulse_batch,x,,,,,3,,13305,495,421,77,77,,9416432478016,
2026-08-18 00:06:27.048,pulse_batch,x,,,,,3,,13308,498,424,77,77,,9416453037852,
2026-08-18 00:06:27.067,pulse_batch,x,,,,,3,,13311,501,427,77,77,,9416473755149,
2026-08-18 00:06:27.087,pulse_batch,x,,,,,3,,13314,504,430,77,77,,9416494234708,
2026-08-18 00:06:27.108,pulse_batch,x,,,,,3,,13317,507,433,77,77,,9416514733748,
2026-08-18 00:06:27.129,pulse_batch,x,,,,,3,,13320,510,436,77,77,,9416535508712,
2026-08-18 00:06:27.149,pulse_batch,x,,,,,3,,13323,513,439,77,77,,9416556026140,
2026-08-18 00:06:27.169,pulse_batch,x,,,,,3,,13326,516,442,77,77,,9416576518550,
2026-08-18 00:06:27.191,pulse_batch,x,,,,,3,,13329,519,445,77,77,,9416598442453,
2026-08-18 00:06:27.212,pulse_batch,x,,,,,3,,13332,522,448,77,77,,9416619084584,
2026-08-18 00:06:27.232,pulse_batch,x,,,,,3,,13335,525,451,77,77,,9416639562550,
2026-08-18 00:06:27.255,pulse_batch,x,,,,,3,,13338,528,454,77,77,,9416661721840,
2026-08-18 00:06:27.275,pulse_batch,x,,,,,3,,13341,531,457,77,77,,9416682332231,
2026-08-18 00:06:27.296,pulse_batch,x,,,,,3,,13344,534,460,77,77,,9416702780623,
2026-08-18 00:06:27.306,pulse_batch,x,,,,,1,,13345,535,461,77,77,,9416713044865,
2026-08-18 00:06:27.306,move_finish,x,,,21,,,,13345,535,461,77,77,,9416713255235,
2026-08-18 00:06:27.505,approach_source_finish,x,1,stored,,,,-1,,535,461,77,77,461,,
2026-08-18 00:06:27.505,approach_source_finish,y,1,stored,,,,-1,,-424,-416,0,4,-416,,
2026-08-18 00:06:27.510,move_start,x,,,22,-164,,-1,13345,535,461,77,77,,9416917056860,
2026-08-18 00:06:27.510,move_start,y,,,22,-14,,-1,7534,-424,-416,0,4,,9416917127860,
2026-08-18 00:06:27.514,pulse_batch,x,,,,,-1,,13346,534,461,76,77,,9416920934506,
2026-08-18 00:06:27.514,pulse_batch,y,,,,,-1,,7535,-425,-417,0,4,,9416921014339,
2026-08-18 00:06:27.535,pulse_batch,y,,,,,-3,,7538,-428,-420,0,4,,9416941724896,
2026-08-18 00:06:27.535,pulse_batch,x,,,,,-3,,13349,531,461,73,77,,9416941644860,
2026-08-18 00:06:27.555,pulse_batch,x,,,,,-3,,13352,528,461,70,77,,9416962139714,
2026-08-18 00:06:27.555,pulse_batch,y,,,,,-3,,7541,-431,-423,0,4,,9416962205992,
2026-08-18 00:06:27.576,pulse_batch,y,,,,,-3,,7544,-434,-426,0,4,,9416982702291,
2026-08-18 00:06:27.576,pulse_batch,x,,,,,-3,,13355,525,461,67,77,,9416982629476,
2026-08-18 00:06:27.596,pulse_batch,x,,,,,-3,,13358,522,461,64,77,,9417003235312,
2026-08-18 00:06:27.596,pulse_batch,y,,,,,-3,,7547,-437,-429,0,4,,9417003480366,
2026-08-18 00:06:27.607,pulse_batch,y,,,,,-1,,7548,-438,-430,0,4,,9417013705053,
2026-08-18 00:06:27.607,move_finish,y,,,22,,,,7548,-438,-430,0,4,,9417013867626,
2026-08-18 00:06:27.617,pulse_batch,x,,,,,-3,,13361,519,461,61,77,,9417023754981,
2026-08-18 00:06:27.637,pulse_batch,x,,,,,-3,,13364,516,461,58,77,,9417044346261,
2026-08-18 00:06:27.659,pulse_batch,x,,,,,-3,,13367,513,461,55,77,,9417066069535,
2026-08-18 00:06:27.680,pulse_batch,x,,,,,-3,,13370,510,461,52,77,,9417086831629,
2026-08-18 00:06:27.701,pulse_batch,x,,,,,-3,,13373,507,461,49,77,,9417107889555,
2026-08-18 00:06:27.722,pulse_batch,x,,,,,-3,,13376,504,461,46,77,,9417128625741,
2026-08-18 00:06:27.742,pulse_batch,x,,,,,-3,,13379,501,461,43,77,,9417149208651,
2026-08-18 00:06:27.763,pulse_batch,x,,,,,-3,,13382,498,461,40,77,,9417169684913,
2026-08-18 00:06:27.785,pulse_batch,x,,,,,-3,,13385,495,461,37,77,,9417192145961,
2026-08-18 00:06:27.806,pulse_batch,x,,,,,-3,,13388,492,461,34,77,,9417212715111,
2026-08-18 00:06:27.826,pulse_batch,x,,,,,-3,,13391,489,461,31,77,,9417233167485,
2026-08-18 00:06:27.850,pulse_batch,x,,,,,-3,,13394,486,461,28,77,,9417257432153,
2026-08-18 00:06:27.871,pulse_batch,x,,,,,-3,,13397,483,461,25,77,,9417278117636,
2026-08-18 00:06:27.892,pulse_batch,x,,,,,-3,,13400,480,461,22,77,,9417298648249,
2026-08-18 00:06:27.916,pulse_batch,x,,,,,-3,,13403,477,461,19,77,,9417322714900,
2026-08-18 00:06:27.936,pulse_batch,x,,,,,-3,,13406,474,461,16,77,,9417343381568,
2026-08-18 00:06:27.957,pulse_batch,x,,,,,-3,,13409,471,461,13,77,,9417363948941,
2026-08-18 00:06:27.977,pulse_batch,x,,,,,-3,,13412,468,461,10,77,,9417384599165,
2026-08-18 00:06:28.004,pulse_batch,x,,,,,-3,,13415,465,461,7,77,,9417411027340,
2026-08-18 00:06:28.024,pulse_batch,x,,,,,-3,,13418,462,461,4,77,,9417431506417,
2026-08-18 00:06:28.045,pulse_batch,x,,,,,-3,,13421,459,461,1,77,,9417452025660,
2026-08-18 00:06:28.066,pulse_batch,x,,,,,-3,,13424,456,459,0,77,,9417473439399,
2026-08-18 00:06:28.087,pulse_batch,x,,,,,-3,,13427,453,456,0,77,,9417494000383,
2026-08-18 00:06:28.107,pulse_batch,x,,,,,-3,,13430,450,453,0,77,,9417514477534,
2026-08-18 00:06:28.129,pulse_batch,x,,,,,-3,,13433,447,450,0,77,,9417536118568,
2026-08-18 00:06:28.150,pulse_batch,x,,,,,-3,,13436,444,447,0,77,,9417556684366,
2026-08-18 00:06:28.173,pulse_batch,x,,,,,-3,,13439,441,444,0,77,,9417579848744,
2026-08-18 00:06:28.193,pulse_batch,x,,,,,-3,,13442,438,441,0,77,,9417600579912,
2026-08-18 00:06:28.214,pulse_batch,x,,,,,-3,,13445,435,438,0,77,,9417621388747,
2026-08-18 00:06:28.235,pulse_batch,x,,,,,-3,,13448,432,435,0,77,,9417641943434,
2026-08-18 00:06:28.256,pulse_batch,x,,,,,-3,,13451,429,432,0,77,,9417663038415,
2026-08-18 00:06:28.279,pulse_batch,x,,,,,-3,,13454,426,429,0,77,,9417685662184,
2026-08-18 00:06:28.299,pulse_batch,x,,,,,-3,,13457,423,426,0,77,,9417706171187,
2026-08-18 00:06:28.320,pulse_batch,x,,,,,-3,,13460,420,423,0,77,,9417727091484,
2026-08-18 00:06:28.341,pulse_batch,x,,,,,-3,,13463,417,420,0,77,,9417747771245,
2026-08-18 00:06:28.361,pulse_batch,x,,,,,-3,,13466,414,417,0,77,,9417768225415,
2026-08-18 00:06:28.383,pulse_batch,x,,,,,-3,,13469,411,414,0,77,,9417790071318,
2026-08-18 00:06:28.407,pulse_batch,x,,,,,-3,,13472,408,411,0,77,,9417814448837,
2026-08-18 00:06:28.428,pulse_batch,x,,,,,-3,,13475,405,408,0,77,,9417834894636,
2026-08-18 00:06:28.450,pulse_batch,x,,,,,-3,,13478,402,405,0,77,,9417856910872,
2026-08-18 00:06:28.471,pulse_batch,x,,,,,-3,,13481,399,402,0,77,,9417877692114,
2026-08-18 00:06:28.491,pulse_batch,x,,,,,-3,,13484,396,399,0,77,,9417898176024,
2026-08-18 00:06:28.512,pulse_batch,x,,,,,-3,,13487,393,396,0,77,,9417918701823,
2026-08-18 00:06:28.536,pulse_batch,x,,,,,-3,,13490,390,393,0,77,,9417943047027,
2026-08-18 00:06:28.556,pulse_batch,x,,,,,-3,,13493,387,390,0,77,,9417963576585,
2026-08-18 00:06:28.577,pulse_batch,x,,,,,-3,,13496,384,387,0,77,,9417984063570,
2026-08-18 00:06:28.598,pulse_batch,x,,,,,-3,,13499,381,384,0,77,,9418005197791,
2026-08-18 00:06:28.618,pulse_batch,x,,,,,-3,,13502,378,381,0,77,,9418025630535,
2026-08-18 00:06:28.639,pulse_batch,x,,,,,-3,,13505,375,378,0,77,,9418046129168,
2026-08-18 00:06:28.660,pulse_batch,x,,,,,-3,,13508,372,375,0,77,,9418067006631,
2026-08-18 00:06:28.670,pulse_batch,x,,,,,-1,,13509,371,374,0,77,,9418077391428,
2026-08-18 00:06:28.670,move_finish,x,,,22,,,,13509,371,374,0,77,,9418077598038,
2026-08-18 00:06:28.840,target_finish,x,1,stored,,,,,,371,374,0,77,374,,ok=True
2026-08-18 00:06:28.840,target_finish,y,1,stored,,,,,,-438,-430,0,4,-430,,ok=True
2026-08-18 00:06:31.853,target_start,x,2,stored,,,,,,371,374,0,77,-67,,
2026-08-18 00:06:31.854,target_start,y,2,stored,,,,,,-438,-430,0,4,-430,,
2026-08-18 00:06:31.854,approach_source_start,x,2,stored,,,,-1,,371,374,0,77,20,,
2026-08-18 00:06:31.854,approach_source_start,y,2,stored,,,,-1,,-438,-430,0,4,-416,,
2026-08-18 00:06:31.858,move_start,x,,,23,-354,,-1,13509,371,374,0,77,,9421265211752,
2026-08-18 00:06:31.858,move_start,y,,,23,18,,1,7548,-438,-430,0,4,,9421265299974,
2026-08-18 00:06:31.862,pulse_batch,y,,,,,1,,7549,-437,-430,1,4,,9421269202676,
2026-08-18 00:06:31.863,pulse_batch,x,,,,,-1,,13510,370,373,0,77,,9421270066504,
2026-08-18 00:06:31.883,pulse_batch,y,,,,,3,,7552,-434,-430,4,4,,9421290264472,
2026-08-18 00:06:31.884,pulse_batch,x,,,,,-3,,13513,367,370,0,77,,9421291139393,
2026-08-18 00:06:31.904,pulse_batch,y,,,,,3,,7555,-431,-427,4,4,,9421310845159,
2026-08-18 00:06:31.905,pulse_batch,x,,,,,-3,,13516,364,367,0,77,,9421311668600,
2026-08-18 00:06:31.927,pulse_batch,y,,,,,3,,7558,-428,-424,4,4,,9421331555994,
2026-08-18 00:06:31.927,pulse_batch,x,,,,,-3,,13519,361,364,0,77,,9421334282036,
2026-08-18 00:06:31.945,pulse_batch,y,,,,,3,,7561,-425,-421,4,4,,9421352045886,
2026-08-18 00:06:31.948,pulse_batch,x,,,,,-3,,13522,358,361,0,77,,9421354818316,
2026-08-18 00:06:31.966,pulse_batch,y,,,,,3,,7564,-422,-418,4,4,,9421372650629,
2026-08-18 00:06:31.968,pulse_batch,x,,,,,-3,,13525,355,358,0,77,,9421375307504,
2026-08-18 00:06:31.983,pulse_batch,y,,,,,2,,7566,-420,-416,4,4,,9421389891705,
2026-08-18 00:06:31.983,move_finish,y,,,23,,,,7566,-420,-416,4,4,,9421390248666,
2026-08-18 00:06:31.992,pulse_batch,x,,,,,-3,,13528,352,355,0,77,,9421398854139,
2026-08-18 00:06:32.014,pulse_batch,x,,,,,-3,,13531,349,352,0,77,,9421420691561,
2026-08-18 00:06:32.034,pulse_batch,x,,,,,-3,,13534,346,349,0,77,,9421441098694,
2026-08-18 00:06:32.055,pulse_batch,x,,,,,-3,,13537,343,346,0,77,,9421461717548,
2026-08-18 00:06:32.075,pulse_batch,x,,,,,-3,,13540,340,343,0,77,,9421482490327,
2026-08-18 00:06:32.096,pulse_batch,x,,,,,-3,,13543,337,340,0,77,,9421502906256,
2026-08-18 00:06:32.117,pulse_batch,x,,,,,-3,,13546,334,337,0,77,,9421523803109,
2026-08-18 00:06:32.138,pulse_batch,x,,,,,-3,,13549,331,334,0,77,,9421545463476,
2026-08-18 00:06:32.159,pulse_batch,x,,,,,-3,,13552,328,331,0,77,,9421566354440,
2026-08-18 00:06:32.180,pulse_batch,x,,,,,-3,,13555,325,328,0,77,,9421586892091,
2026-08-18 00:06:32.201,pulse_batch,x,,,,,-3,,13558,322,325,0,77,,9421607652926,
2026-08-18 00:06:32.221,pulse_batch,x,,,,,-3,,13561,319,322,0,77,,9421628171466,
2026-08-18 00:06:32.242,pulse_batch,x,,,,,-3,,13564,316,319,0,77,,9421648625172,
2026-08-18 00:06:32.263,pulse_batch,x,,,,,-3,,13567,313,316,0,77,,9421669939708,
2026-08-18 00:06:32.284,pulse_batch,x,,,,,-3,,13570,310,313,0,77,,9421690679784,
2026-08-18 00:06:32.304,pulse_batch,x,,,,,-3,,13573,307,310,0,77,,9421711136972,
2026-08-18 00:06:32.325,pulse_batch,x,,,,,-3,,13576,304,307,0,77,,9421731785474,
2026-08-18 00:06:32.345,pulse_batch,x,,,,,-3,,13579,301,304,0,77,,9421752326051,
2026-08-18 00:06:32.366,pulse_batch,x,,,,,-3,,13582,298,301,0,77,,9421772786832,
2026-08-18 00:06:32.386,pulse_batch,x,,,,,-3,,13585,295,298,0,77,,9421793593037,
2026-08-18 00:06:32.407,pulse_batch,x,,,,,-3,,13588,292,295,0,77,,9421814355390,
2026-08-18 00:06:32.428,pulse_batch,x,,,,,-3,,13591,289,292,0,77,,9421834841523,
2026-08-18 00:06:32.448,pulse_batch,x,,,,,-3,,13594,286,289,0,77,,9421855294119,
2026-08-18 00:06:32.471,pulse_batch,x,,,,,-3,,13597,283,286,0,77,,9421878564662,
2026-08-18 00:06:32.492,pulse_batch,x,,,,,-3,,13600,280,283,0,77,,9421899045202,
2026-08-18 00:06:32.512,pulse_batch,x,,,,,-3,,13603,277,280,0,77,,9421919580853,
2026-08-18 00:06:32.533,pulse_batch,x,,,,,-3,,13606,274,277,0,77,,9421940293540,
2026-08-18 00:06:32.554,pulse_batch,x,,,,,-3,,13609,271,274,0,77,,9421960975913,
2026-08-18 00:06:32.574,pulse_batch,x,,,,,-3,,13612,268,271,0,77,,9421981454064,
2026-08-18 00:06:32.595,pulse_batch,x,,,,,-3,,13615,265,268,0,77,,9422002143436,
2026-08-18 00:06:32.616,pulse_batch,x,,,,,-3,,13618,262,265,0,77,,9422022812938,
2026-08-18 00:06:32.636,pulse_batch,x,,,,,-3,,13621,259,262,0,77,,9422043265886,
2026-08-18 00:06:32.657,pulse_batch,x,,,,,-3,,13624,256,259,0,77,,9422063855703,
2026-08-18 00:06:32.677,pulse_batch,x,,,,,-3,,13627,253,256,0,77,,9422084419391,
2026-08-18 00:06:32.698,pulse_batch,x,,,,,-3,,13630,250,253,0,77,,9422104873468,
2026-08-18 00:06:32.721,pulse_batch,x,,,,,-3,,13633,247,250,0,77,,9422127742977,
2026-08-18 00:06:32.741,pulse_batch,x,,,,,-3,,13636,244,247,0,77,,9422148415553,
2026-08-18 00:06:32.762,pulse_batch,x,,,,,-3,,13639,241,244,0,77,,9422168977852,
2026-08-18 00:06:32.782,pulse_batch,x,,,,,-3,,13642,238,241,0,77,,9422189461799,
2026-08-18 00:06:32.805,pulse_batch,x,,,,,-3,,13645,235,238,0,77,,9422212154087,
2026-08-18 00:06:32.826,pulse_batch,x,,,,,-3,,13648,232,235,0,77,,9422232703404,
2026-08-18 00:06:32.846,pulse_batch,x,,,,,-3,,13651,229,232,0,77,,9422253238499,
2026-08-18 00:06:32.867,pulse_batch,x,,,,,-3,,13654,226,229,0,77,,9422274241037,
2026-08-18 00:06:32.889,pulse_batch,x,,,,,-3,,13657,223,226,0,77,,9422295996866,
2026-08-18 00:06:32.909,pulse_batch,x,,,,,-3,,13660,220,223,0,77,,9422316434610,
2026-08-18 00:06:32.933,pulse_batch,x,,,,,-3,,13663,217,220,0,77,,9422340109059,
2026-08-18 00:06:32.954,pulse_batch,x,,,,,-3,,13666,214,217,0,77,,9422360708432,
2026-08-18 00:06:32.977,pulse_batch,x,,,,,-3,,13669,211,214,0,77,,9422384082698,
2026-08-18 00:06:32.998,pulse_batch,x,,,,,-3,,13672,208,211,0,77,,9422405538270,
2026-08-18 00:06:33.019,pulse_batch,x,,,,,-3,,13675,205,208,0,77,,9422426226271,
2026-08-18 00:06:33.040,pulse_batch,x,,,,,-3,,13678,202,205,0,77,,9422446813570,
2026-08-18 00:06:33.060,pulse_batch,x,,,,,-3,,13681,199,202,0,77,,9422467574813,
2026-08-18 00:06:33.081,pulse_batch,x,,,,,-3,,13684,196,199,0,77,,9422488260889,
2026-08-18 00:06:33.102,pulse_batch,x,,,,,-3,,13687,193,196,0,77,,9422508727429,
2026-08-18 00:06:33.124,pulse_batch,x,,,,,-3,,13690,190,193,0,77,,9422530905145,
2026-08-18 00:06:33.147,pulse_batch,x,,,,,-3,,13693,187,190,0,77,,9422553839061,
2026-08-18 00:06:33.167,pulse_batch,x,,,,,-3,,13696,184,187,0,77,,9422574308342,
2026-08-18 00:06:33.188,pulse_batch,x,,,,,-3,,13699,181,184,0,77,,9422595105695,
2026-08-18 00:06:33.209,pulse_batch,x,,,,,-3,,13702,178,181,0,77,,9422615725160,
2026-08-18 00:06:33.229,pulse_batch,x,,,,,-3,,13705,175,178,0,77,,9422636221682,
2026-08-18 00:06:33.250,pulse_batch,x,,,,,-3,,13708,172,175,0,77,,9422656827481,
2026-08-18 00:06:33.271,pulse_batch,x,,,,,-3,,13711,169,172,0,77,,9422678093609,
2026-08-18 00:06:33.291,pulse_batch,x,,,,,-3,,13714,166,169,0,77,,9422698571075,
2026-08-18 00:06:33.312,pulse_batch,x,,,,,-3,,13717,163,166,0,77,,9422719062745,
2026-08-18 00:06:33.334,pulse_batch,x,,,,,-3,,13720,160,163,0,77,,9422740973537,
2026-08-18 00:06:33.354,pulse_batch,x,,,,,-3,,13723,157,160,0,77,,9422761527799,
2026-08-18 00:06:33.375,pulse_batch,x,,,,,-3,,13726,154,157,0,77,,9422782013005,
2026-08-18 00:06:33.396,pulse_batch,x,,,,,-3,,13729,151,154,0,77,,9422802640859,
2026-08-18 00:06:33.416,pulse_batch,x,,,,,-3,,13732,148,151,0,77,,9422823250102,
2026-08-18 00:06:33.437,pulse_batch,x,,,,,-3,,13735,145,148,0,77,,9422843775050,
2026-08-18 00:06:33.457,pulse_batch,x,,,,,-3,,13738,142,145,0,77,,9422864510774,
2026-08-18 00:06:33.478,pulse_batch,x,,,,,-3,,13741,139,142,0,77,,9422885126702,
2026-08-18 00:06:33.498,pulse_batch,x,,,,,-3,,13744,136,139,0,77,,9422905583131,
2026-08-18 00:06:33.521,pulse_batch,x,,,,,-3,,13747,133,136,0,77,,9422928204252,
2026-08-18 00:06:33.542,pulse_batch,x,,,,,-3,,13750,130,133,0,77,,9422949010568,
2026-08-18 00:06:33.562,pulse_batch,x,,,,,-3,,13753,127,130,0,77,,9422969472664,
2026-08-18 00:06:33.583,pulse_batch,x,,,,,-3,,13756,124,127,0,77,,9422990448683,
2026-08-18 00:06:33.606,pulse_batch,x,,,,,-3,,13759,121,124,0,77,,9423012787732,
2026-08-18 00:06:33.626,pulse_batch,x,,,,,-3,,13762,118,121,0,77,,9423033304494,
2026-08-18 00:06:33.647,pulse_batch,x,,,,,-3,,13765,115,118,0,77,,9423054081718,
2026-08-18 00:06:33.668,pulse_batch,x,,,,,-3,,13768,112,115,0,77,,9423075082329,
2026-08-18 00:06:33.689,pulse_batch,x,,,,,-3,,13771,109,112,0,77,,9423095986237,
2026-08-18 00:06:33.710,pulse_batch,x,,,,,-3,,13774,106,109,0,77,,9423117364013,
2026-08-18 00:06:33.731,pulse_batch,x,,,,,-3,,13777,103,106,0,77,,9423138247237,
2026-08-18 00:06:33.752,pulse_batch,x,,,,,-3,,13780,100,103,0,77,,9423158884980,
2026-08-18 00:06:33.772,pulse_batch,x,,,,,-3,,13783,97,100,0,77,,9423179398668,
2026-08-18 00:06:33.793,pulse_batch,x,,,,,-3,,13786,94,97,0,77,,9423200080096,
2026-08-18 00:06:33.814,pulse_batch,x,,,,,-3,,13789,91,94,0,77,,9423220734616,
2026-08-18 00:06:33.834,pulse_batch,x,,,,,-3,,13792,88,91,0,77,,9423241284008,
2026-08-18 00:06:33.855,pulse_batch,x,,,,,-3,,13795,85,88,0,77,,9423262193083,
2026-08-18 00:06:33.876,pulse_batch,x,,,,,-3,,13798,82,85,0,77,,9423282845344,
2026-08-18 00:06:33.896,pulse_batch,x,,,,,-3,,13801,79,82,0,77,,9423303377939,
2026-08-18 00:06:33.917,pulse_batch,x,,,,,-3,,13804,76,79,0,77,,9423324383477,
2026-08-18 00:06:33.938,pulse_batch,x,,,,,-3,,13807,73,76,0,77,,9423345427051,
2026-08-18 00:06:33.959,pulse_batch,x,,,,,-3,,13810,70,73,0,77,,9423365941424,
2026-08-18 00:06:33.979,pulse_batch,x,,,,,-3,,13813,67,70,0,77,,9423386462908,
2026-08-18 00:06:34.002,pulse_batch,x,,,,,-3,,13816,64,67,0,77,,9423409163159,
2026-08-18 00:06:34.023,pulse_batch,x,,,,,-3,,13819,61,64,0,77,,9423429757365,
2026-08-18 00:06:34.044,pulse_batch,x,,,,,-3,,13822,58,61,0,77,,9423450700440,
2026-08-18 00:06:34.065,pulse_batch,x,,,,,-3,,13825,55,58,0,77,,9423471753014,
2026-08-18 00:06:34.085,pulse_batch,x,,,,,-3,,13828,52,55,0,77,,9423492477627,
2026-08-18 00:06:34.106,pulse_batch,x,,,,,-3,,13831,49,52,0,77,,9423512957574,
2026-08-18 00:06:34.128,pulse_batch,x,,,,,-3,,13834,46,49,0,77,,9423535123976,
2026-08-18 00:06:34.149,pulse_batch,x,,,,,-3,,13837,43,46,0,77,,9423556289013,
2026-08-18 00:06:34.170,pulse_batch,x,,,,,-3,,13840,40,43,0,77,,9423576758386,
2026-08-18 00:06:34.192,pulse_batch,x,,,,,-3,,13843,37,40,0,77,,9423598821362,
2026-08-18 00:06:34.212,pulse_batch,x,,,,,-3,,13846,34,37,0,77,,9423619596086,
2026-08-18 00:06:34.233,pulse_batch,x,,,,,-3,,13849,31,34,0,77,,9423640083867,
2026-08-18 00:06:34.255,pulse_batch,x,,,,,-3,,13852,28,31,0,77,,9423661683920,
2026-08-18 00:06:34.275,pulse_batch,x,,,,,-3,,13855,25,28,0,77,,9423682377625,
2026-08-18 00:06:34.296,pulse_batch,x,,,,,-3,,13858,22,25,0,77,,9423702873721,
2026-08-18 00:06:34.316,pulse_batch,x,,,,,-3,,13861,19,22,0,77,,9423723529056,
2026-08-18 00:06:34.335,pulse_batch,x,,,,,-2,,13863,17,20,0,77,,9423742071162,
2026-08-18 00:06:34.336,move_finish,x,,,23,,,,13863,17,20,0,77,,9423742716103,
2026-08-18 00:06:34.512,approach_source_finish,x,2,stored,,,,-1,,17,20,0,77,20,,
2026-08-18 00:06:34.512,approach_source_finish,y,2,stored,,,,-1,,-420,-416,4,4,-416,,
2026-08-18 00:06:34.516,move_start,x,,,24,-87,,-1,13863,17,20,0,77,,9423923515465,
2026-08-18 00:06:34.517,move_start,y,,,24,-18,,-1,7566,-420,-416,4,4,,9423923582242,
2026-08-18 00:06:34.520,pulse_batch,x,,,,,-1,,13864,16,19,0,77,,9423927290037,
2026-08-18 00:06:34.520,pulse_batch,y,,,,,-1,,7567,-421,-416,3,4,,9423927364500,
2026-08-18 00:06:34.541,pulse_batch,x,,,,,-3,,13867,13,16,0,77,,9423947915336,
2026-08-18 00:06:34.542,pulse_batch,y,,,,,-3,,7570,-424,-416,0,4,,9423948018280,
2026-08-18 00:06:34.561,pulse_batch,x,,,,,-3,,13870,10,13,0,77,,9423968439579,
2026-08-18 00:06:34.561,pulse_batch,y,,,,,-3,,7573,-427,-419,0,4,,9423968520246,
2026-08-18 00:06:34.582,pulse_batch,x,,,,,-3,,13873,7,10,0,77,,9423988922268,
2026-08-18 00:06:34.584,pulse_batch,y,,,,,-3,,7576,-430,-422,0,4,,9423990889350,
2026-08-18 00:06:34.604,pulse_batch,x,,,,,-3,,13876,4,7,0,77,,9424010732227,
2026-08-18 00:06:34.608,pulse_batch,y,,,,,-3,,7579,-433,-425,0,4,,9424014753594,
2026-08-18 00:06:34.624,pulse_batch,x,,,,,-3,,13879,1,4,0,77,,9424031363062,
2026-08-18 00:06:34.628,pulse_batch,y,,,,,-3,,7582,-436,-428,0,4,,9424035260801,
2026-08-18 00:06:34.645,pulse_batch,x,,,,,-3,,13882,-2,1,0,77,,9424051856380,
2026-08-18 00:06:34.645,pulse_batch,y,,,,,-2,,7584,-438,-430,0,4,,9424052273582,
2026-08-18 00:06:34.646,move_finish,y,,,24,,,,7584,-438,-430,0,4,,9424052434173,
2026-08-18 00:06:34.666,pulse_batch,x,,,,,-3,,13885,-5,-2,0,77,,9424072959510,
2026-08-18 00:06:34.687,pulse_batch,x,,,,,-3,,13888,-8,-5,0,77,,9424094475359,
2026-08-18 00:06:34.708,pulse_batch,x,,,,,-3,,13891,-11,-8,0,77,,9424115255120,
2026-08-18 00:06:34.730,pulse_batch,x,,,,,-3,,13894,-14,-11,0,77,,9424137217837,
2026-08-18 00:06:34.751,pulse_batch,x,,,,,-3,,13897,-17,-14,0,77,,9424157823581,
2026-08-18 00:06:34.771,pulse_batch,x,,,,,-3,,13900,-20,-17,0,77,,9424178332417,
2026-08-18 00:06:34.792,pulse_batch,x,,,,,-3,,13903,-23,-20,0,77,,9424199453602,
2026-08-18 00:06:34.813,pulse_batch,x,,,,,-3,,13906,-26,-23,0,77,,9424220025604,
2026-08-18 00:06:34.833,pulse_batch,x,,,,,-3,,13909,-29,-26,0,77,,9424240492367,
2026-08-18 00:06:34.855,pulse_batch,x,,,,,-3,,13912,-32,-29,0,77,,9424262364566,
2026-08-18 00:06:34.879,pulse_batch,x,,,,,-3,,13915,-35,-32,0,77,,9424286425328,
2026-08-18 00:06:34.900,pulse_batch,x,,,,,-3,,13918,-38,-35,0,77,,9424306880646,
2026-08-18 00:06:34.922,pulse_batch,x,,,,,-3,,13921,-41,-38,0,77,,9424328569772,
2026-08-18 00:06:34.942,pulse_batch,x,,,,,-3,,13924,-44,-41,0,77,,9424349231052,
2026-08-18 00:06:34.963,pulse_batch,x,,,,,-3,,13927,-47,-44,0,77,,9424369734259,
2026-08-18 00:06:34.983,pulse_batch,x,,,,,-3,,13930,-50,-47,0,77,,9424390456353,
2026-08-18 00:06:35.005,pulse_batch,x,,,,,-3,,13933,-53,-50,0,77,,9424412458534,
2026-08-18 00:06:35.026,pulse_batch,x,,,,,-3,,13936,-56,-53,0,77,,9424433016685,
2026-08-18 00:06:35.048,pulse_batch,x,,,,,-3,,13939,-59,-56,0,77,,9424455535751,
2026-08-18 00:06:35.069,pulse_batch,x,,,,,-3,,13942,-62,-59,0,77,,9424476232790,
2026-08-18 00:06:35.090,pulse_batch,x,,,,,-3,,13945,-65,-62,0,77,,9424496743849,
2026-08-18 00:06:35.110,pulse_batch,x,,,,,-3,,13948,-68,-65,0,77,,9424517219778,
2026-08-18 00:06:35.128,pulse_batch,x,,,,,-2,,13950,-70,-67,0,77,,9424535612570,
2026-08-18 00:06:35.129,move_finish,x,,,24,,,,13950,-70,-67,0,77,,9424535888142,
2026-08-18 00:06:35.313,target_finish,x,2,stored,,,,,,-70,-67,0,77,-67,,ok=True
2026-08-18 00:06:35.313,target_finish,y,2,stored,,,,,,-438,-430,0,4,-430,,ok=True
2026-08-18 00:06:38.324,target_start,x,3,stored,,,,,,-70,-67,0,77,-17,,
2026-08-18 00:06:38.324,target_start,y,3,stored,,,,,,-438,-430,0,4,-658,,
2026-08-18 00:06:38.324,approach_source_start,x,3,stored,,,,1,,-70,-67,0,77,-104,,
2026-08-18 00:06:38.324,approach_source_start,y,3,stored,,,,-1,,-438,-430,0,4,-644,,
2026-08-18 00:06:38.329,move_start,y,,,25,-214,,-1,7584,-438,-430,0,4,,9427735590817,
2026-08-18 00:06:38.329,move_start,x,,,25,-37,,-1,13950,-70,-67,0,77,,9427735661780,
2026-08-18 00:06:38.332,pulse_batch,y,,,,,-1,,7585,-439,-431,0,4,,9427739456778,
2026-08-18 00:06:38.333,pulse_batch,x,,,,,-1,,13951,-71,-68,0,77,,9427740305126,
2026-08-18 00:06:38.353,pulse_batch,y,,,,,-3,,7588,-442,-434,0,4,,9427760280076,
2026-08-18 00:06:38.354,pulse_batch,x,,,,,-3,,13954,-74,-71,0,77,,9427761319274,
2026-08-18 00:06:38.374,pulse_batch,y,,,,,-3,,7591,-445,-437,0,4,,9427780797487,
2026-08-18 00:06:38.375,pulse_batch,x,,,,,-3,,13957,-77,-74,0,77,,9427781730445,
2026-08-18 00:06:38.398,pulse_batch,x,,,,,-3,,13960,-80,-77,0,77,,9427804904526,
2026-08-18 00:06:38.398,pulse_batch,y,,,,,-3,,7594,-448,-440,0,4,,9427804767712,
2026-08-18 00:06:38.418,pulse_batch,y,,,,,-3,,7597,-451,-443,0,4,,9427825384474,
2026-08-18 00:06:38.419,pulse_batch,x,,,,,-3,,13963,-83,-80,0,77,,9427825498122,
2026-08-18 00:06:38.439,pulse_batch,x,,,,,-3,,13966,-86,-83,0,77,,9427845919051,
2026-08-18 00:06:38.439,pulse_batch,y,,,,,-3,,7600,-454,-446,0,4,,9427845852255,
2026-08-18 00:06:38.460,pulse_batch,y,,,,,-3,,7603,-457,-449,0,4,,9427867109273,
2026-08-18 00:06:38.465,pulse_batch,x,,,,,-3,,13969,-89,-86,0,77,,9427871761637,
2026-08-18 00:06:38.482,pulse_batch,y,,,,,-3,,7606,-460,-452,0,4,,9427888956047,
2026-08-18 00:06:38.485,pulse_batch,x,,,,,-3,,13972,-92,-89,0,77,,9427892327622,
2026-08-18 00:06:38.502,pulse_batch,y,,,,,-3,,7609,-463,-455,0,4,,9427909500624,
2026-08-18 00:06:38.506,pulse_batch,x,,,,,-3,,13975,-95,-92,0,77,,9427912726996,
2026-08-18 00:06:38.523,pulse_batch,y,,,,,-3,,7612,-466,-458,0,4,,9427930521809,
2026-08-18 00:06:38.527,pulse_batch,x,,,,,-3,,13978,-98,-95,0,77,,9427933965273,
2026-08-18 00:06:38.544,pulse_batch,y,,,,,-3,,7615,-469,-461,0,4,,9427951228274,
2026-08-18 00:06:38.547,pulse_batch,x,,,,,-3,,13981,-101,-98,0,77,,9427954488887,
2026-08-18 00:06:38.565,pulse_batch,y,,,,,-3,,7618,-472,-464,0,4,,9427971733518,
2026-08-18 00:06:38.568,pulse_batch,x,,,,,-3,,13984,-104,-101,0,77,,9427974902816,
2026-08-18 00:06:38.587,pulse_batch,y,,,,,-3,,7621,-475,-467,0,4,,9427993635625,
2026-08-18 00:06:38.588,pulse_batch,x,,,,,-3,,13987,-107,-104,0,77,,9427995395449,
2026-08-18 00:06:38.592,move_finish,x,,,25,,,,13987,-107,-104,0,77,,9427998879801,
2026-08-18 00:06:38.608,pulse_batch,y,,,,,-3,,7624,-478,-470,0,4,,9428014749421,
2026-08-18 00:06:38.628,pulse_batch,y,,,,,-3,,7627,-481,-473,0,4,,9428035197480,
2026-08-18 00:06:38.649,pulse_batch,y,,,,,-3,,7630,-484,-476,0,4,,9428055680150,
2026-08-18 00:06:38.671,pulse_batch,y,,,,,-3,,7633,-487,-479,0,4,,9428078349772,
2026-08-18 00:06:38.692,pulse_batch,y,,,,,-3,,7636,-490,-482,0,4,,9428099544234,
2026-08-18 00:06:38.713,pulse_batch,y,,,,,-3,,7639,-493,-485,0,4,,9428120324643,
2026-08-18 00:06:38.736,pulse_batch,y,,,,,-3,,7642,-496,-488,0,4,,9428142701007,
2026-08-18 00:06:38.759,pulse_batch,y,,,,,-3,,7645,-499,-491,0,4,,9428166538140,
2026-08-18 00:06:38.780,pulse_batch,y,,,,,-3,,7648,-502,-494,0,4,,9428187442438,
2026-08-18 00:06:38.805,pulse_batch,y,,,,,-3,,7651,-505,-497,0,4,,9428212101715,
2026-08-18 00:06:38.826,pulse_batch,y,,,,,-3,,7654,-508,-500,0,4,,9428232998531,
2026-08-18 00:06:38.846,pulse_batch,y,,,,,-3,,7657,-511,-503,0,4,,9428253549590,
2026-08-18 00:06:38.869,pulse_batch,y,,,,,-3,,7660,-514,-506,0,4,,9428276086804,
2026-08-18 00:06:38.890,pulse_batch,y,,,,,-3,,7663,-517,-509,0,4,,9428296671029,
2026-08-18 00:06:38.910,pulse_batch,y,,,,,-3,,7666,-520,-512,0,4,,9428317060255,
2026-08-18 00:06:38.931,pulse_batch,y,,,,,-3,,7669,-523,-515,0,4,,9428337902608,
2026-08-18 00:06:38.951,pulse_batch,y,,,,,-3,,7672,-526,-518,0,4,,9428358443222,
2026-08-18 00:06:38.972,pulse_batch,y,,,,,-3,,7675,-529,-521,0,4,,9428378837856,
2026-08-18 00:06:38.995,pulse_batch,y,,,,,-3,,7678,-532,-524,0,4,,9428401953549,
2026-08-18 00:06:39.015,pulse_batch,y,,,,,-3,,7681,-535,-527,0,4,,9428422590181,
2026-08-18 00:06:39.036,pulse_batch,y,,,,,-3,,7684,-538,-530,0,4,,9428443033370,
2026-08-18 00:06:39.061,pulse_batch,y,,,,,-3,,7687,-541,-533,0,4,,9428467865424,
2026-08-18 00:06:39.082,pulse_batch,y,,,,,-3,,7690,-544,-536,0,4,,9428488691314,
2026-08-18 00:06:39.102,pulse_batch,y,,,,,-3,,7693,-547,-539,0,4,,9428509078207,
2026-08-18 00:06:39.125,pulse_batch,y,,,,,-3,,7696,-550,-542,0,4,,9428531296072,
2026-08-18 00:06:39.147,pulse_batch,y,,,,,-3,,7699,-553,-545,0,4,,9428554412450,
2026-08-18 00:06:39.168,pulse_batch,y,,,,,-3,,7702,-556,-548,0,4,,9428574858176,
2026-08-18 00:06:39.189,pulse_batch,y,,,,,-3,,7705,-559,-551,0,4,,9428595827954,
2026-08-18 00:06:39.211,pulse_batch,y,,,,,-3,,7708,-562,-554,0,4,,9428618049022,
2026-08-18 00:06:39.231,pulse_batch,y,,,,,-3,,7711,-565,-557,0,4,,9428638499174,
2026-08-18 00:06:39.252,pulse_batch,y,,,,,-3,,7714,-568,-560,0,4,,9428658949270,
2026-08-18 00:06:39.274,pulse_batch,y,,,,,-3,,7717,-571,-563,0,4,,9428681491003,
2026-08-18 00:06:39.295,pulse_batch,y,,,,,-3,,7720,-574,-566,0,4,,9428701976229,
2026-08-18 00:06:39.315,pulse_batch,y,,,,,-3,,7723,-577,-569,0,4,,9428722435436,
2026-08-18 00:06:39.338,pulse_batch,y,,,,,-3,,7726,-580,-572,0,4,,9428744657911,
2026-08-18 00:06:39.358,pulse_batch,y,,,,,-3,,7729,-583,-575,0,4,,9428765232803,
2026-08-18 00:06:39.380,pulse_batch,y,,,,,-3,,7732,-586,-578,0,4,,9428786874541,
2026-08-18 00:06:39.401,pulse_batch,y,,,,,-3,,7735,-589,-581,0,4,,9428808084948,
2026-08-18 00:06:39.423,pulse_batch,y,,,,,-3,,7738,-592,-584,0,4,,9428829776500,
2026-08-18 00:06:39.443,pulse_batch,y,,,,,-3,,7741,-595,-587,0,4,,9428850198337,
2026-08-18 00:06:39.464,pulse_batch,y,,,,,-3,,7744,-598,-590,0,4,,9428871517799,
2026-08-18 00:06:39.486,pulse_batch,y,,,,,-3,,7747,-601,-593,0,4,,9428893332388,
2026-08-18 00:06:39.507,pulse_batch,y,,,,,-3,,7750,-604,-596,0,4,,9428913763392,
2026-08-18 00:06:39.528,pulse_batch,y,,,,,-3,,7753,-607,-599,0,4,,9428934878669,
2026-08-18 00:06:39.548,pulse_batch,y,,,,,-3,,7756,-610,-602,0,4,,9428955461746,
2026-08-18 00:06:39.569,pulse_batch,y,,,,,-3,,7759,-613,-605,0,4,,9428975893713,
2026-08-18 00:06:39.591,pulse_batch,y,,,,,-3,,7762,-616,-608,0,4,,9428998206262,
2026-08-18 00:06:39.612,pulse_batch,y,,,,,-3,,7765,-619,-611,0,4,,9429018876468,
2026-08-18 00:06:39.632,pulse_batch,y,,,,,-3,,7768,-622,-614,0,4,,9429039325805,
2026-08-18 00:06:39.653,pulse_batch,y,,,,,-3,,7771,-625,-617,0,4,,9429059796401,
2026-08-18 00:06:39.675,pulse_batch,y,,,,,-3,,7774,-628,-620,0,4,,9429081799748,
2026-08-18 00:06:39.695,pulse_batch,y,,,,,-3,,7777,-631,-623,0,4,,9429102299807,
2026-08-18 00:06:39.716,pulse_batch,y,,,,,-3,,7780,-634,-626,0,4,,9429122735588,
2026-08-18 00:06:39.738,pulse_batch,y,,,,,-3,,7783,-637,-629,0,4,,9429145231099,
2026-08-18 00:06:39.759,pulse_batch,y,,,,,-3,,7786,-640,-632,0,4,,9429165686788,
2026-08-18 00:06:39.781,pulse_batch,y,,,,,-3,,7789,-643,-635,0,4,,9429188090336,
2026-08-18 00:06:39.802,pulse_batch,y,,,,,-3,,7792,-646,-638,0,4,,9429209113855,
2026-08-18 00:06:39.823,pulse_batch,y,,,,,-3,,7795,-649,-641,0,4,,9429229778413,
2026-08-18 00:06:39.843,pulse_batch,y,,,,,-3,,7798,-652,-644,0,4,,9429250182732,
2026-08-18 00:06:39.846,move_finish,y,,,25,,,,7798,-652,-644,0,4,,9429253630991,
2026-08-18 00:06:39.982,approach_source_finish,x,3,stored,,,,1,,-107,-104,0,77,-104,,
2026-08-18 00:06:39.982,approach_source_finish,y,3,stored,,,,-1,,-652,-644,0,4,-644,,
2026-08-18 00:06:39.987,move_start,y,,,26,-14,,-1,7798,-652,-644,0,4,,9429394061567,
2026-08-18 00:06:39.987,move_start,x,,,26,164,,1,13987,-107,-104,0,77,,9429393973845,
2026-08-18 00:06:39.991,pulse_batch,x,,,,,1,,13988,-106,-104,1,77,,9429398028602,
2026-08-18 00:06:39.991,pulse_batch,y,,,,,-1,,7799,-653,-645,0,4,,9429398354526,
2026-08-18 00:06:40.011,pulse_batch,x,,,,,3,,13991,-103,-104,4,77,,9429418494012,
2026-08-18 00:06:40.012,pulse_batch,y,,,,,-3,,7802,-656,-648,0,4,,9429418843437,
2026-08-18 00:06:40.032,pulse_batch,x,,,,,3,,13994,-100,-104,7,77,,9429438976294,
2026-08-18 00:06:40.032,pulse_batch,y,,,,,-3,,7805,-659,-651,0,4,,9429439314551,
2026-08-18 00:06:40.052,pulse_batch,x,,,,,3,,13997,-97,-104,10,77,,9429459520334,
2026-08-18 00:06:40.053,pulse_batch,y,,,,,-3,,7808,-662,-654,0,4,,9429460016553,
2026-08-18 00:06:40.073,pulse_batch,x,,,,,3,,14000,-94,-104,13,77,,9429480240632,
2026-08-18 00:06:40.073,pulse_batch,y,,,,,-3,,7811,-665,-657,0,4,,9429480556612,
2026-08-18 00:06:40.084,pulse_batch,y,,,,,-1,,7812,-666,-658,0,4,,9429490763817,
2026-08-18 00:06:40.084,move_finish,y,,,26,,,,7812,-666,-658,0,4,,9429490897965,
2026-08-18 00:06:40.094,pulse_batch,x,,,,,3,,14003,-91,-104,16,77,,9429500765635,
2026-08-18 00:06:40.116,pulse_batch,x,,,,,3,,14006,-88,-104,19,77,,9429522824019,
2026-08-18 00:06:40.139,pulse_batch,x,,,,,3,,14009,-85,-104,22,77,,9429545812231,
2026-08-18 00:06:40.159,pulse_batch,x,,,,,3,,14012,-82,-104,25,77,,9429566445493,
2026-08-18 00:06:40.180,pulse_batch,x,,,,,3,,14015,-79,-104,28,77,,9429587287958,
2026-08-18 00:06:40.202,pulse_batch,x,,,,,3,,14018,-76,-104,31,77,,9429608655419,
2026-08-18 00:06:40.223,pulse_batch,x,,,,,3,,14021,-73,-104,34,77,,9429630389286,
2026-08-18 00:06:40.244,pulse_batch,x,,,,,3,,14024,-70,-104,37,77,,9429650825697,
2026-08-18 00:06:40.265,pulse_batch,x,,,,,3,,14027,-67,-104,40,77,,9429672372343,
2026-08-18 00:06:40.287,pulse_batch,x,,,,,3,,14030,-64,-104,43,77,,9429693698453,
2026-08-18 00:06:40.307,pulse_batch,x,,,,,3,,14033,-61,-104,46,77,,9429714122661,
2026-08-18 00:06:40.328,pulse_batch,x,,,,,3,,14036,-58,-104,49,77,,9429735591548,
2026-08-18 00:06:40.349,pulse_batch,x,,,,,3,,14039,-55,-104,52,77,,9429756645715,
2026-08-18 00:06:40.370,pulse_batch,x,,,,,3,,14042,-52,-104,55,77,,9429777094903,
2026-08-18 00:06:40.391,pulse_batch,x,,,,,3,,14045,-49,-104,58,77,,9429798588920,
2026-08-18 00:06:40.412,pulse_batch,x,,,,,3,,14048,-46,-104,61,77,,9429819327181,
2026-08-18 00:06:40.433,pulse_batch,x,,,,,3,,14051,-43,-104,64,77,,9429839806221,
2026-08-18 00:06:40.458,pulse_batch,x,,,,,3,,14054,-40,-104,67,77,,9429865345624,
2026-08-18 00:06:40.481,pulse_batch,x,,,,,3,,14057,-37,-104,70,77,,9429887596711,
2026-08-18 00:06:40.501,pulse_batch,x,,,,,3,,14060,-34,-104,73,77,,9429908116677,
2026-08-18 00:06:40.522,pulse_batch,x,,,,,3,,14063,-31,-104,76,77,,9429928938512,
2026-08-18 00:06:40.544,pulse_batch,x,,,,,3,,14066,-28,-102,77,77,,9429951255154,
2026-08-18 00:06:40.565,pulse_batch,x,,,,,3,,14069,-25,-99,77,77,,9429971703453,
2026-08-18 00:06:40.585,pulse_batch,x,,,,,3,,14072,-22,-96,77,77,,9429992144290,
2026-08-18 00:06:40.606,pulse_batch,x,,,,,3,,14075,-19,-93,77,77,,9430013003032,
2026-08-18 00:06:40.626,pulse_batch,x,,,,,3,,14078,-16,-90,77,77,,9430033411129,
2026-08-18 00:06:40.647,pulse_batch,x,,,,,3,,14081,-13,-87,77,77,,9430053828910,
2026-08-18 00:06:40.669,pulse_batch,x,,,,,3,,14084,-10,-84,77,77,,9430076092478,
2026-08-18 00:06:40.690,pulse_batch,x,,,,,3,,14087,-7,-81,77,77,,9430096836406,
2026-08-18 00:06:40.710,pulse_batch,x,,,,,3,,14090,-4,-78,77,77,,9430117336668,
2026-08-18 00:06:40.734,pulse_batch,x,,,,,3,,14093,-1,-75,77,77,,9430140999544,
2026-08-18 00:06:40.755,pulse_batch,x,,,,,3,,14096,2,-72,77,77,,9430161760064,
2026-08-18 00:06:40.775,pulse_batch,x,,,,,3,,14099,5,-69,77,77,,9430182158272,
2026-08-18 00:06:40.796,pulse_batch,x,,,,,3,,14102,8,-66,77,77,,9430202843237,
2026-08-18 00:06:40.816,pulse_batch,x,,,,,3,,14105,11,-63,77,77,,9430223464166,
2026-08-18 00:06:40.837,pulse_batch,x,,,,,3,,14108,14,-60,77,77,,9430243890317,
2026-08-18 00:06:40.858,pulse_batch,x,,,,,3,,14111,17,-57,77,77,,9430265537722,
2026-08-18 00:06:40.879,pulse_batch,x,,,,,3,,14114,20,-54,77,77,,9430286196187,
2026-08-18 00:06:40.900,pulse_batch,x,,,,,3,,14117,23,-51,77,77,,9430306651543,
2026-08-18 00:06:40.920,pulse_batch,x,,,,,3,,14120,26,-48,77,77,,9430327314452,
2026-08-18 00:06:40.941,pulse_batch,x,,,,,3,,14123,29,-45,77,77,,9430347950548,
2026-08-18 00:06:40.961,pulse_batch,x,,,,,3,,14126,32,-42,77,77,,9430368439680,
2026-08-18 00:06:40.982,pulse_batch,x,,,,,3,,14129,35,-39,77,77,,9430388907351,
2026-08-18 00:06:41.003,pulse_batch,x,,,,,3,,14132,38,-36,77,77,,9430409781926,
2026-08-18 00:06:41.023,pulse_batch,x,,,,,3,,14135,41,-33,77,77,,9430430342947,
2026-08-18 00:06:41.044,pulse_batch,x,,,,,3,,14138,44,-30,77,77,,9430450793210,
2026-08-18 00:06:41.066,pulse_batch,x,,,,,3,,14141,47,-27,77,77,,9430472672910,
2026-08-18 00:06:41.086,pulse_batch,x,,,,,3,,14144,50,-24,77,77,,9430493388060,
2026-08-18 00:06:41.107,pulse_batch,x,,,,,3,,14147,53,-21,77,77,,9430513832749,
2026-08-18 00:06:41.129,pulse_batch,x,,,,,3,,14150,56,-18,77,77,,9430536245464,
2026-08-18 00:06:41.140,pulse_batch,x,,,,,1,,14151,57,-17,77,77,,9430546523818,
2026-08-18 00:06:41.140,move_finish,x,,,26,,,,14151,57,-17,77,77,,9430547119741,
2026-08-18 00:06:41.317,target_finish,x,3,stored,,,,,,57,-17,77,77,-17,,ok=True
2026-08-18 00:06:41.317,target_finish,y,3,stored,,,,,,-666,-658,0,4,-658,,ok=True
