timestamp,event,axis,row,target_kind,move_id,requested_steps,batch_delta,direction,total_pulses,raw_position_steps,logical_position_steps,gap_steps,backlash_steps,target_position_steps,monotonic_ns,message
2026-08-19 00:16:43.586,continuous_start,x,,,,,,1,0,0,,,77,,5767603273987,
2026-08-19 00:16:43.591,pulse_batch,x,,,,,1,,1,1,,,77,,5767608756061,
2026-08-19 00:16:43.612,pulse_batch,x,,,,,2,,3,3,,,77,,5767629446571,
2026-08-19 00:16:43.632,pulse_batch,x,,,,,2,,5,5,,,77,,5767649763307,
2026-08-19 00:16:43.653,pulse_batch,x,,,,,2,,7,7,,,77,,5767670231894,
2026-08-19 00:16:43.673,pulse_batch,x,,,,,2,,9,9,,,77,,5767690693906,
2026-08-19 00:16:43.693,pulse_batch,x,,,,,2,,11,11,,,77,,5767711056698,
2026-08-19 00:16:43.714,pulse_batch,x,,,,,2,,13,13,,,77,,5767731492581,
2026-08-19 00:16:43.734,pulse_batch,x,,,,,2,,15,15,,,77,,5767751984889,
2026-08-19 00:16:43.755,pulse_batch,x,,,,,2,,17,17,,,77,,5767772347662,
2026-08-19 00:16:43.775,pulse_batch,x,,,,,2,,19,19,,,77,,5767792680417,
2026-08-19 00:16:43.795,pulse_batch,x,,,,,2,,21,21,,,77,,5767813192299,
2026-08-19 00:16:43.816,pulse_batch,x,,,,,2,,23,23,,,77,,5767833691700,
2026-08-19 00:16:43.836,pulse_batch,x,,,,,2,,25,25,,,77,,5767854046714,
2026-08-19 00:16:43.857,pulse_batch,x,,,,,2,,27,27,,,77,,5767874515041,
2026-08-19 00:16:43.877,pulse_batch,x,,,,,2,,29,29,,,77,,5767894903462,
2026-08-19 00:16:43.897,pulse_batch,x,,,,,2,,31,31,,,77,,5767915232253,
2026-08-19 00:16:43.918,pulse_batch,x,,,,,2,,33,33,,,77,,5767935777969,
2026-08-19 00:16:43.939,pulse_batch,x,,,,,2,,35,35,,,77,,5767956364424,
2026-08-19 00:16:43.959,pulse_batch,x,,,,,2,,37,37,,,77,,5767976678920,
2026-08-19 00:16:43.981,pulse_batch,x,,,,,2,,39,39,,,77,,5767998918174,
2026-08-19 00:16:44.002,pulse_batch,x,,,,,2,,41,41,,,77,,5768019436297,
2026-08-19 00:16:44.022,pulse_batch,x,,,,,2,,43,43,,,77,,5768039798329,
2026-08-19 00:16:44.042,pulse_batch,x,,,,,2,,45,45,,,77,,5768060113121,
2026-08-19 00:16:44.063,pulse_batch,x,,,,,2,,47,47,,,77,,5768080627929,
2026-08-19 00:16:44.083,pulse_batch,x,,,,,2,,49,49,,,77,,5768101026387,
2026-08-19 00:16:44.104,pulse_batch,x,,,,,2,,51,51,,,77,,5768121316253,
2026-08-19 00:16:44.125,pulse_batch,x,,,,,2,,53,53,,,77,,5768142532647,
2026-08-19 00:16:44.145,pulse_batch,x,,,,,2,,55,55,,,77,,5768163054882,
2026-08-19 00:16:44.166,pulse_batch,x,,,,,2,,57,57,,,77,,5768183351026,
2026-08-19 00:16:44.186,pulse_batch,x,,,,,2,,59,59,,,77,,5768203998388,
2026-08-19 00:16:44.207,pulse_batch,x,,,,,2,,61,61,,,77,,5768224404754,
2026-08-19 00:16:44.227,pulse_batch,x,,,,,2,,63,63,,,77,,5768244740416,
2026-08-19 00:16:44.248,pulse_batch,x,,,,,2,,65,65,,,77,,5768265529962,
2026-08-19 00:16:44.268,pulse_batch,x,,,,,2,,67,67,,,77,,5768285992401,
2026-08-19 00:16:44.289,pulse_batch,x,,,,,2,,69,69,,,77,,5768306319582,
2026-08-19 00:16:44.309,pulse_batch,x,,,,,2,,71,71,,,77,,5768326624151,
2026-08-19 00:16:44.330,pulse_batch,x,,,,,2,,73,73,,,77,,5768347708898,
2026-08-19 00:16:44.350,pulse_batch,x,,,,,2,,75,75,,,77,,5768367999968,
2026-08-19 00:16:44.371,pulse_batch,x,,,,,2,,77,77,,,77,,5768388293853,
2026-08-19 00:16:44.392,pulse_batch,x,,,,,2,,79,79,,,77,,5768409368915,
2026-08-19 00:16:44.412,pulse_batch,x,,,,,2,,81,81,,,77,,5768429830372,
2026-08-19 00:16:44.432,pulse_batch,x,,,,,2,,83,83,,,77,,5768450147442,
2026-08-19 00:16:44.454,pulse_batch,x,,,,,2,,85,85,,,77,,5768471469650,
2026-08-19 00:16:44.477,pulse_batch,x,,,,,2,,87,87,,,77,,5768494339527,
2026-08-19 00:16:44.497,pulse_batch,x,,,,,2,,89,89,,,77,,5768514642412,
2026-08-19 00:16:44.518,pulse_batch,x,,,,,2,,91,91,,,77,,5768535333163,
2026-08-19 00:16:44.538,pulse_batch,x,,,,,2,,93,93,,,77,,5768555714658,
2026-08-19 00:16:44.558,pulse_batch,x,,,,,2,,95,95,,,77,,5768576043950,
2026-08-19 00:16:44.579,pulse_batch,x,,,,,2,,97,97,,,77,,5768596417722,
2026-08-19 00:16:44.599,pulse_batch,x,,,,,2,,99,99,,,77,,5768616816551,
2026-08-19 00:16:44.619,pulse_batch,x,,,,,2,,101,101,,,77,,5768637170490,
2026-08-19 00:16:44.640,pulse_batch,x,,,,,2,,103,103,,,77,,5768657852797,
2026-08-19 00:16:44.661,pulse_batch,x,,,,,2,,105,105,,,77,,5768678353958,
2026-08-19 00:16:44.681,pulse_batch,x,,,,,2,,107,107,,,77,,5768698813248,
2026-08-19 00:16:44.701,pulse_batch,x,,,,,2,,109,109,,,77,,5768719124910,
2026-08-19 00:16:44.722,pulse_batch,x,,,,,2,,111,111,,,77,,5768740105399,
2026-08-19 00:16:44.743,pulse_batch,x,,,,,2,,113,113,,,77,,5768760662948,
2026-08-19 00:16:44.763,pulse_batch,x,,,,,2,,115,115,,,77,,5768780976296,
2026-08-19 00:16:44.784,pulse_batch,x,,,,,2,,117,117,,,77,,5768801796990,
2026-08-19 00:16:44.804,pulse_batch,x,,,,,2,,119,119,,,77,,5768822216448,
2026-08-19 00:16:44.825,pulse_batch,x,,,,,2,,121,121,,,77,,5768842542369,
2026-08-19 00:16:44.845,pulse_batch,x,,,,,2,,123,123,,,77,,5768863160473,
2026-08-19 00:16:44.866,pulse_batch,x,,,,,2,,125,125,,,77,,5768883690151,
2026-08-19 00:16:44.886,pulse_batch,x,,,,,2,,127,127,,,77,,5768903995055,
2026-08-19 00:16:44.907,pulse_batch,x,,,,,2,,129,129,,,77,,5768924287421,
2026-08-19 00:16:44.927,pulse_batch,x,,,,,2,,131,131,,,77,,5768944959839,
2026-08-19 00:16:44.948,pulse_batch,x,,,,,2,,133,133,,,77,,5768965422185,
2026-08-19 00:16:44.968,pulse_batch,x,,,,,2,,135,135,,,77,,5768985703366,
2026-08-19 00:16:44.989,pulse_batch,x,,,,,2,,137,137,,,77,,5769006268637,
2026-08-19 00:16:45.009,pulse_batch,x,,,,,2,,139,139,,,77,,5769026643577,
2026-08-19 00:16:45.029,pulse_batch,x,,,,,2,,141,141,,,77,,5769046980535,
2026-08-19 00:16:45.050,pulse_batch,x,,,,,2,,143,143,,,77,,5769067732916,
2026-08-19 00:16:45.070,pulse_batch,x,,,,,2,,145,145,,,77,,5769088113948,
2026-08-19 00:16:45.091,pulse_batch,x,,,,,2,,147,147,,,77,,5769108438870,
2026-08-19 00:16:45.111,pulse_batch,x,,,,,2,,149,149,,,77,,5769128784976,
2026-08-19 00:16:45.132,pulse_batch,x,,,,,2,,151,151,,,77,,5769149363673,
2026-08-19 00:16:45.152,pulse_batch,x,,,,,2,,153,153,,,77,,5769169643632,
2026-08-19 00:16:45.172,pulse_batch,x,,,,,2,,155,155,,,77,,5769189933184,
2026-08-19 00:16:45.193,pulse_batch,x,,,,,2,,157,157,,,77,,5769210337290,
2026-08-19 00:16:45.213,pulse_batch,x,,,,,2,,159,159,,,77,,5769230823395,
2026-08-19 00:16:45.233,pulse_batch,x,,,,,2,,161,161,,,77,,5769251123651,
2026-08-19 00:16:45.254,pulse_batch,x,,,,,2,,163,163,,,77,,5769271695829,
2026-08-19 00:16:45.274,pulse_batch,x,,,,,2,,165,165,,,77,,5769292047103,
2026-08-19 00:16:45.295,pulse_batch,x,,,,,2,,167,167,,,77,,5769312334043,
2026-08-19 00:16:45.316,pulse_batch,x,,,,,2,,169,169,,,77,,5769333249533,
2026-08-19 00:16:45.336,pulse_batch,x,,,,,2,,171,171,,,77,,5769353726435,
2026-08-19 00:16:45.356,pulse_batch,x,,,,,2,,173,173,,,77,,5769374068597,
2026-08-19 00:16:45.377,pulse_batch,x,,,,,2,,175,175,,,77,,5769394398407,
2026-08-19 00:16:45.398,pulse_batch,x,,,,,2,,177,177,,,77,,5769415242824,
2026-08-19 00:16:45.418,pulse_batch,x,,,,,2,,179,179,,,77,,5769435535246,
2026-08-19 00:16:45.438,pulse_batch,x,,,,,2,,181,181,,,77,,5769456074480,
2026-08-19 00:16:45.463,pulse_batch,x,,,,,2,,183,183,,,77,,5769480171511,
2026-08-19 00:16:45.483,pulse_batch,x,,,,,2,,185,185,,,77,,5769500490748,
2026-08-19 00:16:45.503,pulse_batch,x,,,,,2,,187,187,,,77,,5769520749670,
2026-08-19 00:16:45.524,pulse_batch,x,,,,,2,,189,189,,,77,,5769541281516,
2026-08-19 00:16:45.544,pulse_batch,x,,,,,2,,191,191,,,77,,5769561661437,
2026-08-19 00:16:45.564,pulse_batch,x,,,,,2,,193,193,,,77,,5769581930193,
2026-08-19 00:16:45.585,pulse_batch,x,,,,,2,,195,195,,,77,,5769602848497,
2026-08-19 00:16:45.606,pulse_batch,x,,,,,2,,197,197,,,77,,5769623241326,
2026-08-19 00:16:45.626,pulse_batch,x,,,,,2,,199,199,,,77,,5769643584710,
2026-08-19 00:16:45.646,pulse_batch,x,,,,,2,,201,201,,,77,,5769664097889,
2026-08-19 00:16:45.667,pulse_batch,x,,,,,2,,203,203,,,77,,5769684525514,
2026-08-19 00:16:45.687,pulse_batch,x,,,,,2,,205,205,,,77,,5769704857195,
2026-08-19 00:16:45.708,pulse_batch,x,,,,,2,,207,207,,,77,,5769725432188,
2026-08-19 00:16:45.728,pulse_batch,x,,,,,2,,209,209,,,77,,5769745862460,
2026-08-19 00:16:45.749,pulse_batch,x,,,,,2,,211,211,,,77,,5769766293844,
2026-08-19 00:16:45.769,pulse_batch,x,,,,,2,,213,213,,,77,,5769786554211,
2026-08-19 00:16:45.790,pulse_batch,x,,,,,2,,215,215,,,77,,5769807577477,
2026-08-19 00:16:45.810,pulse_batch,x,,,,,2,,217,217,,,77,,5769828012472,
2026-08-19 00:16:45.830,pulse_batch,x,,,,,2,,219,219,,,77,,5769848285413,
2026-08-19 00:16:45.852,pulse_batch,x,,,,,2,,221,221,,,77,,5769869298827,
2026-08-19 00:16:45.872,pulse_batch,x,,,,,2,,223,223,,,77,,5769889769359,
2026-08-19 00:16:45.893,pulse_batch,x,,,,,2,,225,225,,,77,,5769910561053,
2026-08-19 00:16:45.913,pulse_batch,x,,,,,2,,227,227,,,77,,5769931000141,
2026-08-19 00:16:45.934,pulse_batch,x,,,,,2,,229,229,,,77,,5769951450857,
2026-08-19 00:16:45.954,pulse_batch,x,,,,,2,,231,231,,,77,,5769971874204,
2026-08-19 00:16:45.974,pulse_batch,x,,,,,2,,233,233,,,77,,5769992170552,
2026-08-19 00:16:45.995,pulse_batch,x,,,,,2,,235,235,,,77,,5770012702268,
2026-08-19 00:16:46.017,pulse_batch,x,,,,,2,,237,237,,,77,,5770035040021,
2026-08-19 00:16:46.038,pulse_batch,x,,,,,2,,239,239,,,77,,5770055339258,
2026-08-19 00:16:46.058,pulse_batch,x,,,,,2,,241,241,,,77,,5770075806845,
2026-08-19 00:16:46.081,pulse_batch,x,,,,,2,,243,243,,,77,,5770098266727,
2026-08-19 00:16:46.101,pulse_batch,x,,,,,2,,245,245,,,77,,5770118532149,
2026-08-19 00:16:46.122,pulse_batch,x,,,,,2,,247,247,,,77,,5770139416102,
2026-08-19 00:16:46.142,pulse_batch,x,,,,,2,,249,249,,,77,,5770159758728,
2026-08-19 00:16:46.162,pulse_batch,x,,,,,2,,251,251,,,77,,5770180139482,
2026-08-19 00:16:46.183,pulse_batch,x,,,,,2,,253,253,,,77,,5770200562107,
2026-08-19 00:16:46.188,continuous_stop,x,,,,,,1,253,253,,,77,,5770205730906,
2026-08-19 00:16:50.125,continuous_start,y,,,,,,-1,0,0,,,4,,5774143166189,
2026-08-19 00:16:50.131,pulse_batch,y,,,,,-1,,1,-1,,,4,,5774148606763,
2026-08-19 00:16:50.151,pulse_batch,y,,,,,-2,,3,-3,,,4,,5774169212368,
2026-08-19 00:16:50.172,pulse_batch,y,,,,,-2,,5,-5,,,4,,5774189513958,
2026-08-19 00:16:50.196,pulse_batch,y,,,,,-2,,7,-7,,,4,,5774213513176,
2026-08-19 00:16:50.216,pulse_batch,y,,,,,-2,,9,-9,,,4,,5774233928191,
2026-08-19 00:16:50.237,pulse_batch,y,,,,,-2,,11,-11,,,4,,5774254307428,
2026-08-19 00:16:50.258,pulse_batch,y,,,,,-2,,13,-13,,,4,,5774275591637,
2026-08-19 00:16:50.278,pulse_batch,y,,,,,-2,,15,-15,,,4,,5774296063151,
2026-08-19 00:16:50.299,pulse_batch,y,,,,,-2,,17,-17,,,4,,5774316482239,
2026-08-19 00:16:50.319,pulse_batch,y,,,,,-2,,19,-19,,,4,,5774337011697,
2026-08-19 00:16:50.340,pulse_batch,y,,,,,-2,,21,-21,,,4,,5774357638301,
2026-08-19 00:16:50.360,pulse_batch,y,,,,,-2,,23,-23,,,4,,5774378028075,
2026-08-19 00:16:50.381,pulse_batch,y,,,,,-2,,25,-25,,,4,,5774398343053,
2026-08-19 00:16:50.401,pulse_batch,y,,,,,-2,,27,-27,,,4,,5774418849771,
2026-08-19 00:16:50.422,pulse_batch,y,,,,,-2,,29,-29,,,4,,5774439451709,
2026-08-19 00:16:50.442,pulse_batch,y,,,,,-2,,31,-31,,,4,,5774459828779,
2026-08-19 00:16:50.463,pulse_batch,y,,,,,-2,,33,-33,,,4,,5774480665474,
2026-08-19 00:16:50.483,pulse_batch,y,,,,,-2,,35,-35,,,4,,5774501052674,
2026-08-19 00:16:50.504,pulse_batch,y,,,,,-2,,37,-37,,,4,,5774521379727,
2026-08-19 00:16:50.525,pulse_batch,y,,,,,-2,,39,-39,,,4,,5774542487734,
2026-08-19 00:16:50.545,pulse_batch,y,,,,,-2,,41,-41,,,4,,5774563061821,
2026-08-19 00:16:50.566,pulse_batch,y,,,,,-2,,43,-43,,,4,,5774583371614,
2026-08-19 00:16:50.586,pulse_batch,y,,,,,-2,,45,-45,,,4,,5774603783462,
2026-08-19 00:16:50.607,pulse_batch,y,,,,,-2,,47,-47,,,4,,5774624640157,
2026-08-19 00:16:50.627,pulse_batch,y,,,,,-2,,49,-49,,,4,,5774645036486,
2026-08-19 00:16:50.648,pulse_batch,y,,,,,-2,,51,-51,,,4,,5774665411149,
2026-08-19 00:16:50.668,pulse_batch,y,,,,,-2,,53,-53,,,4,,5774686009476,
2026-08-19 00:16:50.689,pulse_batch,y,,,,,-2,,55,-55,,,4,,5774706550008,
2026-08-19 00:16:50.709,pulse_batch,y,,,,,-2,,57,-57,,,4,,5774726841912,
2026-08-19 00:16:50.730,pulse_batch,y,,,,,-2,,59,-59,,,4,,5774747379573,
2026-08-19 00:16:50.750,pulse_batch,y,,,,,-2,,61,-61,,,4,,5774767884791,
2026-08-19 00:16:50.770,pulse_batch,y,,,,,-2,,63,-63,,,4,,5774788233509,
2026-08-19 00:16:50.791,pulse_batch,y,,,,,-2,,65,-65,,,4,,5774808629802,
2026-08-19 00:16:50.812,pulse_batch,y,,,,,-2,,67,-67,,,4,,5774829249240,
2026-08-19 00:16:50.832,pulse_batch,y,,,,,-2,,69,-69,,,4,,5774849685032,
2026-08-19 00:16:50.853,pulse_batch,y,,,,,-2,,71,-71,,,4,,5774870205026,
2026-08-19 00:16:50.870,pulse_batch,y,,,,,-1,,72,-72,,,4,,5774887645775,
2026-08-19 00:16:50.870,continuous_stop,y,,,,,,-1,72,-72,,,4,,5774887949272,
2026-08-19 00:16:51.792,continuous_start,y,,,,,,-1,72,-72,,,4,,5775809346934,
2026-08-19 00:16:51.798,pulse_batch,y,,,,,-1,,73,-73,,,4,,5775816085643,
2026-08-19 00:16:51.819,pulse_batch,y,,,,,-2,,75,-75,,,4,,5775836443213,
2026-08-19 00:16:51.839,pulse_batch,y,,,,,-2,,77,-77,,,4,,5775856728877,
2026-08-19 00:16:51.860,pulse_batch,y,,,,,-2,,79,-79,,,4,,5775877902125,
2026-08-19 00:16:51.881,pulse_batch,y,,,,,-2,,81,-81,,,4,,5775898308566,
2026-08-19 00:16:51.901,pulse_batch,y,,,,,-2,,83,-83,,,4,,5775918636859,
2026-08-19 00:16:51.922,pulse_batch,y,,,,,-2,,85,-85,,,4,,5775940207491,
2026-08-19 00:16:51.943,pulse_batch,y,,,,,-2,,87,-87,,,4,,5775960773208,
2026-08-19 00:16:51.963,pulse_batch,y,,,,,-2,,89,-89,,,4,,5775981140204,
2026-08-19 00:16:51.984,pulse_batch,y,,,,,-2,,91,-91,,,4,,5776001491016,
2026-08-19 00:16:52.006,pulse_batch,y,,,,,-2,,93,-93,,,4,,5776024117693,
2026-08-19 00:16:52.027,pulse_batch,y,,,,,-2,,95,-95,,,4,,5776044459320,
2026-08-19 00:16:52.047,pulse_batch,y,,,,,-2,,97,-97,,,4,,5776064793280,
2026-08-19 00:16:52.069,pulse_batch,y,,,,,-2,,99,-99,,,4,,5776086291117,
2026-08-19 00:16:52.089,pulse_batch,y,,,,,-2,,101,-101,,,4,,5776106695039,
2026-08-19 00:16:52.109,pulse_batch,y,,,,,-2,,103,-103,,,4,,5776126987481,
2026-08-19 00:16:52.126,pulse_batch,y,,,,,-1,,104,-104,,,4,,5776144171788,
2026-08-19 00:16:52.127,continuous_stop,y,,,,,,-1,104,-104,,,4,,5776144505581,
2026-08-19 00:16:56.126,backlash_initialize,x,,,,,,1,253,253,0,77,77,,5780143354328,logical_zero=0
2026-08-19 00:16:56.126,backlash_initialize,y,,,,,,-1,104,-104,0,0,4,,5780143497753,logical_zero=0
2026-08-19 00:17:15.014,continuous_start,y,,,,,,1,104,-104,0,0,4,,5799031351165,
2026-08-19 00:17:15.019,pulse_batch,y,,,,,1,,105,-103,0,1,4,,5799036577854,
2026-08-19 00:17:15.039,pulse_batch,y,,,,,2,,107,-101,0,3,4,,5799057155464,
2026-08-19 00:17:15.060,pulse_batch,y,,,,,2,,109,-99,1,4,4,,5799077434151,
2026-08-19 00:17:15.082,pulse_batch,y,,,,,2,,111,-97,3,4,4,,5799099690281,
2026-08-19 00:17:15.102,pulse_batch,y,,,,,2,,113,-95,5,4,4,,5799120089967,
2026-08-19 00:17:15.123,pulse_batch,y,,,,,2,,115,-93,7,4,4,,5799140442301,
2026-08-19 00:17:15.144,pulse_batch,y,,,,,2,,117,-91,9,4,4,,5799161574961,
2026-08-19 00:17:15.164,pulse_batch,y,,,,,2,,119,-89,11,4,4,,5799181975591,
2026-08-19 00:17:15.185,pulse_batch,y,,,,,2,,121,-87,13,4,4,,5799202289648,
2026-08-19 00:17:15.205,pulse_batch,y,,,,,2,,123,-85,15,4,4,,5799222615557,
2026-08-19 00:17:15.226,pulse_batch,y,,,,,2,,125,-83,17,4,4,,5799243393443,
2026-08-19 00:17:15.246,pulse_batch,y,,,,,2,,127,-81,19,4,4,,5799263667611,
2026-08-19 00:17:15.266,pulse_batch,y,,,,,2,,129,-79,21,4,4,,5799284033409,
2026-08-19 00:17:15.282,pulse_batch,y,,,,,1,,130,-78,22,4,4,,5799299473273,
2026-08-19 00:17:15.282,continuous_stop,y,,,,,,1,130,-78,22,4,4,,5799299690382,
2026-08-19 00:17:15.681,continuous_start,y,,,,,,1,130,-78,22,4,4,,5799698579133,
2026-08-19 00:17:15.686,pulse_batch,y,,,,,1,,131,-77,23,4,4,,5799703969598,
2026-08-19 00:17:15.707,pulse_batch,y,,,,,2,,133,-75,25,4,4,,5799724506504,
2026-08-19 00:17:15.727,pulse_batch,y,,,,,2,,135,-73,27,4,4,,5799744792951,
2026-08-19 00:17:15.748,pulse_batch,y,,,,,2,,137,-71,29,4,4,,5799765280154,
2026-08-19 00:17:15.768,pulse_batch,y,,,,,2,,139,-69,31,4,4,,5799785645062,
2026-08-19 00:17:15.788,pulse_batch,y,,,,,2,,141,-67,33,4,4,,5799805985638,
2026-08-19 00:17:15.809,pulse_batch,y,,,,,2,,143,-65,35,4,4,,5799827010910,
2026-08-19 00:17:15.830,pulse_batch,y,,,,,2,,145,-63,37,4,4,,5799847472262,
2026-08-19 00:17:15.850,pulse_batch,y,,,,,2,,147,-61,39,4,4,,5799867880318,
2026-08-19 00:17:15.870,pulse_batch,y,,,,,2,,149,-59,41,4,4,,5799888174467,
2026-08-19 00:17:15.891,pulse_batch,y,,,,,2,,151,-57,43,4,4,,5799908660893,
2026-08-19 00:17:15.911,pulse_batch,y,,,,,2,,153,-55,45,4,4,,5799929027042,
2026-08-19 00:17:15.932,pulse_batch,y,,,,,2,,155,-53,47,4,4,,5799949499598,
2026-08-19 00:17:15.953,pulse_batch,y,,,,,2,,157,-51,49,4,4,,5799970360538,
2026-08-19 00:17:15.975,pulse_batch,y,,,,,2,,159,-49,51,4,4,,5799993232458,
2026-08-19 00:17:15.996,pulse_batch,y,,,,,2,,161,-47,53,4,4,,5800013554701,
2026-08-19 00:17:16.011,pulse_batch,y,,,,,1,,162,-46,54,4,4,,5800028882067,
2026-08-19 00:17:16.012,continuous_stop,y,,,,,,1,162,-46,54,4,4,,5800029754391,
2026-08-19 00:17:16.348,continuous_start,y,,,,,,1,162,-46,54,4,4,,5800365887214,
2026-08-19 00:17:16.354,pulse_batch,y,,,,,1,,163,-45,55,4,4,,5800371322493,
2026-08-19 00:17:16.374,pulse_batch,y,,,,,2,,165,-43,57,4,4,,5800391679902,
2026-08-19 00:17:16.394,pulse_batch,y,,,,,2,,167,-41,59,4,4,,5800411960459,
2026-08-19 00:17:16.417,pulse_batch,y,,,,,2,,169,-39,61,4,4,,5800434220460,
2026-08-19 00:17:16.441,pulse_batch,y,,,,,2,,171,-37,63,4,4,,5800458350998,
2026-08-19 00:17:16.461,pulse_batch,y,,,,,2,,173,-35,65,4,4,,5800478660129,
2026-08-19 00:17:16.481,pulse_batch,y,,,,,2,,175,-33,67,4,4,,5800499098815,
2026-08-19 00:17:16.502,pulse_batch,y,,,,,2,,177,-31,69,4,4,,5800519470371,
2026-08-19 00:17:16.522,pulse_batch,y,,,,,2,,179,-29,71,4,4,,5800539800891,
2026-08-19 00:17:16.542,pulse_batch,y,,,,,2,,181,-27,73,4,4,,5800560190226,
2026-08-19 00:17:16.563,pulse_batch,y,,,,,2,,183,-25,75,4,4,,5800580645004,
2026-08-19 00:17:16.583,pulse_batch,y,,,,,2,,185,-23,77,4,4,,5800600997264,
2026-08-19 00:17:16.604,pulse_batch,y,,,,,2,,187,-21,79,4,4,,5800621310358,
2026-08-19 00:17:16.624,pulse_batch,y,,,,,2,,189,-19,81,4,4,,5800641722896,
2026-08-19 00:17:16.645,pulse_batch,y,,,,,2,,191,-17,83,4,4,,5800662242599,
2026-08-19 00:17:16.665,pulse_batch,y,,,,,2,,193,-15,85,4,4,,5800682512527,
2026-08-19 00:17:16.685,pulse_batch,y,,,,,2,,195,-13,87,4,4,,5800703032008,
2026-08-19 00:17:16.706,pulse_batch,y,,,,,2,,197,-11,89,4,4,,5800723446194,
2026-08-19 00:17:16.726,pulse_batch,y,,,,,2,,199,-9,91,4,4,,5800743817695,
2026-08-19 00:17:16.747,pulse_batch,y,,,,,2,,201,-7,93,4,4,,5800764702654,
2026-08-19 00:17:16.767,pulse_batch,y,,,,,2,,203,-5,95,4,4,,5800785190765,
2026-08-19 00:17:16.788,pulse_batch,y,,,,,2,,205,-3,97,4,4,,5800805532618,
2026-08-19 00:17:16.808,pulse_batch,y,,,,,2,,207,-1,99,4,4,,5800825885712,
2026-08-19 00:17:16.813,continuous_stop,y,,,,,,1,207,-1,99,4,4,,5800831147067,
2026-08-19 00:17:17.215,continuous_start,y,,,,,,1,207,-1,99,4,4,,5801232827851,
2026-08-19 00:17:17.220,pulse_batch,y,,,,,1,,208,0,100,4,4,,5801238276297,
2026-08-19 00:17:17.241,pulse_batch,y,,,,,2,,210,2,102,4,4,,5801258682261,
2026-08-19 00:17:17.261,pulse_batch,y,,,,,2,,212,4,104,4,4,,5801278962226,
2026-08-19 00:17:17.282,pulse_batch,y,,,,,2,,214,6,106,4,4,,5801299474096,
2026-08-19 00:17:17.302,pulse_batch,y,,,,,2,,216,8,108,4,4,,5801319789931,
2026-08-19 00:17:17.322,pulse_batch,y,,,,,2,,218,10,110,4,4,,5801340146766,
2026-08-19 00:17:17.343,pulse_batch,y,,,,,2,,220,12,112,4,4,,5801360577989,
2026-08-19 00:17:17.348,continuous_stop,y,,,,,,1,220,12,112,4,4,,5801365848844,
2026-08-19 00:17:18.285,continuous_start,x,,,,,,-1,253,253,0,77,77,,5802302840534,
2026-08-19 00:17:18.291,pulse_batch,x,,,,,-1,,254,252,0,76,77,,5802308426830,
2026-08-19 00:17:18.311,pulse_batch,x,,,,,-2,,256,250,0,74,77,,5802328911293,
2026-08-19 00:17:18.331,pulse_batch,x,,,,,-2,,258,248,0,72,77,,5802349217277,
2026-08-19 00:17:18.353,pulse_batch,x,,,,,-2,,260,246,0,70,77,,5802371202725,
2026-08-19 00:17:18.376,pulse_batch,x,,,,,-2,,262,244,0,68,77,,5802393852130,
2026-08-19 00:17:18.396,pulse_batch,x,,,,,-2,,264,242,0,66,77,,5802414170373,
2026-08-19 00:17:18.417,pulse_batch,x,,,,,-2,,266,240,0,64,77,,5802434772131,
2026-08-19 00:17:18.438,pulse_batch,x,,,,,-2,,268,238,0,62,77,,5802455456666,
2026-08-19 00:17:18.460,pulse_batch,x,,,,,-2,,270,236,0,60,77,,5802478259273,
2026-08-19 00:17:18.483,pulse_batch,x,,,,,-2,,272,234,0,58,77,,5802498661756,
2026-08-19 00:17:18.502,pulse_batch,x,,,,,-2,,274,232,0,56,77,,5802519314458,
2026-08-19 00:17:18.522,pulse_batch,x,,,,,-2,,276,230,0,54,77,,5802539623034,
2026-08-19 00:17:18.542,pulse_batch,x,,,,,-2,,278,228,0,52,77,,5802560059535,
2026-08-19 00:17:18.567,pulse_batch,x,,,,,-2,,280,226,0,50,77,,5802584214128,
2026-08-19 00:17:18.587,pulse_batch,x,,,,,-2,,282,224,0,48,77,,5802604553834,
2026-08-19 00:17:18.610,pulse_batch,x,,,,,-2,,284,222,0,46,77,,5802628069545,
2026-08-19 00:17:18.632,pulse_batch,x,,,,,-2,,286,220,0,44,77,,5802649454518,
2026-08-19 00:17:18.652,pulse_batch,x,,,,,-2,,288,218,0,42,77,,5802669845204,
2026-08-19 00:17:18.673,pulse_batch,x,,,,,-2,,290,216,0,40,77,,5802690482592,
2026-08-19 00:17:18.694,pulse_batch,x,,,,,-2,,292,214,0,38,77,,5802711291774,
2026-08-19 00:17:18.714,pulse_batch,x,,,,,-2,,294,212,0,36,77,,5802731766923,
2026-08-19 00:17:18.734,pulse_batch,x,,,,,-2,,296,210,0,34,77,,5802752113276,
2026-08-19 00:17:18.756,pulse_batch,x,,,,,-2,,298,208,0,32,77,,5802773330269,
2026-08-19 00:17:18.776,pulse_batch,x,,,,,-2,,300,206,0,30,77,,5802793948027,
2026-08-19 00:17:18.796,pulse_batch,x,,,,,-2,,302,204,0,28,77,,5802814234770,
2026-08-19 00:17:18.817,pulse_batch,x,,,,,-2,,304,202,0,26,77,,5802834749196,
2026-08-19 00:17:18.838,pulse_batch,x,,,,,-2,,306,200,0,24,77,,5802855272085,
2026-08-19 00:17:18.858,pulse_batch,x,,,,,-2,,308,198,0,22,77,,5802875668475,
2026-08-19 00:17:18.879,pulse_batch,x,,,,,-2,,310,196,0,20,77,,5802896313752,
2026-08-19 00:17:18.899,pulse_batch,x,,,,,-2,,312,194,0,18,77,,5802916878362,
2026-08-19 00:17:18.919,pulse_batch,x,,,,,-2,,314,192,0,16,77,,5802937185253,
2026-08-19 00:17:18.940,pulse_batch,x,,,,,-2,,316,190,0,14,77,,5802957593050,
2026-08-19 00:17:18.960,pulse_batch,x,,,,,-2,,318,188,0,12,77,,5802978045255,
2026-08-19 00:17:18.981,pulse_batch,x,,,,,-2,,320,186,0,10,77,,5802998555218,
2026-08-19 00:17:19.001,pulse_batch,x,,,,,-2,,322,184,0,8,77,,5803018853738,
2026-08-19 00:17:19.022,pulse_batch,x,,,,,-2,,324,182,0,6,77,,5803039588218,
2026-08-19 00:17:19.042,pulse_batch,x,,,,,-2,,326,180,0,4,77,,5803059985997,
2026-08-19 00:17:19.063,pulse_batch,x,,,,,-2,,328,178,0,2,77,,5803080361554,
2026-08-19 00:17:19.084,pulse_batch,x,,,,,-2,,330,176,0,0,77,,5803101660935,
2026-08-19 00:17:19.104,pulse_batch,x,,,,,-2,,332,174,-2,0,77,,5803122188454,
2026-08-19 00:17:19.125,pulse_batch,x,,,,,-2,,334,172,-4,0,77,,5803142557215,
2026-08-19 00:17:19.146,pulse_batch,x,,,,,-2,,336,170,-6,0,77,,5803163163214,
2026-08-19 00:17:19.166,pulse_batch,x,,,,,-2,,338,168,-8,0,77,,5803184087247,
2026-08-19 00:17:19.187,pulse_batch,x,,,,,-2,,340,166,-10,0,77,,5803204455101,
2026-08-19 00:17:19.207,pulse_batch,x,,,,,-2,,342,164,-12,0,77,,5803224836028,
2026-08-19 00:17:19.228,pulse_batch,x,,,,,-2,,344,162,-14,0,77,,5803245315047,
2026-08-19 00:17:19.248,pulse_batch,x,,,,,-2,,346,160,-16,0,77,,5803265732900,
2026-08-19 00:17:19.268,pulse_batch,x,,,,,-2,,348,158,-18,0,77,,5803286093957,
2026-08-19 00:17:19.291,pulse_batch,x,,,,,-2,,350,156,-20,0,77,,5803308509790,
2026-08-19 00:17:19.311,pulse_batch,x,,,,,-2,,352,154,-22,0,77,,5803328886792,
2026-08-19 00:17:19.331,pulse_batch,x,,,,,-2,,354,152,-24,0,77,,5803349231127,
2026-08-19 00:17:19.353,pulse_batch,x,,,,,-2,,356,150,-26,0,77,,5803370448472,
2026-08-19 00:17:19.373,pulse_batch,x,,,,,-2,,358,148,-28,0,77,,5803390820066,
2026-08-19 00:17:19.393,pulse_batch,x,,,,,-2,,360,146,-30,0,77,,5803411137402,
2026-08-19 00:17:19.414,pulse_batch,x,,,,,-2,,362,144,-32,0,77,,5803431635236,
2026-08-19 00:17:19.434,pulse_batch,x,,,,,-2,,364,142,-34,0,77,,5803452041385,
2026-08-19 00:17:19.455,pulse_batch,x,,,,,-2,,366,140,-36,0,77,,5803472373665,
2026-08-19 00:17:19.476,pulse_batch,x,,,,,-2,,368,138,-38,0,77,,5803493599658,
2026-08-19 00:17:19.496,pulse_batch,x,,,,,-2,,370,136,-40,0,77,,5803514055547,
2026-08-19 00:17:19.518,pulse_batch,x,,,,,-2,,372,134,-42,0,77,,5803535491076,
2026-08-19 00:17:19.538,pulse_batch,x,,,,,-2,,374,132,-44,0,77,,5803555815078,
2026-08-19 00:17:19.560,pulse_batch,x,,,,,-2,,376,130,-46,0,77,,5803577573732,
2026-08-19 00:17:19.580,pulse_batch,x,,,,,-2,,378,128,-48,0,77,,5803598122584,
2026-08-19 00:17:19.601,pulse_batch,x,,,,,-2,,380,126,-50,0,77,,5803618427956,
2026-08-19 00:17:19.622,pulse_batch,x,,,,,-2,,382,124,-52,0,77,,5803639334971,
2026-08-19 00:17:19.642,pulse_batch,x,,,,,-2,,384,122,-54,0,77,,5803659757991,
2026-08-19 00:17:19.662,pulse_batch,x,,,,,-2,,386,120,-56,0,77,,5803680146918,
2026-08-19 00:17:19.685,pulse_batch,x,,,,,-2,,388,118,-58,0,77,,5803702273291,
2026-08-19 00:17:19.705,pulse_batch,x,,,,,-2,,390,116,-60,0,77,,5803722741533,
2026-08-19 00:17:19.725,pulse_batch,x,,,,,-2,,392,114,-62,0,77,,5803743113312,
2026-08-19 00:17:19.746,pulse_batch,x,,,,,-2,,394,112,-64,0,77,,5803763776718,
2026-08-19 00:17:19.770,pulse_batch,x,,,,,-2,,396,110,-66,0,77,,5803787279096,
2026-08-19 00:17:19.790,pulse_batch,x,,,,,-2,,398,108,-68,0,77,,5803807648912,
2026-08-19 00:17:19.810,pulse_batch,x,,,,,-2,,400,106,-70,0,77,,5803827992674,
2026-08-19 00:17:19.836,pulse_batch,x,,,,,-2,,402,104,-72,0,77,,5803853272941,
2026-08-19 00:17:19.856,pulse_batch,x,,,,,-2,,404,102,-74,0,77,,5803873636387,
2026-08-19 00:17:19.876,pulse_batch,x,,,,,-2,,406,100,-76,0,77,,5803894000537,
2026-08-19 00:17:19.897,pulse_batch,x,,,,,-2,,408,98,-78,0,77,,5803914785849,
2026-08-19 00:17:19.918,pulse_batch,x,,,,,-2,,410,96,-80,0,77,,5803935286942,
2026-08-19 00:17:19.938,pulse_batch,x,,,,,-2,,412,94,-82,0,77,,5803956100217,
2026-08-19 00:17:19.960,pulse_batch,x,,,,,-2,,414,92,-84,0,77,,5803977838205,
2026-08-19 00:17:19.981,pulse_batch,x,,,,,-2,,416,90,-86,0,77,,5803998285928,
2026-08-19 00:17:20.001,pulse_batch,x,,,,,-2,,418,88,-88,0,77,,5804018587764,
2026-08-19 00:17:20.022,pulse_batch,x,,,,,-2,,420,86,-90,0,77,,5804039830128,
2026-08-19 00:17:20.042,pulse_batch,x,,,,,-2,,422,84,-92,0,77,,5804060202444,
2026-08-19 00:17:20.063,pulse_batch,x,,,,,-2,,424,82,-94,0,77,,5804080541520,
2026-08-19 00:17:20.084,pulse_batch,x,,,,,-2,,426,80,-96,0,77,,5804101738829,
2026-08-19 00:17:20.105,pulse_batch,x,,,,,-2,,428,78,-98,0,77,,5804122465568,
2026-08-19 00:17:20.125,pulse_batch,x,,,,,-2,,430,76,-100,0,77,,5804142882032,
2026-08-19 00:17:20.146,pulse_batch,x,,,,,-2,,432,74,-102,0,77,,5804163584567,
2026-08-19 00:17:20.167,pulse_batch,x,,,,,-2,,434,72,-104,0,77,,5804184085438,
2026-08-19 00:17:20.187,pulse_batch,x,,,,,-2,,436,70,-106,0,77,,5804204452459,
2026-08-19 00:17:20.207,pulse_batch,x,,,,,-2,,438,68,-108,0,77,,5804224825905,
2026-08-19 00:17:20.228,pulse_batch,x,,,,,-2,,440,66,-110,0,77,,5804245272128,
2026-08-19 00:17:20.248,pulse_batch,x,,,,,-2,,442,64,-112,0,77,,5804265810499,
2026-08-19 00:17:20.268,pulse_batch,x,,,,,-2,,444,62,-114,0,77,,5804286120723,
2026-08-19 00:17:20.289,pulse_batch,x,,,,,-2,,446,60,-116,0,77,,5804306809888,
2026-08-19 00:17:20.310,pulse_batch,x,,,,,-2,,448,58,-118,0,77,,5804327281982,
2026-08-19 00:17:20.330,pulse_batch,x,,,,,-2,,450,56,-120,0,77,,5804347630243,
2026-08-19 00:17:20.350,pulse_batch,x,,,,,-2,,452,54,-122,0,77,,5804368075318,
2026-08-19 00:17:20.371,pulse_batch,x,,,,,-2,,454,52,-124,0,77,,5804388579948,
2026-08-19 00:17:20.391,pulse_batch,x,,,,,-2,,456,50,-126,0,77,,5804408944635,
2026-08-19 00:17:20.412,pulse_batch,x,,,,,-2,,458,48,-128,0,77,,5804429340266,
2026-08-19 00:17:20.434,pulse_batch,x,,,,,-2,,460,46,-130,0,77,,5804451280771,
2026-08-19 00:17:20.454,pulse_batch,x,,,,,-2,,462,44,-132,0,77,,5804471660162,
2026-08-19 00:17:20.475,pulse_batch,x,,,,,-2,,464,42,-134,0,77,,5804492075385,
2026-08-19 00:17:20.495,pulse_batch,x,,,,,-2,,466,40,-136,0,77,,5804512924697,
2026-08-19 00:17:20.518,pulse_batch,x,,,,,-2,,468,38,-138,0,77,,5804536081912,
2026-08-19 00:17:20.539,pulse_batch,x,,,,,-2,,470,36,-140,0,77,,5804556410507,
2026-08-19 00:17:20.561,pulse_batch,x,,,,,-2,,472,34,-142,0,77,,5804578430048,
2026-08-19 00:17:20.581,pulse_batch,x,,,,,-2,,474,32,-144,0,77,,5804598925234,
2026-08-19 00:17:20.601,pulse_batch,x,,,,,-2,,476,30,-146,0,77,,5804619264717,
2026-08-19 00:17:20.623,pulse_batch,x,,,,,-2,,478,28,-148,0,77,,5804640527469,
2026-08-19 00:17:20.643,pulse_batch,x,,,,,-2,,480,26,-150,0,77,,5804660902175,
2026-08-19 00:17:20.663,pulse_batch,x,,,,,-2,,482,24,-152,0,77,,5804681245251,
2026-08-19 00:17:20.685,pulse_batch,x,,,,,-2,,484,22,-154,0,77,,5804703158348,
2026-08-19 00:17:20.706,pulse_batch,x,,,,,-2,,486,20,-156,0,77,,5804723695589,
2026-08-19 00:17:20.726,pulse_batch,x,,,,,-2,,488,18,-158,0,77,,5804744047980,
2026-08-19 00:17:20.747,pulse_batch,x,,,,,-2,,490,16,-160,0,77,,5804764525499,
2026-08-19 00:17:20.767,pulse_batch,x,,,,,-2,,492,14,-162,0,77,,5804785020148,
2026-08-19 00:17:20.788,pulse_batch,x,,,,,-2,,494,12,-164,0,77,,5804805435205,
2026-08-19 00:17:20.808,pulse_batch,x,,,,,-2,,496,10,-166,0,77,,5804825782244,
2026-08-19 00:17:20.829,pulse_batch,x,,,,,-2,,498,8,-168,0,77,,5804846433928,
2026-08-19 00:17:20.849,pulse_batch,x,,,,,-2,,500,6,-170,0,77,,5804866852615,
2026-08-19 00:17:20.869,pulse_batch,x,,,,,-2,,502,4,-172,0,77,,5804887168710,
2026-08-19 00:17:20.891,pulse_batch,x,,,,,-2,,504,2,-174,0,77,,5804908832088,
2026-08-19 00:17:20.912,pulse_batch,x,,,,,-2,,506,0,-176,0,77,,5804929272607,
2026-08-19 00:17:20.932,pulse_batch,x,,,,,-2,,508,-2,-178,0,77,,5804949608257,
2026-08-19 00:17:20.953,pulse_batch,x,,,,,-2,,510,-4,-180,0,77,,5804970364700,
2026-08-19 00:17:20.973,pulse_batch,x,,,,,-2,,512,-6,-182,0,77,,5804990758998,
2026-08-19 00:17:20.993,pulse_batch,x,,,,,-2,,514,-8,-184,0,77,,5805011156573,
2026-08-19 00:17:21.014,pulse_batch,x,,,,,-2,,516,-10,-186,0,77,,5805031808906,
2026-08-19 00:17:21.035,pulse_batch,x,,,,,-2,,518,-12,-188,0,77,,5805052234481,
2026-08-19 00:17:21.055,pulse_batch,x,,,,,-2,,520,-14,-190,0,77,,5805072577872,
2026-08-19 00:17:21.075,pulse_batch,x,,,,,-2,,522,-16,-192,0,77,,5805092905041,
2026-08-19 00:17:21.097,pulse_batch,x,,,,,-2,,524,-18,-194,0,77,,5805115125988,
2026-08-19 00:17:21.118,pulse_batch,x,,,,,-2,,526,-20,-196,0,77,,5805135519730,
2026-08-19 00:17:21.138,pulse_batch,x,,,,,-2,,528,-22,-198,0,77,,5805156061119,
2026-08-19 00:17:21.159,pulse_batch,x,,,,,-2,,530,-24,-200,0,77,,5805176495639,
2026-08-19 00:17:21.179,pulse_batch,x,,,,,-2,,532,-26,-202,0,77,,5805196898493,
2026-08-19 00:17:21.199,pulse_batch,x,,,,,-2,,534,-28,-204,0,77,,5805217262995,
2026-08-19 00:17:21.220,pulse_batch,x,,,,,-2,,536,-30,-206,0,77,,5805237685181,
2026-08-19 00:17:21.240,pulse_batch,x,,,,,-2,,538,-32,-208,0,77,,5805258126960,
2026-08-19 00:17:21.261,pulse_batch,x,,,,,-2,,540,-34,-210,0,77,,5805278456444,
2026-08-19 00:17:21.281,pulse_batch,x,,,,,-2,,542,-36,-212,0,77,,5805298863335,
2026-08-19 00:17:21.302,pulse_batch,x,,,,,-2,,544,-38,-214,0,77,,5805320114606,
2026-08-19 00:17:21.323,pulse_batch,x,,,,,-2,,546,-40,-216,0,77,,5805340497404,
2026-08-19 00:17:21.343,pulse_batch,x,,,,,-2,,548,-42,-218,0,77,,5805360826925,
2026-08-19 00:17:21.364,pulse_batch,x,,,,,-2,,550,-44,-220,0,77,,5805381326111,
2026-08-19 00:17:21.384,pulse_batch,x,,,,,-2,,552,-46,-222,0,77,,5805401799723,
2026-08-19 00:17:21.404,pulse_batch,x,,,,,-2,,554,-48,-224,0,77,,5805422163132,
2026-08-19 00:17:21.425,pulse_batch,x,,,,,-2,,556,-50,-226,0,77,,5805442650411,
2026-08-19 00:17:21.445,pulse_batch,x,,,,,-2,,558,-52,-228,0,77,,5805463028635,
2026-08-19 00:17:21.466,pulse_batch,x,,,,,-2,,560,-54,-230,0,77,,5805483346304,
2026-08-19 00:17:21.486,pulse_batch,x,,,,,-2,,562,-56,-232,0,77,,5805504041803,
2026-08-19 00:17:21.507,pulse_batch,x,,,,,-2,,564,-58,-234,0,77,,5805524582840,
2026-08-19 00:17:21.527,pulse_batch,x,,,,,-2,,566,-60,-236,0,77,,5805544925324,
2026-08-19 00:17:21.548,pulse_batch,x,,,,,-2,,568,-62,-238,0,77,,5805565402658,
2026-08-19 00:17:21.568,pulse_batch,x,,,,,-2,,570,-64,-240,0,77,,5805585903566,
2026-08-19 00:17:21.589,pulse_batch,x,,,,,-2,,572,-66,-242,0,77,,5805606258920,
2026-08-19 00:17:21.609,pulse_batch,x,,,,,-2,,574,-68,-244,0,77,,5805626651496,
2026-08-19 00:17:21.629,pulse_batch,x,,,,,-2,,576,-70,-246,0,77,,5805647097571,
2026-08-19 00:17:21.650,pulse_batch,x,,,,,-2,,578,-72,-248,0,77,,5805667554535,
2026-08-19 00:17:21.670,pulse_batch,x,,,,,-2,,580,-74,-250,0,77,,5805687906389,
2026-08-19 00:17:21.692,pulse_batch,x,,,,,-2,,582,-76,-252,0,77,,5805709275307,
2026-08-19 00:17:21.712,pulse_batch,x,,,,,-2,,584,-78,-254,0,77,,5805729715901,
2026-08-19 00:17:21.732,pulse_batch,x,,,,,-2,,586,-80,-256,0,77,,5805750050589,
2026-08-19 00:17:21.753,pulse_batch,x,,,,,-2,,588,-82,-258,0,77,,5805770843883,
2026-08-19 00:17:21.774,pulse_batch,x,,,,,-2,,590,-84,-260,0,77,,5805791269217,
2026-08-19 00:17:21.794,pulse_batch,x,,,,,-2,,592,-86,-262,0,77,,5805811616979,
2026-08-19 00:17:21.815,pulse_batch,x,,,,,-2,,594,-88,-264,0,77,,5805832395625,
2026-08-19 00:17:21.835,pulse_batch,x,,,,,-2,,596,-90,-266,0,77,,5805852872737,
2026-08-19 00:17:21.856,pulse_batch,x,,,,,-2,,598,-92,-268,0,77,,5805873253516,
2026-08-19 00:17:21.876,pulse_batch,x,,,,,-2,,600,-94,-270,0,77,,5805893603222,
2026-08-19 00:17:21.896,pulse_batch,x,,,,,-2,,602,-96,-272,0,77,,5805914213722,
2026-08-19 00:17:21.918,pulse_batch,x,,,,,-2,,604,-98,-274,0,77,,5805935436234,
2026-08-19 00:17:21.938,pulse_batch,x,,,,,-2,,606,-100,-276,0,77,,5805955746885,
2026-08-19 00:17:21.959,pulse_batch,x,,,,,-2,,608,-102,-278,0,77,,5805976272404,
2026-08-19 00:17:21.979,pulse_batch,x,,,,,-2,,610,-104,-280,0,77,,5805996636295,
2026-08-19 00:17:21.999,pulse_batch,x,,,,,-2,,612,-106,-282,0,77,,5806017001945,
2026-08-19 00:17:22.020,pulse_batch,x,,,,,-2,,614,-108,-284,0,77,,5806037604111,
2026-08-19 00:17:22.040,pulse_batch,x,,,,,-2,,616,-110,-286,0,77,,5806058018039,
2026-08-19 00:17:22.061,pulse_batch,x,,,,,-2,,618,-112,-288,0,77,,5806078359708,
2026-08-19 00:17:22.081,pulse_batch,x,,,,,-2,,620,-114,-290,0,77,,5806098871579,
2026-08-19 00:17:22.102,pulse_batch,x,,,,,-2,,622,-116,-292,0,77,,5806119367395,
2026-08-19 00:17:22.122,pulse_batch,x,,,,,-2,,624,-118,-294,0,77,,5806139738619,
2026-08-19 00:17:22.142,pulse_batch,x,,,,,-2,,626,-120,-296,0,77,,5806160078751,
2026-08-19 00:17:22.166,pulse_batch,x,,,,,-2,,628,-122,-298,0,77,,5806184082421,
2026-08-19 00:17:22.187,pulse_batch,x,,,,,-2,,630,-124,-300,0,77,,5806204556922,
2026-08-19 00:17:22.207,pulse_batch,x,,,,,-2,,632,-126,-302,0,77,,5806224943035,
2026-08-19 00:17:22.228,pulse_batch,x,,,,,-2,,634,-128,-304,0,77,,5806245412629,
2026-08-19 00:17:22.248,pulse_batch,x,,,,,-2,,636,-130,-306,0,77,,5806265799964,
2026-08-19 00:17:22.268,pulse_batch,x,,,,,-2,,638,-132,-308,0,77,,5806286106578,
2026-08-19 00:17:22.291,pulse_batch,x,,,,,-2,,640,-134,-310,0,77,,5806308491894,
2026-08-19 00:17:22.311,pulse_batch,x,,,,,-2,,642,-136,-312,0,77,,5806328988820,
2026-08-19 00:17:22.332,pulse_batch,x,,,,,-2,,644,-138,-314,0,77,,5806349334027,
2026-08-19 00:17:22.352,pulse_batch,x,,,,,-2,,646,-140,-316,0,77,,5806369947008,
2026-08-19 00:17:22.373,pulse_batch,x,,,,,-2,,648,-142,-318,0,77,,5806390512026,
2026-08-19 00:17:22.393,pulse_batch,x,,,,,-2,,650,-144,-320,0,77,,5806411001250,
2026-08-19 00:17:22.414,pulse_batch,x,,,,,-2,,652,-146,-322,0,77,,5806431343567,
2026-08-19 00:17:22.436,pulse_batch,x,,,,,-2,,654,-148,-324,0,77,,5806453918158,
2026-08-19 00:17:22.456,pulse_batch,x,,,,,-2,,656,-150,-326,0,77,,5806474217180,
2026-08-19 00:17:22.477,pulse_batch,x,,,,,-2,,658,-152,-328,0,77,,5806494740717,
2026-08-19 00:17:22.498,pulse_batch,x,,,,,-2,,660,-154,-330,0,77,,5806515363587,
2026-08-19 00:17:22.518,pulse_batch,x,,,,,-2,,662,-156,-332,0,77,,5806535936162,
2026-08-19 00:17:22.539,pulse_batch,x,,,,,-2,,664,-158,-334,0,77,,5806556282034,
2026-08-19 00:17:22.559,pulse_batch,x,,,,,-2,,666,-160,-336,0,77,,5806576851775,
2026-08-19 00:17:22.579,pulse_batch,x,,,,,-2,,668,-162,-338,0,77,,5806597213000,
2026-08-19 00:17:22.600,pulse_batch,x,,,,,-2,,670,-164,-340,0,77,,5806617522188,
2026-08-19 00:17:22.621,pulse_batch,x,,,,,-2,,672,-166,-342,0,77,,5806638775237,
2026-08-19 00:17:22.642,pulse_batch,x,,,,,-2,,674,-168,-344,0,77,,5806659568734,
2026-08-19 00:17:22.662,pulse_batch,x,,,,,-2,,676,-170,-346,0,77,,5806679964440,
2026-08-19 00:17:22.683,pulse_batch,x,,,,,-2,,678,-172,-348,0,77,,5806701221619,
2026-08-19 00:17:22.704,pulse_batch,x,,,,,-2,,680,-174,-350,0,77,,5806721732545,
2026-08-19 00:17:22.724,pulse_batch,x,,,,,-2,,682,-176,-352,0,77,,5806742110195,
2026-08-19 00:17:22.745,pulse_batch,x,,,,,-2,,684,-178,-354,0,77,,5806762475438,
2026-08-19 00:17:22.765,pulse_batch,x,,,,,-2,,686,-180,-356,0,77,,5806782998921,
2026-08-19 00:17:22.786,pulse_batch,x,,,,,-2,,688,-182,-358,0,77,,5806803489088,
2026-08-19 00:17:22.806,pulse_batch,x,,,,,-2,,690,-184,-360,0,77,,5806823809239,
2026-08-19 00:17:22.827,pulse_batch,x,,,,,-2,,692,-186,-362,0,77,,5806844404535,
2026-08-19 00:17:22.847,pulse_batch,x,,,,,-2,,694,-188,-364,0,77,,5806864813111,
2026-08-19 00:17:22.867,pulse_batch,x,,,,,-2,,696,-190,-366,0,77,,5806885172039,
2026-08-19 00:17:22.888,pulse_batch,x,,,,,-2,,698,-192,-368,0,77,,5806905603818,
2026-08-19 00:17:22.908,pulse_batch,x,,,,,-2,,700,-194,-370,0,77,,5806926131060,
2026-08-19 00:17:22.929,pulse_batch,x,,,,,-2,,702,-196,-372,0,77,,5806946600005,
2026-08-19 00:17:22.949,pulse_batch,x,,,,,-2,,704,-198,-374,0,77,,5806966977230,
2026-08-19 00:17:22.970,pulse_batch,x,,,,,-2,,706,-200,-376,0,77,,5806987467897,
2026-08-19 00:17:22.990,pulse_batch,x,,,,,-2,,708,-202,-378,0,77,,5807007858307,
2026-08-19 00:17:23.011,pulse_batch,x,,,,,-2,,710,-204,-380,0,77,,5807028249253,
2026-08-19 00:17:23.032,pulse_batch,x,,,,,-2,,712,-206,-382,0,77,,5807049477247,
2026-08-19 00:17:23.052,pulse_batch,x,,,,,-2,,714,-208,-384,0,77,,5807069975266,
2026-08-19 00:17:23.073,pulse_batch,x,,,,,-2,,716,-210,-386,0,77,,5807090279992,
2026-08-19 00:17:23.093,pulse_batch,x,,,,,-2,,718,-212,-388,0,77,,5807110776252,
2026-08-19 00:17:23.114,pulse_batch,x,,,,,-2,,720,-214,-390,0,77,,5807131259401,
2026-08-19 00:17:23.134,pulse_batch,x,,,,,-2,,722,-216,-392,0,77,,5807151633885,
2026-08-19 00:17:23.154,pulse_batch,x,,,,,-2,,724,-218,-394,0,77,,5807172055683,
2026-08-19 00:17:23.175,pulse_batch,x,,,,,-2,,726,-220,-396,0,77,,5807192557277,
2026-08-19 00:17:23.195,pulse_batch,x,,,,,-2,,728,-222,-398,0,77,,5807212934538,
2026-08-19 00:17:23.216,pulse_batch,x,,,,,-2,,730,-224,-400,0,77,,5807233500150,
2026-08-19 00:17:23.236,pulse_batch,x,,,,,-2,,732,-226,-402,0,77,,5807254044169,
2026-08-19 00:17:23.257,pulse_batch,x,,,,,-2,,734,-228,-404,0,77,,5807274414949,
2026-08-19 00:17:23.277,pulse_batch,x,,,,,-2,,736,-230,-406,0,77,,5807294792266,
2026-08-19 00:17:23.298,pulse_batch,x,,,,,-2,,738,-232,-408,0,77,,5807315590746,
2026-08-19 00:17:23.318,pulse_batch,x,,,,,-2,,740,-234,-410,0,77,,5807336071450,
2026-08-19 00:17:23.339,pulse_batch,x,,,,,-2,,742,-236,-412,0,77,,5807356428194,
2026-08-19 00:17:23.359,pulse_batch,x,,,,,-2,,744,-238,-414,0,77,,5807377137507,
2026-08-19 00:17:23.380,pulse_batch,x,,,,,-2,,746,-240,-416,0,77,,5807397527102,
2026-08-19 00:17:23.400,pulse_batch,x,,,,,-2,,748,-242,-418,0,77,,5807417876345,
2026-08-19 00:17:23.421,pulse_batch,x,,,,,-2,,750,-244,-420,0,77,,5807438336865,
2026-08-19 00:17:23.441,pulse_batch,x,,,,,-2,,752,-246,-422,0,77,,5807458947050,
2026-08-19 00:17:23.462,pulse_batch,x,,,,,-2,,754,-248,-424,0,77,,5807479357052,
2026-08-19 00:17:23.482,pulse_batch,x,,,,,-2,,756,-250,-426,0,77,,5807500191513,
2026-08-19 00:17:23.503,pulse_batch,x,,,,,-2,,758,-252,-428,0,77,,5807520640996,
2026-08-19 00:17:23.523,pulse_batch,x,,,,,-2,,760,-254,-430,0,77,,5807540993406,
2026-08-19 00:17:23.544,pulse_batch,x,,,,,-2,,762,-256,-432,0,77,,5807561454296,
2026-08-19 00:17:23.565,pulse_batch,x,,,,,-2,,764,-258,-434,0,77,,5807582263702,
2026-08-19 00:17:23.585,pulse_batch,x,,,,,-2,,766,-260,-436,0,77,,5807602766480,
2026-08-19 00:17:23.605,pulse_batch,x,,,,,-2,,768,-262,-438,0,77,,5807623111076,
2026-08-19 00:17:23.626,pulse_batch,x,,,,,-2,,770,-264,-440,0,77,,5807644195126,
2026-08-19 00:17:23.647,pulse_batch,x,,,,,-2,,772,-266,-442,0,77,,5807664699220,
2026-08-19 00:17:23.667,pulse_batch,x,,,,,-2,,774,-268,-444,0,77,,5807685079111,
2026-08-19 00:17:23.689,pulse_batch,x,,,,,-2,,776,-270,-446,0,77,,5807706689323,
2026-08-19 00:17:23.710,pulse_batch,x,,,,,-2,,778,-272,-448,0,77,,5807727257268,
2026-08-19 00:17:23.730,pulse_batch,x,,,,,-2,,780,-274,-450,0,77,,5807747640122,
2026-08-19 00:17:23.756,pulse_batch,x,,,,,-2,,782,-276,-452,0,77,,5807773340313,
2026-08-19 00:17:23.778,pulse_batch,x,,,,,-2,,784,-278,-454,0,77,,5807795621111,
2026-08-19 00:17:23.798,pulse_batch,x,,,,,-2,,786,-280,-456,0,77,,5807815996132,
2026-08-19 00:17:23.821,pulse_batch,x,,,,,-2,,788,-282,-458,0,77,,5807839051219,
2026-08-19 00:17:23.843,pulse_batch,x,,,,,-2,,790,-284,-460,0,77,,5807860665727,
2026-08-19 00:17:23.863,pulse_batch,x,,,,,-2,,792,-286,-462,0,77,,5807881032396,
2026-08-19 00:17:23.888,pulse_batch,x,,,,,-2,,794,-288,-464,0,77,,5807905553931,
2026-08-19 00:17:23.908,pulse_batch,x,,,,,-2,,796,-290,-466,0,77,,5807926088951,
2026-08-19 00:17:23.929,pulse_batch,x,,,,,-2,,798,-292,-468,0,77,,5807946452564,
2026-08-19 00:17:23.950,pulse_batch,x,,,,,-2,,800,-294,-470,0,77,,5807967261173,
2026-08-19 00:17:23.970,pulse_batch,x,,,,,-2,,802,-296,-472,0,77,,5807987722397,
2026-08-19 00:17:23.990,pulse_batch,x,,,,,-2,,804,-298,-474,0,77,,5808008148510,
2026-08-19 00:17:24.011,pulse_batch,x,,,,,-2,,806,-300,-476,0,77,,5808028567993,
2026-08-19 00:17:24.033,pulse_batch,x,,,,,-2,,808,-302,-478,0,77,,5808050792996,
2026-08-19 00:17:24.054,pulse_batch,x,,,,,-2,,810,-304,-480,0,77,,5808071388403,
2026-08-19 00:17:24.074,pulse_batch,x,,,,,-2,,812,-306,-482,0,77,,5808091708092,
2026-08-19 00:17:24.094,pulse_batch,x,,,,,-2,,814,-308,-484,0,77,,5808112193334,
2026-08-19 00:17:24.115,pulse_batch,x,,,,,-2,,816,-310,-486,0,77,,5808132570151,
2026-08-19 00:17:24.135,pulse_batch,x,,,,,-2,,818,-312,-488,0,77,,5808152900895,
2026-08-19 00:17:24.156,pulse_batch,x,,,,,-2,,820,-314,-490,0,77,,5808173353378,
2026-08-19 00:17:24.176,pulse_batch,x,,,,,-2,,822,-316,-492,0,77,,5808193871971,
2026-08-19 00:17:24.196,pulse_batch,x,,,,,-2,,824,-318,-494,0,77,,5808214225178,
2026-08-19 00:17:24.218,pulse_batch,x,,,,,-2,,826,-320,-496,0,77,,5808235433950,
2026-08-19 00:17:24.238,pulse_batch,x,,,,,-2,,828,-322,-498,0,77,,5808255912359,
2026-08-19 00:17:24.259,pulse_batch,x,,,,,-2,,830,-324,-500,0,77,,5808276354768,
2026-08-19 00:17:24.279,pulse_batch,x,,,,,-2,,832,-326,-502,0,77,,5808296667252,
2026-08-19 00:17:24.299,pulse_batch,x,,,,,-2,,834,-328,-504,0,77,,5808317165087,
2026-08-19 00:17:24.320,pulse_batch,x,,,,,-2,,836,-330,-506,0,77,,5808337634199,
2026-08-19 00:17:24.340,pulse_batch,x,,,,,-2,,838,-332,-508,0,77,,5808357924592,
2026-08-19 00:17:24.361,pulse_batch,x,,,,,-2,,840,-334,-510,0,77,,5808378344334,
2026-08-19 00:17:24.381,pulse_batch,x,,,,,-2,,842,-336,-512,0,77,,5808398718596,
2026-08-19 00:17:24.401,pulse_batch,x,,,,,-2,,844,-338,-514,0,77,,5808419044673,
2026-08-19 00:17:24.422,pulse_batch,x,,,,,-2,,846,-340,-516,0,77,,5808439482230,
2026-08-19 00:17:24.442,pulse_batch,x,,,,,-2,,848,-342,-518,0,77,,5808460026305,
2026-08-19 00:17:24.463,pulse_batch,x,,,,,-2,,850,-344,-520,0,77,,5808480413252,
2026-08-19 00:17:24.484,pulse_batch,x,,,,,-2,,852,-346,-522,0,77,,5808501168547,
2026-08-19 00:17:24.504,pulse_batch,x,,,,,-2,,854,-348,-524,0,77,,5808521608919,
2026-08-19 00:17:24.524,pulse_batch,x,,,,,-2,,856,-350,-526,0,77,,5808541956144,
2026-08-19 00:17:24.545,pulse_batch,x,,,,,-2,,858,-352,-528,0,77,,5808562273147,
2026-08-19 00:17:24.566,pulse_batch,x,,,,,-2,,860,-354,-530,0,77,,5808583523678,
2026-08-19 00:17:24.586,pulse_batch,x,,,,,-2,,862,-356,-532,0,77,,5808603929476,
2026-08-19 00:17:24.606,pulse_batch,x,,,,,-2,,864,-358,-534,0,77,,5808624260535,
2026-08-19 00:17:24.628,pulse_batch,x,,,,,-2,,866,-360,-536,0,77,,5808645276735,
2026-08-19 00:17:24.648,pulse_batch,x,,,,,-2,,868,-362,-538,0,77,,5808665654589,
2026-08-19 00:17:24.668,pulse_batch,x,,,,,-2,,870,-364,-540,0,77,,5808686043443,
2026-08-19 00:17:24.689,pulse_batch,x,,,,,-2,,872,-366,-542,0,77,,5808706521611,
2026-08-19 00:17:24.709,pulse_batch,x,,,,,-2,,874,-368,-544,0,77,,5808726975835,
2026-08-19 00:17:24.730,pulse_batch,x,,,,,-2,,876,-370,-546,0,77,,5808747318597,
2026-08-19 00:17:24.750,pulse_batch,x,,,,,-2,,878,-372,-548,0,77,,5808767927319,
2026-08-19 00:17:24.771,pulse_batch,x,,,,,-2,,880,-374,-550,0,77,,5808788545986,
2026-08-19 00:17:24.791,pulse_batch,x,,,,,-2,,882,-376,-552,0,77,,5808808887637,
2026-08-19 00:17:24.811,pulse_batch,x,,,,,-2,,884,-378,-554,0,77,,5808829184881,
2026-08-19 00:17:24.833,pulse_batch,x,,,,,-2,,886,-380,-556,0,77,,5808850317543,
2026-08-19 00:17:24.854,pulse_batch,x,,,,,-2,,888,-382,-558,0,77,,5808871559685,
2026-08-19 00:17:24.874,pulse_batch,x,,,,,-2,,890,-384,-560,0,77,,5808891875521,
2026-08-19 00:17:24.895,pulse_batch,x,,,,,-2,,892,-386,-562,0,77,,5808912475318,
2026-08-19 00:17:24.915,pulse_batch,x,,,,,-2,,894,-388,-564,0,77,,5808932938671,
2026-08-19 00:17:24.936,pulse_batch,x,,,,,-2,,896,-390,-566,0,77,,5808953285303,
2026-08-19 00:17:24.956,pulse_batch,x,,,,,-2,,898,-392,-568,0,77,,5808974132838,
2026-08-19 00:17:24.979,pulse_batch,x,,,,,-2,,900,-394,-570,0,77,,5808996534580,
2026-08-19 00:17:24.999,pulse_batch,x,,,,,-2,,902,-396,-572,0,77,,5809016906286,
2026-08-19 00:17:25.020,pulse_batch,x,,,,,-2,,904,-398,-574,0,77,,5809037292529,
2026-08-19 00:17:25.040,pulse_batch,x,,,,,-2,,906,-400,-576,0,77,,5809057801938,
2026-08-19 00:17:25.060,pulse_batch,x,,,,,-2,,908,-402,-578,0,77,,5809078186052,
2026-08-19 00:17:25.081,pulse_batch,x,,,,,-2,,910,-404,-580,0,77,,5809098489277,
2026-08-19 00:17:25.102,pulse_batch,x,,,,,-2,,912,-406,-582,0,77,,5809119366460,
2026-08-19 00:17:25.122,pulse_batch,x,,,,,-2,,914,-408,-584,0,77,,5809139692370,
2026-08-19 00:17:25.142,pulse_batch,x,,,,,-2,,916,-410,-586,0,77,,5809159961856,
2026-08-19 00:17:25.164,pulse_batch,x,,,,,-2,,918,-412,-588,0,77,,5809181542624,
2026-08-19 00:17:25.184,pulse_batch,x,,,,,-2,,920,-414,-590,0,77,,5809201898497,
2026-08-19 00:17:25.204,pulse_batch,x,,,,,-2,,922,-416,-592,0,77,,5809222153483,
2026-08-19 00:17:25.226,pulse_batch,x,,,,,-2,,924,-418,-594,0,77,,5809243505457,
2026-08-19 00:17:25.246,pulse_batch,x,,,,,-2,,926,-420,-596,0,77,,5809263867552,
2026-08-19 00:17:25.266,pulse_batch,x,,,,,-2,,928,-422,-598,0,77,,5809284209463,
2026-08-19 00:17:25.287,pulse_batch,x,,,,,-2,,930,-424,-600,0,77,,5809304803648,
2026-08-19 00:17:25.308,pulse_batch,x,,,,,-2,,932,-426,-602,0,77,,5809325295279,
2026-08-19 00:17:25.328,pulse_batch,x,,,,,-2,,934,-428,-604,0,77,,5809345578172,
2026-08-19 00:17:25.348,pulse_batch,x,,,,,-2,,936,-430,-606,0,77,,5809365906045,
2026-08-19 00:17:25.369,pulse_batch,x,,,,,-2,,938,-432,-608,0,77,,5809386885616,
2026-08-19 00:17:25.389,pulse_batch,x,,,,,-2,,940,-434,-610,0,77,,5809407188008,
2026-08-19 00:17:25.410,pulse_batch,x,,,,,-2,,942,-436,-612,0,77,,5809427482790,
2026-08-19 00:17:25.430,pulse_batch,x,,,,,-2,,944,-438,-614,0,77,,5809447904014,
2026-08-19 00:17:25.451,pulse_batch,x,,,,,-2,,946,-440,-616,0,77,,5809468342423,
2026-08-19 00:17:25.471,pulse_batch,x,,,,,-2,,948,-442,-618,0,77,,5809488681093,
2026-08-19 00:17:25.492,pulse_batch,x,,,,,-2,,950,-444,-620,0,77,,5809509545424,
2026-08-19 00:17:25.512,pulse_batch,x,,,,,-2,,952,-446,-622,0,77,,5809529943352,
2026-08-19 00:17:25.533,pulse_batch,x,,,,,-2,,954,-448,-624,0,77,,5809550272059,
2026-08-19 00:17:25.553,pulse_batch,x,,,,,-2,,956,-450,-626,0,77,,5809570998244,
2026-08-19 00:17:25.574,pulse_batch,x,,,,,-2,,958,-452,-628,0,77,,5809591445671,
2026-08-19 00:17:25.594,pulse_batch,x,,,,,-2,,960,-454,-630,0,77,,5809611811396,
2026-08-19 00:17:25.615,pulse_batch,x,,,,,-2,,962,-456,-632,0,77,,5809632238269,
2026-08-19 00:17:25.636,pulse_batch,x,,,,,-2,,964,-458,-634,0,77,,5809653196377,
2026-08-19 00:17:25.656,pulse_batch,x,,,,,-2,,966,-460,-636,0,77,,5809673644842,
2026-08-19 00:17:25.676,pulse_batch,x,,,,,-2,,968,-462,-638,0,77,,5809694134084,
2026-08-19 00:17:25.698,pulse_batch,x,,,,,-2,,970,-464,-640,0,77,,5809715510262,
2026-08-19 00:17:25.721,pulse_batch,x,,,,,-2,,972,-466,-642,0,77,,5809738848568,
2026-08-19 00:17:25.741,pulse_batch,x,,,,,-2,,974,-468,-644,0,77,,5809759125683,
2026-08-19 00:17:25.766,pulse_batch,x,,,,,-2,,976,-470,-646,0,77,,5809784097455,
2026-08-19 00:17:25.787,pulse_batch,x,,,,,-2,,978,-472,-648,0,77,,5809804477050,
2026-08-19 00:17:25.807,pulse_batch,x,,,,,-2,,980,-474,-650,0,77,,5809824742999,
2026-08-19 00:17:25.829,pulse_batch,x,,,,,-2,,982,-476,-652,0,77,,5809846363230,
2026-08-19 00:17:25.849,pulse_batch,x,,,,,-2,,984,-478,-654,0,77,,5809867111543,
2026-08-19 00:17:25.870,pulse_batch,x,,,,,-2,,986,-480,-656,0,77,,5809887415306,
2026-08-19 00:17:25.893,pulse_batch,x,,,,,-2,,988,-482,-658,0,77,,5809910407301,
2026-08-19 00:17:25.914,pulse_batch,x,,,,,-2,,990,-484,-660,0,77,,5809931491612,
2026-08-19 00:17:25.934,pulse_batch,x,,,,,-2,,992,-486,-662,0,77,,5809951792374,
2026-08-19 00:17:25.955,pulse_batch,x,,,,,-2,,994,-488,-664,0,77,,5809972944943,
2026-08-19 00:17:25.976,pulse_batch,x,,,,,-2,,996,-490,-666,0,77,,5809993359520,
2026-08-19 00:17:25.996,pulse_batch,x,,,,,-2,,998,-492,-668,0,77,,5810013662875,
2026-08-19 00:17:26.016,pulse_batch,x,,,,,-2,,1000,-494,-670,0,77,,5810033980008,
2026-08-19 00:17:26.037,pulse_batch,x,,,,,-2,,1002,-496,-672,0,77,,5810054425399,
2026-08-19 00:17:26.057,pulse_batch,x,,,,,-2,,1004,-498,-674,0,77,,5810074729199,
2026-08-19 00:17:26.077,pulse_batch,x,,,,,-2,,1006,-500,-676,0,77,,5810095057313,
2026-08-19 00:17:26.098,pulse_batch,x,,,,,-2,,1008,-502,-678,0,77,,5810115468426,
2026-08-19 00:17:26.118,pulse_batch,x,,,,,-2,,1010,-504,-680,0,77,,5810135940465,
2026-08-19 00:17:26.138,pulse_batch,x,,,,,-2,,1012,-506,-682,0,77,,5810156213339,
2026-08-19 00:17:26.160,pulse_batch,x,,,,,-2,,1014,-508,-684,0,77,,5810177263743,
2026-08-19 00:17:26.180,pulse_batch,x,,,,,-2,,1016,-510,-686,0,77,,5810197649098,
2026-08-19 00:17:26.200,pulse_batch,x,,,,,-2,,1018,-512,-688,0,77,,5810217935694,
2026-08-19 00:17:26.221,pulse_batch,x,,,,,-2,,1020,-514,-690,0,77,,5810238565935,
2026-08-19 00:17:26.241,pulse_batch,x,,,,,-2,,1022,-516,-692,0,77,,5810258973234,
2026-08-19 00:17:26.261,pulse_batch,x,,,,,-2,,1024,-518,-694,0,77,,5810279275922,
2026-08-19 00:17:26.282,pulse_batch,x,,,,,-2,,1026,-520,-696,0,77,,5810299637425,
2026-08-19 00:17:26.303,pulse_batch,x,,,,,-2,,1028,-522,-698,0,77,,5810320698032,
2026-08-19 00:17:26.323,pulse_batch,x,,,,,-2,,1030,-524,-700,0,77,,5810341019443,
2026-08-19 00:17:26.344,pulse_batch,x,,,,,-2,,1032,-526,-702,0,77,,5810361306095,
2026-08-19 00:17:26.365,pulse_batch,x,,,,,-2,,1034,-528,-704,0,77,,5810382700106,
2026-08-19 00:17:26.386,pulse_batch,x,,,,,-2,,1036,-530,-706,0,77,,5810403243144,
2026-08-19 00:17:26.406,pulse_batch,x,,,,,-2,,1038,-532,-708,0,77,,5810423530796,
2026-08-19 00:17:26.426,pulse_batch,x,,,,,-2,,1040,-534,-710,0,77,,5810443992076,
2026-08-19 00:17:26.447,pulse_batch,x,,,,,-2,,1042,-536,-712,0,77,,5810464415097,
2026-08-19 00:17:26.467,pulse_batch,x,,,,,-2,,1044,-538,-714,0,77,,5810484719822,
2026-08-19 00:17:26.488,pulse_batch,x,,,,,-2,,1046,-540,-716,0,77,,5810505352415,
2026-08-19 00:17:26.508,pulse_batch,x,,,,,-2,,1048,-542,-718,0,77,,5810525856491,
2026-08-19 00:17:26.528,pulse_batch,x,,,,,-2,,1050,-544,-720,0,77,,5810546165365,
2026-08-19 00:17:26.550,pulse_batch,x,,,,,-2,,1052,-546,-722,0,77,,5810568104315,
2026-08-19 00:17:26.571,pulse_batch,x,,,,,-2,,1054,-548,-724,0,77,,5810588590206,
2026-08-19 00:17:26.591,pulse_batch,x,,,,,-2,,1056,-550,-726,0,77,,5810608958764,
2026-08-19 00:17:26.612,pulse_batch,x,,,,,-2,,1058,-552,-728,0,77,,5810629589413,
2026-08-19 00:17:26.635,pulse_batch,x,,,,,-2,,1060,-554,-730,0,77,,5810653019237,
2026-08-19 00:17:26.656,pulse_batch,x,,,,,-2,,1062,-556,-732,0,77,,5810673579738,
2026-08-19 00:17:26.676,pulse_batch,x,,,,,-2,,1064,-558,-734,0,77,,5810693859686,
2026-08-19 00:17:26.698,pulse_batch,x,,,,,-2,,1066,-560,-736,0,77,,5810716073263,
2026-08-19 00:17:26.719,pulse_batch,x,,,,,-2,,1068,-562,-738,0,77,,5810736545413,
2026-08-19 00:17:26.739,pulse_batch,x,,,,,-2,,1070,-564,-740,0,77,,5810756831102,
2026-08-19 00:17:26.760,pulse_batch,x,,,,,-2,,1072,-566,-742,0,77,,5810777318197,
2026-08-19 00:17:26.780,pulse_batch,x,,,,,-2,,1074,-568,-744,0,77,,5810797686811,
2026-08-19 00:17:26.800,pulse_batch,x,,,,,-2,,1076,-570,-746,0,77,,5810818040184,
2026-08-19 00:17:26.822,pulse_batch,x,,,,,-2,,1078,-572,-748,0,77,,5810840025912,
2026-08-19 00:17:26.843,pulse_batch,x,,,,,-2,,1080,-574,-750,0,77,,5810860424970,
2026-08-19 00:17:26.863,pulse_batch,x,,,,,-2,,1082,-576,-752,0,77,,5810880762751,
2026-08-19 00:17:26.883,pulse_batch,x,,,,,-2,,1084,-578,-754,0,77,,5810901137642,
2026-08-19 00:17:26.910,pulse_batch,x,,,,,-2,,1086,-580,-756,0,77,,5810928035673,
2026-08-19 00:17:26.931,pulse_batch,x,,,,,-2,,1088,-582,-758,0,77,,5810948361825,
2026-08-19 00:17:26.951,pulse_batch,x,,,,,-2,,1090,-584,-760,0,77,,5810968711809,
2026-08-19 00:17:26.972,pulse_batch,x,,,,,-2,,1092,-586,-762,0,77,,5810989311199,
2026-08-19 00:17:26.992,pulse_batch,x,,,,,-2,,1094,-588,-764,0,77,,5811009682813,
2026-08-19 00:17:27.012,pulse_batch,x,,,,,-2,,1096,-590,-766,0,77,,5811029967242,
2026-08-19 00:17:27.033,pulse_batch,x,,,,,-2,,1098,-592,-768,0,77,,5811050708205,
2026-08-19 00:17:27.053,pulse_batch,x,,,,,-2,,1100,-594,-770,0,77,,5811071227817,
2026-08-19 00:17:27.074,pulse_batch,x,,,,,-2,,1102,-596,-772,0,77,,5811091485803,
2026-08-19 00:17:27.089,pulse_batch,x,,,,,-1,,1103,-597,-773,0,77,,5811107195315,
2026-08-19 00:17:27.090,continuous_stop,x,,,,,,-1,1103,-597,-773,0,77,,5811107513423,
2026-08-19 00:17:28.493,continuous_start,x,,,,,,1,1103,-597,-773,0,77,,5812510330551,
2026-08-19 00:17:28.498,pulse_batch,x,,,,,1,,1104,-596,-773,1,77,,5812515772775,
2026-08-19 00:17:28.519,pulse_batch,x,,,,,2,,1106,-594,-773,3,77,,5812536326555,
2026-08-19 00:17:28.539,pulse_batch,x,,,,,2,,1108,-592,-773,5,77,,5812556614818,
2026-08-19 00:17:28.559,pulse_batch,x,,,,,2,,1110,-590,-773,7,77,,5812577048209,
2026-08-19 00:17:28.580,pulse_batch,x,,,,,2,,1112,-588,-773,9,77,,5812597394639,
2026-08-19 00:17:28.600,pulse_batch,x,,,,,2,,1114,-586,-773,11,77,,5812617687828,
2026-08-19 00:17:28.621,pulse_batch,x,,,,,2,,1116,-584,-773,13,77,,5812638432716,
2026-08-19 00:17:28.643,pulse_batch,x,,,,,2,,1118,-582,-773,15,77,,5812660213613,
2026-08-19 00:17:28.663,pulse_batch,x,,,,,2,,1120,-580,-773,17,77,,5812680482432,
2026-08-19 00:17:28.683,pulse_batch,x,,,,,2,,1122,-578,-773,19,77,,5812700768380,
2026-08-19 00:17:28.705,pulse_batch,x,,,,,2,,1124,-576,-773,21,77,,5812722625091,
2026-08-19 00:17:28.725,pulse_batch,x,,,,,2,,1126,-574,-773,23,77,,5812743000428,
2026-08-19 00:17:28.745,pulse_batch,x,,,,,2,,1128,-572,-773,25,77,,5812763250099,
2026-08-19 00:17:28.768,pulse_batch,x,,,,,2,,1130,-570,-773,27,77,,5812785842265,
2026-08-19 00:17:28.789,pulse_batch,x,,,,,2,,1132,-568,-773,29,77,,5812806264083,
2026-08-19 00:17:28.809,pulse_batch,x,,,,,2,,1134,-566,-773,31,77,,5812826533624,
2026-08-19 00:17:28.830,pulse_batch,x,,,,,2,,1136,-564,-773,33,77,,5812847856433,
2026-08-19 00:17:28.850,pulse_batch,x,,,,,2,,1138,-562,-773,35,77,,5812868242658,
2026-08-19 00:17:28.871,pulse_batch,x,,,,,2,,1140,-560,-773,37,77,,5812888547421,
2026-08-19 00:17:28.891,pulse_batch,x,,,,,2,,1142,-558,-773,39,77,,5812909114404,
2026-08-19 00:17:28.912,pulse_batch,x,,,,,2,,1144,-556,-773,41,77,,5812929570443,
2026-08-19 00:17:28.932,pulse_batch,x,,,,,2,,1146,-554,-773,43,77,,5812949931520,
2026-08-19 00:17:28.953,pulse_batch,x,,,,,2,,1148,-552,-773,45,77,,5812970330616,
2026-08-19 00:17:28.973,pulse_batch,x,,,,,2,,1150,-550,-773,47,77,,5812990788970,
2026-08-19 00:17:28.993,pulse_batch,x,,,,,2,,1152,-548,-773,49,77,,5813011111252,
2026-08-19 00:17:29.014,pulse_batch,x,,,,,2,,1154,-546,-773,51,77,,5813031418070,
2026-08-19 00:17:29.034,pulse_batch,x,,,,,2,,1156,-544,-773,53,77,,5813051862147,
2026-08-19 00:17:29.055,pulse_batch,x,,,,,2,,1158,-542,-773,55,77,,5813072265428,
2026-08-19 00:17:29.075,pulse_batch,x,,,,,2,,1160,-540,-773,57,77,,5813092554617,
2026-08-19 00:17:29.095,pulse_batch,x,,,,,2,,1162,-538,-773,59,77,,5813113033194,
2026-08-19 00:17:29.116,pulse_batch,x,,,,,2,,1164,-536,-773,61,77,,5813133544196,
2026-08-19 00:17:29.136,pulse_batch,x,,,,,2,,1166,-534,-773,63,77,,5813153900384,
2026-08-19 00:17:29.157,pulse_batch,x,,,,,2,,1168,-532,-773,65,77,,5813174740068,
2026-08-19 00:17:29.177,pulse_batch,x,,,,,2,,1170,-530,-773,67,77,,5813195255663,
2026-08-19 00:17:29.198,pulse_batch,x,,,,,2,,1172,-528,-773,69,77,,5813215588518,
2026-08-19 00:17:29.218,pulse_batch,x,,,,,2,,1174,-526,-773,71,77,,5813235924689,
2026-08-19 00:17:29.239,pulse_batch,x,,,,,2,,1176,-524,-773,73,77,,5813256726669,
2026-08-19 00:17:29.259,pulse_batch,x,,,,,2,,1178,-522,-773,75,77,,5813277009322,
2026-08-19 00:17:29.280,pulse_batch,x,,,,,2,,1180,-520,-773,77,77,,5813297313215,
2026-08-19 00:17:29.300,pulse_batch,x,,,,,2,,1182,-518,-771,77,77,,5813318079510,
2026-08-19 00:17:29.321,pulse_batch,x,,,,,2,,1184,-516,-769,77,77,,5813338528161,
2026-08-19 00:17:29.341,pulse_batch,x,,,,,2,,1186,-514,-767,77,77,,5813358837795,
2026-08-19 00:17:29.362,pulse_batch,x,,,,,2,,1188,-512,-765,77,77,,5813380104178,
2026-08-19 00:17:29.383,pulse_batch,x,,,,,2,,1190,-510,-763,77,77,,5813400516626,
2026-08-19 00:17:29.403,pulse_batch,x,,,,,2,,1192,-508,-761,77,77,,5813420806074,
2026-08-19 00:17:29.424,pulse_batch,x,,,,,2,,1194,-506,-759,77,77,,5813441307150,
2026-08-19 00:17:29.444,pulse_batch,x,,,,,2,,1196,-504,-757,77,77,,5813462053094,
2026-08-19 00:17:29.465,pulse_batch,x,,,,,2,,1198,-502,-755,77,77,,5813482373654,
2026-08-19 00:17:29.485,pulse_batch,x,,,,,2,,1200,-500,-753,77,77,,5813502688213,
2026-08-19 00:17:29.507,pulse_batch,x,,,,,2,,1202,-498,-751,77,77,,5813525244954,
2026-08-19 00:17:29.528,pulse_batch,x,,,,,2,,1204,-496,-749,77,77,,5813545588958,
2026-08-19 00:17:29.548,pulse_batch,x,,,,,2,,1206,-494,-747,77,77,,5813565928832,
2026-08-19 00:17:29.569,pulse_batch,x,,,,,2,,1208,-492,-745,77,77,,5813587238474,
2026-08-19 00:17:29.590,pulse_batch,x,,,,,2,,1210,-490,-743,77,77,,5813607627367,
2026-08-19 00:17:29.610,pulse_batch,x,,,,,2,,1212,-488,-741,77,77,,5813627906834,
2026-08-19 00:17:29.631,pulse_batch,x,,,,,2,,1214,-486,-739,77,77,,5813648469020,
2026-08-19 00:17:29.651,pulse_batch,x,,,,,2,,1216,-484,-737,77,77,,5813668822376,
2026-08-19 00:17:29.671,pulse_batch,x,,,,,2,,1218,-482,-735,77,77,,5813689112787,
2026-08-19 00:17:29.693,pulse_batch,x,,,,,2,,1220,-480,-733,77,77,,5813710275283,
2026-08-19 00:17:29.713,pulse_batch,x,,,,,2,,1222,-478,-731,77,77,,5813730653175,
2026-08-19 00:17:29.733,pulse_batch,x,,,,,2,,1224,-476,-729,77,77,,5813750993401,
2026-08-19 00:17:29.754,pulse_batch,x,,,,,2,,1226,-474,-727,77,77,,5813771750864,
2026-08-19 00:17:29.775,pulse_batch,x,,,,,2,,1228,-472,-725,77,77,,5813792233607,
2026-08-19 00:17:29.795,pulse_batch,x,,,,,2,,1230,-470,-723,77,77,,5813812588517,
2026-08-19 00:17:29.815,pulse_batch,x,,,,,2,,1232,-468,-721,77,77,,5813832875522,
2026-08-19 00:17:29.837,pulse_batch,x,,,,,2,,1234,-466,-719,77,77,,5813854057832,
2026-08-19 00:17:29.857,pulse_batch,x,,,,,2,,1236,-464,-717,77,77,,5813874432983,
2026-08-19 00:17:29.877,pulse_batch,x,,,,,2,,1238,-462,-715,77,77,,5813894701636,
2026-08-19 00:17:29.898,pulse_batch,x,,,,,2,,1240,-460,-713,77,77,,5813915431488,
2026-08-19 00:17:29.918,pulse_batch,x,,,,,2,,1242,-458,-711,77,77,,5813935770250,
2026-08-19 00:17:29.938,pulse_batch,x,,,,,2,,1244,-456,-709,77,77,,5813956055810,
2026-08-19 00:17:29.959,pulse_batch,x,,,,,2,,1246,-454,-707,77,77,,5813976636719,
2026-08-19 00:17:29.979,pulse_batch,x,,,,,2,,1248,-452,-705,77,77,,5813997097592,
2026-08-19 00:17:30.000,pulse_batch,x,,,,,2,,1250,-450,-703,77,77,,5814017406207,
2026-08-19 00:17:30.020,pulse_batch,x,,,,,2,,1252,-448,-701,77,77,,5814038109003,
2026-08-19 00:17:30.041,pulse_batch,x,,,,,2,,1254,-446,-699,77,77,,5814058583228,
2026-08-19 00:17:30.061,pulse_batch,x,,,,,2,,1256,-444,-697,77,77,,5814078890992,
2026-08-19 00:17:30.081,pulse_batch,x,,,,,2,,1258,-442,-695,77,77,,5814099212366,
2026-08-19 00:17:30.104,pulse_batch,x,,,,,2,,1260,-440,-693,77,77,,5814122128900,
2026-08-19 00:17:30.125,pulse_batch,x,,,,,2,,1262,-438,-691,77,77,,5814142616921,
2026-08-19 00:17:30.145,pulse_batch,x,,,,,2,,1264,-436,-689,77,77,,5814163032757,
2026-08-19 00:17:30.166,pulse_batch,x,,,,,2,,1266,-434,-687,77,77,,5814183715591,
2026-08-19 00:17:30.186,pulse_batch,x,,,,,2,,1268,-432,-685,77,77,,5814204174223,
2026-08-19 00:17:30.207,pulse_batch,x,,,,,2,,1270,-430,-683,77,77,,5814224504987,
2026-08-19 00:17:30.228,pulse_batch,x,,,,,2,,1272,-428,-681,77,77,,5814245343337,
2026-08-19 00:17:30.249,pulse_batch,x,,,,,2,,1274,-426,-679,77,77,,5814266463908,
2026-08-19 00:17:30.269,pulse_batch,x,,,,,2,,1276,-424,-677,77,77,,5814286804782,
2026-08-19 00:17:30.289,pulse_batch,x,,,,,2,,1278,-422,-675,77,77,,5814307157434,
2026-08-19 00:17:30.310,pulse_batch,x,,,,,2,,1280,-420,-673,77,77,,5814327653751,
2026-08-19 00:17:30.330,pulse_batch,x,,,,,2,,1282,-418,-671,77,77,,5814348027958,
2026-08-19 00:17:30.351,pulse_batch,x,,,,,2,,1284,-416,-669,77,77,,5814368513442,
2026-08-19 00:17:30.371,pulse_batch,x,,,,,2,,1286,-414,-667,77,77,,5814389008426,
2026-08-19 00:17:30.393,pulse_batch,x,,,,,2,,1288,-412,-665,77,77,,5814410279069,
2026-08-19 00:17:30.413,pulse_batch,x,,,,,2,,1290,-410,-663,77,77,,5814430573369,
2026-08-19 00:17:30.433,pulse_batch,x,,,,,2,,1292,-408,-661,77,77,,5814451130389,
2026-08-19 00:17:30.454,pulse_batch,x,,,,,2,,1294,-406,-659,77,77,,5814471687873,
2026-08-19 00:17:30.474,pulse_batch,x,,,,,2,,1296,-404,-657,77,77,,5814492016580,
2026-08-19 00:17:30.495,pulse_batch,x,,,,,2,,1298,-402,-655,77,77,,5814512411343,
2026-08-19 00:17:30.515,pulse_batch,x,,,,,2,,1300,-400,-653,77,77,,5814532840827,
2026-08-19 00:17:30.535,pulse_batch,x,,,,,2,,1302,-398,-651,77,77,,5814553166257,
2026-08-19 00:17:30.556,pulse_batch,x,,,,,2,,1304,-396,-649,77,77,,5814573965497,
2026-08-19 00:17:30.579,pulse_batch,x,,,,,2,,1306,-394,-647,77,77,,5814596191909,
2026-08-19 00:17:30.599,pulse_batch,x,,,,,2,,1308,-392,-645,77,77,,5814616524505,
2026-08-19 00:17:30.619,pulse_batch,x,,,,,2,,1310,-390,-643,77,77,,5814636893916,
2026-08-19 00:17:30.640,pulse_batch,x,,,,,2,,1312,-388,-641,77,77,,5814657389566,
2026-08-19 00:17:30.661,pulse_batch,x,,,,,2,,1314,-386,-639,77,77,,5814678322120,
2026-08-19 00:17:30.681,pulse_batch,x,,,,,2,,1316,-384,-637,77,77,,5814698642439,
2026-08-19 00:17:30.701,pulse_batch,x,,,,,2,,1318,-382,-635,77,77,,5814719116923,
2026-08-19 00:17:30.722,pulse_batch,x,,,,,2,,1320,-380,-633,77,77,,5814739518963,
2026-08-19 00:17:30.742,pulse_batch,x,,,,,2,,1322,-378,-631,77,77,,5814759856523,
2026-08-19 00:17:30.766,pulse_batch,x,,,,,2,,1324,-376,-629,77,77,,5814783825861,
2026-08-19 00:17:30.787,pulse_batch,x,,,,,2,,1326,-374,-627,77,77,,5814804266531,
2026-08-19 00:17:30.807,pulse_batch,x,,,,,2,,1328,-372,-625,77,77,,5814824578294,
2026-08-19 00:17:30.827,pulse_batch,x,,,,,2,,1330,-370,-623,77,77,,5814845128555,
2026-08-19 00:17:30.848,pulse_batch,x,,,,,2,,1332,-368,-621,77,77,,5814865623724,
2026-08-19 00:17:30.868,pulse_batch,x,,,,,2,,1334,-366,-619,77,77,,5814886030579,
2026-08-19 00:17:30.889,pulse_batch,x,,,,,2,,1336,-364,-617,77,77,,5814906394675,
2026-08-19 00:17:30.909,pulse_batch,x,,,,,2,,1338,-362,-615,77,77,,5814926957677,
2026-08-19 00:17:30.930,pulse_batch,x,,,,,2,,1340,-360,-613,77,77,,5814947264292,
2026-08-19 00:17:30.950,pulse_batch,x,,,,,2,,1342,-358,-611,77,77,,5814967577481,
2026-08-19 00:17:30.970,pulse_batch,x,,,,,2,,1344,-356,-609,77,77,,5814988231964,
2026-08-19 00:17:30.991,pulse_batch,x,,,,,2,,1346,-354,-607,77,77,,5815008680318,
2026-08-19 00:17:31.011,pulse_batch,x,,,,,2,,1348,-352,-605,77,77,,5815028985378,
2026-08-19 00:17:31.032,pulse_batch,x,,,,,2,,1350,-350,-603,77,77,,5815049882173,
2026-08-19 00:17:31.053,pulse_batch,x,,,,,2,,1352,-348,-601,77,77,,5815070340065,
2026-08-19 00:17:31.073,pulse_batch,x,,,,,2,,1354,-346,-599,77,77,,5815090698124,
2026-08-19 00:17:31.094,pulse_batch,x,,,,,2,,1356,-344,-597,77,77,,5815111464346,
2026-08-19 00:17:31.114,pulse_batch,x,,,,,2,,1358,-342,-595,77,77,,5815131910942,
2026-08-19 00:17:31.135,pulse_batch,x,,,,,2,,1360,-340,-593,77,77,,5815152275446,
2026-08-19 00:17:31.155,pulse_batch,x,,,,,2,,1362,-338,-591,77,77,,5815172754819,
2026-08-19 00:17:31.176,pulse_batch,x,,,,,2,,1364,-336,-589,77,77,,5815193619836,
2026-08-19 00:17:31.196,pulse_batch,x,,,,,2,,1366,-334,-587,77,77,,5815214067561,
2026-08-19 00:17:31.217,pulse_batch,x,,,,,2,,1368,-332,-585,77,77,,5815234375806,
2026-08-19 00:17:31.237,pulse_batch,x,,,,,2,,1370,-330,-583,77,77,,5815255136602,
2026-08-19 00:17:31.260,pulse_batch,x,,,,,2,,1372,-328,-581,77,77,,5815277761528,
2026-08-19 00:17:31.280,pulse_batch,x,,,,,2,,1374,-326,-579,77,77,,5815298038033,
2026-08-19 00:17:31.301,pulse_batch,x,,,,,2,,1376,-324,-577,77,77,,5815318570702,
2026-08-19 00:17:31.323,pulse_batch,x,,,,,2,,1378,-322,-575,77,77,,5815340623356,
2026-08-19 00:17:31.343,pulse_batch,x,,,,,2,,1380,-320,-573,77,77,,5815360949934,
2026-08-19 00:17:31.364,pulse_batch,x,,,,,2,,1382,-318,-571,77,77,,5815381986283,
2026-08-19 00:17:31.385,pulse_batch,x,,,,,2,,1384,-316,-569,77,77,,5815402447082,
2026-08-19 00:17:31.405,pulse_batch,x,,,,,2,,1386,-314,-567,77,77,,5815422868085,
2026-08-19 00:17:31.429,pulse_batch,x,,,,,2,,1388,-312,-565,77,77,,5815446269430,
2026-08-19 00:17:31.449,pulse_batch,x,,,,,2,,1390,-310,-563,77,77,,5815466747173,
2026-08-19 00:17:31.469,pulse_batch,x,,,,,2,,1392,-308,-561,77,77,,5815487162010,
2026-08-19 00:17:31.490,pulse_batch,x,,,,,2,,1394,-306,-559,77,77,,5815507527773,
2026-08-19 00:17:31.513,pulse_batch,x,,,,,2,,1396,-304,-557,77,77,,5815530545787,
2026-08-19 00:17:31.533,pulse_batch,x,,,,,2,,1398,-302,-555,77,77,,5815550852958,
2026-08-19 00:17:31.553,pulse_batch,x,,,,,2,,1400,-300,-553,77,77,,5815571162148,
2026-08-19 00:17:31.574,pulse_batch,x,,,,,2,,1402,-298,-551,77,77,,5815591661576,
2026-08-19 00:17:31.594,pulse_batch,x,,,,,2,,1404,-296,-549,77,77,,5815612119450,
2026-08-19 00:17:31.615,pulse_batch,x,,,,,2,,1406,-294,-547,77,77,,5815632493990,
2026-08-19 00:17:31.638,pulse_batch,x,,,,,2,,1408,-292,-545,77,77,,5815656112277,
2026-08-19 00:17:31.659,pulse_batch,x,,,,,2,,1410,-290,-543,77,77,,5815676542780,
2026-08-19 00:17:31.679,pulse_batch,x,,,,,2,,1412,-288,-541,77,77,,5815696925617,
2026-08-19 00:17:31.700,pulse_batch,x,,,,,2,,1414,-286,-539,77,77,,5815717431823,
2026-08-19 00:17:31.722,pulse_batch,x,,,,,2,,1416,-284,-537,77,77,,5815739414885,
2026-08-19 00:17:31.742,pulse_batch,x,,,,,2,,1418,-282,-535,77,77,,5815759736908,
2026-08-19 00:17:31.763,pulse_batch,x,,,,,2,,1420,-280,-533,77,77,,5815781038847,
2026-08-19 00:17:31.784,pulse_batch,x,,,,,2,,1422,-278,-531,77,77,,5815801592608,
2026-08-19 00:17:31.804,pulse_batch,x,,,,,2,,1424,-276,-529,77,77,,5815821911168,
2026-08-19 00:17:31.825,pulse_batch,x,,,,,2,,1426,-274,-527,77,77,,5815842397059,
2026-08-19 00:17:31.845,pulse_batch,x,,,,,2,,1428,-272,-525,77,77,,5815862961542,
2026-08-19 00:17:31.866,pulse_batch,x,,,,,2,,1430,-270,-523,77,77,,5815883376583,
2026-08-19 00:17:31.886,pulse_batch,x,,,,,2,,1432,-268,-521,77,77,,5815904115990,
2026-08-19 00:17:31.907,pulse_batch,x,,,,,2,,1434,-266,-519,77,77,,5815924597271,
2026-08-19 00:17:31.928,pulse_batch,x,,,,,2,,1436,-264,-517,77,77,,5815945754415,
2026-08-19 00:17:31.948,pulse_batch,x,,,,,2,,1438,-262,-515,77,77,,5815966061419,
2026-08-19 00:17:31.969,pulse_batch,x,,,,,2,,1440,-260,-513,77,77,,5815986641717,
2026-08-19 00:17:31.989,pulse_batch,x,,,,,2,,1442,-258,-511,77,77,,5816007114553,
2026-08-19 00:17:32.010,pulse_batch,x,,,,,2,,1444,-256,-509,77,77,,5816027441743,
2026-08-19 00:17:32.030,pulse_batch,x,,,,,2,,1446,-254,-507,77,77,,5816047953689,
2026-08-19 00:17:32.051,pulse_batch,x,,,,,2,,1448,-252,-505,77,77,,5816068434303,
2026-08-19 00:17:32.071,pulse_batch,x,,,,,2,,1450,-250,-503,77,77,,5816088877029,
2026-08-19 00:17:32.096,pulse_batch,x,,,,,2,,1452,-248,-501,77,77,,5816113296660,
2026-08-19 00:17:32.116,pulse_batch,x,,,,,2,,1454,-246,-499,77,77,,5816133700385,
2026-08-19 00:17:32.136,pulse_batch,x,,,,,2,,1456,-244,-497,77,77,,5816154093963,
2026-08-19 00:17:32.157,pulse_batch,x,,,,,2,,1458,-242,-495,77,77,,5816174878889,
2026-08-19 00:17:32.178,pulse_batch,x,,,,,2,,1460,-240,-493,77,77,,5816195315207,
2026-08-19 00:17:32.198,pulse_batch,x,,,,,2,,1462,-238,-491,77,77,,5816215731414,
2026-08-19 00:17:32.218,pulse_batch,x,,,,,2,,1464,-236,-489,77,77,,5816236066937,
2026-08-19 00:17:32.240,pulse_batch,x,,,,,2,,1466,-234,-487,77,77,,5816257322747,
2026-08-19 00:17:32.260,pulse_batch,x,,,,,2,,1468,-232,-485,77,77,,5816277826694,
2026-08-19 00:17:32.280,pulse_batch,x,,,,,2,,1470,-230,-483,77,77,,5816298184402,
2026-08-19 00:17:32.301,pulse_batch,x,,,,,2,,1472,-228,-481,77,77,,5816318805607,
2026-08-19 00:17:32.322,pulse_batch,x,,,,,2,,1474,-226,-479,77,77,,5816339266739,
2026-08-19 00:17:32.342,pulse_batch,x,,,,,2,,1476,-224,-477,77,77,,5816359582966,
2026-08-19 00:17:32.363,pulse_batch,x,,,,,2,,1478,-222,-475,77,77,,5816380566297,
2026-08-19 00:17:32.384,pulse_batch,x,,,,,2,,1480,-220,-473,77,77,,5816401238557,
2026-08-19 00:17:32.404,pulse_batch,x,,,,,2,,1482,-218,-471,77,77,,5816421579562,
2026-08-19 00:17:32.424,pulse_batch,x,,,,,2,,1484,-216,-469,77,77,,5816442006380,
2026-08-19 00:17:32.445,pulse_batch,x,,,,,2,,1486,-214,-467,77,77,,5816462996081,
2026-08-19 00:17:32.466,pulse_batch,x,,,,,2,,1488,-212,-465,77,77,,5816483290104,
2026-08-19 00:17:32.486,pulse_batch,x,,,,,2,,1490,-210,-463,77,77,,5816503738459,
2026-08-19 00:17:32.507,pulse_batch,x,,,,,2,,1492,-208,-461,77,77,,5816524369813,
2026-08-19 00:17:32.527,pulse_batch,x,,,,,2,,1494,-206,-459,77,77,,5816544850167,
2026-08-19 00:17:32.547,pulse_batch,x,,,,,2,,1496,-204,-457,77,77,,5816565154153,
2026-08-19 00:17:32.568,pulse_batch,x,,,,,2,,1498,-202,-455,77,77,,5816585832395,
2026-08-19 00:17:32.589,pulse_batch,x,,,,,2,,1500,-200,-453,77,77,,5816606317638,
2026-08-19 00:17:32.609,pulse_batch,x,,,,,2,,1502,-198,-451,77,77,,5816626636124,
2026-08-19 00:17:32.630,pulse_batch,x,,,,,2,,1504,-196,-449,77,77,,5816647595697,
2026-08-19 00:17:32.650,pulse_batch,x,,,,,2,,1506,-194,-447,77,77,,5816668084255,
2026-08-19 00:17:32.671,pulse_batch,x,,,,,2,,1508,-192,-445,77,77,,5816688445722,
2026-08-19 00:17:32.694,pulse_batch,x,,,,,2,,1510,-190,-443,77,77,,5816711703864,
2026-08-19 00:17:32.714,pulse_batch,x,,,,,2,,1512,-188,-441,77,77,,5816732146849,
2026-08-19 00:17:32.735,pulse_batch,x,,,,,2,,1514,-186,-439,77,77,,5816752459483,
2026-08-19 00:17:32.755,pulse_batch,x,,,,,2,,1516,-184,-437,77,77,,5816772780543,
2026-08-19 00:17:32.776,pulse_batch,x,,,,,2,,1518,-182,-435,77,77,,5816793195139,
2026-08-19 00:17:32.796,pulse_batch,x,,,,,2,,1520,-180,-433,77,77,,5816813597790,
2026-08-19 00:17:32.816,pulse_batch,x,,,,,2,,1522,-178,-431,77,77,,5816833875425,
2026-08-19 00:17:32.838,pulse_batch,x,,,,,2,,1524,-176,-429,77,77,,5816856091281,
2026-08-19 00:17:32.859,pulse_batch,x,,,,,2,,1526,-174,-427,77,77,,5816876558636,
2026-08-19 00:17:32.879,pulse_batch,x,,,,,2,,1528,-172,-425,77,77,,5816896835233,
2026-08-19 00:17:32.900,pulse_batch,x,,,,,2,,1530,-170,-423,77,77,,5816917351402,
2026-08-19 00:17:32.922,pulse_batch,x,,,,,2,,1532,-168,-421,77,77,,5816939417723,
2026-08-19 00:17:32.942,pulse_batch,x,,,,,2,,1534,-166,-419,77,77,,5816959717524,
2026-08-19 00:17:32.963,pulse_batch,x,,,,,2,,1536,-164,-417,77,77,,5816980663078,
2026-08-19 00:17:32.983,pulse_batch,x,,,,,2,,1538,-162,-415,77,77,,5817000994026,
2026-08-19 00:17:33.004,pulse_batch,x,,,,,2,,1540,-160,-413,77,77,,5817021344530,
2026-08-19 00:17:33.025,pulse_batch,x,,,,,2,,1542,-158,-411,77,77,,5817042396750,
2026-08-19 00:17:33.047,pulse_batch,x,,,,,2,,1544,-156,-409,77,77,,5817064611810,
2026-08-19 00:17:33.067,pulse_batch,x,,,,,2,,1546,-154,-407,77,77,,5817084937055,
2026-08-19 00:17:33.088,pulse_batch,x,,,,,2,,1548,-152,-405,77,77,,5817105409058,
2026-08-19 00:17:33.112,pulse_batch,x,,,,,2,,1550,-150,-403,77,77,,5817129243269,
2026-08-19 00:17:33.132,pulse_batch,x,,,,,2,,1552,-148,-401,77,77,,5817149559070,
2026-08-19 00:17:33.153,pulse_batch,x,,,,,2,,1554,-146,-399,77,77,,5817169864112,
2026-08-19 00:17:33.173,pulse_batch,x,,,,,2,,1556,-144,-397,77,77,,5817190324448,
2026-08-19 00:17:33.193,pulse_batch,x,,,,,2,,1558,-142,-395,77,77,,5817210848525,
2026-08-19 00:17:33.213,pulse_batch,x,,,,,2,,1560,-140,-393,77,77,,5817231118697,
2026-08-19 00:17:33.234,pulse_batch,x,,,,,2,,1562,-138,-391,77,77,,5817252119158,
2026-08-19 00:17:33.255,pulse_batch,x,,,,,2,,1564,-136,-389,77,77,,5817272453310,
2026-08-19 00:17:33.275,pulse_batch,x,,,,,2,,1566,-134,-387,77,77,,5817292727482,
2026-08-19 00:17:33.296,pulse_batch,x,,,,,2,,1568,-132,-385,77,77,,5817313296077,
2026-08-19 00:17:33.316,pulse_batch,x,,,,,2,,1570,-130,-383,77,77,,5817333722154,
2026-08-19 00:17:33.336,pulse_batch,x,,,,,2,,1572,-128,-381,77,77,,5817354032437,
2026-08-19 00:17:33.357,pulse_batch,x,,,,,2,,1574,-126,-379,77,77,,5817374575106,
2026-08-19 00:17:33.377,pulse_batch,x,,,,,2,,1576,-124,-377,77,77,,5817395087905,
2026-08-19 00:17:33.398,pulse_batch,x,,,,,2,,1578,-122,-375,77,77,,5817415416483,
2026-08-19 00:17:33.418,pulse_batch,x,,,,,2,,1580,-120,-373,77,77,,5817435706784,
2026-08-19 00:17:33.438,pulse_batch,x,,,,,2,,1582,-118,-371,77,77,,5817456244157,
2026-08-19 00:17:33.459,pulse_batch,x,,,,,2,,1584,-116,-369,77,77,,5817476694494,
2026-08-19 00:17:33.479,pulse_batch,x,,,,,2,,1586,-114,-367,77,77,,5817496965406,
2026-08-19 00:17:33.500,pulse_batch,x,,,,,2,,1588,-112,-365,77,77,,5817517402021,
2026-08-19 00:17:33.520,pulse_batch,x,,,,,2,,1590,-110,-363,77,77,,5817537751488,
2026-08-19 00:17:33.540,pulse_batch,x,,,,,2,,1592,-108,-361,77,77,,5817558038641,
2026-08-19 00:17:33.561,pulse_batch,x,,,,,2,,1594,-106,-359,77,77,,5817578788512,
2026-08-19 00:17:33.581,pulse_batch,x,,,,,2,,1596,-104,-357,77,77,,5817599234108,
2026-08-19 00:17:33.602,pulse_batch,x,,,,,2,,1598,-102,-355,77,77,,5817619568742,
2026-08-19 00:17:33.622,pulse_batch,x,,,,,2,,1600,-100,-353,77,77,,5817639869561,
2026-08-19 00:17:33.645,pulse_batch,x,,,,,2,,1602,-98,-351,77,77,,5817663058001,
2026-08-19 00:17:33.666,pulse_batch,x,,,,,2,,1604,-96,-349,77,77,,5817683394672,
2026-08-19 00:17:33.686,pulse_batch,x,,,,,2,,1606,-94,-347,77,77,,5817703745972,
2026-08-19 00:17:33.710,pulse_batch,x,,,,,2,,1608,-92,-345,77,77,,5817727402833,
2026-08-19 00:17:33.730,pulse_batch,x,,,,,2,,1610,-90,-343,77,77,,5817747686190,
2026-08-19 00:17:33.750,pulse_batch,x,,,,,2,,1612,-88,-341,77,77,,5817767975528,
2026-08-19 00:17:33.771,pulse_batch,x,,,,,2,,1614,-86,-339,77,77,,5817788948897,
2026-08-19 00:17:33.792,pulse_batch,x,,,,,2,,1616,-84,-337,77,77,,5817809403215,
2026-08-19 00:17:33.812,pulse_batch,x,,,,,2,,1618,-82,-335,77,77,,5817829715349,
2026-08-19 00:17:33.833,pulse_batch,x,,,,,2,,1620,-80,-333,77,77,,5817850648125,
2026-08-19 00:17:33.853,pulse_batch,x,,,,,2,,1622,-78,-331,77,77,,5817871006740,
2026-08-19 00:17:33.874,pulse_batch,x,,,,,2,,1624,-76,-329,77,77,,5817891316375,
2026-08-19 00:17:33.894,pulse_batch,x,,,,,2,,1626,-74,-327,77,77,,5817912075005,
2026-08-19 00:17:33.915,pulse_batch,x,,,,,2,,1628,-72,-325,77,77,,5817932611415,
2026-08-19 00:17:33.935,pulse_batch,x,,,,,2,,1630,-70,-323,77,77,,5817952921345,
2026-08-19 00:17:33.955,pulse_batch,x,,,,,2,,1632,-68,-321,77,77,,5817973238553,
2026-08-19 00:17:33.977,pulse_batch,x,,,,,2,,1634,-66,-319,77,77,,5817994503567,
2026-08-19 00:17:33.997,pulse_batch,x,,,,,2,,1636,-64,-317,77,77,,5818014821109,
2026-08-19 00:17:34.017,pulse_batch,x,,,,,2,,1638,-62,-315,77,77,,5818035137354,
2026-08-19 00:17:34.038,pulse_batch,x,,,,,2,,1640,-60,-313,77,77,,5818055843726,
2026-08-19 00:17:34.059,pulse_batch,x,,,,,2,,1642,-58,-311,77,77,,5818076347321,
2026-08-19 00:17:34.079,pulse_batch,x,,,,,2,,1644,-56,-309,77,77,,5818096621289,
2026-08-19 00:17:34.100,pulse_batch,x,,,,,2,,1646,-54,-307,77,77,,5818117652213,
2026-08-19 00:17:34.120,pulse_batch,x,,,,,2,,1648,-52,-305,77,77,,5818138084254,
2026-08-19 00:17:34.141,pulse_batch,x,,,,,2,,1650,-50,-303,77,77,,5818158404444,
2026-08-19 00:17:34.161,pulse_batch,x,,,,,2,,1652,-48,-301,77,77,,5818178915706,
2026-08-19 00:17:34.166,continuous_stop,x,,,,,,1,1652,-48,-301,77,77,,5818184042841,
2026-08-19 00:17:34.899,continuous_start,x,,,,,,1,1652,-48,-301,77,77,,5818916659982,
2026-08-19 00:17:34.906,pulse_batch,x,,,,,1,,1653,-47,-300,77,77,,5818924104539,
2026-08-19 00:17:34.927,pulse_batch,x,,,,,2,,1655,-45,-298,77,77,,5818944570153,
2026-08-19 00:17:34.947,pulse_batch,x,,,,,2,,1657,-43,-296,77,77,,5818964847232,
2026-08-19 00:17:34.968,pulse_batch,x,,,,,2,,1659,-41,-294,77,77,,5818985339198,
2026-08-19 00:17:34.989,pulse_batch,x,,,,,2,,1661,-39,-292,77,77,,5819006602805,
2026-08-19 00:17:35.009,pulse_batch,x,,,,,2,,1663,-37,-290,77,77,,5819026924032,
2026-08-19 00:17:35.030,pulse_batch,x,,,,,2,,1665,-35,-288,77,77,,5819047447275,
2026-08-19 00:17:35.035,continuous_stop,x,,,,,,1,1665,-35,-288,77,77,,5819052584688,
2026-08-19 00:17:36.100,continuous_start,x,,,,,,1,1665,-35,-288,77,77,,5820117500937,
2026-08-19 00:17:36.105,pulse_batch,x,,,,,1,,1666,-34,-287,77,77,,5820122769497,
2026-08-19 00:17:36.125,pulse_batch,x,,,,,2,,1668,-32,-285,77,77,,5820143140390,
2026-08-19 00:17:36.146,pulse_batch,x,,,,,2,,1670,-30,-283,77,77,,5820163450914,
2026-08-19 00:17:36.166,pulse_batch,x,,,,,2,,1672,-28,-281,77,77,,5820183923010,
2026-08-19 00:17:36.187,pulse_batch,x,,,,,2,,1674,-26,-279,77,77,,5820204471346,
2026-08-19 00:17:36.207,pulse_batch,x,,,,,2,,1676,-24,-277,77,77,,5820224777111,
2026-08-19 00:17:36.228,pulse_batch,x,,,,,2,,1678,-22,-275,77,77,,5820245222707,
2026-08-19 00:17:36.233,continuous_stop,x,,,,,,1,1678,-22,-275,77,77,,5820250575859,
2026-08-19 00:17:36.900,continuous_start,x,,,,,,1,1678,-22,-275,77,77,,5820917938206,
2026-08-19 00:17:36.905,pulse_batch,x,,,,,1,,1679,-21,-274,77,77,,5820923256802,
2026-08-19 00:17:36.926,pulse_batch,x,,,,,2,,1681,-19,-272,77,77,,5820943576918,
2026-08-19 00:17:36.946,pulse_batch,x,,,,,2,,1683,-17,-270,77,77,,5820963847405,
2026-08-19 00:17:36.967,pulse_batch,x,,,,,2,,1685,-15,-268,77,77,,5820984387963,
2026-08-19 00:17:36.972,continuous_stop,x,,,,,,1,1685,-15,-268,77,77,,5820989503488,
2026-08-19 00:17:37.568,continuous_start,x,,,,,,1,1685,-15,-268,77,77,,5821585750831,
2026-08-19 00:17:37.573,pulse_batch,x,,,,,1,,1686,-14,-267,77,77,,5821591012631,
2026-08-19 00:17:37.594,pulse_batch,x,,,,,2,,1688,-12,-265,77,77,,5821611389525,
2026-08-19 00:17:37.614,pulse_batch,x,,,,,2,,1690,-10,-263,77,77,,5821631664697,
2026-08-19 00:17:37.636,pulse_batch,x,,,,,2,,1692,-8,-261,77,77,,5821653562131,
2026-08-19 00:17:37.641,continuous_stop,x,,,,,,1,1692,-8,-261,77,77,,5821658655267,
2026-08-19 00:17:38.437,continuous_start,x,,,,,,1,1692,-8,-261,77,77,,5822455113159,
2026-08-19 00:17:38.443,pulse_batch,x,,,,,1,,1693,-7,-260,77,77,,5822460428829,
2026-08-19 00:17:38.463,pulse_batch,x,,,,,2,,1695,-5,-258,77,77,,5822480851463,
2026-08-19 00:17:38.483,pulse_batch,x,,,,,2,,1697,-3,-256,77,77,,5822501197505,
2026-08-19 00:17:38.502,pulse_batch,x,,,,,1,,1698,-2,-255,77,77,,5822519736917,
2026-08-19 00:17:38.502,continuous_stop,x,,,,,,1,1698,-2,-255,77,77,,5822520181264,
2026-08-19 00:17:49.248,continuous_start,x,,,,,,-1,1698,-2,-255,77,77,,5833266149500,
2026-08-19 00:17:49.254,pulse_batch,x,,,,,-1,,1699,-3,-255,76,77,,5833271534226,
2026-08-19 00:17:49.274,pulse_batch,x,,,,,-2,,1701,-5,-255,74,77,,5833292059324,
2026-08-19 00:17:49.295,pulse_batch,x,,,,,-2,,1703,-7,-255,72,77,,5833312349480,
2026-08-19 00:17:49.316,pulse_batch,x,,,,,-2,,1705,-9,-255,70,77,,5833334272694,
2026-08-19 00:17:49.337,pulse_batch,x,,,,,-2,,1707,-11,-255,68,77,,5833354685774,
2026-08-19 00:17:49.357,pulse_batch,x,,,,,-2,,1709,-13,-255,66,77,,5833375031818,
2026-08-19 00:17:49.379,pulse_batch,x,,,,,-2,,1711,-15,-255,64,77,,5833396691535,
2026-08-19 00:17:49.401,pulse_batch,x,,,,,-2,,1713,-17,-255,62,77,,5833418372751,
2026-08-19 00:17:49.421,pulse_batch,x,,,,,-2,,1715,-19,-255,60,77,,5833438699851,
2026-08-19 00:17:49.441,pulse_batch,x,,,,,-2,,1717,-21,-255,58,77,,5833459041395,
2026-08-19 00:17:49.462,pulse_batch,x,,,,,-2,,1719,-23,-255,56,77,,5833479529919,
2026-08-19 00:17:49.482,pulse_batch,x,,,,,-2,,1721,-25,-255,54,77,,5833499900371,
2026-08-19 00:17:49.502,pulse_batch,x,,,,,-2,,1723,-27,-255,52,77,,5833520196600,
2026-08-19 00:17:49.523,pulse_batch,x,,,,,-2,,1725,-29,-255,50,77,,5833540773124,
2026-08-19 00:17:49.543,pulse_batch,x,,,,,-2,,1727,-31,-255,48,77,,5833561219167,
2026-08-19 00:17:49.564,pulse_batch,x,,,,,-2,,1729,-33,-255,46,77,,5833581526026,
2026-08-19 00:17:49.584,pulse_batch,x,,,,,-2,,1731,-35,-255,44,77,,5833602196641,
2026-08-19 00:17:49.605,pulse_batch,x,,,,,-2,,1733,-37,-255,42,77,,5833622543815,
2026-08-19 00:17:49.625,pulse_batch,x,,,,,-2,,1735,-39,-255,40,77,,5833642852396,
2026-08-19 00:17:49.647,pulse_batch,x,,,,,-2,,1737,-41,-255,38,77,,5833664258893,
2026-08-19 00:17:49.667,pulse_batch,x,,,,,-2,,1739,-43,-255,36,77,,5833684856546,
2026-08-19 00:17:49.688,pulse_batch,x,,,,,-2,,1741,-45,-255,34,77,,5833705255756,
2026-08-19 00:17:49.708,pulse_batch,x,,,,,-2,,1743,-47,-255,32,77,,5833725832427,
2026-08-19 00:17:49.729,pulse_batch,x,,,,,-2,,1745,-49,-255,30,77,,5833746286267,
2026-08-19 00:17:49.749,pulse_batch,x,,,,,-2,,1747,-51,-255,28,77,,5833766664088,
2026-08-19 00:17:49.769,pulse_batch,x,,,,,-2,,1749,-53,-255,26,77,,5833787026354,
2026-08-19 00:17:49.790,pulse_batch,x,,,,,-2,,1751,-55,-255,24,77,,5833807515027,
2026-08-19 00:17:49.810,pulse_batch,x,,,,,-2,,1753,-57,-255,22,77,,5833828123902,
2026-08-19 00:17:49.831,pulse_batch,x,,,,,-2,,1755,-59,-255,20,77,,5833848440279,
2026-08-19 00:17:49.852,pulse_batch,x,,,,,-2,,1757,-61,-255,18,77,,5833869297041,
2026-08-19 00:17:49.872,pulse_batch,x,,,,,-2,,1759,-63,-255,16,77,,5833889696788,
2026-08-19 00:17:49.892,pulse_batch,x,,,,,-2,,1761,-65,-255,14,77,,5833910087202,
2026-08-19 00:17:49.914,pulse_batch,x,,,,,-2,,1763,-67,-255,12,77,,5833931660827,
2026-08-19 00:17:49.934,pulse_batch,x,,,,,-2,,1765,-69,-255,10,77,,5833952068611,
2026-08-19 00:17:49.955,pulse_batch,x,,,,,-2,,1767,-71,-255,8,77,,5833972473432,
2026-08-19 00:17:49.975,pulse_batch,x,,,,,-2,,1769,-73,-255,6,77,,5833992901790,
2026-08-19 00:17:49.997,pulse_batch,x,,,,,-2,,1771,-75,-255,4,77,,5834014615062,
2026-08-19 00:17:50.017,pulse_batch,x,,,,,-2,,1773,-77,-255,2,77,,5834034930662,
2026-08-19 00:17:50.038,pulse_batch,x,,,,,-2,,1775,-79,-255,0,77,,5834055540333,
2026-08-19 00:17:50.058,pulse_batch,x,,,,,-2,,1777,-81,-257,0,77,,5834076077005,
2026-08-19 00:17:50.079,pulse_batch,x,,,,,-2,,1779,-83,-259,0,77,,5834096546604,
2026-08-19 00:17:50.099,pulse_batch,x,,,,,-2,,1781,-85,-261,0,77,,5834116915166,
2026-08-19 00:17:50.120,pulse_batch,x,,,,,-2,,1783,-87,-263,0,77,,5834137396135,
2026-08-19 00:17:50.140,pulse_batch,x,,,,,-2,,1785,-89,-265,0,77,,5834157822457,
2026-08-19 00:17:50.160,pulse_batch,x,,,,,-2,,1787,-91,-267,0,77,,5834178146297,
2026-08-19 00:17:50.181,pulse_batch,x,,,,,-2,,1789,-93,-269,0,77,,5834198677821,
2026-08-19 00:17:50.201,pulse_batch,x,,,,,-2,,1791,-95,-271,0,77,,5834219182975,
2026-08-19 00:17:50.222,pulse_batch,x,,,,,-2,,1793,-97,-273,0,77,,5834239523964,
2026-08-19 00:17:50.246,pulse_batch,x,,,,,-2,,1795,-99,-275,0,77,,5834264110967,
2026-08-19 00:17:50.267,pulse_batch,x,,,,,-2,,1797,-101,-277,0,77,,5834284534770,
2026-08-19 00:17:50.287,pulse_batch,x,,,,,-2,,1799,-103,-279,0,77,,5834304870407,
2026-08-19 00:17:50.308,pulse_batch,x,,,,,-2,,1801,-105,-281,0,77,,5834325978555,
2026-08-19 00:17:50.329,pulse_batch,x,,,,,-2,,1803,-107,-283,0,77,,5834346505894,
2026-08-19 00:17:50.349,pulse_batch,x,,,,,-2,,1805,-109,-285,0,77,,5834366832068,
2026-08-19 00:17:50.370,pulse_batch,x,,,,,-2,,1807,-111,-287,0,77,,5834387224334,
2026-08-19 00:17:50.390,pulse_batch,x,,,,,-2,,1809,-113,-289,0,77,,5834408028151,
2026-08-19 00:17:50.411,pulse_batch,x,,,,,-2,,1811,-115,-291,0,77,,5834428541990,
2026-08-19 00:17:50.431,pulse_batch,x,,,,,-2,,1813,-117,-293,0,77,,5834448850053,
2026-08-19 00:17:50.452,pulse_batch,x,,,,,-2,,1815,-119,-295,0,77,,5834469567261,
2026-08-19 00:17:50.472,pulse_batch,x,,,,,-2,,1817,-121,-297,0,77,,5834489924583,
2026-08-19 00:17:50.492,pulse_batch,x,,,,,-2,,1819,-123,-299,0,77,,5834510246053,
2026-08-19 00:17:50.513,pulse_batch,x,,,,,-2,,1821,-125,-301,0,77,,5834531080833,
2026-08-19 00:17:50.534,pulse_batch,x,,,,,-2,,1823,-127,-303,0,77,,5834551510488,
2026-08-19 00:17:50.554,pulse_batch,x,,,,,-2,,1825,-129,-305,0,77,,5834571850051,
2026-08-19 00:17:50.575,pulse_batch,x,,,,,-2,,1827,-131,-307,0,77,,5834592254335,
2026-08-19 00:17:50.595,pulse_batch,x,,,,,-2,,1829,-133,-309,0,77,,5834612692452,
2026-08-19 00:17:50.615,pulse_batch,x,,,,,-2,,1831,-135,-311,0,77,,5834633075478,
2026-08-19 00:17:50.636,pulse_batch,x,,,,,-2,,1833,-137,-313,0,77,,5834653565928,
2026-08-19 00:17:50.656,pulse_batch,x,,,,,-2,,1835,-139,-315,0,77,,5834674039934,
2026-08-19 00:17:50.677,pulse_batch,x,,,,,-2,,1837,-141,-317,0,77,,5834694537106,
2026-08-19 00:17:50.697,pulse_batch,x,,,,,-2,,1839,-143,-319,0,77,,5834714873540,
2026-08-19 00:17:50.718,pulse_batch,x,,,,,-2,,1841,-145,-321,0,77,,5834735829467,
2026-08-19 00:17:50.738,pulse_batch,x,,,,,-2,,1843,-147,-323,0,77,,5834756249733,
2026-08-19 00:17:50.759,pulse_batch,x,,,,,-2,,1845,-149,-325,0,77,,5834776580073,
2026-08-19 00:17:50.780,pulse_batch,x,,,,,-2,,1847,-151,-327,0,77,,5834797584907,
2026-08-19 00:17:50.800,pulse_batch,x,,,,,-2,,1849,-153,-329,0,77,,5834818082802,
2026-08-19 00:17:50.821,pulse_batch,x,,,,,-2,,1851,-155,-331,0,77,,5834838421976,
2026-08-19 00:17:50.841,pulse_batch,x,,,,,-2,,1853,-157,-333,0,77,,5834859241979,
2026-08-19 00:17:50.863,pulse_batch,x,,,,,-2,,1855,-159,-335,0,77,,5834880196647,
2026-08-19 00:17:50.883,pulse_batch,x,,,,,-2,,1857,-161,-337,0,77,,5834900519413,
2026-08-19 00:17:50.903,pulse_batch,x,,,,,-2,,1859,-163,-339,0,77,,5834920913383,
2026-08-19 00:17:50.926,pulse_batch,x,,,,,-2,,1861,-165,-341,0,77,,5834944088344,
2026-08-19 00:17:50.947,pulse_batch,x,,,,,-2,,1863,-167,-343,0,77,,5834964572943,
2026-08-19 00:17:50.967,pulse_batch,x,,,,,-2,,1865,-169,-345,0,77,,5834984908561,
2026-08-19 00:17:50.988,pulse_batch,x,,,,,-2,,1867,-171,-347,0,77,,5835005408437,
2026-08-19 00:17:51.010,pulse_batch,x,,,,,-2,,1869,-173,-349,0,77,,5835028043404,
2026-08-19 00:17:51.031,pulse_batch,x,,,,,-2,,1871,-175,-351,0,77,,5835048325190,
2026-08-19 00:17:51.051,pulse_batch,x,,,,,-2,,1873,-177,-353,0,77,,5835068791252,
2026-08-19 00:17:51.071,pulse_batch,x,,,,,-2,,1875,-179,-355,0,77,,5835089195740,
2026-08-19 00:17:51.092,pulse_batch,x,,,,,-2,,1877,-181,-357,0,77,,5835109517562,
2026-08-19 00:17:51.114,pulse_batch,x,,,,,-2,,1879,-183,-359,0,77,,5835132080826,
2026-08-19 00:17:51.135,pulse_batch,x,,,,,-2,,1881,-185,-361,0,77,,5835152565147,
2026-08-19 00:17:51.155,pulse_batch,x,,,,,-2,,1883,-187,-363,0,77,,5835172908951,
2026-08-19 00:17:51.176,pulse_batch,x,,,,,-2,,1885,-189,-365,0,77,,5835193456475,
2026-08-19 00:17:51.197,pulse_batch,x,,,,,-2,,1887,-191,-367,0,77,,5835213901092,
2026-08-19 00:17:51.217,pulse_batch,x,,,,,-2,,1889,-193,-369,0,77,,5835234390542,
2026-08-19 00:17:51.237,pulse_batch,x,,,,,-2,,1891,-195,-371,0,77,,5835254860401,
2026-08-19 00:17:51.258,pulse_batch,x,,,,,-2,,1893,-197,-373,0,77,,5835275479053,
2026-08-19 00:17:51.282,pulse_batch,x,,,,,-2,,1895,-199,-375,0,77,,5835299566895,
2026-08-19 00:17:51.305,pulse_batch,x,,,,,-2,,1897,-201,-377,0,77,,5835323038132,
2026-08-19 00:17:51.326,pulse_batch,x,,,,,-2,,1899,-203,-379,0,77,,5835343628414,
2026-08-19 00:17:51.346,pulse_batch,x,,,,,-2,,1901,-205,-381,0,77,,5835364078847,
2026-08-19 00:17:51.367,pulse_batch,x,,,,,-2,,1903,-207,-383,0,77,,5835384377317,
2026-08-19 00:17:51.387,pulse_batch,x,,,,,-2,,1905,-209,-385,0,77,,5835405037303,
2026-08-19 00:17:51.408,pulse_batch,x,,,,,-2,,1907,-211,-387,0,77,,5835425642049,
2026-08-19 00:17:51.428,pulse_batch,x,,,,,-2,,1909,-213,-389,0,77,,5835446040945,
2026-08-19 00:17:51.449,pulse_batch,x,,,,,-2,,1911,-215,-391,0,77,,5835466516136,
2026-08-19 00:17:51.469,pulse_batch,x,,,,,-2,,1913,-217,-393,0,77,,5835487013660,
2026-08-19 00:17:51.490,pulse_batch,x,,,,,-2,,1915,-219,-395,0,77,,5835507371205,
2026-08-19 00:17:51.510,pulse_batch,x,,,,,-2,,1917,-221,-397,0,77,,5835527839359,
2026-08-19 00:17:51.531,pulse_batch,x,,,,,-2,,1919,-223,-399,0,77,,5835548405438,
2026-08-19 00:17:51.551,pulse_batch,x,,,,,-2,,1921,-225,-401,0,77,,5835568757816,
2026-08-19 00:17:51.571,pulse_batch,x,,,,,-2,,1923,-227,-403,0,77,,5835589054009,
2026-08-19 00:17:51.592,pulse_batch,x,,,,,-2,,1925,-229,-405,0,77,,5835609595626,
2026-08-19 00:17:51.612,pulse_batch,x,,,,,-2,,1927,-231,-407,0,77,,5835630044113,
2026-08-19 00:17:51.633,pulse_batch,x,,,,,-2,,1929,-233,-409,0,77,,5835650358769,
2026-08-19 00:17:51.653,pulse_batch,x,,,,,-2,,1931,-235,-411,0,77,,5835670805128,
2026-08-19 00:17:51.673,pulse_batch,x,,,,,-2,,1933,-237,-413,0,77,,5835691198690,
2026-08-19 00:17:51.694,pulse_batch,x,,,,,-2,,1935,-239,-415,0,77,,5835711516938,
2026-08-19 00:17:51.714,pulse_batch,x,,,,,-2,,1937,-241,-417,0,77,,5835732067185,
2026-08-19 00:17:51.735,pulse_batch,x,,,,,-2,,1939,-243,-419,0,77,,5835752563005,
2026-08-19 00:17:51.755,pulse_batch,x,,,,,-2,,1941,-245,-421,0,77,,5835772892513,
2026-08-19 00:17:51.776,pulse_batch,x,,,,,-2,,1943,-247,-423,0,77,,5835793388537,
2026-08-19 00:17:51.796,pulse_batch,x,,,,,-2,,1945,-249,-425,0,77,,5835813849377,
2026-08-19 00:17:51.816,pulse_batch,x,,,,,-2,,1947,-251,-427,0,77,,5835834176144,
2026-08-19 00:17:51.837,pulse_batch,x,,,,,-2,,1949,-253,-429,0,77,,5835854513707,
2026-08-19 00:17:51.857,pulse_batch,x,,,,,-2,,1951,-255,-431,0,77,,5835874924195,
2026-08-19 00:17:51.878,pulse_batch,x,,,,,-2,,1953,-257,-433,0,77,,5835895369664,
2026-08-19 00:17:51.898,pulse_batch,x,,,,,-2,,1955,-259,-435,0,77,,5835915656839,
2026-08-19 00:17:51.918,pulse_batch,x,,,,,-2,,1957,-261,-437,0,77,,5835936129271,
2026-08-19 00:17:51.939,pulse_batch,x,,,,,-2,,1959,-263,-439,0,77,,5835956551500,
2026-08-19 00:17:51.959,pulse_batch,x,,,,,-2,,1961,-265,-441,0,77,,5835976866433,
2026-08-19 00:17:51.980,pulse_batch,x,,,,,-2,,1963,-267,-443,0,77,,5835997887934,
2026-08-19 00:17:52.001,pulse_batch,x,,,,,-2,,1965,-269,-445,0,77,,5836018454662,
2026-08-19 00:17:52.021,pulse_batch,x,,,,,-2,,1967,-271,-447,0,77,,5836038819688,
2026-08-19 00:17:52.042,pulse_batch,x,,,,,-2,,1969,-273,-449,0,77,,5836059337712,
2026-08-19 00:17:52.062,pulse_batch,x,,,,,-2,,1971,-275,-451,0,77,,5836080040198,
2026-08-19 00:17:52.083,pulse_batch,x,,,,,-2,,1973,-277,-453,0,77,,5836100402020,
2026-08-19 00:17:52.103,pulse_batch,x,,,,,-2,,1975,-279,-455,0,77,,5836120745120,
2026-08-19 00:17:52.124,pulse_batch,x,,,,,-2,,1977,-281,-457,0,77,,5836141491513,
2026-08-19 00:17:52.144,pulse_batch,x,,,,,-2,,1979,-283,-459,0,77,,5836161903723,
2026-08-19 00:17:52.164,pulse_batch,x,,,,,-2,,1981,-285,-461,0,77,,5836182219824,
2026-08-19 00:17:52.185,pulse_batch,x,,,,,-2,,1983,-287,-463,0,77,,5836203213566,
2026-08-19 00:17:52.206,pulse_batch,x,,,,,-2,,1985,-289,-465,0,77,,5836223640109,
2026-08-19 00:17:52.226,pulse_batch,x,,,,,-2,,1987,-291,-467,0,77,,5836244049783,
2026-08-19 00:17:52.247,pulse_batch,x,,,,,-2,,1989,-293,-469,0,77,,5836264738787,
2026-08-19 00:17:52.267,pulse_batch,x,,,,,-2,,1991,-295,-471,0,77,,5836285241071,
2026-08-19 00:17:52.288,pulse_batch,x,,,,,-2,,1993,-297,-473,0,77,,5836305601301,
2026-08-19 00:17:52.308,pulse_batch,x,,,,,-2,,1995,-299,-475,0,77,,5836325972086,
2026-08-19 00:17:52.330,pulse_batch,x,,,,,-2,,1997,-301,-477,0,77,,5836348031040,
2026-08-19 00:17:52.351,pulse_batch,x,,,,,-2,,1999,-303,-479,0,77,,5836368349899,
2026-08-19 00:17:52.372,pulse_batch,x,,,,,-2,,2001,-305,-481,0,77,,5836389340234,
2026-08-19 00:17:52.392,pulse_batch,x,,,,,-2,,2003,-307,-483,0,77,,5836409817925,
2026-08-19 00:17:52.413,pulse_batch,x,,,,,-2,,2005,-309,-485,0,77,,5836430227914,
2026-08-19 00:17:52.433,pulse_batch,x,,,,,-2,,2007,-311,-487,0,77,,5836450555718,
2026-08-19 00:17:52.454,pulse_batch,x,,,,,-2,,2009,-313,-489,0,77,,5836471492072,
2026-08-19 00:17:52.474,pulse_batch,x,,,,,-2,,2011,-315,-491,0,77,,5836491852857,
2026-08-19 00:17:52.494,pulse_batch,x,,,,,-2,,2013,-317,-493,0,77,,5836512163494,
2026-08-19 00:17:52.515,pulse_batch,x,,,,,-2,,2015,-319,-495,0,77,,5836533057534,
2026-08-19 00:17:52.536,pulse_batch,x,,,,,-2,,2017,-321,-497,0,77,,5836553504429,
2026-08-19 00:17:52.556,pulse_batch,x,,,,,-2,,2019,-323,-499,0,77,,5836573836215,
2026-08-19 00:17:52.577,pulse_batch,x,,,,,-2,,2021,-325,-501,0,77,,5836594154593,
2026-08-19 00:17:52.597,pulse_batch,x,,,,,-2,,2023,-327,-503,0,77,,5836614562118,
2026-08-19 00:17:52.617,pulse_batch,x,,,,,-2,,2025,-329,-505,0,77,,5836634886663,
2026-08-19 00:17:52.638,pulse_batch,x,,,,,-2,,2027,-331,-507,0,77,,5836655266300,
2026-08-19 00:17:52.658,pulse_batch,x,,,,,-2,,2029,-333,-509,0,77,,5836675746713,
2026-08-19 00:17:52.678,pulse_batch,x,,,,,-2,,2031,-335,-511,0,77,,5836696201979,
2026-08-19 00:17:52.699,pulse_batch,x,,,,,-2,,2033,-337,-513,0,77,,5836716505635,
2026-08-19 00:17:52.720,pulse_batch,x,,,,,-2,,2035,-339,-515,0,77,,5836737833522,
2026-08-19 00:17:52.740,pulse_batch,x,,,,,-2,,2037,-341,-517,0,77,,5836758238103,
2026-08-19 00:17:52.761,pulse_batch,x,,,,,-2,,2039,-343,-519,0,77,,5836778554056,
2026-08-19 00:17:52.782,pulse_batch,x,,,,,-2,,2041,-345,-521,0,77,,5836799362744,
2026-08-19 00:17:52.802,pulse_batch,x,,,,,-2,,2043,-347,-523,0,77,,5836819737529,
2026-08-19 00:17:52.822,pulse_batch,x,,,,,-2,,2045,-349,-525,0,77,,5836840058796,
2026-08-19 00:17:52.844,pulse_batch,x,,,,,-2,,2047,-351,-527,0,77,,5836861392831,
2026-08-19 00:17:52.864,pulse_batch,x,,,,,-2,,2049,-353,-529,0,77,,5836881872652,
2026-08-19 00:17:52.884,pulse_batch,x,,,,,-2,,2051,-355,-531,0,77,,5836902170216,
2026-08-19 00:17:52.905,pulse_batch,x,,,,,-2,,2053,-357,-533,0,77,,5836922593037,
2026-08-19 00:17:52.925,pulse_batch,x,,,,,-2,,2055,-359,-535,0,77,,5836943078599,
2026-08-19 00:17:52.946,pulse_batch,x,,,,,-2,,2057,-361,-537,0,77,,5836963494735,
2026-08-19 00:17:52.966,pulse_batch,x,,,,,-2,,2059,-363,-539,0,77,,5836983779040,
2026-08-19 00:17:52.987,pulse_batch,x,,,,,-2,,2061,-365,-541,0,77,,5837004733523,
2026-08-19 00:17:53.007,pulse_batch,x,,,,,-2,,2063,-367,-543,0,77,,5837025124919,
2026-08-19 00:17:53.028,pulse_batch,x,,,,,-2,,2065,-369,-545,0,77,,5837045435446,
2026-08-19 00:17:53.049,pulse_batch,x,,,,,-2,,2067,-371,-547,0,77,,5837066455688,
2026-08-19 00:17:53.069,pulse_batch,x,,,,,-2,,2069,-373,-549,0,77,,5837086803788,
2026-08-19 00:17:53.089,pulse_batch,x,,,,,-2,,2071,-375,-551,0,77,,5837107131018,
2026-08-19 00:17:53.110,pulse_batch,x,,,,,-2,,2073,-377,-553,0,77,,5837127889355,
2026-08-19 00:17:53.131,pulse_batch,x,,,,,-2,,2075,-379,-555,0,77,,5837148351917,
2026-08-19 00:17:53.151,pulse_batch,x,,,,,-2,,2077,-381,-557,0,77,,5837168713888,
2026-08-19 00:17:53.172,pulse_batch,x,,,,,-2,,2079,-383,-559,0,77,,5837189490836,
2026-08-19 00:17:53.193,pulse_batch,x,,,,,-2,,2081,-385,-561,0,77,,5837210252988,
2026-08-19 00:17:53.214,pulse_batch,x,,,,,-2,,2083,-387,-563,0,77,,5837231604467,
2026-08-19 00:17:53.234,pulse_batch,x,,,,,-2,,2085,-389,-565,0,77,,5837251892568,
2026-08-19 00:17:53.256,pulse_batch,x,,,,,-2,,2087,-391,-567,0,77,,5837273911152,
2026-08-19 00:17:53.278,pulse_batch,x,,,,,-2,,2089,-393,-569,0,77,,5837295540110,
2026-08-19 00:17:53.298,pulse_batch,x,,,,,-2,,2091,-395,-571,0,77,,5837315862618,
2026-08-19 00:17:53.319,pulse_batch,x,,,,,-2,,2093,-397,-573,0,77,,5837336482975,
2026-08-19 00:17:53.343,pulse_batch,x,,,,,-2,,2095,-399,-575,0,77,,5837360324375,
2026-08-19 00:17:53.363,pulse_batch,x,,,,,-2,,2097,-401,-577,0,77,,5837380669420,
2026-08-19 00:17:53.385,pulse_batch,x,,,,,-2,,2099,-403,-579,0,77,,5837402330026,
2026-08-19 00:17:53.405,pulse_batch,x,,,,,-2,,2101,-405,-581,0,77,,5837422745737,
2026-08-19 00:17:53.425,pulse_batch,x,,,,,-2,,2103,-407,-583,0,77,,5837443042449,
2026-08-19 00:17:53.446,pulse_batch,x,,,,,-2,,2105,-409,-585,0,77,,5837463983340,
2026-08-19 00:17:53.467,pulse_batch,x,,,,,-2,,2107,-411,-587,0,77,,5837484567826,
2026-08-19 00:17:53.487,pulse_batch,x,,,,,-2,,2109,-413,-589,0,77,,5837504906094,
2026-08-19 00:17:53.507,pulse_batch,x,,,,,-2,,2111,-415,-591,0,77,,5837525215546,
2026-08-19 00:17:53.528,pulse_batch,x,,,,,-2,,2113,-417,-593,0,77,,5837546165511,
2026-08-19 00:17:53.549,pulse_batch,x,,,,,-2,,2115,-419,-595,0,77,,5837566547129,
2026-08-19 00:17:53.569,pulse_batch,x,,,,,-2,,2117,-421,-597,0,77,,5837586896970,
2026-08-19 00:17:53.590,pulse_batch,x,,,,,-2,,2119,-423,-599,0,77,,5837607602586,
2026-08-19 00:17:53.610,pulse_batch,x,,,,,-2,,2121,-425,-601,0,77,,5837628148814,
2026-08-19 00:17:53.631,pulse_batch,x,,,,,-2,,2123,-427,-603,0,77,,5837648501932,
2026-08-19 00:17:53.652,pulse_batch,x,,,,,-2,,2125,-429,-605,0,77,,5837669867208,
2026-08-19 00:17:53.673,pulse_batch,x,,,,,-2,,2127,-431,-607,0,77,,5837690307030,
2026-08-19 00:17:53.693,pulse_batch,x,,,,,-2,,2129,-433,-609,0,77,,5837710665000,
2026-08-19 00:17:53.713,pulse_batch,x,,,,,-2,,2131,-435,-611,0,77,,5837731054971,
2026-08-19 00:17:53.734,pulse_batch,x,,,,,-2,,2133,-437,-613,0,77,,5837751472533,
2026-08-19 00:17:53.754,pulse_batch,x,,,,,-2,,2135,-439,-615,0,77,,5837771805893,
2026-08-19 00:17:53.774,pulse_batch,x,,,,,-2,,2137,-441,-617,0,77,,5837792169141,
2026-08-19 00:17:53.796,pulse_batch,x,,,,,-2,,2139,-443,-619,0,77,,5837813225198,
2026-08-19 00:17:53.816,pulse_batch,x,,,,,-2,,2141,-445,-621,0,77,,5837833608594,
2026-08-19 00:17:53.836,pulse_batch,x,,,,,-2,,2143,-447,-623,0,77,,5837853948824,
2026-08-19 00:17:53.858,pulse_batch,x,,,,,-2,,2145,-449,-625,0,77,,5837875456080,
2026-08-19 00:17:53.878,pulse_batch,x,,,,,-2,,2147,-451,-627,0,77,,5837896110492,
2026-08-19 00:17:53.899,pulse_batch,x,,,,,-2,,2149,-453,-629,0,77,,5837916380111,
2026-08-19 00:17:53.919,pulse_batch,x,,,,,-2,,2151,-455,-631,0,77,,5837937232503,
2026-08-19 00:17:53.940,pulse_batch,x,,,,,-2,,2153,-457,-633,0,77,,5837957595548,
2026-08-19 00:17:53.960,pulse_batch,x,,,,,-2,,2155,-459,-635,0,77,,5837977891871,
2026-08-19 00:17:53.981,pulse_batch,x,,,,,-2,,2157,-461,-637,0,77,,5837998352507,
2026-08-19 00:17:54.001,pulse_batch,x,,,,,-2,,2159,-463,-639,0,77,,5838018855920,
2026-08-19 00:17:54.021,pulse_batch,x,,,,,-2,,2161,-465,-641,0,77,,5838039177058,
2026-08-19 00:17:54.042,pulse_batch,x,,,,,-2,,2163,-467,-643,0,77,,5838059501548,
2026-08-19 00:17:54.062,pulse_batch,x,,,,,-2,,2165,-469,-645,0,77,,5838079949092,
2026-08-19 00:17:54.083,pulse_batch,x,,,,,-2,,2167,-471,-647,0,77,,5838100303044,
2026-08-19 00:17:54.103,pulse_batch,x,,,,,-2,,2169,-473,-649,0,77,,5838120824087,
2026-08-19 00:17:54.124,pulse_batch,x,,,,,-2,,2171,-475,-651,0,77,,5838141489333,
2026-08-19 00:17:54.144,pulse_batch,x,,,,,-2,,2173,-477,-653,0,77,,5838161948043,
2026-08-19 00:17:54.164,pulse_batch,x,,,,,-2,,2175,-479,-655,0,77,,5838182208811,
2026-08-19 00:17:54.186,pulse_batch,x,,,,,-2,,2177,-481,-657,0,77,,5838203529495,
2026-08-19 00:17:54.206,pulse_batch,x,,,,,-2,,2179,-483,-659,0,77,,5838223892076,
2026-08-19 00:17:54.226,pulse_batch,x,,,,,-2,,2181,-485,-661,0,77,,5838244217918,
2026-08-19 00:17:54.247,pulse_batch,x,,,,,-2,,2183,-487,-663,0,77,,5838264769998,
2026-08-19 00:17:54.268,pulse_batch,x,,,,,-2,,2185,-489,-665,0,77,,5838285294560,
2026-08-19 00:17:54.288,pulse_batch,x,,,,,-2,,2187,-491,-667,0,77,,5838305572679,
2026-08-19 00:17:54.308,pulse_batch,x,,,,,-2,,2189,-493,-669,0,77,,5838325884576,
2026-08-19 00:17:54.329,pulse_batch,x,,,,,-2,,2191,-495,-671,0,77,,5838346872041,
2026-08-19 00:17:54.349,pulse_batch,x,,,,,-2,,2193,-497,-673,0,77,,5838367144550,
2026-08-19 00:17:54.370,pulse_batch,x,,,,,-2,,2195,-499,-675,0,77,,5838387451224,
2026-08-19 00:17:54.391,pulse_batch,x,,,,,-2,,2197,-501,-677,0,77,,5838408642354,
2026-08-19 00:17:54.411,pulse_batch,x,,,,,-2,,2199,-503,-679,0,77,,5838429072416,
2026-08-19 00:17:54.432,pulse_batch,x,,,,,-2,,2201,-505,-681,0,77,,5838449333203,
2026-08-19 00:17:54.452,pulse_batch,x,,,,,-2,,2203,-507,-683,0,77,,5838469983023,
2026-08-19 00:17:54.473,pulse_batch,x,,,,,-2,,2205,-509,-685,0,77,,5838490370678,
2026-08-19 00:17:54.493,pulse_batch,x,,,,,-2,,2207,-511,-687,0,77,,5838510643946,
2026-08-19 00:17:54.514,pulse_batch,x,,,,,-2,,2209,-513,-689,0,77,,5838531581893,
2026-08-19 00:17:54.534,pulse_batch,x,,,,,-2,,2211,-515,-691,0,77,,5838552021085,
2026-08-19 00:17:54.555,pulse_batch,x,,,,,-2,,2213,-517,-693,0,77,,5838572329463,
2026-08-19 00:17:54.576,pulse_batch,x,,,,,-2,,2215,-519,-695,0,77,,5838593794849,
2026-08-19 00:17:54.597,pulse_batch,x,,,,,-2,,2217,-521,-697,0,77,,5838614471428,
2026-08-19 00:17:54.617,pulse_batch,x,,,,,-2,,2219,-523,-699,0,77,,5838634763566,
2026-08-19 00:17:54.637,pulse_batch,x,,,,,-2,,2221,-525,-701,0,77,,5838655045241,
2026-08-19 00:17:54.659,pulse_batch,x,,,,,-2,,2223,-527,-703,0,77,,5838677242157,
2026-08-19 00:17:54.680,pulse_batch,x,,,,,-2,,2225,-529,-705,0,77,,5838697769830,
2026-08-19 00:17:54.700,pulse_batch,x,,,,,-2,,2227,-531,-707,0,77,,5838718037080,
2026-08-19 00:17:54.721,pulse_batch,x,,,,,-2,,2229,-533,-709,0,77,,5838738759232,
2026-08-19 00:17:54.741,pulse_batch,x,,,,,-2,,2231,-535,-711,0,77,,5838759099684,
2026-08-19 00:17:54.762,pulse_batch,x,,,,,-2,,2233,-537,-713,0,77,,5838779383859,
2026-08-19 00:17:54.783,pulse_batch,x,,,,,-2,,2235,-539,-715,0,77,,5838800249066,
2026-08-19 00:17:54.803,pulse_batch,x,,,,,-2,,2237,-541,-717,0,77,,5838820637888,
2026-08-19 00:17:54.823,pulse_batch,x,,,,,-2,,2239,-543,-719,0,77,,5838840934860,
2026-08-19 00:17:54.844,pulse_batch,x,,,,,-2,,2241,-545,-721,0,77,,5838862042286,
2026-08-19 00:17:54.865,pulse_batch,x,,,,,-2,,2243,-547,-723,0,77,,5838882425405,
2026-08-19 00:17:54.885,pulse_batch,x,,,,,-2,,2245,-549,-725,0,77,,5838902943152,
2026-08-19 00:17:54.905,pulse_batch,x,,,,,-2,,2247,-551,-727,0,77,,5838923223419,
2026-08-19 00:17:54.927,pulse_batch,x,,,,,-2,,2249,-553,-729,0,77,,5838944268735,
2026-08-19 00:17:54.947,pulse_batch,x,,,,,-2,,2251,-555,-731,0,77,,5838964658095,
2026-08-19 00:17:54.967,pulse_batch,x,,,,,-2,,2253,-557,-733,0,77,,5838984934677,
2026-08-19 00:17:54.988,pulse_batch,x,,,,,-2,,2255,-559,-735,0,77,,5839006091455,
2026-08-19 00:17:55.009,pulse_batch,x,,,,,-2,,2257,-561,-737,0,77,,5839026481537,
2026-08-19 00:17:55.029,pulse_batch,x,,,,,-2,,2259,-563,-739,0,77,,5839046765638,
2026-08-19 00:17:55.050,pulse_batch,x,,,,,-2,,2261,-565,-741,0,77,,5839067452346,
2026-08-19 00:17:55.070,pulse_batch,x,,,,,-2,,2263,-567,-743,0,77,,5839087801243,
2026-08-19 00:17:55.091,pulse_batch,x,,,,,-2,,2265,-569,-745,0,77,,5839108551655,
2026-08-19 00:17:55.111,pulse_batch,x,,,,,-2,,2267,-571,-747,0,77,,5839129006736,
2026-08-19 00:17:55.132,pulse_batch,x,,,,,-2,,2269,-573,-749,0,77,,5839149574872,
2026-08-19 00:17:55.152,pulse_batch,x,,,,,-2,,2271,-575,-751,0,77,,5839169854936,
2026-08-19 00:17:55.172,pulse_batch,x,,,,,-2,,2273,-577,-753,0,77,,5839190145037,
2026-08-19 00:17:55.194,pulse_batch,x,,,,,-2,,2275,-579,-755,0,77,,5839211474202,
2026-08-19 00:17:55.218,pulse_batch,x,,,,,-2,,2277,-581,-757,0,77,,5839235364602,
2026-08-19 00:17:55.238,pulse_batch,x,,,,,-2,,2279,-583,-759,0,77,,5839255651388,
2026-08-19 00:17:55.262,pulse_batch,x,,,,,-2,,2281,-585,-761,0,77,,5839280056598,
2026-08-19 00:17:55.283,pulse_batch,x,,,,,-2,,2283,-587,-763,0,77,,5839300336218,
2026-08-19 00:17:55.303,pulse_batch,x,,,,,-2,,2285,-589,-765,0,77,,5839320644189,
2026-08-19 00:17:55.326,pulse_batch,x,,,,,-2,,2287,-591,-767,0,77,,5839343979946,
2026-08-19 00:17:55.347,pulse_batch,x,,,,,-2,,2289,-593,-769,0,77,,5839364534434,
2026-08-19 00:17:55.367,pulse_batch,x,,,,,-2,,2291,-595,-771,0,77,,5839384812591,
2026-08-19 00:17:55.388,pulse_batch,x,,,,,-2,,2293,-597,-773,0,77,,5839405651983,
2026-08-19 00:17:55.408,pulse_batch,x,,,,,-2,,2295,-599,-775,0,77,,5839426030917,
2026-08-19 00:17:55.429,pulse_batch,x,,,,,-2,,2297,-601,-777,0,77,,5839446324610,
2026-08-19 00:17:55.449,pulse_batch,x,,,,,-2,,2299,-603,-779,0,77,,5839467179817,
2026-08-19 00:17:55.470,pulse_batch,x,,,,,-2,,2301,-605,-781,0,77,,5839487599065,
2026-08-19 00:17:55.490,pulse_batch,x,,,,,-2,,2303,-607,-783,0,77,,5839507961277,
2026-08-19 00:17:55.511,pulse_batch,x,,,,,-2,,2305,-609,-785,0,77,,5839528307118,
2026-08-19 00:17:55.526,pulse_batch,x,,,,,-1,,2306,-610,-786,0,77,,5839543805877,
2026-08-19 00:17:55.527,continuous_stop,x,,,,,,-1,2306,-610,-786,0,77,,5839544445056,
2026-08-19 00:17:56.720,continuous_start,x,,,,,,1,2306,-610,-786,0,77,,5840737448329,
2026-08-19 00:17:56.725,pulse_batch,x,,,,,1,,2307,-609,-786,1,77,,5840742812963,
2026-08-19 00:17:56.745,pulse_batch,x,,,,,2,,2309,-607,-786,3,77,,5840763235952,
2026-08-19 00:17:56.766,pulse_batch,x,,,,,2,,2311,-605,-786,5,77,,5840783527886,
2026-08-19 00:17:56.788,pulse_batch,x,,,,,2,,2313,-603,-786,7,77,,5840805454491,
2026-08-19 00:17:56.808,pulse_batch,x,,,,,2,,2315,-601,-786,9,77,,5840825942312,
2026-08-19 00:17:56.828,pulse_batch,x,,,,,2,,2317,-599,-786,11,77,,5840846250525,
2026-08-19 00:17:56.849,pulse_batch,x,,,,,2,,2319,-597,-786,13,77,,5840867000307,
2026-08-19 00:17:56.873,pulse_batch,x,,,,,2,,2321,-595,-786,15,77,,5840890282916,
2026-08-19 00:17:56.893,pulse_batch,x,,,,,2,,2323,-593,-786,17,77,,5840910595666,
2026-08-19 00:17:56.913,pulse_batch,x,,,,,2,,2325,-591,-786,19,77,,5840930963192,
2026-08-19 00:17:56.934,pulse_batch,x,,,,,2,,2327,-589,-786,21,77,,5840951486310,
2026-08-19 00:17:56.954,pulse_batch,x,,,,,2,,2329,-587,-786,23,77,,5840971772170,
2026-08-19 00:17:56.974,pulse_batch,x,,,,,2,,2331,-585,-786,25,77,,5840992138678,
2026-08-19 00:17:56.995,pulse_batch,x,,,,,2,,2333,-583,-786,27,77,,5841012584778,
2026-08-19 00:17:57.015,pulse_batch,x,,,,,2,,2335,-581,-786,29,77,,5841032993934,
2026-08-19 00:17:57.035,pulse_batch,x,,,,,2,,2337,-579,-786,31,77,,5841053250851,
2026-08-19 00:17:57.056,pulse_batch,x,,,,,2,,2339,-577,-786,33,77,,5841073755894,
2026-08-19 00:17:57.076,pulse_batch,x,,,,,2,,2341,-575,-786,35,77,,5841094104458,
2026-08-19 00:17:57.097,pulse_batch,x,,,,,2,,2343,-573,-786,37,77,,5841114389430,
2026-08-19 00:17:57.118,pulse_batch,x,,,,,2,,2345,-571,-786,39,77,,5841135551283,
2026-08-19 00:17:57.138,pulse_batch,x,,,,,2,,2347,-569,-786,41,77,,5841155922291,
2026-08-19 00:17:57.158,pulse_batch,x,,,,,2,,2349,-567,-786,43,77,,5841176211244,
2026-08-19 00:17:57.180,pulse_batch,x,,,,,2,,2351,-565,-786,45,77,,5841197683482,
2026-08-19 00:17:57.200,pulse_batch,x,,,,,2,,2353,-563,-786,47,77,,5841218112712,
2026-08-19 00:17:57.221,pulse_batch,x,,,,,2,,2355,-561,-786,49,77,,5841238488683,
2026-08-19 00:17:57.241,pulse_batch,x,,,,,2,,2357,-559,-786,51,77,,5841258769803,
2026-08-19 00:17:57.262,pulse_batch,x,,,,,2,,2359,-557,-786,53,77,,5841279298366,
2026-08-19 00:17:57.282,pulse_batch,x,,,,,2,,2361,-555,-786,55,77,,5841299740392,
2026-08-19 00:17:57.302,pulse_batch,x,,,,,2,,2363,-553,-786,57,77,,5841320034493,
2026-08-19 00:17:57.323,pulse_batch,x,,,,,2,,2365,-551,-786,59,77,,5841340894015,
2026-08-19 00:17:57.344,pulse_batch,x,,,,,2,,2367,-549,-786,61,77,,5841361273875,
2026-08-19 00:17:57.364,pulse_batch,x,,,,,2,,2369,-547,-786,63,77,,5841381584124,
2026-08-19 00:17:57.385,pulse_batch,x,,,,,2,,2371,-545,-786,65,77,,5841402398462,
2026-08-19 00:17:57.405,pulse_batch,x,,,,,2,,2373,-543,-786,67,77,,5841422816303,
2026-08-19 00:17:57.425,pulse_batch,x,,,,,2,,2375,-541,-786,69,77,,5841443182589,
2026-08-19 00:17:57.446,pulse_batch,x,,,,,2,,2377,-539,-786,71,77,,5841463842631,
2026-08-19 00:17:57.467,pulse_batch,x,,,,,2,,2379,-537,-786,73,77,,5841484347175,
2026-08-19 00:17:57.487,pulse_batch,x,,,,,2,,2381,-535,-786,75,77,,5841504642980,
2026-08-19 00:17:57.507,pulse_batch,x,,,,,2,,2383,-533,-786,77,77,,5841524941785,
2026-08-19 00:17:57.528,pulse_batch,x,,,,,2,,2385,-531,-784,77,77,,5841545471551,
2026-08-19 00:17:57.548,pulse_batch,x,,,,,2,,2387,-529,-782,77,77,,5841565866596,
2026-08-19 00:17:57.568,pulse_batch,x,,,,,2,,2389,-527,-780,77,77,,5841586149623,
2026-08-19 00:17:57.589,pulse_batch,x,,,,,2,,2391,-525,-778,77,77,,5841606641945,
2026-08-19 00:17:57.609,pulse_batch,x,,,,,2,,2393,-523,-776,77,77,,5841627040731,
2026-08-19 00:17:57.630,pulse_batch,x,,,,,2,,2395,-521,-774,77,77,,5841647427739,
2026-08-19 00:17:57.650,pulse_batch,x,,,,,2,,2397,-519,-772,77,77,,5841667821969,
2026-08-19 00:17:57.671,pulse_batch,x,,,,,2,,2399,-517,-770,77,77,,5841688338939,
2026-08-19 00:17:57.691,pulse_batch,x,,,,,2,,2401,-515,-768,77,77,,5841708650447,
2026-08-19 00:17:57.711,pulse_batch,x,,,,,2,,2403,-513,-766,77,77,,5841729001085,
2026-08-19 00:17:57.732,pulse_batch,x,,,,,2,,2405,-511,-764,77,77,,5841749547295,
2026-08-19 00:17:57.752,pulse_batch,x,,,,,2,,2407,-509,-762,77,77,,5841769961933,
2026-08-19 00:17:57.773,pulse_batch,x,,,,,2,,2409,-507,-760,77,77,,5841790277701,
2026-08-19 00:17:57.793,pulse_batch,x,,,,,2,,2411,-505,-758,77,77,,5841810791504,
2026-08-19 00:17:57.813,pulse_batch,x,,,,,2,,2413,-503,-756,77,77,,5841831173475,
2026-08-19 00:17:57.834,pulse_batch,x,,,,,2,,2415,-501,-754,77,77,,5841851670871,
2026-08-19 00:17:57.855,pulse_batch,x,,,,,2,,2417,-499,-752,77,77,,5841872312080,
2026-08-19 00:17:57.875,pulse_batch,x,,,,,2,,2419,-497,-750,77,77,,5841892726199,
2026-08-19 00:17:57.895,pulse_batch,x,,,,,2,,2421,-495,-748,77,77,,5841913122873,
2026-08-19 00:17:57.916,pulse_batch,x,,,,,2,,2423,-493,-746,77,77,,5841933502048,
2026-08-19 00:17:57.936,pulse_batch,x,,,,,2,,2425,-491,-744,77,77,,5841954069073,
2026-08-19 00:17:57.957,pulse_batch,x,,,,,2,,2427,-489,-742,77,77,,5841974395729,
2026-08-19 00:17:57.977,pulse_batch,x,,,,,2,,2429,-487,-740,77,77,,5841994702738,
2026-08-19 00:17:57.997,pulse_batch,x,,,,,2,,2431,-485,-738,77,77,,5842015214078,
2026-08-19 00:17:58.018,pulse_batch,x,,,,,2,,2433,-483,-736,77,77,,5842035606457,
2026-08-19 00:17:58.038,pulse_batch,x,,,,,2,,2435,-481,-734,77,77,,5842056036705,
2026-08-19 00:17:58.059,pulse_batch,x,,,,,2,,2437,-479,-732,77,77,,5842076729599,
2026-08-19 00:17:58.079,pulse_batch,x,,,,,2,,2439,-477,-730,77,77,,5842097122792,
2026-08-19 00:17:58.100,pulse_batch,x,,,,,2,,2441,-475,-728,77,77,,5842117471338,
2026-08-19 00:17:58.121,pulse_batch,x,,,,,2,,2443,-473,-726,77,77,,5842138573395,
2026-08-19 00:17:58.142,pulse_batch,x,,,,,2,,2445,-471,-724,77,77,,5842159264511,
2026-08-19 00:17:58.162,pulse_batch,x,,,,,2,,2447,-469,-722,77,77,,5842179642260,
2026-08-19 00:17:58.183,pulse_batch,x,,,,,2,,2449,-467,-720,77,77,,5842201219016,
2026-08-19 00:17:58.204,pulse_batch,x,,,,,2,,2451,-465,-718,77,77,,5842221778689,
2026-08-19 00:17:58.224,pulse_batch,x,,,,,2,,2453,-463,-716,77,77,,5842242100939,
2026-08-19 00:17:58.245,pulse_batch,x,,,,,2,,2455,-461,-714,77,77,,5842262469132,
2026-08-19 00:17:58.265,pulse_batch,x,,,,,2,,2457,-459,-712,77,77,,5842283021972,
2026-08-19 00:17:58.286,pulse_batch,x,,,,,2,,2459,-457,-710,77,77,,5842303505757,
2026-08-19 00:17:58.306,pulse_batch,x,,,,,2,,2461,-455,-708,77,77,,5842323823173,
2026-08-19 00:17:58.327,pulse_batch,x,,,,,2,,2463,-453,-706,77,77,,5842344416865,
2026-08-19 00:17:58.347,pulse_batch,x,,,,,2,,2465,-451,-704,77,77,,5842364835076,
2026-08-19 00:17:58.367,pulse_batch,x,,,,,2,,2467,-449,-702,77,77,,5842385210177,
2026-08-19 00:17:58.388,pulse_batch,x,,,,,2,,2469,-447,-700,77,77,,5842405671944,
2026-08-19 00:17:58.408,pulse_batch,x,,,,,2,,2471,-445,-698,77,77,,5842426141914,
2026-08-19 00:17:58.429,pulse_batch,x,,,,,2,,2473,-443,-696,77,77,,5842446509126,
2026-08-19 00:17:58.449,pulse_batch,x,,,,,2,,2475,-441,-694,77,77,,5842466877653,
2026-08-19 00:17:58.470,pulse_batch,x,,,,,2,,2477,-439,-692,77,77,,5842487431511,
2026-08-19 00:17:58.490,pulse_batch,x,,,,,2,,2479,-437,-690,77,77,,5842507804038,
2026-08-19 00:17:58.511,pulse_batch,x,,,,,2,,2481,-435,-688,77,77,,5842528170121,
2026-08-19 00:17:58.531,pulse_batch,x,,,,,2,,2483,-433,-686,77,77,,5842549140494,
2026-08-19 00:17:58.553,pulse_batch,x,,,,,2,,2485,-431,-684,77,77,,5842570171329,
2026-08-19 00:17:58.573,pulse_batch,x,,,,,2,,2487,-429,-682,77,77,,5842590471523,
2026-08-19 00:17:58.595,pulse_batch,x,,,,,2,,2489,-427,-680,77,77,,5842613215101,
2026-08-19 00:17:58.618,pulse_batch,x,,,,,2,,2491,-425,-678,77,77,,5842635485017,
2026-08-19 00:17:58.638,pulse_batch,x,,,,,2,,2493,-423,-676,77,77,,5842655765323,
2026-08-19 00:17:58.661,pulse_batch,x,,,,,2,,2495,-421,-674,77,77,,5842679092506,
2026-08-19 00:17:58.682,pulse_batch,x,,,,,2,,2497,-419,-672,77,77,,5842700162286,
2026-08-19 00:17:58.703,pulse_batch,x,,,,,2,,2499,-417,-670,77,77,,5842720439702,
2026-08-19 00:17:58.723,pulse_batch,x,,,,,2,,2501,-415,-668,77,77,,5842740914932,
2026-08-19 00:17:58.744,pulse_batch,x,,,,,2,,2503,-413,-666,77,77,,5842761340273,
2026-08-19 00:17:58.764,pulse_batch,x,,,,,2,,2505,-411,-664,77,77,,5842781753614,
2026-08-19 00:17:58.785,pulse_batch,x,,,,,2,,2507,-409,-662,77,77,,5842802289510,
2026-08-19 00:17:58.805,pulse_batch,x,,,,,2,,2509,-407,-660,77,77,,5842822776258,
2026-08-19 00:17:58.825,pulse_batch,x,,,,,2,,2511,-405,-658,77,77,,5842843117174,
2026-08-19 00:17:58.846,pulse_batch,x,,,,,2,,2513,-403,-656,77,77,,5842863456441,
2026-08-19 00:17:58.867,pulse_batch,x,,,,,2,,2515,-401,-654,77,77,,5842884711682,
2026-08-19 00:17:58.887,pulse_batch,x,,,,,2,,2517,-399,-652,77,77,,5842905039320,
2026-08-19 00:17:58.908,pulse_batch,x,,,,,2,,2519,-397,-650,77,77,,5842925345996,
2026-08-19 00:17:58.928,pulse_batch,x,,,,,2,,2521,-395,-648,77,77,,5842946168352,
2026-08-19 00:17:58.949,pulse_batch,x,,,,,2,,2523,-393,-646,77,77,,5842966748062,
2026-08-19 00:17:58.969,pulse_batch,x,,,,,2,,2525,-391,-644,77,77,,5842987029349,
2026-08-19 00:17:58.990,pulse_batch,x,,,,,2,,2527,-389,-642,77,77,,5843007563430,
2026-08-19 00:17:59.010,pulse_batch,x,,,,,2,,2529,-387,-640,77,77,,5843028086307,
2026-08-19 00:17:59.031,pulse_batch,x,,,,,2,,2531,-385,-638,77,77,,5843048365390,
2026-08-19 00:17:59.051,pulse_batch,x,,,,,2,,2533,-383,-636,77,77,,5843069074729,
2026-08-19 00:17:59.072,pulse_batch,x,,,,,2,,2535,-381,-634,77,77,,5843089657883,
2026-08-19 00:17:59.092,pulse_batch,x,,,,,2,,2537,-379,-632,77,77,,5843109998077,
2026-08-19 00:17:59.113,pulse_batch,x,,,,,2,,2539,-377,-630,77,77,,5843130300716,
2026-08-19 00:17:59.134,pulse_batch,x,,,,,2,,2541,-375,-628,77,77,,5843151363088,
2026-08-19 00:17:59.154,pulse_batch,x,,,,,2,,2543,-373,-626,77,77,,5843171835836,
2026-08-19 00:17:59.174,pulse_batch,x,,,,,2,,2545,-371,-624,77,77,,5843192116235,
2026-08-19 00:17:59.195,pulse_batch,x,,,,,2,,2547,-369,-622,77,77,,5843212939739,
2026-08-19 00:17:59.216,pulse_batch,x,,,,,2,,2549,-367,-620,77,77,,5843233487116,
2026-08-19 00:17:59.236,pulse_batch,x,,,,,2,,2551,-365,-618,77,77,,5843253782681,
2026-08-19 00:17:59.257,pulse_batch,x,,,,,2,,2553,-363,-616,77,77,,5843275207531,
2026-08-19 00:17:59.278,pulse_batch,x,,,,,2,,2555,-361,-614,77,77,,5843295628983,
2026-08-19 00:17:59.298,pulse_batch,x,,,,,2,,2557,-359,-612,77,77,,5843315940770,
2026-08-19 00:17:59.320,pulse_batch,x,,,,,2,,2559,-357,-610,77,77,,5843337472323,
2026-08-19 00:17:59.340,pulse_batch,x,,,,,2,,2561,-355,-608,77,77,,5843357990737,
2026-08-19 00:17:59.361,pulse_batch,x,,,,,2,,2563,-353,-606,77,77,,5843378353246,
2026-08-19 00:17:59.381,pulse_batch,x,,,,,2,,2565,-351,-604,77,77,,5843398974659,
2026-08-19 00:17:59.402,pulse_batch,x,,,,,2,,2567,-349,-602,77,77,,5843419532592,
2026-08-19 00:17:59.422,pulse_batch,x,,,,,2,,2569,-347,-600,77,77,,5843439877508,
2026-08-19 00:17:59.442,pulse_batch,x,,,,,2,,2571,-345,-598,77,77,,5843460173703,
2026-08-19 00:17:59.464,pulse_batch,x,,,,,2,,2573,-343,-596,77,77,,5843481787384,
2026-08-19 00:17:59.485,pulse_batch,x,,,,,2,,2575,-341,-594,77,77,,5843502257799,
2026-08-19 00:17:59.505,pulse_batch,x,,,,,2,,2577,-339,-592,77,77,,5843522520179,
2026-08-19 00:17:59.526,pulse_batch,x,,,,,2,,2579,-337,-590,77,77,,5843543489497,
2026-08-19 00:17:59.546,pulse_batch,x,,,,,2,,2581,-335,-588,77,77,,5843563885079,
2026-08-19 00:17:59.566,pulse_batch,x,,,,,2,,2583,-333,-586,77,77,,5843584256291,
2026-08-19 00:17:59.587,pulse_batch,x,,,,,2,,2585,-331,-584,77,77,,5843604741021,
2026-08-19 00:17:59.607,pulse_batch,x,,,,,2,,2587,-329,-582,77,77,,5843625223139,
2026-08-19 00:17:59.628,pulse_batch,x,,,,,2,,2589,-327,-580,77,77,,5843645558167,
2026-08-19 00:17:59.649,pulse_batch,x,,,,,2,,2591,-325,-578,77,77,,5843666550151,
2026-08-19 00:17:59.669,pulse_batch,x,,,,,2,,2593,-323,-576,77,77,,5843687120268,
2026-08-19 00:17:59.690,pulse_batch,x,,,,,2,,2595,-321,-574,77,77,,5843707442759,
2026-08-19 00:17:59.710,pulse_batch,x,,,,,2,,2597,-319,-572,77,77,,5843727751712,
2026-08-19 00:17:59.731,pulse_batch,x,,,,,2,,2599,-317,-570,77,77,,5843748436310,
2026-08-19 00:17:59.751,pulse_batch,x,,,,,2,,2601,-315,-568,77,77,,5843768899133,
2026-08-19 00:17:59.771,pulse_batch,x,,,,,2,,2603,-313,-566,77,77,,5843789238419,
2026-08-19 00:17:59.792,pulse_batch,x,,,,,2,,2605,-311,-564,77,77,,5843809788778,
2026-08-19 00:17:59.812,pulse_batch,x,,,,,2,,2607,-309,-562,77,77,,5843830169879,
2026-08-19 00:17:59.833,pulse_batch,x,,,,,2,,2609,-307,-560,77,77,,5843850470036,
2026-08-19 00:17:59.853,pulse_batch,x,,,,,2,,2611,-305,-558,77,77,,5843870990136,
2026-08-19 00:17:59.874,pulse_batch,x,,,,,2,,2613,-303,-556,77,77,,5843891529124,
2026-08-19 00:17:59.894,pulse_batch,x,,,,,2,,2615,-301,-554,77,77,,5843911848670,
2026-08-19 00:17:59.915,pulse_batch,x,,,,,2,,2617,-299,-552,77,77,,5843933053930,
2026-08-19 00:17:59.936,pulse_batch,x,,,,,2,,2619,-297,-550,77,77,,5843953526641,
2026-08-19 00:17:59.956,pulse_batch,x,,,,,2,,2621,-295,-548,77,77,,5843973836242,
2026-08-19 00:17:59.976,pulse_batch,x,,,,,2,,2623,-293,-546,77,77,,5843994189047,
2026-08-19 00:17:59.997,pulse_batch,x,,,,,2,,2625,-291,-544,77,77,,5844014624537,
2026-08-19 00:18:00.017,pulse_batch,x,,,,,2,,2627,-289,-542,77,77,,5844035084193,
2026-08-19 00:18:00.038,pulse_batch,x,,,,,2,,2629,-287,-540,77,77,,5844055376202,
2026-08-19 00:18:00.058,pulse_batch,x,,,,,2,,2631,-285,-538,77,77,,5844075859487,
2026-08-19 00:18:00.082,pulse_batch,x,,,,,2,,2633,-283,-536,77,77,,5844099465132,
2026-08-19 00:18:00.102,pulse_batch,x,,,,,2,,2635,-281,-534,77,77,,5844119744215,
2026-08-19 00:18:00.124,pulse_batch,x,,,,,2,,2637,-279,-532,77,77,,5844142023261,
2026-08-19 00:18:00.146,pulse_batch,x,,,,,2,,2639,-277,-530,77,77,,5844163439649,
2026-08-19 00:18:00.166,pulse_batch,x,,,,,2,,2641,-275,-528,77,77,,5844183762306,
2026-08-19 00:18:00.186,pulse_batch,x,,,,,2,,2643,-273,-526,77,77,,5844204154592,
2026-08-19 00:18:00.207,pulse_batch,x,,,,,2,,2645,-271,-524,77,77,,5844224655173,
2026-08-19 00:18:00.227,pulse_batch,x,,,,,2,,2647,-269,-522,77,77,,5844244980812,
2026-08-19 00:18:00.248,pulse_batch,x,,,,,2,,2649,-267,-520,77,77,,5844265319895,
2026-08-19 00:18:00.268,pulse_batch,x,,,,,2,,2651,-265,-518,77,77,,5844285870013,
2026-08-19 00:18:00.288,pulse_batch,x,,,,,2,,2653,-263,-516,77,77,,5844306160078,
2026-08-19 00:18:00.309,pulse_batch,x,,,,,2,,2655,-261,-514,77,77,,5844326762585,
2026-08-19 00:18:00.330,pulse_batch,x,,,,,2,,2657,-259,-512,77,77,,5844347973307,
2026-08-19 00:18:00.351,pulse_batch,x,,,,,2,,2659,-257,-510,77,77,,5844368396075,
2026-08-19 00:18:00.371,pulse_batch,x,,,,,2,,2661,-255,-508,77,77,,5844388731732,
2026-08-19 00:18:00.391,pulse_batch,x,,,,,2,,2663,-253,-506,77,77,,5844409196517,
2026-08-19 00:18:00.412,pulse_batch,x,,,,,2,,2665,-251,-504,77,77,,5844429547767,
2026-08-19 00:18:00.432,pulse_batch,x,,,,,2,,2667,-249,-502,77,77,,5844449859258,
2026-08-19 00:18:00.453,pulse_batch,x,,,,,2,,2669,-247,-500,77,77,,5844470442449,
2026-08-19 00:18:00.473,pulse_batch,x,,,,,2,,2671,-245,-498,77,77,,5844490911346,
2026-08-19 00:18:00.493,pulse_batch,x,,,,,2,,2673,-243,-496,77,77,,5844511214022,
2026-08-19 00:18:00.514,pulse_batch,x,,,,,2,,2675,-241,-494,77,77,,5844531695807,
2026-08-19 00:18:00.535,pulse_batch,x,,,,,2,,2677,-239,-492,77,77,,5844552684643,
2026-08-19 00:18:00.555,pulse_batch,x,,,,,2,,2679,-237,-490,77,77,,5844572975264,
2026-08-19 00:18:00.576,pulse_batch,x,,,,,2,,2681,-235,-488,77,77,,5844593272162,
2026-08-19 00:18:00.596,pulse_batch,x,,,,,2,,2683,-233,-486,77,77,,5844614134703,
2026-08-19 00:18:00.617,pulse_batch,x,,,,,2,,2685,-231,-484,77,77,,5844634529248,
2026-08-19 00:18:00.637,pulse_batch,x,,,,,2,,2687,-229,-482,77,77,,5844654802517,
2026-08-19 00:18:00.658,pulse_batch,x,,,,,2,,2689,-227,-480,77,77,,5844675747983,
2026-08-19 00:18:00.678,pulse_batch,x,,,,,2,,2691,-225,-478,77,77,,5844696182010,
2026-08-19 00:18:00.699,pulse_batch,x,,,,,2,,2693,-223,-476,77,77,,5844716490871,
2026-08-19 00:18:00.720,pulse_batch,x,,,,,2,,2695,-221,-474,77,77,,5844737448707,
2026-08-19 00:18:00.740,pulse_batch,x,,,,,2,,2697,-219,-472,77,77,,5844757917474,
2026-08-19 00:18:00.760,pulse_batch,x,,,,,2,,2699,-217,-470,77,77,,5844778242854,
2026-08-19 00:18:00.781,pulse_batch,x,,,,,2,,2701,-215,-468,77,77,,5844798595159,
2026-08-19 00:18:00.802,pulse_batch,x,,,,,2,,2703,-213,-466,77,77,,5844819474292,
2026-08-19 00:18:00.822,pulse_batch,x,,,,,2,,2705,-211,-464,77,77,,5844839776153,
2026-08-19 00:18:00.842,pulse_batch,x,,,,,2,,2707,-209,-462,77,77,,5844860060867,
2026-08-19 00:18:00.863,pulse_batch,x,,,,,2,,2709,-207,-460,77,77,,5844881006147,
2026-08-19 00:18:00.884,pulse_batch,x,,,,,2,,2711,-205,-458,77,77,,5844901503581,
2026-08-19 00:18:00.904,pulse_batch,x,,,,,2,,2713,-203,-456,77,77,,5844921801886,
2026-08-19 00:18:00.925,pulse_batch,x,,,,,2,,2715,-201,-454,77,77,,5844942986646,
2026-08-19 00:18:00.946,pulse_batch,x,,,,,2,,2717,-199,-452,77,77,,5844963380173,
2026-08-19 00:18:00.966,pulse_batch,x,,,,,2,,2719,-197,-450,77,77,,5844983689294,
2026-08-19 00:18:00.987,pulse_batch,x,,,,,2,,2721,-195,-448,77,77,,5845004701500,
2026-08-19 00:18:01.008,pulse_batch,x,,,,,2,,2723,-193,-446,77,77,,5845025315432,
2026-08-19 00:18:01.028,pulse_batch,x,,,,,2,,2725,-191,-444,77,77,,5845045638812,
2026-08-19 00:18:01.048,pulse_batch,x,,,,,2,,2727,-189,-442,77,77,,5845065979765,
2026-08-19 00:18:01.069,pulse_batch,x,,,,,2,,2729,-187,-440,77,77,,5845086513773,
2026-08-19 00:18:01.089,pulse_batch,x,,,,,2,,2731,-185,-438,77,77,,5845106934003,
2026-08-19 00:18:01.109,pulse_batch,x,,,,,2,,2733,-183,-436,77,77,,5845127208735,
2026-08-19 00:18:01.132,pulse_batch,x,,,,,2,,2735,-181,-434,77,77,,5845149833204,
2026-08-19 00:18:01.153,pulse_batch,x,,,,,2,,2737,-179,-432,77,77,,5845170262656,
2026-08-19 00:18:01.173,pulse_batch,x,,,,,2,,2739,-177,-430,77,77,,5845190511740,
2026-08-19 00:18:01.193,pulse_batch,x,,,,,2,,2741,-175,-428,77,77,,5845211030377,
2026-08-19 00:18:01.214,pulse_batch,x,,,,,2,,2743,-173,-426,77,77,,5845231419164,
2026-08-19 00:18:01.234,pulse_batch,x,,,,,2,,2745,-171,-424,77,77,,5845251733432,
2026-08-19 00:18:01.255,pulse_batch,x,,,,,2,,2747,-169,-422,77,77,,5845272226144,
2026-08-19 00:18:01.275,pulse_batch,x,,,,,2,,2749,-167,-420,77,77,,5845292623597,
2026-08-19 00:18:01.295,pulse_batch,x,,,,,2,,2751,-165,-418,77,77,,5845312999531,
2026-08-19 00:18:01.317,pulse_batch,x,,,,,2,,2753,-163,-416,77,77,,5845334308531,
2026-08-19 00:18:01.337,pulse_batch,x,,,,,2,,2755,-161,-414,77,77,,5845354798576,
2026-08-19 00:18:01.357,pulse_batch,x,,,,,2,,2757,-159,-412,77,77,,5845375088678,
2026-08-19 00:18:01.378,pulse_batch,x,,,,,2,,2759,-157,-410,77,77,,5845395372780,
2026-08-19 00:18:01.398,pulse_batch,x,,,,,2,,2761,-155,-408,77,77,,5845416232229,
2026-08-19 00:18:01.419,pulse_batch,x,,,,,2,,2763,-153,-406,77,77,,5845436712126,
2026-08-19 00:18:01.439,pulse_batch,x,,,,,2,,2765,-151,-404,77,77,,5845456985672,
2026-08-19 00:18:01.460,pulse_batch,x,,,,,2,,2767,-149,-402,77,77,,5845477874121,
2026-08-19 00:18:01.480,pulse_batch,x,,,,,2,,2769,-147,-400,77,77,,5845498264481,
2026-08-19 00:18:01.501,pulse_batch,x,,,,,2,,2771,-145,-398,77,77,,5845518592749,
2026-08-19 00:18:01.521,pulse_batch,x,,,,,2,,2773,-143,-396,77,77,,5845538971629,
2026-08-19 00:18:01.542,pulse_batch,x,,,,,2,,2775,-141,-394,77,77,,5845559501303,
2026-08-19 00:18:01.562,pulse_batch,x,,,,,2,,2777,-139,-392,77,77,,5845579812164,
2026-08-19 00:18:01.582,pulse_batch,x,,,,,2,,2779,-137,-390,77,77,,5845600131080,
2026-08-19 00:18:01.603,pulse_batch,x,,,,,2,,2781,-135,-388,77,77,,5845621044251,
2026-08-19 00:18:01.624,pulse_batch,x,,,,,2,,2783,-133,-386,77,77,,5845641348223,
2026-08-19 00:18:01.644,pulse_batch,x,,,,,2,,2785,-131,-384,77,77,,5845661631307,
2026-08-19 00:18:01.664,pulse_batch,x,,,,,2,,2787,-129,-382,77,77,,5845682061722,
2026-08-19 00:18:01.685,pulse_batch,x,,,,,2,,2789,-127,-380,77,77,,5845702603267,
2026-08-19 00:18:01.705,pulse_batch,x,,,,,2,,2791,-125,-378,77,77,,5845722949146,
2026-08-19 00:18:01.726,pulse_batch,x,,,,,2,,2793,-123,-376,77,77,,5845743701355,
2026-08-19 00:18:01.746,pulse_batch,x,,,,,2,,2795,-121,-374,77,77,,5845764159122,
2026-08-19 00:18:01.767,pulse_batch,x,,,,,2,,2797,-119,-372,77,77,,5845784452798,
2026-08-19 00:18:01.787,pulse_batch,x,,,,,2,,2799,-117,-370,77,77,,5845805102860,
2026-08-19 00:18:01.808,pulse_batch,x,,,,,2,,2801,-115,-368,77,77,,5845825643126,
2026-08-19 00:18:01.828,pulse_batch,x,,,,,2,,2803,-113,-366,77,77,,5845845980932,
2026-08-19 00:18:01.849,pulse_batch,x,,,,,2,,2805,-111,-364,77,77,,5845866296312,
2026-08-19 00:18:01.870,pulse_batch,x,,,,,2,,2807,-109,-362,77,77,,5845887257129,
2026-08-19 00:18:01.890,pulse_batch,x,,,,,2,,2809,-107,-360,77,77,,5845907594102,
2026-08-19 00:18:01.910,pulse_batch,x,,,,,2,,2811,-105,-358,77,77,,5845927916074,
2026-08-19 00:18:01.932,pulse_batch,x,,,,,2,,2813,-103,-356,77,77,,5845949548126,
2026-08-19 00:18:01.952,pulse_batch,x,,,,,2,,2815,-101,-354,77,77,,5845969962005,
2026-08-19 00:18:01.972,pulse_batch,x,,,,,2,,2817,-99,-352,77,77,,5845990226681,
2026-08-19 00:18:01.993,pulse_batch,x,,,,,2,,2819,-97,-350,77,77,,5846010667041,
2026-08-19 00:18:02.013,pulse_batch,x,,,,,2,,2821,-95,-348,77,77,,5846031046939,
2026-08-19 00:18:02.034,pulse_batch,x,,,,,2,,2823,-93,-346,77,77,,5846051361782,
2026-08-19 00:18:02.054,pulse_batch,x,,,,,2,,2825,-91,-344,77,77,,5846072180138,
2026-08-19 00:18:02.077,pulse_batch,x,,,,,2,,2827,-89,-342,77,77,,5846094336019,
2026-08-19 00:18:02.097,pulse_batch,x,,,,,2,,2829,-87,-340,77,77,,5846114693861,
2026-08-19 00:18:02.117,pulse_batch,x,,,,,2,,2831,-85,-338,77,77,,5846135097722,
2026-08-19 00:18:02.140,pulse_batch,x,,,,,2,,2833,-83,-336,77,77,,5846157552989,
2026-08-19 00:18:02.160,pulse_batch,x,,,,,2,,2835,-81,-334,77,77,,5846177883794,
2026-08-19 00:18:02.180,pulse_batch,x,,,,,2,,2837,-79,-332,77,77,,5846198183323,
2026-08-19 00:18:02.197,pulse_batch,x,,,,,1,,2838,-78,-331,77,77,,5846215151586,
2026-08-19 00:18:02.198,continuous_stop,x,,,,,,1,2838,-78,-331,77,77,,5846215411713,
2026-08-19 00:18:02.858,continuous_start,x,,,,,,1,2838,-78,-331,77,77,,5846875434718,
2026-08-19 00:18:02.863,pulse_batch,x,,,,,1,,2839,-77,-330,77,77,,5846880792963,
2026-08-19 00:18:02.883,pulse_batch,x,,,,,2,,2841,-75,-328,77,77,,5846901165991,
2026-08-19 00:18:02.904,pulse_batch,x,,,,,2,,2843,-73,-326,77,77,,5846921455408,
2026-08-19 00:18:02.924,pulse_batch,x,,,,,2,,2845,-71,-324,77,77,,5846942015489,
2026-08-19 00:18:02.945,pulse_batch,x,,,,,2,,2847,-69,-322,77,77,,5846962380184,
2026-08-19 00:18:02.965,pulse_batch,x,,,,,2,,2849,-67,-320,77,77,,5846982732582,
2026-08-19 00:18:02.985,pulse_batch,x,,,,,2,,2851,-65,-318,77,77,,5847003136257,
2026-08-19 00:18:03.006,pulse_batch,x,,,,,2,,2853,-63,-316,77,77,,5847023595265,
2026-08-19 00:18:03.027,pulse_batch,x,,,,,2,,2855,-61,-314,77,77,,5847044285493,
2026-08-19 00:18:03.047,pulse_batch,x,,,,,2,,2857,-59,-312,77,77,,5847064581077,
2026-08-19 00:18:03.068,pulse_batch,x,,,,,2,,2859,-57,-310,77,77,,5847085342860,
2026-08-19 00:18:03.088,pulse_batch,x,,,,,2,,2861,-55,-308,77,77,,5847105784906,
2026-08-19 00:18:03.108,pulse_batch,x,,,,,2,,2863,-53,-306,77,77,,5847126047249,
2026-08-19 00:18:03.124,pulse_batch,x,,,,,1,,2864,-52,-305,77,77,,5847141568823,
2026-08-19 00:18:03.124,continuous_stop,x,,,,,,1,2864,-52,-305,77,77,,5847141875394,
2026-08-19 00:18:03.730,continuous_start,x,,,,,,1,2864,-52,-305,77,77,,5847747433832,
2026-08-19 00:18:03.735,pulse_batch,x,,,,,1,,2865,-51,-304,77,77,,5847752714430,
2026-08-19 00:18:03.756,pulse_batch,x,,,,,2,,2867,-49,-302,77,77,,5847774069504,
2026-08-19 00:18:03.777,pulse_batch,x,,,,,2,,2869,-47,-300,77,77,,5847794349643,
2026-08-19 00:18:03.798,pulse_batch,x,,,,,2,,2871,-45,-298,77,77,,5847815662088,
2026-08-19 00:18:03.818,pulse_batch,x,,,,,2,,2873,-43,-296,77,77,,5847836053708,
2026-08-19 00:18:03.839,pulse_batch,x,,,,,2,,2875,-41,-294,77,77,,5847856425606,
2026-08-19 00:18:03.859,pulse_batch,x,,,,,2,,2877,-39,-292,77,77,,5847877070261,
2026-08-19 00:18:03.864,continuous_stop,x,,,,,,1,2877,-39,-292,77,77,,5847882220786,
2026-08-19 00:18:04.395,continuous_start,x,,,,,,1,2877,-39,-292,77,77,,5848413027848,
2026-08-19 00:18:04.401,pulse_batch,x,,,,,1,,2878,-38,-291,77,77,,5848418385167,
2026-08-19 00:18:04.421,pulse_batch,x,,,,,2,,2880,-36,-289,77,77,,5848438786158,
2026-08-19 00:18:04.441,pulse_batch,x,,,,,2,,2882,-34,-287,77,77,,5848459116519,
2026-08-19 00:18:04.463,pulse_batch,x,,,,,2,,2884,-32,-285,77,77,,5848480830238,
2026-08-19 00:18:04.468,continuous_stop,x,,,,,,1,2884,-32,-285,77,77,,5848485945837,
2026-08-19 00:18:07.665,continuous_start,x,,,,,,1,2884,-32,-285,77,77,,5851682574906,
2026-08-19 00:18:07.685,pulse_batch,x,,,,,1,,2885,-31,-284,77,77,,5851703126062,
2026-08-19 00:18:07.726,pulse_batch,x,,,,,1,,2886,-30,-283,77,77,,5851743403919,
2026-08-19 00:18:07.766,pulse_batch,x,,,,,1,,2887,-29,-282,77,77,,5851783608796,
2026-08-19 00:18:07.806,pulse_batch,x,,,,,1,,2888,-28,-281,77,77,,5851823824302,
2026-08-19 00:18:07.846,pulse_batch,x,,,,,1,,2889,-27,-280,77,77,,5851863986642,
2026-08-19 00:18:07.887,pulse_batch,x,,,,,1,,2890,-26,-279,77,77,,5851904265388,
2026-08-19 00:18:07.927,pulse_batch,x,,,,,1,,2891,-25,-278,77,77,,5851944484542,
2026-08-19 00:18:07.967,pulse_batch,x,,,,,1,,2892,-24,-277,77,77,,5851984681326,
2026-08-19 00:18:08.007,pulse_batch,x,,,,,1,,2893,-23,-276,77,77,,5852024898221,
2026-08-19 00:18:08.047,pulse_batch,x,,,,,1,,2894,-22,-275,77,77,,5852065068968,
2026-08-19 00:18:08.088,pulse_batch,x,,,,,1,,2895,-21,-274,77,77,,5852105336197,
2026-08-19 00:18:08.128,pulse_batch,x,,,,,1,,2896,-20,-273,77,77,,5852145566462,
2026-08-19 00:18:08.168,pulse_batch,x,,,,,1,,2897,-19,-272,77,77,,5852185775950,
2026-08-19 00:18:08.208,pulse_batch,x,,,,,1,,2898,-18,-271,77,77,,5852226029771,
2026-08-19 00:18:08.248,pulse_batch,x,,,,,1,,2899,-17,-270,77,77,,5852266198722,
2026-08-19 00:18:08.269,continuous_stop,x,,,,,,1,2899,-17,-270,77,77,,5852286363549,
2026-08-19 00:18:08.930,continuous_start,x,,,,,,1,2899,-17,-270,77,77,,5852947497612,
2026-08-19 00:18:08.950,pulse_batch,x,,,,,1,,2900,-16,-269,77,77,,5852968051861,
2026-08-19 00:18:08.991,pulse_batch,x,,,,,1,,2901,-15,-268,77,77,,5853008349403,
2026-08-19 00:18:09.031,pulse_batch,x,,,,,1,,2902,-14,-267,77,77,,5853048674298,
2026-08-19 00:18:09.071,pulse_batch,x,,,,,1,,2903,-13,-266,77,77,,5853089050951,
2026-08-19 00:18:09.091,continuous_stop,x,,,,,,1,2903,-13,-266,77,77,,5853109106705,
2026-08-19 00:18:09.465,continuous_start,x,,,,,,1,2903,-13,-266,77,77,,5853482224270,
2026-08-19 00:18:09.485,pulse_batch,x,,,,,1,,2904,-12,-265,77,77,,5853502662409,
2026-08-19 00:18:09.528,pulse_batch,x,,,,,1,,2905,-11,-264,77,77,,5853545966109,
2026-08-19 00:18:09.568,pulse_batch,x,,,,,1,,2906,-10,-263,77,77,,5853586165560,
2026-08-19 00:18:09.609,pulse_batch,x,,,,,1,,2907,-9,-262,77,77,,5853626392937,
2026-08-19 00:18:09.629,continuous_stop,x,,,,,,1,2907,-9,-262,77,77,,5853646519116,
2026-08-19 00:18:09.932,continuous_start,x,,,,,,1,2907,-9,-262,77,77,,5853950081749,
2026-08-19 00:18:09.953,pulse_batch,x,,,,,1,,2908,-8,-261,77,77,,5853970518666,
2026-08-19 00:18:09.993,pulse_batch,x,,,,,1,,2909,-7,-260,77,77,,5854010723358,
2026-08-19 00:18:10.033,pulse_batch,x,,,,,1,,2910,-6,-259,77,77,,5854050961735,
2026-08-19 00:18:10.074,pulse_batch,x,,,,,1,,2911,-5,-258,77,77,,5854091391981,
2026-08-19 00:18:10.094,continuous_stop,x,,,,,,1,2911,-5,-258,77,77,,5854111422050,
2026-08-19 00:18:10.532,continuous_start,x,,,,,,1,2911,-5,-258,77,77,,5854550031978,
2026-08-19 00:18:10.553,pulse_batch,x,,,,,1,,2912,-4,-257,77,77,,5854570465635,
2026-08-19 00:18:10.593,pulse_batch,x,,,,,1,,2913,-3,-256,77,77,,5854610691827,
2026-08-19 00:18:10.613,continuous_stop,x,,,,,,1,2913,-3,-256,77,77,,5854630859136,
2026-08-19 00:18:11.200,continuous_start,x,,,,,,1,2913,-3,-256,77,77,,5855217890285,
2026-08-19 00:18:11.220,pulse_batch,x,,,,,1,,2914,-2,-255,77,77,,5855238191241,
2026-08-19 00:18:11.263,pulse_batch,x,,,,,1,,2915,-1,-254,77,77,,5855280746430,
2026-08-19 00:18:11.283,continuous_stop,x,,,,,,1,2915,-1,-254,77,77,,5855300938312,
2026-08-19 00:18:11.934,continuous_start,x,,,,,,1,2915,-1,-254,77,77,,5855951532306,
2026-08-19 00:18:11.954,pulse_batch,x,,,,,1,,2916,0,-253,77,77,,5855971908742,
2026-08-19 00:18:11.994,pulse_batch,x,,,,,1,,2917,1,-252,77,77,,5856012128675,
2026-08-19 00:18:12.015,continuous_stop,x,,,,,,1,2917,1,-252,77,77,,5856032294317,
2026-08-19 00:18:12.669,continuous_start,x,,,,,,1,2917,1,-252,77,77,,5856686274914,
2026-08-19 00:18:12.689,pulse_batch,x,,,,,1,,2918,2,-251,77,77,,5856706837867,
2026-08-19 00:18:12.730,pulse_batch,x,,,,,1,,2919,3,-250,77,77,,5856748179216,
2026-08-19 00:18:12.751,continuous_stop,x,,,,,,1,2919,3,-250,77,77,,5856768342599,
2026-08-19 00:18:13.401,continuous_start,x,,,,,,1,2919,3,-250,77,77,,5857418990804,
2026-08-19 00:18:13.422,pulse_batch,x,,,,,1,,2920,4,-249,77,77,,5857439390759,
2026-08-19 00:18:13.462,pulse_batch,x,,,,,1,,2921,5,-248,77,77,,5857479663377,
2026-08-19 00:18:13.482,continuous_stop,x,,,,,,1,2921,5,-248,77,77,,5857499812390,
2026-08-19 00:18:14.535,continuous_start,x,,,,,,1,2921,5,-248,77,77,,5858552777624,
2026-08-19 00:18:14.556,pulse_batch,x,,,,,1,,2922,6,-247,77,77,,5858573713259,
2026-08-19 00:18:14.576,continuous_stop,x,,,,,,1,2922,6,-247,77,77,,5858593823846,
2026-08-19 00:18:15.604,continuous_start,x,,,,,,1,2922,6,-247,77,77,,5859621298775,
2026-08-19 00:18:15.626,pulse_batch,x,,,,,1,,2923,7,-246,77,77,,5859643609934,
2026-08-19 00:18:15.646,continuous_stop,x,,,,,,1,2923,7,-246,77,77,,5859663746114,
2026-08-19 00:18:22.136,point_saved,x,0,stored,,,,1,,7,-246,77,77,-246,,
2026-08-19 00:18:22.136,point_saved,y,0,stored,,,,1,,12,112,4,4,112,,
2026-08-19 00:18:49.449,continuous_start,x,,,,,,-1,2923,7,-246,77,77,,5893466831635,
2026-08-19 00:18:49.469,pulse_batch,x,,,,,-1,,2924,6,-246,76,77,,5893487237373,
2026-08-19 00:18:49.510,pulse_batch,x,,,,,-1,,2925,5,-246,75,77,,5893527463392,
2026-08-19 00:18:49.550,pulse_batch,x,,,,,-1,,2926,4,-246,74,77,,5893567673356,
2026-08-19 00:18:49.590,pulse_batch,x,,,,,-1,,2927,3,-246,73,77,,5893607960189,
2026-08-19 00:18:49.632,pulse_batch,x,,,,,-1,,2928,2,-246,72,77,,5893649964099,
2026-08-19 00:18:49.673,pulse_batch,x,,,,,-1,,2929,1,-246,71,77,,5893690268413,
2026-08-19 00:18:49.713,pulse_batch,x,,,,,-1,,2930,0,-246,70,77,,5893730605246,
2026-08-19 00:18:49.753,pulse_batch,x,,,,,-1,,2931,-1,-246,69,77,,5893770747414,
2026-08-19 00:18:49.793,pulse_batch,x,,,,,-1,,2932,-2,-246,68,77,,5893810991747,
2026-08-19 00:18:49.834,pulse_batch,x,,,,,-1,,2933,-3,-246,67,77,,5893851279025,
2026-08-19 00:18:49.874,pulse_batch,x,,,,,-1,,2934,-4,-246,66,77,,5893891449896,
2026-08-19 00:18:49.914,pulse_batch,x,,,,,-1,,2935,-5,-246,65,77,,5893931702470,
2026-08-19 00:18:49.954,pulse_batch,x,,,,,-1,,2936,-6,-246,64,77,,5893971878804,
2026-08-19 00:18:49.994,pulse_batch,x,,,,,-1,,2937,-7,-246,63,77,,5894012133638,
2026-08-19 00:18:50.035,pulse_batch,x,,,,,-1,,2938,-8,-246,62,77,,5894052384101,
2026-08-19 00:18:50.075,pulse_batch,x,,,,,-1,,2939,-9,-246,61,77,,5894092553787,
2026-08-19 00:18:50.115,pulse_batch,x,,,,,-1,,2940,-10,-246,60,77,,5894132927213,
2026-08-19 00:18:50.156,pulse_batch,x,,,,,-1,,2941,-11,-246,59,77,,5894173181417,
2026-08-19 00:18:50.196,pulse_batch,x,,,,,-1,,2942,-12,-246,58,77,,5894213406325,
2026-08-19 00:18:50.236,pulse_batch,x,,,,,-1,,2943,-13,-246,57,77,,5894253649992,
2026-08-19 00:18:50.276,pulse_batch,x,,,,,-1,,2944,-14,-246,56,77,,5894293829641,
2026-08-19 00:18:50.317,pulse_batch,x,,,,,-1,,2945,-15,-246,55,77,,5894334148826,
2026-08-19 00:18:50.357,pulse_batch,x,,,,,-1,,2946,-16,-246,54,77,,5894374334697,
2026-08-19 00:18:50.397,pulse_batch,x,,,,,-1,,2947,-17,-246,53,77,,5894414524439,
2026-08-19 00:18:50.437,pulse_batch,x,,,,,-1,,2948,-18,-246,52,77,,5894454765551,
2026-08-19 00:18:50.477,pulse_batch,x,,,,,-1,,2949,-19,-246,51,77,,5894494951589,
2026-08-19 00:18:50.517,pulse_batch,x,,,,,-1,,2950,-20,-246,50,77,,5894535250644,
2026-08-19 00:18:50.558,pulse_batch,x,,,,,-1,,2951,-21,-246,49,77,,5894575536311,
2026-08-19 00:18:50.598,pulse_batch,x,,,,,-1,,2952,-22,-246,48,77,,5894615722627,
2026-08-19 00:18:50.638,pulse_batch,x,,,,,-1,,2953,-23,-246,47,77,,5894655961220,
2026-08-19 00:18:50.678,pulse_batch,x,,,,,-1,,2954,-24,-246,46,77,,5894696141147,
2026-08-19 00:18:50.720,pulse_batch,x,,,,,-1,,2955,-25,-246,45,77,,5894737926819,
2026-08-19 00:18:50.760,pulse_batch,x,,,,,-1,,2956,-26,-246,44,77,,5894778120190,
2026-08-19 00:18:50.801,pulse_batch,x,,,,,-1,,2957,-27,-246,43,77,,5894818334672,
2026-08-19 00:18:50.841,pulse_batch,x,,,,,-1,,2958,-28,-246,42,77,,5894858558580,
2026-08-19 00:18:50.881,pulse_batch,x,,,,,-1,,2959,-29,-246,41,77,,5894898742841,
2026-08-19 00:18:50.921,pulse_batch,x,,,,,-1,,2960,-30,-246,40,77,,5894938978545,
2026-08-19 00:18:50.961,pulse_batch,x,,,,,-1,,2961,-31,-246,39,77,,5894979158676,
2026-08-19 00:18:51.002,pulse_batch,x,,,,,-1,,2962,-32,-246,38,77,,5895019608508,
2026-08-19 00:18:51.042,pulse_batch,x,,,,,-1,,2963,-33,-246,37,77,,5895059824175,
2026-08-19 00:18:51.082,pulse_batch,x,,,,,-1,,2964,-34,-246,36,77,,5895100032213,
2026-08-19 00:18:51.123,pulse_batch,x,,,,,-1,,2965,-35,-246,35,77,,5895140294436,
2026-08-19 00:18:51.163,pulse_batch,x,,,,,-1,,2966,-36,-246,34,77,,5895180473956,
2026-08-19 00:18:51.203,pulse_batch,x,,,,,-1,,2967,-37,-246,33,77,,5895220935844,
2026-08-19 00:18:51.243,pulse_batch,x,,,,,-1,,2968,-38,-246,32,77,,5895261125882,
2026-08-19 00:18:51.284,pulse_batch,x,,,,,-1,,2969,-39,-246,31,77,,5895301336920,
2026-08-19 00:18:51.324,pulse_batch,x,,,,,-1,,2970,-40,-246,30,77,,5895341623161,
2026-08-19 00:18:51.364,pulse_batch,x,,,,,-1,,2971,-41,-246,29,77,,5895381904921,
2026-08-19 00:18:51.384,continuous_stop,x,,,,,,-1,2971,-41,-246,29,77,,5895402228216,
2026-08-19 00:18:54.908,continuous_start,x,,,,,,-1,2971,-41,-246,29,77,,5898925581993,
2026-08-19 00:18:54.913,pulse_batch,x,,,,,-1,,2972,-42,-246,28,77,,5898931142812,
2026-08-19 00:18:54.934,pulse_batch,x,,,,,-2,,2974,-44,-246,26,77,,5898951538199,
2026-08-19 00:18:54.954,pulse_batch,x,,,,,-2,,2976,-46,-246,24,77,,5898971816662,
2026-08-19 00:18:54.976,pulse_batch,x,,,,,-2,,2978,-48,-246,22,77,,5898993559296,
2026-08-19 00:18:54.996,pulse_batch,x,,,,,-2,,2980,-50,-246,20,77,,5899013914480,
2026-08-19 00:18:55.016,pulse_batch,x,,,,,-2,,2982,-52,-246,18,77,,5899034224923,
2026-08-19 00:18:55.038,pulse_batch,x,,,,,-2,,2984,-54,-246,16,77,,5899056040168,
2026-08-19 00:18:55.059,pulse_batch,x,,,,,-2,,2986,-56,-246,14,77,,5899076504110,
2026-08-19 00:18:55.079,pulse_batch,x,,,,,-2,,2988,-58,-246,12,77,,5899096834813,
2026-08-19 00:18:55.099,pulse_batch,x,,,,,-2,,2990,-60,-246,10,77,,5899117167016,
2026-08-19 00:18:55.120,pulse_batch,x,,,,,-2,,2992,-62,-246,8,77,,5899137730531,
2026-08-19 00:18:55.140,pulse_batch,x,,,,,-2,,2994,-64,-246,6,77,,5899158070901,
2026-08-19 00:18:55.161,pulse_batch,x,,,,,-2,,2996,-66,-246,4,77,,5899178370882,
2026-08-19 00:18:55.182,pulse_batch,x,,,,,-2,,2998,-68,-246,2,77,,5899199335690,
2026-08-19 00:18:55.202,pulse_batch,x,,,,,-2,,3000,-70,-246,0,77,,5899219881409,
2026-08-19 00:18:55.222,pulse_batch,x,,,,,-2,,3002,-72,-248,0,77,,5899240180038,
2026-08-19 00:18:55.244,pulse_batch,x,,,,,-2,,3004,-74,-250,0,77,,5899261622860,
2026-08-19 00:18:55.264,pulse_batch,x,,,,,-2,,3006,-76,-252,0,77,,5899281982192,
2026-08-19 00:18:55.285,pulse_batch,x,,,,,-2,,3008,-78,-254,0,77,,5899302300229,
2026-08-19 00:18:55.305,pulse_batch,x,,,,,-2,,3010,-80,-256,0,77,,5899322686764,
2026-08-19 00:18:55.325,pulse_batch,x,,,,,-2,,3012,-82,-258,0,77,,5899343211317,
2026-08-19 00:18:55.346,pulse_batch,x,,,,,-2,,3014,-84,-260,0,77,,5899363567705,
2026-08-19 00:18:55.366,pulse_batch,x,,,,,-2,,3016,-86,-262,0,77,,5899383918685,
2026-08-19 00:18:55.387,pulse_batch,x,,,,,-2,,3018,-88,-264,0,77,,5899404452960,
2026-08-19 00:18:55.407,pulse_batch,x,,,,,-2,,3020,-90,-266,0,77,,5899424739923,
2026-08-19 00:18:55.427,pulse_batch,x,,,,,-2,,3022,-92,-268,0,77,,5899445075403,
2026-08-19 00:18:55.449,pulse_batch,x,,,,,-2,,3024,-94,-270,0,77,,5899466884592,
2026-08-19 00:18:55.470,pulse_batch,x,,,,,-2,,3026,-96,-272,0,77,,5899487351849,
2026-08-19 00:18:55.490,pulse_batch,x,,,,,-2,,3028,-98,-274,0,77,,5899507656367,
2026-08-19 00:18:55.510,pulse_batch,x,,,,,-2,,3030,-100,-276,0,77,,5899528179920,
2026-08-19 00:18:55.531,pulse_batch,x,,,,,-2,,3032,-102,-278,0,77,,5899548576807,
2026-08-19 00:18:55.551,pulse_batch,x,,,,,-2,,3034,-104,-280,0,77,,5899568909584,
2026-08-19 00:18:55.572,pulse_batch,x,,,,,-2,,3036,-106,-282,0,77,,5899589329879,
2026-08-19 00:18:55.592,pulse_batch,x,,,,,-2,,3038,-108,-284,0,77,,5899609744285,
2026-08-19 00:18:55.612,pulse_batch,x,,,,,-2,,3040,-110,-286,0,77,,5899630052913,
2026-08-19 00:18:55.633,pulse_batch,x,,,,,-2,,3042,-112,-288,0,77,,5899650398783,
2026-08-19 00:18:55.654,pulse_batch,x,,,,,-2,,3044,-114,-290,0,77,,5899671336702,
2026-08-19 00:18:55.674,pulse_batch,x,,,,,-2,,3046,-116,-292,0,77,,5899691640646,
2026-08-19 00:18:55.694,pulse_batch,x,,,,,-2,,3048,-118,-294,0,77,,5899712035959,
2026-08-19 00:18:55.715,pulse_batch,x,,,,,-2,,3050,-120,-296,0,77,,5899733036045,
2026-08-19 00:18:55.736,pulse_batch,x,,,,,-2,,3052,-122,-298,0,77,,5899753478376,
2026-08-19 00:18:55.756,pulse_batch,x,,,,,-2,,3054,-124,-300,0,77,,5899773789653,
2026-08-19 00:18:55.777,pulse_batch,x,,,,,-2,,3056,-126,-302,0,77,,5899794361224,
2026-08-19 00:18:55.797,pulse_batch,x,,,,,-2,,3058,-128,-304,0,77,,5899814717778,
2026-08-19 00:18:55.817,pulse_batch,x,,,,,-2,,3060,-130,-306,0,77,,5899835027611,
2026-08-19 00:18:55.839,pulse_batch,x,,,,,-2,,3062,-132,-308,0,77,,5899856576006,
2026-08-19 00:18:55.859,pulse_batch,x,,,,,-2,,3064,-134,-310,0,77,,5899877083467,
2026-08-19 00:18:55.880,pulse_batch,x,,,,,-2,,3066,-136,-312,0,77,,5899897423892,
2026-08-19 00:18:55.900,pulse_batch,x,,,,,-2,,3068,-138,-314,0,77,,5899917758020,
2026-08-19 00:18:55.921,pulse_batch,x,,,,,-2,,3070,-140,-316,0,77,,5899938278851,
2026-08-19 00:18:55.941,pulse_batch,x,,,,,-2,,3072,-142,-318,0,77,,5899958610739,
2026-08-19 00:18:55.961,pulse_batch,x,,,,,-2,,3074,-144,-320,0,77,,5899978969738,
2026-08-19 00:18:55.982,pulse_batch,x,,,,,-2,,3076,-146,-322,0,77,,5899999646345,
2026-08-19 00:18:56.002,pulse_batch,x,,,,,-2,,3078,-148,-324,0,77,,5900020047121,
2026-08-19 00:18:56.023,pulse_batch,x,,,,,-2,,3080,-150,-326,0,77,,5900040338972,
2026-08-19 00:18:56.044,pulse_batch,x,,,,,-2,,3082,-152,-328,0,77,,5900061786387,
2026-08-19 00:18:56.064,pulse_batch,x,,,,,-2,,3084,-154,-330,0,77,,5900082180497,
2026-08-19 00:18:56.085,pulse_batch,x,,,,,-2,,3086,-156,-332,0,77,,5900102504682,
2026-08-19 00:18:56.105,pulse_batch,x,,,,,-2,,3088,-158,-334,0,77,,5900122931421,
2026-08-19 00:18:56.126,pulse_batch,x,,,,,-2,,3090,-160,-336,0,77,,5900143435992,
2026-08-19 00:18:56.146,pulse_batch,x,,,,,-2,,3092,-162,-338,0,77,,5900163780954,
2026-08-19 00:18:56.166,pulse_batch,x,,,,,-2,,3094,-164,-340,0,77,,5900184229360,
2026-08-19 00:18:56.188,pulse_batch,x,,,,,-2,,3096,-166,-342,0,77,,5900206179363,
2026-08-19 00:18:56.209,pulse_batch,x,,,,,-2,,3098,-168,-344,0,77,,5900226486881,
2026-08-19 00:18:56.229,pulse_batch,x,,,,,-2,,3100,-170,-346,0,77,,5900246803121,
2026-08-19 00:18:56.250,pulse_batch,x,,,,,-2,,3102,-172,-348,0,77,,5900267598431,
2026-08-19 00:18:56.270,pulse_batch,x,,,,,-2,,3104,-174,-350,0,77,,5900288133169,
2026-08-19 00:18:56.291,pulse_batch,x,,,,,-2,,3106,-176,-352,0,77,,5900308426965,
2026-08-19 00:18:56.311,pulse_batch,x,,,,,-2,,3108,-178,-354,0,77,,5900328896222,
2026-08-19 00:18:56.333,pulse_batch,x,,,,,-2,,3110,-180,-356,0,77,,5900350327341,
2026-08-19 00:18:56.353,pulse_batch,x,,,,,-2,,3112,-182,-358,0,77,,5900370647895,
2026-08-19 00:18:56.374,pulse_batch,x,,,,,-2,,3114,-184,-360,0,77,,5900391617648,
2026-08-19 00:18:56.394,pulse_batch,x,,,,,-2,,3116,-186,-362,0,77,,5900412041591,
2026-08-19 00:18:56.415,pulse_batch,x,,,,,-2,,3118,-188,-364,0,77,,5900432356887,
2026-08-19 00:18:56.435,pulse_batch,x,,,,,-2,,3120,-190,-366,0,77,,5900452704682,
2026-08-19 00:18:56.456,pulse_batch,x,,,,,-2,,3122,-192,-368,0,77,,5900473300068,
2026-08-19 00:18:56.476,pulse_batch,x,,,,,-2,,3124,-194,-370,0,77,,5900493589808,
2026-08-19 00:18:56.496,pulse_batch,x,,,,,-2,,3126,-196,-372,0,77,,5900513881807,
2026-08-19 00:18:56.517,pulse_batch,x,,,,,-2,,3128,-198,-374,0,77,,5900534713561,
2026-08-19 00:18:56.537,pulse_batch,x,,,,,-2,,3130,-200,-376,0,77,,5900555143060,
2026-08-19 00:18:56.558,pulse_batch,x,,,,,-2,,3132,-202,-378,0,77,,5900575448744,
2026-08-19 00:18:56.579,pulse_batch,x,,,,,-2,,3134,-204,-380,0,77,,5900596349109,
2026-08-19 00:18:56.599,pulse_batch,x,,,,,-2,,3136,-206,-382,0,77,,5900616724700,
2026-08-19 00:18:56.619,pulse_batch,x,,,,,-2,,3138,-208,-384,0,77,,5900637018218,
2026-08-19 00:18:56.640,pulse_batch,x,,,,,-2,,3140,-210,-386,0,77,,5900657429957,
2026-08-19 00:18:56.660,pulse_batch,x,,,,,-2,,3142,-212,-388,0,77,,5900678008528,
2026-08-19 00:18:56.681,pulse_batch,x,,,,,-2,,3144,-214,-390,0,77,,5900698326583,
2026-08-19 00:18:56.701,pulse_batch,x,,,,,-2,,3146,-216,-392,0,77,,5900718663490,
2026-08-19 00:18:56.721,pulse_batch,x,,,,,-2,,3148,-218,-394,0,77,,5900739182135,
2026-08-19 00:18:56.742,pulse_batch,x,,,,,-2,,3150,-220,-396,0,77,,5900759482968,
2026-08-19 00:18:56.762,pulse_batch,x,,,,,-2,,3152,-222,-398,0,77,,5900779827449,
2026-08-19 00:18:56.783,pulse_batch,x,,,,,-2,,3154,-224,-400,0,77,,5900800354483,
2026-08-19 00:18:56.803,pulse_batch,x,,,,,-2,,3156,-226,-402,0,77,,5900820785426,
2026-08-19 00:18:56.823,pulse_batch,x,,,,,-2,,3158,-228,-404,0,77,,5900841070629,
2026-08-19 00:18:56.844,pulse_batch,x,,,,,-2,,3160,-230,-406,0,77,,5900861796106,
2026-08-19 00:18:56.849,continuous_stop,x,,,,,,-1,3160,-230,-406,0,77,,5900866897467,
2026-08-19 00:18:57.709,continuous_start,x,,,,,,-1,3160,-230,-406,0,77,,5901726730885,
2026-08-19 00:18:57.714,pulse_batch,x,,,,,-1,,3161,-231,-407,0,77,,5901732094854,
2026-08-19 00:18:57.735,pulse_batch,x,,,,,-2,,3163,-233,-409,0,77,,5901752641981,
2026-08-19 00:18:57.755,pulse_batch,x,,,,,-2,,3165,-235,-411,0,77,,5901772933537,
2026-08-19 00:18:57.776,pulse_batch,x,,,,,-2,,3167,-237,-413,0,77,,5901793401072,
2026-08-19 00:18:57.796,pulse_batch,x,,,,,-2,,3169,-239,-415,0,77,,5901813832570,
2026-08-19 00:18:57.816,pulse_batch,x,,,,,-2,,3171,-241,-417,0,77,,5901834155922,
2026-08-19 00:18:57.837,pulse_batch,x,,,,,-2,,3173,-243,-419,0,77,,5901854578920,
2026-08-19 00:18:57.857,pulse_batch,x,,,,,-2,,3175,-245,-421,0,77,,5901875140658,
2026-08-19 00:18:57.878,pulse_batch,x,,,,,-2,,3177,-247,-423,0,77,,5901895429732,
2026-08-19 00:18:57.898,pulse_batch,x,,,,,-2,,3179,-249,-425,0,77,,5901915772990,
2026-08-19 00:18:57.919,pulse_batch,x,,,,,-2,,3181,-251,-427,0,77,,5901936339432,
2026-08-19 00:18:57.939,pulse_batch,x,,,,,-2,,3183,-253,-429,0,77,,5901956804745,
2026-08-19 00:18:57.959,pulse_batch,x,,,,,-2,,3185,-255,-431,0,77,,5901977093615,
2026-08-19 00:18:57.980,pulse_batch,x,,,,,-2,,3187,-257,-433,0,77,,5901997501058,
2026-08-19 00:18:58.000,pulse_batch,x,,,,,-2,,3189,-259,-435,0,77,,5902018018371,
2026-08-19 00:18:58.021,pulse_batch,x,,,,,-2,,3191,-261,-437,0,77,,5902038317796,
2026-08-19 00:18:58.041,pulse_batch,x,,,,,-2,,3193,-263,-439,0,77,,5902058975163,
2026-08-19 00:18:58.063,pulse_batch,x,,,,,-2,,3195,-265,-441,0,77,,5902080455615,
2026-08-19 00:18:58.083,pulse_batch,x,,,,,-2,,3197,-267,-443,0,77,,5902100783133,
2026-08-19 00:18:58.104,pulse_batch,x,,,,,-2,,3199,-269,-445,0,77,,5902121236095,
2026-08-19 00:18:58.125,pulse_batch,x,,,,,-2,,3201,-271,-447,0,77,,5902142305439,
2026-08-19 00:18:58.145,pulse_batch,x,,,,,-2,,3203,-273,-449,0,77,,5902162640328,
2026-08-19 00:18:58.165,pulse_batch,x,,,,,-2,,3205,-275,-451,0,77,,5902182981142,
2026-08-19 00:18:58.186,pulse_batch,x,,,,,-2,,3207,-277,-453,0,77,,5902203549250,
2026-08-19 00:18:58.206,pulse_batch,x,,,,,-2,,3209,-279,-455,0,77,,5902224036082,
2026-08-19 00:18:58.227,pulse_batch,x,,,,,-2,,3211,-281,-457,0,77,,5902244292267,
2026-08-19 00:18:58.247,pulse_batch,x,,,,,-2,,3213,-283,-459,0,77,,5902264898005,
2026-08-19 00:18:58.268,pulse_batch,x,,,,,-2,,3215,-285,-461,0,77,,5902285322781,
2026-08-19 00:18:58.288,pulse_batch,x,,,,,-2,,3217,-287,-463,0,77,,5902305628040,
2026-08-19 00:18:58.309,pulse_batch,x,,,,,-2,,3219,-289,-465,0,77,,5902326304296,
2026-08-19 00:18:58.329,pulse_batch,x,,,,,-2,,3221,-291,-467,0,77,,5902346752961,
2026-08-19 00:18:58.349,pulse_batch,x,,,,,-2,,3223,-293,-469,0,77,,5902367073257,
2026-08-19 00:18:58.370,pulse_batch,x,,,,,-2,,3225,-295,-471,0,77,,5902387451941,
2026-08-19 00:18:58.393,pulse_batch,x,,,,,-2,,3227,-297,-473,0,77,,5902410556360,
2026-08-19 00:18:58.413,pulse_batch,x,,,,,-2,,3229,-299,-475,0,77,,5902430857693,
2026-08-19 00:18:58.434,pulse_batch,x,,,,,-2,,3231,-301,-477,0,77,,5902451202063,
2026-08-19 00:18:58.454,pulse_batch,x,,,,,-2,,3233,-303,-479,0,77,,5902472097650,
2026-08-19 00:18:58.475,pulse_batch,x,,,,,-2,,3235,-305,-481,0,77,,5902492462390,
2026-08-19 00:18:58.495,pulse_batch,x,,,,,-2,,3237,-307,-483,0,77,,5902512775019,
2026-08-19 00:18:58.516,pulse_batch,x,,,,,-2,,3239,-309,-485,0,77,,5902533318109,
2026-08-19 00:18:58.537,pulse_batch,x,,,,,-2,,3241,-311,-487,0,77,,5902554324899,
2026-08-19 00:18:58.557,pulse_batch,x,,,,,-2,,3243,-313,-489,0,77,,5902574646898,
2026-08-19 00:18:58.578,pulse_batch,x,,,,,-2,,3245,-315,-491,0,77,,5902595472227,
2026-08-19 00:18:58.598,pulse_batch,x,,,,,-2,,3247,-317,-493,0,77,,5902616111223,
2026-08-19 00:18:58.619,pulse_batch,x,,,,,-2,,3249,-319,-495,0,77,,5902636449186,
2026-08-19 00:18:58.639,pulse_batch,x,,,,,-2,,3251,-321,-497,0,77,,5902656834759,
2026-08-19 00:18:58.661,pulse_batch,x,,,,,-2,,3253,-323,-499,0,77,,5902678529449,
2026-08-19 00:18:58.681,pulse_batch,x,,,,,-2,,3255,-325,-501,0,77,,5902698956318,
2026-08-19 00:18:58.702,pulse_batch,x,,,,,-2,,3257,-327,-503,0,77,,5902719897683,
2026-08-19 00:18:58.723,pulse_batch,x,,,,,-2,,3259,-329,-505,0,77,,5902740537513,
2026-08-19 00:18:58.743,pulse_batch,x,,,,,-2,,3261,-331,-507,0,77,,5902761033307,
2026-08-19 00:18:58.764,pulse_batch,x,,,,,-2,,3263,-333,-509,0,77,,5902781353251,
2026-08-19 00:18:58.784,pulse_batch,x,,,,,-2,,3265,-335,-511,0,77,,5902801826379,
2026-08-19 00:18:58.805,pulse_batch,x,,,,,-2,,3267,-337,-513,0,77,,5902822306285,
2026-08-19 00:18:58.825,pulse_batch,x,,,,,-2,,3269,-339,-515,0,77,,5902842627747,
2026-08-19 00:18:58.845,pulse_batch,x,,,,,-2,,3271,-341,-517,0,77,,5902863151949,
2026-08-19 00:18:58.866,pulse_batch,x,,,,,-2,,3273,-343,-519,0,77,,5902883641410,
2026-08-19 00:18:58.886,pulse_batch,x,,,,,-2,,3275,-345,-521,0,77,,5902903986705,
2026-08-19 00:18:58.907,pulse_batch,x,,,,,-2,,3277,-347,-523,0,77,,5902924528962,
2026-08-19 00:18:58.930,pulse_batch,x,,,,,-2,,3279,-349,-525,0,77,,5902948074192,
2026-08-19 00:18:58.951,pulse_batch,x,,,,,-2,,3281,-351,-527,0,77,,5902968424320,
2026-08-19 00:18:58.971,pulse_batch,x,,,,,-2,,3283,-353,-529,0,77,,5902988773616,
2026-08-19 00:18:58.992,pulse_batch,x,,,,,-2,,3285,-355,-531,0,77,,5903009857220,
2026-08-19 00:18:59.013,pulse_batch,x,,,,,-2,,3287,-357,-533,0,77,,5903030249052,
2026-08-19 00:18:59.033,pulse_batch,x,,,,,-2,,3289,-359,-535,0,77,,5903050561996,
2026-08-19 00:18:59.053,pulse_batch,x,,,,,-2,,3291,-361,-537,0,77,,5903071152401,
2026-08-19 00:18:59.074,pulse_batch,x,,,,,-2,,3293,-363,-539,0,77,,5903091671621,
2026-08-19 00:18:59.094,pulse_batch,x,,,,,-2,,3295,-365,-541,0,77,,5903112022417,
2026-08-19 00:18:59.115,pulse_batch,x,,,,,-2,,3297,-367,-543,0,77,,5903132840690,
2026-08-19 00:18:59.135,pulse_batch,x,,,,,-2,,3299,-369,-545,0,77,,5903153181745,
2026-08-19 00:18:59.156,pulse_batch,x,,,,,-2,,3301,-371,-547,0,77,,5903173534726,
2026-08-19 00:18:59.177,pulse_batch,x,,,,,-2,,3303,-373,-549,0,77,,5903194637422,
2026-08-19 00:18:59.197,pulse_batch,x,,,,,-2,,3305,-375,-551,0,77,,5903215067347,
2026-08-19 00:18:59.218,pulse_batch,x,,,,,-2,,3307,-377,-553,0,77,,5903235635122,
2026-08-19 00:18:59.238,pulse_batch,x,,,,,-2,,3309,-379,-555,0,77,,5903255984529,
2026-08-19 00:18:59.259,pulse_batch,x,,,,,-2,,3311,-381,-557,0,77,,5903276497972,
2026-08-19 00:18:59.279,pulse_batch,x,,,,,-2,,3313,-383,-559,0,77,,5903296879175,
2026-08-19 00:18:59.299,pulse_batch,x,,,,,-2,,3315,-385,-561,0,77,,5903317219730,
2026-08-19 00:18:59.322,pulse_batch,x,,,,,-2,,3317,-387,-563,0,77,,5903339378879,
2026-08-19 00:18:59.342,pulse_batch,x,,,,,-2,,3319,-389,-565,0,77,,5903359965432,
2026-08-19 00:18:59.363,pulse_batch,x,,,,,-2,,3321,-391,-567,0,77,,5903380386524,
2026-08-19 00:18:59.383,pulse_batch,x,,,,,-2,,3323,-393,-569,0,77,,5903401102946,
2026-08-19 00:18:59.404,pulse_batch,x,,,,,-2,,3325,-395,-571,0,77,,5903421553907,
2026-08-19 00:18:59.424,pulse_batch,x,,,,,-2,,3327,-397,-573,0,77,,5903441940203,
2026-08-19 00:18:59.445,pulse_batch,x,,,,,-2,,3329,-399,-575,0,77,,5903462463534,
2026-08-19 00:18:59.465,pulse_batch,x,,,,,-2,,3331,-401,-577,0,77,,5903482960569,
2026-08-19 00:18:59.486,pulse_batch,x,,,,,-2,,3333,-403,-579,0,77,,5903503367253,
2026-08-19 00:18:59.506,pulse_batch,x,,,,,-2,,3335,-405,-581,0,77,,5903523775697,
2026-08-19 00:18:59.527,pulse_batch,x,,,,,-2,,3337,-407,-583,0,77,,5903545080391,
2026-08-19 00:18:59.548,pulse_batch,x,,,,,-2,,3339,-409,-585,0,77,,5903565437650,
2026-08-19 00:18:59.568,pulse_batch,x,,,,,-2,,3341,-411,-587,0,77,,5903585769538,
2026-08-19 00:18:59.589,pulse_batch,x,,,,,-2,,3343,-413,-589,0,77,,5903606302851,
2026-08-19 00:18:59.609,pulse_batch,x,,,,,-2,,3345,-415,-591,0,77,,5903626752461,
2026-08-19 00:18:59.629,pulse_batch,x,,,,,-2,,3347,-417,-593,0,77,,5903647087034,
2026-08-19 00:18:59.650,pulse_batch,x,,,,,-2,,3349,-419,-595,0,77,,5903667616458,
2026-08-19 00:18:59.670,pulse_batch,x,,,,,-2,,3351,-421,-597,0,77,,5903688068975,
2026-08-19 00:18:59.691,pulse_batch,x,,,,,-2,,3353,-423,-599,0,77,,5903708418808,
2026-08-19 00:18:59.712,pulse_batch,x,,,,,-2,,3355,-425,-601,0,77,,5903729287099,
2026-08-19 00:18:59.732,pulse_batch,x,,,,,-2,,3357,-427,-603,0,77,,5903750012928,
2026-08-19 00:18:59.753,pulse_batch,x,,,,,-2,,3359,-429,-605,0,77,,5903770464668,
2026-08-19 00:18:59.773,pulse_batch,x,,,,,-2,,3361,-431,-607,0,77,,5903790995369,
2026-08-19 00:18:59.794,pulse_batch,x,,,,,-2,,3363,-433,-609,0,77,,5903811480701,
2026-08-19 00:18:59.814,pulse_batch,x,,,,,-2,,3365,-435,-611,0,77,,5903831835293,
2026-08-19 00:18:59.835,pulse_batch,x,,,,,-2,,3367,-437,-613,0,77,,5903852272884,
2026-08-19 00:18:59.855,pulse_batch,x,,,,,-2,,3369,-439,-615,0,77,,5903872916696,
2026-08-19 00:18:59.876,pulse_batch,x,,,,,-2,,3371,-441,-617,0,77,,5903893452990,
2026-08-19 00:18:59.896,pulse_batch,x,,,,,-2,,3373,-443,-619,0,77,,5903913781841,
2026-08-19 00:18:59.917,pulse_batch,x,,,,,-2,,3375,-445,-621,0,77,,5903934708391,
2026-08-19 00:18:59.937,pulse_batch,x,,,,,-2,,3377,-447,-623,0,77,,5903955172686,
2026-08-19 00:18:59.958,pulse_batch,x,,,,,-2,,3379,-449,-625,0,77,,5903975529296,
2026-08-19 00:18:59.978,pulse_batch,x,,,,,-2,,3381,-451,-627,0,77,,5903995959536,
2026-08-19 00:18:59.999,pulse_batch,x,,,,,-2,,3383,-453,-629,0,77,,5904016585125,
2026-08-19 00:19:00.019,pulse_batch,x,,,,,-2,,3385,-455,-631,0,77,,5904036930236,
2026-08-19 00:19:00.040,pulse_batch,x,,,,,-2,,3387,-457,-633,0,77,,5904057527733,
2026-08-19 00:19:00.060,pulse_batch,x,,,,,-2,,3389,-459,-635,0,77,,5904078041232,
2026-08-19 00:19:00.081,pulse_batch,x,,,,,-2,,3391,-461,-637,0,77,,5904098412842,
2026-08-19 00:19:00.101,pulse_batch,x,,,,,-2,,3393,-463,-639,0,77,,5904118738842,
2026-08-19 00:19:00.122,pulse_batch,x,,,,,-2,,3395,-465,-641,0,77,,5904140083203,
2026-08-19 00:19:00.143,pulse_batch,x,,,,,-2,,3397,-467,-643,0,77,,5904160609849,
2026-08-19 00:19:00.163,pulse_batch,x,,,,,-2,,3399,-469,-645,0,77,,5904180943516,
2026-08-19 00:19:00.184,pulse_batch,x,,,,,-2,,3401,-471,-647,0,77,,5904201557976,
2026-08-19 00:19:00.204,pulse_batch,x,,,,,-2,,3403,-473,-649,0,77,,5904222001123,
2026-08-19 00:19:00.225,pulse_batch,x,,,,,-2,,3405,-475,-651,0,77,,5904242383122,
2026-08-19 00:19:00.245,pulse_batch,x,,,,,-2,,3407,-477,-653,0,77,,5904263212969,
2026-08-19 00:19:00.266,pulse_batch,x,,,,,-2,,3409,-479,-655,0,77,,5904283827800,
2026-08-19 00:19:00.286,pulse_batch,x,,,,,-2,,3411,-481,-657,0,77,,5904304185021,
2026-08-19 00:19:00.308,pulse_batch,x,,,,,-2,,3413,-483,-659,0,77,,5904325416587,
2026-08-19 00:19:00.328,pulse_batch,x,,,,,-2,,3415,-485,-661,0,77,,5904345971381,
2026-08-19 00:19:00.349,pulse_batch,x,,,,,-2,,3417,-487,-663,0,77,,5904366306270,
2026-08-19 00:19:00.370,pulse_batch,x,,,,,-2,,3419,-489,-665,0,77,,5904388100553,
2026-08-19 00:19:00.391,pulse_batch,x,,,,,-2,,3421,-491,-667,0,77,,5904408566403,
2026-08-19 00:19:00.411,pulse_batch,x,,,,,-2,,3423,-493,-669,0,77,,5904429032827,
2026-08-19 00:19:00.432,pulse_batch,x,,,,,-2,,3425,-495,-671,0,77,,5904449369809,
2026-08-19 00:19:00.452,pulse_batch,x,,,,,-2,,3427,-497,-673,0,77,,5904469837363,
2026-08-19 00:19:00.473,pulse_batch,x,,,,,-2,,3429,-499,-675,0,77,,5904490254806,
2026-08-19 00:19:00.493,pulse_batch,x,,,,,-2,,3431,-501,-677,0,77,,5904510564343,
2026-08-19 00:19:00.514,pulse_batch,x,,,,,-2,,3433,-503,-679,0,77,,5904531254173,
2026-08-19 00:19:00.534,pulse_batch,x,,,,,-2,,3435,-505,-681,0,77,,5904551752949,
2026-08-19 00:19:00.554,pulse_batch,x,,,,,-2,,3437,-507,-683,0,77,,5904572097875,
2026-08-19 00:19:00.575,pulse_batch,x,,,,,-2,,3439,-509,-685,0,77,,5904592515003,
2026-08-19 00:19:00.596,pulse_batch,x,,,,,-2,,3441,-511,-687,0,77,,5904613804569,
2026-08-19 00:19:00.616,pulse_batch,x,,,,,-2,,3443,-513,-689,0,77,,5904634152550,
2026-08-19 00:19:00.637,pulse_batch,x,,,,,-2,,3445,-515,-691,0,77,,5904654498253,
2026-08-19 00:19:00.658,pulse_batch,x,,,,,-2,,3447,-517,-693,0,77,,5904675531691,
2026-08-19 00:19:00.680,pulse_batch,x,,,,,-2,,3449,-519,-695,0,77,,5904697844469,
2026-08-19 00:19:00.701,pulse_batch,x,,,,,-2,,3451,-521,-697,0,77,,5904718668261,
2026-08-19 00:19:00.723,pulse_batch,x,,,,,-2,,3453,-523,-699,0,77,,5904740713985,
2026-08-19 00:19:00.744,pulse_batch,x,,,,,-2,,3455,-525,-701,0,77,,5904761342131,
2026-08-19 00:19:00.764,pulse_batch,x,,,,,-2,,3457,-527,-703,0,77,,5904781748796,
2026-08-19 00:19:00.784,pulse_batch,x,,,,,-2,,3459,-529,-705,0,77,,5904802222351,
2026-08-19 00:19:00.805,pulse_batch,x,,,,,-2,,3461,-531,-707,0,77,,5904822607905,
2026-08-19 00:19:00.825,pulse_batch,x,,,,,-2,,3463,-533,-709,0,77,,5904842939516,
2026-08-19 00:19:00.846,pulse_batch,x,,,,,-2,,3465,-535,-711,0,77,,5904863728660,
2026-08-19 00:19:00.867,pulse_batch,x,,,,,-2,,3467,-537,-713,0,77,,5904884271917,
2026-08-19 00:19:00.887,pulse_batch,x,,,,,-2,,3469,-539,-715,0,77,,5904904670268,
2026-08-19 00:19:00.907,pulse_batch,x,,,,,-2,,3471,-541,-717,0,77,,5904925145656,
2026-08-19 00:19:00.929,pulse_batch,x,,,,,-2,,3473,-543,-719,0,77,,5904946174742,
2026-08-19 00:19:00.949,pulse_batch,x,,,,,-2,,3475,-545,-721,0,77,,5904966566759,
2026-08-19 00:19:00.969,pulse_batch,x,,,,,-2,,3477,-547,-723,0,77,,5904986980758,
2026-08-19 00:19:00.990,pulse_batch,x,,,,,-2,,3479,-549,-725,0,77,,5905007463442,
2026-08-19 00:19:01.011,pulse_batch,x,,,,,-2,,3481,-551,-727,0,77,,5905028342585,
2026-08-19 00:19:01.031,pulse_batch,x,,,,,-2,,3483,-553,-729,0,77,,5905048717436,
2026-08-19 00:19:01.052,pulse_batch,x,,,,,-2,,3485,-555,-731,0,77,,5905069484340,
2026-08-19 00:19:01.073,pulse_batch,x,,,,,-2,,3487,-557,-733,0,77,,5905090443445,
2026-08-19 00:19:01.093,pulse_batch,x,,,,,-2,,3489,-559,-735,0,77,,5905110783056,
2026-08-19 00:19:01.119,pulse_batch,x,,,,,-2,,3491,-561,-737,0,77,,5905136261083,
2026-08-19 00:19:01.139,pulse_batch,x,,,,,-2,,3493,-563,-739,0,77,,5905156666749,
2026-08-19 00:19:01.159,pulse_batch,x,,,,,-2,,3495,-565,-741,0,77,,5905177061341,
2026-08-19 00:19:01.181,pulse_batch,x,,,,,-2,,3497,-567,-743,0,77,,5905198443313,
2026-08-19 00:19:01.201,pulse_batch,x,,,,,-2,,3499,-569,-745,0,77,,5905219010940,
2026-08-19 00:19:01.222,pulse_batch,x,,,,,-2,,3501,-571,-747,0,77,,5905239331200,
2026-08-19 00:19:01.246,pulse_batch,x,,,,,-2,,3503,-573,-749,0,77,,5905261401721,
2026-08-19 00:19:01.264,pulse_batch,x,,,,,-2,,3505,-575,-751,0,77,,5905281909127,
2026-08-19 00:19:01.285,pulse_batch,x,,,,,-2,,3507,-577,-753,0,77,,5905302258589,
2026-08-19 00:19:01.305,pulse_batch,x,,,,,-2,,3509,-579,-755,0,77,,5905322609830,
2026-08-19 00:19:01.325,pulse_batch,x,,,,,-1,,3510,-580,-756,0,77,,5905342672999,
2026-08-19 00:19:01.325,continuous_stop,x,,,,,,-1,3510,-580,-756,0,77,,5905343263697,
2026-08-19 00:19:01.781,continuous_start,x,,,,,,-1,3510,-580,-756,0,77,,5905798570456,
2026-08-19 00:19:01.786,pulse_batch,x,,,,,-1,,3511,-581,-757,0,77,,5905803901111,
2026-08-19 00:19:01.807,pulse_batch,x,,,,,-2,,3513,-583,-759,0,77,,5905824307129,
2026-08-19 00:19:01.827,pulse_batch,x,,,,,-2,,3515,-585,-761,0,77,,5905844602389,
2026-08-19 00:19:01.849,pulse_batch,x,,,,,-2,,3517,-587,-763,0,77,,5905866809853,
2026-08-19 00:19:01.870,pulse_batch,x,,,,,-2,,3519,-589,-765,0,77,,5905888170770,
2026-08-19 00:19:01.891,pulse_batch,x,,,,,-2,,3521,-591,-767,0,77,,5905908462825,
2026-08-19 00:19:01.912,pulse_batch,x,,,,,-2,,3523,-593,-769,0,77,,5905929371839,
2026-08-19 00:19:01.917,continuous_stop,x,,,,,,-1,3523,-593,-769,0,77,,5905934502736,
2026-08-19 00:19:02.315,continuous_start,x,,,,,,-1,3523,-593,-769,0,77,,5906332416039,
2026-08-19 00:19:02.320,pulse_batch,x,,,,,-1,,3524,-594,-770,0,77,,5906337864267,
2026-08-19 00:19:02.340,pulse_batch,x,,,,,-2,,3526,-596,-772,0,77,,5906358243619,
2026-08-19 00:19:02.361,pulse_batch,x,,,,,-2,,3528,-598,-774,0,77,,5906378583970,
2026-08-19 00:19:02.383,pulse_batch,x,,,,,-2,,3530,-600,-776,0,77,,5906400818361,
2026-08-19 00:19:02.404,pulse_batch,x,,,,,-2,,3532,-602,-778,0,77,,5906421416599,
2026-08-19 00:19:02.424,pulse_batch,x,,,,,-2,,3534,-604,-780,0,77,,5906441747099,
2026-08-19 00:19:02.444,pulse_batch,x,,,,,-2,,3536,-606,-782,0,77,,5906462144284,
2026-08-19 00:19:02.450,continuous_stop,x,,,,,,-1,3536,-606,-782,0,77,,5906467329125,
2026-08-19 00:19:02.914,continuous_start,x,,,,,,-1,3536,-606,-782,0,77,,5906931806082,
2026-08-19 00:19:02.919,pulse_batch,x,,,,,-1,,3537,-607,-783,0,77,,5906937179404,
2026-08-19 00:19:02.941,pulse_batch,x,,,,,-2,,3539,-609,-785,0,77,,5906959126815,
2026-08-19 00:19:02.962,pulse_batch,x,,,,,-2,,3541,-611,-787,0,77,,5906979450871,
2026-08-19 00:19:02.980,pulse_batch,x,,,,,-1,,3542,-612,-788,0,77,,5906997736241,
2026-08-19 00:19:02.980,continuous_stop,x,,,,,,-1,3542,-612,-788,0,77,,5906998119219,
2026-08-19 00:19:03.448,continuous_start,x,,,,,,-1,3542,-612,-788,0,77,,5907465625170,
2026-08-19 00:19:03.453,pulse_batch,x,,,,,-1,,3543,-613,-789,0,77,,5907471011806,
2026-08-19 00:19:03.474,pulse_batch,x,,,,,-2,,3545,-615,-791,0,77,,5907491521101,
2026-08-19 00:19:03.494,pulse_batch,x,,,,,-2,,3547,-617,-793,0,77,,5907511851138,
2026-08-19 00:19:03.515,pulse_batch,x,,,,,-2,,3549,-619,-795,0,77,,5907532414396,
2026-08-19 00:19:03.538,pulse_batch,x,,,,,-2,,3551,-621,-797,0,77,,5907556087625,
2026-08-19 00:19:03.559,pulse_batch,x,,,,,-2,,3553,-623,-799,0,77,,5907576389755,
2026-08-19 00:19:03.579,pulse_batch,x,,,,,-2,,3555,-625,-801,0,77,,5907596779495,
2026-08-19 00:19:03.584,continuous_stop,x,,,,,,-1,3555,-625,-801,0,77,,5907601942652,
2026-08-19 00:19:16.455,point_saved,x,1,stored,,,,-1,,-625,-801,0,77,-801,,
2026-08-19 00:19:16.455,point_saved,y,1,stored,,,,1,,12,112,4,4,112,,
2026-08-19 00:19:38.681,target_start,x,0,stored,,,,,,-625,-801,0,77,-246,,
2026-08-19 00:19:38.681,target_start,y,0,stored,,,,,,12,112,4,4,112,,
2026-08-19 00:19:38.681,approach_source_start,x,0,stored,,,,1,,-625,-801,0,77,-333,,
2026-08-19 00:19:38.681,approach_source_start,y,0,stored,,,,1,,12,112,4,4,98,,
2026-08-19 00:19:38.684,move_start,x,,,1,545,,1,3555,-625,-801,0,77,,5942701500310,
2026-08-19 00:19:38.684,move_start,y,,,1,-18,,-1,220,12,112,4,4,,5942701747937,
2026-08-19 00:19:38.689,pulse_batch,x,,,,,1,,3556,-624,-801,1,77,,5942707004928,
2026-08-19 00:19:38.690,pulse_batch,y,,,,,-1,,221,11,112,3,4,,5942708132214,
2026-08-19 00:19:38.710,pulse_batch,x,,,,,2,,3558,-622,-801,3,77,,5942727768003,
2026-08-19 00:19:38.711,pulse_batch,y,,,,,-2,,223,9,112,1,4,,5942728655032,
2026-08-19 00:19:38.730,pulse_batch,x,,,,,2,,3560,-620,-801,5,77,,5942748077286,
2026-08-19 00:19:38.731,pulse_batch,y,,,,,-2,,225,7,111,0,4,,5942748959778,
2026-08-19 00:19:38.754,pulse_batch,y,,,,,-2,,227,5,109,0,4,,5942771235285,
2026-08-19 00:19:38.754,pulse_batch,x,,,,,2,,3562,-618,-801,7,77,,5942771642189,
2026-08-19 00:19:38.774,pulse_batch,y,,,,,-2,,229,3,107,0,4,,5942791825047,
2026-08-19 00:19:38.774,pulse_batch,x,,,,,2,,3564,-616,-801,9,77,,5942792141081,
2026-08-19 00:19:38.794,pulse_batch,y,,,,,-2,,231,1,105,0,4,,5942812214644,
2026-08-19 00:19:38.795,pulse_batch,x,,,,,2,,3566,-614,-801,11,77,,5942812530012,
2026-08-19 00:19:38.815,pulse_batch,y,,,,,-2,,233,-1,103,0,4,,5942832920479,
2026-08-19 00:19:38.816,pulse_batch,x,,,,,2,,3568,-612,-801,13,77,,5942833134033,
2026-08-19 00:19:38.836,pulse_batch,y,,,,,-2,,235,-3,101,0,4,,5942853494816,
2026-08-19 00:19:38.836,pulse_batch,x,,,,,2,,3570,-610,-801,15,77,,5942853637907,
2026-08-19 00:19:38.856,pulse_batch,y,,,,,-2,,237,-5,99,0,4,,5942873823654,
2026-08-19 00:19:38.856,pulse_batch,x,,,,,2,,3572,-608,-801,17,77,,5942874142226,
2026-08-19 00:19:38.872,pulse_batch,y,,,,,-1,,238,-6,98,0,4,,5942889125093,
2026-08-19 00:19:38.872,move_finish,y,,,1,,,,238,-6,98,0,4,,5942889914549,
2026-08-19 00:19:38.877,pulse_batch,x,,,,,2,,3574,-606,-801,19,77,,5942894943967,
2026-08-19 00:19:38.898,pulse_batch,x,,,,,2,,3576,-604,-801,21,77,,5942915524507,
2026-08-19 00:19:38.918,pulse_batch,x,,,,,2,,3578,-602,-801,23,77,,5942936193565,
2026-08-19 00:19:38.939,pulse_batch,x,,,,,2,,3580,-600,-801,25,77,,5942956604532,
2026-08-19 00:19:38.960,pulse_batch,x,,,,,2,,3582,-598,-801,27,77,,5942977935843,
2026-08-19 00:19:38.981,pulse_batch,x,,,,,2,,3584,-596,-801,29,77,,5942998533994,
2026-08-19 00:19:39.002,pulse_batch,x,,,,,2,,3586,-594,-801,31,77,,5943019312607,
2026-08-19 00:19:39.022,pulse_batch,x,,,,,2,,3588,-592,-801,33,77,,5943039875906,
2026-08-19 00:19:39.043,pulse_batch,x,,,,,2,,3590,-590,-801,35,77,,5943060365632,
2026-08-19 00:19:39.063,pulse_batch,x,,,,,2,,3592,-588,-801,37,77,,5943080719156,
2026-08-19 00:19:39.084,pulse_batch,x,,,,,2,,3594,-586,-801,39,77,,5943101415954,
2026-08-19 00:19:39.104,pulse_batch,x,,,,,2,,3596,-584,-801,41,77,,5943121931773,
2026-08-19 00:19:39.124,pulse_batch,x,,,,,2,,3598,-582,-801,43,77,,5943142236112,
2026-08-19 00:19:39.147,pulse_batch,x,,,,,2,,3600,-580,-801,45,77,,5943165222760,
2026-08-19 00:19:39.170,pulse_batch,x,,,,,2,,3602,-578,-801,47,77,,5943187716728,
2026-08-19 00:19:39.190,pulse_batch,x,,,,,2,,3604,-576,-801,49,77,,5943207947382,
2026-08-19 00:19:39.211,pulse_batch,x,,,,,2,,3606,-574,-801,51,77,,5943228321720,
2026-08-19 00:19:39.231,pulse_batch,x,,,,,2,,3608,-572,-801,53,77,,5943248905760,
2026-08-19 00:19:39.252,pulse_batch,x,,,,,2,,3610,-570,-801,55,77,,5943269378487,
2026-08-19 00:19:39.272,pulse_batch,x,,,,,2,,3612,-568,-801,57,77,,5943289808769,
2026-08-19 00:19:39.293,pulse_batch,x,,,,,2,,3614,-566,-801,59,77,,5943310231699,
2026-08-19 00:19:39.313,pulse_batch,x,,,,,2,,3616,-564,-801,61,77,,5943330577075,
2026-08-19 00:19:39.333,pulse_batch,x,,,,,2,,3618,-562,-801,63,77,,5943350860506,
2026-08-19 00:19:39.354,pulse_batch,x,,,,,2,,3620,-560,-801,65,77,,5943371279363,
2026-08-19 00:19:39.374,pulse_batch,x,,,,,2,,3622,-558,-801,67,77,,5943391664738,
2026-08-19 00:19:39.394,pulse_batch,x,,,,,2,,3624,-556,-801,69,77,,5943411954188,
2026-08-19 00:19:39.415,pulse_batch,x,,,,,2,,3626,-554,-801,71,77,,5943432382600,
2026-08-19 00:19:39.435,pulse_batch,x,,,,,2,,3628,-552,-801,73,77,,5943452931029,
2026-08-19 00:19:39.455,pulse_batch,x,,,,,2,,3630,-550,-801,75,77,,5943473233201,
2026-08-19 00:19:39.476,pulse_batch,x,,,,,2,,3632,-548,-801,77,77,,5943493565318,
2026-08-19 00:19:39.497,pulse_batch,x,,,,,2,,3634,-546,-799,77,77,,5943514312616,
2026-08-19 00:19:39.517,pulse_batch,x,,,,,2,,3636,-544,-797,77,77,,5943534736713,
2026-08-19 00:19:39.537,pulse_batch,x,,,,,2,,3638,-542,-795,77,77,,5943555036607,
2026-08-19 00:19:39.558,pulse_batch,x,,,,,2,,3640,-540,-793,77,77,,5943575931219,
2026-08-19 00:19:39.579,pulse_batch,x,,,,,2,,3642,-538,-791,77,77,,5943596474092,
2026-08-19 00:19:39.599,pulse_batch,x,,,,,2,,3644,-536,-789,77,77,,5943616758505,
2026-08-19 00:19:39.620,pulse_batch,x,,,,,2,,3646,-534,-787,77,77,,5943637341768,
2026-08-19 00:19:39.640,pulse_batch,x,,,,,2,,3648,-532,-785,77,77,,5943657719939,
2026-08-19 00:19:39.660,pulse_batch,x,,,,,2,,3650,-530,-783,77,77,,5943678022741,
2026-08-19 00:19:39.681,pulse_batch,x,,,,,2,,3652,-528,-781,77,77,,5943698605152,
2026-08-19 00:19:39.702,pulse_batch,x,,,,,2,,3654,-526,-779,77,77,,5943719564818,
2026-08-19 00:19:39.722,pulse_batch,x,,,,,2,,3656,-524,-777,77,77,,5943739975989,
2026-08-19 00:19:39.743,pulse_batch,x,,,,,2,,3658,-522,-775,77,77,,5943760359827,
2026-08-19 00:19:39.763,pulse_batch,x,,,,,2,,3660,-520,-773,77,77,,5943780962219,
2026-08-19 00:19:39.784,pulse_batch,x,,,,,2,,3662,-518,-771,77,77,,5943801563148,
2026-08-19 00:19:39.804,pulse_batch,x,,,,,2,,3664,-516,-769,77,77,,5943821909264,
2026-08-19 00:19:39.825,pulse_batch,x,,,,,2,,3666,-514,-767,77,77,,5943842568804,
2026-08-19 00:19:39.845,pulse_batch,x,,,,,2,,3668,-512,-765,77,77,,5943863023326,
2026-08-19 00:19:39.866,pulse_batch,x,,,,,2,,3670,-510,-763,77,77,,5943883349276,
2026-08-19 00:19:39.886,pulse_batch,x,,,,,2,,3672,-508,-761,77,77,,5943903831688,
2026-08-19 00:19:39.907,pulse_batch,x,,,,,2,,3674,-506,-759,77,77,,5943925247609,
2026-08-19 00:19:39.928,pulse_batch,x,,,,,2,,3676,-504,-757,77,77,,5943945547467,
2026-08-19 00:19:39.948,pulse_batch,x,,,,,2,,3678,-502,-755,77,77,,5943965898046,
2026-08-19 00:19:39.969,pulse_batch,x,,,,,2,,3680,-500,-753,77,77,,5943986352291,
2026-08-19 00:19:39.989,pulse_batch,x,,,,,2,,3682,-498,-751,77,77,,5944006774332,
2026-08-19 00:19:40.009,pulse_batch,x,,,,,2,,3684,-496,-749,77,77,,5944027122541,
2026-08-19 00:19:40.030,pulse_batch,x,,,,,2,,3686,-494,-747,77,77,,5944047648934,
2026-08-19 00:19:40.050,pulse_batch,x,,,,,2,,3688,-492,-745,77,77,,5944068170067,
2026-08-19 00:19:40.071,pulse_batch,x,,,,,2,,3690,-490,-743,77,77,,5944088476128,
2026-08-19 00:19:40.092,pulse_batch,x,,,,,2,,3692,-488,-741,77,77,,5944109307833,
2026-08-19 00:19:40.114,pulse_batch,x,,,,,2,,3694,-486,-739,77,77,,5944132085113,
2026-08-19 00:19:40.135,pulse_batch,x,,,,,2,,3696,-484,-737,77,77,,5944152369156,
2026-08-19 00:19:40.158,pulse_batch,x,,,,,2,,3698,-482,-735,77,77,,5944175769671,
2026-08-19 00:19:40.178,pulse_batch,x,,,,,2,,3700,-480,-733,77,77,,5944196215676,
2026-08-19 00:19:40.199,pulse_batch,x,,,,,2,,3702,-478,-731,77,77,,5944216561218,
2026-08-19 00:19:40.220,pulse_batch,x,,,,,2,,3704,-476,-729,77,77,,5944237327923,
2026-08-19 00:19:40.240,pulse_batch,x,,,,,2,,3706,-474,-727,77,77,,5944257737706,
2026-08-19 00:19:40.260,pulse_batch,x,,,,,2,,3708,-472,-725,77,77,,5944278060193,
2026-08-19 00:19:40.281,pulse_batch,x,,,,,2,,3710,-470,-723,77,77,,5944298403865,
2026-08-19 00:19:40.301,pulse_batch,x,,,,,2,,3712,-468,-721,77,77,,5944318961757,
2026-08-19 00:19:40.322,pulse_batch,x,,,,,2,,3714,-466,-719,77,77,,5944339293559,
2026-08-19 00:19:40.342,pulse_batch,x,,,,,2,,3716,-464,-717,77,77,,5944359618509,
2026-08-19 00:19:40.363,pulse_batch,x,,,,,2,,3718,-462,-715,77,77,,5944380362603,
2026-08-19 00:19:40.383,pulse_batch,x,,,,,2,,3720,-460,-713,77,77,,5944400795034,
2026-08-19 00:19:40.404,pulse_batch,x,,,,,2,,3722,-458,-711,77,77,,5944421199927,
2026-08-19 00:19:40.426,pulse_batch,x,,,,,2,,3724,-456,-709,77,77,,5944443360231,
2026-08-19 00:19:40.447,pulse_batch,x,,,,,2,,3726,-454,-707,77,77,,5944464674321,
2026-08-19 00:19:40.467,pulse_batch,x,,,,,2,,3728,-452,-705,77,77,,5944484998234,
2026-08-19 00:19:40.488,pulse_batch,x,,,,,2,,3730,-450,-703,77,77,,5944505711402,
2026-08-19 00:19:40.508,pulse_batch,x,,,,,2,,3732,-448,-701,77,77,,5944526059148,
2026-08-19 00:19:40.529,pulse_batch,x,,,,,2,,3734,-446,-699,77,77,,5944546364709,
2026-08-19 00:19:40.550,pulse_batch,x,,,,,2,,3736,-444,-697,77,77,,5944567328617,
2026-08-19 00:19:40.570,pulse_batch,x,,,,,2,,3738,-442,-695,77,77,,5944587833824,
2026-08-19 00:19:40.590,pulse_batch,x,,,,,2,,3740,-440,-693,77,77,,5944608194459,
2026-08-19 00:19:40.611,pulse_batch,x,,,,,2,,3742,-438,-691,77,77,,5944628640871,
2026-08-19 00:19:40.632,pulse_batch,x,,,,,2,,3744,-436,-689,77,77,,5944650163144,
2026-08-19 00:19:40.653,pulse_batch,x,,,,,2,,3746,-434,-687,77,77,,5944670517186,
2026-08-19 00:19:40.673,pulse_batch,x,,,,,2,,3748,-432,-685,77,77,,5944690817858,
2026-08-19 00:19:40.694,pulse_batch,x,,,,,2,,3750,-430,-683,77,77,,5944711332473,
2026-08-19 00:19:40.714,pulse_batch,x,,,,,2,,3752,-428,-681,77,77,,5944731791181,
2026-08-19 00:19:40.734,pulse_batch,x,,,,,2,,3754,-426,-679,77,77,,5944752096502,
2026-08-19 00:19:40.755,pulse_batch,x,,,,,2,,3756,-424,-677,77,77,,5944772742134,
2026-08-19 00:19:40.776,pulse_batch,x,,,,,2,,3758,-422,-675,77,77,,5944793338989,
2026-08-19 00:19:40.796,pulse_batch,x,,,,,2,,3760,-420,-673,77,77,,5944813698679,
2026-08-19 00:19:40.816,pulse_batch,x,,,,,2,,3762,-418,-671,77,77,,5944834185665,
2026-08-19 00:19:40.838,pulse_batch,x,,,,,2,,3764,-416,-669,77,77,,5944855309737,
2026-08-19 00:19:40.858,pulse_batch,x,,,,,2,,3766,-414,-667,77,77,,5944875727520,
2026-08-19 00:19:40.878,pulse_batch,x,,,,,2,,3768,-412,-665,77,77,,5944896062210,
2026-08-19 00:19:40.899,pulse_batch,x,,,,,2,,3770,-410,-663,77,77,,5944916580621,
2026-08-19 00:19:40.919,pulse_batch,x,,,,,2,,3772,-408,-661,77,77,,5944936976830,
2026-08-19 00:19:40.940,pulse_batch,x,,,,,2,,3774,-406,-659,77,77,,5944957309446,
2026-08-19 00:19:40.960,pulse_batch,x,,,,,2,,3776,-404,-657,77,77,,5944977768191,
2026-08-19 00:19:40.980,pulse_batch,x,,,,,2,,3778,-402,-655,77,77,,5944998151067,
2026-08-19 00:19:41.001,pulse_batch,x,,,,,2,,3780,-400,-653,77,77,,5945018495072,
2026-08-19 00:19:41.021,pulse_batch,x,,,,,2,,3782,-398,-651,77,77,,5945039070353,
2026-08-19 00:19:41.042,pulse_batch,x,,,,,2,,3784,-396,-649,77,77,,5945059542024,
2026-08-19 00:19:41.062,pulse_batch,x,,,,,2,,3786,-394,-647,77,77,,5945079870826,
2026-08-19 00:19:41.083,pulse_batch,x,,,,,2,,3788,-392,-645,77,77,,5945100253905,
2026-08-19 00:19:41.103,pulse_batch,x,,,,,2,,3790,-390,-643,77,77,,5945120848538,
2026-08-19 00:19:41.123,pulse_batch,x,,,,,2,,3792,-388,-641,77,77,,5945141164525,
2026-08-19 00:19:41.144,pulse_batch,x,,,,,2,,3794,-386,-639,77,77,,5945161502605,
2026-08-19 00:19:41.164,pulse_batch,x,,,,,2,,3796,-384,-637,77,77,,5945182019109,
2026-08-19 00:19:41.185,pulse_batch,x,,,,,2,,3798,-382,-635,77,77,,5945202442317,
2026-08-19 00:19:41.205,pulse_batch,x,,,,,2,,3800,-380,-633,77,77,,5945222794471,
2026-08-19 00:19:41.227,pulse_batch,x,,,,,2,,3802,-378,-631,77,77,,5945244577519,
2026-08-19 00:19:41.247,pulse_batch,x,,,,,2,,3804,-376,-629,77,77,,5945264978524,
2026-08-19 00:19:41.267,pulse_batch,x,,,,,2,,3806,-374,-627,77,77,,5945285259771,
2026-08-19 00:19:41.288,pulse_batch,x,,,,,2,,3808,-372,-625,77,77,,5945305826441,
2026-08-19 00:19:41.309,pulse_batch,x,,,,,2,,3810,-370,-623,77,77,,5945326257834,
2026-08-19 00:19:41.329,pulse_batch,x,,,,,2,,3812,-368,-621,77,77,,5945346582062,
2026-08-19 00:19:41.349,pulse_batch,x,,,,,2,,3814,-366,-619,77,77,,5945367165732,
2026-08-19 00:19:41.372,pulse_batch,x,,,,,2,,3816,-364,-617,77,77,,5945389246741,
2026-08-19 00:19:41.392,pulse_batch,x,,,,,2,,3818,-362,-615,77,77,,5945409556598,
2026-08-19 00:19:41.412,pulse_batch,x,,,,,2,,3820,-360,-613,77,77,,5945429913474,
2026-08-19 00:19:41.433,pulse_batch,x,,,,,2,,3822,-358,-611,77,77,,5945450406663,
2026-08-19 00:19:41.453,pulse_batch,x,,,,,2,,3824,-356,-609,77,77,,5945470757058,
2026-08-19 00:19:41.473,pulse_batch,x,,,,,2,,3826,-354,-607,77,77,,5945491173896,
2026-08-19 00:19:41.494,pulse_batch,x,,,,,2,,3828,-352,-605,77,77,,5945511725511,
2026-08-19 00:19:41.514,pulse_batch,x,,,,,2,,3830,-350,-603,77,77,,5945532139534,
2026-08-19 00:19:41.535,pulse_batch,x,,,,,2,,3832,-348,-601,77,77,,5945552463466,
2026-08-19 00:19:41.555,pulse_batch,x,,,,,2,,3834,-346,-599,77,77,,5945573160172,
2026-08-19 00:19:41.576,pulse_batch,x,,,,,2,,3836,-344,-597,77,77,,5945593523010,
2026-08-19 00:19:41.596,pulse_batch,x,,,,,2,,3838,-342,-595,77,77,,5945613821368,
2026-08-19 00:19:41.616,pulse_batch,x,,,,,2,,3840,-340,-593,77,77,,5945634242410,
2026-08-19 00:19:41.637,pulse_batch,x,,,,,2,,3842,-338,-591,77,77,,5945654694914,
2026-08-19 00:19:41.657,pulse_batch,x,,,,,2,,3844,-336,-589,77,77,,5945675018975,
2026-08-19 00:19:41.678,pulse_batch,x,,,,,2,,3846,-334,-587,77,77,,5945695348999,
2026-08-19 00:19:41.698,pulse_batch,x,,,,,2,,3848,-332,-585,77,77,,5945715929132,
2026-08-19 00:19:41.719,pulse_batch,x,,,,,2,,3850,-330,-583,77,77,,5945736635357,
2026-08-19 00:19:41.739,pulse_batch,x,,,,,2,,3852,-328,-581,77,77,,5945756942640,
2026-08-19 00:19:41.760,pulse_batch,x,,,,,2,,3854,-326,-579,77,77,,5945777436570,
2026-08-19 00:19:41.780,pulse_batch,x,,,,,2,,3856,-324,-577,77,77,,5945797833650,
2026-08-19 00:19:41.800,pulse_batch,x,,,,,2,,3858,-322,-575,77,77,,5945818129229,
2026-08-19 00:19:41.821,pulse_batch,x,,,,,2,,3860,-320,-573,77,77,,5945838606271,
2026-08-19 00:19:41.841,pulse_batch,x,,,,,2,,3862,-318,-571,77,77,,5945859114682,
2026-08-19 00:19:41.862,pulse_batch,x,,,,,2,,3864,-316,-569,77,77,,5945879440466,
2026-08-19 00:19:41.882,pulse_batch,x,,,,,2,,3866,-314,-567,77,77,,5945899792064,
2026-08-19 00:19:41.903,pulse_batch,x,,,,,2,,3868,-312,-565,77,77,,5945920309271,
2026-08-19 00:19:41.923,pulse_batch,x,,,,,2,,3870,-310,-563,77,77,,5945940652388,
2026-08-19 00:19:41.943,pulse_batch,x,,,,,2,,3872,-308,-561,77,77,,5945960990393,
2026-08-19 00:19:41.964,pulse_batch,x,,,,,2,,3874,-306,-559,77,77,,5945981386824,
2026-08-19 00:19:41.984,pulse_batch,x,,,,,2,,3876,-304,-557,77,77,,5946001887347,
2026-08-19 00:19:42.004,pulse_batch,x,,,,,2,,3878,-302,-555,77,77,,5946022187223,
2026-08-19 00:19:42.025,pulse_batch,x,,,,,2,,3880,-300,-553,77,77,,5946043118353,
2026-08-19 00:19:42.046,pulse_batch,x,,,,,2,,3882,-298,-551,77,77,,5946063501154,
2026-08-19 00:19:42.066,pulse_batch,x,,,,,2,,3884,-296,-549,77,77,,5946083799309,
2026-08-19 00:19:42.087,pulse_batch,x,,,,,2,,3886,-294,-547,77,77,,5946104562755,
2026-08-19 00:19:42.107,pulse_batch,x,,,,,2,,3888,-292,-545,77,77,,5946125066111,
2026-08-19 00:19:42.128,pulse_batch,x,,,,,2,,3890,-290,-543,77,77,,5946145448190,
2026-08-19 00:19:42.148,pulse_batch,x,,,,,2,,3892,-288,-541,77,77,,5946165826936,
2026-08-19 00:19:42.169,pulse_batch,x,,,,,2,,3894,-286,-539,77,77,,5946186760140,
2026-08-19 00:19:42.189,pulse_batch,x,,,,,2,,3896,-284,-537,77,77,,5946207091165,
2026-08-19 00:19:42.210,pulse_batch,x,,,,,2,,3898,-282,-535,77,77,,5946227571780,
2026-08-19 00:19:42.231,pulse_batch,x,,,,,2,,3900,-280,-533,77,77,,5946248303949,
2026-08-19 00:19:42.251,pulse_batch,x,,,,,2,,3902,-278,-531,77,77,,5946268733176,
2026-08-19 00:19:42.271,pulse_batch,x,,,,,2,,3904,-276,-529,77,77,,5946289098829,
2026-08-19 00:19:42.292,pulse_batch,x,,,,,2,,3906,-274,-527,77,77,,5946309793036,
2026-08-19 00:19:42.314,pulse_batch,x,,,,,2,,3908,-272,-525,77,77,,5946331436141,
2026-08-19 00:19:42.334,pulse_batch,x,,,,,2,,3910,-270,-523,77,77,,5946351718980,
2026-08-19 00:19:42.354,pulse_batch,x,,,,,2,,3912,-268,-521,77,77,,5946372081671,
2026-08-19 00:19:42.375,pulse_batch,x,,,,,2,,3914,-266,-519,77,77,,5946392507250,
2026-08-19 00:19:42.395,pulse_batch,x,,,,,2,,3916,-264,-517,77,77,,5946412826774,
2026-08-19 00:19:42.415,pulse_batch,x,,,,,2,,3918,-262,-515,77,77,,5946433238779,
2026-08-19 00:19:42.438,pulse_batch,x,,,,,2,,3920,-260,-513,77,77,,5946455516305,
2026-08-19 00:19:42.458,pulse_batch,x,,,,,2,,3922,-258,-511,77,77,,5946475995735,
2026-08-19 00:19:42.479,pulse_batch,x,,,,,2,,3924,-256,-509,77,77,,5946496443110,
2026-08-19 00:19:42.499,pulse_batch,x,,,,,2,,3926,-254,-507,77,77,,5946516865745,
2026-08-19 00:19:42.520,pulse_batch,x,,,,,2,,3928,-252,-505,77,77,,5946537321601,
2026-08-19 00:19:42.540,pulse_batch,x,,,,,2,,3930,-250,-503,77,77,,5946557615163,
2026-08-19 00:19:42.561,pulse_batch,x,,,,,2,,3932,-248,-501,77,77,,5946578270480,
2026-08-19 00:19:42.581,pulse_batch,x,,,,,2,,3934,-246,-499,77,77,,5946598658411,
2026-08-19 00:19:42.601,pulse_batch,x,,,,,2,,3936,-244,-497,77,77,,5946619017658,
2026-08-19 00:19:42.622,pulse_batch,x,,,,,2,,3938,-242,-495,77,77,,5946639717956,
2026-08-19 00:19:42.642,pulse_batch,x,,,,,2,,3940,-240,-493,77,77,,5946660145628,
2026-08-19 00:19:42.663,pulse_batch,x,,,,,2,,3942,-238,-491,77,77,,5946680471245,
2026-08-19 00:19:42.683,pulse_batch,x,,,,,2,,3944,-236,-489,77,77,,5946700825250,
2026-08-19 00:19:42.704,pulse_batch,x,,,,,2,,3946,-234,-487,77,77,,5946721394957,
2026-08-19 00:19:42.724,pulse_batch,x,,,,,2,,3948,-232,-485,77,77,,5946741800851,
2026-08-19 00:19:42.744,pulse_batch,x,,,,,2,,3950,-230,-483,77,77,,5946762157931,
2026-08-19 00:19:42.765,pulse_batch,x,,,,,2,,3952,-228,-481,77,77,,5946782539232,
2026-08-19 00:19:42.785,pulse_batch,x,,,,,2,,3954,-226,-479,77,77,,5946803048848,
2026-08-19 00:19:42.806,pulse_batch,x,,,,,2,,3956,-224,-477,77,77,,5946823392909,
2026-08-19 00:19:42.827,pulse_batch,x,,,,,2,,3958,-222,-475,77,77,,5946844241428,
2026-08-19 00:19:42.847,pulse_batch,x,,,,,2,,3960,-220,-473,77,77,,5946864640119,
2026-08-19 00:19:42.867,pulse_batch,x,,,,,2,,3962,-218,-471,77,77,,5946884915736,
2026-08-19 00:19:42.889,pulse_batch,x,,,,,2,,3964,-216,-469,77,77,,5946906375510,
2026-08-19 00:19:42.909,pulse_batch,x,,,,,2,,3966,-214,-467,77,77,,5946926850755,
2026-08-19 00:19:42.929,pulse_batch,x,,,,,2,,3968,-212,-465,77,77,,5946947229223,
2026-08-19 00:19:42.950,pulse_batch,x,,,,,2,,3970,-210,-463,77,77,,5946967589506,
2026-08-19 00:19:42.970,pulse_batch,x,,,,,2,,3972,-208,-461,77,77,,5946988057770,
2026-08-19 00:19:42.991,pulse_batch,x,,,,,2,,3974,-206,-459,77,77,,5947008360961,
2026-08-19 00:19:43.011,pulse_batch,x,,,,,2,,3976,-204,-457,77,77,,5947028676985,
2026-08-19 00:19:43.032,pulse_batch,x,,,,,2,,3978,-202,-455,77,77,,5947049451932,
2026-08-19 00:19:43.052,pulse_batch,x,,,,,2,,3980,-200,-453,77,77,,5947069913085,
2026-08-19 00:19:43.072,pulse_batch,x,,,,,2,,3982,-198,-451,77,77,,5947090221646,
2026-08-19 00:19:43.093,pulse_batch,x,,,,,2,,3984,-196,-449,77,77,,5947111205387,
2026-08-19 00:19:43.114,pulse_batch,x,,,,,2,,3986,-194,-447,77,77,,5947131624244,
2026-08-19 00:19:43.134,pulse_batch,x,,,,,2,,3988,-192,-445,77,77,,5947151981379,
2026-08-19 00:19:43.155,pulse_batch,x,,,,,2,,3990,-190,-443,77,77,,5947172349329,
2026-08-19 00:19:43.175,pulse_batch,x,,,,,2,,3992,-188,-441,77,77,,5947192893796,
2026-08-19 00:19:43.195,pulse_batch,x,,,,,2,,3994,-186,-439,77,77,,5947213244357,
2026-08-19 00:19:43.216,pulse_batch,x,,,,,2,,3996,-184,-437,77,77,,5947233587067,
2026-08-19 00:19:43.238,pulse_batch,x,,,,,2,,3998,-182,-435,77,77,,5947255424133,
2026-08-19 00:19:43.258,pulse_batch,x,,,,,2,,4000,-180,-433,77,77,,5947275782231,
2026-08-19 00:19:43.279,pulse_batch,x,,,,,2,,4002,-178,-431,77,77,,5947296832990,
2026-08-19 00:19:43.300,pulse_batch,x,,,,,2,,4004,-176,-429,77,77,,5947317890175,
2026-08-19 00:19:43.321,pulse_batch,x,,,,,2,,4006,-174,-427,77,77,,5947338316624,
2026-08-19 00:19:43.341,pulse_batch,x,,,,,2,,4008,-172,-425,77,77,,5947358690907,
2026-08-19 00:19:43.361,pulse_batch,x,,,,,2,,4010,-170,-423,77,77,,5947379176597,
2026-08-19 00:19:43.382,pulse_batch,x,,,,,2,,4012,-168,-421,77,77,,5947399624176,
2026-08-19 00:19:43.402,pulse_batch,x,,,,,2,,4014,-166,-419,77,77,,5947419919849,
2026-08-19 00:19:43.423,pulse_batch,x,,,,,2,,4016,-164,-417,77,77,,5947440700443,
2026-08-19 00:19:43.444,pulse_batch,x,,,,,2,,4018,-162,-415,77,77,,5947461253762,
2026-08-19 00:19:43.464,pulse_batch,x,,,,,2,,4020,-160,-413,77,77,,5947481597212,
2026-08-19 00:19:43.484,pulse_batch,x,,,,,2,,4022,-158,-411,77,77,,5947502142346,
2026-08-19 00:19:43.505,pulse_batch,x,,,,,2,,4024,-156,-409,77,77,,5947522635794,
2026-08-19 00:19:43.525,pulse_batch,x,,,,,2,,4026,-154,-407,77,77,,5947542972782,
2026-08-19 00:19:43.546,pulse_batch,x,,,,,2,,4028,-152,-405,77,77,,5947563781376,
2026-08-19 00:19:43.566,pulse_batch,x,,,,,2,,4030,-150,-403,77,77,,5947584160789,
2026-08-19 00:19:43.587,pulse_batch,x,,,,,2,,4032,-148,-401,77,77,,5947604657997,
2026-08-19 00:19:43.607,pulse_batch,x,,,,,2,,4034,-146,-399,77,77,,5947624953910,
2026-08-19 00:19:43.628,pulse_batch,x,,,,,2,,4036,-144,-397,77,77,,5947645979558,
2026-08-19 00:19:43.649,pulse_batch,x,,,,,2,,4038,-142,-395,77,77,,5947666432637,
2026-08-19 00:19:43.669,pulse_batch,x,,,,,2,,4040,-140,-393,77,77,,5947686720495,
2026-08-19 00:19:43.690,pulse_batch,x,,,,,2,,4042,-138,-391,77,77,,5947707321943,
2026-08-19 00:19:43.710,pulse_batch,x,,,,,2,,4044,-136,-389,77,77,,5947727854354,
2026-08-19 00:19:43.730,pulse_batch,x,,,,,2,,4046,-134,-387,77,77,,5947748210342,
2026-08-19 00:19:43.751,pulse_batch,x,,,,,2,,4048,-132,-385,77,77,,5947768944029,
2026-08-19 00:19:43.772,pulse_batch,x,,,,,2,,4050,-130,-383,77,77,,5947789459737,
2026-08-19 00:19:43.792,pulse_batch,x,,,,,2,,4052,-128,-381,77,77,,5947809785224,
2026-08-19 00:19:43.813,pulse_batch,x,,,,,2,,4054,-126,-379,77,77,,5947830589485,
2026-08-19 00:19:43.833,pulse_batch,x,,,,,2,,4056,-124,-377,77,77,,5947851022490,
2026-08-19 00:19:43.854,pulse_batch,x,,,,,2,,4058,-122,-375,77,77,,5947871540365,
2026-08-19 00:19:43.874,pulse_batch,x,,,,,2,,4060,-120,-373,77,77,,5947891835963,
2026-08-19 00:19:43.895,pulse_batch,x,,,,,2,,4062,-118,-371,77,77,,5947912672983,
2026-08-19 00:19:43.915,pulse_batch,x,,,,,2,,4064,-116,-369,77,77,,5947933088544,
2026-08-19 00:19:43.936,pulse_batch,x,,,,,2,,4066,-114,-367,77,77,,5947953450587,
2026-08-19 00:19:43.956,pulse_batch,x,,,,,2,,4068,-112,-365,77,77,,5947974064257,
2026-08-19 00:19:43.977,pulse_batch,x,,,,,2,,4070,-110,-363,77,77,,5947994544409,
2026-08-19 00:19:43.997,pulse_batch,x,,,,,2,,4072,-108,-361,77,77,,5948014889711,
2026-08-19 00:19:44.018,pulse_batch,x,,,,,2,,4074,-106,-359,77,77,,5948035302290,
2026-08-19 00:19:44.038,pulse_batch,x,,,,,2,,4076,-104,-357,77,77,,5948055868868,
2026-08-19 00:19:44.058,pulse_batch,x,,,,,2,,4078,-102,-355,77,77,,5948076220689,
2026-08-19 00:19:44.079,pulse_batch,x,,,,,2,,4080,-100,-353,77,77,,5948096588472,
2026-08-19 00:19:44.099,pulse_batch,x,,,,,2,,4082,-98,-351,77,77,,5948116979422,
2026-08-19 00:19:44.120,pulse_batch,x,,,,,2,,4084,-96,-349,77,77,,5948137514704,
2026-08-19 00:19:44.140,pulse_batch,x,,,,,2,,4086,-94,-347,77,77,,5948157898025,
2026-08-19 00:19:44.161,pulse_batch,x,,,,,2,,4088,-92,-345,77,77,,5948178611564,
2026-08-19 00:19:44.182,pulse_batch,x,,,,,2,,4090,-90,-343,77,77,,5948199410603,
2026-08-19 00:19:44.202,pulse_batch,x,,,,,2,,4092,-88,-341,77,77,,5948219707517,
2026-08-19 00:19:44.222,pulse_batch,x,,,,,2,,4094,-86,-339,77,77,,5948240122003,
2026-08-19 00:19:44.243,pulse_batch,x,,,,,2,,4096,-84,-337,77,77,,5948260850469,
2026-08-19 00:19:44.263,pulse_batch,x,,,,,2,,4098,-82,-335,77,77,,5948281235660,
2026-08-19 00:19:44.284,pulse_batch,x,,,,,2,,4100,-80,-333,77,77,,5948301651924,
2026-08-19 00:19:44.289,move_finish,x,,,1,,,,4100,-80,-333,77,77,,5948306831397,
2026-08-19 00:19:44.482,approach_source_finish,x,0,stored,,,,1,,-80,-333,77,77,-333,,
2026-08-19 00:19:44.482,approach_source_finish,y,0,stored,,,,1,,-6,98,0,4,98,,
2026-08-19 00:19:44.488,move_start,y,,,2,18,,1,238,-6,98,0,4,,5948505326536,
2026-08-19 00:19:44.488,move_start,x,,,2,87,,1,4100,-80,-333,77,77,,5948505240500,
2026-08-19 00:19:44.493,pulse_batch,y,,,,,1,,239,-5,98,1,4,,5948511056060,
2026-08-19 00:19:44.494,pulse_batch,x,,,,,1,,4101,-79,-332,77,77,,5948511322446,
2026-08-19 00:19:44.514,pulse_batch,y,,,,,2,,241,-3,98,3,4,,5948531486824,
2026-08-19 00:19:44.514,pulse_batch,x,,,,,2,,4103,-77,-330,77,77,,5948531924190,
2026-08-19 00:19:44.534,pulse_batch,y,,,,,2,,243,-1,99,4,4,,5948551911329,
2026-08-19 00:19:44.534,pulse_batch,x,,,,,2,,4105,-75,-328,77,77,,5948552217271,
2026-08-19 00:19:44.559,pulse_batch,y,,,,,2,,245,1,101,4,4,,5948576837183,
2026-08-19 00:19:44.559,pulse_batch,x,,,,,2,,4107,-73,-326,77,77,,5948577118496,
2026-08-19 00:19:44.580,pulse_batch,y,,,,,2,,247,3,103,4,4,,5948597508094,
2026-08-19 00:19:44.580,pulse_batch,x,,,,,2,,4109,-71,-324,77,77,,5948597756943,
2026-08-19 00:19:44.600,pulse_batch,y,,,,,2,,249,5,105,4,4,,5948617889396,
2026-08-19 00:19:44.600,pulse_batch,x,,,,,2,,4111,-69,-322,77,77,,5948618108986,
2026-08-19 00:19:44.620,pulse_batch,y,,,,,2,,251,7,107,4,4,,5948638268512,
2026-08-19 00:19:44.621,pulse_batch,x,,,,,2,,4113,-67,-320,77,77,,5948638944451,
2026-08-19 00:19:44.642,pulse_batch,x,,,,,2,,4115,-65,-318,77,77,,5948659780249,
2026-08-19 00:19:44.646,pulse_batch,y,,,,,2,,253,9,109,4,4,,5948659899914,
2026-08-19 00:19:44.662,pulse_batch,x,,,,,2,,4117,-63,-316,77,77,,5948680137754,
2026-08-19 00:19:44.663,pulse_batch,y,,,,,2,,255,11,111,4,4,,5948680408048,
2026-08-19 00:19:44.678,pulse_batch,y,,,,,1,,256,12,112,4,4,,5948695631118,
2026-08-19 00:19:44.678,move_finish,y,,,2,,,,256,12,112,4,4,,5948695859801,
2026-08-19 00:19:44.683,pulse_batch,x,,,,,2,,4119,-61,-314,77,77,,5948700478131,
2026-08-19 00:19:44.703,pulse_batch,x,,,,,2,,4121,-59,-312,77,77,,5948721013450,
2026-08-19 00:19:44.725,pulse_batch,x,,,,,2,,4123,-57,-310,77,77,,5948742281892,
2026-08-19 00:19:44.745,pulse_batch,x,,,,,2,,4125,-55,-308,77,77,,5948762698415,
2026-08-19 00:19:44.766,pulse_batch,x,,,,,2,,4127,-53,-306,77,77,,5948783430029,
2026-08-19 00:19:44.786,pulse_batch,x,,,,,2,,4129,-51,-304,77,77,,5948803884997,
2026-08-19 00:19:44.806,pulse_batch,x,,,,,2,,4131,-49,-302,77,77,,5948824252725,
2026-08-19 00:19:44.827,pulse_batch,x,,,,,2,,4133,-47,-300,77,77,,5948844724637,
2026-08-19 00:19:44.847,pulse_batch,x,,,,,2,,4135,-45,-298,77,77,,5948865190216,
2026-08-19 00:19:44.868,pulse_batch,x,,,,,2,,4137,-43,-296,77,77,,5948885568888,
2026-08-19 00:19:44.888,pulse_batch,x,,,,,2,,4139,-41,-294,77,77,,5948905929949,
2026-08-19 00:19:44.909,pulse_batch,x,,,,,2,,4141,-39,-292,77,77,,5948926454379,
2026-08-19 00:19:44.929,pulse_batch,x,,,,,2,,4143,-37,-290,77,77,,5948946814052,
2026-08-19 00:19:44.949,pulse_batch,x,,,,,2,,4145,-35,-288,77,77,,5948967202316,
2026-08-19 00:19:44.970,pulse_batch,x,,,,,2,,4147,-33,-286,77,77,,5948987710043,
2026-08-19 00:19:44.990,pulse_batch,x,,,,,2,,4149,-31,-284,77,77,,5949008175029,
2026-08-19 00:19:45.011,pulse_batch,x,,,,,2,,4151,-29,-282,77,77,,5949028573201,
2026-08-19 00:19:45.031,pulse_batch,x,,,,,2,,4153,-27,-280,77,77,,5949049088354,
2026-08-19 00:19:45.052,pulse_batch,x,,,,,2,,4155,-25,-278,77,77,,5949069540618,
2026-08-19 00:19:45.072,pulse_batch,x,,,,,2,,4157,-23,-276,77,77,,5949090018067,
2026-08-19 00:19:45.093,pulse_batch,x,,,,,2,,4159,-21,-274,77,77,,5949111017808,
2026-08-19 00:19:45.114,pulse_batch,x,,,,,2,,4161,-19,-272,77,77,,5949131487739,
2026-08-19 00:19:45.134,pulse_batch,x,,,,,2,,4163,-17,-270,77,77,,5949151855967,
2026-08-19 00:19:45.155,pulse_batch,x,,,,,2,,4165,-15,-268,77,77,,5949172619062,
2026-08-19 00:19:45.175,pulse_batch,x,,,,,2,,4167,-13,-266,77,77,,5949193099326,
2026-08-19 00:19:45.196,pulse_batch,x,,,,,2,,4169,-11,-264,77,77,,5949213608553,
2026-08-19 00:19:45.216,pulse_batch,x,,,,,2,,4171,-9,-262,77,77,,5949234249390,
2026-08-19 00:19:45.237,pulse_batch,x,,,,,2,,4173,-7,-260,77,77,,5949254724894,
2026-08-19 00:19:45.258,pulse_batch,x,,,,,2,,4175,-5,-258,77,77,,5949275352657,
2026-08-19 00:19:45.278,pulse_batch,x,,,,,2,,4177,-3,-256,77,77,,5949295730478,
2026-08-19 00:19:45.298,pulse_batch,x,,,,,2,,4179,-1,-254,77,77,,5949316206520,
2026-08-19 00:19:45.319,pulse_batch,x,,,,,2,,4181,1,-252,77,77,,5949336649469,
2026-08-19 00:19:45.339,pulse_batch,x,,,,,2,,4183,3,-250,77,77,,5949356960327,
2026-08-19 00:19:45.360,pulse_batch,x,,,,,2,,4185,5,-248,77,77,,5949377733218,
2026-08-19 00:19:45.381,pulse_batch,x,,,,,2,,4187,7,-246,77,77,,5949398459184,
2026-08-19 00:19:45.386,move_finish,x,,,2,,,,4187,7,-246,77,77,,5949403572287,
2026-08-19 00:19:45.550,target_finish,x,0,stored,,,,,,7,-246,77,77,-246,,ok=True
2026-08-19 00:19:45.550,target_finish,y,0,stored,,,,,,12,112,4,4,112,,ok=True
2026-08-19 00:19:59.367,target_start,x,1,stored,,,,,,7,-246,77,77,-801,,
2026-08-19 00:19:59.369,target_start,y,1,stored,,,,,,12,112,4,4,112,,
2026-08-19 00:19:59.369,approach_source_start,x,1,stored,,,,-1,,7,-246,77,77,-714,,
2026-08-19 00:19:59.369,approach_source_start,y,1,stored,,,,1,,12,112,4,4,98,,
2026-08-19 00:19:59.372,move_start,x,,,3,-545,,-1,4187,7,-246,77,77,,5963389466997,
2026-08-19 00:19:59.372,move_start,y,,,3,-18,,-1,256,12,112,4,4,,5963389822475,
2026-08-19 00:19:59.377,pulse_batch,x,,,,,-1,,4188,6,-246,76,77,,5963394896634,
2026-08-19 00:19:59.377,pulse_batch,y,,,,,-1,,257,11,112,3,4,,5963395060244,
2026-08-19 00:19:59.398,pulse_batch,x,,,,,-2,,4190,4,-246,74,77,,5963415616787,
2026-08-19 00:19:59.398,pulse_batch,y,,,,,-2,,259,9,112,1,4,,5963415842767,
2026-08-19 00:19:59.418,pulse_batch,x,,,,,-2,,4192,2,-246,72,77,,5963435930277,
2026-08-19 00:19:59.418,pulse_batch,y,,,,,-2,,261,7,111,0,4,,5963436131127,
2026-08-19 00:19:59.439,pulse_batch,x,,,,,-2,,4194,0,-246,70,77,,5963456378691,
2026-08-19 00:19:59.440,pulse_batch,y,,,,,-2,,263,5,109,0,4,,5963457474626,
2026-08-19 00:19:59.461,pulse_batch,x,,,,,-2,,4196,-2,-246,68,77,,5963479219455,
2026-08-19 00:19:59.462,pulse_batch,y,,,,,-2,,265,3,107,0,4,,5963479074901,
2026-08-19 00:19:59.482,pulse_batch,y,,,,,-2,,267,1,105,0,4,,5963499407686,
2026-08-19 00:19:59.482,pulse_batch,x,,,,,-2,,4198,-4,-246,66,77,,5963499613092,
2026-08-19 00:19:59.502,pulse_batch,y,,,,,-2,,269,-1,103,0,4,,5963519860304,
2026-08-19 00:19:59.506,pulse_batch,x,,,,,-2,,4200,-6,-246,64,77,,5963523276349,
2026-08-19 00:19:59.523,pulse_batch,y,,,,,-2,,271,-3,101,0,4,,5963540240682,
2026-08-19 00:19:59.527,pulse_batch,x,,,,,-2,,4202,-8,-246,62,77,,5963544341091,
2026-08-19 00:19:59.543,pulse_batch,y,,,,,-2,,273,-5,99,0,4,,5963560545338,
2026-08-19 00:19:59.547,pulse_batch,x,,,,,-2,,4204,-10,-246,60,77,,5963564624821,
2026-08-19 00:19:59.558,pulse_batch,y,,,,,-1,,274,-6,98,0,4,,5963575764243,
2026-08-19 00:19:59.558,move_finish,y,,,3,,,,274,-6,98,0,4,,5963575961278,
2026-08-19 00:19:59.568,pulse_batch,x,,,,,-2,,4206,-12,-246,58,77,,5963585243605,
2026-08-19 00:19:59.588,pulse_batch,x,,,,,-2,,4208,-14,-246,56,77,,5963605846369,
2026-08-19 00:19:59.610,pulse_batch,x,,,,,-2,,4210,-16,-246,54,77,,5963627586476,
2026-08-19 00:19:59.631,pulse_batch,x,,,,,-2,,4212,-18,-246,52,77,,5963648537664,
2026-08-19 00:19:59.653,pulse_batch,x,,,,,-2,,4214,-20,-246,50,77,,5963670394140,
2026-08-19 00:19:59.673,pulse_batch,x,,,,,-2,,4216,-22,-246,48,77,,5963690890998,
2026-08-19 00:19:59.694,pulse_batch,x,,,,,-2,,4218,-24,-246,46,77,,5963711623633,
2026-08-19 00:19:59.717,pulse_batch,x,,,,,-2,,4220,-26,-246,44,77,,5963734627728,
2026-08-19 00:19:59.737,pulse_batch,x,,,,,-2,,4222,-28,-246,42,77,,5963755058717,
2026-08-19 00:19:59.758,pulse_batch,x,,,,,-2,,4224,-30,-246,40,77,,5963776095256,
2026-08-19 00:19:59.779,pulse_batch,x,,,,,-2,,4226,-32,-246,38,77,,5963796595707,
2026-08-19 00:19:59.799,pulse_batch,x,,,,,-2,,4228,-34,-246,36,77,,5963816982288,
2026-08-19 00:19:59.820,pulse_batch,x,,,,,-2,,4230,-36,-246,34,77,,5963837355333,
2026-08-19 00:19:59.841,pulse_batch,x,,,,,-2,,4232,-38,-246,32,77,,5963858706498,
2026-08-19 00:19:59.861,pulse_batch,x,,,,,-2,,4234,-40,-246,30,77,,5963879144580,
2026-08-19 00:19:59.882,pulse_batch,x,,,,,-2,,4236,-42,-246,28,77,,5963899491884,
2026-08-19 00:19:59.903,pulse_batch,x,,,,,-2,,4238,-44,-246,26,77,,5963920468534,
2026-08-19 00:19:59.924,pulse_batch,x,,,,,-2,,4240,-46,-246,24,77,,5963941655127,
2026-08-19 00:19:59.944,pulse_batch,x,,,,,-2,,4242,-48,-246,22,77,,5963961949932,
2026-08-19 00:19:59.964,pulse_batch,x,,,,,-2,,4244,-50,-246,20,77,,5963982269681,
2026-08-19 00:19:59.985,pulse_batch,x,,,,,-2,,4246,-52,-246,18,77,,5964002800446,
2026-08-19 00:20:00.006,pulse_batch,x,,,,,-2,,4248,-54,-246,16,77,,5964023277675,
2026-08-19 00:20:00.026,pulse_batch,x,,,,,-2,,4250,-56,-246,14,77,,5964043608405,
2026-08-19 00:20:00.046,pulse_batch,x,,,,,-2,,4252,-58,-246,12,77,,5964064147560,
2026-08-19 00:20:00.067,pulse_batch,x,,,,,-2,,4254,-60,-246,10,77,,5964084570919,
2026-08-19 00:20:00.087,pulse_batch,x,,,,,-2,,4256,-62,-246,8,77,,5964104922964,
2026-08-19 00:20:00.108,pulse_batch,x,,,,,-2,,4258,-64,-246,6,77,,5964125431100,
2026-08-19 00:20:00.128,pulse_batch,x,,,,,-2,,4260,-66,-246,4,77,,5964145910347,
2026-08-19 00:20:00.148,pulse_batch,x,,,,,-2,,4262,-68,-246,2,77,,5964166261022,
2026-08-19 00:20:00.173,pulse_batch,x,,,,,-2,,4264,-70,-246,0,77,,5964190502014,
2026-08-19 00:20:00.193,pulse_batch,x,,,,,-2,,4266,-72,-248,0,77,,5964211014910,
2026-08-19 00:20:00.214,pulse_batch,x,,,,,-2,,4268,-74,-250,0,77,,5964231435862,
2026-08-19 00:20:00.234,pulse_batch,x,,,,,-2,,4270,-76,-252,0,77,,5964251813906,
2026-08-19 00:20:00.256,pulse_batch,x,,,,,-2,,4272,-78,-254,0,77,,5964273797993,
2026-08-19 00:20:00.276,pulse_batch,x,,,,,-2,,4274,-80,-256,0,77,,5964294116204,
2026-08-19 00:20:00.297,pulse_batch,x,,,,,-2,,4276,-82,-258,0,77,,5964314889894,
2026-08-19 00:20:00.318,pulse_batch,x,,,,,-2,,4278,-84,-260,0,77,,5964335617510,
2026-08-19 00:20:00.341,pulse_batch,x,,,,,-2,,4280,-86,-262,0,77,,5964358930862,
2026-08-19 00:20:00.362,pulse_batch,x,,,,,-2,,4282,-88,-264,0,77,,5964379346240,
2026-08-19 00:20:00.383,pulse_batch,x,,,,,-2,,4284,-90,-266,0,77,,5964400657221,
2026-08-19 00:20:00.403,pulse_batch,x,,,,,-2,,4286,-92,-268,0,77,,5964421191153,
2026-08-19 00:20:00.424,pulse_batch,x,,,,,-2,,4288,-94,-270,0,77,,5964441558013,
2026-08-19 00:20:00.446,pulse_batch,x,,,,,-2,,4290,-96,-272,0,77,,5964463612135,
2026-08-19 00:20:00.466,pulse_batch,x,,,,,-2,,4292,-98,-274,0,77,,5964484073568,
2026-08-19 00:20:00.487,pulse_batch,x,,,,,-2,,4294,-100,-276,0,77,,5964504420021,
2026-08-19 00:20:00.507,pulse_batch,x,,,,,-2,,4296,-102,-278,0,77,,5964525161470,
2026-08-19 00:20:00.528,pulse_batch,x,,,,,-2,,4298,-104,-280,0,77,,5964545674495,
2026-08-19 00:20:00.548,pulse_batch,x,,,,,-2,,4300,-106,-282,0,77,,5964566019521,
2026-08-19 00:20:00.569,pulse_batch,x,,,,,-2,,4302,-108,-284,0,77,,5964586790692,
2026-08-19 00:20:00.590,pulse_batch,x,,,,,-2,,4304,-110,-286,0,77,,5964607257403,
2026-08-19 00:20:00.610,pulse_batch,x,,,,,-2,,4306,-112,-288,0,77,,5964627618262,
2026-08-19 00:20:00.631,pulse_batch,x,,,,,-2,,4308,-114,-290,0,77,,5964648945502,
2026-08-19 00:20:00.652,pulse_batch,x,,,,,-2,,4310,-116,-292,0,77,,5964669421009,
2026-08-19 00:20:00.672,pulse_batch,x,,,,,-2,,4312,-118,-294,0,77,,5964689819924,
2026-08-19 00:20:00.693,pulse_batch,x,,,,,-2,,4314,-120,-296,0,77,,5964710154358,
2026-08-19 00:20:00.714,pulse_batch,x,,,,,-2,,4316,-122,-298,0,77,,5964731224952,
2026-08-19 00:20:00.734,pulse_batch,x,,,,,-2,,4318,-124,-300,0,77,,5964751660996,
2026-08-19 00:20:00.754,pulse_batch,x,,,,,-2,,4320,-126,-302,0,77,,5964771974931,
2026-08-19 00:20:00.778,pulse_batch,x,,,,,-2,,4322,-128,-304,0,77,,5964795977425,
2026-08-19 00:20:00.803,pulse_batch,x,,,,,-2,,4324,-130,-306,0,77,,5964820330491,
2026-08-19 00:20:00.823,pulse_batch,x,,,,,-2,,4326,-132,-308,0,77,,5964840732535,
2026-08-19 00:20:00.844,pulse_batch,x,,,,,-2,,4328,-134,-310,0,77,,5964861261301,
2026-08-19 00:20:00.864,pulse_batch,x,,,,,-2,,4330,-136,-312,0,77,,5964881709549,
2026-08-19 00:20:00.884,pulse_batch,x,,,,,-2,,4332,-138,-314,0,77,,5964902067705,
2026-08-19 00:20:00.905,pulse_batch,x,,,,,-2,,4334,-140,-316,0,77,,5964922444453,
2026-08-19 00:20:00.925,pulse_batch,x,,,,,-2,,4336,-142,-318,0,77,,5964942963571,
2026-08-19 00:20:00.946,pulse_batch,x,,,,,-2,,4338,-144,-320,0,77,,5964963336856,
2026-08-19 00:20:00.966,pulse_batch,x,,,,,-2,,4340,-146,-322,0,77,,5964983691105,
2026-08-19 00:20:00.991,pulse_batch,x,,,,,-2,,4342,-148,-324,0,77,,5965009200290,
2026-08-19 00:20:01.012,pulse_batch,x,,,,,-2,,4344,-150,-326,0,77,,5965029618890,
2026-08-19 00:20:01.032,pulse_batch,x,,,,,-2,,4346,-152,-328,0,77,,5965050061268,
2026-08-19 00:20:01.055,pulse_batch,x,,,,,-2,,4348,-154,-330,0,77,,5965072799181,
2026-08-19 00:20:01.076,pulse_batch,x,,,,,-2,,4350,-156,-332,0,77,,5965093454316,
2026-08-19 00:20:01.096,pulse_batch,x,,,,,-2,,4352,-158,-334,0,77,,5965113857749,
2026-08-19 00:20:01.118,pulse_batch,x,,,,,-2,,4354,-160,-336,0,77,,5965136074667,
2026-08-19 00:20:01.139,pulse_batch,x,,,,,-2,,4356,-162,-338,0,77,,5965156609192,
2026-08-19 00:20:01.159,pulse_batch,x,,,,,-2,,4358,-164,-340,0,77,,5965177063532,
2026-08-19 00:20:01.180,pulse_batch,x,,,,,-2,,4360,-166,-342,0,77,,5965198210571,
2026-08-19 00:20:01.202,pulse_batch,x,,,,,-2,,4362,-168,-344,0,77,,5965219488367,
2026-08-19 00:20:01.222,pulse_batch,x,,,,,-2,,4364,-170,-346,0,77,,5965239829616,
2026-08-19 00:20:01.243,pulse_batch,x,,,,,-2,,4366,-172,-348,0,77,,5965261017950,
2026-08-19 00:20:01.264,pulse_batch,x,,,,,-2,,4368,-174,-350,0,77,,5965281481494,
2026-08-19 00:20:01.284,pulse_batch,x,,,,,-2,,4370,-176,-352,0,77,,5965301814965,
2026-08-19 00:20:01.307,pulse_batch,x,,,,,-2,,4372,-178,-354,0,77,,5965324838987,
2026-08-19 00:20:01.328,pulse_batch,x,,,,,-2,,4374,-180,-356,0,77,,5965345425474,
2026-08-19 00:20:01.348,pulse_batch,x,,,,,-2,,4376,-182,-358,0,77,,5965365764112,
2026-08-19 00:20:01.368,pulse_batch,x,,,,,-2,,4378,-184,-360,0,77,,5965386126879,
2026-08-19 00:20:01.390,pulse_batch,x,,,,,-2,,4380,-186,-362,0,77,,5965407571785,
2026-08-19 00:20:01.410,pulse_batch,x,,,,,-2,,4382,-188,-364,0,77,,5965427898330,
2026-08-19 00:20:01.431,pulse_batch,x,,,,,-2,,4384,-190,-366,0,77,,5965448389930,
2026-08-19 00:20:01.451,pulse_batch,x,,,,,-2,,4386,-192,-368,0,77,,5965469235637,
2026-08-19 00:20:01.472,pulse_batch,x,,,,,-2,,4388,-194,-370,0,77,,5965489770921,
2026-08-19 00:20:01.492,pulse_batch,x,,,,,-2,,4390,-196,-372,0,77,,5965510065467,
2026-08-19 00:20:01.513,pulse_batch,x,,,,,-2,,4392,-198,-374,0,77,,5965530506159,
2026-08-19 00:20:01.533,pulse_batch,x,,,,,-2,,4394,-200,-376,0,77,,5965550907630,
2026-08-19 00:20:01.553,pulse_batch,x,,,,,-2,,4396,-202,-378,0,77,,5965571200139,
2026-08-19 00:20:01.574,pulse_batch,x,,,,,-2,,4398,-204,-380,0,77,,5965591581183,
2026-08-19 00:20:01.594,pulse_batch,x,,,,,-2,,4400,-206,-382,0,77,,5965612026228,
2026-08-19 00:20:01.615,pulse_batch,x,,,,,-2,,4402,-208,-384,0,77,,5965632338384,
2026-08-19 00:20:01.635,pulse_batch,x,,,,,-2,,4404,-210,-386,0,77,,5965652720355,
2026-08-19 00:20:01.658,pulse_batch,x,,,,,-2,,4406,-212,-388,0,77,,5965675473564,
2026-08-19 00:20:01.679,pulse_batch,x,,,,,-2,,4408,-214,-390,0,77,,5965696746657,
2026-08-19 00:20:01.699,pulse_batch,x,,,,,-2,,4410,-216,-392,0,77,,5965717136683,
2026-08-19 00:20:01.720,pulse_batch,x,,,,,-2,,4412,-218,-394,0,77,,5965737679689,
2026-08-19 00:20:01.741,pulse_batch,x,,,,,-2,,4414,-220,-396,0,77,,5965758272621,
2026-08-19 00:20:01.761,pulse_batch,x,,,,,-2,,4416,-222,-398,0,77,,5965778586093,
2026-08-19 00:20:01.781,pulse_batch,x,,,,,-2,,4418,-224,-400,0,77,,5965799057063,
2026-08-19 00:20:01.802,pulse_batch,x,,,,,-2,,4420,-226,-402,0,77,,5965819435311,
2026-08-19 00:20:01.822,pulse_batch,x,,,,,-2,,4422,-228,-404,0,77,,5965839742968,
2026-08-19 00:20:01.848,pulse_batch,x,,,,,-2,,4424,-230,-406,0,77,,5965865280856,
2026-08-19 00:20:01.868,pulse_batch,x,,,,,-2,,4426,-232,-408,0,77,,5965885693642,
2026-08-19 00:20:01.888,pulse_batch,x,,,,,-2,,4428,-234,-410,0,77,,5965906027613,
2026-08-19 00:20:01.909,pulse_batch,x,,,,,-2,,4430,-236,-412,0,77,,5965926566341,
2026-08-19 00:20:01.929,pulse_batch,x,,,,,-2,,4432,-238,-414,0,77,,5965947089830,
2026-08-19 00:20:01.950,pulse_batch,x,,,,,-2,,4434,-240,-416,0,77,,5965967467634,
2026-08-19 00:20:01.971,pulse_batch,x,,,,,-2,,4436,-242,-418,0,77,,5965988255693,
2026-08-19 00:20:01.991,pulse_batch,x,,,,,-2,,4438,-244,-420,0,77,,5966008743182,
2026-08-19 00:20:02.011,pulse_batch,x,,,,,-2,,4440,-246,-422,0,77,,5966029110356,
2026-08-19 00:20:02.032,pulse_batch,x,,,,,-2,,4442,-248,-424,0,77,,5966050076637,
2026-08-19 00:20:02.053,pulse_batch,x,,,,,-2,,4444,-250,-426,0,77,,5966070766716,
2026-08-19 00:20:02.074,pulse_batch,x,,,,,-2,,4446,-252,-428,0,77,,5966091348722,
2026-08-19 00:20:02.094,pulse_batch,x,,,,,-2,,4448,-254,-430,0,77,,5966111729378,
2026-08-19 00:20:02.115,pulse_batch,x,,,,,-2,,4450,-256,-432,0,77,,5966132475513,
2026-08-19 00:20:02.137,pulse_batch,x,,,,,-2,,4452,-258,-434,0,77,,5966154339119,
2026-08-19 00:20:02.157,pulse_batch,x,,,,,-2,,4454,-260,-436,0,77,,5966174714108,
2026-08-19 00:20:02.180,pulse_batch,x,,,,,-2,,4456,-262,-438,0,77,,5966197614761,
2026-08-19 00:20:02.201,pulse_batch,x,,,,,-2,,4458,-264,-440,0,77,,5966218391895,
2026-08-19 00:20:02.221,pulse_batch,x,,,,,-2,,4460,-266,-442,0,77,,5966238746237,
2026-08-19 00:20:02.242,pulse_batch,x,,,,,-2,,4462,-268,-444,0,77,,5966259715943,
2026-08-19 00:20:02.263,pulse_batch,x,,,,,-2,,4464,-270,-446,0,77,,5966280445652,
2026-08-19 00:20:02.283,pulse_batch,x,,,,,-2,,4466,-272,-448,0,77,,5966300798530,
2026-08-19 00:20:02.303,pulse_batch,x,,,,,-2,,4468,-274,-450,0,77,,5966321217297,
2026-08-19 00:20:02.324,pulse_batch,x,,,,,-2,,4470,-276,-452,0,77,,5966341751748,
2026-08-19 00:20:02.344,pulse_batch,x,,,,,-2,,4472,-278,-454,0,77,,5966362112515,
2026-08-19 00:20:02.365,pulse_batch,x,,,,,-2,,4474,-280,-456,0,77,,5966382592893,
2026-08-19 00:20:02.385,pulse_batch,x,,,,,-2,,4476,-282,-458,0,77,,5966403194343,
2026-08-19 00:20:02.406,pulse_batch,x,,,,,-2,,4478,-284,-460,0,77,,5966423699257,
2026-08-19 00:20:02.427,pulse_batch,x,,,,,-2,,4480,-286,-462,0,77,,5966444297708,
2026-08-19 00:20:02.448,pulse_batch,x,,,,,-2,,4482,-288,-464,0,77,,5966465242600,
2026-08-19 00:20:02.468,pulse_batch,x,,,,,-2,,4484,-290,-466,0,77,,5966485764366,
2026-08-19 00:20:02.488,pulse_batch,x,,,,,-2,,4486,-292,-468,0,77,,5966506049745,
2026-08-19 00:20:02.510,pulse_batch,x,,,,,-2,,4488,-294,-470,0,77,,5966527587039,
2026-08-19 00:20:02.530,pulse_batch,x,,,,,-2,,4490,-296,-472,0,77,,5966548109064,
2026-08-19 00:20:02.551,pulse_batch,x,,,,,-2,,4492,-298,-474,0,77,,5966568485220,
2026-08-19 00:20:02.575,pulse_batch,x,,,,,-2,,4494,-300,-476,0,77,,5966592711713,
2026-08-19 00:20:02.597,pulse_batch,x,,,,,-2,,4496,-302,-478,0,77,,5966614369580,
2026-08-19 00:20:02.617,pulse_batch,x,,,,,-2,,4498,-304,-480,0,77,,5966634738496,
2026-08-19 00:20:02.638,pulse_batch,x,,,,,-2,,4500,-306,-482,0,77,,5966655499760,
2026-08-19 00:20:02.659,pulse_batch,x,,,,,-2,,4502,-308,-484,0,77,,5966676568854,
2026-08-19 00:20:02.679,pulse_batch,x,,,,,-2,,4504,-310,-486,0,77,,5966697171193,
2026-08-19 00:20:02.700,pulse_batch,x,,,,,-2,,4506,-312,-488,0,77,,5966717522350,
2026-08-19 00:20:02.720,pulse_batch,x,,,,,-2,,4508,-314,-490,0,77,,5966738007709,
2026-08-19 00:20:02.741,pulse_batch,x,,,,,-2,,4510,-316,-492,0,77,,5966758575456,
2026-08-19 00:20:02.762,pulse_batch,x,,,,,-2,,4512,-318,-494,0,77,,5966780111120,
2026-08-19 00:20:02.783,pulse_batch,x,,,,,-2,,4514,-320,-496,0,77,,5966800526202,
2026-08-19 00:20:02.806,pulse_batch,x,,,,,-2,,4516,-322,-498,0,77,,5966824087719,
2026-08-19 00:20:02.827,pulse_batch,x,,,,,-2,,4518,-324,-500,0,77,,5966844479097,
2026-08-19 00:20:02.848,pulse_batch,x,,,,,-2,,4520,-326,-502,0,77,,5966866090743,
2026-08-19 00:20:02.871,pulse_batch,x,,,,,-2,,4522,-328,-504,0,77,,5966888751490,
2026-08-19 00:20:02.891,pulse_batch,x,,,,,-2,,4524,-330,-506,0,77,,5966909100368,
2026-08-19 00:20:02.915,pulse_batch,x,,,,,-2,,4526,-332,-508,0,77,,5966932674293,
2026-08-19 00:20:02.938,pulse_batch,x,,,,,-2,,4528,-334,-510,0,77,,5966955470706,
2026-08-19 00:20:02.958,pulse_batch,x,,,,,-2,,4530,-336,-512,0,77,,5966975862454,
2026-08-19 00:20:02.981,pulse_batch,x,,,,,-2,,4532,-338,-514,0,77,,5966998849125,
2026-08-19 00:20:03.002,pulse_batch,x,,,,,-2,,4534,-340,-516,0,77,,5967019281151,
2026-08-19 00:20:03.022,pulse_batch,x,,,,,-2,,4536,-342,-518,0,77,,5967039601696,
2026-08-19 00:20:03.043,pulse_batch,x,,,,,-2,,4538,-344,-520,0,77,,5967060408219,
2026-08-19 00:20:03.064,pulse_batch,x,,,,,-2,,4540,-346,-522,0,77,,5967081419129,
2026-08-19 00:20:03.084,pulse_batch,x,,,,,-2,,4542,-348,-524,0,77,,5967101822526,
2026-08-19 00:20:03.105,pulse_batch,x,,,,,-2,,4544,-350,-526,0,77,,5967122538272,
2026-08-19 00:20:03.126,pulse_batch,x,,,,,-2,,4546,-352,-528,0,77,,5967143378035,
2026-08-19 00:20:03.146,pulse_batch,x,,,,,-2,,4548,-354,-530,0,77,,5967163813709,
2026-08-19 00:20:03.167,pulse_batch,x,,,,,-2,,4550,-356,-532,0,77,,5967184293309,
2026-08-19 00:20:03.187,pulse_batch,x,,,,,-2,,4552,-358,-534,0,77,,5967204809038,
2026-08-19 00:20:03.208,pulse_batch,x,,,,,-2,,4554,-360,-536,0,77,,5967225318582,
2026-08-19 00:20:03.228,pulse_batch,x,,,,,-2,,4556,-362,-538,0,77,,5967245682701,
2026-08-19 00:20:03.249,pulse_batch,x,,,,,-2,,4558,-364,-540,0,77,,5967266448595,
2026-08-19 00:20:03.269,pulse_batch,x,,,,,-2,,4560,-366,-542,0,77,,5967286890843,
2026-08-19 00:20:03.289,pulse_batch,x,,,,,-2,,4562,-368,-544,0,77,,5967307217963,
2026-08-19 00:20:03.310,pulse_batch,x,,,,,-2,,4564,-370,-546,0,77,,5967327871709,
2026-08-19 00:20:03.331,pulse_batch,x,,,,,-2,,4566,-372,-548,0,77,,5967348333346,
2026-08-19 00:20:03.351,pulse_batch,x,,,,,-2,,4568,-374,-550,0,77,,5967368705188,
2026-08-19 00:20:03.372,pulse_batch,x,,,,,-2,,4570,-376,-552,0,77,,5967389247954,
2026-08-19 00:20:03.392,pulse_batch,x,,,,,-2,,4572,-378,-554,0,77,,5967409759905,
2026-08-19 00:20:03.412,pulse_batch,x,,,,,-2,,4574,-380,-556,0,77,,5967430186727,
2026-08-19 00:20:03.433,pulse_batch,x,,,,,-2,,4576,-382,-558,0,77,,5967450881047,
2026-08-19 00:20:03.454,pulse_batch,x,,,,,-2,,4578,-384,-560,0,77,,5967471386499,
2026-08-19 00:20:03.474,pulse_batch,x,,,,,-2,,4580,-386,-562,0,77,,5967491976431,
2026-08-19 00:20:03.495,pulse_batch,x,,,,,-2,,4582,-388,-564,0,77,,5967512344661,
2026-08-19 00:20:03.515,pulse_batch,x,,,,,-2,,4584,-390,-566,0,77,,5967532803095,
2026-08-19 00:20:03.536,pulse_batch,x,,,,,-2,,4586,-392,-568,0,77,,5967553257269,
2026-08-19 00:20:03.556,pulse_batch,x,,,,,-2,,4588,-394,-570,0,77,,5967573634388,
2026-08-19 00:20:03.577,pulse_batch,x,,,,,-2,,4590,-396,-572,0,77,,5967594376633,
2026-08-19 00:20:03.597,pulse_batch,x,,,,,-2,,4592,-398,-574,0,77,,5967614922770,
2026-08-19 00:20:03.618,pulse_batch,x,,,,,-2,,4594,-400,-576,0,77,,5967635332111,
2026-08-19 00:20:03.638,pulse_batch,x,,,,,-2,,4596,-402,-578,0,77,,5967655719804,
2026-08-19 00:20:03.659,pulse_batch,x,,,,,-2,,4598,-404,-580,0,77,,5967676284292,
2026-08-19 00:20:03.679,pulse_batch,x,,,,,-2,,4600,-406,-582,0,77,,5967696784336,
2026-08-19 00:20:03.699,pulse_batch,x,,,,,-2,,4602,-408,-584,0,77,,5967717144696,
2026-08-19 00:20:03.720,pulse_batch,x,,,,,-2,,4604,-410,-586,0,77,,5967737893108,
2026-08-19 00:20:03.741,pulse_batch,x,,,,,-2,,4606,-412,-588,0,77,,5967758452818,
2026-08-19 00:20:03.761,pulse_batch,x,,,,,-2,,4608,-414,-590,0,77,,5967778795419,
2026-08-19 00:20:03.782,pulse_batch,x,,,,,-2,,4610,-416,-592,0,77,,5967799990680,
2026-08-19 00:20:03.803,pulse_batch,x,,,,,-2,,4612,-418,-594,0,77,,5967820484835,
2026-08-19 00:20:03.823,pulse_batch,x,,,,,-2,,4614,-420,-596,0,77,,5967840817806,
2026-08-19 00:20:03.844,pulse_batch,x,,,,,-2,,4616,-422,-598,0,77,,5967861703384,
2026-08-19 00:20:03.865,pulse_batch,x,,,,,-2,,4618,-424,-600,0,77,,5967882278187,
2026-08-19 00:20:03.885,pulse_batch,x,,,,,-2,,4620,-426,-602,0,77,,5967902661380,
2026-08-19 00:20:03.906,pulse_batch,x,,,,,-2,,4622,-428,-604,0,77,,5967923264701,
2026-08-19 00:20:03.926,pulse_batch,x,,,,,-2,,4624,-430,-606,0,77,,5967943787059,
2026-08-19 00:20:03.946,pulse_batch,x,,,,,-2,,4626,-432,-608,0,77,,5967964211104,
2026-08-19 00:20:03.967,pulse_batch,x,,,,,-2,,4628,-434,-610,0,77,,5967984696815,
2026-08-19 00:20:03.988,pulse_batch,x,,,,,-2,,4630,-436,-612,0,77,,5968005265414,
2026-08-19 00:20:04.008,pulse_batch,x,,,,,-2,,4632,-438,-614,0,77,,5968025696218,
2026-08-19 00:20:04.028,pulse_batch,x,,,,,-2,,4634,-440,-616,0,77,,5968046113263,
2026-08-19 00:20:04.049,pulse_batch,x,,,,,-2,,4636,-442,-618,0,77,,5968066659251,
2026-08-19 00:20:04.069,pulse_batch,x,,,,,-2,,4638,-444,-620,0,77,,5968087090759,
2026-08-19 00:20:04.090,pulse_batch,x,,,,,-2,,4640,-446,-622,0,77,,5968107453322,
2026-08-19 00:20:04.110,pulse_batch,x,,,,,-2,,4642,-448,-624,0,77,,5968127925793,
2026-08-19 00:20:04.131,pulse_batch,x,,,,,-2,,4644,-450,-626,0,77,,5968148489948,
2026-08-19 00:20:04.151,pulse_batch,x,,,,,-2,,4646,-452,-628,0,77,,5968168847937,
2026-08-19 00:20:04.172,pulse_batch,x,,,,,-2,,4648,-454,-630,0,77,,5968189572239,
2026-08-19 00:20:04.192,pulse_batch,x,,,,,-2,,4650,-456,-632,0,77,,5968210022061,
2026-08-19 00:20:04.213,pulse_batch,x,,,,,-2,,4652,-458,-634,0,77,,5968230591123,
2026-08-19 00:20:04.234,pulse_batch,x,,,,,-2,,4654,-460,-636,0,77,,5968251288369,
2026-08-19 00:20:04.254,pulse_batch,x,,,,,-2,,4656,-462,-638,0,77,,5968271797376,
2026-08-19 00:20:04.275,pulse_batch,x,,,,,-2,,4658,-464,-640,0,77,,5968292300606,
2026-08-19 00:20:04.295,pulse_batch,x,,,,,-2,,4660,-466,-642,0,77,,5968312685707,
2026-08-19 00:20:04.316,pulse_batch,x,,,,,-2,,4662,-468,-644,0,77,,5968333245528,
2026-08-19 00:20:04.337,pulse_batch,x,,,,,-2,,4664,-470,-646,0,77,,5968354749323,
2026-08-19 00:20:04.357,pulse_batch,x,,,,,-2,,4666,-472,-648,0,77,,5968375081239,
2026-08-19 00:20:04.378,pulse_batch,x,,,,,-2,,4668,-474,-650,0,77,,5968395930002,
2026-08-19 00:20:04.401,pulse_batch,x,,,,,-2,,4670,-476,-652,0,77,,5968418464529,
2026-08-19 00:20:04.421,pulse_batch,x,,,,,-2,,4672,-478,-654,0,77,,5968438838814,
2026-08-19 00:20:04.444,pulse_batch,x,,,,,-2,,4674,-480,-656,0,77,,5968461614191,
2026-08-19 00:20:04.464,pulse_batch,x,,,,,-2,,4676,-482,-658,0,77,,5968482238067,
2026-08-19 00:20:04.485,pulse_batch,x,,,,,-2,,4678,-484,-660,0,77,,5968502620464,
2026-08-19 00:20:04.505,pulse_batch,x,,,,,-2,,4680,-486,-662,0,77,,5968523001880,
2026-08-19 00:20:04.527,pulse_batch,x,,,,,-2,,4682,-488,-664,0,77,,5968545033133,
2026-08-19 00:20:04.548,pulse_batch,x,,,,,-2,,4684,-490,-666,0,77,,5968565437493,
2026-08-19 00:20:04.568,pulse_batch,x,,,,,-2,,4686,-492,-668,0,77,,5968585801557,
2026-08-19 00:20:04.589,pulse_batch,x,,,,,-2,,4688,-494,-670,0,77,,5968606479432,
2026-08-19 00:20:04.609,pulse_batch,x,,,,,-2,,4690,-496,-672,0,77,,5968626920218,
2026-08-19 00:20:04.629,pulse_batch,x,,,,,-2,,4692,-498,-674,0,77,,5968647254226,
2026-08-19 00:20:04.650,pulse_batch,x,,,,,-2,,4694,-500,-676,0,77,,5968667924806,
2026-08-19 00:20:04.671,pulse_batch,x,,,,,-2,,4696,-502,-678,0,77,,5968688347425,
2026-08-19 00:20:04.691,pulse_batch,x,,,,,-2,,4698,-504,-680,0,77,,5968708719137,
2026-08-19 00:20:04.715,pulse_batch,x,,,,,-2,,4700,-506,-682,0,77,,5968733183684,
2026-08-19 00:20:04.740,pulse_batch,x,,,,,-2,,4702,-508,-684,0,77,,5968757735915,
2026-08-19 00:20:04.760,pulse_batch,x,,,,,-2,,4704,-510,-686,0,77,,5968778115405,
2026-08-19 00:20:04.783,pulse_batch,x,,,,,-2,,4706,-512,-688,0,77,,5968800625654,
2026-08-19 00:20:04.806,pulse_batch,x,,,,,-2,,4708,-514,-690,0,77,,5968823461918,
2026-08-19 00:20:04.826,pulse_batch,x,,,,,-2,,4710,-516,-692,0,77,,5968843876111,
2026-08-19 00:20:04.850,pulse_batch,x,,,,,-2,,4712,-518,-694,0,77,,5968867758441,
2026-08-19 00:20:04.870,pulse_batch,x,,,,,-2,,4714,-520,-696,0,77,,5968888161190,
2026-08-19 00:20:04.891,pulse_batch,x,,,,,-2,,4716,-522,-698,0,77,,5968908473384,
2026-08-19 00:20:04.912,pulse_batch,x,,,,,-2,,4718,-524,-700,0,77,,5968929529867,
2026-08-19 00:20:04.932,pulse_batch,x,,,,,-2,,4720,-526,-702,0,77,,5968949955301,
2026-08-19 00:20:04.953,pulse_batch,x,,,,,-2,,4722,-528,-704,0,77,,5968970308309,
2026-08-19 00:20:04.973,pulse_batch,x,,,,,-2,,4724,-530,-706,0,77,,5968991201406,
2026-08-19 00:20:04.994,pulse_batch,x,,,,,-2,,4726,-532,-708,0,77,,5969011901319,
2026-08-19 00:20:05.014,pulse_batch,x,,,,,-2,,4728,-534,-710,0,77,,5969032241179,
2026-08-19 00:20:05.035,pulse_batch,x,,,,,-2,,4730,-536,-712,0,77,,5969052632558,
2026-08-19 00:20:05.055,pulse_batch,x,,,,,-2,,4732,-538,-714,0,77,,5969073200212,
2026-08-19 00:20:05.061,move_finish,x,,,3,,,,4732,-538,-714,0,77,,5969078421260,
2026-08-19 00:20:05.235,approach_source_finish,x,1,stored,,,,-1,,-538,-714,0,77,-714,,
2026-08-19 00:20:05.235,approach_source_finish,y,1,stored,,,,1,,-6,98,0,4,98,,
2026-08-19 00:20:05.240,move_start,y,,,4,18,,1,274,-6,98,0,4,,5969258106996,
2026-08-19 00:20:05.240,move_start,x,,,4,-87,,-1,4732,-538,-714,0,77,,5969258037756,
2026-08-19 00:20:05.246,pulse_batch,x,,,,,-1,,4733,-539,-715,0,77,,5969263677633,
2026-08-19 00:20:05.246,pulse_batch,y,,,,,1,,275,-5,98,1,4,,5969263585634,
2026-08-19 00:20:05.266,pulse_batch,x,,,,,-2,,4735,-541,-717,0,77,,5969284108752,
2026-08-19 00:20:05.267,pulse_batch,y,,,,,2,,277,-3,98,3,4,,5969284449453,
2026-08-19 00:20:05.287,pulse_batch,x,,,,,-2,,4737,-543,-719,0,77,,5969304480057,
2026-08-19 00:20:05.287,pulse_batch,y,,,,,2,,279,-1,99,4,4,,5969304743147,
2026-08-19 00:20:05.307,pulse_batch,x,,,,,-2,,4739,-545,-721,0,77,,5969324871195,
2026-08-19 00:20:05.307,pulse_batch,y,,,,,2,,281,1,101,4,4,,5969325077674,
2026-08-19 00:20:05.328,pulse_batch,x,,,,,-2,,4741,-547,-723,0,77,,5969345334406,
2026-08-19 00:20:05.328,pulse_batch,y,,,,,2,,283,3,103,4,4,,5969345746162,
2026-08-19 00:20:05.348,pulse_batch,x,,,,,-2,,4743,-549,-725,0,77,,5969365654359,
2026-08-19 00:20:05.348,pulse_batch,y,,,,,2,,285,5,105,4,4,,5969366038208,
2026-08-19 00:20:05.368,pulse_batch,x,,,,,-2,,4745,-551,-727,0,77,,5969386089145,
2026-08-19 00:20:05.369,pulse_batch,y,,,,,2,,287,7,107,4,4,,5969386367216,
2026-08-19 00:20:05.389,pulse_batch,x,,,,,-2,,4747,-553,-729,0,77,,5969406942501,
2026-08-19 00:20:05.389,pulse_batch,y,,,,,2,,289,9,109,4,4,,5969407228184,
2026-08-19 00:20:05.410,pulse_batch,x,,,,,-2,,4749,-555,-731,0,77,,5969427460619,
2026-08-19 00:20:05.410,pulse_batch,y,,,,,2,,291,11,111,4,4,,5969427758154,
2026-08-19 00:20:05.425,pulse_batch,y,,,,,1,,292,12,112,4,4,,5969442972688,
2026-08-19 00:20:05.425,move_finish,y,,,4,,,,292,12,112,4,4,,5969443177372,
2026-08-19 00:20:05.430,pulse_batch,x,,,,,-2,,4751,-557,-733,0,77,,5969447938293,
2026-08-19 00:20:05.452,pulse_batch,x,,,,,-2,,4753,-559,-735,0,77,,5969469500402,
2026-08-19 00:20:05.474,pulse_batch,x,,,,,-2,,4755,-561,-737,0,77,,5969491714543,
2026-08-19 00:20:05.494,pulse_batch,x,,,,,-2,,4757,-563,-739,0,77,,5969512083033,
2026-08-19 00:20:05.518,pulse_batch,x,,,,,-2,,4759,-565,-741,0,77,,5969532650410,
2026-08-19 00:20:05.535,pulse_batch,x,,,,,-2,,4761,-567,-743,0,77,,5969553043862,
2026-08-19 00:20:05.556,pulse_batch,x,,,,,-2,,4763,-569,-745,0,77,,5969573475130,
2026-08-19 00:20:05.579,pulse_batch,x,,,,,-2,,4765,-571,-747,0,77,,5969596129766,
2026-08-19 00:20:05.601,pulse_batch,x,,,,,-2,,4767,-573,-749,0,77,,5969618350962,
2026-08-19 00:20:05.621,pulse_batch,x,,,,,-2,,4769,-575,-751,0,77,,5969638730082,
2026-08-19 00:20:05.642,pulse_batch,x,,,,,-2,,4771,-577,-753,0,77,,5969659425624,
2026-08-19 00:20:05.662,pulse_batch,x,,,,,-2,,4773,-579,-755,0,77,,5969680098611,
2026-08-19 00:20:05.683,pulse_batch,x,,,,,-2,,4775,-581,-757,0,77,,5969700436750,
2026-08-19 00:20:05.703,pulse_batch,x,,,,,-2,,4777,-583,-759,0,77,,5969721237421,
2026-08-19 00:20:05.726,pulse_batch,x,,,,,-2,,4779,-585,-761,0,77,,5969744087593,
2026-08-19 00:20:05.747,pulse_batch,x,,,,,-2,,4781,-587,-763,0,77,,5969764427324,
2026-08-19 00:20:05.769,pulse_batch,x,,,,,-2,,4783,-589,-765,0,77,,5969786446263,
2026-08-19 00:20:05.789,pulse_batch,x,,,,,-2,,4785,-591,-767,0,77,,5969806841067,
2026-08-19 00:20:05.810,pulse_batch,x,,,,,-2,,4787,-593,-769,0,77,,5969827280149,
2026-08-19 00:20:05.830,pulse_batch,x,,,,,-2,,4789,-595,-771,0,77,,5969848126820,
2026-08-19 00:20:05.851,pulse_batch,x,,,,,-2,,4791,-597,-773,0,77,,5969868702975,
2026-08-19 00:20:05.871,pulse_batch,x,,,,,-2,,4793,-599,-775,0,77,,5969889069076,
2026-08-19 00:20:05.892,pulse_batch,x,,,,,-2,,4795,-601,-777,0,77,,5969909377584,
2026-08-19 00:20:05.912,pulse_batch,x,,,,,-2,,4797,-603,-779,0,77,,5969930031072,
2026-08-19 00:20:05.933,pulse_batch,x,,,,,-2,,4799,-605,-781,0,77,,5969950505561,
2026-08-19 00:20:05.953,pulse_batch,x,,,,,-2,,4801,-607,-783,0,77,,5969970873977,
2026-08-19 00:20:05.974,pulse_batch,x,,,,,-2,,4803,-609,-785,0,77,,5969991905535,
2026-08-19 00:20:05.996,pulse_batch,x,,,,,-2,,4805,-611,-787,0,77,,5970013318256,
2026-08-19 00:20:06.016,pulse_batch,x,,,,,-2,,4807,-613,-789,0,77,,5970033870856,
2026-08-19 00:20:06.036,pulse_batch,x,,,,,-2,,4809,-615,-791,0,77,,5970054264049,
2026-08-19 00:20:06.057,pulse_batch,x,,,,,-2,,4811,-617,-793,0,77,,5970074634743,
2026-08-19 00:20:06.077,pulse_batch,x,,,,,-2,,4813,-619,-795,0,77,,5970095125862,
2026-08-19 00:20:06.098,pulse_batch,x,,,,,-2,,4815,-621,-797,0,77,,5970115511426,
2026-08-19 00:20:06.118,pulse_batch,x,,,,,-2,,4817,-623,-799,0,77,,5970136045785,
2026-08-19 00:20:06.139,pulse_batch,x,,,,,-2,,4819,-625,-801,0,77,,5970156449515,
2026-08-19 00:20:06.144,move_finish,x,,,4,,,,4819,-625,-801,0,77,,5970161578378,
2026-08-19 00:20:06.301,target_finish,x,1,stored,,,,,,-625,-801,0,77,-801,,ok=True
2026-08-19 00:20:06.301,target_finish,y,1,stored,,,,,,12,112,4,4,112,,ok=True
2026-08-19 00:20:13.250,continuous_start,x,,,,,,1,4819,-625,-801,0,77,,5977267977627,
2026-08-19 00:20:13.256,pulse_batch,x,,,,,1,,4820,-624,-801,1,77,,5977273413988,
2026-08-19 00:20:13.279,pulse_batch,x,,,,,2,,4822,-622,-801,3,77,,5977297224023,
2026-08-19 00:20:13.300,pulse_batch,x,,,,,2,,4824,-620,-801,5,77,,5977317561588,
2026-08-19 00:20:13.320,pulse_batch,x,,,,,2,,4826,-618,-801,7,77,,5977338251169,
2026-08-19 00:20:13.342,pulse_batch,x,,,,,2,,4828,-616,-801,9,77,,5977359594189,
2026-08-19 00:20:13.362,pulse_batch,x,,,,,2,,4830,-614,-801,11,77,,5977379924809,
2026-08-19 00:20:13.383,pulse_batch,x,,,,,2,,4832,-612,-801,13,77,,5977400591020,
2026-08-19 00:20:13.404,pulse_batch,x,,,,,2,,4834,-610,-801,15,77,,5977421387341,
2026-08-19 00:20:13.424,pulse_batch,x,,,,,2,,4836,-608,-801,17,77,,5977441826923,
2026-08-19 00:20:13.445,pulse_batch,x,,,,,2,,4838,-606,-801,19,77,,5977462240729,
2026-08-19 00:20:13.465,pulse_batch,x,,,,,2,,4840,-604,-801,21,77,,5977482731941,
2026-08-19 00:20:13.485,pulse_batch,x,,,,,2,,4842,-602,-801,23,77,,5977503084191,
2026-08-19 00:20:13.506,pulse_batch,x,,,,,2,,4844,-600,-801,25,77,,5977523435682,
2026-08-19 00:20:13.526,pulse_batch,x,,,,,2,,4846,-598,-801,27,77,,5977543871913,
2026-08-19 00:20:13.547,pulse_batch,x,,,,,2,,4848,-596,-801,29,77,,5977564389847,
2026-08-19 00:20:13.567,pulse_batch,x,,,,,2,,4850,-594,-801,31,77,,5977584715653,
2026-08-19 00:20:13.587,pulse_batch,x,,,,,2,,4852,-592,-801,33,77,,5977605219125,
2026-08-19 00:20:13.608,pulse_batch,x,,,,,2,,4854,-590,-801,35,77,,5977625629541,
2026-08-19 00:20:13.628,pulse_batch,x,,,,,2,,4856,-588,-801,37,77,,5977645967458,
2026-08-19 00:20:13.649,pulse_batch,x,,,,,2,,4858,-586,-801,39,77,,5977666632761,
2026-08-19 00:20:13.669,pulse_batch,x,,,,,2,,4860,-584,-801,41,77,,5977687223195,
2026-08-19 00:20:13.690,pulse_batch,x,,,,,2,,4862,-582,-801,43,77,,5977707572353,
2026-08-19 00:20:13.710,pulse_batch,x,,,,,2,,4864,-580,-801,45,77,,5977727973973,
2026-08-19 00:20:13.731,pulse_batch,x,,,,,2,,4866,-578,-801,47,77,,5977748420556,
2026-08-19 00:20:13.751,pulse_batch,x,,,,,2,,4868,-576,-801,49,77,,5977768823491,
2026-08-19 00:20:13.771,pulse_batch,x,,,,,2,,4870,-574,-801,51,77,,5977789211852,
2026-08-19 00:20:13.792,pulse_batch,x,,,,,2,,4872,-572,-801,53,77,,5977810177949,
2026-08-19 00:20:13.813,pulse_batch,x,,,,,2,,4874,-570,-801,55,77,,5977830650920,
2026-08-19 00:20:13.833,pulse_batch,x,,,,,2,,4876,-568,-801,57,77,,5977851039355,
2026-08-19 00:20:13.854,pulse_batch,x,,,,,2,,4878,-566,-801,59,77,,5977871590974,
2026-08-19 00:20:13.874,pulse_batch,x,,,,,2,,4880,-564,-801,61,77,,5977891975761,
2026-08-19 00:20:13.895,pulse_batch,x,,,,,2,,4882,-562,-801,63,77,,5977912292530,
2026-08-19 00:20:13.916,pulse_batch,x,,,,,2,,4884,-560,-801,65,77,,5977932926352,
2026-08-19 00:20:13.936,pulse_batch,x,,,,,2,,4886,-558,-801,67,77,,5977953387194,
2026-08-19 00:20:13.956,pulse_batch,x,,,,,2,,4888,-556,-801,69,77,,5977973791277,
2026-08-19 00:20:13.978,pulse_batch,x,,,,,2,,4890,-554,-801,71,77,,5977995304370,
2026-08-19 00:20:13.998,pulse_batch,x,,,,,2,,4892,-552,-801,73,77,,5978015820007,
2026-08-19 00:20:14.018,pulse_batch,x,,,,,2,,4894,-550,-801,75,77,,5978036194184,
2026-08-19 00:20:14.040,pulse_batch,x,,,,,2,,4896,-548,-801,77,77,,5978057779442,
2026-08-19 00:20:14.061,pulse_batch,x,,,,,2,,4898,-546,-799,77,77,,5978078306839,
2026-08-19 00:20:14.081,pulse_batch,x,,,,,2,,4900,-544,-797,77,77,,5978098708459,
2026-08-19 00:20:14.101,pulse_batch,x,,,,,2,,4902,-542,-795,77,77,,5978119031636,
2026-08-19 00:20:14.125,pulse_batch,x,,,,,2,,4904,-540,-793,77,77,,5978143121447,
2026-08-19 00:20:14.146,pulse_batch,x,,,,,2,,4906,-538,-791,77,77,,5978163635677,
2026-08-19 00:20:14.166,pulse_batch,x,,,,,2,,4908,-536,-789,77,77,,5978183988650,
2026-08-19 00:20:14.187,pulse_batch,x,,,,,2,,4910,-534,-787,77,77,,5978204885803,
2026-08-19 00:20:14.208,pulse_batch,x,,,,,2,,4912,-532,-785,77,77,,5978225477088,
2026-08-19 00:20:14.228,pulse_batch,x,,,,,2,,4914,-530,-783,77,77,,5978245824672,
2026-08-19 00:20:14.250,pulse_batch,x,,,,,2,,4916,-528,-781,77,77,,5978267453875,
2026-08-19 00:20:14.270,pulse_batch,x,,,,,2,,4918,-526,-779,77,77,,5978288091011,
2026-08-19 00:20:14.291,pulse_batch,x,,,,,2,,4920,-524,-777,77,77,,5978308457206,
2026-08-19 00:20:14.311,pulse_batch,x,,,,,2,,4922,-522,-775,77,77,,5978328856345,
2026-08-19 00:20:14.335,pulse_batch,x,,,,,2,,4924,-520,-773,77,77,,5978352871657,
2026-08-19 00:20:14.356,pulse_batch,x,,,,,2,,4926,-518,-771,77,77,,5978373276110,
2026-08-19 00:20:14.376,pulse_batch,x,,,,,2,,4928,-516,-769,77,77,,5978393612065,
2026-08-19 00:20:14.397,pulse_batch,x,,,,,2,,4930,-514,-767,77,77,,5978415022547,
2026-08-19 00:20:14.418,pulse_batch,x,,,,,2,,4932,-512,-765,77,77,,5978435581036,
2026-08-19 00:20:14.438,pulse_batch,x,,,,,2,,4934,-510,-763,77,77,,5978455945157,
2026-08-19 00:20:14.459,pulse_batch,x,,,,,2,,4936,-508,-761,77,77,,5978476791847,
2026-08-19 00:20:14.479,pulse_batch,x,,,,,2,,4938,-506,-759,77,77,,5978497207430,
2026-08-19 00:20:14.500,pulse_batch,x,,,,,2,,4940,-504,-757,77,77,,5978517533552,
2026-08-19 00:20:14.520,pulse_batch,x,,,,,2,,4942,-502,-755,77,77,,5978538207521,
2026-08-19 00:20:14.541,pulse_batch,x,,,,,2,,4944,-500,-753,77,77,,5978558636512,
2026-08-19 00:20:14.561,pulse_batch,x,,,,,2,,4946,-498,-751,77,77,,5978579023318,
2026-08-19 00:20:14.582,pulse_batch,x,,,,,2,,4948,-496,-749,77,77,,5978599707991,
2026-08-19 00:20:14.602,pulse_batch,x,,,,,2,,4950,-494,-747,77,77,,5978620212185,
2026-08-19 00:20:14.623,pulse_batch,x,,,,,2,,4952,-492,-745,77,77,,5978640556398,
2026-08-19 00:20:14.644,pulse_batch,x,,,,,2,,4954,-490,-743,77,77,,5978661267775,
2026-08-19 00:20:14.664,pulse_batch,x,,,,,2,,4956,-488,-741,77,77,,5978681739506,
2026-08-19 00:20:14.684,pulse_batch,x,,,,,2,,4958,-486,-739,77,77,,5978702177404,
2026-08-19 00:20:14.705,pulse_batch,x,,,,,2,,4960,-484,-737,77,77,,5978722516636,
2026-08-19 00:20:14.725,pulse_batch,x,,,,,2,,4962,-482,-735,77,77,,5978742955071,
2026-08-19 00:20:14.747,pulse_batch,x,,,,,2,,4964,-480,-733,77,77,,5978764360219,
2026-08-19 00:20:14.767,pulse_batch,x,,,,,2,,4966,-478,-731,77,77,,5978784751803,
2026-08-19 00:20:14.789,pulse_batch,x,,,,,2,,4968,-476,-729,77,77,,5978806800798,
2026-08-19 00:20:14.809,pulse_batch,x,,,,,2,,4970,-474,-727,77,77,,5978827210455,
2026-08-19 00:20:14.830,pulse_batch,x,,,,,2,,4972,-472,-725,77,77,,5978847531262,
2026-08-19 00:20:14.850,pulse_batch,x,,,,,2,,4974,-470,-723,77,77,,5978868017474,
2026-08-19 00:20:14.871,pulse_batch,x,,,,,2,,4976,-468,-721,77,77,,5978888510556,
2026-08-19 00:20:14.891,pulse_batch,x,,,,,2,,4978,-466,-719,77,77,,5978908855659,
2026-08-19 00:20:14.912,pulse_batch,x,,,,,2,,4980,-464,-717,77,77,,5978929348204,
2026-08-19 00:20:14.932,pulse_batch,x,,,,,2,,4982,-462,-715,77,77,,5978949853731,
2026-08-19 00:20:14.952,pulse_batch,x,,,,,2,,4984,-460,-713,77,77,,5978970159797,
2026-08-19 00:20:14.973,pulse_batch,x,,,,,2,,4986,-458,-711,77,77,,5978990519066,
2026-08-19 00:20:14.993,pulse_batch,x,,,,,2,,4988,-456,-709,77,77,,5979010981834,
2026-08-19 00:20:15.014,pulse_batch,x,,,,,2,,4990,-454,-707,77,77,,5979031456305,
2026-08-19 00:20:15.034,pulse_batch,x,,,,,2,,4992,-452,-705,77,77,,5979051765741,
2026-08-19 00:20:15.055,pulse_batch,x,,,,,2,,4994,-450,-703,77,77,,5979072302527,
2026-08-19 00:20:15.075,pulse_batch,x,,,,,2,,4996,-448,-701,77,77,,5979092744240,
2026-08-19 00:20:15.095,pulse_batch,x,,,,,2,,4998,-446,-699,77,77,,5979113075861,
2026-08-19 00:20:15.116,pulse_batch,x,,,,,2,,5000,-444,-697,77,77,,5979133802535,
2026-08-19 00:20:15.136,pulse_batch,x,,,,,2,,5002,-442,-695,77,77,,5979154219951,
2026-08-19 00:20:15.157,pulse_batch,x,,,,,2,,5004,-440,-693,77,77,,5979174584146,
2026-08-19 00:20:15.178,pulse_batch,x,,,,,2,,5006,-438,-691,77,77,,5979195300208,
2026-08-19 00:20:15.198,pulse_batch,x,,,,,2,,5008,-436,-689,77,77,,5979215745217,
2026-08-19 00:20:15.218,pulse_batch,x,,,,,2,,5010,-434,-687,77,77,,5979236154393,
2026-08-19 00:20:15.239,pulse_batch,x,,,,,2,,5012,-432,-685,77,77,,5979257197453,
2026-08-19 00:20:15.260,pulse_batch,x,,,,,2,,5014,-430,-683,77,77,,5979277669647,
2026-08-19 00:20:15.280,pulse_batch,x,,,,,2,,5016,-428,-681,77,77,,5979298182229,
2026-08-19 00:20:15.301,pulse_batch,x,,,,,2,,5018,-426,-679,77,77,,5979318590127,
2026-08-19 00:20:15.321,pulse_batch,x,,,,,2,,5020,-424,-677,77,77,,5979339192043,
2026-08-19 00:20:15.342,pulse_batch,x,,,,,2,,5022,-422,-675,77,77,,5979359545978,
2026-08-19 00:20:15.362,pulse_batch,x,,,,,2,,5024,-420,-673,77,77,,5979379867359,
2026-08-19 00:20:15.383,pulse_batch,x,,,,,2,,5026,-418,-671,77,77,,5979401078194,
2026-08-19 00:20:15.404,pulse_batch,x,,,,,2,,5028,-416,-669,77,77,,5979421528870,
2026-08-19 00:20:15.424,pulse_batch,x,,,,,2,,5030,-414,-667,77,77,,5979441873547,
2026-08-19 00:20:15.445,pulse_batch,x,,,,,2,,5032,-412,-665,77,77,,5979462412314,
2026-08-19 00:20:15.466,pulse_batch,x,,,,,2,,5034,-410,-663,77,77,,5979483455188,
2026-08-19 00:20:15.486,pulse_batch,x,,,,,2,,5036,-408,-661,77,77,,5979503807920,
2026-08-19 00:20:15.510,pulse_batch,x,,,,,2,,5038,-406,-659,77,77,,5979528093526,
2026-08-19 00:20:15.532,pulse_batch,x,,,,,2,,5040,-404,-657,77,77,,5979549275121,
2026-08-19 00:20:15.552,pulse_batch,x,,,,,2,,5042,-402,-655,77,77,,5979569593057,
2026-08-19 00:20:15.572,pulse_batch,x,,,,,2,,5044,-400,-653,77,77,,5979589930160,
2026-08-19 00:20:15.593,pulse_batch,x,,,,,2,,5046,-398,-651,77,77,,5979611075107,
2026-08-19 00:20:15.614,pulse_batch,x,,,,,2,,5048,-396,-649,77,77,,5979631519264,
2026-08-19 00:20:15.634,pulse_batch,x,,,,,2,,5050,-394,-647,77,77,,5979651837145,
2026-08-19 00:20:15.655,pulse_batch,x,,,,,2,,5052,-392,-645,77,77,,5979672651688,
2026-08-19 00:20:15.675,pulse_batch,x,,,,,2,,5054,-390,-643,77,77,,5979693027882,
2026-08-19 00:20:15.696,pulse_batch,x,,,,,2,,5056,-388,-641,77,77,,5979713399670,
2026-08-19 00:20:15.716,pulse_batch,x,,,,,2,,5058,-386,-639,77,77,,5979734192120,
2026-08-19 00:20:15.737,pulse_batch,x,,,,,2,,5060,-384,-637,77,77,,5979754634000,
2026-08-19 00:20:15.757,pulse_batch,x,,,,,2,,5062,-382,-635,77,77,,5979775002102,
2026-08-19 00:20:15.778,pulse_batch,x,,,,,2,,5064,-380,-633,77,77,,5979795629184,
2026-08-19 00:20:15.798,pulse_batch,x,,,,,2,,5066,-378,-631,77,77,,5979816103063,
2026-08-19 00:20:15.819,pulse_batch,x,,,,,2,,5068,-376,-629,77,77,,5979836433221,
2026-08-19 00:20:15.839,pulse_batch,x,,,,,2,,5070,-374,-627,77,77,,5979856746250,
2026-08-19 00:20:15.859,pulse_batch,x,,,,,2,,5072,-372,-625,77,77,,5979877179907,
2026-08-19 00:20:15.880,pulse_batch,x,,,,,2,,5074,-370,-623,77,77,,5979897594546,
2026-08-19 00:20:15.900,pulse_batch,x,,,,,2,,5076,-368,-621,77,77,,5979917946648,
2026-08-19 00:20:15.921,pulse_batch,x,,,,,2,,5078,-366,-619,77,77,,5979938883153,
2026-08-19 00:20:15.942,pulse_batch,x,,,,,2,,5080,-364,-617,77,77,,5979959276403,
2026-08-19 00:20:15.962,pulse_batch,x,,,,,2,,5082,-362,-615,77,77,,5979979591858,
2026-08-19 00:20:15.982,pulse_batch,x,,,,,2,,5084,-360,-613,77,77,,5979999992756,
2026-08-19 00:20:16.003,pulse_batch,x,,,,,2,,5086,-358,-611,77,77,,5980020512357,
2026-08-19 00:20:16.023,pulse_batch,x,,,,,2,,5088,-356,-609,77,77,,5980040857923,
2026-08-19 00:20:16.043,pulse_batch,x,,,,,2,,5090,-354,-607,77,77,,5980061193599,
2026-08-19 00:20:16.064,pulse_batch,x,,,,,2,,5092,-352,-605,77,77,,5980082006476,
2026-08-19 00:20:16.085,pulse_batch,x,,,,,2,,5094,-350,-603,77,77,,5980102418281,
2026-08-19 00:20:16.105,pulse_batch,x,,,,,2,,5096,-348,-601,77,77,,5980122744347,
2026-08-19 00:20:16.127,pulse_batch,x,,,,,2,,5098,-346,-599,77,77,,5980144351698,
2026-08-19 00:20:16.147,pulse_batch,x,,,,,2,,5100,-344,-597,77,77,,5980164809614,
2026-08-19 00:20:16.167,pulse_batch,x,,,,,2,,5102,-342,-595,77,77,,5980185103625,
2026-08-19 00:20:16.188,pulse_batch,x,,,,,2,,5104,-340,-593,77,77,,5980205651355,
2026-08-19 00:20:16.208,pulse_batch,x,,,,,2,,5106,-338,-591,77,77,,5980226019180,
2026-08-19 00:20:16.229,pulse_batch,x,,,,,2,,5108,-336,-589,77,77,,5980246327542,
2026-08-19 00:20:16.249,pulse_batch,x,,,,,2,,5110,-334,-587,77,77,,5980266899476,
2026-08-19 00:20:16.270,pulse_batch,x,,,,,2,,5112,-332,-585,77,77,,5980287389411,
2026-08-19 00:20:16.290,pulse_batch,x,,,,,2,,5114,-330,-583,77,77,,5980307762624,
2026-08-19 00:20:16.310,pulse_batch,x,,,,,2,,5116,-328,-581,77,77,,5980328061709,
2026-08-19 00:20:16.332,pulse_batch,x,,,,,2,,5118,-326,-579,77,77,,5980349756966,
2026-08-19 00:20:16.352,pulse_batch,x,,,,,2,,5120,-324,-577,77,77,,5980370138791,
2026-08-19 00:20:16.373,pulse_batch,x,,,,,2,,5122,-322,-575,77,77,,5980390420190,
2026-08-19 00:20:16.393,pulse_batch,x,,,,,2,,5124,-320,-573,77,77,,5980410921236,
2026-08-19 00:20:16.414,pulse_batch,x,,,,,2,,5126,-318,-571,77,77,,5980431336005,
2026-08-19 00:20:16.434,pulse_batch,x,,,,,2,,5128,-316,-569,77,77,,5980451624886,
2026-08-19 00:20:16.454,pulse_batch,x,,,,,2,,5130,-314,-567,77,77,,5980472091672,
2026-08-19 00:20:16.475,pulse_batch,x,,,,,2,,5132,-312,-565,77,77,,5980492494645,
2026-08-19 00:20:16.495,pulse_batch,x,,,,,2,,5134,-310,-563,77,77,,5980512845766,
2026-08-19 00:20:16.516,pulse_batch,x,,,,,2,,5136,-308,-561,77,77,,5980533774993,
2026-08-19 00:20:16.536,pulse_batch,x,,,,,2,,5138,-306,-559,77,77,,5980554188521,
2026-08-19 00:20:16.557,pulse_batch,x,,,,,2,,5140,-304,-557,77,77,,5980574523772,
2026-08-19 00:20:16.577,pulse_batch,x,,,,,2,,5142,-302,-555,77,77,,5980594824116,
2026-08-19 00:20:16.599,pulse_batch,x,,,,,2,,5144,-300,-553,77,77,,5980616235579,
2026-08-19 00:20:16.619,pulse_batch,x,,,,,2,,5146,-298,-551,77,77,,5980636556478,
2026-08-19 00:20:16.639,pulse_batch,x,,,,,2,,5148,-296,-549,77,77,,5980656851470,
2026-08-19 00:20:16.661,pulse_batch,x,,,,,2,,5150,-294,-547,77,77,,5980678320193,
2026-08-19 00:20:16.681,pulse_batch,x,,,,,2,,5152,-292,-545,77,77,,5980699204180,
2026-08-19 00:20:16.702,pulse_batch,x,,,,,2,,5154,-290,-543,77,77,,5980719560004,
2026-08-19 00:20:16.723,pulse_batch,x,,,,,2,,5156,-288,-541,77,77,,5980740837432,
2026-08-19 00:20:16.743,pulse_batch,x,,,,,2,,5158,-286,-539,77,77,,5980761233053,
2026-08-19 00:20:16.764,pulse_batch,x,,,,,2,,5160,-284,-537,77,77,,5980781553489,
2026-08-19 00:20:16.784,pulse_batch,x,,,,,2,,5162,-282,-535,77,77,,5980802022091,
2026-08-19 00:20:16.805,pulse_batch,x,,,,,2,,5164,-280,-533,77,77,,5980822511488,
2026-08-19 00:20:16.825,pulse_batch,x,,,,,2,,5166,-278,-531,77,77,,5980842878295,
2026-08-19 00:20:16.846,pulse_batch,x,,,,,2,,5168,-276,-529,77,77,,5980863457562,
2026-08-19 00:20:16.866,pulse_batch,x,,,,,2,,5170,-274,-527,77,77,,5980884021237,
2026-08-19 00:20:16.887,pulse_batch,x,,,,,2,,5172,-272,-525,77,77,,5980904363913,
2026-08-19 00:20:16.907,pulse_batch,x,,,,,2,,5174,-270,-523,77,77,,5980924962458,
2026-08-19 00:20:16.928,pulse_batch,x,,,,,2,,5176,-268,-521,77,77,,5980945862519,
2026-08-19 00:20:16.949,pulse_batch,x,,,,,2,,5178,-266,-519,77,77,,5980966496823,
2026-08-19 00:20:16.969,pulse_batch,x,,,,,2,,5180,-264,-517,77,77,,5980986853092,
2026-08-19 00:20:16.990,pulse_batch,x,,,,,2,,5182,-262,-515,77,77,,5981007389137,
2026-08-19 00:20:17.010,pulse_batch,x,,,,,2,,5184,-260,-513,77,77,,5981027928331,
2026-08-19 00:20:17.030,pulse_batch,x,,,,,2,,5186,-258,-511,77,77,,5981048254063,
2026-08-19 00:20:17.051,pulse_batch,x,,,,,2,,5188,-256,-509,77,77,,5981068851145,
2026-08-19 00:20:17.072,pulse_batch,x,,,,,2,,5190,-254,-507,77,77,,5981089293914,
2026-08-19 00:20:17.092,pulse_batch,x,,,,,2,,5192,-252,-505,77,77,,5981109630072,
2026-08-19 00:20:17.112,pulse_batch,x,,,,,2,,5194,-250,-503,77,77,,5981130086896,
2026-08-19 00:20:17.134,pulse_batch,x,,,,,2,,5196,-248,-501,77,77,,5981151560137,
2026-08-19 00:20:17.154,pulse_batch,x,,,,,2,,5198,-246,-499,77,77,,5981171951518,
2026-08-19 00:20:17.175,pulse_batch,x,,,,,2,,5200,-244,-497,77,77,,5981192508637,
2026-08-19 00:20:17.195,pulse_batch,x,,,,,2,,5202,-242,-495,77,77,,5981213042831,
2026-08-19 00:20:17.216,pulse_batch,x,,,,,2,,5204,-240,-493,77,77,,5981233665987,
2026-08-19 00:20:17.236,pulse_batch,x,,,,,2,,5206,-238,-491,77,77,,5981253983089,
2026-08-19 00:20:17.258,pulse_batch,x,,,,,2,,5208,-236,-489,77,77,,5981275517200,
2026-08-19 00:20:17.280,pulse_batch,x,,,,,2,,5210,-234,-487,77,77,,5981298058914,
2026-08-19 00:20:17.301,pulse_batch,x,,,,,2,,5212,-232,-485,77,77,,5981318481627,
2026-08-19 00:20:17.321,pulse_batch,x,,,,,2,,5214,-230,-483,77,77,,5981339145820,
2026-08-19 00:20:17.342,pulse_batch,x,,,,,2,,5216,-228,-481,77,77,,5981359638514,
2026-08-19 00:20:17.362,pulse_batch,x,,,,,2,,5218,-226,-479,77,77,,5981380032172,
2026-08-19 00:20:17.383,pulse_batch,x,,,,,2,,5220,-224,-477,77,77,,5981401056898,
2026-08-19 00:20:17.404,pulse_batch,x,,,,,2,,5222,-222,-475,77,77,,5981421560592,
2026-08-19 00:20:17.424,pulse_batch,x,,,,,2,,5224,-220,-473,77,77,,5981441955528,
2026-08-19 00:20:17.445,pulse_batch,x,,,,,2,,5226,-218,-471,77,77,,5981462330167,
2026-08-19 00:20:17.466,pulse_batch,x,,,,,2,,5228,-216,-469,77,77,,5981483940889,
2026-08-19 00:20:17.487,pulse_batch,x,,,,,2,,5230,-214,-467,77,77,,5981504307658,
2026-08-19 00:20:17.507,pulse_batch,x,,,,,2,,5232,-212,-465,77,77,,5981524619761,
2026-08-19 00:20:17.529,pulse_batch,x,,,,,2,,5234,-210,-463,77,77,,5981546405129,
2026-08-19 00:20:17.549,pulse_batch,x,,,,,2,,5236,-208,-461,77,77,,5981566812583,
2026-08-19 00:20:17.569,pulse_batch,x,,,,,2,,5238,-206,-459,77,77,,5981587099705,
2026-08-19 00:20:17.590,pulse_batch,x,,,,,2,,5240,-204,-457,77,77,,5981607540658,
2026-08-19 00:20:17.610,pulse_batch,x,,,,,2,,5242,-202,-455,77,77,,5981627895372,
2026-08-19 00:20:17.630,pulse_batch,x,,,,,2,,5244,-200,-453,77,77,,5981648203290,
2026-08-19 00:20:17.651,pulse_batch,x,,,,,2,,5246,-198,-451,77,77,,5981668744150,
2026-08-19 00:20:17.671,pulse_batch,x,,,,,2,,5248,-196,-449,77,77,,5981689137123,
2026-08-19 00:20:17.692,pulse_batch,x,,,,,2,,5250,-194,-447,77,77,,5981709438226,
2026-08-19 00:20:17.712,pulse_batch,x,,,,,2,,5252,-192,-445,77,77,,5981729912439,
2026-08-19 00:20:17.733,pulse_batch,x,,,,,2,,5254,-190,-443,77,77,,5981750347578,
2026-08-19 00:20:17.753,pulse_batch,x,,,,,2,,5256,-188,-441,77,77,,5981770920493,
2026-08-19 00:20:17.773,pulse_batch,x,,,,,2,,5258,-186,-439,77,77,,5981791210504,
2026-08-19 00:20:17.794,pulse_batch,x,,,,,2,,5260,-184,-437,77,77,,5981811656791,
2026-08-19 00:20:17.814,pulse_batch,x,,,,,2,,5262,-182,-435,77,77,,5981832148041,
2026-08-19 00:20:17.835,pulse_batch,x,,,,,2,,5264,-180,-433,77,77,,5981852435366,
2026-08-19 00:20:17.855,pulse_batch,x,,,,,2,,5266,-178,-431,77,77,,5981872990578,
2026-08-19 00:20:17.876,pulse_batch,x,,,,,2,,5268,-176,-429,77,77,,5981893365977,
2026-08-19 00:20:17.896,pulse_batch,x,,,,,2,,5270,-174,-427,77,77,,5981913665432,
2026-08-19 00:20:17.917,pulse_batch,x,,,,,2,,5272,-172,-425,77,77,,5981934505679,
2026-08-19 00:20:17.937,pulse_batch,x,,,,,2,,5274,-170,-423,77,77,,5981954913614,
2026-08-19 00:20:17.957,pulse_batch,x,,,,,2,,5276,-168,-421,77,77,,5981975216032,
2026-08-19 00:20:17.978,pulse_batch,x,,,,,2,,5278,-166,-419,77,77,,5981995551246,
2026-08-19 00:20:17.998,pulse_batch,x,,,,,2,,5280,-164,-417,77,77,,5982016128587,
2026-08-19 00:20:18.019,pulse_batch,x,,,,,2,,5282,-162,-415,77,77,,5982036578060,
2026-08-19 00:20:18.039,pulse_batch,x,,,,,2,,5284,-160,-413,77,77,,5982057112550,
2026-08-19 00:20:18.061,pulse_batch,x,,,,,2,,5286,-158,-411,77,77,,5982078395052,
2026-08-19 00:20:18.081,pulse_batch,x,,,,,2,,5288,-156,-409,77,77,,5982099056022,
2026-08-19 00:20:18.102,pulse_batch,x,,,,,2,,5290,-154,-407,77,77,,5982119377681,
2026-08-19 00:20:18.123,pulse_batch,x,,,,,2,,5292,-152,-405,77,77,,5982140433981,
2026-08-19 00:20:18.143,pulse_batch,x,,,,,2,,5294,-150,-403,77,77,,5982161039360,
2026-08-19 00:20:18.164,pulse_batch,x,,,,,2,,5296,-148,-401,77,77,,5982181407851,
2026-08-19 00:20:18.184,pulse_batch,x,,,,,2,,5298,-146,-399,77,77,,5982202089044,
2026-08-19 00:20:18.205,pulse_batch,x,,,,,2,,5300,-144,-397,77,77,,5982222516776,
2026-08-19 00:20:18.225,pulse_batch,x,,,,,2,,5302,-142,-395,77,77,,5982242921804,
2026-08-19 00:20:18.246,pulse_batch,x,,,,,2,,5304,-140,-393,77,77,,5982263352443,
2026-08-19 00:20:18.266,pulse_batch,x,,,,,2,,5306,-138,-391,77,77,,5982283828360,
2026-08-19 00:20:18.286,pulse_batch,x,,,,,2,,5308,-136,-389,77,77,,5982304212777,
2026-08-19 00:20:18.307,pulse_batch,x,,,,,2,,5310,-134,-387,77,77,,5982324520288,
2026-08-19 00:20:18.327,pulse_batch,x,,,,,2,,5312,-132,-385,77,77,,5982345082074,
2026-08-19 00:20:18.348,pulse_batch,x,,,,,2,,5314,-130,-383,77,77,,5982365694785,
2026-08-19 00:20:18.368,pulse_batch,x,,,,,2,,5316,-128,-381,77,77,,5982385978574,
2026-08-19 00:20:18.390,pulse_batch,x,,,,,2,,5318,-126,-379,77,77,,5982407833071,
2026-08-19 00:20:18.411,pulse_batch,x,,,,,2,,5320,-124,-377,77,77,,5982428353858,
2026-08-19 00:20:18.431,pulse_batch,x,,,,,2,,5322,-122,-375,77,77,,5982448686183,
2026-08-19 00:20:18.451,pulse_batch,x,,,,,2,,5324,-120,-373,77,77,,5982469176692,
2026-08-19 00:20:18.472,pulse_batch,x,,,,,2,,5326,-118,-371,77,77,,5982489623238,
2026-08-19 00:20:18.492,pulse_batch,x,,,,,2,,5328,-116,-369,77,77,,5982509931897,
2026-08-19 00:20:18.513,pulse_batch,x,,,,,2,,5330,-114,-367,77,77,,5982530386536,
2026-08-19 00:20:18.534,pulse_batch,x,,,,,2,,5332,-112,-365,77,77,,5982551453114,
2026-08-19 00:20:18.554,pulse_batch,x,,,,,2,,5334,-110,-363,77,77,,5982571777402,
2026-08-19 00:20:18.575,pulse_batch,x,,,,,2,,5336,-108,-361,77,77,,5982592898591,
2026-08-19 00:20:18.596,pulse_batch,x,,,,,2,,5338,-106,-359,77,77,,5982613364434,
2026-08-19 00:20:18.616,pulse_batch,x,,,,,2,,5340,-104,-357,77,77,,5982633721222,
2026-08-19 00:20:18.636,pulse_batch,x,,,,,2,,5342,-102,-355,77,77,,5982654018177,
2026-08-19 00:20:18.657,pulse_batch,x,,,,,2,,5344,-100,-353,77,77,,5982674620777,
2026-08-19 00:20:18.677,pulse_batch,x,,,,,2,,5346,-98,-351,77,77,,5982695002602,
2026-08-19 00:20:18.698,pulse_batch,x,,,,,2,,5348,-96,-349,77,77,,5982715292372,
2026-08-19 00:20:18.718,pulse_batch,x,,,,,2,,5350,-94,-347,77,77,,5982735859510,
2026-08-19 00:20:18.739,pulse_batch,x,,,,,2,,5352,-92,-345,77,77,,5982756340278,
2026-08-19 00:20:18.759,pulse_batch,x,,,,,2,,5354,-90,-343,77,77,,5982776656715,
2026-08-19 00:20:18.779,pulse_batch,x,,,,,2,,5356,-88,-341,77,77,,5982797222279,
2026-08-19 00:20:18.800,pulse_batch,x,,,,,2,,5358,-86,-339,77,77,,5982817763158,
2026-08-19 00:20:18.820,pulse_batch,x,,,,,2,,5360,-84,-337,77,77,,5982838067872,
2026-08-19 00:20:18.841,pulse_batch,x,,,,,2,,5362,-82,-335,77,77,,5982858402068,
2026-08-19 00:20:18.861,pulse_batch,x,,,,,2,,5364,-80,-333,77,77,,5982878892447,
2026-08-19 00:20:18.882,pulse_batch,x,,,,,2,,5366,-78,-331,77,77,,5982899326938,
2026-08-19 00:20:18.902,pulse_batch,x,,,,,2,,5368,-76,-329,77,77,,5982919604449,
2026-08-19 00:20:18.923,pulse_batch,x,,,,,2,,5370,-74,-327,77,77,,5982940597398,
2026-08-19 00:20:18.943,pulse_batch,x,,,,,2,,5372,-72,-325,77,77,,5982961002852,
2026-08-19 00:20:18.964,pulse_batch,x,,,,,2,,5374,-70,-323,77,77,,5982981302992,
2026-08-19 00:20:18.984,pulse_batch,x,,,,,2,,5376,-68,-321,77,77,,5983001700354,
2026-08-19 00:20:19.004,pulse_batch,x,,,,,2,,5378,-66,-319,77,77,,5983022174271,
2026-08-19 00:20:19.025,pulse_batch,x,,,,,2,,5380,-64,-317,77,77,,5983042502763,
2026-08-19 00:20:19.045,pulse_batch,x,,,,,2,,5382,-62,-315,77,77,,5983062894717,
2026-08-19 00:20:19.066,pulse_batch,x,,,,,2,,5384,-60,-313,77,77,,5983083381671,
2026-08-19 00:20:19.086,pulse_batch,x,,,,,2,,5386,-58,-311,77,77,,5983103728403,
2026-08-19 00:20:19.106,pulse_batch,x,,,,,2,,5388,-56,-309,77,77,,5983124028562,
2026-08-19 00:20:19.127,pulse_batch,x,,,,,2,,5390,-54,-307,77,77,,5983144468238,
2026-08-19 00:20:19.147,pulse_batch,x,,,,,2,,5392,-52,-305,77,77,,5983164923359,
2026-08-19 00:20:19.167,pulse_batch,x,,,,,2,,5394,-50,-303,77,77,,5983185197666,
2026-08-19 00:20:19.188,pulse_batch,x,,,,,2,,5396,-48,-301,77,77,,5983206187801,
2026-08-19 00:20:19.209,pulse_batch,x,,,,,2,,5398,-46,-299,77,77,,5983226569570,
2026-08-19 00:20:19.229,pulse_batch,x,,,,,2,,5400,-44,-297,77,77,,5983246877451,
2026-08-19 00:20:19.250,pulse_batch,x,,,,,2,,5402,-42,-295,77,77,,5983267696809,
2026-08-19 00:20:19.270,pulse_batch,x,,,,,2,,5404,-40,-293,77,77,,5983288140411,
2026-08-19 00:20:19.291,pulse_batch,x,,,,,2,,5406,-38,-291,77,77,,5983308472255,
2026-08-19 00:20:19.311,pulse_batch,x,,,,,2,,5408,-36,-289,77,77,,5983329029727,
2026-08-19 00:20:19.327,pulse_batch,x,,,,,1,,5409,-35,-288,77,77,,5983344586074,
2026-08-19 00:20:19.327,continuous_stop,x,,,,,,1,5409,-35,-288,77,77,,5983344785369,
2026-08-19 00:20:19.855,continuous_start,x,,,,,,1,5409,-35,-288,77,77,,5983872397225,
2026-08-19 00:20:19.860,pulse_batch,x,,,,,1,,5410,-34,-287,77,77,,5983877728234,
2026-08-19 00:20:19.880,pulse_batch,x,,,,,2,,5412,-32,-285,77,77,,5983898124041,
2026-08-19 00:20:19.901,pulse_batch,x,,,,,2,,5414,-30,-283,77,77,,5983918383218,
2026-08-19 00:20:19.923,pulse_batch,x,,,,,2,,5416,-28,-281,77,77,,5983941186356,
2026-08-19 00:20:19.928,continuous_stop,x,,,,,,1,5416,-28,-281,77,77,,5983946284960,
2026-08-19 00:20:20.322,continuous_start,x,,,,,,1,5416,-28,-281,77,77,,5984339666786,
2026-08-19 00:20:20.327,pulse_batch,x,,,,,1,,5417,-27,-280,77,77,,5984345015147,
2026-08-19 00:20:20.348,pulse_batch,x,,,,,2,,5419,-25,-278,77,77,,5984365384973,
2026-08-19 00:20:20.368,pulse_batch,x,,,,,2,,5421,-23,-276,77,77,,5984385681891,
2026-08-19 00:20:20.390,pulse_batch,x,,,,,2,,5423,-21,-274,77,77,,5984407688183,
2026-08-19 00:20:20.412,pulse_batch,x,,,,,2,,5425,-19,-272,77,77,,5984429725754,
2026-08-19 00:20:20.432,pulse_batch,x,,,,,2,,5427,-17,-270,77,77,,5984450054486,
2026-08-19 00:20:20.453,pulse_batch,x,,,,,2,,5429,-15,-268,77,77,,5984470540533,
2026-08-19 00:20:20.458,continuous_stop,x,,,,,,1,5429,-15,-268,77,77,,5984475732655,
2026-08-19 00:20:21.255,continuous_start,x,,,,,,1,5429,-15,-268,77,77,,5985273034700,
2026-08-19 00:20:21.262,pulse_batch,x,,,,,1,,5430,-14,-267,77,77,,5985280108676,
2026-08-19 00:20:21.283,pulse_batch,x,,,,,2,,5432,-12,-265,77,77,,5985300502483,
2026-08-19 00:20:21.303,pulse_batch,x,,,,,2,,5434,-10,-263,77,77,,5985320763290,
2026-08-19 00:20:21.323,pulse_batch,x,,,,,2,,5436,-8,-261,77,77,,5985341216522,
2026-08-19 00:20:21.329,continuous_stop,x,,,,,,1,5436,-8,-261,77,77,,5985346313219,
2026-08-19 00:20:24.992,continuous_start,x,,,,,,1,5436,-8,-261,77,77,,5989009692733,
2026-08-19 00:20:25.012,pulse_batch,x,,,,,1,,5437,-7,-260,77,77,,5989029960189,
2026-08-19 00:20:25.032,continuous_stop,x,,,,,,1,5437,-7,-260,77,77,,5989050186053,
2026-08-19 00:20:25.593,continuous_start,x,,,,,,1,5437,-7,-260,77,77,,5989610254576,
2026-08-19 00:20:25.613,pulse_batch,x,,,,,1,,5438,-6,-259,77,77,,5989630607698,
2026-08-19 00:20:25.653,pulse_batch,x,,,,,1,,5439,-5,-258,77,77,,5989670854836,
2026-08-19 00:20:25.673,continuous_stop,x,,,,,,1,5439,-5,-258,77,77,,5989690989274,
2026-08-19 00:20:26.326,continuous_start,x,,,,,,1,5439,-5,-258,77,77,,5990343389121,
2026-08-19 00:20:26.346,pulse_batch,x,,,,,1,,5440,-4,-257,77,77,,5990363743984,
2026-08-19 00:20:26.386,pulse_batch,x,,,,,1,,5441,-3,-256,77,77,,5990403936714,
2026-08-19 00:20:26.406,continuous_stop,x,,,,,,1,5441,-3,-256,77,77,,5990424145616,
2026-08-19 00:20:27.927,continuous_start,x,,,,,,1,5441,-3,-256,77,77,,5991944969897,
2026-08-19 00:20:27.948,pulse_batch,x,,,,,1,,5442,-2,-255,77,77,,5991965320946,
2026-08-19 00:20:27.988,pulse_batch,x,,,,,1,,5443,-1,-254,77,77,,5992005530824,
2026-08-19 00:20:28.008,continuous_stop,x,,,,,,1,5443,-1,-254,77,77,,5992025703411,
2026-08-19 00:20:29.198,continuous_start,x,,,,,,1,5443,-1,-254,77,77,,5993216119583,
2026-08-19 00:20:29.222,pulse_batch,x,,,,,1,,5444,0,-253,77,77,,5993240108842,
2026-08-19 00:20:29.242,continuous_stop,x,,,,,,1,5444,0,-253,77,77,,5993260235226,
2026-08-19 00:20:30.063,continuous_start,x,,,,,,1,5444,0,-253,77,77,,5994080803837,
2026-08-19 00:20:30.083,pulse_batch,x,,,,,1,,5445,1,-252,77,77,,5994101225792,
2026-08-19 00:20:30.124,pulse_batch,x,,,,,1,,5446,2,-251,77,77,,5994141483431,
2026-08-19 00:20:30.146,continuous_stop,x,,,,,,1,5446,2,-251,77,77,,5994164018442,
2026-08-19 00:20:31.131,continuous_start,x,,,,,,1,5446,2,-251,77,77,,5995148142924,
2026-08-19 00:20:31.151,pulse_batch,x,,,,,1,,5447,3,-250,77,77,,5995168640009,
2026-08-19 00:20:31.171,continuous_stop,x,,,,,,1,5447,3,-250,77,77,,5995188738615,
2026-08-19 00:20:31.798,continuous_start,x,,,,,,1,5447,3,-250,77,77,,5995815880698,
2026-08-19 00:20:31.818,pulse_batch,x,,,,,1,,5448,4,-249,77,77,,5995836199414,
2026-08-19 00:20:31.859,pulse_batch,x,,,,,1,,5449,5,-248,77,77,,5995876466219,
2026-08-19 00:20:31.879,continuous_stop,x,,,,,,1,5449,5,-248,77,77,,5995896600603,
2026-08-19 00:20:33.866,continuous_start,x,,,,,,1,5449,5,-248,77,77,,5997883819487,
2026-08-19 00:20:33.887,pulse_batch,x,,,,,1,,5450,6,-247,77,77,,5997904477682,
2026-08-19 00:20:33.927,pulse_batch,x,,,,,1,,5451,7,-246,77,77,,5997944651266,
2026-08-19 00:20:33.947,continuous_stop,x,,,,,,1,5451,7,-246,77,77,,5997964839020,
2026-08-19 00:20:36.196,point_saved,x,0,stored,,,,1,,7,-246,77,77,-246,,
2026-08-19 00:20:36.196,point_saved,y,0,stored,,,,1,,12,112,4,4,112,,
2026-08-19 00:20:39.740,continuous_start,x,,,,,,-1,5451,7,-246,77,77,,6003757251861,
2026-08-19 00:20:39.745,pulse_batch,x,,,,,-1,,5452,6,-246,76,77,,6003762627853,
2026-08-19 00:20:39.765,pulse_batch,x,,,,,-2,,5454,4,-246,74,77,,6003783163086,
2026-08-19 00:20:39.786,pulse_batch,x,,,,,-2,,5456,2,-246,72,77,,6003803488988,
2026-08-19 00:20:39.808,pulse_batch,x,,,,,-2,,5458,0,-246,70,77,,6003825414784,
2026-08-19 00:20:39.828,pulse_batch,x,,,,,-2,,5460,-2,-246,68,77,,6003845838833,
2026-08-19 00:20:39.848,pulse_batch,x,,,,,-2,,5462,-4,-246,66,77,,6003866163809,
2026-08-19 00:20:39.870,pulse_batch,x,,,,,-2,,5464,-6,-246,64,77,,6003888140975,
2026-08-19 00:20:39.891,pulse_batch,x,,,,,-2,,5466,-8,-246,62,77,,6003908645523,
2026-08-19 00:20:39.911,pulse_batch,x,,,,,-2,,5468,-10,-246,60,77,,6003928942222,
2026-08-19 00:20:39.932,pulse_batch,x,,,,,-2,,5470,-12,-246,58,77,,6003949262642,
2026-08-19 00:20:39.952,pulse_batch,x,,,,,-2,,5472,-14,-246,56,77,,6003969712950,
2026-08-19 00:20:39.972,pulse_batch,x,,,,,-2,,5474,-16,-246,54,77,,6003989952075,
2026-08-19 00:20:39.993,pulse_batch,x,,,,,-2,,5476,-18,-246,52,77,,6004010304755,
2026-08-19 00:20:40.014,pulse_batch,x,,,,,-2,,5478,-20,-246,50,77,,6004031339206,
2026-08-19 00:20:40.034,pulse_batch,x,,,,,-2,,5480,-22,-246,48,77,,6004051850403,
2026-08-19 00:20:40.054,pulse_batch,x,,,,,-2,,5482,-24,-246,46,77,,6004072162786,
2026-08-19 00:20:40.075,pulse_batch,x,,,,,-2,,5484,-26,-246,44,77,,6004092686946,
2026-08-19 00:20:40.098,pulse_batch,x,,,,,-2,,5486,-28,-246,42,77,,6004115436346,
2026-08-19 00:20:40.118,pulse_batch,x,,,,,-2,,5488,-30,-246,40,77,,6004135743156,
2026-08-19 00:20:40.138,pulse_batch,x,,,,,-2,,5490,-32,-246,38,77,,6004156270593,
2026-08-19 00:20:40.161,pulse_batch,x,,,,,-2,,5492,-34,-246,36,77,,6004178271018,
2026-08-19 00:20:40.181,pulse_batch,x,,,,,-2,,5494,-36,-246,34,77,,6004198596031,
2026-08-19 00:20:40.205,pulse_batch,x,,,,,-2,,5496,-38,-246,32,77,,6004222785678,
2026-08-19 00:20:40.225,pulse_batch,x,,,,,-2,,5498,-40,-246,30,77,,6004243236098,
2026-08-19 00:20:40.246,pulse_batch,x,,,,,-2,,5500,-42,-246,28,77,,6004263546500,
2026-08-19 00:20:40.266,pulse_batch,x,,,,,-2,,5502,-44,-246,26,77,,6004283928660,
2026-08-19 00:20:40.287,pulse_batch,x,,,,,-2,,5504,-46,-246,24,77,,6004304480801,
2026-08-19 00:20:40.307,pulse_batch,x,,,,,-2,,5506,-48,-246,22,77,,6004324770944,
2026-08-19 00:20:40.327,pulse_batch,x,,,,,-2,,5508,-50,-246,20,77,,6004345064532,
2026-08-19 00:20:40.348,pulse_batch,x,,,,,-2,,5510,-52,-246,18,77,,6004365951892,
2026-08-19 00:20:40.369,pulse_batch,x,,,,,-2,,5512,-54,-246,16,77,,6004386474237,
2026-08-19 00:20:40.389,pulse_batch,x,,,,,-2,,5514,-56,-246,14,77,,6004406849009,
2026-08-19 00:20:40.412,pulse_batch,x,,,,,-2,,5516,-58,-246,12,77,,6004429277800,
2026-08-19 00:20:40.432,pulse_batch,x,,,,,-2,,5518,-60,-246,10,77,,6004449721590,
2026-08-19 00:20:40.452,pulse_batch,x,,,,,-2,,5520,-62,-246,8,77,,6004470107973,
2026-08-19 00:20:40.475,pulse_batch,x,,,,,-2,,5522,-64,-246,6,77,,6004492244064,
2026-08-19 00:20:40.495,pulse_batch,x,,,,,-2,,5524,-66,-246,4,77,,6004512669687,
2026-08-19 00:20:40.515,pulse_batch,x,,,,,-2,,5526,-68,-246,2,77,,6004533019719,
2026-08-19 00:20:40.536,pulse_batch,x,,,,,-2,,5528,-70,-246,0,77,,6004553881616,
2026-08-19 00:20:40.557,pulse_batch,x,,,,,-2,,5530,-72,-248,0,77,,6004574416775,
2026-08-19 00:20:40.577,pulse_batch,x,,,,,-2,,5532,-74,-250,0,77,,6004594764751,
2026-08-19 00:20:40.597,pulse_batch,x,,,,,-2,,5534,-76,-252,0,77,,6004615139153,
2026-08-19 00:20:40.618,pulse_batch,x,,,,,-2,,5536,-78,-254,0,77,,6004635574239,
2026-08-19 00:20:40.638,pulse_batch,x,,,,,-2,,5538,-80,-256,0,77,,6004656094195,
2026-08-19 00:20:40.659,pulse_batch,x,,,,,-2,,5540,-82,-258,0,77,,6004676389764,
2026-08-19 00:20:40.686,pulse_batch,x,,,,,-2,,5542,-84,-260,0,77,,6004704114437,
2026-08-19 00:20:40.707,pulse_batch,x,,,,,-2,,5544,-86,-262,0,77,,6004724587856,
2026-08-19 00:20:40.727,pulse_batch,x,,,,,-2,,5546,-88,-264,0,77,,6004744939073,
2026-08-19 00:20:40.748,pulse_batch,x,,,,,-2,,5548,-90,-266,0,77,,6004765490714,
2026-08-19 00:20:40.768,pulse_batch,x,,,,,-2,,5550,-92,-268,0,77,,6004785933966,
2026-08-19 00:20:40.789,pulse_batch,x,,,,,-2,,5552,-94,-270,0,77,,6004806299368,
2026-08-19 00:20:40.812,pulse_batch,x,,,,,-2,,5554,-96,-272,0,77,,6004829297562,
2026-08-19 00:20:40.832,pulse_batch,x,,,,,-2,,5556,-98,-274,0,77,,6004849687853,
2026-08-19 00:20:40.852,pulse_batch,x,,,,,-2,,5558,-100,-276,0,77,,6004869993403,
2026-08-19 00:20:40.873,pulse_batch,x,,,,,-2,,5560,-102,-278,0,77,,6004890355879,
2026-08-19 00:20:40.893,pulse_batch,x,,,,,-2,,5562,-104,-280,0,77,,6004910840279,
2026-08-19 00:20:40.913,pulse_batch,x,,,,,-2,,5564,-106,-282,0,77,,6004931149774,
2026-08-19 00:20:40.934,pulse_batch,x,,,,,-2,,5566,-108,-284,0,77,,6004951450825,
2026-08-19 00:20:40.955,pulse_batch,x,,,,,-2,,5568,-110,-286,0,77,,6004972762052,
2026-08-19 00:20:40.975,pulse_batch,x,,,,,-2,,5570,-112,-288,0,77,,6004993048954,
2026-08-19 00:20:40.996,pulse_batch,x,,,,,-2,,5572,-114,-290,0,77,,6005013378078,
2026-08-19 00:20:41.016,pulse_batch,x,,,,,-2,,5574,-116,-292,0,77,,6005033756795,
2026-08-19 00:20:41.037,pulse_batch,x,,,,,-2,,5576,-118,-294,0,77,,6005054286658,
2026-08-19 00:20:41.057,pulse_batch,x,,,,,-2,,5578,-120,-296,0,77,,6005074581875,
2026-08-19 00:20:41.077,pulse_batch,x,,,,,-2,,5580,-122,-298,0,77,,6005095239682,
2026-08-19 00:20:41.098,pulse_batch,x,,,,,-2,,5582,-124,-300,0,77,,6005115875970,
2026-08-19 00:20:41.118,pulse_batch,x,,,,,-2,,5584,-126,-302,0,77,,6005136183595,
2026-08-19 00:20:41.141,pulse_batch,x,,,,,-2,,5586,-128,-304,0,77,,6005158909551,
2026-08-19 00:20:41.162,pulse_batch,x,,,,,-2,,5588,-130,-306,0,77,,6005179325711,
2026-08-19 00:20:41.182,pulse_batch,x,,,,,-2,,5590,-132,-308,0,77,,6005199653336,
2026-08-19 00:20:41.203,pulse_batch,x,,,,,-2,,5592,-134,-310,0,77,,6005220222921,
2026-08-19 00:20:41.223,pulse_batch,x,,,,,-2,,5594,-136,-312,0,77,,6005240681322,
2026-08-19 00:20:41.243,pulse_batch,x,,,,,-2,,5596,-138,-314,0,77,,6005261047020,
2026-08-19 00:20:41.264,pulse_batch,x,,,,,-2,,5598,-140,-316,0,77,,6005281449792,
2026-08-19 00:20:41.284,pulse_batch,x,,,,,-2,,5600,-142,-318,0,77,,6005301875101,
2026-08-19 00:20:41.305,pulse_batch,x,,,,,-2,,5602,-144,-320,0,77,,6005322374205,
2026-08-19 00:20:41.325,pulse_batch,x,,,,,-2,,5604,-146,-322,0,77,,6005342664348,
2026-08-19 00:20:41.346,pulse_batch,x,,,,,-2,,5606,-148,-324,0,77,,6005363338877,
2026-08-19 00:20:41.366,pulse_batch,x,,,,,-2,,5608,-150,-326,0,77,,6005383697205,
2026-08-19 00:20:41.386,pulse_batch,x,,,,,-2,,5610,-152,-328,0,77,,6005404037718,
2026-08-19 00:20:41.407,pulse_batch,x,,,,,-2,,5612,-154,-330,0,77,,6005424922467,
2026-08-19 00:20:41.428,pulse_batch,x,,,,,-2,,5614,-156,-332,0,77,,6005445353479,
2026-08-19 00:20:41.448,pulse_batch,x,,,,,-2,,5616,-158,-334,0,77,,6005465692937,
2026-08-19 00:20:41.469,pulse_batch,x,,,,,-2,,5618,-160,-336,0,77,,6005486401891,
2026-08-19 00:20:41.489,pulse_batch,x,,,,,-2,,5620,-162,-338,0,77,,6005506841848,
2026-08-19 00:20:41.510,pulse_batch,x,,,,,-2,,5622,-164,-340,0,77,,6005527252694,
2026-08-19 00:20:41.530,pulse_batch,x,,,,,-2,,5624,-166,-342,0,77,,6005547603763,
2026-08-19 00:20:41.551,pulse_batch,x,,,,,-2,,5626,-168,-344,0,77,,6005568379624,
2026-08-19 00:20:41.571,pulse_batch,x,,,,,-2,,5628,-170,-346,0,77,,6005588804747,
2026-08-19 00:20:41.591,pulse_batch,x,,,,,-2,,5630,-172,-348,0,77,,6005609140538,
2026-08-19 00:20:41.612,pulse_batch,x,,,,,-2,,5632,-174,-350,0,77,,6005629608087,
2026-08-19 00:20:41.632,pulse_batch,x,,,,,-2,,5634,-176,-352,0,77,,6005650006082,
2026-08-19 00:20:41.653,pulse_batch,x,,,,,-2,,5636,-178,-354,0,77,,6005670310799,
2026-08-19 00:20:41.673,pulse_batch,x,,,,,-2,,5638,-180,-356,0,77,,6005690840773,
2026-08-19 00:20:41.694,pulse_batch,x,,,,,-2,,5640,-182,-358,0,77,,6005711299674,
2026-08-19 00:20:41.714,pulse_batch,x,,,,,-2,,5642,-184,-360,0,77,,6005731676335,
2026-08-19 00:20:41.734,pulse_batch,x,,,,,-2,,5644,-186,-362,0,77,,6005752021478,
2026-08-19 00:20:41.756,pulse_batch,x,,,,,-2,,5646,-188,-364,0,77,,6005773898589,
2026-08-19 00:20:41.776,pulse_batch,x,,,,,-2,,5648,-190,-366,0,77,,6005794235343,
2026-08-19 00:20:41.797,pulse_batch,x,,,,,-2,,5650,-192,-368,0,77,,6005814640726,
2026-08-19 00:20:41.820,pulse_batch,x,,,,,-2,,5652,-194,-370,0,77,,6005837393219,
2026-08-19 00:20:41.840,pulse_batch,x,,,,,-2,,5654,-196,-372,0,77,,6005857823953,
2026-08-19 00:20:41.861,pulse_batch,x,,,,,-2,,5656,-198,-374,0,77,,6005878412075,
2026-08-19 00:20:41.881,pulse_batch,x,,,,,-2,,5658,-200,-376,0,77,,6005898878754,
2026-08-19 00:20:41.902,pulse_batch,x,,,,,-2,,5660,-202,-378,0,77,,6005919342785,
2026-08-19 00:20:41.922,pulse_batch,x,,,,,-2,,5662,-204,-380,0,77,,6005939716538,
2026-08-19 00:20:41.943,pulse_batch,x,,,,,-2,,5664,-206,-382,0,77,,6005960375882,
2026-08-19 00:20:41.963,pulse_batch,x,,,,,-2,,5666,-208,-384,0,77,,6005980821820,
2026-08-19 00:20:41.983,pulse_batch,x,,,,,-2,,5668,-210,-386,0,77,,6006001182852,
2026-08-19 00:20:42.004,pulse_batch,x,,,,,-2,,5670,-212,-388,0,77,,6006021537605,
2026-08-19 00:20:42.024,pulse_batch,x,,,,,-2,,5672,-214,-390,0,77,,6006042119617,
2026-08-19 00:20:42.045,pulse_batch,x,,,,,-2,,5674,-216,-392,0,77,,6006062459408,
2026-08-19 00:20:42.065,pulse_batch,x,,,,,-2,,5676,-218,-394,0,77,,6006082769051,
2026-08-19 00:20:42.086,pulse_batch,x,,,,,-2,,5678,-220,-396,0,77,,6006103346377,
2026-08-19 00:20:42.106,pulse_batch,x,,,,,-2,,5680,-222,-398,0,77,,6006123821463,
2026-08-19 00:20:42.127,pulse_batch,x,,,,,-2,,5682,-224,-400,0,77,,6006144330104,
2026-08-19 00:20:42.148,pulse_batch,x,,,,,-2,,5684,-226,-402,0,77,,6006166120587,
2026-08-19 00:20:42.169,pulse_batch,x,,,,,-2,,5686,-228,-404,0,77,,6006186553785,
2026-08-19 00:20:42.189,pulse_batch,x,,,,,-2,,5688,-230,-406,0,77,,6006206874261,
2026-08-19 00:20:42.210,pulse_batch,x,,,,,-2,,5690,-232,-408,0,77,,6006227403902,
2026-08-19 00:20:42.230,pulse_batch,x,,,,,-2,,5692,-234,-410,0,77,,6006247926543,
2026-08-19 00:20:42.251,pulse_batch,x,,,,,-2,,5694,-236,-412,0,77,,6006268262205,
2026-08-19 00:20:42.271,pulse_batch,x,,,,,-2,,5696,-238,-414,0,77,,6006288689514,
2026-08-19 00:20:42.291,pulse_batch,x,,,,,-2,,5698,-240,-416,0,77,,6006309206377,
2026-08-19 00:20:42.312,pulse_batch,x,,,,,-2,,5700,-242,-418,0,77,,6006329624964,
2026-08-19 00:20:42.332,pulse_batch,x,,,,,-2,,5702,-244,-420,0,77,,6006349961088,
2026-08-19 00:20:42.353,pulse_batch,x,,,,,-2,,5704,-246,-422,0,77,,6006370405564,
2026-08-19 00:20:42.374,pulse_batch,x,,,,,-2,,5706,-248,-424,0,77,,6006391614199,
2026-08-19 00:20:42.394,pulse_batch,x,,,,,-2,,5708,-250,-426,0,77,,6006411910713,
2026-08-19 00:20:42.415,pulse_batch,x,,,,,-2,,5710,-252,-428,0,77,,6006432445002,
2026-08-19 00:20:42.438,pulse_batch,x,,,,,-2,,5712,-254,-430,0,77,,6006455521289,
2026-08-19 00:20:42.458,pulse_batch,x,,,,,-2,,5714,-256,-432,0,77,,6006475823987,
2026-08-19 00:20:42.479,pulse_batch,x,,,,,-2,,5716,-258,-434,0,77,,6006496637126,
2026-08-19 00:20:42.499,pulse_batch,x,,,,,-2,,5718,-260,-436,0,77,,6006517007695,
2026-08-19 00:20:42.520,pulse_batch,x,,,,,-2,,5720,-262,-438,0,77,,6006537480614,
2026-08-19 00:20:42.541,pulse_batch,x,,,,,-2,,5722,-264,-440,0,77,,6006558848582,
2026-08-19 00:20:42.562,pulse_batch,x,,,,,-2,,5724,-266,-442,0,77,,6006579425389,
2026-08-19 00:20:42.582,pulse_batch,x,,,,,-2,,5726,-268,-444,0,77,,6006599763958,
2026-08-19 00:20:42.603,pulse_batch,x,,,,,-2,,5728,-270,-446,0,77,,6006620097416,
2026-08-19 00:20:42.623,pulse_batch,x,,,,,-2,,5730,-272,-448,0,77,,6006640656612,
2026-08-19 00:20:42.643,pulse_batch,x,,,,,-2,,5732,-274,-450,0,77,,6006661022903,
2026-08-19 00:20:42.664,pulse_batch,x,,,,,-2,,5734,-276,-452,0,77,,6006681324084,
2026-08-19 00:20:42.684,pulse_batch,x,,,,,-2,,5736,-278,-454,0,77,,6006701818521,
2026-08-19 00:20:42.704,pulse_batch,x,,,,,-2,,5738,-280,-456,0,77,,6006722241441,
2026-08-19 00:20:42.725,pulse_batch,x,,,,,-2,,5740,-282,-458,0,77,,6006742624899,
2026-08-19 00:20:42.747,pulse_batch,x,,,,,-2,,5742,-284,-460,0,77,,6006764836081,
2026-08-19 00:20:42.768,pulse_batch,x,,,,,-2,,5744,-286,-462,0,77,,6006785493666,
2026-08-19 00:20:42.788,pulse_batch,x,,,,,-2,,5746,-288,-464,0,77,,6006805813105,
2026-08-19 00:20:42.809,pulse_batch,x,,,,,-2,,5748,-290,-466,0,77,,6006826381635,
2026-08-19 00:20:42.829,pulse_batch,x,,,,,-2,,5750,-292,-468,0,77,,6006846768889,
2026-08-19 00:20:42.849,pulse_batch,x,,,,,-2,,5752,-294,-470,0,77,,6006867087180,
2026-08-19 00:20:42.870,pulse_batch,x,,,,,-2,,5754,-296,-472,0,77,,6006887466211,
2026-08-19 00:20:42.890,pulse_batch,x,,,,,-2,,5756,-298,-474,0,77,,6006907987538,
2026-08-19 00:20:42.911,pulse_batch,x,,,,,-2,,5758,-300,-476,0,77,,6006928303440,
2026-08-19 00:20:42.931,pulse_batch,x,,,,,-2,,5760,-302,-478,0,77,,6006948695101,
2026-08-19 00:20:42.953,pulse_batch,x,,,,,-2,,5762,-304,-480,0,77,,6006970507565,
2026-08-19 00:20:42.973,pulse_batch,x,,,,,-2,,5764,-306,-482,0,77,,6006990777931,
2026-08-19 00:20:42.993,pulse_batch,x,,,,,-2,,5766,-308,-484,0,77,,6007011063741,
2026-08-19 00:20:43.014,pulse_batch,x,,,,,-2,,5768,-310,-486,0,77,,6007031555530,
2026-08-19 00:20:43.034,pulse_batch,x,,,,,-2,,5770,-312,-488,0,77,,6007052073987,
2026-08-19 00:20:43.055,pulse_batch,x,,,,,-2,,5772,-314,-490,0,77,,6007072379037,
2026-08-19 00:20:43.075,pulse_batch,x,,,,,-2,,5774,-316,-492,0,77,,6007093115529,
2026-08-19 00:20:43.096,pulse_batch,x,,,,,-2,,5776,-318,-494,0,77,,6007113513727,
2026-08-19 00:20:43.116,pulse_batch,x,,,,,-2,,5778,-320,-496,0,77,,6007133841685,
2026-08-19 00:20:43.137,pulse_batch,x,,,,,-2,,5780,-322,-498,0,77,,6007154378456,
2026-08-19 00:20:43.157,pulse_batch,x,,,,,-2,,5782,-324,-500,0,77,,6007174896912,
2026-08-19 00:20:43.177,pulse_batch,x,,,,,-2,,5784,-326,-502,0,77,,6007195205518,
2026-08-19 00:20:43.198,pulse_batch,x,,,,,-2,,5786,-328,-504,0,77,,6007215558606,
2026-08-19 00:20:43.218,pulse_batch,x,,,,,-2,,5788,-330,-506,0,77,,6007236030766,
2026-08-19 00:20:43.239,pulse_batch,x,,,,,-2,,5790,-332,-508,0,77,,6007256446168,
2026-08-19 00:20:43.259,pulse_batch,x,,,,,-2,,5792,-334,-510,0,77,,6007276728163,
2026-08-19 00:20:43.279,pulse_batch,x,,,,,-2,,5794,-336,-512,0,77,,6007297206360,
2026-08-19 00:20:43.300,pulse_batch,x,,,,,-2,,5796,-338,-514,0,77,,6007317558744,
2026-08-19 00:20:43.320,pulse_batch,x,,,,,-2,,5798,-340,-516,0,77,,6007337841276,
2026-08-19 00:20:43.341,pulse_batch,x,,,,,-2,,5800,-342,-518,0,77,,6007358681286,
2026-08-19 00:20:43.361,pulse_batch,x,,,,,-2,,5802,-344,-520,0,77,,6007379113039,
2026-08-19 00:20:43.382,pulse_batch,x,,,,,-2,,5804,-346,-522,0,77,,6007399419293,
2026-08-19 00:20:43.402,pulse_batch,x,,,,,-2,,5806,-348,-524,0,77,,6007419834213,
2026-08-19 00:20:43.423,pulse_batch,x,,,,,-2,,5808,-350,-526,0,77,,6007440343410,
2026-08-19 00:20:43.443,pulse_batch,x,,,,,-2,,5810,-352,-528,0,77,,6007460711535,
2026-08-19 00:20:43.463,pulse_batch,x,,,,,-2,,5812,-354,-530,0,77,,6007480996493,
2026-08-19 00:20:43.484,pulse_batch,x,,,,,-2,,5814,-356,-532,0,77,,6007501394950,
2026-08-19 00:20:43.504,pulse_batch,x,,,,,-2,,5816,-358,-534,0,77,,6007521805222,
2026-08-19 00:20:43.524,pulse_batch,x,,,,,-2,,5818,-360,-536,0,77,,6007542087088,
2026-08-19 00:20:43.545,pulse_batch,x,,,,,-2,,5820,-362,-538,0,77,,6007562561878,
2026-08-19 00:20:43.565,pulse_batch,x,,,,,-2,,5822,-364,-540,0,77,,6007582941669,
2026-08-19 00:20:43.585,pulse_batch,x,,,,,-2,,5824,-366,-542,0,77,,6007603237553,
2026-08-19 00:20:43.606,pulse_batch,x,,,,,-2,,5826,-368,-544,0,77,,6007623849212,
2026-08-19 00:20:43.627,pulse_batch,x,,,,,-2,,5828,-370,-546,0,77,,6007644269762,
2026-08-19 00:20:43.647,pulse_batch,x,,,,,-2,,5830,-372,-548,0,77,,6007664626645,
2026-08-19 00:20:43.667,pulse_batch,x,,,,,-2,,5832,-374,-550,0,77,,6007684928715,
2026-08-19 00:20:43.688,pulse_batch,x,,,,,-2,,5834,-376,-552,0,77,,6007706061610,
2026-08-19 00:20:43.709,pulse_batch,x,,,,,-2,,5836,-378,-554,0,77,,6007726379568,
2026-08-19 00:20:43.729,pulse_batch,x,,,,,-2,,5838,-380,-556,0,77,,6007746668952,
2026-08-19 00:20:43.750,pulse_batch,x,,,,,-2,,5840,-382,-558,0,77,,6007768221807,
2026-08-19 00:20:43.772,pulse_batch,x,,,,,-2,,5842,-384,-560,0,77,,6007789715793,
2026-08-19 00:20:43.792,pulse_batch,x,,,,,-2,,5844,-386,-562,0,77,,6007809991714,
2026-08-19 00:20:43.813,pulse_batch,x,,,,,-2,,5846,-388,-564,0,77,,6007830542874,
2026-08-19 00:20:43.833,pulse_batch,x,,,,,-2,,5848,-390,-566,0,77,,6007850923887,
2026-08-19 00:20:43.854,pulse_batch,x,,,,,-2,,5850,-392,-568,0,77,,6007871263567,
2026-08-19 00:20:43.874,pulse_batch,x,,,,,-2,,5852,-394,-570,0,77,,6007891843745,
2026-08-19 00:20:43.895,pulse_batch,x,,,,,-2,,5854,-396,-572,0,77,,6007912287053,
2026-08-19 00:20:43.915,pulse_batch,x,,,,,-2,,5856,-398,-574,0,77,,6007932589382,
2026-08-19 00:20:43.936,pulse_batch,x,,,,,-2,,5858,-400,-576,0,77,,6007953978738,
2026-08-19 00:20:43.957,pulse_batch,x,,,,,-2,,5860,-402,-578,0,77,,6007974506102,
2026-08-19 00:20:43.977,pulse_batch,x,,,,,-2,,5862,-404,-580,0,77,,6007994818801,
2026-08-19 00:20:43.997,pulse_batch,x,,,,,-2,,5864,-406,-582,0,77,,6008015105611,
2026-08-19 00:20:44.018,pulse_batch,x,,,,,-2,,5866,-408,-584,0,77,,6008035877287,
2026-08-19 00:20:44.039,pulse_batch,x,,,,,-2,,5868,-410,-586,0,77,,6008056330744,
2026-08-19 00:20:44.059,pulse_batch,x,,,,,-2,,5870,-412,-588,0,77,,6008076653462,
2026-08-19 00:20:44.080,pulse_batch,x,,,,,-2,,5872,-414,-590,0,77,,6008097415786,
2026-08-19 00:20:44.100,pulse_batch,x,,,,,-2,,5874,-416,-592,0,77,,6008117812633,
2026-08-19 00:20:44.120,pulse_batch,x,,,,,-2,,5876,-418,-594,0,77,,6008138108221,
2026-08-19 00:20:44.142,pulse_batch,x,,,,,-2,,5878,-420,-596,0,77,,6008159446929,
2026-08-19 00:20:44.162,pulse_batch,x,,,,,-2,,5880,-422,-598,0,77,,6008179967719,
2026-08-19 00:20:44.182,pulse_batch,x,,,,,-2,,5882,-424,-600,0,77,,6008200277770,
2026-08-19 00:20:44.204,pulse_batch,x,,,,,-2,,5884,-426,-602,0,77,,6008221273518,
2026-08-19 00:20:44.224,pulse_batch,x,,,,,-2,,5886,-428,-604,0,77,,6008241667106,
2026-08-19 00:20:44.244,pulse_batch,x,,,,,-2,,5888,-430,-606,0,77,,6008262006267,
2026-08-19 00:20:44.265,pulse_batch,x,,,,,-2,,5890,-432,-608,0,77,,6008282341984,
2026-08-19 00:20:44.285,pulse_batch,x,,,,,-2,,5892,-434,-610,0,77,,6008302793812,
2026-08-19 00:20:44.306,pulse_batch,x,,,,,-2,,5894,-436,-612,0,77,,6008323259417,
2026-08-19 00:20:44.326,pulse_batch,x,,,,,-2,,5896,-438,-614,0,77,,6008343546764,
2026-08-19 00:20:44.347,pulse_batch,x,,,,,-2,,5898,-440,-616,0,77,,6008364428903,
2026-08-19 00:20:44.367,pulse_batch,x,,,,,-2,,5900,-442,-618,0,77,,6008384805712,
2026-08-19 00:20:44.387,pulse_batch,x,,,,,-2,,5902,-444,-620,0,77,,6008405098967,
2026-08-19 00:20:44.409,pulse_batch,x,,,,,-2,,5904,-446,-622,0,77,,6008426706155,
2026-08-19 00:20:44.429,pulse_batch,x,,,,,-2,,5906,-448,-624,0,77,,6008447083279,
2026-08-19 00:20:44.450,pulse_batch,x,,,,,-2,,5908,-450,-626,0,77,,6008467431718,
2026-08-19 00:20:44.470,pulse_batch,x,,,,,-2,,5910,-452,-628,0,77,,6008487835046,
2026-08-19 00:20:44.491,pulse_batch,x,,,,,-2,,5912,-454,-630,0,77,,6008508450261,
2026-08-19 00:20:44.511,pulse_batch,x,,,,,-2,,5914,-456,-632,0,77,,6008528783108,
2026-08-19 00:20:44.531,pulse_batch,x,,,,,-2,,5916,-458,-634,0,77,,6008549075659,
2026-08-19 00:20:44.552,pulse_batch,x,,,,,-2,,5918,-460,-636,0,77,,6008569704948,
2026-08-19 00:20:44.572,pulse_batch,x,,,,,-2,,5920,-462,-638,0,77,,6008590111757,
2026-08-19 00:20:44.593,pulse_batch,x,,,,,-2,,5922,-464,-640,0,77,,6008610367938,
2026-08-19 00:20:44.614,pulse_batch,x,,,,,-2,,5924,-466,-642,0,77,,6008632077384,
2026-08-19 00:20:44.635,pulse_batch,x,,,,,-2,,5926,-468,-644,0,77,,6008652464860,
2026-08-19 00:20:44.655,pulse_batch,x,,,,,-2,,5928,-470,-646,0,77,,6008672786392,
2026-08-19 00:20:44.676,pulse_batch,x,,,,,-2,,5930,-472,-648,0,77,,6008693757697,
2026-08-19 00:20:44.696,pulse_batch,x,,,,,-2,,5932,-474,-650,0,77,,6008714221172,
2026-08-19 00:20:44.717,pulse_batch,x,,,,,-2,,5934,-476,-652,0,77,,6008734561556,
2026-08-19 00:20:44.737,pulse_batch,x,,,,,-2,,5936,-478,-654,0,77,,6008755092957,
2026-08-19 00:20:44.758,pulse_batch,x,,,,,-2,,5938,-480,-656,0,77,,6008775720357,
2026-08-19 00:20:44.778,pulse_batch,x,,,,,-2,,5940,-482,-658,0,77,,6008796139499,
2026-08-19 00:20:44.799,pulse_batch,x,,,,,-2,,5942,-484,-660,0,77,,6008816430402,
2026-08-19 00:20:44.819,pulse_batch,x,,,,,-2,,5944,-486,-662,0,77,,6008837017006,
2026-08-19 00:20:44.840,pulse_batch,x,,,,,-2,,5946,-488,-664,0,77,,6008857501500,
2026-08-19 00:20:44.860,pulse_batch,x,,,,,-2,,5948,-490,-666,0,77,,6008877823772,
2026-08-19 00:20:44.881,pulse_batch,x,,,,,-2,,5950,-492,-668,0,77,,6008898269822,
2026-08-19 00:20:44.901,pulse_batch,x,,,,,-2,,5952,-494,-670,0,77,,6008918644835,
2026-08-19 00:20:44.921,pulse_batch,x,,,,,-2,,5954,-496,-672,0,77,,6008938943405,
2026-08-19 00:20:44.942,pulse_batch,x,,,,,-2,,5956,-498,-674,0,77,,6008959815117,
2026-08-19 00:20:44.963,pulse_batch,x,,,,,-2,,5958,-500,-676,0,77,,6008980862347,
2026-08-19 00:20:44.983,pulse_batch,x,,,,,-2,,5960,-502,-678,0,77,,6009001164194,
2026-08-19 00:20:45.004,pulse_batch,x,,,,,-2,,5962,-504,-680,0,77,,6009021666873,
2026-08-19 00:20:45.025,pulse_batch,x,,,,,-2,,5964,-506,-682,0,77,,6009042810065,
2026-08-19 00:20:45.045,pulse_batch,x,,,,,-2,,5966,-508,-684,0,77,,6009063170301,
2026-08-19 00:20:45.066,pulse_batch,x,,,,,-2,,5968,-510,-686,0,77,,6009083780868,
2026-08-19 00:20:45.087,pulse_batch,x,,,,,-2,,5970,-512,-688,0,77,,6009104352824,
2026-08-19 00:20:45.107,pulse_batch,x,,,,,-2,,5972,-514,-690,0,77,,6009124795670,
2026-08-19 00:20:45.127,pulse_batch,x,,,,,-2,,5974,-516,-692,0,77,,6009145116554,
2026-08-19 00:20:45.149,pulse_batch,x,,,,,-2,,5976,-518,-694,0,77,,6009166237153,
2026-08-19 00:20:45.169,pulse_batch,x,,,,,-2,,5978,-520,-696,0,77,,6009187230125,
2026-08-19 00:20:45.190,pulse_batch,x,,,,,-2,,5980,-522,-698,0,77,,6009207541953,
2026-08-19 00:20:45.210,pulse_batch,x,,,,,-2,,5982,-524,-700,0,77,,6009228195983,
2026-08-19 00:20:45.232,pulse_batch,x,,,,,-2,,5984,-526,-702,0,77,,6009250015965,
2026-08-19 00:20:45.253,pulse_batch,x,,,,,-2,,5986,-528,-704,0,77,,6009270324183,
2026-08-19 00:20:45.275,pulse_batch,x,,,,,-2,,5988,-530,-706,0,77,,6009292321608,
2026-08-19 00:20:45.297,pulse_batch,x,,,,,-2,,5990,-532,-708,0,77,,6009314379885,
2026-08-19 00:20:45.317,pulse_batch,x,,,,,-2,,5992,-534,-710,0,77,,6009334702473,
2026-08-19 00:20:45.337,pulse_batch,x,,,,,-2,,5994,-536,-712,0,77,,6009355228726,
2026-08-19 00:20:45.358,pulse_batch,x,,,,,-2,,5996,-538,-714,0,77,,6009375735497,
2026-08-19 00:20:45.378,pulse_batch,x,,,,,-2,,5998,-540,-716,0,77,,6009396047863,
2026-08-19 00:20:45.399,pulse_batch,x,,,,,-2,,6000,-542,-718,0,77,,6009416344618,
2026-08-19 00:20:45.419,pulse_batch,x,,,,,-2,,6002,-544,-720,0,77,,6009437224127,
2026-08-19 00:20:45.440,pulse_batch,x,,,,,-2,,6004,-546,-722,0,77,,6009457701602,
2026-08-19 00:20:45.460,pulse_batch,x,,,,,-2,,6006,-548,-724,0,77,,6009477980783,
2026-08-19 00:20:45.481,pulse_batch,x,,,,,-2,,6008,-550,-726,0,77,,6009498510332,
2026-08-19 00:20:45.501,pulse_batch,x,,,,,-2,,6010,-552,-728,0,77,,6009518913993,
2026-08-19 00:20:45.521,pulse_batch,x,,,,,-2,,6012,-554,-730,0,77,,6009539226951,
2026-08-19 00:20:45.542,pulse_batch,x,,,,,-2,,6014,-556,-732,0,77,,6009559617372,
2026-08-19 00:20:45.562,pulse_batch,x,,,,,-2,,6016,-558,-734,0,77,,6009580098218,
2026-08-19 00:20:45.583,pulse_batch,x,,,,,-2,,6018,-560,-736,0,77,,6009600458991,
2026-08-19 00:20:45.603,pulse_batch,x,,,,,-2,,6020,-562,-738,0,77,,6009620794541,
2026-08-19 00:20:45.624,pulse_batch,x,,,,,-2,,6022,-564,-740,0,77,,6009641287998,
2026-08-19 00:20:45.644,pulse_batch,x,,,,,-2,,6024,-566,-742,0,77,,6009661596086,
2026-08-19 00:20:45.664,pulse_batch,x,,,,,-2,,6026,-568,-744,0,77,,6009681893859,
2026-08-19 00:20:45.686,pulse_batch,x,,,,,-2,,6028,-570,-746,0,77,,6009703419011,
2026-08-19 00:20:45.706,pulse_batch,x,,,,,-2,,6030,-572,-748,0,77,,6009723860727,
2026-08-19 00:20:45.726,pulse_batch,x,,,,,-2,,6032,-574,-750,0,77,,6009744138686,
2026-08-19 00:20:45.747,pulse_batch,x,,,,,-2,,6034,-576,-752,0,77,,6009764717753,
2026-08-19 00:20:45.767,pulse_batch,x,,,,,-2,,6036,-578,-754,0,77,,6009785135359,
2026-08-19 00:20:45.788,pulse_batch,x,,,,,-2,,6038,-580,-756,0,77,,6009805417836,
2026-08-19 00:20:45.808,pulse_batch,x,,,,,-2,,6040,-582,-758,0,77,,6009826039384,
2026-08-19 00:20:45.829,pulse_batch,x,,,,,-2,,6042,-584,-760,0,77,,6009846564877,
2026-08-19 00:20:45.849,pulse_batch,x,,,,,-2,,6044,-586,-762,0,77,,6009866936761,
2026-08-19 00:20:45.870,pulse_batch,x,,,,,-2,,6046,-588,-764,0,77,,6009887321626,
2026-08-19 00:20:45.891,pulse_batch,x,,,,,-2,,6048,-590,-766,0,77,,6009908183228,
2026-08-19 00:20:45.911,pulse_batch,x,,,,,-2,,6050,-592,-768,0,77,,6009928511982,
2026-08-19 00:20:45.931,pulse_batch,x,,,,,-2,,6052,-594,-770,0,77,,6009948832570,
2026-08-19 00:20:45.952,pulse_batch,x,,,,,-2,,6054,-596,-772,0,77,,6009969758634,
2026-08-19 00:20:45.973,pulse_batch,x,,,,,-2,,6056,-598,-774,0,77,,6009990265017,
2026-08-19 00:20:45.993,pulse_batch,x,,,,,-2,,6058,-600,-776,0,77,,6010010640271,
2026-08-19 00:20:46.014,pulse_batch,x,,,,,-2,,6060,-602,-778,0,77,,6010031309430,
2026-08-19 00:20:46.034,pulse_batch,x,,,,,-2,,6062,-604,-780,0,77,,6010051709332,
2026-08-19 00:20:46.054,pulse_batch,x,,,,,-2,,6064,-606,-782,0,77,,6010072022383,
2026-08-19 00:20:46.076,pulse_batch,x,,,,,-2,,6066,-608,-784,0,77,,6010093694515,
2026-08-19 00:20:46.096,pulse_batch,x,,,,,-2,,6068,-610,-786,0,77,,6010114171565,
2026-08-19 00:20:46.117,pulse_batch,x,,,,,-2,,6070,-612,-788,0,77,,6010134507856,
2026-08-19 00:20:46.137,pulse_batch,x,,,,,-2,,6072,-614,-790,0,77,,6010154858592,
2026-08-19 00:20:46.158,pulse_batch,x,,,,,-2,,6074,-616,-792,0,77,,6010175429623,
2026-08-19 00:20:46.178,pulse_batch,x,,,,,-2,,6076,-618,-794,0,77,,6010195734618,
2026-08-19 00:20:46.198,pulse_batch,x,,,,,-2,,6078,-620,-796,0,77,,6010216123224,
2026-08-19 00:20:46.219,pulse_batch,x,,,,,-2,,6080,-622,-798,0,77,,6010236582070,
2026-08-19 00:20:46.241,pulse_batch,x,,,,,-2,,6082,-624,-800,0,77,,6010258663977,
2026-08-19 00:20:46.261,pulse_batch,x,,,,,-2,,6084,-626,-802,0,77,,6010278966620,
2026-08-19 00:20:46.282,pulse_batch,x,,,,,-2,,6086,-628,-804,0,77,,6010299464688,
2026-08-19 00:20:46.303,pulse_batch,x,,,,,-2,,6088,-630,-806,0,77,,6010320469048,
2026-08-19 00:20:46.323,pulse_batch,x,,,,,-2,,6090,-632,-808,0,77,,6010340765803,
2026-08-19 00:20:46.343,pulse_batch,x,,,,,-2,,6092,-634,-810,0,77,,6010361222556,
2026-08-19 00:20:46.349,continuous_stop,x,,,,,,-1,6092,-634,-810,0,77,,6010366338291,
2026-08-19 00:20:48.484,continuous_start,x,,,,,,1,6092,-634,-810,0,77,,6012501990651,
2026-08-19 00:20:48.490,pulse_batch,x,,,,,1,,6093,-633,-810,1,77,,6012507314032,
2026-08-19 00:20:48.510,pulse_batch,x,,,,,2,,6095,-631,-810,3,77,,6012527730694,
2026-08-19 00:20:48.530,pulse_batch,x,,,,,2,,6097,-629,-810,5,77,,6012548062967,
2026-08-19 00:20:48.552,pulse_batch,x,,,,,2,,6099,-627,-810,7,77,,6012569341862,
2026-08-19 00:20:48.572,pulse_batch,x,,,,,2,,6101,-625,-810,9,77,,6012589786949,
2026-08-19 00:20:48.592,pulse_batch,x,,,,,2,,6103,-623,-810,11,77,,6012610121537,
2026-08-19 00:20:48.613,pulse_batch,x,,,,,2,,6105,-621,-810,13,77,,6012631055379,
2026-08-19 00:20:48.634,pulse_batch,x,,,,,2,,6107,-619,-810,15,77,,6012651651650,
2026-08-19 00:20:48.654,pulse_batch,x,,,,,2,,6109,-617,-810,17,77,,6012671983887,
2026-08-19 00:20:48.675,pulse_batch,x,,,,,2,,6111,-615,-810,19,77,,6012692345567,
2026-08-19 00:20:48.700,pulse_batch,x,,,,,2,,6113,-613,-810,21,77,,6012717421338,
2026-08-19 00:20:48.720,pulse_batch,x,,,,,2,,6115,-611,-810,23,77,,6012737754740,
2026-08-19 00:20:48.740,pulse_batch,x,,,,,2,,6117,-609,-810,25,77,,6012758102477,
2026-08-19 00:20:48.762,pulse_batch,x,,,,,2,,6119,-607,-810,27,77,,6012780170143,
2026-08-19 00:20:48.783,pulse_batch,x,,,,,2,,6121,-605,-810,29,77,,6012800499860,
2026-08-19 00:20:48.803,pulse_batch,x,,,,,2,,6123,-603,-810,31,77,,6012820875448,
2026-08-19 00:20:48.826,pulse_batch,x,,,,,2,,6125,-601,-810,33,77,,6012844119327,
2026-08-19 00:20:48.847,pulse_batch,x,,,,,2,,6127,-599,-810,35,77,,6012864507081,
2026-08-19 00:20:48.867,pulse_batch,x,,,,,2,,6129,-597,-810,37,77,,6012884801132,
2026-08-19 00:20:48.888,pulse_batch,x,,,,,2,,6131,-595,-810,39,77,,6012905280812,
2026-08-19 00:20:48.909,pulse_batch,x,,,,,2,,6133,-593,-810,41,77,,6012926444097,
2026-08-19 00:20:48.929,pulse_batch,x,,,,,2,,6135,-591,-810,43,77,,6012946847480,
2026-08-19 00:20:48.950,pulse_batch,x,,,,,2,,6137,-589,-810,45,77,,6012967348956,
2026-08-19 00:20:48.972,pulse_batch,x,,,,,2,,6139,-587,-810,47,77,,6012989260586,
2026-08-19 00:20:48.992,pulse_batch,x,,,,,2,,6141,-585,-810,49,77,,6013009608915,
2026-08-19 00:20:49.013,pulse_batch,x,,,,,2,,6143,-583,-810,51,77,,6013030962050,
2026-08-19 00:20:49.037,pulse_batch,x,,,,,2,,6145,-581,-810,53,77,,6013054341446,
2026-08-19 00:20:49.057,pulse_batch,x,,,,,2,,6147,-579,-810,55,77,,6013074661145,
2026-08-19 00:20:49.077,pulse_batch,x,,,,,2,,6149,-577,-810,57,77,,6013095063418,
2026-08-19 00:20:49.099,pulse_batch,x,,,,,2,,6151,-575,-810,59,77,,6013116285573,
2026-08-19 00:20:49.119,pulse_batch,x,,,,,2,,6153,-573,-810,61,77,,6013136612569,
2026-08-19 00:20:49.140,pulse_batch,x,,,,,2,,6155,-571,-810,63,77,,6013157350042,
2026-08-19 00:20:49.161,pulse_batch,x,,,,,2,,6157,-569,-810,65,77,,6013178325033,
2026-08-19 00:20:49.183,pulse_batch,x,,,,,2,,6159,-567,-810,67,77,,6013200397847,
2026-08-19 00:20:49.203,pulse_batch,x,,,,,2,,6161,-565,-810,69,77,,6013220737713,
2026-08-19 00:20:49.224,pulse_batch,x,,,,,2,,6163,-563,-810,71,77,,6013241619704,
2026-08-19 00:20:49.244,pulse_batch,x,,,,,2,,6165,-561,-810,73,77,,6013262163401,
2026-08-19 00:20:49.265,pulse_batch,x,,,,,2,,6167,-559,-810,75,77,,6013282473675,
2026-08-19 00:20:49.285,pulse_batch,x,,,,,2,,6169,-557,-810,77,77,,6013302938244,
2026-08-19 00:20:49.306,pulse_batch,x,,,,,2,,6171,-555,-808,77,77,,6013323322739,
2026-08-19 00:20:49.326,pulse_batch,x,,,,,2,,6173,-553,-806,77,77,,6013343710160,
2026-08-19 00:20:49.348,pulse_batch,x,,,,,2,,6175,-551,-804,77,77,,6013365287460,
2026-08-19 00:20:49.368,pulse_batch,x,,,,,2,,6177,-549,-802,77,77,,6013385690159,
2026-08-19 00:20:49.388,pulse_batch,x,,,,,2,,6179,-547,-800,77,77,,6013406084191,
2026-08-19 00:20:49.409,pulse_batch,x,,,,,2,,6181,-545,-798,77,77,,6013426423501,
2026-08-19 00:20:49.424,pulse_batch,x,,,,,1,,6182,-544,-797,77,77,,6013441736761,
2026-08-19 00:20:49.424,continuous_stop,x,,,,,,1,6182,-544,-797,77,77,,6013441924834,
2026-08-19 00:20:49.883,continuous_start,x,,,,,,1,6182,-544,-797,77,77,,6013900866640,
2026-08-19 00:20:49.889,pulse_batch,x,,,,,1,,6183,-543,-796,77,77,,6013906303686,
2026-08-19 00:20:49.909,pulse_batch,x,,,,,2,,6185,-541,-794,77,77,,6013926766959,
2026-08-19 00:20:49.929,pulse_batch,x,,,,,2,,6187,-539,-792,77,77,,6013947089251,
2026-08-19 00:20:49.950,pulse_batch,x,,,,,2,,6189,-537,-790,77,77,,6013967710540,
2026-08-19 00:20:49.970,pulse_batch,x,,,,,2,,6191,-535,-788,77,77,,6013988219479,
2026-08-19 00:20:49.991,pulse_batch,x,,,,,2,,6193,-533,-786,77,77,,6014008583252,
2026-08-19 00:20:50.011,pulse_batch,x,,,,,2,,6195,-531,-784,77,77,,6014028970747,
2026-08-19 00:20:50.032,pulse_batch,x,,,,,2,,6197,-529,-782,77,77,,6014049683129,
2026-08-19 00:20:50.052,pulse_batch,x,,,,,2,,6199,-527,-780,77,77,,6014070026180,
2026-08-19 00:20:50.073,pulse_batch,x,,,,,2,,6201,-525,-778,77,77,,6014090346601,
2026-08-19 00:20:50.093,pulse_batch,x,,,,,2,,6203,-523,-776,77,77,,6014110900577,
2026-08-19 00:20:50.114,pulse_batch,x,,,,,2,,6205,-521,-774,77,77,,6014131415164,
2026-08-19 00:20:50.134,pulse_batch,x,,,,,2,,6207,-519,-772,77,77,,6014151728030,
2026-08-19 00:20:50.155,pulse_batch,x,,,,,2,,6209,-517,-770,77,77,,6014172433152,
2026-08-19 00:20:50.160,continuous_stop,x,,,,,,1,6209,-517,-770,77,77,,6014177518091,
2026-08-19 00:20:50.483,continuous_start,x,,,,,,1,6209,-517,-770,77,77,,6014500731226,
2026-08-19 00:20:50.488,pulse_batch,x,,,,,1,,6210,-516,-769,77,77,,6014506028755,
2026-08-19 00:20:50.509,pulse_batch,x,,,,,2,,6212,-514,-767,77,77,,6014526380140,
2026-08-19 00:20:50.529,pulse_batch,x,,,,,2,,6214,-512,-765,77,77,,6014546662858,
2026-08-19 00:20:50.553,pulse_batch,x,,,,,2,,6216,-510,-763,77,77,,6014570415621,
2026-08-19 00:20:50.573,pulse_batch,x,,,,,2,,6218,-508,-761,77,77,,6014590843079,
2026-08-19 00:20:50.593,pulse_batch,x,,,,,2,,6220,-506,-759,77,77,,6014611148538,
2026-08-19 00:20:50.614,pulse_batch,x,,,,,2,,6222,-504,-757,77,77,,6014631811105,
2026-08-19 00:20:50.635,pulse_batch,x,,,,,2,,6224,-502,-755,77,77,,6014652277359,
2026-08-19 00:20:50.655,pulse_batch,x,,,,,2,,6226,-500,-753,77,77,,6014672651410,
2026-08-19 00:20:50.676,pulse_batch,x,,,,,2,,6228,-498,-751,77,77,,6014692985535,
2026-08-19 00:20:50.698,pulse_batch,x,,,,,2,,6230,-496,-749,77,77,,6014715290533,
2026-08-19 00:20:50.718,pulse_batch,x,,,,,2,,6232,-494,-747,77,77,,6014735588881,
2026-08-19 00:20:50.738,pulse_batch,x,,,,,2,,6234,-492,-745,77,77,,6014755922358,
2026-08-19 00:20:50.754,pulse_batch,x,,,,,1,,6235,-491,-744,77,77,,6014771390747,
2026-08-19 00:20:50.754,continuous_stop,x,,,,,,1,6235,-491,-744,77,77,,6014771778966,
2026-08-19 00:20:51.484,continuous_start,x,,,,,,1,6235,-491,-744,77,77,,6015501267836,
2026-08-19 00:20:51.489,pulse_batch,x,,,,,1,,6236,-490,-743,77,77,,6015506649828,
2026-08-19 00:20:51.509,pulse_batch,x,,,,,2,,6238,-488,-741,77,77,,6015527030064,
2026-08-19 00:20:51.530,pulse_batch,x,,,,,2,,6240,-486,-739,77,77,,6015547304116,
2026-08-19 00:20:51.550,pulse_batch,x,,,,,2,,6242,-484,-737,77,77,,6015567727185,
2026-08-19 00:20:51.571,pulse_batch,x,,,,,2,,6244,-482,-735,77,77,,6015588513436,
2026-08-19 00:20:51.591,pulse_batch,x,,,,,2,,6246,-480,-733,77,77,,6015608810358,
2026-08-19 00:20:51.613,pulse_batch,x,,,,,2,,6248,-478,-731,77,77,,6015629215613,
2026-08-19 00:20:51.617,continuous_stop,x,,,,,,1,6248,-478,-731,77,77,,6015634426310,
2026-08-19 00:20:52.485,continuous_start,x,,,,,,1,6248,-478,-731,77,77,,6016502504094,
2026-08-19 00:20:52.490,pulse_batch,x,,,,,1,,6249,-477,-730,77,77,,6016507808383,
2026-08-19 00:20:52.510,pulse_batch,x,,,,,2,,6251,-475,-728,77,77,,6016528164231,
2026-08-19 00:20:52.531,pulse_batch,x,,,,,2,,6253,-473,-726,77,77,,6016548434486,
2026-08-19 00:20:52.553,pulse_batch,x,,,,,2,,6255,-471,-724,77,77,,6016570607171,
2026-08-19 00:20:52.573,pulse_batch,x,,,,,2,,6257,-469,-722,77,77,,6016590997425,
2026-08-19 00:20:52.594,pulse_batch,x,,,,,2,,6259,-467,-720,77,77,,6016611343921,
2026-08-19 00:20:52.614,pulse_batch,x,,,,,2,,6261,-465,-718,77,77,,6016631802342,
2026-08-19 00:20:52.619,continuous_stop,x,,,,,,1,6261,-465,-718,77,77,,6016636962021,
2026-08-19 00:20:57.156,continuous_start,x,,,,,,1,6261,-465,-718,77,77,,6021174186030,
2026-08-19 00:20:57.178,pulse_batch,x,,,,,1,,6262,-464,-717,77,77,,6021196085810,
2026-08-19 00:20:57.219,pulse_batch,x,,,,,1,,6263,-463,-716,77,77,,6021236604082,
2026-08-19 00:20:57.239,continuous_stop,x,,,,,,1,6263,-463,-716,77,77,,6021256816450,
2026-08-19 00:20:57.822,continuous_start,x,,,,,,1,6263,-463,-716,77,77,,6021840062922,
2026-08-19 00:20:57.843,pulse_batch,x,,,,,1,,6264,-462,-715,77,77,,6021860373085,
2026-08-19 00:20:57.883,pulse_batch,x,,,,,1,,6265,-461,-714,77,77,,6021900663082,
2026-08-19 00:20:57.903,continuous_stop,x,,,,,,1,6265,-461,-714,77,77,,6021920981152,
2026-08-19 00:20:59.618,point_saved,x,1,stored,,,,1,,-461,-714,77,77,-714,,
2026-08-19 00:20:59.618,point_saved,y,1,stored,,,,1,,12,112,4,4,112,,
2026-08-19 00:21:01.292,target_start,x,0,stored,,,,,,-461,-714,77,77,-246,,
2026-08-19 00:21:01.292,target_start,y,0,stored,,,,,,12,112,4,4,112,,
2026-08-19 00:21:01.292,approach_source_start,x,0,stored,,,,1,,-461,-714,77,77,-333,,
2026-08-19 00:21:01.293,approach_source_start,y,0,stored,,,,1,,12,112,4,4,98,,
2026-08-19 00:21:01.295,move_start,y,,,5,-18,,-1,292,12,112,4,4,,6025313127832,
2026-08-19 00:21:01.296,move_start,x,,,5,381,,1,6265,-461,-714,77,77,,6025313647902,
2026-08-19 00:21:01.316,pulse_batch,y,,,,,-1,,293,11,112,3,4,,6025333870307,
2026-08-19 00:21:01.318,pulse_batch,x,,,,,1,,6266,-460,-713,77,77,,6025334020065,
2026-08-19 00:21:01.356,pulse_batch,x,,,,,1,,6267,-459,-712,77,77,,6025374206378,
2026-08-19 00:21:01.357,pulse_batch,y,,,,,-1,,294,10,112,2,4,,6025374398710,
2026-08-19 00:21:01.397,pulse_batch,x,,,,,1,,6268,-458,-711,77,77,,6025414432320,
2026-08-19 00:21:01.397,pulse_batch,y,,,,,-1,,295,9,112,1,4,,6025414652726,
2026-08-19 00:21:01.437,pulse_batch,x,,,,,1,,6269,-457,-710,77,77,,6025454633577,
2026-08-19 00:21:01.437,pulse_batch,y,,,,,-1,,296,8,112,0,4,,6025454832761,
2026-08-19 00:21:01.477,pulse_batch,x,,,,,1,,6270,-456,-709,77,77,,6025494840260,
2026-08-19 00:21:01.477,pulse_batch,y,,,,,-1,,297,7,111,0,4,,6025495052999,
2026-08-19 00:21:01.517,pulse_batch,x,,,,,1,,6271,-455,-708,77,77,,6025535083277,
2026-08-19 00:21:01.518,pulse_batch,y,,,,,-1,,298,6,110,0,4,,6025535346756,
2026-08-19 00:21:01.558,pulse_batch,x,,,,,1,,6272,-454,-707,77,77,,6025575313885,
2026-08-19 00:21:01.558,pulse_batch,y,,,,,-1,,299,5,109,0,4,,6025575529809,
2026-08-19 00:21:01.598,pulse_batch,x,,,,,1,,6273,-453,-706,77,77,,6025615700085,
2026-08-19 00:21:01.598,pulse_batch,y,,,,,-1,,300,4,108,0,4,,6025615970972,
2026-08-19 00:21:01.638,pulse_batch,x,,,,,1,,6274,-452,-705,77,77,,6025655938583,
2026-08-19 00:21:01.638,pulse_batch,y,,,,,-1,,301,3,107,0,4,,6025656248099,
2026-08-19 00:21:01.678,pulse_batch,x,,,,,1,,6275,-451,-704,77,77,,6025696139785,
2026-08-19 00:21:01.679,pulse_batch,y,,,,,-1,,302,2,106,0,4,,6025696401264,
2026-08-19 00:21:01.719,pulse_batch,x,,,,,1,,6276,-450,-703,77,77,,6025736475781,
2026-08-19 00:21:01.719,pulse_batch,y,,,,,-1,,303,1,105,0,4,,6025736775520,
2026-08-19 00:21:01.759,pulse_batch,x,,,,,1,,6277,-449,-702,77,77,,6025776685039,
2026-08-19 00:21:01.759,pulse_batch,y,,,,,-1,,304,0,104,0,4,,6025776952184,
2026-08-19 00:21:01.799,pulse_batch,x,,,,,1,,6278,-448,-701,77,77,,6025817084313,
2026-08-19 00:21:01.800,pulse_batch,y,,,,,-1,,305,-1,103,0,4,,6025817389866,
2026-08-19 00:21:01.840,pulse_batch,x,,,,,1,,6279,-447,-700,77,77,,6025857374847,
2026-08-19 00:21:01.840,pulse_batch,y,,,,,-1,,306,-2,102,0,4,,6025857665307,
2026-08-19 00:21:01.880,pulse_batch,x,,,,,1,,6280,-446,-699,77,77,,6025897574271,
2026-08-19 00:21:01.880,pulse_batch,y,,,,,-1,,307,-3,101,0,4,,6025897899027,
2026-08-19 00:21:01.920,pulse_batch,x,,,,,1,,6281,-445,-698,77,77,,6025937873657,
2026-08-19 00:21:01.920,pulse_batch,y,,,,,-1,,308,-4,100,0,4,,6025938139062,
2026-08-19 00:21:01.960,pulse_batch,x,,,,,1,,6282,-444,-697,77,77,,6025978089821,
2026-08-19 00:21:01.961,pulse_batch,y,,,,,-1,,309,-5,99,0,4,,6025978319745,
2026-08-19 00:21:02.001,pulse_batch,y,,,,,-1,,310,-6,98,0,4,,6026018641205,
2026-08-19 00:21:02.001,pulse_batch,x,,,,,1,,6283,-443,-696,77,77,,6026018732630,
2026-08-19 00:21:02.021,move_finish,y,,,5,,,,310,-6,98,0,4,,6026038788574,
2026-08-19 00:21:02.041,pulse_batch,x,,,,,1,,6284,-442,-695,77,77,,6026059048164,
2026-08-19 00:21:02.082,pulse_batch,x,,,,,1,,6285,-441,-694,77,77,,6026099282125,
2026-08-19 00:21:02.124,pulse_batch,x,,,,,1,,6286,-440,-693,77,77,,6026141826307,
2026-08-19 00:21:02.166,pulse_batch,x,,,,,1,,6287,-439,-692,77,77,,6026183500979,
2026-08-19 00:21:02.206,pulse_batch,x,,,,,1,,6288,-438,-691,77,77,,6026223774495,
2026-08-19 00:21:02.247,pulse_batch,x,,,,,1,,6289,-437,-690,77,77,,6026264258194,
2026-08-19 00:21:02.287,pulse_batch,x,,,,,1,,6290,-436,-689,77,77,,6026304377674,
2026-08-19 00:21:02.327,pulse_batch,x,,,,,1,,6291,-435,-688,77,77,,6026344599302,
2026-08-19 00:21:02.367,pulse_batch,x,,,,,1,,6292,-434,-687,77,77,,6026384928410,
2026-08-19 00:21:02.407,pulse_batch,x,,,,,1,,6293,-433,-686,77,77,,6026425121131,
2026-08-19 00:21:02.448,pulse_batch,x,,,,,1,,6294,-432,-685,77,77,,6026466108511,
2026-08-19 00:21:02.489,pulse_batch,x,,,,,1,,6295,-431,-684,77,77,,6026506386379,
2026-08-19 00:21:02.529,pulse_batch,x,,,,,1,,6296,-430,-683,77,77,,6026546628080,
2026-08-19 00:21:02.569,pulse_batch,x,,,,,1,,6297,-429,-682,77,77,,6026587002799,
2026-08-19 00:21:02.609,pulse_batch,x,,,,,1,,6298,-428,-681,77,77,,6026627210501,
2026-08-19 00:21:02.652,pulse_batch,x,,,,,1,,6299,-427,-680,77,77,,6026669521574,
2026-08-19 00:21:02.692,pulse_batch,x,,,,,1,,6300,-426,-679,77,77,,6026709724887,
2026-08-19 00:21:02.732,pulse_batch,x,,,,,1,,6301,-425,-678,77,77,,6026749987755,
2026-08-19 00:21:02.773,pulse_batch,x,,,,,1,,6302,-424,-677,77,77,,6026790261919,
2026-08-19 00:21:02.813,pulse_batch,x,,,,,1,,6303,-423,-676,77,77,,6026830470473,
2026-08-19 00:21:02.853,pulse_batch,x,,,,,1,,6304,-422,-675,77,77,,6026870724286,
2026-08-19 00:21:02.893,pulse_batch,x,,,,,1,,6305,-421,-674,77,77,,6026910933636,
2026-08-19 00:21:02.933,pulse_batch,x,,,,,1,,6306,-420,-673,77,77,,6026951228948,
2026-08-19 00:21:02.974,pulse_batch,x,,,,,1,,6307,-419,-672,77,77,,6026991493964,
2026-08-19 00:21:03.014,pulse_batch,x,,,,,1,,6308,-418,-671,77,77,,6027031716684,
2026-08-19 00:21:03.054,pulse_batch,x,,,,,1,,6309,-417,-670,77,77,,6027071992867,
2026-08-19 00:21:03.095,pulse_batch,x,,,,,1,,6310,-416,-669,77,77,,6027112475215,
2026-08-19 00:21:03.135,pulse_batch,x,,,,,1,,6311,-415,-668,77,77,,6027152915156,
2026-08-19 00:21:03.175,pulse_batch,x,,,,,1,,6312,-414,-667,77,77,,6027193198431,
2026-08-19 00:21:03.216,pulse_batch,x,,,,,1,,6313,-413,-666,77,77,,6027233430763,
2026-08-19 00:21:03.256,pulse_batch,x,,,,,1,,6314,-412,-665,77,77,,6027273705297,
2026-08-19 00:21:03.296,pulse_batch,x,,,,,1,,6315,-411,-664,77,77,,6027314166460,
2026-08-19 00:21:03.337,pulse_batch,x,,,,,1,,6316,-410,-663,77,77,,6027354480624,
2026-08-19 00:21:03.377,pulse_batch,x,,,,,1,,6317,-409,-662,77,77,,6027394695623,
2026-08-19 00:21:03.417,pulse_batch,x,,,,,1,,6318,-408,-661,77,77,,6027434893936,
2026-08-19 00:21:03.457,pulse_batch,x,,,,,1,,6319,-407,-660,77,77,,6027475198304,
2026-08-19 00:21:03.498,pulse_batch,x,,,,,1,,6320,-406,-659,77,77,,6027515456561,
2026-08-19 00:21:03.538,pulse_batch,x,,,,,1,,6321,-405,-658,77,77,,6027555750170,
2026-08-19 00:21:03.578,pulse_batch,x,,,,,1,,6322,-404,-657,77,77,,6027595976409,
2026-08-19 00:21:03.618,pulse_batch,x,,,,,1,,6323,-403,-656,77,77,,6027636190277,
2026-08-19 00:21:03.659,pulse_batch,x,,,,,1,,6324,-402,-655,77,77,,6027676452794,
2026-08-19 00:21:03.700,pulse_batch,x,,,,,1,,6325,-401,-654,77,77,,6027717228472,
2026-08-19 00:21:03.740,pulse_batch,x,,,,,1,,6326,-400,-653,77,77,,6027757543155,
2026-08-19 00:21:03.780,pulse_batch,x,,,,,1,,6327,-399,-652,77,77,,6027797768894,
2026-08-19 00:21:03.820,pulse_batch,x,,,,,1,,6328,-398,-651,77,77,,6027837987466,
2026-08-19 00:21:03.861,pulse_batch,x,,,,,1,,6329,-397,-650,77,77,,6027878260094,
2026-08-19 00:21:03.901,pulse_batch,x,,,,,1,,6330,-396,-649,77,77,,6027918532184,
2026-08-19 00:21:03.941,pulse_batch,x,,,,,1,,6331,-395,-648,77,77,,6027958714923,
2026-08-19 00:21:03.982,pulse_batch,x,,,,,1,,6332,-394,-647,77,77,,6027999089753,
2026-08-19 00:21:04.022,pulse_batch,x,,,,,1,,6333,-393,-646,77,77,,6028039281974,
2026-08-19 00:21:04.062,pulse_batch,x,,,,,1,,6334,-392,-645,77,77,,6028079552620,
2026-08-19 00:21:04.102,pulse_batch,x,,,,,1,,6335,-391,-644,77,77,,6028119902155,
2026-08-19 00:21:04.142,pulse_batch,x,,,,,1,,6336,-390,-643,77,77,,6028160091209,
2026-08-19 00:21:04.183,pulse_batch,x,,,,,1,,6337,-389,-642,77,77,,6028200372244,
2026-08-19 00:21:04.223,pulse_batch,x,,,,,1,,6338,-388,-641,77,77,,6028240598724,
2026-08-19 00:21:04.263,pulse_batch,x,,,,,1,,6339,-387,-640,77,77,,6028280817315,
2026-08-19 00:21:04.303,pulse_batch,x,,,,,1,,6340,-386,-639,77,77,,6028321110331,
2026-08-19 00:21:04.344,pulse_batch,x,,,,,1,,6341,-385,-638,77,77,,6028361292867,
2026-08-19 00:21:04.384,pulse_batch,x,,,,,1,,6342,-384,-637,77,77,,6028401589291,
2026-08-19 00:21:04.424,pulse_batch,x,,,,,1,,6343,-383,-636,77,77,,6028441847233,
2026-08-19 00:21:04.464,pulse_batch,x,,,,,1,,6344,-382,-635,77,77,,6028482087861,
2026-08-19 00:21:04.505,pulse_batch,x,,,,,1,,6345,-381,-634,77,77,,6028522399415,
2026-08-19 00:21:04.545,pulse_batch,x,,,,,1,,6346,-380,-633,77,77,,6028562594895,
2026-08-19 00:21:04.585,pulse_batch,x,,,,,1,,6347,-379,-632,77,77,,6028602906966,
2026-08-19 00:21:04.626,pulse_batch,x,,,,,1,,6348,-378,-631,77,77,,6028643671960,
2026-08-19 00:21:04.666,pulse_batch,x,,,,,1,,6349,-377,-630,77,77,,6028683910403,
2026-08-19 00:21:04.707,pulse_batch,x,,,,,1,,6350,-376,-629,77,77,,6028724245067,
2026-08-19 00:21:04.747,pulse_batch,x,,,,,1,,6351,-375,-628,77,77,,6028764431844,
2026-08-19 00:21:04.787,pulse_batch,x,,,,,1,,6352,-374,-627,77,77,,6028804770989,
2026-08-19 00:21:04.827,pulse_batch,x,,,,,1,,6353,-373,-626,77,77,,6028844979358,
2026-08-19 00:21:04.867,pulse_batch,x,,,,,1,,6354,-372,-625,77,77,,6028885220597,
2026-08-19 00:21:04.908,pulse_batch,x,,,,,1,,6355,-371,-624,77,77,,6028925475225,
2026-08-19 00:21:04.948,pulse_batch,x,,,,,1,,6356,-370,-623,77,77,,6028965802185,
2026-08-19 00:21:04.988,pulse_batch,x,,,,,1,,6357,-369,-622,77,77,,6029006064924,
2026-08-19 00:21:05.029,pulse_batch,x,,,,,1,,6358,-368,-621,77,77,,6029046321386,
2026-08-19 00:21:05.069,pulse_batch,x,,,,,1,,6359,-367,-620,77,77,,6029086753253,
2026-08-19 00:21:05.109,pulse_batch,x,,,,,1,,6360,-366,-619,77,77,,6029127052214,
2026-08-19 00:21:05.150,pulse_batch,x,,,,,1,,6361,-365,-618,77,77,,6029167296897,
2026-08-19 00:21:05.190,pulse_batch,x,,,,,1,,6362,-364,-617,77,77,,6029207589673,
2026-08-19 00:21:05.232,pulse_batch,x,,,,,1,,6363,-363,-616,77,77,,6029249362789,
2026-08-19 00:21:05.272,pulse_batch,x,,,,,1,,6364,-362,-615,77,77,,6029289615343,
2026-08-19 00:21:05.312,pulse_batch,x,,,,,1,,6365,-361,-614,77,77,,6029329849008,
2026-08-19 00:21:05.353,pulse_batch,x,,,,,1,,6366,-360,-613,77,77,,6029370281412,
2026-08-19 00:21:05.393,pulse_batch,x,,,,,1,,6367,-359,-612,77,77,,6029410551484,
2026-08-19 00:21:05.433,pulse_batch,x,,,,,1,,6368,-358,-611,77,77,,6029450799483,
2026-08-19 00:21:05.473,pulse_batch,x,,,,,1,,6369,-357,-610,77,77,,6029491027463,
2026-08-19 00:21:05.514,pulse_batch,x,,,,,1,,6370,-356,-609,77,77,,6029531310998,
2026-08-19 00:21:05.554,pulse_batch,x,,,,,1,,6371,-355,-608,77,77,,6029571501442,
2026-08-19 00:21:05.594,pulse_batch,x,,,,,1,,6372,-354,-607,77,77,,6029611804328,
2026-08-19 00:21:05.634,pulse_batch,x,,,,,1,,6373,-353,-606,77,77,,6029652099363,
2026-08-19 00:21:05.674,pulse_batch,x,,,,,1,,6374,-352,-605,77,77,,6029692230937,
2026-08-19 00:21:05.715,pulse_batch,x,,,,,1,,6375,-351,-604,77,77,,6029732926802,
2026-08-19 00:21:05.755,pulse_batch,x,,,,,1,,6376,-350,-603,77,77,,6029773084875,
2026-08-19 00:21:05.781,pulse_batch,x,,,,,1,,6377,-349,-602,77,77,,6029798530589,
2026-08-19 00:21:05.801,pulse_batch,x,,,,,2,,6379,-347,-600,77,77,,6029819083326,
2026-08-19 00:21:05.822,pulse_batch,x,,,,,2,,6381,-345,-598,77,77,,6029839668043,
2026-08-19 00:21:05.843,pulse_batch,x,,,,,2,,6383,-343,-596,77,77,,6029860991533,
2026-08-19 00:21:05.864,pulse_batch,x,,,,,2,,6385,-341,-594,77,77,,6029881512658,
2026-08-19 00:21:05.884,pulse_batch,x,,,,,2,,6387,-339,-592,77,77,,6029901828563,
2026-08-19 00:21:05.905,pulse_batch,x,,,,,2,,6389,-337,-590,77,77,,6029922313522,
2026-08-19 00:21:05.925,pulse_batch,x,,,,,2,,6391,-335,-588,77,77,,6029942706649,
2026-08-19 00:21:05.945,pulse_batch,x,,,,,2,,6393,-333,-586,77,77,,6029963010573,
2026-08-19 00:21:05.966,pulse_batch,x,,,,,2,,6395,-331,-584,77,77,,6029983444866,
2026-08-19 00:21:05.986,pulse_batch,x,,,,,2,,6397,-329,-582,77,77,,6030003963065,
2026-08-19 00:21:06.007,pulse_batch,x,,,,,2,,6399,-327,-580,77,77,,6030024324248,
2026-08-19 00:21:06.027,pulse_batch,x,,,,,2,,6401,-325,-578,77,77,,6030044892206,
2026-08-19 00:21:06.048,pulse_batch,x,,,,,2,,6403,-323,-576,77,77,,6030065604404,
2026-08-19 00:21:06.068,pulse_batch,x,,,,,2,,6405,-321,-574,77,77,,6030085904865,
2026-08-19 00:21:06.089,pulse_batch,x,,,,,2,,6407,-319,-572,77,77,,6030106424621,
2026-08-19 00:21:06.109,pulse_batch,x,,,,,2,,6409,-317,-570,77,77,,6030127036746,
2026-08-19 00:21:06.130,pulse_batch,x,,,,,2,,6411,-315,-568,77,77,,6030147527483,
2026-08-19 00:21:06.150,pulse_batch,x,,,,,2,,6413,-313,-566,77,77,,6030167856832,
2026-08-19 00:21:06.171,pulse_batch,x,,,,,2,,6415,-311,-564,77,77,,6030188973249,
2026-08-19 00:21:06.192,pulse_batch,x,,,,,2,,6417,-309,-562,77,77,,6030209325228,
2026-08-19 00:21:06.212,pulse_batch,x,,,,,2,,6419,-307,-560,77,77,,6030229684170,
2026-08-19 00:21:06.233,pulse_batch,x,,,,,2,,6421,-305,-558,77,77,,6030250366405,
2026-08-19 00:21:06.255,pulse_batch,x,,,,,2,,6423,-303,-556,77,77,,6030273243419,
2026-08-19 00:21:06.276,pulse_batch,x,,,,,2,,6425,-301,-554,77,77,,6030293525917,
2026-08-19 00:21:06.299,pulse_batch,x,,,,,2,,6427,-299,-552,77,77,,6030314031746,
2026-08-19 00:21:06.317,pulse_batch,x,,,,,2,,6429,-297,-550,77,77,,6030334534168,
2026-08-19 00:21:06.337,pulse_batch,x,,,,,2,,6431,-295,-548,77,77,,6030354823888,
2026-08-19 00:21:06.357,pulse_batch,x,,,,,2,,6433,-293,-546,77,77,,6030375169479,
2026-08-19 00:21:06.378,pulse_batch,x,,,,,2,,6435,-291,-544,77,77,,6030395801437,
2026-08-19 00:21:06.398,pulse_batch,x,,,,,2,,6437,-289,-542,77,77,,6030416252674,
2026-08-19 00:21:06.419,pulse_batch,x,,,,,2,,6439,-287,-540,77,77,,6030436590746,
2026-08-19 00:21:06.439,pulse_batch,x,,,,,2,,6441,-285,-538,77,77,,6030457089760,
2026-08-19 00:21:06.460,pulse_batch,x,,,,,2,,6443,-283,-536,77,77,,6030477458202,
2026-08-19 00:21:06.480,pulse_batch,x,,,,,2,,6445,-281,-534,77,77,,6030497753293,
2026-08-19 00:21:06.501,pulse_batch,x,,,,,2,,6447,-279,-532,77,77,,6030518556286,
2026-08-19 00:21:06.521,pulse_batch,x,,,,,2,,6449,-277,-530,77,77,,6030539013172,
2026-08-19 00:21:06.542,pulse_batch,x,,,,,2,,6451,-275,-528,77,77,,6030559304818,
2026-08-19 00:21:06.562,pulse_batch,x,,,,,2,,6453,-273,-526,77,77,,6030579675167,
2026-08-19 00:21:06.583,pulse_batch,x,,,,,2,,6455,-271,-524,77,77,,6030600242903,
2026-08-19 00:21:06.603,pulse_batch,x,,,,,2,,6457,-269,-522,77,77,,6030620516827,
2026-08-19 00:21:06.623,pulse_batch,x,,,,,2,,6459,-267,-520,77,77,,6030640860288,
2026-08-19 00:21:06.647,pulse_batch,x,,,,,2,,6461,-265,-518,77,77,,6030664208501,
2026-08-19 00:21:06.667,pulse_batch,x,,,,,2,,6463,-263,-516,77,77,,6030684458092,
2026-08-19 00:21:06.687,pulse_batch,x,,,,,2,,6465,-261,-514,77,77,,6030704785108,
2026-08-19 00:21:06.710,pulse_batch,x,,,,,2,,6467,-259,-512,77,77,,6030728061600,
2026-08-19 00:21:06.731,pulse_batch,x,,,,,2,,6469,-257,-510,77,77,,6030748423634,
2026-08-19 00:21:06.751,pulse_batch,x,,,,,2,,6471,-255,-508,77,77,,6030768735447,
2026-08-19 00:21:06.773,pulse_batch,x,,,,,2,,6473,-253,-506,77,77,,6030790909577,
2026-08-19 00:21:06.794,pulse_batch,x,,,,,2,,6475,-251,-504,77,77,,6030811311519,
2026-08-19 00:21:06.814,pulse_batch,x,,,,,2,,6477,-249,-502,77,77,,6030831618405,
2026-08-19 00:21:06.834,pulse_batch,x,,,,,2,,6479,-247,-500,77,77,,6030852175049,
2026-08-19 00:21:06.857,pulse_batch,x,,,,,2,,6481,-245,-498,77,77,,6030874301254,
2026-08-19 00:21:06.877,pulse_batch,x,,,,,2,,6483,-243,-496,77,77,,6030894605789,
2026-08-19 00:21:06.897,pulse_batch,x,,,,,2,,6485,-241,-494,77,77,,6030915045156,
2026-08-19 00:21:06.918,pulse_batch,x,,,,,2,,6487,-239,-492,77,77,,6030936083703,
2026-08-19 00:21:06.939,pulse_batch,x,,,,,2,,6489,-237,-490,77,77,,6030956414479,
2026-08-19 00:21:06.959,pulse_batch,x,,,,,2,,6491,-235,-488,77,77,,6030976839587,
2026-08-19 00:21:06.980,pulse_batch,x,,,,,2,,6493,-233,-486,77,77,,6030997329842,
2026-08-19 00:21:07.000,pulse_batch,x,,,,,2,,6495,-231,-484,77,77,,6031017724432,
2026-08-19 00:21:07.020,pulse_batch,x,,,,,2,,6497,-229,-482,77,77,,6031038136040,
2026-08-19 00:21:07.041,pulse_batch,x,,,,,2,,6499,-227,-480,77,77,,6031058511611,
2026-08-19 00:21:07.062,pulse_batch,x,,,,,2,,6501,-225,-478,77,77,,6031079383938,
2026-08-19 00:21:07.082,pulse_batch,x,,,,,2,,6503,-223,-476,77,77,,6031100072562,
2026-08-19 00:21:07.106,pulse_batch,x,,,,,2,,6505,-221,-474,77,77,,6031123555626,
2026-08-19 00:21:07.126,pulse_batch,x,,,,,2,,6507,-219,-472,77,77,,6031144087511,
2026-08-19 00:21:07.147,pulse_batch,x,,,,,2,,6509,-217,-470,77,77,,6031164388472,
2026-08-19 00:21:07.167,pulse_batch,x,,,,,2,,6511,-215,-468,77,77,,6031184779766,
2026-08-19 00:21:07.189,pulse_batch,x,,,,,2,,6513,-213,-466,77,77,,6031206387605,
2026-08-19 00:21:07.209,pulse_batch,x,,,,,2,,6515,-211,-464,77,77,,6031226734917,
2026-08-19 00:21:07.229,pulse_batch,x,,,,,2,,6517,-209,-462,77,77,,6031247127526,
2026-08-19 00:21:07.250,pulse_batch,x,,,,,2,,6519,-207,-460,77,77,,6031267569985,
2026-08-19 00:21:07.270,pulse_batch,x,,,,,2,,6521,-205,-458,77,77,,6031287883428,
2026-08-19 00:21:07.291,pulse_batch,x,,,,,2,,6523,-203,-456,77,77,,6031308247407,
2026-08-19 00:21:07.312,pulse_batch,x,,,,,2,,6525,-201,-454,77,77,,6031329238399,
2026-08-19 00:21:07.334,pulse_batch,x,,,,,2,,6527,-199,-452,77,77,,6031351440659,
2026-08-19 00:21:07.354,pulse_batch,x,,,,,2,,6529,-197,-450,77,77,,6031372085543,
2026-08-19 00:21:07.375,pulse_batch,x,,,,,2,,6531,-195,-448,77,77,,6031392587335,
2026-08-19 00:21:07.395,pulse_batch,x,,,,,2,,6533,-193,-446,77,77,,6031413045110,
2026-08-19 00:21:07.416,pulse_batch,x,,,,,2,,6535,-191,-444,77,77,,6031433339793,
2026-08-19 00:21:07.437,pulse_batch,x,,,,,2,,6537,-189,-442,77,77,,6031454310360,
2026-08-19 00:21:07.459,pulse_batch,x,,,,,2,,6539,-187,-440,77,77,,6031476880579,
2026-08-19 00:21:07.479,pulse_batch,x,,,,,2,,6541,-185,-438,77,77,,6031497163429,
2026-08-19 00:21:07.500,pulse_batch,x,,,,,2,,6543,-183,-436,77,77,,6031518191440,
2026-08-19 00:21:07.522,pulse_batch,x,,,,,2,,6545,-181,-434,77,77,,6031539556873,
2026-08-19 00:21:07.552,pulse_batch,x,,,,,3,,6548,-178,-431,77,77,,6031569490551,
2026-08-19 00:21:07.572,pulse_batch,x,,,,,2,,6550,-176,-429,77,77,,6031589988102,
2026-08-19 00:21:07.593,pulse_batch,x,,,,,2,,6552,-174,-427,77,77,,6031610411007,
2026-08-19 00:21:07.613,pulse_batch,x,,,,,2,,6554,-172,-425,77,77,,6031630664598,
2026-08-19 00:21:07.634,pulse_batch,x,,,,,2,,6556,-170,-423,77,77,,6031651590054,
2026-08-19 00:21:07.654,pulse_batch,x,,,,,2,,6558,-168,-421,77,77,,6031671987421,
2026-08-19 00:21:07.675,pulse_batch,x,,,,,2,,6560,-166,-419,77,77,,6031692390363,
2026-08-19 00:21:07.695,pulse_batch,x,,,,,2,,6562,-164,-417,77,77,,6031712718194,
2026-08-19 00:21:07.716,pulse_batch,x,,,,,2,,6564,-162,-415,77,77,,6031733732297,
2026-08-19 00:21:07.736,pulse_batch,x,,,,,2,,6566,-160,-413,77,77,,6031754095331,
2026-08-19 00:21:07.757,pulse_batch,x,,,,,2,,6568,-158,-411,77,77,,6031774415033,
2026-08-19 00:21:07.777,pulse_batch,x,,,,,2,,6570,-156,-409,77,77,,6031795148398,
2026-08-19 00:21:07.798,pulse_batch,x,,,,,2,,6572,-154,-407,77,77,,6031815648579,
2026-08-19 00:21:07.818,pulse_batch,x,,,,,2,,6574,-152,-405,77,77,,6031835928651,
2026-08-19 00:21:07.840,pulse_batch,x,,,,,2,,6576,-150,-403,77,77,,6031857620453,
2026-08-19 00:21:07.860,pulse_batch,x,,,,,2,,6578,-148,-401,77,77,,6031877991302,
2026-08-19 00:21:07.880,pulse_batch,x,,,,,2,,6580,-146,-399,77,77,,6031898271059,
2026-08-19 00:21:07.901,pulse_batch,x,,,,,2,,6582,-144,-397,77,77,,6031919018665,
2026-08-19 00:21:07.922,pulse_batch,x,,,,,2,,6584,-142,-395,77,77,,6031939542642,
2026-08-19 00:21:07.942,pulse_batch,x,,,,,2,,6586,-140,-393,77,77,,6031959901566,
2026-08-19 00:21:07.962,pulse_batch,x,,,,,2,,6588,-138,-391,77,77,,6031980242082,
2026-08-19 00:21:07.983,pulse_batch,x,,,,,2,,6590,-136,-389,77,77,,6032000779559,
2026-08-19 00:21:08.003,pulse_batch,x,,,,,2,,6592,-134,-387,77,77,,6032021147372,
2026-08-19 00:21:08.024,pulse_batch,x,,,,,2,,6594,-132,-385,77,77,,6032041456795,
2026-08-19 00:21:08.044,pulse_batch,x,,,,,2,,6596,-130,-383,77,77,,6032062076995,
2026-08-19 00:21:08.065,pulse_batch,x,,,,,2,,6598,-128,-381,77,77,,6032082654046,
2026-08-19 00:21:08.085,pulse_batch,x,,,,,2,,6600,-126,-379,77,77,,6032102975340,
2026-08-19 00:21:08.106,pulse_batch,x,,,,,2,,6602,-124,-377,77,77,,6032123894685,
2026-08-19 00:21:08.127,pulse_batch,x,,,,,2,,6604,-122,-375,77,77,,6032144463810,
2026-08-19 00:21:08.147,pulse_batch,x,,,,,2,,6606,-120,-373,77,77,,6032164808327,
2026-08-19 00:21:08.168,pulse_batch,x,,,,,2,,6608,-118,-371,77,77,,6032185495692,
2026-08-19 00:21:08.188,pulse_batch,x,,,,,2,,6610,-116,-369,77,77,,6032206064966,
2026-08-19 00:21:08.209,pulse_batch,x,,,,,2,,6612,-114,-367,77,77,,6032226415871,
2026-08-19 00:21:08.229,pulse_batch,x,,,,,2,,6614,-112,-365,77,77,,6032246759461,
2026-08-19 00:21:08.250,pulse_batch,x,,,,,2,,6616,-110,-363,77,77,,6032267958729,
2026-08-19 00:21:08.271,pulse_batch,x,,,,,2,,6618,-108,-361,77,77,,6032288301283,
2026-08-19 00:21:08.291,pulse_batch,x,,,,,2,,6620,-106,-359,77,77,,6032308613503,
2026-08-19 00:21:08.311,pulse_batch,x,,,,,2,,6622,-104,-357,77,77,,6032329070703,
2026-08-19 00:21:08.332,pulse_batch,x,,,,,2,,6624,-102,-355,77,77,,6032349599255,
2026-08-19 00:21:08.352,pulse_batch,x,,,,,2,,6626,-100,-353,77,77,,6032369913883,
2026-08-19 00:21:08.374,pulse_batch,x,,,,,2,,6628,-98,-351,77,77,,6032391387242,
2026-08-19 00:21:08.394,pulse_batch,x,,,,,2,,6630,-96,-349,77,77,,6032411820072,
2026-08-19 00:21:08.414,pulse_batch,x,,,,,2,,6632,-94,-347,77,77,,6032432092126,
2026-08-19 00:21:08.435,pulse_batch,x,,,,,2,,6634,-92,-345,77,77,,6032453009248,
2026-08-19 00:21:08.456,pulse_batch,x,,,,,2,,6636,-90,-343,77,77,,6032473462671,
2026-08-19 00:21:08.476,pulse_batch,x,,,,,2,,6638,-88,-341,77,77,,6032493824539,
2026-08-19 00:21:08.496,pulse_batch,x,,,,,2,,6640,-86,-339,77,77,,6032514181740,
2026-08-19 00:21:08.518,pulse_batch,x,,,,,2,,6642,-84,-337,77,77,,6032535401397,
2026-08-19 00:21:08.538,pulse_batch,x,,,,,2,,6644,-82,-335,77,77,,6032555811876,
2026-08-19 00:21:08.558,pulse_batch,x,,,,,2,,6646,-80,-333,77,77,,6032576137781,
2026-08-19 00:21:08.563,move_finish,x,,,5,,,,6646,-80,-333,77,77,,6032581226517,
2026-08-19 00:21:08.760,approach_source_finish,x,0,stored,,,,1,,-80,-333,77,77,-333,,
2026-08-19 00:21:08.760,approach_source_finish,y,0,stored,,,,1,,-6,98,0,4,98,,
2026-08-19 00:21:08.764,move_start,x,,,6,87,,1,6646,-80,-333,77,77,,6032781527428,
2026-08-19 00:21:08.764,move_start,y,,,6,18,,1,310,-6,98,0,4,,6032781446225,
2026-08-19 00:21:08.769,pulse_batch,y,,,,,1,,311,-5,98,1,4,,6032786930772,
2026-08-19 00:21:08.769,pulse_batch,x,,,,,1,,6647,-79,-332,77,77,,6032787143585,
2026-08-19 00:21:08.790,pulse_batch,x,,,,,2,,6649,-77,-330,77,77,,6032807590471,
2026-08-19 00:21:08.790,pulse_batch,y,,,,,2,,313,-3,98,3,4,,6032807883190,
2026-08-19 00:21:08.810,pulse_batch,x,,,,,2,,6651,-75,-328,77,77,,6032827886265,
2026-08-19 00:21:08.810,pulse_batch,y,,,,,2,,315,-1,99,4,4,,6032828144874,
2026-08-19 00:21:08.830,pulse_batch,x,,,,,2,,6653,-73,-326,77,77,,6032848254429,
2026-08-19 00:21:08.831,pulse_batch,y,,,,,2,,317,1,101,4,4,,6032848496149,
2026-08-19 00:21:08.852,pulse_batch,x,,,,,2,,6655,-71,-324,77,77,,6032869761825,
2026-08-19 00:21:08.853,pulse_batch,y,,,,,2,,319,3,103,4,4,,6032870298061,
2026-08-19 00:21:08.872,pulse_batch,x,,,,,2,,6657,-69,-322,77,77,,6032890100748,
2026-08-19 00:21:08.873,pulse_batch,y,,,,,2,,321,5,105,4,4,,6032890564411,
2026-08-19 00:21:08.893,pulse_batch,x,,,,,2,,6659,-67,-320,77,77,,6032910569652,
2026-08-19 00:21:08.893,pulse_batch,y,,,,,2,,323,7,107,4,4,,6032910869094,
2026-08-19 00:21:08.914,pulse_batch,y,,,,,2,,325,9,109,4,4,,6032931403387,
2026-08-19 00:21:08.914,pulse_batch,x,,,,,2,,6661,-65,-318,77,77,,6032931687236,
2026-08-19 00:21:08.934,pulse_batch,y,,,,,2,,327,11,111,4,4,,6032951835069,
2026-08-19 00:21:08.934,pulse_batch,x,,,,,2,,6663,-63,-316,77,77,,6032952086789,
2026-08-19 00:21:08.949,pulse_batch,y,,,,,1,,328,12,112,4,4,,6032967063702,
2026-08-19 00:21:08.950,move_finish,y,,,6,,,,328,12,112,4,4,,6032967342348,
2026-08-19 00:21:08.955,pulse_batch,x,,,,,2,,6665,-61,-314,77,77,,6032972387417,
2026-08-19 00:21:08.975,pulse_batch,x,,,,,2,,6667,-59,-312,77,77,,6032992845895,
2026-08-19 00:21:08.996,pulse_batch,x,,,,,2,,6669,-57,-310,77,77,,6033013744573,
2026-08-19 00:21:09.016,pulse_batch,x,,,,,2,,6671,-55,-308,77,77,,6033034036738,
2026-08-19 00:21:09.037,pulse_batch,x,,,,,2,,6673,-53,-306,77,77,,6033055036601,
2026-08-19 00:21:09.058,pulse_batch,x,,,,,2,,6675,-51,-304,77,77,,6033075672578,
2026-08-19 00:21:09.078,pulse_batch,x,,,,,2,,6677,-49,-302,77,77,,6033095969391,
2026-08-19 00:21:09.099,pulse_batch,x,,,,,2,,6679,-47,-300,77,77,,6033116747274,
2026-08-19 00:21:09.120,pulse_batch,x,,,,,2,,6681,-45,-298,77,77,,6033137317566,
2026-08-19 00:21:09.140,pulse_batch,x,,,,,2,,6683,-43,-296,77,77,,6033157661638,
2026-08-19 00:21:09.161,pulse_batch,x,,,,,2,,6685,-41,-294,77,77,,6033178337096,
2026-08-19 00:21:09.182,pulse_batch,x,,,,,2,,6687,-39,-292,77,77,,6033199457217,
2026-08-19 00:21:09.202,pulse_batch,x,,,,,2,,6689,-37,-290,77,77,,6033219909474,
2026-08-19 00:21:09.223,pulse_batch,x,,,,,2,,6691,-35,-288,77,77,,6033240252805,
2026-08-19 00:21:09.244,pulse_batch,x,,,,,2,,6693,-33,-286,77,77,,6033261316167,
2026-08-19 00:21:09.264,pulse_batch,x,,,,,2,,6695,-31,-284,77,77,,6033281727516,
2026-08-19 00:21:09.284,pulse_batch,x,,,,,2,,6697,-29,-282,77,77,,6033302016922,
2026-08-19 00:21:09.305,pulse_batch,x,,,,,2,,6699,-27,-280,77,77,,6033322666658,
2026-08-19 00:21:09.325,pulse_batch,x,,,,,2,,6701,-25,-278,77,77,,6033343011563,
2026-08-19 00:21:09.346,pulse_batch,x,,,,,2,,6703,-23,-276,77,77,,6033363300228,
2026-08-19 00:21:09.366,pulse_batch,x,,,,,2,,6705,-21,-274,77,77,,6033383743262,
2026-08-19 00:21:09.388,pulse_batch,x,,,,,2,,6707,-19,-272,77,77,,6033405630099,
2026-08-19 00:21:09.408,pulse_batch,x,,,,,2,,6709,-17,-270,77,77,,6033425967486,
2026-08-19 00:21:09.429,pulse_batch,x,,,,,2,,6711,-15,-268,77,77,,6033446310539,
2026-08-19 00:21:09.450,pulse_batch,x,,,,,2,,6713,-13,-266,77,77,,6033467395013,
2026-08-19 00:21:09.470,pulse_batch,x,,,,,2,,6715,-11,-264,77,77,,6033487728362,
2026-08-19 00:21:09.490,pulse_batch,x,,,,,2,,6717,-9,-262,77,77,,6033508081268,
2026-08-19 00:21:09.511,pulse_batch,x,,,,,2,,6719,-7,-260,77,77,,6033528505950,
2026-08-19 00:21:09.531,pulse_batch,x,,,,,2,,6721,-5,-258,77,77,,6033548986576,
2026-08-19 00:21:09.551,pulse_batch,x,,,,,2,,6723,-3,-256,77,77,,6033569266667,
2026-08-19 00:21:09.572,pulse_batch,x,,,,,2,,6725,-1,-254,77,77,,6033589817941,
2026-08-19 00:21:09.593,pulse_batch,x,,,,,2,,6727,1,-252,77,77,,6033610567417,
2026-08-19 00:21:09.613,pulse_batch,x,,,,,2,,6729,3,-250,77,77,,6033630853064,
2026-08-19 00:21:09.637,pulse_batch,x,,,,,2,,6731,5,-248,77,77,,6033654279980,
2026-08-19 00:21:09.658,pulse_batch,x,,,,,2,,6733,7,-246,77,77,,6033675388361,
2026-08-19 00:21:09.663,move_finish,x,,,6,,,,6733,7,-246,77,77,,6033680507744,
2026-08-19 00:21:09.827,target_finish,x,0,stored,,,,,,7,-246,77,77,-246,,ok=True
2026-08-19 00:21:09.827,target_finish,y,0,stored,,,,,,12,112,4,4,112,,ok=True
2026-08-19 00:21:29.119,continuous_start,x,,,,,,-1,6733,7,-246,77,77,,6053136696239,
2026-08-19 00:21:29.139,pulse_batch,x,,,,,-1,,6734,6,-246,76,77,,6053157244274,
2026-08-19 00:21:29.180,pulse_batch,x,,,,,-1,,6735,5,-246,75,77,,6053197500167,
2026-08-19 00:21:29.200,continuous_stop,x,,,,,,-1,6735,5,-246,75,77,,6053217932592,
2026-08-19 00:21:29.787,continuous_start,x,,,,,,-1,6735,5,-246,75,77,,6053804553473,
2026-08-19 00:21:29.807,pulse_batch,x,,,,,-1,,6736,4,-246,74,77,,6053824898770,
2026-08-19 00:21:29.849,pulse_batch,x,,,,,-1,,6737,3,-246,73,77,,6053865125051,
2026-08-19 00:21:29.867,continuous_stop,x,,,,,,-1,6737,3,-246,73,77,,6053885283331,
2026-08-19 00:21:30.387,continuous_start,x,,,,,,-1,6737,3,-246,73,77,,6054404609877,
2026-08-19 00:21:30.407,pulse_batch,x,,,,,-1,,6738,2,-246,72,77,,6054424956173,
2026-08-19 00:21:30.447,pulse_batch,x,,,,,-1,,6739,1,-246,71,77,,6054465191344,
2026-08-19 00:21:30.468,continuous_stop,x,,,,,,-1,6739,1,-246,71,77,,6054485356234,
2026-08-19 00:21:30.988,continuous_start,x,,,,,,-1,6739,1,-246,71,77,,6055005285646,
2026-08-19 00:21:31.008,pulse_batch,x,,,,,-1,,6740,0,-246,70,77,,6055025915811,
2026-08-19 00:21:31.050,pulse_batch,x,,,,,-1,,6741,-1,-246,69,77,,6055066151815,
2026-08-19 00:21:31.069,continuous_stop,x,,,,,,-1,6741,-1,-246,69,77,,6055086308891,
2026-08-19 00:21:31.523,continuous_start,x,,,,,,-1,6741,-1,-246,69,77,,6055541004932,
2026-08-19 00:21:31.544,pulse_batch,x,,,,,-1,,6742,-2,-246,68,77,,6055561327321,
2026-08-19 00:21:31.585,pulse_batch,x,,,,,-1,,6743,-3,-246,67,77,,6055602243134,
2026-08-19 00:21:31.625,pulse_batch,x,,,,,-1,,6744,-4,-246,66,77,,6055642488305,
2026-08-19 00:21:31.665,pulse_batch,x,,,,,-1,,6745,-5,-246,65,77,,6055682833827,
2026-08-19 00:21:31.685,continuous_stop,x,,,,,,-1,6745,-5,-246,65,77,,6055702878941,
2026-08-19 00:21:32.189,continuous_start,x,,,,,,-1,6745,-5,-246,65,77,,6056206360491,
2026-08-19 00:21:32.209,pulse_batch,x,,,,,-1,,6746,-6,-246,64,77,,6056226686158,
2026-08-19 00:21:32.249,pulse_batch,x,,,,,-1,,6747,-7,-246,63,77,,6056266971681,
2026-08-19 00:21:32.289,pulse_batch,x,,,,,-1,,6748,-8,-246,62,77,,6056307170315,
2026-08-19 00:21:32.330,pulse_batch,x,,,,,-1,,6749,-9,-246,61,77,,6056347395561,
2026-08-19 00:21:32.350,continuous_stop,x,,,,,,-1,6749,-9,-246,61,77,,6056367533674,
2026-08-19 00:21:32.789,continuous_start,x,,,,,,-1,6749,-9,-246,61,77,,6056806575882,
2026-08-19 00:21:32.809,pulse_batch,x,,,,,-1,,6750,-10,-246,60,77,,6056827078363,
2026-08-19 00:21:32.850,pulse_batch,x,,,,,-1,,6751,-11,-246,59,77,,6056867344534,
2026-08-19 00:21:32.870,continuous_stop,x,,,,,,-1,6751,-11,-246,59,77,,6056887620275,
2026-08-19 00:21:33.322,continuous_start,x,,,,,,-1,6751,-11,-246,59,77,,6057339998895,
2026-08-19 00:21:33.343,pulse_batch,x,,,,,-1,,6752,-12,-246,58,77,,6057360355654,
2026-08-19 00:21:33.383,pulse_batch,x,,,,,-1,,6753,-13,-246,57,77,,6057400750880,
2026-08-19 00:21:33.423,pulse_batch,x,,,,,-1,,6754,-14,-246,56,77,,6057440955644,
2026-08-19 00:21:33.463,pulse_batch,x,,,,,-1,,6755,-15,-246,55,77,,6057481225871,
2026-08-19 00:21:33.484,continuous_stop,x,,,,,,-1,6755,-15,-246,55,77,,6057501358280,
2026-08-19 00:21:33.924,continuous_start,x,,,,,,-1,6755,-15,-246,55,77,,6057941447927,
2026-08-19 00:21:33.946,pulse_batch,x,,,,,-1,,6756,-16,-246,54,77,,6057964122186,
2026-08-19 00:21:33.987,pulse_batch,x,,,,,-1,,6757,-17,-246,53,77,,6058004800761,
2026-08-19 00:21:34.027,pulse_batch,x,,,,,-1,,6758,-18,-246,52,77,,6058045040618,
2026-08-19 00:21:34.068,pulse_batch,x,,,,,-1,,6759,-19,-246,51,77,,6058085271864,
2026-08-19 00:21:34.088,continuous_stop,x,,,,,,-1,6759,-19,-246,51,77,,6058105394162,
2026-08-19 00:21:34.523,continuous_start,x,,,,,,-1,6759,-19,-246,51,77,,6058540990107,
2026-08-19 00:21:34.544,pulse_batch,x,,,,,-1,,6760,-20,-246,50,77,,6058561409885,
2026-08-19 00:21:34.584,pulse_batch,x,,,,,-1,,6761,-21,-246,49,77,,6058601591742,
2026-08-19 00:21:34.624,pulse_batch,x,,,,,-1,,6762,-22,-246,48,77,,6058641887839,
2026-08-19 00:21:34.664,pulse_batch,x,,,,,-1,,6763,-23,-246,47,77,,6058682111714,
2026-08-19 00:21:34.684,continuous_stop,x,,,,,,-1,6763,-23,-246,47,77,,6058702264994,
2026-08-19 00:21:35.058,continuous_start,x,,,,,,-1,6763,-23,-246,47,77,,6059075546022,
2026-08-19 00:21:35.078,pulse_batch,x,,,,,-1,,6764,-24,-246,46,77,,6059095920634,
2026-08-19 00:21:35.118,pulse_batch,x,,,,,-1,,6765,-25,-246,45,77,,6059136113954,
2026-08-19 00:21:35.159,pulse_batch,x,,,,,-1,,6766,-26,-246,44,77,,6059176420551,
2026-08-19 00:21:35.199,pulse_batch,x,,,,,-1,,6767,-27,-246,43,77,,6059216680649,
2026-08-19 00:21:35.239,pulse_batch,x,,,,,-1,,6768,-28,-246,42,77,,6059256853969,
2026-08-19 00:21:35.279,pulse_batch,x,,,,,-1,,6769,-29,-246,41,77,,6059297143677,
2026-08-19 00:21:35.321,pulse_batch,x,,,,,-1,,6770,-30,-246,40,77,,6059339187723,
2026-08-19 00:21:35.342,continuous_stop,x,,,,,,-1,6770,-30,-246,40,77,,6059359321578,
2026-08-19 00:21:35.724,continuous_start,x,,,,,,-1,6770,-30,-246,40,77,,6059742088085,
2026-08-19 00:21:35.745,pulse_batch,x,,,,,-1,,6771,-31,-246,39,77,,6059762507307,
2026-08-19 00:21:35.785,pulse_batch,x,,,,,-1,,6772,-32,-246,38,77,,6059802817256,
2026-08-19 00:21:35.827,pulse_batch,x,,,,,-1,,6773,-33,-246,37,77,,6059844298937,
2026-08-19 00:21:35.867,pulse_batch,x,,,,,-1,,6774,-34,-246,36,77,,6059885088715,
2026-08-19 00:21:35.887,continuous_stop,x,,,,,,-1,6774,-34,-246,36,77,,6059905227273,
2026-08-19 00:21:36.258,continuous_start,x,,,,,,-1,6774,-34,-246,36,77,,6060276191045,
2026-08-19 00:21:36.279,pulse_batch,x,,,,,-1,,6775,-35,-246,35,77,,6060296539397,
2026-08-19 00:21:36.319,pulse_batch,x,,,,,-1,,6776,-36,-246,34,77,,6060337162011,
2026-08-19 00:21:36.360,pulse_batch,x,,,,,-1,,6777,-37,-246,33,77,,6060377501682,
2026-08-19 00:21:36.400,pulse_batch,x,,,,,-1,,6778,-38,-246,32,77,,6060417786872,
2026-08-19 00:21:36.440,pulse_batch,x,,,,,-1,,6779,-39,-246,31,77,,6060457965933,
2026-08-19 00:21:36.481,pulse_batch,x,,,,,-1,,6780,-40,-246,30,77,,6060498560140,
2026-08-19 00:21:36.521,pulse_batch,x,,,,,-1,,6781,-41,-246,29,77,,6060539116494,
2026-08-19 00:21:36.562,pulse_batch,x,,,,,-1,,6782,-42,-246,28,77,,6060579459462,
2026-08-19 00:21:36.602,pulse_batch,x,,,,,-1,,6783,-43,-246,27,77,,6060619784670,
2026-08-19 00:21:36.622,continuous_stop,x,,,,,,-1,6783,-43,-246,27,77,,6060639965579,
2026-08-19 00:21:37.059,continuous_start,x,,,,,,-1,6783,-43,-246,27,77,,6061077028443,
2026-08-19 00:21:37.080,pulse_batch,x,,,,,-1,,6784,-44,-246,26,77,,6061097555850,
2026-08-19 00:21:37.120,pulse_batch,x,,,,,-1,,6785,-45,-246,25,77,,6061137748671,
2026-08-19 00:21:37.160,pulse_batch,x,,,,,-1,,6786,-46,-246,24,77,,6061178087768,
2026-08-19 00:21:37.202,pulse_batch,x,,,,,-1,,6787,-47,-246,23,77,,6061220111852,
2026-08-19 00:21:37.243,pulse_batch,x,,,,,-1,,6788,-48,-246,22,77,,6061260314117,
2026-08-19 00:21:37.283,pulse_batch,x,,,,,-1,,6789,-49,-246,21,77,,6061300584752,
2026-08-19 00:21:37.323,pulse_batch,x,,,,,-1,,6790,-50,-246,20,77,,6061341037052,
2026-08-19 00:21:37.343,continuous_stop,x,,,,,,-1,6790,-50,-246,20,77,,6061361203110,
2026-08-19 00:21:37.728,continuous_start,x,,,,,,-1,6790,-50,-246,20,77,,6061745717959,
2026-08-19 00:21:37.748,pulse_batch,x,,,,,-1,,6791,-51,-246,19,77,,6061766072960,
2026-08-19 00:21:37.790,pulse_batch,x,,,,,-1,,6792,-52,-246,18,77,,6061807968748,
2026-08-19 00:21:37.830,pulse_batch,x,,,,,-1,,6793,-53,-246,17,77,,6061848229272,
2026-08-19 00:21:37.873,pulse_batch,x,,,,,-1,,6794,-54,-246,16,77,,6061890290874,
2026-08-19 00:21:37.913,pulse_batch,x,,,,,-1,,6795,-55,-246,15,77,,6061930462454,
2026-08-19 00:21:37.953,pulse_batch,x,,,,,-1,,6796,-56,-246,14,77,,6061970759089,
2026-08-19 00:21:37.993,pulse_batch,x,,,,,-1,,6797,-57,-246,13,77,,6062010998927,
2026-08-19 00:21:38.013,continuous_stop,x,,,,,,-1,6797,-57,-246,13,77,,6062031154134,
2026-08-19 00:21:38.328,continuous_start,x,,,,,,-1,6797,-57,-246,13,77,,6062345579018,
2026-08-19 00:21:38.348,pulse_batch,x,,,,,-1,,6798,-58,-246,12,77,,6062365966926,
2026-08-19 00:21:38.388,pulse_batch,x,,,,,-1,,6799,-59,-246,11,77,,6062406192469,
2026-08-19 00:21:38.429,pulse_batch,x,,,,,-1,,6800,-60,-246,10,77,,6062446423197,
2026-08-19 00:21:38.469,pulse_batch,x,,,,,-1,,6801,-61,-246,9,77,,6062486690647,
2026-08-19 00:21:38.509,pulse_batch,x,,,,,-1,,6802,-62,-246,8,77,,6062526873135,
2026-08-19 00:21:38.549,pulse_batch,x,,,,,-1,,6803,-63,-246,7,77,,6062567148622,
2026-08-19 00:21:38.592,pulse_batch,x,,,,,-1,,6804,-64,-246,6,77,,6062610050495,
2026-08-19 00:21:38.612,continuous_stop,x,,,,,,-1,6804,-64,-246,6,77,,6062630219164,
2026-08-19 00:21:38.928,continuous_start,x,,,,,,-1,6804,-64,-246,6,77,,6062945953242,
2026-08-19 00:21:38.949,pulse_batch,x,,,,,-1,,6805,-65,-246,5,77,,6062966385316,
2026-08-19 00:21:38.989,pulse_batch,x,,,,,-1,,6806,-66,-246,4,77,,6063006636563,
2026-08-19 00:21:39.029,pulse_batch,x,,,,,-1,,6807,-67,-246,3,77,,6063046867495,
2026-08-19 00:21:39.069,pulse_batch,x,,,,,-1,,6808,-68,-246,2,77,,6063087170630,
2026-08-19 00:21:39.110,pulse_batch,x,,,,,-1,,6809,-69,-246,1,77,,6063127361543,
2026-08-19 00:21:39.150,pulse_batch,x,,,,,-1,,6810,-70,-246,0,77,,6063167630382,
2026-08-19 00:21:39.192,pulse_batch,x,,,,,-1,,6811,-71,-247,0,77,,6063210066759,
2026-08-19 00:21:39.233,pulse_batch,x,,,,,-1,,6812,-72,-248,0,77,,6063250286932,
2026-08-19 00:21:39.273,pulse_batch,x,,,,,-1,,6813,-73,-249,0,77,,6063290523920,
2026-08-19 00:21:39.293,continuous_stop,x,,,,,,-1,6813,-73,-249,0,77,,6063310659811,
2026-08-19 00:21:39.596,continuous_start,x,,,,,,-1,6813,-73,-249,0,77,,6063613328331,
2026-08-19 00:21:39.616,pulse_batch,x,,,,,-1,,6814,-74,-250,0,77,,6063633711628,
2026-08-19 00:21:39.656,pulse_batch,x,,,,,-1,,6815,-75,-251,0,77,,6063673951411,
2026-08-19 00:21:39.697,pulse_batch,x,,,,,-1,,6816,-76,-252,0,77,,6063714292954,
2026-08-19 00:21:39.737,pulse_batch,x,,,,,-1,,6817,-77,-253,0,77,,6063754524126,
2026-08-19 00:21:39.777,pulse_batch,x,,,,,-1,,6818,-78,-254,0,77,,6063794706818,
2026-08-19 00:21:39.817,pulse_batch,x,,,,,-1,,6819,-79,-255,0,77,,6063834954305,
2026-08-19 00:21:39.859,pulse_batch,x,,,,,-1,,6820,-80,-256,0,77,,6063876933371,
2026-08-19 00:21:39.899,pulse_batch,x,,,,,-1,,6821,-81,-257,0,77,,6063917123452,
2026-08-19 00:21:39.940,pulse_batch,x,,,,,-1,,6822,-82,-258,0,77,,6063957500438,
2026-08-19 00:21:39.980,pulse_batch,x,,,,,-1,,6823,-83,-259,0,77,,6063997612686,
2026-08-19 00:21:40.020,pulse_batch,x,,,,,-1,,6824,-84,-260,0,77,,6064037857821,
2026-08-19 00:21:40.061,pulse_batch,x,,,,,-1,,6825,-85,-261,0,77,,6064078879173,
2026-08-19 00:21:40.101,pulse_batch,x,,,,,-1,,6826,-86,-262,0,77,,6064119041365,
2026-08-19 00:21:40.143,pulse_batch,x,,,,,-1,,6827,-87,-263,0,77,,6064160195679,
2026-08-19 00:21:40.184,pulse_batch,x,,,,,-1,,6828,-88,-264,0,77,,6064201276104,
2026-08-19 00:21:40.224,pulse_batch,x,,,,,-1,,6829,-89,-265,0,77,,6064241494203,
2026-08-19 00:21:40.264,pulse_batch,x,,,,,-1,,6830,-90,-266,0,77,,6064281733431,
2026-08-19 00:21:40.284,continuous_stop,x,,,,,,-1,6830,-90,-266,0,77,,6064301858953,
2026-08-19 00:21:40.663,continuous_start,x,,,,,,-1,6830,-90,-266,0,77,,6064680595781,
2026-08-19 00:21:40.683,pulse_batch,x,,,,,-1,,6831,-91,-267,0,77,,6064701005874,
2026-08-19 00:21:40.723,pulse_batch,x,,,,,-1,,6832,-92,-268,0,77,,6064741211436,
2026-08-19 00:21:40.764,pulse_batch,x,,,,,-1,,6833,-93,-269,0,77,,6064781405480,
2026-08-19 00:21:40.804,pulse_batch,x,,,,,-1,,6834,-94,-270,0,77,,6064821639023,
2026-08-19 00:21:40.844,pulse_batch,x,,,,,-1,,6835,-95,-271,0,77,,6064861816030,
2026-08-19 00:21:40.884,pulse_batch,x,,,,,-1,,6836,-96,-272,0,77,,6064902134850,
2026-08-19 00:21:40.925,pulse_batch,x,,,,,-1,,6837,-97,-273,0,77,,6064942345338,
2026-08-19 00:21:40.965,pulse_batch,x,,,,,-1,,6838,-98,-274,0,77,,6064982571881,
2026-08-19 00:21:41.005,pulse_batch,x,,,,,-1,,6839,-99,-275,0,77,,6065022826239,
2026-08-19 00:21:41.045,pulse_batch,x,,,,,-1,,6840,-100,-276,0,77,,6065063010709,
2026-08-19 00:21:41.065,continuous_stop,x,,,,,,-1,6840,-100,-276,0,77,,6065083242082,
2026-08-19 00:21:41.397,continuous_start,x,,,,,,-1,6840,-100,-276,0,77,,6065414334428,
2026-08-19 00:21:41.417,pulse_batch,x,,,,,-1,,6841,-101,-277,0,77,,6065434775411,
2026-08-19 00:21:41.457,pulse_batch,x,,,,,-1,,6842,-102,-278,0,77,,6065475080768,
2026-08-19 00:21:41.498,pulse_batch,x,,,,,-1,,6843,-103,-279,0,77,,6065515614754,
2026-08-19 00:21:41.538,pulse_batch,x,,,,,-1,,6844,-104,-280,0,77,,6065556069295,
2026-08-19 00:21:41.578,pulse_batch,x,,,,,-1,,6845,-105,-281,0,77,,6065596257839,
2026-08-19 00:21:41.619,pulse_batch,x,,,,,-1,,6846,-106,-282,0,77,,6065636509531,
2026-08-19 00:21:41.661,pulse_batch,x,,,,,-1,,6847,-107,-283,0,77,,6065676713834,
2026-08-19 00:21:41.699,pulse_batch,x,,,,,-1,,6848,-108,-284,0,77,,6065716992099,
2026-08-19 00:21:41.740,pulse_batch,x,,,,,-1,,6849,-109,-285,0,77,,6065757245346,
2026-08-19 00:21:41.780,pulse_batch,x,,,,,-1,,6850,-110,-286,0,77,,6065797496167,
2026-08-19 00:21:41.800,continuous_stop,x,,,,,,-1,6850,-110,-286,0,77,,6065817665429,
2026-08-19 00:21:42.131,continuous_start,x,,,,,,-1,6850,-110,-286,0,77,,6066148944220,
2026-08-19 00:21:42.152,pulse_batch,x,,,,,-1,,6851,-111,-287,0,77,,6066169267203,
2026-08-19 00:21:42.192,pulse_batch,x,,,,,-1,,6852,-112,-288,0,77,,6066209472154,
2026-08-19 00:21:42.232,pulse_batch,x,,,,,-1,,6853,-113,-289,0,77,,6066249786697,
2026-08-19 00:21:42.272,pulse_batch,x,,,,,-1,,6854,-114,-290,0,77,,6066290030204,
2026-08-19 00:21:42.313,pulse_batch,x,,,,,-1,,6855,-115,-291,0,77,,6066330291340,
2026-08-19 00:21:42.353,pulse_batch,x,,,,,-1,,6856,-116,-292,0,77,,6066370516421,
2026-08-19 00:21:42.396,pulse_batch,x,,,,,-1,,6857,-117,-293,0,77,,6066413582219,
2026-08-19 00:21:42.436,pulse_batch,x,,,,,-1,,6858,-118,-294,0,77,,6066453859781,
2026-08-19 00:21:42.477,pulse_batch,x,,,,,-1,,6859,-119,-295,0,77,,6066494356026,
2026-08-19 00:21:42.517,pulse_batch,x,,,,,-1,,6860,-120,-296,0,77,,6066534511774,
2026-08-19 00:21:42.557,pulse_batch,x,,,,,-1,,6861,-121,-297,0,77,,6066574755077,
2026-08-19 00:21:42.597,pulse_batch,x,,,,,-1,,6862,-122,-298,0,77,,6066615067268,
2026-08-19 00:21:42.637,pulse_batch,x,,,,,-1,,6863,-123,-299,0,77,,6066655263720,
2026-08-19 00:21:42.678,pulse_batch,x,,,,,-1,,6864,-124,-300,0,77,,6066695943500,
2026-08-19 00:21:42.698,continuous_stop,x,,,,,,-1,6864,-124,-300,0,77,,6066716125725,
2026-08-19 00:21:42.998,continuous_start,x,,,,,,-1,6864,-124,-300,0,77,,6067015826403,
2026-08-19 00:21:43.018,pulse_batch,x,,,,,-1,,6865,-125,-301,0,77,,6067036084202,
2026-08-19 00:21:43.059,pulse_batch,x,,,,,-1,,6866,-126,-302,0,77,,6067076382152,
2026-08-19 00:21:43.099,pulse_batch,x,,,,,-1,,6867,-127,-303,0,77,,6067116668936,
2026-08-19 00:21:43.139,pulse_batch,x,,,,,-1,,6868,-128,-304,0,77,,6067156907980,
2026-08-19 00:21:43.179,pulse_batch,x,,,,,-1,,6869,-129,-305,0,77,,6067197107562,
2026-08-19 00:21:43.220,pulse_batch,x,,,,,-1,,6870,-130,-306,0,77,,6067237371457,
2026-08-19 00:21:43.260,pulse_batch,x,,,,,-1,,6871,-131,-307,0,77,,6067277583797,
2026-08-19 00:21:43.300,pulse_batch,x,,,,,-1,,6872,-132,-308,0,77,,6067317790490,
2026-08-19 00:21:43.340,pulse_batch,x,,,,,-1,,6873,-133,-309,0,77,,6067358031033,
2026-08-19 00:21:43.380,pulse_batch,x,,,,,-1,,6874,-134,-310,0,77,,6067398220837,
2026-08-19 00:21:43.421,pulse_batch,x,,,,,-1,,6875,-135,-311,0,77,,6067438483399,
2026-08-19 00:21:43.464,pulse_batch,x,,,,,-1,,6876,-136,-312,0,77,,6067481534402,
2026-08-19 00:21:43.504,pulse_batch,x,,,,,-1,,6877,-137,-313,0,77,,6067521733872,
2026-08-19 00:21:43.544,pulse_batch,x,,,,,-1,,6878,-138,-314,0,77,,6067561973897,
2026-08-19 00:21:43.564,continuous_stop,x,,,,,,-1,6878,-138,-314,0,77,,6067582102049,
2026-08-19 00:21:43.932,continuous_start,x,,,,,,-1,6878,-138,-314,0,77,,6067949816417,
2026-08-19 00:21:43.953,pulse_batch,x,,,,,-1,,6879,-139,-315,0,77,,6067970425823,
2026-08-19 00:21:43.993,pulse_batch,x,,,,,-1,,6880,-140,-316,0,77,,6068010725200,
2026-08-19 00:21:44.033,pulse_batch,x,,,,,-1,,6881,-141,-317,0,77,,6068051019818,
2026-08-19 00:21:44.073,pulse_batch,x,,,,,-1,,6882,-142,-318,0,77,,6068091233992,
2026-08-19 00:21:44.114,pulse_batch,x,,,,,-1,,6883,-143,-319,0,77,,6068131440832,
2026-08-19 00:21:44.134,continuous_stop,x,,,,,,-1,6883,-143,-319,0,77,,6068151653483,
2026-08-19 00:21:44.466,continuous_start,x,,,,,,-1,6883,-143,-319,0,77,,6068483794512,
2026-08-19 00:21:44.487,pulse_batch,x,,,,,-1,,6884,-144,-320,0,77,,6068505173450,
2026-08-19 00:21:44.528,pulse_batch,x,,,,,-1,,6885,-145,-321,0,77,,6068545388827,
2026-08-19 00:21:44.569,pulse_batch,x,,,,,-1,,6886,-146,-322,0,77,,6068587241988,
2026-08-19 00:21:44.610,pulse_batch,x,,,,,-1,,6887,-147,-323,0,77,,6068627460199,
2026-08-19 00:21:44.650,pulse_batch,x,,,,,-1,,6888,-148,-324,0,77,,6068667667928,
2026-08-19 00:21:44.670,continuous_stop,x,,,,,,-1,6888,-148,-324,0,77,,6068687886116,
2026-08-19 00:21:46.135,continuous_start,x,,,,,,-1,6888,-148,-324,0,77,,6070152917094,
2026-08-19 00:21:46.156,pulse_batch,x,,,,,-1,,6889,-149,-325,0,77,,6070173312799,
2026-08-19 00:21:46.196,pulse_batch,x,,,,,-1,,6890,-150,-326,0,77,,6070213539418,
2026-08-19 00:21:46.216,continuous_stop,x,,,,,,-1,6890,-150,-326,0,77,,6070233686014,
2026-08-19 00:21:46.802,continuous_start,x,,,,,,-1,6890,-150,-326,0,77,,6070819780767,
2026-08-19 00:21:46.822,pulse_batch,x,,,,,-1,,6891,-151,-327,0,77,,6070840194472,
2026-08-19 00:21:46.863,pulse_batch,x,,,,,-1,,6892,-152,-328,0,77,,6070880433387,
2026-08-19 00:21:46.903,pulse_batch,x,,,,,-1,,6893,-153,-329,0,77,,6070920697580,
2026-08-19 00:21:46.943,pulse_batch,x,,,,,-1,,6894,-154,-330,0,77,,6070961087678,
2026-08-19 00:21:46.963,continuous_stop,x,,,,,,-1,6894,-154,-330,0,77,,6070981113757,
2026-08-19 00:22:07.886,target_start,x,0,stored,,,,,,-154,-330,0,77,-246,,
2026-08-19 00:22:07.886,target_start,y,0,stored,,,,,,12,112,4,4,112,,
2026-08-19 00:22:07.887,approach_source_start,x,0,stored,,,,1,,-154,-330,0,77,-333,,
2026-08-19 00:22:07.887,approach_source_start,y,0,stored,,,,1,,12,112,4,4,98,,
2026-08-19 00:22:07.889,move_start,x,,,7,-3,,-1,6894,-154,-330,0,77,,6091907156746,
2026-08-19 00:22:07.890,move_start,y,,,7,-18,,-1,328,12,112,4,4,,6091907391411,
2026-08-19 00:22:07.910,pulse_batch,x,,,,,-1,,6895,-155,-331,0,77,,6091927572065,
2026-08-19 00:22:07.910,pulse_batch,y,,,,,-1,,329,11,112,3,4,,6091927685471,
2026-08-19 00:22:07.950,pulse_batch,x,,,,,-1,,6896,-156,-332,0,77,,6091967774077,
2026-08-19 00:22:07.950,pulse_batch,y,,,,,-1,,330,10,112,2,4,,6091968046815,
2026-08-19 00:22:07.990,pulse_batch,x,,,,,-1,,6897,-157,-333,0,77,,6092008043625,
2026-08-19 00:22:07.991,pulse_batch,y,,,,,-1,,331,9,112,1,4,,6092008298531,
2026-08-19 00:22:08.010,move_finish,x,,,7,,,,6897,-157,-333,0,77,,6092028147761,
2026-08-19 00:22:08.031,pulse_batch,y,,,,,-1,,332,8,112,0,4,,6092048708949,
2026-08-19 00:22:08.071,pulse_batch,y,,,,,-1,,333,7,111,0,4,,6092088918201,
2026-08-19 00:22:08.112,pulse_batch,y,,,,,-1,,334,6,110,0,4,,6092129273694,
2026-08-19 00:22:08.152,pulse_batch,y,,,,,-1,,335,5,109,0,4,,6092169421021,
2026-08-19 00:22:08.192,pulse_batch,y,,,,,-1,,336,4,108,0,4,,6092209648274,
2026-08-19 00:22:08.232,pulse_batch,y,,,,,-1,,337,3,107,0,4,,6092249894823,
2026-08-19 00:22:08.272,pulse_batch,y,,,,,-1,,338,2,106,0,4,,6092290100909,
2026-08-19 00:22:08.313,pulse_batch,y,,,,,-1,,339,1,105,0,4,,6092330384217,
2026-08-19 00:22:08.353,pulse_batch,y,,,,,-1,,340,0,104,0,4,,6092370580600,
2026-08-19 00:22:08.393,pulse_batch,y,,,,,-1,,341,-1,103,0,4,,6092410903982,
2026-08-19 00:22:08.433,pulse_batch,y,,,,,-1,,342,-2,102,0,4,,6092451097846,
2026-08-19 00:22:08.474,pulse_batch,y,,,,,-1,,343,-3,101,0,4,,6092491294932,
2026-08-19 00:22:08.514,pulse_batch,y,,,,,-1,,344,-4,100,0,4,,6092531567870,
2026-08-19 00:22:08.554,pulse_batch,y,,,,,-1,,345,-5,99,0,4,,6092571768808,
2026-08-19 00:22:08.594,pulse_batch,y,,,,,-1,,346,-6,98,0,4,,6092612068264,
2026-08-19 00:22:08.614,move_finish,y,,,7,,,,346,-6,98,0,4,,6092632208492,
2026-08-19 00:22:08.749,approach_source_finish,x,0,stored,,,,1,,-157,-333,0,77,-333,,
2026-08-19 00:22:08.749,approach_source_finish,y,0,stored,,,,1,,-6,98,0,4,98,,
2026-08-19 00:22:08.754,move_start,x,,,8,164,,1,6897,-157,-333,0,77,,6092771656193,
2026-08-19 00:22:08.754,move_start,y,,,8,18,,1,346,-6,98,0,4,,6092771505546,
2026-08-19 00:22:08.775,pulse_batch,x,,,,,1,,6898,-156,-333,1,77,,6092792197344,
2026-08-19 00:22:08.775,pulse_batch,y,,,,,1,,347,-5,98,1,4,,6092792763672,
2026-08-19 00:22:08.815,pulse_batch,x,,,,,1,,6899,-155,-333,2,77,,6092832325431,
2026-08-19 00:22:08.815,pulse_batch,y,,,,,1,,348,-4,98,2,4,,6092832898111,
2026-08-19 00:22:08.855,pulse_batch,x,,,,,1,,6900,-154,-333,3,77,,6092872559868,
2026-08-19 00:22:08.855,pulse_batch,y,,,,,1,,349,-3,98,3,4,,6092873075772,
2026-08-19 00:22:08.895,pulse_batch,x,,,,,1,,6901,-153,-333,4,77,,6092912796010,
2026-08-19 00:22:08.895,pulse_batch,y,,,,,1,,350,-2,98,4,4,,6092913233340,
2026-08-19 00:22:08.935,pulse_batch,x,,,,,1,,6902,-152,-333,5,77,,6092952997559,
2026-08-19 00:22:08.936,pulse_batch,y,,,,,1,,351,-1,99,4,4,,6092953376575,
2026-08-19 00:22:08.976,pulse_batch,x,,,,,1,,6903,-151,-333,6,77,,6092993309200,
2026-08-19 00:22:08.976,pulse_batch,y,,,,,1,,352,0,100,4,4,,6092993786511,
2026-08-19 00:22:09.016,pulse_batch,x,,,,,1,,6904,-150,-333,7,77,,6093033520046,
2026-08-19 00:22:09.016,pulse_batch,y,,,,,1,,353,1,101,4,4,,6093033947857,
2026-08-19 00:22:09.056,pulse_batch,x,,,,,1,,6905,-149,-333,8,77,,6093073791558,
2026-08-19 00:22:09.056,pulse_batch,y,,,,,1,,354,2,102,4,4,,6093074182425,
2026-08-19 00:22:09.096,pulse_batch,x,,,,,1,,6906,-148,-333,9,77,,6093114183958,
2026-08-19 00:22:09.097,pulse_batch,y,,,,,1,,355,3,103,4,4,,6093114517714,
2026-08-19 00:22:09.137,pulse_batch,x,,,,,1,,6907,-147,-333,10,77,,6093154382340,
2026-08-19 00:22:09.137,pulse_batch,y,,,,,1,,356,4,104,4,4,,6093154663560,
2026-08-19 00:22:09.177,pulse_batch,x,,,,,1,,6908,-146,-333,11,77,,6093194615038,
2026-08-19 00:22:09.178,pulse_batch,y,,,,,1,,357,5,105,4,4,,6093195796380,
2026-08-19 00:22:09.217,pulse_batch,x,,,,,1,,6909,-145,-333,12,77,,6093234826532,
2026-08-19 00:22:09.219,pulse_batch,y,,,,,1,,358,6,106,4,4,,6093236421556,
2026-08-19 00:22:09.258,pulse_batch,x,,,,,1,,6910,-144,-333,13,77,,6093276087091,
2026-08-19 00:22:09.262,pulse_batch,y,,,,,1,,359,7,107,4,4,,6093280224725,
2026-08-19 00:22:09.299,pulse_batch,x,,,,,1,,6911,-143,-333,14,77,,6093316399121,
2026-08-19 00:22:09.303,pulse_batch,y,,,,,1,,360,8,108,4,4,,6093320425700,
2026-08-19 00:22:09.339,pulse_batch,x,,,,,1,,6912,-142,-333,15,77,,6093356623782,
2026-08-19 00:22:09.343,pulse_batch,y,,,,,1,,361,9,109,4,4,,6093360638694,
2026-08-19 00:22:09.381,pulse_batch,x,,,,,1,,6913,-141,-333,16,77,,6093399183738,
2026-08-19 00:22:09.383,pulse_batch,y,,,,,1,,362,10,110,4,4,,6093400921632,
2026-08-19 00:22:09.422,pulse_batch,x,,,,,1,,6914,-140,-333,17,77,,6093439384269,
2026-08-19 00:22:09.424,pulse_batch,y,,,,,1,,363,11,111,4,4,,6093441144126,
2026-08-19 00:22:09.462,pulse_batch,x,,,,,1,,6915,-139,-333,18,77,,6093479810872,
2026-08-19 00:22:09.464,pulse_batch,y,,,,,1,,364,12,112,4,4,,6093481408397,
2026-08-19 00:22:09.484,move_finish,y,,,8,,,,364,12,112,4,4,,6093501552551,
2026-08-19 00:22:09.502,pulse_batch,x,,,,,1,,6916,-138,-333,19,77,,6093520153791,
2026-08-19 00:22:09.543,pulse_batch,x,,,,,1,,6917,-137,-333,20,77,,6093560357859,
2026-08-19 00:22:09.585,pulse_batch,x,,,,,1,,6918,-136,-333,21,77,,6093602846705,
2026-08-19 00:22:09.627,pulse_batch,x,,,,,1,,6919,-135,-333,22,77,,6093645133627,
2026-08-19 00:22:09.668,pulse_batch,x,,,,,1,,6920,-134,-333,23,77,,6093685364935,
2026-08-19 00:22:09.708,pulse_batch,x,,,,,1,,6921,-133,-333,24,77,,6093725578337,
2026-08-19 00:22:09.748,pulse_batch,x,,,,,1,,6922,-132,-333,25,77,,6093765793293,
2026-08-19 00:22:09.788,pulse_batch,x,,,,,1,,6923,-131,-333,26,77,,6093806081583,
2026-08-19 00:22:09.829,pulse_batch,x,,,,,1,,6924,-130,-333,27,77,,6093846308947,
2026-08-19 00:22:09.869,pulse_batch,x,,,,,1,,6925,-129,-333,28,77,,6093886560607,
2026-08-19 00:22:09.909,pulse_batch,x,,,,,1,,6926,-128,-333,29,77,,6093926841323,
2026-08-19 00:22:09.949,pulse_batch,x,,,,,1,,6927,-127,-333,30,77,,6093967077668,
2026-08-19 00:22:09.990,pulse_batch,x,,,,,1,,6928,-126,-333,31,77,,6094007381569,
2026-08-19 00:22:10.030,pulse_batch,x,,,,,1,,6929,-125,-333,32,77,,6094048147040,
2026-08-19 00:22:10.071,pulse_batch,x,,,,,1,,6930,-124,-333,33,77,,6094088695994,
2026-08-19 00:22:10.112,pulse_batch,x,,,,,1,,6931,-123,-333,34,77,,6094130041035,
2026-08-19 00:22:10.153,pulse_batch,x,,,,,1,,6932,-122,-333,35,77,,6094170264547,
2026-08-19 00:22:10.193,pulse_batch,x,,,,,1,,6933,-121,-333,36,77,,6094210790298,
2026-08-19 00:22:10.233,pulse_batch,x,,,,,1,,6934,-120,-333,37,77,,6094251181272,
2026-08-19 00:22:10.274,pulse_batch,x,,,,,1,,6935,-119,-333,38,77,,6094291413729,
2026-08-19 00:22:10.315,pulse_batch,x,,,,,1,,6936,-118,-333,39,77,,6094332762158,
2026-08-19 00:22:10.355,pulse_batch,x,,,,,1,,6937,-117,-333,40,77,,6094372973597,
2026-08-19 00:22:10.395,pulse_batch,x,,,,,1,,6938,-116,-333,41,77,,6094413214257,
2026-08-19 00:22:10.436,pulse_batch,x,,,,,1,,6939,-115,-333,42,77,,6094453464195,
2026-08-19 00:22:10.476,pulse_batch,x,,,,,1,,6940,-114,-333,43,77,,6094493750541,
2026-08-19 00:22:10.516,pulse_batch,x,,,,,1,,6941,-113,-333,44,77,,6094534061590,
2026-08-19 00:22:10.556,pulse_batch,x,,,,,1,,6942,-112,-333,45,77,,6094574253713,
2026-08-19 00:22:10.597,pulse_batch,x,,,,,1,,6943,-111,-333,46,77,,6094614617428,
2026-08-19 00:22:10.637,pulse_batch,x,,,,,1,,6944,-110,-333,47,77,,6094654987440,
2026-08-19 00:22:10.677,pulse_batch,x,,,,,1,,6945,-109,-333,48,77,,6094695079027,
2026-08-19 00:22:10.718,pulse_batch,x,,,,,1,,6946,-108,-333,49,77,,6094735350058,
2026-08-19 00:22:10.758,pulse_batch,x,,,,,1,,6947,-107,-333,50,77,,6094775559256,
2026-08-19 00:22:10.799,pulse_batch,x,,,,,1,,6948,-106,-333,51,77,,6094816192950,
2026-08-19 00:22:10.838,pulse_batch,x,,,,,1,,6949,-105,-333,52,77,,6094856226223,
2026-08-19 00:22:10.879,pulse_batch,x,,,,,1,,6950,-104,-333,53,77,,6094896463069,
2026-08-19 00:22:10.919,pulse_batch,x,,,,,1,,6951,-103,-333,54,77,,6094936682174,
2026-08-19 00:22:10.960,pulse_batch,x,,,,,1,,6952,-102,-333,55,77,,6094978195343,
2026-08-19 00:22:11.001,pulse_batch,x,,,,,1,,6953,-101,-333,56,77,,6095018405374,
2026-08-19 00:22:11.041,pulse_batch,x,,,,,1,,6954,-100,-333,57,77,,6095058821885,
2026-08-19 00:22:11.081,pulse_batch,x,,,,,1,,6955,-99,-333,58,77,,6095098966658,
2026-08-19 00:22:11.121,pulse_batch,x,,,,,1,,6956,-98,-333,59,77,,6095139233374,
2026-08-19 00:22:11.162,pulse_batch,x,,,,,1,,6957,-97,-333,60,77,,6095179434813,
2026-08-19 00:22:11.202,pulse_batch,x,,,,,1,,6958,-96,-333,61,77,,6095219675936,
2026-08-19 00:22:11.242,pulse_batch,x,,,,,1,,6959,-95,-333,62,77,,6095259970133,
2026-08-19 00:22:11.282,pulse_batch,x,,,,,1,,6960,-94,-333,63,77,,6095300137739,
2026-08-19 00:22:11.323,pulse_batch,x,,,,,1,,6961,-93,-333,64,77,,6095340404011,
2026-08-19 00:22:11.363,pulse_batch,x,,,,,1,,6962,-92,-333,65,77,,6095380667245,
2026-08-19 00:22:11.403,pulse_batch,x,,,,,1,,6963,-91,-333,66,77,,6095420843610,
2026-08-19 00:22:11.443,pulse_batch,x,,,,,1,,6964,-90,-333,67,77,,6095461132419,
2026-08-19 00:22:11.484,pulse_batch,x,,,,,1,,6965,-89,-333,68,77,,6095501292932,
2026-08-19 00:22:11.524,pulse_batch,x,,,,,1,,6966,-88,-333,69,77,,6095541530759,
2026-08-19 00:22:11.564,pulse_batch,x,,,,,1,,6967,-87,-333,70,77,,6095581801105,
2026-08-19 00:22:11.604,pulse_batch,x,,,,,1,,6968,-86,-333,71,77,,6095621982525,
2026-08-19 00:22:11.630,pulse_batch,x,,,,,1,,6969,-85,-333,72,77,,6095647380045,
2026-08-19 00:22:11.650,pulse_batch,x,,,,,2,,6971,-83,-333,74,77,,6095667860752,
2026-08-19 00:22:11.671,pulse_batch,x,,,,,2,,6973,-81,-333,76,77,,6095688363181,
2026-08-19 00:22:11.691,pulse_batch,x,,,,,2,,6975,-79,-332,77,77,,6095708882110,
2026-08-19 00:22:11.712,pulse_batch,x,,,,,2,,6977,-77,-330,77,77,,6095729546316,
2026-08-19 00:22:11.732,pulse_batch,x,,,,,2,,6979,-75,-328,77,77,,6095749828821,
2026-08-19 00:22:11.753,pulse_batch,x,,,,,2,,6981,-73,-326,77,77,,6095770274176,
2026-08-19 00:22:11.773,pulse_batch,x,,,,,2,,6983,-71,-324,77,77,,6095790718495,
2026-08-19 00:22:11.793,pulse_batch,x,,,,,2,,6985,-69,-322,77,77,,6095811093944,
2026-08-19 00:22:11.814,pulse_batch,x,,,,,2,,6987,-67,-320,77,77,,6095831427837,
2026-08-19 00:22:11.834,pulse_batch,x,,,,,2,,6989,-65,-318,77,77,,6095852049210,
2026-08-19 00:22:11.855,pulse_batch,x,,,,,2,,6991,-63,-316,77,77,,6095872427510,
2026-08-19 00:22:11.875,pulse_batch,x,,,,,2,,6993,-61,-314,77,77,,6095892735089,
2026-08-19 00:22:11.896,pulse_batch,x,,,,,2,,6995,-59,-312,77,77,,6095913482813,
2026-08-19 00:22:11.916,pulse_batch,x,,,,,2,,6997,-57,-310,77,77,,6095933969594,
2026-08-19 00:22:11.937,pulse_batch,x,,,,,2,,6999,-55,-308,77,77,,6095954302672,
2026-08-19 00:22:11.957,pulse_batch,x,,,,,2,,7001,-53,-306,77,77,,6095975082192,
2026-08-19 00:22:11.978,pulse_batch,x,,,,,2,,7003,-51,-304,77,77,,6095995535695,
2026-08-19 00:22:11.998,pulse_batch,x,,,,,2,,7005,-49,-302,77,77,,6096015874626,
2026-08-19 00:22:12.019,pulse_batch,x,,,,,2,,7007,-47,-300,77,77,,6096036653553,
2026-08-19 00:22:12.039,pulse_batch,x,,,,,2,,7009,-45,-298,77,77,,6096057106853,
2026-08-19 00:22:12.060,pulse_batch,x,,,,,2,,7011,-43,-296,77,77,,6096077607523,
2026-08-19 00:22:12.080,pulse_batch,x,,,,,2,,7013,-41,-294,77,77,,6096097904528,
2026-08-19 00:22:12.101,pulse_batch,x,,,,,2,,7015,-39,-292,77,77,,6096118705918,
2026-08-19 00:22:12.122,pulse_batch,x,,,,,2,,7017,-37,-290,77,77,,6096139624362,
2026-08-19 00:22:12.142,pulse_batch,x,,,,,2,,7019,-35,-288,77,77,,6096159931219,
2026-08-19 00:22:12.163,pulse_batch,x,,,,,2,,7021,-33,-286,77,77,,6096180388500,
2026-08-19 00:22:12.183,pulse_batch,x,,,,,2,,7023,-31,-284,77,77,,6096200957929,
2026-08-19 00:22:12.204,pulse_batch,x,,,,,2,,7025,-29,-282,77,77,,6096221295526,
2026-08-19 00:22:12.225,pulse_batch,x,,,,,2,,7027,-27,-280,77,77,,6096242675411,
2026-08-19 00:22:12.246,pulse_batch,x,,,,,2,,7029,-25,-278,77,77,,6096263227692,
2026-08-19 00:22:12.266,pulse_batch,x,,,,,2,,7031,-23,-276,77,77,,6096283567049,
2026-08-19 00:22:12.286,pulse_batch,x,,,,,2,,7033,-21,-274,77,77,,6096304014904,
2026-08-19 00:22:12.307,pulse_batch,x,,,,,2,,7035,-19,-272,77,77,,6096324448686,
2026-08-19 00:22:12.327,pulse_batch,x,,,,,2,,7037,-17,-270,77,77,,6096344870116,
2026-08-19 00:22:12.347,pulse_batch,x,,,,,2,,7039,-15,-268,77,77,,6096365153047,
2026-08-19 00:22:12.368,pulse_batch,x,,,,,2,,7041,-13,-266,77,77,,6096385731438,
2026-08-19 00:22:12.389,pulse_batch,x,,,,,2,,7043,-11,-264,77,77,,6096406361811,
2026-08-19 00:22:12.409,pulse_batch,x,,,,,2,,7045,-9,-262,77,77,,6096426661760,
2026-08-19 00:22:12.430,pulse_batch,x,,,,,2,,7047,-7,-260,77,77,,6096447408503,
2026-08-19 00:22:12.450,pulse_batch,x,,,,,2,,7049,-5,-258,77,77,,6096467930487,
2026-08-19 00:22:12.470,pulse_batch,x,,,,,2,,7051,-3,-256,77,77,,6096488236603,
2026-08-19 00:22:12.491,pulse_batch,x,,,,,2,,7053,-1,-254,77,77,,6096508872068,
2026-08-19 00:22:12.512,pulse_batch,x,,,,,2,,7055,1,-252,77,77,,6096530120177,
2026-08-19 00:22:12.533,pulse_batch,x,,,,,2,,7057,3,-250,77,77,,6096550541107,
2026-08-19 00:22:12.553,pulse_batch,x,,,,,2,,7059,5,-248,77,77,,6096570964796,
2026-08-19 00:22:12.574,pulse_batch,x,,,,,2,,7061,7,-246,77,77,,6096591478558,
2026-08-19 00:22:12.579,move_finish,x,,,8,,,,7061,7,-246,77,77,,6096596640332,
2026-08-19 00:22:12.753,target_finish,x,0,stored,,,,,,7,-246,77,77,-246,,ok=True
2026-08-19 00:22:12.753,target_finish,y,0,stored,,,,,,12,112,4,4,112,,ok=True
2026-08-19 00:22:26.709,continuous_start,x,,,,,,-1,7061,7,-246,77,77,,6110726675916,
2026-08-19 00:22:26.714,pulse_batch,x,,,,,-1,,7062,6,-246,76,77,,6110732070300,
2026-08-19 00:22:26.736,pulse_batch,x,,,,,-2,,7064,4,-246,74,77,,6110753923386,
2026-08-19 00:22:26.757,pulse_batch,x,,,,,-2,,7066,2,-246,72,77,,6110774294299,
2026-08-19 00:22:26.777,pulse_batch,x,,,,,-2,,7068,0,-246,70,77,,6110794746286,
2026-08-19 00:22:26.782,continuous_stop,x,,,,,,-1,7068,0,-246,70,77,,6110799871449,
2026-08-19 00:22:27.375,continuous_start,x,,,,,,-1,7068,0,-246,70,77,,6111392892508,
2026-08-19 00:22:27.381,pulse_batch,x,,,,,-1,,7069,-1,-246,69,77,,6111398407927,
2026-08-19 00:22:27.401,pulse_batch,x,,,,,-2,,7071,-3,-246,67,77,,6111418982709,
2026-08-19 00:22:27.422,pulse_batch,x,,,,,-2,,7073,-5,-246,65,77,,6111439308641,
2026-08-19 00:22:27.444,pulse_batch,x,,,,,-2,,7075,-7,-246,63,77,,6111461498355,
2026-08-19 00:22:27.449,continuous_stop,x,,,,,,-1,7075,-7,-246,63,77,,6111466618463,
2026-08-19 00:22:27.910,continuous_start,x,,,,,,-1,7075,-7,-246,63,77,,6111927732619,
2026-08-19 00:22:27.915,pulse_batch,x,,,,,-1,,7076,-8,-246,62,77,,6111933167909,
2026-08-19 00:22:27.936,pulse_batch,x,,,,,-2,,7078,-10,-246,60,77,,6111953676673,
2026-08-19 00:22:27.956,pulse_batch,x,,,,,-2,,7080,-12,-246,58,77,,6111973981772,
2026-08-19 00:22:27.978,pulse_batch,x,,,,,-2,,7082,-14,-246,56,77,,6111995701712,
2026-08-19 00:22:27.987,continuous_stop,x,,,,,,-1,7082,-14,-246,56,77,,6112004205608,
2026-08-19 00:22:28.511,continuous_start,x,,,,,,-1,7082,-14,-246,56,77,,6112528902487,
2026-08-19 00:22:28.517,pulse_batch,x,,,,,-1,,7083,-15,-246,55,77,,6112534488554,
2026-08-19 00:22:28.537,pulse_batch,x,,,,,-2,,7085,-17,-246,53,77,,6112555013966,
2026-08-19 00:22:28.558,pulse_batch,x,,,,,-2,,7087,-19,-246,51,77,,6112575350231,
2026-08-19 00:22:28.578,pulse_batch,x,,,,,-2,,7089,-21,-246,49,77,,6112596033883,
2026-08-19 00:22:28.583,continuous_stop,x,,,,,,-1,7089,-21,-246,49,77,,6112601101491,
2026-08-19 00:22:29.042,continuous_start,x,,,,,,-1,7089,-21,-246,49,77,,6113059772132,
2026-08-19 00:22:29.047,pulse_batch,x,,,,,-1,,7090,-22,-246,48,77,,6113065122256,
2026-08-19 00:22:29.068,pulse_batch,x,,,,,-2,,7092,-24,-246,46,77,,6113085579299,
2026-08-19 00:22:29.088,pulse_batch,x,,,,,-2,,7094,-26,-246,44,77,,6113106230784,
2026-08-19 00:22:29.111,pulse_batch,x,,,,,-2,,7096,-28,-246,42,77,,6113128629941,
2026-08-19 00:22:29.131,pulse_batch,x,,,,,-2,,7098,-30,-246,40,77,,6113149009243,
2026-08-19 00:22:29.152,pulse_batch,x,,,,,-2,,7100,-32,-246,38,77,,6113169287065,
2026-08-19 00:22:29.174,pulse_batch,x,,,,,-2,,7102,-34,-246,36,77,,6113191638685,
2026-08-19 00:22:29.179,continuous_stop,x,,,,,,-1,7102,-34,-246,36,77,,6113196744311,
2026-08-19 00:22:29.709,continuous_start,x,,,,,,-1,7102,-34,-246,36,77,,6113726688966,
2026-08-19 00:22:29.714,pulse_batch,x,,,,,-1,,7103,-35,-246,35,77,,6113732075016,
2026-08-19 00:22:29.735,pulse_batch,x,,,,,-2,,7105,-37,-246,33,77,,6113752440652,
2026-08-19 00:22:29.755,pulse_batch,x,,,,,-2,,7107,-39,-246,31,77,,6113772721066,
2026-08-19 00:22:29.775,pulse_batch,x,,,,,-2,,7109,-41,-246,29,77,,6113793139961,
2026-08-19 00:22:29.780,continuous_stop,x,,,,,,-1,7109,-41,-246,29,77,,6113798220402,
2026-08-19 00:22:30.311,continuous_start,x,,,,,,-1,7109,-41,-246,29,77,,6114328242762,
2026-08-19 00:22:30.316,pulse_batch,x,,,,,-1,,7110,-42,-246,28,77,,6114333618904,
2026-08-19 00:22:30.336,pulse_batch,x,,,,,-2,,7112,-44,-246,26,77,,6114354015781,
2026-08-19 00:22:30.357,pulse_batch,x,,,,,-2,,7114,-46,-246,24,77,,6114374298195,
2026-08-19 00:22:30.375,pulse_batch,x,,,,,-1,,7115,-47,-246,23,77,,6114392625680,
2026-08-19 00:22:30.375,continuous_stop,x,,,,,,-1,7115,-47,-246,23,77,,6114392863438,
2026-08-19 00:22:30.911,continuous_start,x,,,,,,-1,7115,-47,-246,23,77,,6114928752345,
2026-08-19 00:22:30.916,pulse_batch,x,,,,,-1,,7116,-48,-246,22,77,,6114934057747,
2026-08-19 00:22:30.937,pulse_batch,x,,,,,-2,,7118,-50,-246,20,77,,6114954615159,
2026-08-19 00:22:30.957,pulse_batch,x,,,,,-2,,7120,-52,-246,18,77,,6114974888666,
2026-08-19 00:22:30.978,pulse_batch,x,,,,,-2,,7122,-54,-246,16,77,,6114996169128,
2026-08-19 00:22:30.983,continuous_stop,x,,,,,,-1,7122,-54,-246,16,77,,6115001273847,
2026-08-19 00:22:31.444,continuous_start,x,,,,,,-1,7122,-54,-246,16,77,,6115461613111,
2026-08-19 00:22:31.449,pulse_batch,x,,,,,-1,,7123,-55,-246,15,77,,6115466925106,
2026-08-19 00:22:31.470,pulse_batch,x,,,,,-2,,7125,-57,-246,13,77,,6115487466815,
2026-08-19 00:22:31.490,pulse_batch,x,,,,,-2,,7127,-59,-246,11,77,,6115507738007,
2026-08-19 00:22:31.513,pulse_batch,x,,,,,-2,,7129,-61,-246,9,77,,6115530361588,
2026-08-19 00:22:31.533,pulse_batch,x,,,,,-2,,7131,-63,-246,7,77,,6115551004648,
2026-08-19 00:22:31.554,pulse_batch,x,,,,,-2,,7133,-65,-246,5,77,,6115571314858,
2026-08-19 00:22:31.576,pulse_batch,x,,,,,-2,,7135,-67,-246,3,77,,6115593842903,
2026-08-19 00:22:31.581,continuous_stop,x,,,,,,-1,7135,-67,-246,3,77,,6115599015714,
2026-08-19 00:22:32.044,continuous_start,x,,,,,,-1,7135,-67,-246,3,77,,6116061699682,
2026-08-19 00:22:32.049,pulse_batch,x,,,,,-1,,7136,-68,-246,2,77,,6116067142731,
2026-08-19 00:22:32.070,pulse_batch,x,,,,,-2,,7138,-70,-246,0,77,,6116088067289,
2026-08-19 00:22:32.091,pulse_batch,x,,,,,-2,,7140,-72,-248,0,77,,6116108375462,
2026-08-19 00:22:32.111,pulse_batch,x,,,,,-2,,7142,-74,-250,0,77,,6116128822079,
2026-08-19 00:22:32.132,pulse_batch,x,,,,,-2,,7144,-76,-252,0,77,,6116149263659,
2026-08-19 00:22:32.152,pulse_batch,x,,,,,-2,,7146,-78,-254,0,77,,6116169735442,
2026-08-19 00:22:32.172,pulse_batch,x,,,,,-2,,7148,-80,-256,0,77,,6116190190374,
2026-08-19 00:22:32.178,continuous_stop,x,,,,,,-1,7148,-80,-256,0,77,,6116195400148,
2026-08-19 00:22:32.645,continuous_start,x,,,,,,-1,7148,-80,-256,0,77,,6116662708081,
2026-08-19 00:22:32.650,pulse_batch,x,,,,,-1,,7149,-81,-257,0,77,,6116668080243,
2026-08-19 00:22:32.671,pulse_batch,x,,,,,-2,,7151,-83,-259,0,77,,6116688560544,
2026-08-19 00:22:32.691,pulse_batch,x,,,,,-2,,7153,-85,-261,0,77,,6116708837329,
2026-08-19 00:22:32.712,pulse_batch,x,,,,,-2,,7155,-87,-263,0,77,,6116729370001,
2026-08-19 00:22:32.717,continuous_stop,x,,,,,,-1,7155,-87,-263,0,77,,6116734443220,
2026-08-19 00:22:33.246,continuous_start,x,,,,,,-1,7155,-87,-263,0,77,,6117263843018,
2026-08-19 00:22:33.252,pulse_batch,x,,,,,-1,,7156,-88,-264,0,77,,6117269969933,
2026-08-19 00:22:33.273,pulse_batch,x,,,,,-2,,7158,-90,-266,0,77,,6117290326254,
2026-08-19 00:22:33.293,pulse_batch,x,,,,,-2,,7160,-92,-268,0,77,,6117310621446,
2026-08-19 00:22:33.310,pulse_batch,x,,,,,-1,,7161,-93,-269,0,77,,6117328111864,
2026-08-19 00:22:33.311,continuous_stop,x,,,,,,-1,7161,-93,-269,0,77,,6117328418973,
2026-08-19 00:22:33.846,continuous_start,x,,,,,,-1,7161,-93,-269,0,77,,6117863767947,
2026-08-19 00:22:33.851,pulse_batch,x,,,,,-1,,7162,-94,-270,0,77,,6117869127683,
2026-08-19 00:22:33.872,pulse_batch,x,,,,,-2,,7164,-96,-272,0,77,,6117889661744,
2026-08-19 00:22:33.892,pulse_batch,x,,,,,-2,,7166,-98,-274,0,77,,6117909966806,
2026-08-19 00:22:33.913,pulse_batch,x,,,,,-2,,7168,-100,-276,0,77,,6117930380960,
2026-08-19 00:22:33.918,continuous_stop,x,,,,,,-1,7168,-100,-276,0,77,,6117935454569,
2026-08-19 00:22:34.449,continuous_start,x,,,,,,-1,7168,-100,-276,0,77,,6118466616282,
2026-08-19 00:22:34.454,pulse_batch,x,,,,,-1,,7169,-101,-277,0,77,,6118471886240,
2026-08-19 00:22:34.475,pulse_batch,x,,,,,-2,,7171,-103,-279,0,77,,6118493212776,
2026-08-19 00:22:34.496,pulse_batch,x,,,,,-2,,7173,-105,-281,0,77,,6118513600598,
2026-08-19 00:22:34.518,pulse_batch,x,,,,,-2,,7175,-107,-283,0,77,,6118535400797,
2026-08-19 00:22:34.523,continuous_stop,x,,,,,,-1,7175,-107,-283,0,77,,6118540503349,
2026-08-19 00:22:35.047,continuous_start,x,,,,,,-1,7175,-107,-283,0,77,,6119064573359,
2026-08-19 00:22:35.052,pulse_batch,x,,,,,-1,,7176,-108,-284,0,77,,6119069910984,
2026-08-19 00:22:35.073,pulse_batch,x,,,,,-2,,7178,-110,-286,0,77,,6119090300250,
2026-08-19 00:22:35.093,pulse_batch,x,,,,,-2,,7180,-112,-288,0,77,,6119110642997,
2026-08-19 00:22:35.113,pulse_batch,x,,,,,-2,,7182,-114,-290,0,77,,6119131202169,
2026-08-19 00:22:35.119,continuous_stop,x,,,,,,-1,7182,-114,-290,0,77,,6119136318999,
2026-08-19 00:22:35.582,continuous_start,x,,,,,,-1,7182,-114,-290,0,77,,6119599585804,
2026-08-19 00:22:35.587,pulse_batch,x,,,,,-1,,7183,-115,-291,0,77,,6119604924503,
2026-08-19 00:22:35.608,pulse_batch,x,,,,,-2,,7185,-117,-293,0,77,,6119625423268,
2026-08-19 00:22:35.628,pulse_batch,x,,,,,-2,,7187,-119,-295,0,77,,6119645696683,
2026-08-19 00:22:35.650,pulse_batch,x,,,,,-2,,7189,-121,-297,0,77,,6119667932823,
2026-08-19 00:22:35.671,pulse_batch,x,,,,,-2,,7191,-123,-299,0,77,,6119688336941,
2026-08-19 00:22:35.691,pulse_batch,x,,,,,-2,,7193,-125,-301,0,77,,6119708862502,
2026-08-19 00:22:35.712,pulse_batch,x,,,,,-2,,7195,-127,-303,0,77,,6119729746393,
2026-08-19 00:22:35.717,continuous_stop,x,,,,,,-1,7195,-127,-303,0,77,,6119734912130,
2026-08-19 00:22:36.181,continuous_start,x,,,,,,-1,7195,-127,-303,0,77,,6120199015467,
2026-08-19 00:22:36.187,pulse_batch,x,,,,,-1,,7196,-128,-304,0,77,,6120204337721,
2026-08-19 00:22:36.207,pulse_batch,x,,,,,-2,,7198,-130,-306,0,77,,6120224731857,
2026-08-19 00:22:36.227,pulse_batch,x,,,,,-2,,7200,-132,-308,0,77,,6120245068198,
2026-08-19 00:22:36.248,pulse_batch,x,,,,,-2,,7202,-134,-310,0,77,,6120265603055,
2026-08-19 00:22:36.268,pulse_batch,x,,,,,-2,,7204,-136,-312,0,77,,6120285907007,
2026-08-19 00:22:36.288,pulse_batch,x,,,,,-2,,7206,-138,-314,0,77,,6120306235699,
2026-08-19 00:22:36.309,pulse_batch,x,,,,,-2,,7208,-140,-316,0,77,,6120326717057,
2026-08-19 00:22:36.314,continuous_stop,x,,,,,,-1,7208,-140,-316,0,77,,6120332239458,
2026-08-19 00:22:36.783,continuous_start,x,,,,,,-1,7208,-140,-316,0,77,,6120800755890,
2026-08-19 00:22:36.788,pulse_batch,x,,,,,-1,,7209,-141,-317,0,77,,6120806088497,
2026-08-19 00:22:36.809,pulse_batch,x,,,,,-2,,7211,-143,-319,0,77,,6120826446763,
2026-08-19 00:22:36.829,pulse_batch,x,,,,,-2,,7213,-145,-321,0,77,,6120846965639,
2026-08-19 00:22:36.851,pulse_batch,x,,,,,-2,,7215,-147,-323,0,77,,6120868699931,
2026-08-19 00:22:36.856,continuous_stop,x,,,,,,-1,7215,-147,-323,0,77,,6120873796965,
2026-08-19 00:22:37.850,continuous_start,x,,,,,,-1,7215,-147,-323,0,77,,6121867686425,
2026-08-19 00:22:37.855,pulse_batch,x,,,,,-1,,7216,-148,-324,0,77,,6121873051864,
2026-08-19 00:22:37.876,pulse_batch,x,,,,,-2,,7218,-150,-326,0,77,,6121893537407,
2026-08-19 00:22:37.896,pulse_batch,x,,,,,-2,,7220,-152,-328,0,77,,6121913808878,
2026-08-19 00:22:37.917,pulse_batch,x,,,,,-2,,7222,-154,-330,0,77,,6121934242273,
2026-08-19 00:22:37.922,continuous_stop,x,,,,,,-1,7222,-154,-330,0,77,,6121939317492,
2026-08-19 00:22:47.192,target_start,x,0,stored,,,,,,-154,-330,0,77,-246,,
2026-08-19 00:22:47.193,target_start,y,0,stored,,,,,,12,112,4,4,112,,
2026-08-19 00:22:47.193,approach_source_start,x,0,stored,,,,1,,-154,-330,0,77,-333,,
2026-08-19 00:22:47.193,approach_source_start,y,0,stored,,,,1,,12,112,4,4,98,,
2026-08-19 00:22:47.196,move_start,y,,,9,-18,,-1,364,12,112,4,4,,6131213523700,
2026-08-19 00:22:47.196,move_start,x,,,9,-3,,-1,7222,-154,-330,0,77,,6131213408960,
2026-08-19 00:22:47.201,pulse_batch,x,,,,,-1,,7223,-155,-331,0,77,,6131218978694,
2026-08-19 00:22:47.201,pulse_batch,y,,,,,-1,,365,11,112,3,4,,6131219179508,
2026-08-19 00:22:47.222,pulse_batch,x,,,,,-2,,7225,-157,-333,0,77,,6131239740977,
2026-08-19 00:22:47.222,pulse_batch,y,,,,,-2,,367,9,112,1,4,,6131239829810,
2026-08-19 00:22:47.227,move_finish,x,,,9,,,,7225,-157,-333,0,77,,6131244827456,
2026-08-19 00:22:47.242,pulse_batch,y,,,,,-2,,369,7,111,0,4,,6131260152984,
2026-08-19 00:22:47.263,pulse_batch,y,,,,,-2,,371,5,109,0,4,,6131280741639,
2026-08-19 00:22:47.286,pulse_batch,y,,,,,-2,,373,3,107,0,4,,6131303257204,
2026-08-19 00:22:47.306,pulse_batch,y,,,,,-2,,375,1,105,0,4,,6131323720322,
2026-08-19 00:22:47.326,pulse_batch,y,,,,,-2,,377,-1,103,0,4,,6131344212681,
2026-08-19 00:22:47.348,pulse_batch,y,,,,,-2,,379,-3,101,0,4,,6131366140787,
2026-08-19 00:22:47.369,pulse_batch,y,,,,,-2,,381,-5,99,0,4,,6131386529147,
2026-08-19 00:22:47.384,pulse_batch,y,,,,,-1,,382,-6,98,0,4,,6131401780676,
2026-08-19 00:22:47.384,move_finish,y,,,9,,,,382,-6,98,0,4,,6131402048692,
2026-08-19 00:22:47.519,approach_source_finish,x,0,stored,,,,1,,-157,-333,0,77,-333,,
2026-08-19 00:22:47.519,approach_source_finish,y,0,stored,,,,1,,-6,98,0,4,98,,
2026-08-19 00:22:47.523,move_start,x,,,10,164,,1,7225,-157,-333,0,77,,6131540806925,
2026-08-19 00:22:47.523,move_start,y,,,10,18,,1,382,-6,98,0,4,,6131541058330,
2026-08-19 00:22:47.529,pulse_batch,x,,,,,1,,7226,-156,-333,1,77,,6131546315530,
2026-08-19 00:22:47.529,pulse_batch,y,,,,,1,,383,-5,98,1,4,,6131546549491,
2026-08-19 00:22:47.549,pulse_batch,x,,,,,2,,7228,-154,-333,3,77,,6131566682686,
2026-08-19 00:22:47.552,pulse_batch,y,,,,,2,,385,-3,98,3,4,,6131569466016,
2026-08-19 00:22:47.569,pulse_batch,x,,,,,2,,7230,-152,-333,5,77,,6131586986602,
2026-08-19 00:22:47.572,pulse_batch,y,,,,,2,,387,-1,99,4,4,,6131589741580,
2026-08-19 00:22:47.590,pulse_batch,x,,,,,2,,7232,-150,-333,7,77,,6131607314684,
2026-08-19 00:22:47.592,pulse_batch,y,,,,,2,,389,1,101,4,4,,6131610065311,
2026-08-19 00:22:47.611,pulse_batch,x,,,,,2,,7234,-148,-333,9,77,,6131628536759,
2026-08-19 00:22:47.613,pulse_batch,y,,,,,2,,391,3,103,4,4,,6131630436004,
2026-08-19 00:22:47.631,pulse_batch,x,,,,,2,,7236,-146,-333,11,77,,6131648829527,
2026-08-19 00:22:47.633,pulse_batch,y,,,,,2,,393,5,105,4,4,,6131650714216,
2026-08-19 00:22:47.651,pulse_batch,x,,,,,2,,7238,-144,-333,13,77,,6131669174220,
2026-08-19 00:22:47.653,pulse_batch,y,,,,,2,,395,7,107,4,4,,6131671007409,
2026-08-19 00:22:47.672,pulse_batch,x,,,,,2,,7240,-142,-333,15,77,,6131689586264,
2026-08-19 00:22:47.674,pulse_batch,y,,,,,2,,397,9,109,4,4,,6131691309325,
2026-08-19 00:22:47.692,pulse_batch,x,,,,,2,,7242,-140,-333,17,77,,6131710099475,
2026-08-19 00:22:47.694,pulse_batch,y,,,,,2,,399,11,111,4,4,,6131711718647,
2026-08-19 00:22:47.709,pulse_batch,y,,,,,1,,400,12,112,4,4,,6131726931436,
2026-08-19 00:22:47.709,move_finish,y,,,10,,,,400,12,112,4,4,,6131727113694,
2026-08-19 00:22:47.713,pulse_batch,x,,,,,2,,7244,-138,-333,19,77,,6131730433557,
2026-08-19 00:22:47.735,pulse_batch,x,,,,,2,,7246,-136,-333,21,77,,6131752222683,
2026-08-19 00:22:47.755,pulse_batch,x,,,,,2,,7248,-134,-333,23,77,,6131772757097,
2026-08-19 00:22:47.775,pulse_batch,x,,,,,2,,7250,-132,-333,25,77,,6131793088401,
2026-08-19 00:22:47.799,pulse_batch,x,,,,,2,,7252,-130,-333,27,77,,6131816220480,
2026-08-19 00:22:47.819,pulse_batch,x,,,,,2,,7254,-128,-333,29,77,,6131836565173,
2026-08-19 00:22:47.839,pulse_batch,x,,,,,2,,7256,-126,-333,31,77,,6131856896459,
2026-08-19 00:22:47.859,pulse_batch,x,,,,,2,,7258,-124,-333,33,77,,6131877218801,
2026-08-19 00:22:47.880,pulse_batch,x,,,,,2,,7260,-122,-333,35,77,,6131897688623,
2026-08-19 00:22:47.900,pulse_batch,x,,,,,2,,7262,-120,-333,37,77,,6131918037297,
2026-08-19 00:22:47.921,pulse_batch,x,,,,,2,,7264,-118,-333,39,77,,6131938486619,
2026-08-19 00:22:47.941,pulse_batch,x,,,,,2,,7266,-116,-333,41,77,,6131959027496,
2026-08-19 00:22:47.962,pulse_batch,x,,,,,2,,7268,-114,-333,43,77,,6131979424411,
2026-08-19 00:22:47.982,pulse_batch,x,,,,,2,,7270,-112,-333,45,77,,6131999781400,
2026-08-19 00:22:48.003,pulse_batch,x,,,,,2,,7272,-110,-333,47,77,,6132020257333,
2026-08-19 00:22:48.023,pulse_batch,x,,,,,2,,7274,-108,-333,49,77,,6132040616619,
2026-08-19 00:22:48.043,pulse_batch,x,,,,,2,,7276,-106,-333,51,77,,6132060923201,
2026-08-19 00:22:48.064,pulse_batch,x,,,,,2,,7278,-104,-333,53,77,,6132081322598,
2026-08-19 00:22:48.084,pulse_batch,x,,,,,2,,7280,-102,-333,55,77,,6132101792624,
2026-08-19 00:22:48.104,pulse_batch,x,,,,,2,,7282,-100,-333,57,77,,6132122157520,
2026-08-19 00:22:48.125,pulse_batch,x,,,,,2,,7284,-98,-333,59,77,,6132142580176,
2026-08-19 00:22:48.146,pulse_batch,x,,,,,2,,7286,-96,-333,61,77,,6132163431328,
2026-08-19 00:22:48.166,pulse_batch,x,,,,,2,,7288,-94,-333,63,77,,6132183735929,
2026-08-19 00:22:48.186,pulse_batch,x,,,,,2,,7290,-92,-333,65,77,,6132204059623,
2026-08-19 00:22:48.207,pulse_batch,x,,,,,2,,7292,-90,-333,67,77,,6132225105348,
2026-08-19 00:22:48.228,pulse_batch,x,,,,,2,,7294,-88,-333,69,77,,6132245626002,
2026-08-19 00:22:48.248,pulse_batch,x,,,,,2,,7296,-86,-333,71,77,,6132265908307,
2026-08-19 00:22:48.269,pulse_batch,x,,,,,2,,7298,-84,-333,73,77,,6132286838848,
2026-08-19 00:22:48.289,pulse_batch,x,,,,,2,,7300,-82,-333,75,77,,6132307182708,
2026-08-19 00:22:48.310,pulse_batch,x,,,,,2,,7302,-80,-333,77,77,,6132327549142,
2026-08-19 00:22:48.331,pulse_batch,x,,,,,2,,7304,-78,-331,77,77,,6132348361072,
2026-08-19 00:22:48.353,pulse_batch,x,,,,,2,,7306,-76,-329,77,77,,6132370291271,
2026-08-19 00:22:48.373,pulse_batch,x,,,,,2,,7308,-74,-327,77,77,,6132390585354,
2026-08-19 00:22:48.393,pulse_batch,x,,,,,2,,7310,-72,-325,77,77,,6132410930288,
2026-08-19 00:22:48.414,pulse_batch,x,,,,,2,,7312,-70,-323,77,77,,6132431403462,
2026-08-19 00:22:48.434,pulse_batch,x,,,,,2,,7314,-68,-321,77,77,,6132451700655,
2026-08-19 00:22:48.454,pulse_batch,x,,,,,2,,7316,-66,-319,77,77,,6132472060589,
2026-08-19 00:22:48.478,pulse_batch,x,,,,,2,,7318,-64,-317,77,77,,6132495184205,
2026-08-19 00:22:48.498,pulse_batch,x,,,,,2,,7320,-62,-315,77,77,,6132515488454,
2026-08-19 00:22:48.518,pulse_batch,x,,,,,2,,7322,-60,-313,77,77,,6132536103627,
2026-08-19 00:22:48.539,pulse_batch,x,,,,,2,,7324,-58,-311,77,77,,6132556839262,
2026-08-19 00:22:48.559,pulse_batch,x,,,,,2,,7326,-56,-309,77,77,,6132577245251,
2026-08-19 00:22:48.580,pulse_batch,x,,,,,2,,7328,-54,-307,77,77,,6132597516426,
2026-08-19 00:22:48.603,pulse_batch,x,,,,,2,,7330,-52,-305,77,77,,6132620818726,
2026-08-19 00:22:48.623,pulse_batch,x,,,,,2,,7332,-50,-303,77,77,,6132641208808,
2026-08-19 00:22:48.644,pulse_batch,x,,,,,2,,7334,-48,-301,77,77,,6132661498520,
2026-08-19 00:22:48.664,pulse_batch,x,,,,,2,,7336,-46,-299,77,77,,6132682058693,
2026-08-19 00:22:48.685,pulse_batch,x,,,,,2,,7338,-44,-297,77,77,,6132702517904,
2026-08-19 00:22:48.705,pulse_batch,x,,,,,2,,7340,-42,-295,77,77,,6132722806468,
2026-08-19 00:22:48.726,pulse_batch,x,,,,,2,,7342,-40,-293,77,77,,6132743305623,
2026-08-19 00:22:48.746,pulse_batch,x,,,,,2,,7344,-38,-291,77,77,,6132763769074,
2026-08-19 00:22:48.766,pulse_batch,x,,,,,2,,7346,-36,-289,77,77,,6132784032731,
2026-08-19 00:22:48.787,pulse_batch,x,,,,,2,,7348,-34,-287,77,77,,6132804679015,
2026-08-19 00:22:48.807,pulse_batch,x,,,,,2,,7350,-32,-285,77,77,,6132825130207,
2026-08-19 00:22:48.828,pulse_batch,x,,,,,2,,7352,-30,-283,77,77,,6132845555029,
2026-08-19 00:22:48.848,pulse_batch,x,,,,,2,,7354,-28,-281,77,77,,6132865831779,
2026-08-19 00:22:48.869,pulse_batch,x,,,,,2,,7356,-26,-279,77,77,,6132886257397,
2026-08-19 00:22:48.889,pulse_batch,x,,,,,2,,7358,-24,-277,77,77,,6132906689460,
2026-08-19 00:22:48.909,pulse_batch,x,,,,,2,,7360,-22,-275,77,77,,6132927044524,
2026-08-19 00:22:48.930,pulse_batch,x,,,,,2,,7362,-20,-273,77,77,,6132947638808,
2026-08-19 00:22:48.950,pulse_batch,x,,,,,2,,7364,-18,-271,77,77,,6132968155574,
2026-08-19 00:22:48.971,pulse_batch,x,,,,,2,,7366,-16,-269,77,77,,6132988473878,
2026-08-19 00:22:48.991,pulse_batch,x,,,,,2,,7368,-14,-267,77,77,,6133008791794,
2026-08-19 00:22:49.012,pulse_batch,x,,,,,2,,7370,-12,-265,77,77,,6133029331412,
2026-08-19 00:22:49.032,pulse_batch,x,,,,,2,,7372,-10,-263,77,77,,6133049678772,
2026-08-19 00:22:49.052,pulse_batch,x,,,,,2,,7374,-8,-261,77,77,,6133069999484,
2026-08-19 00:22:49.073,pulse_batch,x,,,,,2,,7376,-6,-259,77,77,,6133090724415,
2026-08-19 00:22:49.093,pulse_batch,x,,,,,2,,7378,-4,-257,77,77,,6133111218588,
2026-08-19 00:22:49.114,pulse_batch,x,,,,,2,,7380,-2,-255,77,77,,6133131503616,
2026-08-19 00:22:49.135,pulse_batch,x,,,,,2,,7382,0,-253,77,77,,6133152298583,
2026-08-19 00:22:49.155,pulse_batch,x,,,,,2,,7384,2,-251,77,77,,6133172722072,
2026-08-19 00:22:49.175,pulse_batch,x,,,,,2,,7386,4,-249,77,77,,6133193018136,
2026-08-19 00:22:49.196,pulse_batch,x,,,,,2,,7388,6,-247,77,77,,6133214101398,
2026-08-19 00:22:49.212,pulse_batch,x,,,,,1,,7389,7,-246,77,77,,6133229477519,
2026-08-19 00:22:49.213,move_finish,x,,,10,,,,7389,7,-246,77,77,,6133230369697,
2026-08-19 00:22:49.387,target_finish,x,0,stored,,,,,,7,-246,77,77,-246,,ok=True
2026-08-19 00:22:49.387,target_finish,y,0,stored,,,,,,12,112,4,4,112,,ok=True
2026-08-19 00:22:50.930,continuous_start,x,,,,,,-1,7389,7,-246,77,77,,6134948156689,
2026-08-19 00:22:50.936,pulse_batch,x,,,,,-1,,7390,6,-246,76,77,,6134953518221,
2026-08-19 00:22:50.956,pulse_batch,x,,,,,-2,,7392,4,-246,74,77,,6134974070524,
2026-08-19 00:22:50.977,pulse_batch,x,,,,,-2,,7394,2,-246,72,77,,6134994351811,
2026-08-19 00:22:50.998,pulse_batch,x,,,,,-2,,7396,0,-246,70,77,,6135016138752,
2026-08-19 00:22:51.019,pulse_batch,x,,,,,-2,,7398,-2,-246,68,77,,6135036557334,
2026-08-19 00:22:51.039,pulse_batch,x,,,,,-2,,7400,-4,-246,66,77,,6135056851676,
2026-08-19 00:22:51.060,pulse_batch,x,,,,,-2,,7402,-6,-246,64,77,,6135077602607,
2026-08-19 00:22:51.065,continuous_stop,x,,,,,,-1,7402,-6,-246,64,77,,6135082801030,
2026-08-19 00:22:51.598,continuous_start,x,,,,,,-1,7402,-6,-246,64,77,,6135615807882,
2026-08-19 00:22:51.603,pulse_batch,x,,,,,-1,,7403,-7,-246,63,77,,6135621256284,
2026-08-19 00:22:51.624,pulse_batch,x,,,,,-2,,7405,-9,-246,61,77,,6135641721514,
2026-08-19 00:22:51.644,pulse_batch,x,,,,,-2,,7407,-11,-246,59,77,,6135662050930,
2026-08-19 00:22:51.667,pulse_batch,x,,,,,-2,,7409,-13,-246,57,77,,6135684743568,
2026-08-19 00:22:51.672,continuous_stop,x,,,,,,-1,7409,-13,-246,57,77,,6135689849750,
2026-08-19 00:22:52.134,continuous_start,x,,,,,,-1,7409,-13,-246,57,77,,6136151446011,
2026-08-19 00:22:52.139,pulse_batch,x,,,,,-1,,7410,-14,-246,56,77,,6136156900616,
2026-08-19 00:22:52.160,pulse_batch,x,,,,,-2,,7412,-16,-246,54,77,,6136178106396,
2026-08-19 00:22:52.181,pulse_batch,x,,,,,-2,,7414,-18,-246,52,77,,6136198454182,
2026-08-19 00:22:52.201,pulse_batch,x,,,,,-2,,7416,-20,-246,50,77,,6136219007245,
2026-08-19 00:22:52.222,pulse_batch,x,,,,,-2,,7418,-22,-246,48,77,,6136239426993,
2026-08-19 00:22:52.243,pulse_batch,x,,,,,-2,,7420,-24,-246,46,77,,6136260570569,
2026-08-19 00:22:52.264,pulse_batch,x,,,,,-2,,7422,-26,-246,44,77,,6136281611461,
2026-08-19 00:22:52.269,continuous_stop,x,,,,,,-1,7422,-26,-246,44,77,,6136286770551,
2026-08-19 00:22:52.734,continuous_start,x,,,,,,-1,7422,-26,-246,44,77,,6136751846656,
2026-08-19 00:22:52.739,pulse_batch,x,,,,,-1,,7423,-27,-246,43,77,,6136757207966,
2026-08-19 00:22:52.760,pulse_batch,x,,,,,-2,,7425,-29,-246,41,77,,6136777818010,
2026-08-19 00:22:52.780,pulse_batch,x,,,,,-2,,7427,-31,-246,39,77,,6136798139648,
2026-08-19 00:22:52.801,pulse_batch,x,,,,,-2,,7429,-33,-246,37,77,,6136818805321,
2026-08-19 00:22:52.806,continuous_stop,x,,,,,,-1,7429,-33,-246,37,77,,6136823937188,
2026-08-19 00:22:53.401,continuous_start,x,,,,,,-1,7429,-33,-246,37,77,,6137418449659,
2026-08-19 00:22:53.406,pulse_batch,x,,,,,-1,,7430,-34,-246,36,77,,6137424109985,
2026-08-19 00:22:53.427,pulse_batch,x,,,,,-2,,7432,-36,-246,34,77,,6137444522345,
2026-08-19 00:22:53.447,pulse_batch,x,,,,,-2,,7434,-38,-246,32,77,,6137464815447,
2026-08-19 00:22:53.469,pulse_batch,x,,,,,-2,,7436,-40,-246,30,77,,6137486707110,
2026-08-19 00:22:53.489,pulse_batch,x,,,,,-2,,7438,-42,-246,28,77,,6137507086340,
2026-08-19 00:22:53.510,pulse_batch,x,,,,,-2,,7440,-44,-246,26,77,,6137527486237,
2026-08-19 00:22:53.531,pulse_batch,x,,,,,-2,,7442,-46,-246,24,77,,6137548540685,
2026-08-19 00:22:53.536,continuous_stop,x,,,,,,-1,7442,-46,-246,24,77,,6137553720256,
2026-08-19 00:22:54.067,continuous_start,x,,,,,,-1,7442,-46,-246,24,77,,6138084939423,
2026-08-19 00:22:54.073,pulse_batch,x,,,,,-1,,7443,-47,-246,23,77,,6138090338030,
2026-08-19 00:22:54.093,pulse_batch,x,,,,,-2,,7445,-49,-246,21,77,,6138110793463,
2026-08-19 00:22:54.114,pulse_batch,x,,,,,-2,,7447,-51,-246,19,77,,6138131321248,
2026-08-19 00:22:54.135,pulse_batch,x,,,,,-2,,7449,-53,-246,17,77,,6138153239319,
2026-08-19 00:22:54.141,continuous_stop,x,,,,,,-1,7449,-53,-246,17,77,,6138158344001,
2026-08-19 00:22:54.535,continuous_start,x,,,,,,-1,7449,-53,-246,17,77,,6138552723142,
2026-08-19 00:22:54.540,pulse_batch,x,,,,,-1,,7450,-54,-246,16,77,,6138558030748,
2026-08-19 00:22:54.561,pulse_batch,x,,,,,-2,,7452,-56,-246,14,77,,6138578574552,
2026-08-19 00:22:54.581,pulse_batch,x,,,,,-2,,7454,-58,-246,12,77,,6138598897505,
2026-08-19 00:22:54.604,pulse_batch,x,,,,,-2,,7456,-60,-246,10,77,,6138621461885,
2026-08-19 00:22:54.624,pulse_batch,x,,,,,-2,,7458,-62,-246,8,77,,6138642190076,
2026-08-19 00:22:54.645,pulse_batch,x,,,,,-2,,7460,-64,-246,6,77,,6138662528066,
2026-08-19 00:22:54.667,pulse_batch,x,,,,,-2,,7462,-66,-246,4,77,,6138684405063,
2026-08-19 00:22:54.672,continuous_stop,x,,,,,,-1,7462,-66,-246,4,77,,6138689538597,
2026-08-19 00:22:55.136,continuous_start,x,,,,,,-1,7462,-66,-246,4,77,,6139153301570,
2026-08-19 00:22:55.141,pulse_batch,x,,,,,-1,,7463,-67,-246,3,77,,6139158594584,
2026-08-19 00:22:55.161,pulse_batch,x,,,,,-2,,7465,-69,-246,1,77,,6139179113869,
2026-08-19 00:22:55.182,pulse_batch,x,,,,,-2,,7467,-71,-247,0,77,,6139199416582,
2026-08-19 00:22:55.204,pulse_batch,x,,,,,-2,,7469,-73,-249,0,77,,6139221978981,
2026-08-19 00:22:55.225,pulse_batch,x,,,,,-2,,7471,-75,-251,0,77,,6139242400915,
2026-08-19 00:22:55.245,pulse_batch,x,,,,,-2,,7473,-77,-253,0,77,,6139262809738,
2026-08-19 00:22:55.265,pulse_batch,x,,,,,-2,,7475,-79,-255,0,77,,6139283190209,
2026-08-19 00:22:55.271,continuous_stop,x,,,,,,-1,7475,-79,-255,0,77,,6139288393910,
2026-08-19 00:22:55.736,continuous_start,x,,,,,,-1,7475,-79,-255,0,77,,6139753496577,
2026-08-19 00:22:55.741,pulse_batch,x,,,,,-1,,7476,-80,-256,0,77,,6139758834757,
2026-08-19 00:22:55.762,pulse_batch,x,,,,,-2,,7478,-82,-258,0,77,,6139779315284,
2026-08-19 00:22:55.782,pulse_batch,x,,,,,-2,,7480,-84,-260,0,77,,6139799644163,
2026-08-19 00:22:55.804,pulse_batch,x,,,,,-2,,7482,-86,-262,0,77,,6139821994452,
2026-08-19 00:22:55.809,continuous_stop,x,,,,,,-1,7482,-86,-262,0,77,,6139827129098,
2026-08-19 00:22:56.204,continuous_start,x,,,,,,-1,7482,-86,-262,0,77,,6140221552259,
2026-08-19 00:22:56.209,pulse_batch,x,,,,,-1,,7483,-87,-263,0,77,,6140226983179,
2026-08-19 00:22:56.230,pulse_batch,x,,,,,-2,,7485,-89,-265,0,77,,6140247503113,
2026-08-19 00:22:56.250,pulse_batch,x,,,,,-2,,7487,-91,-267,0,77,,6140267907825,
2026-08-19 00:22:56.273,pulse_batch,x,,,,,-2,,7489,-93,-269,0,77,,6140290253577,
2026-08-19 00:22:56.293,pulse_batch,x,,,,,-2,,7491,-95,-271,0,77,,6140310670382,
2026-08-19 00:22:56.313,pulse_batch,x,,,,,-2,,7493,-97,-273,0,77,,6140331008854,
2026-08-19 00:22:56.334,pulse_batch,x,,,,,-2,,7495,-99,-275,0,77,,6140351510010,
2026-08-19 00:22:56.339,continuous_stop,x,,,,,,-1,7495,-99,-275,0,77,,6140356598878,
2026-08-19 00:22:56.802,continuous_start,x,,,,,,-1,7495,-99,-275,0,77,,6140819983153,
2026-08-19 00:22:56.808,pulse_batch,x,,,,,-1,,7496,-100,-276,0,77,,6140825370426,
2026-08-19 00:22:56.828,pulse_batch,x,,,,,-2,,7498,-102,-278,0,77,,6140845770082,
2026-08-19 00:22:56.848,pulse_batch,x,,,,,-2,,7500,-104,-280,0,77,,6140866052665,
2026-08-19 00:22:56.870,pulse_batch,x,,,,,-2,,7502,-106,-282,0,77,,6140887787589,
2026-08-19 00:22:56.875,continuous_stop,x,,,,,,-1,7502,-106,-282,0,77,,6140892897883,
2026-08-19 00:22:57.335,continuous_start,x,,,,,,-1,7502,-106,-282,0,77,,6141352845723,
2026-08-19 00:22:57.340,pulse_batch,x,,,,,-1,,7503,-107,-283,0,77,,6141358082442,
2026-08-19 00:22:57.361,pulse_batch,x,,,,,-2,,7505,-109,-285,0,77,,6141378500950,
2026-08-19 00:22:57.381,pulse_batch,x,,,,,-2,,7507,-111,-287,0,77,,6141398847811,
2026-08-19 00:22:57.402,pulse_batch,x,,,,,-2,,7509,-113,-289,0,77,,6141419335615,
2026-08-19 00:22:57.422,pulse_batch,x,,,,,-2,,7511,-115,-291,0,77,,6141439685161,
2026-08-19 00:22:57.442,pulse_batch,x,,,,,-2,,7513,-117,-293,0,77,,6141460016152,
2026-08-19 00:22:57.463,pulse_batch,x,,,,,-2,,7515,-119,-295,0,77,,6141480414475,
2026-08-19 00:22:57.468,continuous_stop,x,,,,,,-1,7515,-119,-295,0,77,,6141486050265,
2026-08-19 00:22:57.935,continuous_start,x,,,,,,-1,7515,-119,-295,0,77,,6141952820830,
2026-08-19 00:22:57.940,pulse_batch,x,,,,,-1,,7516,-120,-296,0,77,,6141958126326,
2026-08-19 00:22:57.961,pulse_batch,x,,,,,-2,,7518,-122,-298,0,77,,6141978639723,
2026-08-19 00:22:57.981,pulse_batch,x,,,,,-2,,7520,-124,-300,0,77,,6141998978695,
2026-08-19 00:22:58.002,pulse_batch,x,,,,,-2,,7522,-126,-302,0,77,,6142019870810,
2026-08-19 00:22:58.007,continuous_stop,x,,,,,,-1,7522,-126,-302,0,77,,6142024957919,
2026-08-19 00:22:58.470,continuous_start,x,,,,,,-1,7522,-126,-302,0,77,,6142487500149,
2026-08-19 00:22:58.475,pulse_batch,x,,,,,-1,,7523,-127,-303,0,77,,6142492952940,
2026-08-19 00:22:58.496,pulse_batch,x,,,,,-2,,7525,-129,-305,0,77,,6142513420930,
2026-08-19 00:22:58.516,pulse_batch,x,,,,,-2,,7527,-131,-307,0,77,,6142533691995,
2026-08-19 00:22:58.538,pulse_batch,x,,,,,-2,,7529,-133,-309,0,77,,6142555722046,
2026-08-19 00:22:58.543,continuous_stop,x,,,,,,-1,7529,-133,-309,0,77,,6142560809914,
2026-08-19 00:22:59.004,continuous_start,x,,,,,,-1,7529,-133,-309,0,77,,6143021688935,
2026-08-19 00:22:59.009,pulse_batch,x,,,,,-1,,7530,-134,-310,0,77,,6143027027209,
2026-08-19 00:22:59.030,pulse_batch,x,,,,,-2,,7532,-136,-312,0,77,,6143047468699,
2026-08-19 00:22:59.050,pulse_batch,x,,,,,-2,,7534,-138,-314,0,77,,6143067750486,
2026-08-19 00:22:59.072,pulse_batch,x,,,,,-2,,7536,-140,-316,0,77,,6143089356096,
2026-08-19 00:22:59.077,continuous_stop,x,,,,,,-1,7536,-140,-316,0,77,,6143094456612,
2026-08-19 00:22:59.537,continuous_start,x,,,,,,-1,7536,-140,-316,0,77,,6143554769325,
2026-08-19 00:22:59.542,pulse_batch,x,,,,,-1,,7537,-141,-317,0,77,,6143560077006,
2026-08-19 00:22:59.563,pulse_batch,x,,,,,-2,,7539,-143,-319,0,77,,6143580542996,
2026-08-19 00:22:59.583,pulse_batch,x,,,,,-2,,7541,-145,-321,0,77,,6143600817839,
2026-08-19 00:22:59.604,pulse_batch,x,,,,,-2,,7543,-147,-323,0,77,,6143621432383,
2026-08-19 00:22:59.624,pulse_batch,x,,,,,-2,,7545,-149,-325,0,77,,6143641768170,
2026-08-19 00:22:59.644,pulse_batch,x,,,,,-2,,7547,-151,-327,0,77,,6143662104438,
2026-08-19 00:22:59.665,pulse_batch,x,,,,,-2,,7549,-153,-329,0,77,,6143682516150,
2026-08-19 00:22:59.670,continuous_stop,x,,,,,,-1,7549,-153,-329,0,77,,6143687760369,
