timestamp,event,axis,row,target_kind,move_id,requested_steps,batch_delta,direction,total_pulses,raw_position_steps,logical_position_steps,gap_steps,backlash_steps,target_position_steps,monotonic_ns,message
2026-08-18 23:34:30.879,continuous_start,y,,,,,,1,0,0,,,4,,3234896302222,
2026-08-18 23:34:30.880,pulse_batch,y,,,,,1,,1,1,,,4,,3234897835659,
2026-08-18 23:34:30.903,pulse_batch,y,,,,,7,,8,8,,,4,,3234920291459,
2026-08-18 23:34:30.924,pulse_batch,y,,,,,8,,16,16,,,4,,3234941492375,
2026-08-18 23:34:30.944,pulse_batch,y,,,,,7,,23,23,,,4,,3234961706834,
2026-08-18 23:34:30.967,pulse_batch,y,,,,,8,,31,31,,,4,,3234984192948,
2026-08-18 23:34:30.988,pulse_batch,y,,,,,8,,39,39,,,4,,3235005284735,
2026-08-18 23:34:31.010,pulse_batch,y,,,,,8,,47,47,,,4,,3235028128107,
2026-08-18 23:34:31.032,pulse_batch,y,,,,,8,,55,55,,,4,,3235049413282,
2026-08-18 23:34:31.053,pulse_batch,y,,,,,8,,63,63,,,4,,3235070449144,
2026-08-18 23:34:31.076,pulse_batch,y,,,,,8,,71,71,,,4,,3235092797407,
2026-08-18 23:34:31.097,pulse_batch,y,,,,,8,,79,79,,,4,,3235114751079,
2026-08-18 23:34:31.118,pulse_batch,y,,,,,8,,87,87,,,4,,3235135879126,
2026-08-18 23:34:31.139,pulse_batch,y,,,,,8,,95,95,,,4,,3235157145801,
2026-08-18 23:34:31.159,pulse_batch,y,,,,,7,,102,102,,,4,,3235177204501,
2026-08-18 23:34:31.181,pulse_batch,y,,,,,8,,110,110,,,4,,3235198299159,
2026-08-18 23:34:31.202,pulse_batch,y,,,,,8,,118,118,,,4,,3235220088980,
2026-08-18 23:34:31.225,pulse_batch,y,,,,,8,,126,126,,,4,,3235242229966,
2026-08-18 23:34:31.246,pulse_batch,y,,,,,8,,134,134,,,4,,3235263362272,
2026-08-18 23:34:31.267,pulse_batch,y,,,,,8,,142,142,,,4,,3235284401634,
2026-08-18 23:34:31.287,pulse_batch,y,,,,,7,,149,149,,,4,,3235304904368,
2026-08-18 23:34:31.309,pulse_batch,y,,,,,8,,157,157,,,4,,3235326383543,
2026-08-18 23:34:31.330,pulse_batch,y,,,,,8,,165,165,,,4,,3235347381516,
2026-08-18 23:34:31.350,pulse_batch,y,,,,,7,,172,172,,,4,,3235368022935,
2026-08-18 23:34:31.372,pulse_batch,y,,,,,8,,180,180,,,4,,3235389361573,
2026-08-18 23:34:31.393,pulse_batch,y,,,,,8,,188,188,,,4,,3235410381509,
2026-08-18 23:34:31.413,pulse_batch,y,,,,,7,,195,195,,,4,,3235430927151,
2026-08-18 23:34:31.435,pulse_batch,y,,,,,8,,203,203,,,4,,3235452230530,
2026-08-18 23:34:31.456,pulse_batch,y,,,,,8,,211,211,,,4,,3235473276392,
2026-08-18 23:34:31.477,pulse_batch,y,,,,,7,,218,218,,,4,,3235494854677,
2026-08-18 23:34:31.498,pulse_batch,y,,,,,8,,226,226,,,4,,3235516037594,
2026-08-18 23:34:31.519,pulse_batch,y,,,,,8,,234,234,,,4,,3235537175326,
2026-08-18 23:34:31.542,pulse_batch,y,,,,,8,,242,242,,,4,,3235559816809,
2026-08-18 23:34:31.564,pulse_batch,y,,,,,8,,250,250,,,4,,3235581418705,
2026-08-18 23:34:31.585,pulse_batch,y,,,,,8,,258,258,,,4,,3235602542845,
2026-08-18 23:34:31.607,pulse_batch,y,,,,,8,,266,266,,,4,,3235624502109,
2026-08-18 23:34:31.629,pulse_batch,y,,,,,8,,274,274,,,4,,3235646867872,
2026-08-18 23:34:31.650,pulse_batch,y,,,,,8,,282,282,,,4,,3235667975067,
2026-08-18 23:34:31.671,pulse_batch,y,,,,,8,,290,290,,,4,,3235689106576,
2026-08-18 23:34:31.692,pulse_batch,y,,,,,7,,297,297,,,4,,3235709567182,
2026-08-18 23:34:31.713,pulse_batch,y,,,,,8,,305,305,,,4,,3235730753339,
2026-08-18 23:34:31.734,pulse_batch,y,,,,,8,,313,313,,,4,,3235752054403,
2026-08-18 23:34:31.755,pulse_batch,y,,,,,7,,320,320,,,4,,3235772536379,
2026-08-18 23:34:31.776,pulse_batch,y,,,,,8,,328,328,,,4,,3235793893980,
2026-08-18 23:34:31.797,pulse_batch,y,,,,,8,,336,336,,,4,,3235814933268,
2026-08-18 23:34:31.817,pulse_batch,y,,,,,7,,343,343,,,4,,3235835029430,
2026-08-18 23:34:31.839,pulse_batch,y,,,,,8,,351,351,,,4,,3235856309458,
2026-08-18 23:34:31.860,pulse_batch,y,,,,,8,,359,359,,,4,,3235877369227,
2026-08-18 23:34:31.880,pulse_batch,y,,,,,7,,366,366,,,4,,3235897948720,
2026-08-18 23:34:31.901,pulse_batch,y,,,,,8,,374,374,,,4,,3235919169359,
2026-08-18 23:34:31.922,pulse_batch,y,,,,,8,,382,382,,,4,,3235940258850,
2026-08-18 23:34:31.943,pulse_batch,y,,,,,7,,389,389,,,4,,3235960563753,
2026-08-18 23:34:31.964,pulse_batch,y,,,,,7,,396,396,,,4,,3235981521411,
2026-08-18 23:34:31.985,pulse_batch,y,,,,,8,,404,404,,,4,,3236002607884,
2026-08-18 23:34:32.009,pulse_batch,y,,,,,8,,412,412,,,4,,3236026538898,
2026-08-18 23:34:32.010,continuous_stop,y,,,,,,1,412,412,,,4,,3236028242038,
2026-08-18 23:34:35.148,continuous_start,y,,,,,,1,412,412,,,4,,3239165928112,
2026-08-18 23:34:35.151,pulse_batch,y,,,,,1,,413,413,,,4,,3239168770394,
2026-08-18 23:34:35.172,pulse_batch,y,,,,,4,,417,417,,,4,,3239189500276,
2026-08-18 23:34:35.192,pulse_batch,y,,,,,4,,421,421,,,4,,3239210027196,
2026-08-18 23:34:35.213,pulse_batch,y,,,,,3,,424,424,,,4,,3239230964114,
2026-08-18 23:34:35.214,continuous_stop,y,,,,,,1,424,424,,,4,,3239231421538,
2026-08-18 23:34:36.353,continuous_start,x,,,,,,1,0,0,,,77,,3240370672440,
2026-08-18 23:34:36.356,pulse_batch,x,,,,,1,,1,1,,,77,,3240373568871,
2026-08-18 23:34:36.377,pulse_batch,x,,,,,4,,5,5,,,77,,3240394613418,
2026-08-18 23:34:36.398,pulse_batch,x,,,,,4,,9,9,,,77,,3240415289522,
2026-08-18 23:34:36.418,pulse_batch,x,,,,,3,,12,12,,,77,,3240435514110,
2026-08-18 23:34:36.438,pulse_batch,x,,,,,4,,16,16,,,77,,3240456147159,
2026-08-18 23:34:36.459,pulse_batch,x,,,,,4,,20,20,,,77,,3240476804523,
2026-08-18 23:34:36.482,pulse_batch,x,,,,,4,,24,24,,,77,,3240497542479,
2026-08-18 23:34:36.501,pulse_batch,x,,,,,4,,28,28,,,77,,3240518711970,
2026-08-18 23:34:36.522,pulse_batch,x,,,,,4,,32,32,,,77,,3240539466889,
2026-08-18 23:34:36.543,pulse_batch,x,,,,,4,,36,36,,,77,,3240560470863,
2026-08-18 23:34:36.568,pulse_batch,x,,,,,4,,40,40,,,77,,3240585374576,
2026-08-18 23:34:36.588,pulse_batch,x,,,,,4,,44,44,,,77,,3240606097829,
2026-08-18 23:34:36.614,pulse_batch,x,,,,,4,,48,48,,,77,,3240631813724,
2026-08-18 23:34:36.636,pulse_batch,x,,,,,4,,52,52,,,77,,3240653322306,
2026-08-18 23:34:36.656,pulse_batch,x,,,,,4,,56,56,,,77,,3240673952559,
2026-08-18 23:34:36.677,pulse_batch,x,,,,,4,,60,60,,,77,,3240694610515,
2026-08-18 23:34:36.699,pulse_batch,x,,,,,4,,64,64,,,77,,3240716676780,
2026-08-18 23:34:36.719,pulse_batch,x,,,,,4,,68,68,,,77,,3240737278162,
2026-08-18 23:34:36.740,pulse_batch,x,,,,,4,,72,72,,,77,,3240757843545,
2026-08-18 23:34:36.761,pulse_batch,x,,,,,4,,76,76,,,77,,3240778561409,
2026-08-18 23:34:36.782,pulse_batch,x,,,,,4,,80,80,,,77,,3240799397475,
2026-08-18 23:34:36.802,pulse_batch,x,,,,,4,,84,84,,,77,,3240819959858,
2026-08-18 23:34:36.825,pulse_batch,x,,,,,4,,88,88,,,77,,3240842284455,
2026-08-18 23:34:36.845,pulse_batch,x,,,,,4,,92,92,,,77,,3240863049096,
2026-08-18 23:34:36.866,pulse_batch,x,,,,,4,,96,96,,,77,,3240883578701,
2026-08-18 23:34:36.890,pulse_batch,x,,,,,4,,100,100,,,77,,3240907902584,
2026-08-18 23:34:36.911,pulse_batch,x,,,,,4,,104,104,,,77,,3240928596244,
2026-08-18 23:34:36.931,pulse_batch,x,,,,,4,,108,108,,,77,,3240949130905,
2026-08-18 23:34:36.952,pulse_batch,x,,,,,4,,112,112,,,77,,3240970104638,
2026-08-18 23:34:36.973,pulse_batch,x,,,,,4,,116,116,,,77,,3240990886631,
2026-08-18 23:34:36.994,pulse_batch,x,,,,,4,,120,120,,,77,,3241011514161,
2026-08-18 23:34:37.014,pulse_batch,x,,,,,4,,124,124,,,77,,3241032178581,
2026-08-18 23:34:37.035,pulse_batch,x,,,,,4,,128,128,,,77,,3241052997388,
2026-08-18 23:34:37.056,pulse_batch,x,,,,,4,,132,132,,,77,,3241073587586,
2026-08-18 23:34:37.077,pulse_batch,x,,,,,4,,136,136,,,77,,3241094527874,
2026-08-18 23:34:37.099,pulse_batch,x,,,,,4,,140,140,,,77,,3241116800971,
2026-08-18 23:34:37.120,pulse_batch,x,,,,,4,,144,144,,,77,,3241137399502,
2026-08-18 23:34:37.140,pulse_batch,x,,,,,4,,148,148,,,77,,3241157956514,
2026-08-18 23:34:37.161,pulse_batch,x,,,,,4,,152,152,,,77,,3241178771952,
2026-08-18 23:34:37.182,pulse_batch,x,,,,,4,,156,156,,,77,,3241199415630,
2026-08-18 23:34:37.202,pulse_batch,x,,,,,4,,160,160,,,77,,3241219983161,
2026-08-18 23:34:37.224,pulse_batch,x,,,,,4,,164,164,,,77,,3241242129648,
2026-08-18 23:34:37.245,pulse_batch,x,,,,,4,,168,168,,,77,,3241262857493,
2026-08-18 23:34:37.266,pulse_batch,x,,,,,4,,172,172,,,77,,3241283429431,
2026-08-18 23:34:37.286,pulse_batch,x,,,,,4,,176,176,,,77,,3241304209813,
2026-08-18 23:34:37.307,pulse_batch,x,,,,,4,,180,180,,,77,,3241325128620,
2026-08-18 23:34:37.328,pulse_batch,x,,,,,4,,184,184,,,77,,3241345680799,
2026-08-18 23:34:37.350,pulse_batch,x,,,,,4,,188,188,,,77,,3241367831285,
2026-08-18 23:34:37.371,pulse_batch,x,,,,,4,,192,192,,,77,,3241388503353,
2026-08-18 23:34:37.391,pulse_batch,x,,,,,4,,196,196,,,77,,3241409087328,
2026-08-18 23:34:37.412,pulse_batch,x,,,,,4,,200,200,,,77,,3241429824673,
2026-08-18 23:34:37.433,pulse_batch,x,,,,,4,,204,204,,,77,,3241450614314,
2026-08-18 23:34:37.453,pulse_batch,x,,,,,4,,208,208,,,77,,3241471228308,
2026-08-18 23:34:37.474,pulse_batch,x,,,,,4,,212,212,,,77,,3241491758061,
2026-08-18 23:34:37.495,pulse_batch,x,,,,,4,,216,216,,,77,,3241512626869,
2026-08-18 23:34:37.516,pulse_batch,x,,,,,4,,220,220,,,77,,3241533383473,
2026-08-18 23:34:37.536,pulse_batch,x,,,,,4,,224,224,,,77,,3241553899374,
2026-08-18 23:34:37.558,pulse_batch,x,,,,,4,,228,228,,,77,,3241576093083,
2026-08-18 23:34:37.579,pulse_batch,x,,,,,4,,232,232,,,77,,3241596986964,
2026-08-18 23:34:37.600,pulse_batch,x,,,,,4,,236,236,,,77,,3241617545403,
2026-08-18 23:34:37.622,pulse_batch,x,,,,,4,,240,240,,,77,,3241640096683,
2026-08-18 23:34:37.643,pulse_batch,x,,,,,4,,244,244,,,77,,3241660813251,
2026-08-18 23:34:37.664,pulse_batch,x,,,,,4,,248,248,,,77,,3241681348337,
2026-08-18 23:34:37.685,pulse_batch,x,,,,,4,,252,252,,,77,,3241702547624,
2026-08-18 23:34:37.706,pulse_batch,x,,,,,4,,256,256,,,77,,3241723360432,
2026-08-18 23:34:37.726,pulse_batch,x,,,,,4,,260,260,,,77,,3241743938574,
2026-08-18 23:34:37.748,pulse_batch,x,,,,,4,,264,264,,,77,,3241765556433,
2026-08-18 23:34:37.769,pulse_batch,x,,,,,4,,268,268,,,77,,3241786456703,
2026-08-18 23:34:37.789,pulse_batch,x,,,,,4,,272,272,,,77,,3241807066716,
2026-08-18 23:34:37.810,pulse_batch,x,,,,,4,,276,276,,,77,,3241827679950,
2026-08-18 23:34:37.834,pulse_batch,x,,,,,4,,280,280,,,77,,3241851877130,
2026-08-18 23:34:37.855,pulse_batch,x,,,,,4,,284,284,,,77,,3241872453180,
2026-08-18 23:34:37.875,pulse_batch,x,,,,,4,,288,288,,,77,,3241892988396,
2026-08-18 23:34:37.897,pulse_batch,x,,,,,4,,292,292,,,77,,3241915004846,
2026-08-18 23:34:37.918,pulse_batch,x,,,,,4,,296,296,,,77,,3241935681340,
2026-08-18 23:34:37.938,pulse_batch,x,,,,,4,,300,300,,,77,,3241956205741,
2026-08-18 23:34:37.950,pulse_batch,x,,,,,1,,301,301,,,77,,3241968113740,
2026-08-18 23:34:37.950,continuous_stop,x,,,,,,1,301,301,,,77,,3241968300516,
2026-08-18 23:34:38.686,continuous_start,x,,,,,,-1,301,301,,,77,,3242703620287,
2026-08-18 23:34:38.689,pulse_batch,x,,,,,-1,,302,300,,,77,,3242706448459,
2026-08-18 23:34:38.711,pulse_batch,x,,,,,-4,,306,296,,,77,,3242728964480,
2026-08-18 23:34:38.732,pulse_batch,x,,,,,-4,,310,292,,,77,,3242749541937,
2026-08-18 23:34:38.754,pulse_batch,x,,,,,-4,,314,288,,,77,,3242771789571,
2026-08-18 23:34:38.775,pulse_batch,x,,,,,-4,,318,284,,,77,,3242792491102,
2026-08-18 23:34:38.795,pulse_batch,x,,,,,-4,,322,280,,,77,,3242813015300,
2026-08-18 23:34:38.818,pulse_batch,x,,,,,-4,,326,276,,,77,,3242835287434,
2026-08-18 23:34:38.839,pulse_batch,x,,,,,-4,,330,272,,,77,,3242857080459,
2026-08-18 23:34:38.860,pulse_batch,x,,,,,-4,,334,268,,,77,,3242877631934,
2026-08-18 23:34:38.881,pulse_batch,x,,,,,-4,,338,264,,,77,,3242898260076,
2026-08-18 23:34:38.903,pulse_batch,x,,,,,-4,,342,260,,,77,,3242921241281,
2026-08-18 23:34:38.924,pulse_batch,x,,,,,-4,,346,256,,,77,,3242941941885,
2026-08-18 23:34:38.945,pulse_batch,x,,,,,-4,,350,252,,,77,,3242962525527,
2026-08-18 23:34:38.968,pulse_batch,x,,,,,-4,,354,248,,,77,,3242985324974,
2026-08-18 23:34:38.988,pulse_batch,x,,,,,-4,,358,244,,,77,,3243005907653,
2026-08-18 23:34:39.009,pulse_batch,x,,,,,-4,,362,240,,,77,,3243026476091,
2026-08-18 23:34:39.032,pulse_batch,x,,,,,-4,,366,236,,,77,,3243049388166,
2026-08-18 23:34:39.052,pulse_batch,x,,,,,-4,,370,232,,,77,,3243069979938,
2026-08-18 23:34:39.073,pulse_batch,x,,,,,-4,,374,228,,,77,,3243090512692,
2026-08-18 23:34:39.087,pulse_batch,x,,,,,-2,,376,226,,,77,,3243104961937,
2026-08-18 23:34:39.087,continuous_stop,x,,,,,,-1,376,226,,,77,,3243105269251,
2026-08-18 23:34:39.287,continuous_start,x,,,,,,-1,376,226,,,77,,3243304910164,
2026-08-18 23:34:39.290,pulse_batch,x,,,,,-1,,377,225,,,77,,3243307788576,
2026-08-18 23:34:39.311,pulse_batch,x,,,,,-4,,381,221,,,77,,3243328598810,
2026-08-18 23:34:39.331,pulse_batch,x,,,,,-4,,385,217,,,77,,3243349195415,
2026-08-18 23:34:39.355,pulse_batch,x,,,,,-4,,389,213,,,77,,3243372877079,
2026-08-18 23:34:39.376,pulse_batch,x,,,,,-4,,393,209,,,77,,3243393669424,
2026-08-18 23:34:39.396,pulse_batch,x,,,,,-4,,397,205,,,77,,3243414245270,
2026-08-18 23:34:39.419,pulse_batch,x,,,,,-4,,401,201,,,77,,3243436556959,
2026-08-18 23:34:39.440,pulse_batch,x,,,,,-4,,405,197,,,77,,3243457346063,
2026-08-18 23:34:39.460,pulse_batch,x,,,,,-4,,409,193,,,77,,3243477911205,
2026-08-18 23:34:39.481,pulse_batch,x,,,,,-4,,413,189,,,77,,3243498458311,
2026-08-18 23:34:39.502,pulse_batch,x,,,,,-4,,417,185,,,77,,3243519278229,
2026-08-18 23:34:39.522,pulse_batch,x,,,,,-4,,421,181,,,77,,3243539872594,
2026-08-18 23:34:39.543,pulse_batch,x,,,,,-4,,425,177,,,77,,3243560467458,
2026-08-18 23:34:39.552,pulse_batch,x,,,,,-1,,426,176,,,77,,3243569419563,
2026-08-18 23:34:39.552,continuous_stop,x,,,,,,-1,426,176,,,77,,3243569741858,
2026-08-18 23:34:39.820,continuous_start,x,,,,,,-1,426,176,,,77,,3243837571796,
2026-08-18 23:34:39.823,pulse_batch,x,,,,,-1,,427,175,,,77,,3243840342042,
2026-08-18 23:34:39.843,pulse_batch,x,,,,,-4,,431,171,,,77,,3243861073239,
2026-08-18 23:34:39.864,pulse_batch,x,,,,,-4,,435,167,,,77,,3243881620659,
2026-08-18 23:34:39.886,pulse_batch,x,,,,,-4,,439,163,,,77,,3243903922127,
2026-08-18 23:34:39.907,pulse_batch,x,,,,,-4,,443,159,,,77,,3243924602916,
2026-08-18 23:34:39.927,pulse_batch,x,,,,,-4,,447,155,,,77,,3243945154225,
2026-08-18 23:34:39.950,pulse_batch,x,,,,,-4,,451,151,,,77,,3243967605766,
2026-08-18 23:34:39.973,pulse_batch,x,,,,,-4,,455,147,,,77,,3243990447249,
2026-08-18 23:34:39.993,pulse_batch,x,,,,,-4,,459,143,,,77,,3244011031132,
2026-08-18 23:34:40.016,pulse_batch,x,,,,,-4,,463,139,,,77,,3244033862152,
2026-08-18 23:34:40.019,continuous_stop,x,,,,,,-1,463,139,,,77,,3244036712046,
2026-08-18 23:34:40.353,continuous_start,x,,,,,,-1,463,139,,,77,,3244370685520,
2026-08-18 23:34:40.356,pulse_batch,x,,,,,-1,,464,138,,,77,,3244373581858,
2026-08-18 23:34:40.377,pulse_batch,x,,,,,-4,,468,134,,,77,,3244394403666,
2026-08-18 23:34:40.397,pulse_batch,x,,,,,-4,,472,130,,,77,,3244414978234,
2026-08-18 23:34:40.418,pulse_batch,x,,,,,-4,,476,126,,,77,,3244435659135,
2026-08-18 23:34:40.441,pulse_batch,x,,,,,-4,,480,122,,,77,,3244458720209,
2026-08-18 23:34:40.462,pulse_batch,x,,,,,-4,,484,118,,,77,,3244479361814,
2026-08-18 23:34:40.484,pulse_batch,x,,,,,-4,,488,114,,,77,,3244501366820,
2026-08-18 23:34:40.486,continuous_stop,x,,,,,,-1,488,114,,,77,,3244504103603,
2026-08-18 23:34:40.820,continuous_start,x,,,,,,-1,488,114,,,77,,3244837831819,
2026-08-18 23:34:40.823,pulse_batch,x,,,,,-1,,489,113,,,77,,3244840569047,
2026-08-18 23:34:40.844,pulse_batch,x,,,,,-4,,493,109,,,77,,3244861293411,
2026-08-18 23:34:40.864,pulse_batch,x,,,,,-4,,497,105,,,77,,3244881893275,
2026-08-18 23:34:40.886,pulse_batch,x,,,,,-3,,500,102,,,77,,3244904105946,
2026-08-18 23:34:40.887,continuous_stop,x,,,,,,-1,500,102,,,77,,3244904434611,
2026-08-18 23:34:41.221,continuous_start,x,,,,,,-1,500,102,,,77,,3245239123268,
2026-08-18 23:34:41.224,pulse_batch,x,,,,,-1,,501,101,,,77,,3245241926699,
2026-08-18 23:34:41.245,pulse_batch,x,,,,,-4,,505,97,,,77,,3245262656322,
2026-08-18 23:34:41.266,pulse_batch,x,,,,,-4,,509,93,,,77,,3245283264019,
2026-08-18 23:34:41.287,pulse_batch,x,,,,,-4,,513,89,,,77,,3245305154544,
2026-08-18 23:34:41.308,pulse_batch,x,,,,,-4,,517,85,,,77,,3245325924945,
2026-08-18 23:34:41.329,pulse_batch,x,,,,,-4,,521,81,,,77,,3245346478031,
2026-08-18 23:34:41.351,pulse_batch,x,,,,,-4,,525,77,,,77,,3245368430352,
2026-08-18 23:34:41.354,continuous_stop,x,,,,,,-1,525,77,,,77,,3245371224431,
2026-08-18 23:34:41.757,continuous_start,x,,,,,,-1,525,77,,,77,,3245775182849,
2026-08-18 23:34:41.760,pulse_batch,x,,,,,-1,,526,76,,,77,,3245778046502,
2026-08-18 23:34:41.781,pulse_batch,x,,,,,-4,,530,72,,,77,,3245798791828,
2026-08-18 23:34:41.802,pulse_batch,x,,,,,-4,,534,68,,,77,,3245819375545,
2026-08-18 23:34:41.824,pulse_batch,x,,,,,-3,,537,65,,,77,,3245841825085,
2026-08-18 23:34:41.824,continuous_stop,x,,,,,,-1,537,65,,,77,,3245841998788,
2026-08-18 23:34:45.419,backlash_initialize,x,,,,,,-1,537,65,0,0,77,,3249436517961,logical_zero=0
2026-08-18 23:34:45.419,backlash_initialize,y,,,,,,1,424,424,0,4,4,,3249436630035,logical_zero=0
2026-08-18 23:34:47.761,continuous_start,x,,,,,,1,537,65,0,0,77,,3251778715713,
2026-08-18 23:34:47.764,pulse_batch,x,,,,,1,,538,66,0,1,77,,3251781535589,
2026-08-18 23:34:47.785,pulse_batch,x,,,,,4,,542,70,0,5,77,,3251802396674,
2026-08-18 23:34:47.805,pulse_batch,x,,,,,4,,546,74,0,9,77,,3251822921225,
2026-08-18 23:34:47.829,pulse_batch,x,,,,,4,,550,78,0,13,77,,3251846289446,
2026-08-18 23:34:47.850,pulse_batch,x,,,,,4,,554,82,0,17,77,,3251867645715,
2026-08-18 23:34:47.870,pulse_batch,x,,,,,4,,558,86,0,21,77,,3251888241579,
2026-08-18 23:34:47.891,pulse_batch,x,,,,,4,,562,90,0,25,77,,3251908920462,
2026-08-18 23:34:47.912,pulse_batch,x,,,,,4,,566,94,0,29,77,,3251929728270,
2026-08-18 23:34:47.933,pulse_batch,x,,,,,4,,570,98,0,33,77,,3251950333005,
2026-08-18 23:34:47.954,pulse_batch,x,,,,,4,,574,102,0,37,77,,3251970911795,
2026-08-18 23:34:47.976,pulse_batch,x,,,,,4,,578,106,0,41,77,,3251993576613,
2026-08-18 23:34:47.996,pulse_batch,x,,,,,4,,582,110,0,45,77,,3252014204218,
2026-08-18 23:34:48.017,pulse_batch,x,,,,,4,,586,114,0,49,77,,3252034783675,
2026-08-18 23:34:48.038,pulse_batch,x,,,,,4,,590,118,0,53,77,,3252055637113,
2026-08-18 23:34:48.058,pulse_batch,x,,,,,4,,594,122,0,57,77,,3252076233959,
2026-08-18 23:34:48.079,pulse_batch,x,,,,,4,,598,126,0,61,77,,3252096794842,
2026-08-18 23:34:48.100,pulse_batch,x,,,,,4,,602,130,0,65,77,,3252118043778,
2026-08-18 23:34:48.121,pulse_batch,x,,,,,4,,606,134,0,69,77,,3252138887882,
2026-08-18 23:34:48.142,pulse_batch,x,,,,,4,,610,138,0,73,77,,3252159453432,
2026-08-18 23:34:48.163,pulse_batch,x,,,,,4,,614,142,0,77,77,,3252181139495,
2026-08-18 23:34:48.185,pulse_batch,x,,,,,4,,618,146,4,77,77,,3252202307190,
2026-08-18 23:34:48.205,pulse_batch,x,,,,,4,,622,150,8,77,77,,3252222864259,
2026-08-18 23:34:48.227,pulse_batch,x,,,,,4,,626,154,12,77,77,,3252244938005,
2026-08-18 23:34:48.249,pulse_batch,x,,,,,4,,630,158,16,77,77,,3252266382607,
2026-08-18 23:34:48.269,pulse_batch,x,,,,,4,,634,162,20,77,77,,3252286968064,
2026-08-18 23:34:48.291,pulse_batch,x,,,,,4,,638,166,24,77,77,,3252308702368,
2026-08-18 23:34:48.312,pulse_batch,x,,,,,4,,642,170,28,77,77,,3252329460343,
2026-08-18 23:34:48.332,pulse_batch,x,,,,,4,,646,174,32,77,77,,3252350108503,
2026-08-18 23:34:48.353,pulse_batch,x,,,,,4,,650,178,36,77,77,,3252370751256,
2026-08-18 23:34:48.374,pulse_batch,x,,,,,4,,654,182,40,77,77,,3252391661509,
2026-08-18 23:34:48.395,pulse_batch,x,,,,,4,,658,186,44,77,77,,3252412362039,
2026-08-18 23:34:48.415,pulse_batch,x,,,,,4,,662,190,48,77,77,,3252432875164,
2026-08-18 23:34:48.439,pulse_batch,x,,,,,4,,666,194,52,77,77,,3252457044604,
2026-08-18 23:34:48.460,pulse_batch,x,,,,,4,,670,198,56,77,77,,3252477632561,
2026-08-18 23:34:48.481,pulse_batch,x,,,,,4,,674,202,60,77,77,,3252498561943,
2026-08-18 23:34:48.502,pulse_batch,x,,,,,4,,678,206,64,77,77,,3252519516380,
2026-08-18 23:34:48.523,pulse_batch,x,,,,,4,,682,210,68,77,77,,3252540280021,
2026-08-18 23:34:48.543,pulse_batch,x,,,,,4,,686,214,72,77,77,,3252560823479,
2026-08-18 23:34:48.564,pulse_batch,x,,,,,4,,690,218,76,77,77,,3252581562380,
2026-08-18 23:34:48.585,pulse_batch,x,,,,,4,,694,222,80,77,77,,3252602452965,
2026-08-18 23:34:48.605,pulse_batch,x,,,,,4,,698,226,84,77,77,,3252622977460,
2026-08-18 23:34:48.628,pulse_batch,x,,,,,4,,702,230,88,77,77,,3252645376149,
2026-08-18 23:34:48.649,pulse_batch,x,,,,,4,,706,234,92,77,77,,3252666257086,
2026-08-18 23:34:48.669,pulse_batch,x,,,,,4,,710,238,96,77,77,,3252686847173,
2026-08-18 23:34:48.692,pulse_batch,x,,,,,4,,714,242,100,77,77,,3252707560333,
2026-08-18 23:34:48.711,pulse_batch,x,,,,,4,,718,246,104,77,77,,3252728465623,
2026-08-18 23:34:48.731,pulse_batch,x,,,,,4,,722,250,108,77,77,,3252749120191,
2026-08-18 23:34:48.752,pulse_batch,x,,,,,4,,726,254,112,77,77,,3252769702463,
2026-08-18 23:34:48.776,pulse_batch,x,,,,,4,,730,258,116,77,77,,3252793288887,
2026-08-18 23:34:48.796,pulse_batch,x,,,,,4,,734,262,120,77,77,,3252813951307,
2026-08-18 23:34:48.817,pulse_batch,x,,,,,4,,738,266,124,77,77,,3252834687097,
2026-08-18 23:34:48.842,pulse_batch,x,,,,,4,,742,270,128,77,77,,3252860114068,
2026-08-18 23:34:48.863,pulse_batch,x,,,,,4,,746,274,132,77,77,,3252880797099,
2026-08-18 23:34:48.884,pulse_batch,x,,,,,4,,750,278,136,77,77,,3252901403519,
2026-08-18 23:34:48.905,pulse_batch,x,,,,,4,,754,282,140,77,77,,3252922751602,
2026-08-18 23:34:48.928,pulse_batch,x,,,,,4,,758,286,144,77,77,,3252945418031,
2026-08-18 23:34:48.948,pulse_batch,x,,,,,4,,762,290,148,77,77,,3252965954785,
2026-08-18 23:34:48.969,pulse_batch,x,,,,,4,,766,294,152,77,77,,3252986904333,
2026-08-18 23:34:48.990,pulse_batch,x,,,,,4,,770,298,156,77,77,,3253007752585,
2026-08-18 23:34:49.010,pulse_batch,x,,,,,4,,774,302,160,77,77,,3253028279080,
2026-08-18 23:34:49.033,pulse_batch,x,,,,,4,,778,306,164,77,77,,3253050672917,
2026-08-18 23:34:49.054,pulse_batch,x,,,,,4,,782,310,168,77,77,,3253071336448,
2026-08-18 23:34:49.074,pulse_batch,x,,,,,4,,786,314,172,77,77,,3253091878962,
2026-08-18 23:34:49.095,pulse_batch,x,,,,,4,,790,318,176,77,77,,3253112988787,
2026-08-18 23:34:49.116,pulse_batch,x,,,,,4,,794,322,180,77,77,,3253133636892,
2026-08-18 23:34:49.136,pulse_batch,x,,,,,4,,798,326,184,77,77,,3253154201942,
2026-08-18 23:34:49.159,pulse_batch,x,,,,,4,,802,330,188,77,77,,3253176697149,
2026-08-18 23:34:49.180,pulse_batch,x,,,,,4,,806,334,192,77,77,,3253197386125,
2026-08-18 23:34:49.200,pulse_batch,x,,,,,4,,810,338,196,77,77,,3253218011026,
2026-08-18 23:34:49.221,pulse_batch,x,,,,,4,,814,342,200,77,77,,3253238617854,
2026-08-18 23:34:49.242,pulse_batch,x,,,,,4,,818,346,204,77,77,,3253259384977,
2026-08-18 23:34:49.262,pulse_batch,x,,,,,4,,822,350,208,77,77,,3253280030360,
2026-08-18 23:34:49.283,pulse_batch,x,,,,,4,,826,354,212,77,77,,3253300548836,
2026-08-18 23:34:49.305,pulse_batch,x,,,,,4,,830,358,216,77,77,,3253322909748,
2026-08-18 23:34:49.326,pulse_batch,x,,,,,4,,834,362,220,77,77,,3253343510186,
2026-08-18 23:34:49.346,pulse_batch,x,,,,,4,,838,366,224,77,77,,3253364035181,
2026-08-18 23:34:49.367,pulse_batch,x,,,,,4,,842,370,228,77,77,,3253384771230,
2026-08-18 23:34:49.388,pulse_batch,x,,,,,4,,846,374,232,77,77,,3253405494391,
2026-08-18 23:34:49.408,pulse_batch,x,,,,,4,,850,378,236,77,77,,3253426116255,
2026-08-18 23:34:49.431,pulse_batch,x,,,,,4,,854,382,240,77,77,,3253448506908,
2026-08-18 23:34:49.452,pulse_batch,x,,,,,4,,858,386,244,77,77,,3253469259105,
2026-08-18 23:34:49.472,pulse_batch,x,,,,,4,,862,390,248,77,77,,3253489829340,
2026-08-18 23:34:49.493,pulse_batch,x,,,,,3,,865,393,251,77,77,,3253510977609,
2026-08-18 23:34:49.494,continuous_stop,x,,,,,,1,865,393,251,77,77,,3253511315293,
2026-08-18 23:34:50.229,continuous_start,x,,,,,,-1,865,393,251,77,77,,3254247060319,
2026-08-18 23:34:50.232,pulse_batch,x,,,,,-1,,866,392,251,76,77,,3254249835343,
2026-08-18 23:34:50.253,pulse_batch,x,,,,,-4,,870,388,251,72,77,,3254270495688,
2026-08-18 23:34:50.273,pulse_batch,x,,,,,-4,,874,384,251,68,77,,3254291050516,
2026-08-18 23:34:50.296,pulse_batch,x,,,,,-4,,878,380,251,64,77,,3254313341873,
2026-08-18 23:34:50.316,pulse_batch,x,,,,,-4,,882,376,251,60,77,,3254334077700,
2026-08-18 23:34:50.337,pulse_batch,x,,,,,-4,,886,372,251,56,77,,3254354656657,
2026-08-18 23:34:50.358,pulse_batch,x,,,,,-4,,890,368,251,52,77,,3254375318133,
2026-08-18 23:34:50.378,pulse_batch,x,,,,,-4,,894,364,251,48,77,,3254396260163,
2026-08-18 23:34:50.399,pulse_batch,x,,,,,-4,,898,360,251,44,77,,3254416844638,
2026-08-18 23:34:50.420,pulse_batch,x,,,,,-4,,902,356,251,40,77,,3254437462059,
2026-08-18 23:34:50.445,pulse_batch,x,,,,,-4,,906,352,251,36,77,,3254462632753,
2026-08-18 23:34:50.465,pulse_batch,x,,,,,-4,,910,348,251,32,77,,3254483215229,
2026-08-18 23:34:50.486,pulse_batch,x,,,,,-4,,914,344,251,28,77,,3254503774631,
2026-08-18 23:34:50.507,pulse_batch,x,,,,,-4,,918,340,251,24,77,,3254524590569,
2026-08-18 23:34:50.527,pulse_batch,x,,,,,-4,,922,336,251,20,77,,3254545224433,
2026-08-18 23:34:50.548,pulse_batch,x,,,,,-4,,926,332,251,16,77,,3254565751280,
2026-08-18 23:34:50.573,pulse_batch,x,,,,,-4,,930,328,251,12,77,,3254590789142,
2026-08-18 23:34:50.594,pulse_batch,x,,,,,-4,,934,324,251,8,77,,3254611409914,
2026-08-18 23:34:50.614,pulse_batch,x,,,,,-4,,938,320,251,4,77,,3254631979612,
2026-08-18 23:34:50.635,pulse_batch,x,,,,,-3,,941,317,251,1,77,,3254652267719,
2026-08-18 23:34:50.655,pulse_batch,x,,,,,-4,,945,313,248,0,77,,3254672962361,
2026-08-18 23:34:50.676,pulse_batch,x,,,,,-4,,949,309,244,0,77,,3254693496726,
2026-08-18 23:34:50.697,pulse_batch,x,,,,,-4,,953,305,240,0,77,,3254714232645,
2026-08-18 23:34:50.717,pulse_batch,x,,,,,-4,,957,301,236,0,77,,3254735014602,
2026-08-18 23:34:50.738,pulse_batch,x,,,,,-4,,961,297,232,0,77,,3254755572374,
2026-08-18 23:34:50.760,pulse_batch,x,,,,,-4,,965,293,228,0,77,,3254777826879,
2026-08-18 23:34:50.781,pulse_batch,x,,,,,-4,,969,289,224,0,77,,3254798607465,
2026-08-18 23:34:50.801,pulse_batch,x,,,,,-4,,973,285,220,0,77,,3254819191404,
2026-08-18 23:34:50.822,pulse_batch,x,,,,,-4,,977,281,216,0,77,,3254839950823,
2026-08-18 23:34:50.843,pulse_batch,x,,,,,-4,,981,277,212,0,77,,3254860915353,
2026-08-18 23:34:50.864,pulse_batch,x,,,,,-4,,985,273,208,0,77,,3254881510718,
2026-08-18 23:34:50.884,pulse_batch,x,,,,,-4,,989,269,204,0,77,,3254902004824,
2026-08-18 23:34:50.907,pulse_batch,x,,,,,-4,,993,265,200,0,77,,3254924490753,
2026-08-18 23:34:50.927,pulse_batch,x,,,,,-4,,997,261,196,0,77,,3254945173062,
2026-08-18 23:34:50.948,pulse_batch,x,,,,,-4,,1001,257,192,0,77,,3254965692649,
2026-08-18 23:34:50.969,pulse_batch,x,,,,,-4,,1005,253,188,0,77,,3254986429865,
2026-08-18 23:34:50.989,pulse_batch,x,,,,,-4,,1009,249,184,0,77,,3255007156489,
2026-08-18 23:34:51.010,pulse_batch,x,,,,,-4,,1013,245,180,0,77,,3255027682872,
2026-08-18 23:34:51.031,pulse_batch,x,,,,,-4,,1017,241,176,0,77,,3255048405847,
2026-08-18 23:34:51.051,pulse_batch,x,,,,,-4,,1021,237,172,0,77,,3255069065267,
2026-08-18 23:34:51.072,pulse_batch,x,,,,,-4,,1025,233,168,0,77,,3255089609466,
2026-08-18 23:34:51.094,pulse_batch,x,,,,,-4,,1029,229,164,0,77,,3255111578157,
2026-08-18 23:34:51.115,pulse_batch,x,,,,,-4,,1033,225,160,0,77,,3255132366466,
2026-08-18 23:34:51.135,pulse_batch,x,,,,,-4,,1037,221,156,0,77,,3255152999293,
2026-08-18 23:34:51.156,pulse_batch,x,,,,,-4,,1041,217,152,0,77,,3255173557158,
2026-08-18 23:34:51.177,pulse_batch,x,,,,,-4,,1045,213,148,0,77,,3255194474818,
2026-08-18 23:34:51.197,pulse_batch,x,,,,,-4,,1049,209,144,0,77,,3255215081738,
2026-08-18 23:34:51.218,pulse_batch,x,,,,,-4,,1053,205,140,0,77,,3255235612769,
2026-08-18 23:34:51.239,pulse_batch,x,,,,,-4,,1057,201,136,0,77,,3255256433596,
2026-08-18 23:34:51.259,pulse_batch,x,,,,,-4,,1061,197,132,0,77,,3255277118609,
2026-08-18 23:34:51.280,pulse_batch,x,,,,,-4,,1065,193,128,0,77,,3255297655511,
2026-08-18 23:34:51.302,pulse_batch,x,,,,,-4,,1069,189,124,0,77,,3255319463592,
2026-08-18 23:34:51.322,pulse_batch,x,,,,,-4,,1073,185,120,0,77,,3255340177197,
2026-08-18 23:34:51.343,pulse_batch,x,,,,,-4,,1077,181,116,0,77,,3255360765821,
2026-08-18 23:34:51.364,pulse_batch,x,,,,,-4,,1081,177,112,0,77,,3255381481278,
2026-08-18 23:34:51.384,pulse_batch,x,,,,,-4,,1085,173,108,0,77,,3255402185827,
2026-08-18 23:34:51.405,pulse_batch,x,,,,,-4,,1089,169,104,0,77,,3255422743433,
2026-08-18 23:34:51.428,pulse_batch,x,,,,,-4,,1093,165,100,0,77,,3255445648805,
2026-08-18 23:34:51.451,pulse_batch,x,,,,,-4,,1097,161,96,0,77,,3255469090452,
2026-08-18 23:34:51.472,pulse_batch,x,,,,,-4,,1101,157,92,0,77,,3255489725113,
2026-08-18 23:34:51.494,pulse_batch,x,,,,,-4,,1105,153,88,0,77,,3255511760267,
2026-08-18 23:34:51.516,pulse_batch,x,,,,,-4,,1109,149,84,0,77,,3255533280794,
2026-08-18 23:34:51.536,pulse_batch,x,,,,,-4,,1113,145,80,0,77,,3255553875807,
2026-08-18 23:34:51.557,pulse_batch,x,,,,,-4,,1117,141,76,0,77,,3255574436357,
2026-08-18 23:34:51.581,pulse_batch,x,,,,,-4,,1121,137,72,0,77,,3255598664760,
2026-08-18 23:34:51.601,pulse_batch,x,,,,,-4,,1125,133,68,0,77,,3255619228996,
2026-08-18 23:34:51.625,pulse_batch,x,,,,,-4,,1129,129,64,0,77,,3255642329256,
2026-08-18 23:34:51.646,pulse_batch,x,,,,,-4,,1133,125,60,0,77,,3255663762228,
2026-08-18 23:34:51.667,pulse_batch,x,,,,,-4,,1137,121,56,0,77,,3255684345352,
2026-08-18 23:34:51.691,pulse_batch,x,,,,,-4,,1141,117,52,0,77,,3255708380922,
2026-08-18 23:34:51.713,pulse_batch,x,,,,,-4,,1145,113,48,0,77,,3255730991944,
2026-08-18 23:34:51.734,pulse_batch,x,,,,,-4,,1149,109,44,0,77,,3255751579716,
2026-08-18 23:34:51.754,pulse_batch,x,,,,,-4,,1153,105,40,0,77,,3255772116952,
2026-08-18 23:34:51.777,pulse_batch,x,,,,,-4,,1157,101,36,0,77,,3255794500567,
2026-08-18 23:34:51.797,pulse_batch,x,,,,,-4,,1161,97,32,0,77,,3255815076025,
2026-08-18 23:34:51.818,pulse_batch,x,,,,,-4,,1165,93,28,0,77,,3255835616278,
2026-08-18 23:34:51.833,pulse_batch,x,,,,,-2,,1167,91,26,0,77,,3255850467745,
2026-08-18 23:34:51.833,continuous_stop,x,,,,,,-1,1167,91,26,0,77,,3255850807873,
2026-08-18 23:34:52.297,continuous_start,x,,,,,,-1,1167,91,26,0,77,,3256314953363,
2026-08-18 23:34:52.300,pulse_batch,x,,,,,-1,,1168,90,25,0,77,,3256317833776,
2026-08-18 23:34:52.321,pulse_batch,x,,,,,-4,,1172,86,21,0,77,,3256339135359,
2026-08-18 23:34:52.342,pulse_batch,x,,,,,-4,,1176,82,17,0,77,,3256359731761,
2026-08-18 23:34:52.364,pulse_batch,x,,,,,-4,,1180,78,13,0,77,,3256381471991,
2026-08-18 23:34:52.366,continuous_stop,x,,,,,,-1,1180,78,13,0,77,,3256384099163,
2026-08-18 23:34:53.166,continuous_start,x,,,,,,-1,1180,78,13,0,77,,3257183331668,
2026-08-18 23:34:53.168,pulse_batch,x,,,,,-1,,1181,77,12,0,77,,3257186057618,
2026-08-18 23:34:53.189,pulse_batch,x,,,,,-4,,1185,73,8,0,77,,3257206826445,
2026-08-18 23:34:53.210,pulse_batch,x,,,,,-4,,1189,69,4,0,77,,3257227353125,
2026-08-18 23:34:53.231,pulse_batch,x,,,,,-4,,1193,65,0,0,77,,3257249088725,
2026-08-18 23:34:53.234,continuous_stop,x,,,,,,-1,1193,65,0,0,77,,3257251715602,
2026-08-18 23:35:11.778,point_saved,x,0,stored,,,,-1,,65,0,0,77,0,,
2026-08-18 23:35:11.778,point_saved,y,0,stored,,,,1,,424,0,4,4,0,,
2026-08-18 23:35:13.052,continuous_start,x,,,,,,1,1193,65,0,0,77,,3277069542128,
2026-08-18 23:35:13.055,pulse_batch,x,,,,,1,,1194,66,0,1,77,,3277072402059,
2026-08-18 23:35:13.077,pulse_batch,x,,,,,4,,1198,70,0,5,77,,3277094909878,
2026-08-18 23:35:13.098,pulse_batch,x,,,,,4,,1202,74,0,9,77,,3277115426244,
2026-08-18 23:35:13.120,pulse_batch,x,,,,,4,,1206,78,0,13,77,,3277137453473,
2026-08-18 23:35:13.143,pulse_batch,x,,,,,4,,1210,82,0,17,77,,3277161081973,
2026-08-18 23:35:13.164,pulse_batch,x,,,,,4,,1214,86,0,21,77,,3277181620227,
2026-08-18 23:35:13.185,pulse_batch,x,,,,,4,,1218,90,0,25,77,,3277202506999,
2026-08-18 23:35:13.206,pulse_batch,x,,,,,4,,1222,94,0,29,77,,3277223546159,
2026-08-18 23:35:13.226,pulse_batch,x,,,,,4,,1226,98,0,33,77,,3277244106265,
2026-08-18 23:35:13.248,pulse_batch,x,,,,,4,,1230,102,0,37,77,,3277265809977,
2026-08-18 23:35:13.269,pulse_batch,x,,,,,4,,1234,106,0,41,77,,3277286524527,
2026-08-18 23:35:13.289,pulse_batch,x,,,,,4,,1238,110,0,45,77,,3277307166337,
2026-08-18 23:35:13.310,pulse_batch,x,,,,,4,,1242,114,0,49,77,,3277327753740,
2026-08-18 23:35:13.331,pulse_batch,x,,,,,4,,1246,118,0,53,77,,3277348591438,
2026-08-18 23:35:13.351,pulse_batch,x,,,,,4,,1250,122,0,57,77,,3277369161118,
2026-08-18 23:35:13.372,pulse_batch,x,,,,,4,,1254,126,0,61,77,,3277389749484,
2026-08-18 23:35:13.393,pulse_batch,x,,,,,4,,1258,130,0,65,77,,3277410436867,
2026-08-18 23:35:13.414,pulse_batch,x,,,,,4,,1262,134,0,69,77,,3277431261139,
2026-08-18 23:35:13.434,pulse_batch,x,,,,,4,,1266,138,0,73,77,,3277451770728,
2026-08-18 23:35:13.457,pulse_batch,x,,,,,4,,1270,142,0,77,77,,3277474600657,
2026-08-18 23:35:13.478,pulse_batch,x,,,,,4,,1274,146,4,77,77,,3277495341466,
2026-08-18 23:35:13.498,pulse_batch,x,,,,,4,,1278,150,8,77,77,,3277515882961,
2026-08-18 23:35:13.521,pulse_batch,x,,,,,4,,1282,154,12,77,77,,3277538653465,
2026-08-18 23:35:13.542,pulse_batch,x,,,,,4,,1286,158,16,77,77,,3277559405700,
2026-08-18 23:35:13.562,pulse_batch,x,,,,,4,,1290,162,20,77,77,,3277579974806,
2026-08-18 23:35:13.585,pulse_batch,x,,,,,4,,1294,166,24,77,77,,3277602615959,
2026-08-18 23:35:13.606,pulse_batch,x,,,,,4,,1298,170,28,77,77,,3277623319824,
2026-08-18 23:35:13.626,pulse_batch,x,,,,,4,,1302,174,32,77,77,,3277643861004,
2026-08-18 23:35:13.648,pulse_batch,x,,,,,4,,1306,178,36,77,77,,3277666057955,
2026-08-18 23:35:13.669,pulse_batch,x,,,,,4,,1310,182,40,77,77,,3277686839486,
2026-08-18 23:35:13.690,pulse_batch,x,,,,,4,,1314,186,44,77,77,,3277707594684,
2026-08-18 23:35:13.710,pulse_batch,x,,,,,4,,1318,190,48,77,77,,3277728187013,
2026-08-18 23:35:13.731,pulse_batch,x,,,,,4,,1322,194,52,77,77,,3277749088673,
2026-08-18 23:35:13.752,pulse_batch,x,,,,,4,,1326,198,56,77,77,,3277769650613,
2026-08-18 23:35:13.772,pulse_batch,x,,,,,4,,1330,202,60,77,77,,3277790202720,
2026-08-18 23:35:13.796,pulse_batch,x,,,,,4,,1334,206,64,77,77,,3277813441314,
2026-08-18 23:35:13.816,pulse_batch,x,,,,,4,,1338,210,68,77,77,,3277834102642,
2026-08-18 23:35:13.837,pulse_batch,x,,,,,4,,1342,214,72,77,77,,3277854639989,
2026-08-18 23:35:13.859,pulse_batch,x,,,,,4,,1346,218,76,77,77,,3277876598089,
2026-08-18 23:35:13.882,pulse_batch,x,,,,,4,,1350,222,80,77,77,,3277899702165,
2026-08-18 23:35:13.902,pulse_batch,x,,,,,4,,1354,226,84,77,77,,3277920231068,
2026-08-18 23:35:13.926,pulse_batch,x,,,,,4,,1358,230,88,77,77,,3277943412032,
2026-08-18 23:35:13.949,pulse_batch,x,,,,,4,,1362,234,92,77,77,,3277966432423,
2026-08-18 23:35:13.969,pulse_batch,x,,,,,4,,1366,238,96,77,77,,3277986985345,
2026-08-18 23:35:13.992,pulse_batch,x,,,,,4,,1370,242,100,77,77,,3278009496886,
2026-08-18 23:35:14.014,pulse_batch,x,,,,,4,,1374,246,104,77,77,,3278031537597,
2026-08-18 23:35:14.034,pulse_batch,x,,,,,4,,1378,250,108,77,77,,3278052101148,
2026-08-18 23:35:14.057,pulse_batch,x,,,,,4,,1382,254,112,77,77,,3278074396320,
2026-08-18 23:35:14.077,pulse_batch,x,,,,,4,,1386,258,116,77,77,,3278095123722,
2026-08-18 23:35:14.098,pulse_batch,x,,,,,4,,1390,262,120,77,77,,3278115707903,
2026-08-18 23:35:14.119,pulse_batch,x,,,,,4,,1394,266,124,77,77,,3278136475212,
2026-08-18 23:35:14.139,pulse_batch,x,,,,,4,,1398,270,128,77,77,,3278157161392,
2026-08-18 23:35:14.160,pulse_batch,x,,,,,4,,1402,274,132,77,77,,3278177720665,
2026-08-18 23:35:14.183,pulse_batch,x,,,,,4,,1406,278,136,77,77,,3278200221151,
2026-08-18 23:35:14.203,pulse_batch,x,,,,,4,,1410,282,140,77,77,,3278221075201,
2026-08-18 23:35:14.224,pulse_batch,x,,,,,4,,1414,286,144,77,77,,3278241685067,
2026-08-18 23:35:14.245,pulse_batch,x,,,,,4,,1418,290,148,77,77,,3278262921725,
2026-08-18 23:35:14.269,pulse_batch,x,,,,,4,,1422,294,152,77,77,,3278286742742,
2026-08-18 23:35:14.290,pulse_batch,x,,,,,4,,1426,298,156,77,77,,3278307401237,
2026-08-18 23:35:14.311,pulse_batch,x,,,,,4,,1430,302,160,77,77,,3278328441934,
2026-08-18 23:35:14.334,pulse_batch,x,,,,,4,,1434,306,164,77,77,,3278351950360,
2026-08-18 23:35:14.355,pulse_batch,x,,,,,4,,1438,310,168,77,77,,3278372566466,
2026-08-18 23:35:14.378,pulse_batch,x,,,,,4,,1442,314,172,77,77,,3278396083059,
2026-08-18 23:35:14.405,pulse_batch,x,,,,,4,,1446,318,176,77,77,,3278422346916,
2026-08-18 23:35:14.425,pulse_batch,x,,,,,4,,1450,322,180,77,77,,3278442927060,
2026-08-18 23:35:14.446,pulse_batch,x,,,,,4,,1454,326,184,77,77,,3278463678628,
2026-08-18 23:35:14.467,pulse_batch,x,,,,,4,,1458,330,188,77,77,,3278485067953,
2026-08-18 23:35:14.488,pulse_batch,x,,,,,4,,1462,334,192,77,77,,3278505778651,
2026-08-18 23:35:14.509,pulse_batch,x,,,,,4,,1466,338,196,77,77,,3278526324073,
2026-08-18 23:35:14.529,pulse_batch,x,,,,,4,,1470,342,200,77,77,,3278547075753,
2026-08-18 23:35:14.550,pulse_batch,x,,,,,4,,1474,346,204,77,77,,3278567697229,
2026-08-18 23:35:14.570,pulse_batch,x,,,,,4,,1478,350,208,77,77,,3278588208799,
2026-08-18 23:35:14.593,pulse_batch,x,,,,,4,,1482,354,212,77,77,,3278610907747,
2026-08-18 23:35:14.614,pulse_batch,x,,,,,4,,1486,358,216,77,77,,3278631674019,
2026-08-18 23:35:14.634,pulse_batch,x,,,,,4,,1490,362,220,77,77,,3278652202811,
2026-08-18 23:35:14.655,pulse_batch,x,,,,,4,,1494,366,224,77,77,,3278672931880,
2026-08-18 23:35:14.676,pulse_batch,x,,,,,4,,1498,370,228,77,77,,3278693661615,
2026-08-18 23:35:14.696,pulse_batch,x,,,,,4,,1502,374,232,77,77,,3278714252147,
2026-08-18 23:35:14.719,pulse_batch,x,,,,,4,,1506,378,236,77,77,,3278736503339,
2026-08-18 23:35:14.739,pulse_batch,x,,,,,4,,1510,382,240,77,77,,3278757268963,
2026-08-18 23:35:14.760,pulse_batch,x,,,,,4,,1514,386,244,77,77,,3278777879050,
2026-08-18 23:35:14.781,pulse_batch,x,,,,,4,,1518,390,248,77,77,,3278798510120,
2026-08-18 23:35:14.802,pulse_batch,x,,,,,4,,1522,394,252,77,77,,3278819451076,
2026-08-18 23:35:14.822,pulse_batch,x,,,,,4,,1526,398,256,77,77,,3278840085627,
2026-08-18 23:35:14.843,pulse_batch,x,,,,,4,,1530,402,260,77,77,,3278860650418,
2026-08-18 23:35:14.865,pulse_batch,x,,,,,4,,1534,406,264,77,77,,3278882791017,
2026-08-18 23:35:14.886,pulse_batch,x,,,,,4,,1538,410,268,77,77,,3278903408253,
2026-08-18 23:35:14.906,pulse_batch,x,,,,,4,,1542,414,272,77,77,,3278924135803,
2026-08-18 23:35:14.927,pulse_batch,x,,,,,4,,1546,418,276,77,77,,3278944892224,
2026-08-18 23:35:14.948,pulse_batch,x,,,,,4,,1550,422,280,77,77,,3278965801607,
2026-08-18 23:35:14.969,pulse_batch,x,,,,,4,,1554,426,284,77,77,,3278986363472,
2026-08-18 23:35:14.991,pulse_batch,x,,,,,4,,1558,430,288,77,77,,3279008382609,
2026-08-18 23:35:15.015,pulse_batch,x,,,,,4,,1562,434,292,77,77,,3279033103307,
2026-08-18 23:35:15.036,pulse_batch,x,,,,,4,,1566,438,296,77,77,,3279053640080,
2026-08-18 23:35:15.058,pulse_batch,x,,,,,4,,1570,442,300,77,77,,3279075862420,
2026-08-18 23:35:15.079,pulse_batch,x,,,,,4,,1574,446,304,77,77,,3279096540341,
2026-08-18 23:35:15.099,pulse_batch,x,,,,,4,,1578,450,308,77,77,,3279117197224,
2026-08-18 23:35:15.122,pulse_batch,x,,,,,4,,1582,454,312,77,77,,3279139713359,
2026-08-18 23:35:15.146,pulse_batch,x,,,,,4,,1586,458,316,77,77,,3279163641005,
2026-08-18 23:35:15.166,pulse_batch,x,,,,,4,,1590,462,320,77,77,,3279184170278,
2026-08-18 23:35:15.189,pulse_batch,x,,,,,4,,1594,466,324,77,77,,3279206364692,
2026-08-18 23:35:15.210,pulse_batch,x,,,,,4,,1598,470,328,77,77,,3279228241755,
2026-08-18 23:35:15.233,pulse_batch,x,,,,,4,,1602,474,332,77,77,,3279250690334,
2026-08-18 23:35:15.254,pulse_batch,x,,,,,4,,1606,478,336,77,77,,3279271536143,
2026-08-18 23:35:15.274,pulse_batch,x,,,,,4,,1610,482,340,77,77,,3279292167861,
2026-08-18 23:35:15.295,pulse_batch,x,,,,,4,,1614,486,344,77,77,,3279312723782,
2026-08-18 23:35:15.317,pulse_batch,x,,,,,4,,1618,490,348,77,77,,3279334742196,
2026-08-18 23:35:15.338,pulse_batch,x,,,,,4,,1622,494,352,77,77,,3279355432062,
2026-08-18 23:35:15.358,pulse_batch,x,,,,,4,,1626,498,356,77,77,,3279375998427,
2026-08-18 23:35:15.379,pulse_batch,x,,,,,4,,1630,502,360,77,77,,3279396546645,
2026-08-18 23:35:15.400,pulse_batch,x,,,,,4,,1634,506,364,77,77,,3279417368973,
2026-08-18 23:35:15.420,pulse_batch,x,,,,,4,,1638,510,368,77,77,,3279438167634,
2026-08-18 23:35:15.441,pulse_batch,x,,,,,4,,1642,514,372,77,77,,3279458716648,
2026-08-18 23:35:15.463,pulse_batch,x,,,,,4,,1646,518,376,77,77,,3279480765895,
2026-08-18 23:35:15.484,pulse_batch,x,,,,,4,,1650,522,380,77,77,,3279501407631,
2026-08-18 23:35:15.504,pulse_batch,x,,,,,4,,1654,526,384,77,77,,3279521952775,
2026-08-18 23:35:15.525,pulse_batch,x,,,,,4,,1658,530,388,77,77,,3279542664455,
2026-08-18 23:35:15.546,pulse_batch,x,,,,,4,,1662,534,392,77,77,,3279563391597,
2026-08-18 23:35:15.566,pulse_batch,x,,,,,4,,1666,538,396,77,77,,3279583916186,
2026-08-18 23:35:15.589,pulse_batch,x,,,,,4,,1670,542,400,77,77,,3279606486005,
2026-08-18 23:35:15.610,pulse_batch,x,,,,,4,,1674,546,404,77,77,,3279627298277,
2026-08-18 23:35:15.630,pulse_batch,x,,,,,4,,1678,550,408,77,77,,3279647856754,
2026-08-18 23:35:15.651,pulse_batch,x,,,,,4,,1682,554,412,77,77,,3279668524656,
2026-08-18 23:35:15.672,pulse_batch,x,,,,,4,,1686,558,416,77,77,,3279689330076,
2026-08-18 23:35:15.692,pulse_batch,x,,,,,4,,1690,562,420,77,77,,3279709931460,
2026-08-18 23:35:15.713,pulse_batch,x,,,,,4,,1694,566,424,77,77,,3279730554437,
2026-08-18 23:35:15.734,pulse_batch,x,,,,,4,,1698,570,428,77,77,,3279751376635,
2026-08-18 23:35:15.754,pulse_batch,x,,,,,4,,1702,574,432,77,77,,3279772028760,
2026-08-18 23:35:15.775,pulse_batch,x,,,,,4,,1706,578,436,77,77,,3279792573848,
2026-08-18 23:35:15.797,pulse_batch,x,,,,,4,,1710,582,440,77,77,,3279814998390,
2026-08-18 23:35:15.820,pulse_batch,x,,,,,4,,1714,586,444,77,77,,3279838087485,
2026-08-18 23:35:15.841,pulse_batch,x,,,,,4,,1718,590,448,77,77,,3279858646147,
2026-08-18 23:35:15.864,pulse_batch,x,,,,,4,,1722,594,452,77,77,,3279881355280,
2026-08-18 23:35:15.884,pulse_batch,x,,,,,4,,1726,598,456,77,77,,3279901997183,
2026-08-18 23:35:15.905,pulse_batch,x,,,,,4,,1730,602,460,77,77,,3279922532160,
2026-08-18 23:35:15.926,pulse_batch,x,,,,,4,,1734,606,464,77,77,,3279943686097,
2026-08-18 23:35:15.947,pulse_batch,x,,,,,4,,1738,610,468,77,77,,3279964484832,
2026-08-18 23:35:15.967,pulse_batch,x,,,,,4,,1742,614,472,77,77,,3279985041475,
2026-08-18 23:35:15.989,pulse_batch,x,,,,,4,,1746,618,476,77,77,,3280006996149,
2026-08-18 23:35:16.010,pulse_batch,x,,,,,4,,1750,622,480,77,77,,3280027889273,
2026-08-18 23:35:16.031,pulse_batch,x,,,,,4,,1754,626,484,77,77,,3280048426657,
2026-08-18 23:35:16.053,pulse_batch,x,,,,,4,,1758,630,488,77,77,,3280070952588,
2026-08-18 23:35:16.074,pulse_batch,x,,,,,4,,1762,634,492,77,77,,3280091638916,
2026-08-18 23:35:16.094,pulse_batch,x,,,,,4,,1766,638,496,77,77,,3280112200949,
2026-08-18 23:35:16.115,pulse_batch,x,,,,,4,,1770,642,500,77,77,,3280132954962,
2026-08-18 23:35:16.136,pulse_batch,x,,,,,4,,1774,646,504,77,77,,3280153745549,
2026-08-18 23:35:16.157,pulse_batch,x,,,,,4,,1778,650,508,77,77,,3280174349877,
2026-08-18 23:35:16.177,pulse_batch,x,,,,,4,,1782,654,512,77,77,,3280194890651,
2026-08-18 23:35:16.198,pulse_batch,x,,,,,4,,1786,658,516,77,77,,3280215650756,
2026-08-18 23:35:16.219,pulse_batch,x,,,,,4,,1790,662,520,77,77,,3280236560880,
2026-08-18 23:35:16.239,pulse_batch,x,,,,,4,,1794,666,524,77,77,,3280257135986,
2026-08-18 23:35:16.261,pulse_batch,x,,,,,4,,1798,670,528,77,77,,3280278911698,
2026-08-18 23:35:16.284,pulse_batch,x,,,,,4,,1802,674,532,77,77,,3280301885460,
2026-08-18 23:35:16.305,pulse_batch,x,,,,,4,,1806,678,536,77,77,,3280322411678,
2026-08-18 23:35:16.326,pulse_batch,x,,,,,4,,1810,682,540,77,77,,3280343482356,
2026-08-18 23:35:16.346,pulse_batch,x,,,,,4,,1814,686,544,77,77,,3280364248314,
2026-08-18 23:35:16.367,pulse_batch,x,,,,,4,,1818,690,548,77,77,,3280384830439,
2026-08-18 23:35:16.390,pulse_batch,x,,,,,4,,1822,694,552,77,77,,3280407282110,
2026-08-18 23:35:16.410,pulse_batch,x,,,,,4,,1826,698,556,77,77,,3280428046660,
2026-08-18 23:35:16.431,pulse_batch,x,,,,,4,,1830,702,560,77,77,,3280448636082,
2026-08-18 23:35:16.452,pulse_batch,x,,,,,4,,1834,706,564,77,77,,3280469304465,
2026-08-18 23:35:16.472,pulse_batch,x,,,,,4,,1838,710,568,77,77,,3280490038627,
2026-08-18 23:35:16.493,pulse_batch,x,,,,,4,,1842,714,572,77,77,,3280510612363,
2026-08-18 23:35:16.513,pulse_batch,x,,,,,4,,1846,718,576,77,77,,3280531185877,
2026-08-18 23:35:16.535,pulse_batch,x,,,,,4,,1850,722,580,77,77,,3280552375240,
2026-08-18 23:35:16.555,pulse_batch,x,,,,,4,,1854,726,584,77,77,,3280573013142,
2026-08-18 23:35:16.576,pulse_batch,x,,,,,4,,1858,730,588,77,77,,3280593551990,
2026-08-18 23:35:16.598,pulse_batch,x,,,,,4,,1862,734,592,77,77,,3280615369498,
2026-08-18 23:35:16.618,pulse_batch,x,,,,,4,,1866,738,596,77,77,,3280636054733,
2026-08-18 23:35:16.639,pulse_batch,x,,,,,4,,1870,742,600,77,77,,3280656553618,
2026-08-18 23:35:16.660,pulse_batch,x,,,,,4,,1874,746,604,77,77,,3280677372890,
2026-08-18 23:35:16.680,pulse_batch,x,,,,,4,,1878,750,608,77,77,,3280698051589,
2026-08-18 23:35:16.701,pulse_batch,x,,,,,4,,1882,754,612,77,77,,3280718615029,
2026-08-18 23:35:16.722,pulse_batch,x,,,,,4,,1886,758,616,77,77,,3280739382986,
2026-08-18 23:35:16.742,pulse_batch,x,,,,,4,,1890,762,620,77,77,,3280760134036,
2026-08-18 23:35:16.763,pulse_batch,x,,,,,4,,1894,766,624,77,77,,3280780726920,
2026-08-18 23:35:16.786,pulse_batch,x,,,,,4,,1898,770,628,77,77,,3280804133254,
2026-08-18 23:35:16.810,pulse_batch,x,,,,,4,,1902,774,632,77,77,,3280827860624,
2026-08-18 23:35:16.831,pulse_batch,x,,,,,4,,1906,778,636,77,77,,3280848569452,
2026-08-18 23:35:16.852,pulse_batch,x,,,,,4,,1910,782,640,77,77,,3280869803759,
2026-08-18 23:35:16.873,pulse_batch,x,,,,,4,,1914,786,644,77,77,,3280890582494,
2026-08-18 23:35:16.893,pulse_batch,x,,,,,4,,1918,790,648,77,77,,3280911244804,
2026-08-18 23:35:16.914,pulse_batch,x,,,,,4,,1922,794,652,77,77,,3280932161538,
2026-08-18 23:35:16.937,pulse_batch,x,,,,,4,,1926,798,656,77,77,,3280954830561,
2026-08-18 23:35:16.958,pulse_batch,x,,,,,4,,1930,802,660,77,77,,3280975464260,
2026-08-18 23:35:16.978,pulse_batch,x,,,,,4,,1934,806,664,77,77,,3280996040922,
2026-08-18 23:35:17.002,pulse_batch,x,,,,,4,,1938,810,668,77,77,,3281020119864,
2026-08-18 23:35:17.023,pulse_batch,x,,,,,4,,1942,814,672,77,77,,3281040727081,
2026-08-18 23:35:17.044,pulse_batch,x,,,,,4,,1946,818,676,77,77,,3281061382261,
2026-08-18 23:35:17.065,pulse_batch,x,,,,,4,,1950,822,680,77,77,,3281082446366,
2026-08-18 23:35:17.085,pulse_batch,x,,,,,4,,1954,826,684,77,77,,3281103116509,
2026-08-18 23:35:17.106,pulse_batch,x,,,,,4,,1958,830,688,77,77,,3281123639893,
2026-08-18 23:35:17.127,pulse_batch,x,,,,,4,,1962,834,692,77,77,,3281144411647,
2026-08-18 23:35:17.147,pulse_batch,x,,,,,4,,1966,838,696,77,77,,3281165145475,
2026-08-18 23:35:17.168,pulse_batch,x,,,,,4,,1970,842,700,77,77,,3281185748693,
2026-08-18 23:35:17.191,pulse_batch,x,,,,,4,,1974,846,704,77,77,,3281208784121,
2026-08-18 23:35:17.214,pulse_batch,x,,,,,4,,1978,850,708,77,77,,3281231475495,
2026-08-18 23:35:17.234,pulse_batch,x,,,,,4,,1982,854,712,77,77,,3281252164897,
2026-08-18 23:35:17.255,pulse_batch,x,,,,,4,,1986,858,716,77,77,,3281272948059,
2026-08-18 23:35:17.278,pulse_batch,x,,,,,4,,1990,862,720,77,77,,3281296177745,
2026-08-18 23:35:17.299,pulse_batch,x,,,,,4,,1994,866,724,77,77,,3281316827944,
2026-08-18 23:35:17.322,pulse_batch,x,,,,,4,,1998,870,728,77,77,,3281340114112,
2026-08-18 23:35:17.343,pulse_batch,x,,,,,4,,2002,874,732,77,77,,3281361194809,
2026-08-18 23:35:17.364,pulse_batch,x,,,,,4,,2006,878,736,77,77,,3281381936137,
2026-08-18 23:35:17.386,pulse_batch,x,,,,,4,,2010,882,740,77,77,,3281403606664,
2026-08-18 23:35:17.409,pulse_batch,x,,,,,4,,2014,886,744,77,77,,3281426764499,
2026-08-18 23:35:17.430,pulse_batch,x,,,,,4,,2018,890,748,77,77,,3281447398550,
2026-08-18 23:35:17.451,pulse_batch,x,,,,,4,,2022,894,752,77,77,,3281469109706,
2026-08-18 23:35:17.472,pulse_batch,x,,,,,3,,2025,897,755,77,77,,3281489438333,
2026-08-18 23:35:17.492,pulse_batch,x,,,,,4,,2029,901,759,77,77,,3281510088476,
2026-08-18 23:35:17.513,pulse_batch,x,,,,,4,,2033,905,763,77,77,,3281530693712,
2026-08-18 23:35:17.527,pulse_batch,x,,,,,2,,2035,907,765,77,77,,3281544714738,
2026-08-18 23:35:17.527,continuous_stop,x,,,,,,1,2035,907,765,77,77,,3281544977385,
2026-08-18 23:35:18.723,continuous_start,x,,,,,,1,2035,907,765,77,77,,3282740876814,
2026-08-18 23:35:18.726,pulse_batch,x,,,,,1,,2036,908,766,77,77,,3282743650967,
2026-08-18 23:35:18.749,pulse_batch,x,,,,,4,,2040,912,770,77,77,,3282766358749,
2026-08-18 23:35:18.769,pulse_batch,x,,,,,4,,2044,916,774,77,77,,3282786919430,
2026-08-18 23:35:18.789,pulse_batch,x,,,,,3,,2047,919,777,77,77,,3282806339227,
2026-08-18 23:35:18.789,continuous_stop,x,,,,,,1,2047,919,777,77,77,,3282806603707,
2026-08-18 23:35:19.924,continuous_start,y,,,,,,-1,424,424,0,4,4,,3283941735036,
2026-08-18 23:35:19.927,pulse_batch,y,,,,,-1,,425,423,0,3,4,,3283944552745,
2026-08-18 23:35:19.948,pulse_batch,y,,,,,-4,,429,419,-1,0,4,,3283965278091,
2026-08-18 23:35:19.968,pulse_batch,y,,,,,-4,,433,415,-5,0,4,,3283985986994,
2026-08-18 23:35:19.990,pulse_batch,y,,,,,-4,,437,411,-9,0,4,,3284008148445,
2026-08-18 23:35:19.993,continuous_stop,y,,,,,,-1,437,411,-9,0,4,,3284010728914,
2026-08-18 23:35:20.524,continuous_start,y,,,,,,-1,437,411,-9,0,4,,3284541439855,
2026-08-18 23:35:20.527,pulse_batch,y,,,,,-1,,438,410,-10,0,4,,3284544311415,
2026-08-18 23:35:20.547,pulse_batch,y,,,,,-4,,442,406,-14,0,4,,3284565083317,
2026-08-18 23:35:20.568,pulse_batch,y,,,,,-4,,446,402,-18,0,4,,3284585667257,
2026-08-18 23:35:20.589,pulse_batch,y,,,,,-4,,450,398,-22,0,4,,3284606630751,
2026-08-18 23:35:20.610,pulse_batch,y,,,,,-4,,454,394,-26,0,4,,3284627457986,
2026-08-18 23:35:20.630,pulse_batch,y,,,,,-4,,458,390,-30,0,4,,3284648061852,
2026-08-18 23:35:20.651,pulse_batch,y,,,,,-4,,462,386,-34,0,4,,3284668636088,
2026-08-18 23:35:20.660,pulse_batch,y,,,,,-1,,463,385,-35,0,4,,3284677848915,
2026-08-18 23:35:20.660,continuous_stop,y,,,,,,-1,463,385,-35,0,4,,3284678101433,
2026-08-18 23:35:21.259,continuous_start,y,,,,,,-1,463,385,-35,0,4,,3285276449203,
2026-08-18 23:35:21.262,pulse_batch,y,,,,,-1,,464,384,-36,0,4,,3285279698336,
2026-08-18 23:35:21.264,continuous_stop,y,,,,,,-1,464,384,-36,0,4,,3285282288546,
2026-08-18 23:35:21.792,continuous_start,y,,,,,,-1,464,384,-36,0,4,,3285810024539,
2026-08-18 23:35:21.795,pulse_batch,y,,,,,-1,,465,383,-37,0,4,,3285813047025,
2026-08-18 23:35:21.816,pulse_batch,y,,,,,-4,,469,379,-41,0,4,,3285833786242,
2026-08-18 23:35:21.837,pulse_batch,y,,,,,-4,,473,375,-45,0,4,,3285854333256,
2026-08-18 23:35:21.858,pulse_batch,y,,,,,-4,,477,371,-49,0,4,,3285876123376,
2026-08-18 23:35:21.861,continuous_stop,y,,,,,,-1,477,371,-49,0,4,,3285878744641,
2026-08-18 23:35:24.196,continuous_start,x,,,,,,1,2047,919,777,77,77,,3288213310473,
2026-08-18 23:35:24.198,pulse_batch,x,,,,,1,,2048,920,778,77,77,,3288216161089,
2026-08-18 23:35:24.219,pulse_batch,x,,,,,4,,2052,924,782,77,77,,3288236839362,
2026-08-18 23:35:24.240,pulse_batch,x,,,,,4,,2056,928,786,77,77,,3288257445876,
2026-08-18 23:35:24.261,pulse_batch,x,,,,,4,,2060,932,790,77,77,,3288278777498,
2026-08-18 23:35:24.264,continuous_stop,x,,,,,,1,2060,932,790,77,77,,3288281366985,
2026-08-18 23:35:26.263,continuous_start,x,,,,,,-1,2060,932,790,77,77,,3290280823811,
2026-08-18 23:35:26.266,pulse_batch,x,,,,,-1,,2061,931,790,76,77,,3290283719223,
2026-08-18 23:35:26.287,pulse_batch,x,,,,,-4,,2065,927,790,72,77,,3290304497366,
2026-08-18 23:35:26.307,pulse_batch,x,,,,,-4,,2069,923,790,68,77,,3290325082714,
2026-08-18 23:35:26.330,pulse_batch,x,,,,,-4,,2073,919,790,64,77,,3290347268258,
2026-08-18 23:35:26.350,pulse_batch,x,,,,,-4,,2077,915,790,60,77,,3290367987493,
2026-08-18 23:35:26.371,pulse_batch,x,,,,,-4,,2081,911,790,56,77,,3290388622285,
2026-08-18 23:35:26.391,pulse_batch,x,,,,,-4,,2085,907,790,52,77,,3290409232651,
2026-08-18 23:35:26.412,pulse_batch,x,,,,,-4,,2089,903,790,48,77,,3290429992091,
2026-08-18 23:35:26.433,pulse_batch,x,,,,,-4,,2093,899,790,44,77,,3290450599179,
2026-08-18 23:35:26.453,pulse_batch,x,,,,,-4,,2097,895,790,40,77,,3290471152897,
2026-08-18 23:35:26.476,pulse_batch,x,,,,,-4,,2101,891,790,36,77,,3290493795827,
2026-08-18 23:35:26.497,pulse_batch,x,,,,,-4,,2105,887,790,32,77,,3290514437434,
2026-08-18 23:35:26.517,pulse_batch,x,,,,,-4,,2109,883,790,28,77,,3290534968948,
2026-08-18 23:35:26.538,pulse_batch,x,,,,,-4,,2113,879,790,24,77,,3290555669703,
2026-08-18 23:35:26.559,pulse_batch,x,,,,,-4,,2117,875,790,20,77,,3290576507512,
2026-08-18 23:35:26.579,pulse_batch,x,,,,,-4,,2121,871,790,16,77,,3290597118952,
2026-08-18 23:35:26.598,pulse_batch,x,,,,,-3,,2124,868,790,13,77,,3290616267436,
2026-08-18 23:35:26.599,continuous_stop,x,,,,,,-1,2124,868,790,13,77,,3290616450361,
2026-08-18 23:35:26.997,continuous_start,x,,,,,,-1,2124,868,790,13,77,,3291014564469,
2026-08-18 23:35:27.000,pulse_batch,x,,,,,-1,,2125,867,790,12,77,,3291017385881,
2026-08-18 23:35:27.020,pulse_batch,x,,,,,-4,,2129,863,790,8,77,,3291038139747,
2026-08-18 23:35:27.041,pulse_batch,x,,,,,-4,,2133,859,790,4,77,,3291058705872,
2026-08-18 23:35:27.062,pulse_batch,x,,,,,-4,,2137,855,790,0,77,,3291079417312,
2026-08-18 23:35:27.083,pulse_batch,x,,,,,-4,,2141,851,786,0,77,,3291100262121,
2026-08-18 23:35:27.103,pulse_batch,x,,,,,-4,,2145,847,782,0,77,,3291120929950,
2026-08-18 23:35:27.124,pulse_batch,x,,,,,-4,,2149,843,778,0,77,,3291141683759,
2026-08-18 23:35:27.133,pulse_batch,x,,,,,-1,,2150,842,777,0,77,,3291150286386,
2026-08-18 23:35:27.133,continuous_stop,x,,,,,,-1,2150,842,777,0,77,,3291150579181,
2026-08-18 23:35:27.464,continuous_start,x,,,,,,-1,2150,842,777,0,77,,3291481610493,
2026-08-18 23:35:27.467,pulse_batch,x,,,,,-1,,2151,841,776,0,77,,3291484496702,
2026-08-18 23:35:27.487,pulse_batch,x,,,,,-4,,2155,837,772,0,77,,3291505159216,
2026-08-18 23:35:27.508,pulse_batch,x,,,,,-4,,2159,833,768,0,77,,3291525739138,
2026-08-18 23:35:27.529,pulse_batch,x,,,,,-4,,2163,829,764,0,77,,3291546394744,
2026-08-18 23:35:27.549,pulse_batch,x,,,,,-4,,2167,825,760,0,77,,3291567178257,
2026-08-18 23:35:27.570,pulse_batch,x,,,,,-4,,2171,821,756,0,77,,3291587748013,
2026-08-18 23:35:27.591,pulse_batch,x,,,,,-4,,2175,817,752,0,77,,3291608371730,
2026-08-18 23:35:27.600,pulse_batch,x,,,,,-1,,2176,816,751,0,77,,3291617591743,
2026-08-18 23:35:27.600,continuous_stop,x,,,,,,-1,2176,816,751,0,77,,3291617784649,
2026-08-18 23:35:27.931,continuous_start,x,,,,,,-1,2176,816,751,0,77,,3291948544963,
2026-08-18 23:35:27.934,pulse_batch,x,,,,,-1,,2177,815,750,0,77,,3291951483653,
2026-08-18 23:35:27.955,pulse_batch,x,,,,,-4,,2181,811,746,0,77,,3291972492887,
2026-08-18 23:35:27.975,pulse_batch,x,,,,,-4,,2185,807,742,0,77,,3291993058735,
2026-08-18 23:35:27.998,pulse_batch,x,,,,,-4,,2189,803,738,0,77,,3292015667481,
2026-08-18 23:35:28.001,continuous_stop,x,,,,,,-1,2189,803,738,0,77,,3292018301487,
2026-08-18 23:35:28.398,continuous_start,x,,,,,,-1,2189,803,738,0,77,,3292415932246,
2026-08-18 23:35:28.401,pulse_batch,x,,,,,-1,,2190,802,737,0,77,,3292418836084,
2026-08-18 23:35:28.422,pulse_batch,x,,,,,-4,,2194,798,733,0,77,,3292439584098,
2026-08-18 23:35:28.442,pulse_batch,x,,,,,-4,,2198,794,729,0,77,,3292460108575,
2026-08-18 23:35:28.464,pulse_batch,x,,,,,-4,,2202,790,725,0,77,,3292482109139,
2026-08-18 23:35:28.467,continuous_stop,x,,,,,,-1,2202,790,725,0,77,,3292484719367,
2026-08-18 23:35:28.799,continuous_start,x,,,,,,-1,2202,790,725,0,77,,3292817127322,
2026-08-18 23:35:28.802,pulse_batch,x,,,,,-1,,2203,789,724,0,77,,3292819880050,
2026-08-18 23:35:28.823,pulse_batch,x,,,,,-4,,2207,785,720,0,77,,3292840791063,
2026-08-18 23:35:28.844,pulse_batch,x,,,,,-4,,2211,781,716,0,77,,3292861297244,
2026-08-18 23:35:28.865,pulse_batch,x,,,,,-4,,2215,777,712,0,77,,3292882772624,
2026-08-18 23:35:28.868,continuous_stop,x,,,,,,-1,2215,777,712,0,77,,3292885389631,
2026-08-18 23:35:30.067,continuous_start,y,,,,,,-1,477,371,-49,0,4,,3294084482178,
2026-08-18 23:35:30.069,pulse_batch,y,,,,,-1,,478,370,-50,0,4,,3294087278702,
2026-08-18 23:35:30.091,pulse_batch,y,,,,,-4,,482,366,-54,0,4,,3294108583583,
2026-08-18 23:35:30.111,pulse_batch,y,,,,,-4,,486,362,-58,0,4,,3294129160542,
2026-08-18 23:35:30.132,pulse_batch,y,,,,,-3,,489,359,-61,0,4,,3294150137480,
2026-08-18 23:35:30.133,continuous_stop,y,,,,,,-1,489,359,-61,0,4,,3294150551127,
2026-08-18 23:35:33.070,continuous_start,y,,,,,,1,489,359,-61,0,4,,3297087213774,
2026-08-18 23:35:33.072,pulse_batch,y,,,,,1,,490,360,-61,1,4,,3297090092390,
2026-08-18 23:35:33.093,pulse_batch,y,,,,,4,,494,364,-60,4,4,,3297110737589,
2026-08-18 23:35:33.113,pulse_batch,y,,,,,4,,498,368,-56,4,4,,3297131274919,
2026-08-18 23:35:33.136,pulse_batch,y,,,,,4,,502,372,-52,4,4,,3297153575203,
2026-08-18 23:35:33.138,continuous_stop,y,,,,,,1,502,372,-52,4,4,,3297156182524,
2026-08-18 23:35:33.537,continuous_start,y,,,,,,1,502,372,-52,4,4,,3297554592875,
2026-08-18 23:35:33.540,pulse_batch,y,,,,,1,,503,373,-51,4,4,,3297557439529,
2026-08-18 23:35:33.562,pulse_batch,y,,,,,4,,507,377,-47,4,4,,3297579578906,
2026-08-18 23:35:33.582,pulse_batch,y,,,,,4,,511,381,-43,4,4,,3297600139032,
2026-08-18 23:35:33.602,pulse_batch,y,,,,,3,,514,384,-40,4,4,,3297619435756,
2026-08-18 23:35:33.602,continuous_stop,y,,,,,,1,514,384,-40,4,4,,3297619839717,
2026-08-18 23:35:34.475,continuous_start,y,,,,,,-1,514,384,-40,4,4,,3298492571805,
2026-08-18 23:35:34.478,pulse_batch,y,,,,,-1,,515,383,-40,3,4,,3298495484829,
2026-08-18 23:35:34.499,pulse_batch,y,,,,,-4,,519,379,-41,0,4,,3298516328749,
2026-08-18 23:35:34.519,pulse_batch,y,,,,,-4,,523,375,-45,0,4,,3298536964116,
2026-08-18 23:35:34.540,pulse_batch,y,,,,,-4,,527,371,-49,0,4,,3298557779351,
2026-08-18 23:35:34.543,continuous_stop,y,,,,,,-1,527,371,-49,0,4,,3298560426357,
2026-08-18 23:35:36.202,point_saved,x,1,stored,,,,-1,,777,712,0,77,712,,
2026-08-18 23:35:36.202,point_saved,y,1,stored,,,,-1,,371,-49,0,4,-49,,
2026-08-18 23:35:37.011,continuous_start,y,,,,,,-1,527,371,-49,0,4,,3301029029701,
2026-08-18 23:35:37.014,pulse_batch,y,,,,,-1,,528,370,-50,0,4,,3301031831429,
2026-08-18 23:35:37.035,pulse_batch,y,,,,,-4,,532,366,-54,0,4,,3301052605739,
2026-08-18 23:35:37.055,pulse_batch,y,,,,,-4,,536,362,-58,0,4,,3301073170791,
2026-08-18 23:35:37.078,pulse_batch,y,,,,,-4,,540,358,-62,0,4,,3301096277442,
2026-08-18 23:35:37.099,pulse_batch,y,,,,,-4,,544,354,-66,0,4,,3301116981363,
2026-08-18 23:35:37.120,pulse_batch,y,,,,,-4,,548,350,-70,0,4,,3301137666081,
2026-08-18 23:35:37.144,pulse_batch,y,,,,,-4,,552,346,-74,0,4,,3301161379747,
2026-08-18 23:35:37.164,pulse_batch,y,,,,,-4,,556,342,-78,0,4,,3301182049650,
2026-08-18 23:35:37.185,pulse_batch,y,,,,,-4,,560,338,-82,0,4,,3301202670332,
2026-08-18 23:35:37.206,pulse_batch,y,,,,,-4,,564,334,-86,0,4,,3301224182564,
2026-08-18 23:35:37.227,pulse_batch,y,,,,,-4,,568,330,-90,0,4,,3301244965096,
2026-08-18 23:35:37.248,pulse_batch,y,,,,,-4,,572,326,-94,0,4,,3301265781387,
2026-08-18 23:35:37.269,pulse_batch,y,,,,,-4,,576,322,-98,0,4,,3301286842270,
2026-08-18 23:35:37.291,pulse_batch,y,,,,,-4,,580,318,-102,0,4,,3301308653112,
2026-08-18 23:35:37.312,pulse_batch,y,,,,,-4,,584,314,-106,0,4,,3301329289942,
2026-08-18 23:35:37.332,pulse_batch,y,,,,,-4,,588,310,-110,0,4,,3301349965159,
2026-08-18 23:35:37.342,pulse_batch,y,,,,,-1,,589,309,-111,0,4,,3301359921224,
2026-08-18 23:35:37.343,continuous_stop,y,,,,,,-1,589,309,-111,0,4,,3301360412518,
2026-08-18 23:35:37.877,continuous_start,y,,,,,,-1,589,309,-111,0,4,,3301894333477,
2026-08-18 23:35:37.879,pulse_batch,y,,,,,-1,,590,308,-112,0,4,,3301897201371,
2026-08-18 23:35:37.900,pulse_batch,y,,,,,-4,,594,304,-116,0,4,,3301917900459,
2026-08-18 23:35:37.921,pulse_batch,y,,,,,-4,,598,300,-120,0,4,,3301938540289,
2026-08-18 23:35:37.942,pulse_batch,y,,,,,-4,,602,296,-124,0,4,,3301959858096,
2026-08-18 23:35:37.945,continuous_stop,y,,,,,,-1,602,296,-124,0,4,,3301962719138,
2026-08-18 23:35:38.411,continuous_start,y,,,,,,-1,602,296,-124,0,4,,3302428658491,
2026-08-18 23:35:38.414,pulse_batch,y,,,,,-1,,603,295,-125,0,4,,3302431527681,
2026-08-18 23:35:38.435,pulse_batch,y,,,,,-4,,607,291,-129,0,4,,3302452873989,
2026-08-18 23:35:38.456,pulse_batch,y,,,,,-4,,611,287,-133,0,4,,3302473502392,
2026-08-18 23:35:38.477,pulse_batch,y,,,,,-4,,615,283,-137,0,4,,3302494278072,
2026-08-18 23:35:38.479,continuous_stop,y,,,,,,-1,615,283,-137,0,4,,3302496882968,
2026-08-18 23:35:40.270,point_saved,x,2,stored,,,,-1,,777,712,0,77,712,,
2026-08-18 23:35:40.270,point_saved,y,2,stored,,,,-1,,283,-137,0,4,-137,,
2026-08-18 23:35:41.011,continuous_start,y,,,,,,-1,615,283,-137,0,4,,3305028860845,
2026-08-18 23:35:41.014,pulse_batch,y,,,,,-1,,616,282,-138,0,4,,3305031643332,
2026-08-18 23:35:41.035,pulse_batch,y,,,,,-4,,620,278,-142,0,4,,3305052363420,
2026-08-18 23:35:41.055,pulse_batch,y,,,,,-4,,624,274,-146,0,4,,3305072899046,
2026-08-18 23:35:41.077,pulse_batch,y,,,,,-4,,628,270,-150,0,4,,3305094559426,
2026-08-18 23:35:41.098,pulse_batch,y,,,,,-4,,632,266,-154,0,4,,3305115305774,
2026-08-18 23:35:41.118,pulse_batch,y,,,,,-4,,636,262,-158,0,4,,3305135879455,
2026-08-18 23:35:41.139,pulse_batch,y,,,,,-4,,640,258,-162,0,4,,3305156451414,
2026-08-18 23:35:41.159,pulse_batch,y,,,,,-4,,644,254,-166,0,4,,3305177209224,
2026-08-18 23:35:41.180,pulse_batch,y,,,,,-4,,648,250,-170,0,4,,3305197786406,
2026-08-18 23:35:41.201,pulse_batch,y,,,,,-4,,652,246,-174,0,4,,3305218380032,
2026-08-18 23:35:41.221,pulse_batch,y,,,,,-4,,656,242,-178,0,4,,3305239065898,
2026-08-18 23:35:41.242,pulse_batch,y,,,,,-4,,660,238,-182,0,4,,3305259855374,
2026-08-18 23:35:41.263,pulse_batch,y,,,,,-4,,664,234,-186,0,4,,3305280379278,
2026-08-18 23:35:41.285,pulse_batch,y,,,,,-4,,668,230,-190,0,4,,3305302555378,
2026-08-18 23:35:41.306,pulse_batch,y,,,,,-4,,672,226,-194,0,4,,3305323467725,
2026-08-18 23:35:41.326,pulse_batch,y,,,,,-4,,676,222,-198,0,4,,3305343997203,
2026-08-18 23:35:41.347,pulse_batch,y,,,,,-4,,680,218,-202,0,4,,3305364737087,
2026-08-18 23:35:41.368,pulse_batch,y,,,,,-4,,684,214,-206,0,4,,3305385408416,
2026-08-18 23:35:41.388,pulse_batch,y,,,,,-4,,688,210,-210,0,4,,3305405935468,
2026-08-18 23:35:41.409,pulse_batch,y,,,,,-4,,692,206,-214,0,4,,3305426683890,
2026-08-18 23:35:41.430,pulse_batch,y,,,,,-4,,696,202,-218,0,4,,3305447395089,
2026-08-18 23:35:41.450,pulse_batch,y,,,,,-4,,700,198,-222,0,4,,3305467961419,
2026-08-18 23:35:41.471,pulse_batch,y,,,,,-4,,704,194,-226,0,4,,3305488743099,
2026-08-18 23:35:41.493,pulse_batch,y,,,,,-4,,708,190,-230,0,4,,3305510859532,
2026-08-18 23:35:41.514,pulse_batch,y,,,,,-4,,712,186,-234,0,4,,3305531502751,
2026-08-18 23:35:41.534,pulse_batch,y,,,,,-4,,716,182,-238,0,4,,3305552054358,
2026-08-18 23:35:41.555,pulse_batch,y,,,,,-4,,720,178,-242,0,4,,3305572936353,
2026-08-18 23:35:41.576,pulse_batch,y,,,,,-4,,724,174,-246,0,4,,3305593538497,
2026-08-18 23:35:41.596,pulse_batch,y,,,,,-4,,728,170,-250,0,4,,3305614052290,
2026-08-18 23:35:41.619,pulse_batch,y,,,,,-4,,732,166,-254,0,4,,3305637144460,
2026-08-18 23:35:41.640,pulse_batch,y,,,,,-4,,736,162,-258,0,4,,3305657767215,
2026-08-18 23:35:41.660,pulse_batch,y,,,,,-4,,740,158,-262,0,4,,3305678287897,
2026-08-18 23:35:41.683,pulse_batch,y,,,,,-4,,744,154,-266,0,4,,3305701135401,
2026-08-18 23:35:41.704,pulse_batch,y,,,,,-4,,748,150,-270,0,4,,3305721880322,
2026-08-18 23:35:41.725,pulse_batch,y,,,,,-4,,752,146,-274,0,4,,3305742402374,
2026-08-18 23:35:41.747,pulse_batch,y,,,,,-4,,756,142,-278,0,4,,3305764527956,
2026-08-18 23:35:41.768,pulse_batch,y,,,,,-4,,760,138,-282,0,4,,3305785340136,
2026-08-18 23:35:41.788,pulse_batch,y,,,,,-4,,764,134,-286,0,4,,3305805904021,
2026-08-18 23:35:41.809,pulse_batch,y,,,,,-4,,768,130,-290,0,4,,3305826721405,
2026-08-18 23:35:41.833,pulse_batch,y,,,,,-4,,772,126,-294,0,4,,3305850510757,
2026-08-18 23:35:41.853,pulse_batch,y,,,,,-4,,776,122,-298,0,4,,3305871092179,
2026-08-18 23:35:41.875,pulse_batch,y,,,,,-4,,780,118,-302,0,4,,3305892883670,
2026-08-18 23:35:41.898,pulse_batch,y,,,,,-4,,784,114,-306,0,4,,3305916078079,
2026-08-18 23:35:41.919,pulse_batch,y,,,,,-4,,788,110,-310,0,4,,3305936700113,
2026-08-18 23:35:41.945,pulse_batch,y,,,,,-4,,792,106,-314,0,4,,3305962261993,
2026-08-18 23:35:41.966,pulse_batch,y,,,,,-4,,796,102,-318,0,4,,3305983895521,
2026-08-18 23:35:41.987,pulse_batch,y,,,,,-4,,800,98,-322,0,4,,3306004462795,
2026-08-18 23:35:42.009,pulse_batch,y,,,,,-4,,804,94,-326,0,4,,3306026745339,
2026-08-18 23:35:42.030,pulse_batch,y,,,,,-4,,808,90,-330,0,4,,3306047433372,
2026-08-18 23:35:42.050,pulse_batch,y,,,,,-4,,812,86,-334,0,4,,3306068042183,
2026-08-18 23:35:42.075,pulse_batch,y,,,,,-4,,816,82,-338,0,4,,3306092481124,
2026-08-18 23:35:42.077,continuous_stop,y,,,,,,-1,816,82,-338,0,4,,3306095232593,
2026-08-18 23:35:42.412,continuous_start,y,,,,,,-1,816,82,-338,0,4,,3306429366454,
2026-08-18 23:35:42.414,pulse_batch,y,,,,,-1,,817,81,-339,0,4,,3306432150756,
2026-08-18 23:35:42.435,pulse_batch,y,,,,,-4,,821,77,-343,0,4,,3306453112010,
2026-08-18 23:35:42.456,pulse_batch,y,,,,,-4,,825,73,-347,0,4,,3306473662525,
2026-08-18 23:35:42.477,pulse_batch,y,,,,,-4,,829,69,-351,0,4,,3306494335595,
2026-08-18 23:35:42.497,pulse_batch,y,,,,,-4,,833,65,-355,0,4,,3306515122979,
2026-08-18 23:35:42.518,pulse_batch,y,,,,,-4,,837,61,-359,0,4,,3306535800845,
2026-08-18 23:35:42.539,pulse_batch,y,,,,,-4,,841,57,-363,0,4,,3306556397267,
2026-08-18 23:35:42.547,pulse_batch,y,,,,,-1,,842,56,-364,0,4,,3306564998560,
2026-08-18 23:35:42.547,continuous_stop,y,,,,,,-1,842,56,-364,0,4,,3306565302040,
2026-08-18 23:35:43.480,continuous_start,y,,,,,,1,842,56,-364,0,4,,3307497465196,
2026-08-18 23:35:43.483,pulse_batch,y,,,,,1,,843,57,-364,1,4,,3307500306016,
2026-08-18 23:35:43.503,pulse_batch,y,,,,,4,,847,61,-363,4,4,,3307521064956,
2026-08-18 23:35:43.524,pulse_batch,y,,,,,4,,851,65,-359,4,4,,3307541612175,
2026-08-18 23:35:43.546,pulse_batch,y,,,,,4,,855,69,-355,4,4,,3307563321055,
2026-08-18 23:35:43.548,continuous_stop,y,,,,,,1,855,69,-355,4,4,,3307565945209,
2026-08-18 23:35:45.278,point_saved,x,3,stored,,,,-1,,777,712,0,77,712,,
2026-08-18 23:35:45.278,point_saved,y,3,stored,,,,1,,69,-355,4,4,-355,,
2026-08-18 23:35:46.083,continuous_start,x,,,,,,-1,2215,777,712,0,77,,3310100651409,
2026-08-18 23:35:46.086,pulse_batch,x,,,,,-1,,2216,776,711,0,77,,3310103380896,
2026-08-18 23:35:46.109,pulse_batch,x,,,,,-4,,2220,772,707,0,77,,3310126359807,
2026-08-18 23:35:46.129,pulse_batch,x,,,,,-4,,2224,768,703,0,77,,3310146895322,
2026-08-18 23:35:46.153,pulse_batch,x,,,,,-4,,2228,764,699,0,77,,3310171146672,
2026-08-18 23:35:46.174,pulse_batch,x,,,,,-4,,2232,760,695,0,77,,3310191806853,
2026-08-18 23:35:46.195,pulse_batch,x,,,,,-4,,2236,756,691,0,77,,3310212451886,
2026-08-18 23:35:46.216,pulse_batch,x,,,,,-4,,2240,752,687,0,77,,3310233320455,
2026-08-18 23:35:46.238,pulse_batch,x,,,,,-4,,2244,748,683,0,77,,3310255574999,
2026-08-18 23:35:46.258,pulse_batch,x,,,,,-4,,2248,744,679,0,77,,3310276131014,
2026-08-18 23:35:46.280,pulse_batch,x,,,,,-4,,2252,740,675,0,77,,3310297853413,
2026-08-18 23:35:46.301,pulse_batch,x,,,,,-4,,2256,736,671,0,77,,3310318711426,
2026-08-18 23:35:46.322,pulse_batch,x,,,,,-4,,2260,732,667,0,77,,3310339295978,
2026-08-18 23:35:46.342,pulse_batch,x,,,,,-4,,2264,728,663,0,77,,3310359961585,
2026-08-18 23:35:46.364,pulse_batch,x,,,,,-4,,2268,724,659,0,77,,3310382079074,
2026-08-18 23:35:46.385,pulse_batch,x,,,,,-4,,2272,720,655,0,77,,3310402702145,
2026-08-18 23:35:46.406,pulse_batch,x,,,,,-4,,2276,716,651,0,77,,3310423271900,
2026-08-18 23:35:46.426,pulse_batch,x,,,,,-4,,2280,712,647,0,77,,3310444095396,
2026-08-18 23:35:46.447,pulse_batch,x,,,,,-4,,2284,708,643,0,77,,3310464708410,
2026-08-18 23:35:46.467,pulse_batch,x,,,,,-4,,2288,704,639,0,77,,3310485230352,
2026-08-18 23:35:46.490,pulse_batch,x,,,,,-4,,2292,700,635,0,77,,3310508222059,
2026-08-18 23:35:46.511,pulse_batch,x,,,,,-4,,2296,696,631,0,77,,3310529069258,
2026-08-18 23:35:46.532,pulse_batch,x,,,,,-4,,2300,692,627,0,77,,3310549577180,
2026-08-18 23:35:46.554,pulse_batch,x,,,,,-4,,2304,688,623,0,77,,3310571603189,
2026-08-18 23:35:46.575,pulse_batch,x,,,,,-4,,2308,684,619,0,77,,3310592334869,
2026-08-18 23:35:46.595,pulse_batch,x,,,,,-4,,2312,680,615,0,77,,3310612907755,
2026-08-18 23:35:46.616,pulse_batch,x,,,,,-4,,2316,676,611,0,77,,3310633592825,
2026-08-18 23:35:46.637,pulse_batch,x,,,,,-4,,2320,672,607,0,77,,3310654287154,
2026-08-18 23:35:46.657,pulse_batch,x,,,,,-4,,2324,668,603,0,77,,3310674880317,
2026-08-18 23:35:46.678,pulse_batch,x,,,,,-4,,2328,664,599,0,77,,3310695472221,
2026-08-18 23:35:46.699,pulse_batch,x,,,,,-4,,2332,660,595,0,77,,3310716307438,
2026-08-18 23:35:46.719,pulse_batch,x,,,,,-4,,2336,656,591,0,77,,3310736914212,
2026-08-18 23:35:46.740,pulse_batch,x,,,,,-4,,2340,652,587,0,77,,3310757519782,
2026-08-18 23:35:46.762,pulse_batch,x,,,,,-4,,2344,648,583,0,77,,3310780053566,
2026-08-18 23:35:46.783,pulse_batch,x,,,,,-4,,2348,644,579,0,77,,3310800632785,
2026-08-18 23:35:46.804,pulse_batch,x,,,,,-4,,2352,640,575,0,77,,3310821649353,
2026-08-18 23:35:46.826,pulse_batch,x,,,,,-4,,2356,636,571,0,77,,3310843792490,
2026-08-18 23:35:46.849,pulse_batch,x,,,,,-4,,2360,632,567,0,77,,3310866401551,
2026-08-18 23:35:46.869,pulse_batch,x,,,,,-4,,2364,628,563,0,77,,3310886970029,
2026-08-18 23:35:46.890,pulse_batch,x,,,,,-4,,2368,624,559,0,77,,3310907903876,
2026-08-18 23:35:46.911,pulse_batch,x,,,,,-4,,2372,620,555,0,77,,3310929038147,
2026-08-18 23:35:46.932,pulse_batch,x,,,,,-4,,2376,616,551,0,77,,3310949581181,
2026-08-18 23:35:46.954,pulse_batch,x,,,,,-4,,2380,612,547,0,77,,3310971911780,
2026-08-18 23:35:46.975,pulse_batch,x,,,,,-4,,2384,608,543,0,77,,3310993011941,
2026-08-18 23:35:46.996,pulse_batch,x,,,,,-4,,2388,604,539,0,77,,3311013631863,
2026-08-18 23:35:47.018,pulse_batch,x,,,,,-4,,2392,600,535,0,77,,3311036077536,
2026-08-18 23:35:47.039,pulse_batch,x,,,,,-4,,2396,596,531,0,77,,3311056697699,
2026-08-18 23:35:47.059,pulse_batch,x,,,,,-4,,2400,592,527,0,77,,3311077267028,
2026-08-18 23:35:47.080,pulse_batch,x,,,,,-4,,2404,588,523,0,77,,3311098093542,
2026-08-18 23:35:47.102,pulse_batch,x,,,,,-4,,2408,584,519,0,77,,3311119653793,
2026-08-18 23:35:47.122,pulse_batch,x,,,,,-4,,2412,580,515,0,77,,3311140231919,
2026-08-18 23:35:47.143,pulse_batch,x,,,,,-4,,2416,576,511,0,77,,3311160982600,
2026-08-18 23:35:47.165,pulse_batch,x,,,,,-4,,2420,572,507,0,77,,3311182974497,
2026-08-18 23:35:47.186,pulse_batch,x,,,,,-4,,2424,568,503,0,77,,3311203571179,
2026-08-18 23:35:47.206,pulse_batch,x,,,,,-4,,2428,564,499,0,77,,3311224182379,
2026-08-18 23:35:47.229,pulse_batch,x,,,,,-4,,2432,560,495,0,77,,3311246822792,
2026-08-18 23:35:47.250,pulse_batch,x,,,,,-4,,2436,556,491,0,77,,3311267499214,
2026-08-18 23:35:47.270,pulse_batch,x,,,,,-4,,2440,552,487,0,77,,3311288048469,
2026-08-18 23:35:47.291,pulse_batch,x,,,,,-4,,2444,548,483,0,77,,3311308827946,
2026-08-18 23:35:47.312,pulse_batch,x,,,,,-4,,2448,544,479,0,77,,3311329599534,
2026-08-18 23:35:47.332,pulse_batch,x,,,,,-4,,2452,540,475,0,77,,3311350138013,
2026-08-18 23:35:47.355,pulse_batch,x,,,,,-4,,2456,536,471,0,77,,3311372507834,
2026-08-18 23:35:47.375,pulse_batch,x,,,,,-4,,2460,532,467,0,77,,3311393187959,
2026-08-18 23:35:47.396,pulse_batch,x,,,,,-4,,2464,528,463,0,77,,3311413764382,
2026-08-18 23:35:47.417,pulse_batch,x,,,,,-4,,2468,524,459,0,77,,3311434571673,
2026-08-18 23:35:47.438,pulse_batch,x,,,,,-4,,2472,520,455,0,77,,3311456064980,
2026-08-18 23:35:47.459,pulse_batch,x,,,,,-4,,2476,516,451,0,77,,3311476630847,
2026-08-18 23:35:47.480,pulse_batch,x,,,,,-4,,2480,512,447,0,77,,3311498179265,
2026-08-18 23:35:47.501,pulse_batch,x,,,,,-4,,2484,508,443,0,77,,3311518980927,
2026-08-18 23:35:47.522,pulse_batch,x,,,,,-4,,2488,504,439,0,77,,3311539528387,
2026-08-18 23:35:47.542,pulse_batch,x,,,,,-4,,2492,500,435,0,77,,3311560099087,
2026-08-18 23:35:47.563,pulse_batch,x,,,,,-4,,2496,496,431,0,77,,3311580897619,
2026-08-18 23:35:47.584,pulse_batch,x,,,,,-4,,2500,492,427,0,77,,3311601477708,
2026-08-18 23:35:47.604,pulse_batch,x,,,,,-4,,2504,488,423,0,77,,3311622062723,
2026-08-18 23:35:47.618,pulse_batch,x,,,,,-2,,2506,486,421,0,77,,3311636216009,
2026-08-18 23:35:47.619,continuous_stop,x,,,,,,-1,2506,486,421,0,77,,3311636402452,
2026-08-18 23:35:47.950,continuous_start,x,,,,,,-1,2506,486,421,0,77,,3311967869329,
2026-08-18 23:35:47.953,pulse_batch,x,,,,,-1,,2507,485,420,0,77,,3311970851649,
2026-08-18 23:35:47.974,pulse_batch,x,,,,,-4,,2511,481,416,0,77,,3311991650533,
2026-08-18 23:35:47.994,pulse_batch,x,,,,,-4,,2515,477,412,0,77,,3312012192900,
2026-08-18 23:35:48.017,pulse_batch,x,,,,,-4,,2519,473,408,0,77,,3312034573777,
2026-08-18 23:35:48.037,pulse_batch,x,,,,,-4,,2523,469,404,0,77,,3312055271162,
2026-08-18 23:35:48.058,pulse_batch,x,,,,,-4,,2527,465,400,0,77,,3312075850066,
2026-08-18 23:35:48.081,pulse_batch,x,,,,,-4,,2531,461,396,0,77,,3312098355738,
2026-08-18 23:35:48.083,continuous_stop,x,,,,,,-1,2531,461,396,0,77,,3312101187281,
2026-08-18 23:35:48.417,continuous_start,x,,,,,,-1,2531,461,396,0,77,,3312435158739,
2026-08-18 23:35:48.420,pulse_batch,x,,,,,-1,,2532,460,395,0,77,,3312437951726,
2026-08-18 23:35:48.441,pulse_batch,x,,,,,-4,,2536,456,391,0,77,,3312458641018,
2026-08-18 23:35:48.461,pulse_batch,x,,,,,-4,,2540,452,387,0,77,,3312479205848,
2026-08-18 23:35:48.484,pulse_batch,x,,,,,-4,,2544,448,383,0,77,,3312501336096,
2026-08-18 23:35:48.486,continuous_stop,x,,,,,,-1,2544,448,383,0,77,,3312503915788,
2026-08-18 23:35:49.485,continuous_start,y,,,,,,-1,855,69,-355,4,4,,3313503037399,
2026-08-18 23:35:49.488,pulse_batch,y,,,,,-1,,856,68,-355,3,4,,3313505792738,
2026-08-18 23:35:49.509,pulse_batch,y,,,,,-4,,860,64,-356,0,4,,3313526712844,
2026-08-18 23:35:49.530,pulse_batch,y,,,,,-4,,864,60,-360,0,4,,3313547299377,
2026-08-18 23:35:49.551,pulse_batch,y,,,,,-4,,868,56,-364,0,4,,3313569188960,
2026-08-18 23:35:49.572,pulse_batch,y,,,,,-4,,872,52,-368,0,4,,3313589874901,
2026-08-18 23:35:49.593,pulse_batch,y,,,,,-4,,876,48,-372,0,4,,3313610445823,
2026-08-18 23:35:49.613,pulse_batch,y,,,,,-4,,880,44,-376,0,4,,3313631111079,
2026-08-18 23:35:49.635,pulse_batch,y,,,,,-4,,884,40,-380,0,4,,3313652351776,
2026-08-18 23:35:49.655,pulse_batch,y,,,,,-4,,888,36,-384,0,4,,3313672894402,
2026-08-18 23:35:49.679,pulse_batch,y,,,,,-4,,892,32,-388,0,4,,3313696568884,
2026-08-18 23:35:49.702,pulse_batch,y,,,,,-4,,896,28,-392,0,4,,3313719625591,
2026-08-18 23:35:49.722,pulse_batch,y,,,,,-4,,900,24,-396,0,4,,3313740232310,
2026-08-18 23:35:49.743,pulse_batch,y,,,,,-4,,904,20,-400,0,4,,3313760866769,
2026-08-18 23:35:49.768,pulse_batch,y,,,,,-4,,908,16,-404,0,4,,3313785380025,
2026-08-18 23:35:49.788,pulse_batch,y,,,,,-4,,912,12,-408,0,4,,3313805999114,
2026-08-18 23:35:49.809,pulse_batch,y,,,,,-4,,916,8,-412,0,4,,3313826559555,
2026-08-18 23:35:49.820,pulse_batch,y,,,,,-1,,917,7,-413,0,4,,3313837323171,
2026-08-18 23:35:49.820,continuous_stop,y,,,,,,-1,917,7,-413,0,4,,3313837645170,
2026-08-18 23:35:50.689,continuous_start,x,,,,,,-1,2544,448,383,0,77,,3314707073184,
2026-08-18 23:35:50.692,pulse_batch,x,,,,,-1,,2545,447,382,0,77,,3314710026319,
2026-08-18 23:35:50.695,continuous_stop,x,,,,,,-1,2545,447,382,0,77,,3314712615825,
2026-08-18 23:35:51.220,continuous_start,x,,,,,,-1,2545,447,382,0,77,,3315237472542,
2026-08-18 23:35:51.223,pulse_batch,x,,,,,-1,,2546,446,381,0,77,,3315240422787,
2026-08-18 23:35:51.225,continuous_stop,x,,,,,,-1,2546,446,381,0,77,,3315242993997,
2026-08-18 23:35:51.887,continuous_start,x,,,,,,-1,2546,446,381,0,77,,3315904983037,
2026-08-18 23:35:51.890,pulse_batch,x,,,,,-1,,2547,445,380,0,77,,3315907878765,
2026-08-18 23:35:51.893,continuous_stop,x,,,,,,-1,2547,445,380,0,77,,3315910459567,
2026-08-18 23:35:52.688,continuous_start,x,,,,,,-1,2547,445,380,0,77,,3316705767468,
2026-08-18 23:35:52.691,pulse_batch,x,,,,,-1,,2548,444,379,0,77,,3316708688843,
2026-08-18 23:35:52.693,continuous_stop,x,,,,,,-1,2548,444,379,0,77,,3316711273053,
2026-08-18 23:35:53.222,continuous_start,x,,,,,,-1,2548,444,379,0,77,,3317240155512,
2026-08-18 23:35:53.225,pulse_batch,x,,,,,-1,,2549,443,378,0,77,,3317243017091,
2026-08-18 23:35:53.249,pulse_batch,x,,,,,-4,,2553,439,374,0,77,,3317266338964,
2026-08-18 23:35:53.269,pulse_batch,x,,,,,-4,,2557,435,370,0,77,,3317286906294,
2026-08-18 23:35:53.288,pulse_batch,x,,,,,-3,,2560,432,367,0,77,,3317306197389,
2026-08-18 23:35:53.289,continuous_stop,x,,,,,,-1,2560,432,367,0,77,,3317306440166,
2026-08-18 23:35:54.290,continuous_start,y,,,,,,-1,917,7,-413,0,4,,3318307647126,
2026-08-18 23:35:54.293,pulse_batch,y,,,,,-1,,918,6,-414,0,4,,3318310376558,
2026-08-18 23:35:54.313,pulse_batch,y,,,,,-4,,922,2,-418,0,4,,3318331087998,
2026-08-18 23:35:54.334,pulse_batch,y,,,,,-4,,926,-2,-422,0,4,,3318351668309,
2026-08-18 23:35:54.356,pulse_batch,y,,,,,-4,,930,-6,-426,0,4,,3318373324338,
2026-08-18 23:35:54.358,continuous_stop,y,,,,,,-1,930,-6,-426,0,4,,3318375933937,
2026-08-18 23:35:56.755,point_saved,x,4,stored,,,,-1,,432,367,0,77,367,,
2026-08-18 23:35:56.755,point_saved,y,4,stored,,,,-1,,-6,-426,0,4,-426,,
2026-08-18 23:35:57.294,continuous_start,x,,,,,,-1,2560,432,367,0,77,,3321312118197,
2026-08-18 23:35:57.297,pulse_batch,x,,,,,-1,,2561,431,366,0,77,,3321314969313,
2026-08-18 23:35:57.318,pulse_batch,x,,,,,-4,,2565,427,362,0,77,,3321335654624,
2026-08-18 23:35:57.338,pulse_batch,x,,,,,-4,,2569,423,358,0,77,,3321356251324,
2026-08-18 23:35:57.361,pulse_batch,x,,,,,-4,,2573,419,354,0,77,,3321379008718,
2026-08-18 23:35:57.385,pulse_batch,x,,,,,-4,,2577,415,350,0,77,,3321402748978,
2026-08-18 23:35:57.406,pulse_batch,x,,,,,-4,,2581,411,346,0,77,,3321423344530,
2026-08-18 23:35:57.429,pulse_batch,x,,,,,-4,,2585,407,342,0,77,,3321446816014,
2026-08-18 23:35:57.450,pulse_batch,x,,,,,-4,,2589,403,338,0,77,,3321467758898,
2026-08-18 23:35:57.471,pulse_batch,x,,,,,-4,,2593,399,334,0,77,,3321488391709,
2026-08-18 23:35:57.493,pulse_batch,x,,,,,-4,,2597,395,330,0,77,,3321510625828,
2026-08-18 23:35:57.514,pulse_batch,x,,,,,-4,,2601,391,326,0,77,,3321531463842,
2026-08-18 23:35:57.534,pulse_batch,x,,,,,-4,,2605,387,322,0,77,,3321552081764,
2026-08-18 23:35:57.555,pulse_batch,x,,,,,-4,,2609,383,318,0,77,,3321572907686,
2026-08-18 23:35:57.576,pulse_batch,x,,,,,-4,,2613,379,314,0,77,,3321593742052,
2026-08-18 23:35:57.597,pulse_batch,x,,,,,-4,,2617,375,310,0,77,,3321614349678,
2026-08-18 23:35:57.617,pulse_batch,x,,,,,-4,,2621,371,306,0,77,,3321634971526,
2026-08-18 23:35:57.639,pulse_batch,x,,,,,-4,,2625,367,302,0,77,,3321656514315,
2026-08-18 23:35:57.660,pulse_batch,x,,,,,-4,,2629,363,298,0,77,,3321677306699,
2026-08-18 23:35:57.680,pulse_batch,x,,,,,-4,,2633,359,294,0,77,,3321697881400,
2026-08-18 23:35:57.703,pulse_batch,x,,,,,-4,,2637,355,290,0,77,,3321720493554,
2026-08-18 23:35:57.723,pulse_batch,x,,,,,-4,,2641,351,286,0,77,,3321741218198,
2026-08-18 23:35:57.744,pulse_batch,x,,,,,-4,,2645,347,282,0,77,,3321761804769,
2026-08-18 23:35:57.767,pulse_batch,x,,,,,-4,,2649,343,278,0,77,,3321784552607,
2026-08-18 23:35:57.788,pulse_batch,x,,,,,-4,,2653,339,274,0,77,,3321805295955,
2026-08-18 23:35:57.808,pulse_batch,x,,,,,-4,,2657,335,270,0,77,,3321825899507,
2026-08-18 23:35:57.831,pulse_batch,x,,,,,-4,,2661,331,266,0,77,,3321848356940,
2026-08-18 23:35:57.851,pulse_batch,x,,,,,-4,,2665,327,262,0,77,,3321869061547,
2026-08-18 23:35:57.872,pulse_batch,x,,,,,-4,,2669,323,258,0,77,,3321889669525,
2026-08-18 23:35:57.896,pulse_batch,x,,,,,-4,,2673,319,254,0,77,,3321913316600,
2026-08-18 23:35:57.916,pulse_batch,x,,,,,-4,,2677,315,250,0,77,,3321934157132,
2026-08-18 23:35:57.937,pulse_batch,x,,,,,-4,,2681,311,246,0,77,,3321954789351,
2026-08-18 23:35:57.959,pulse_batch,x,,,,,-4,,2685,307,242,0,77,,3321976624527,
2026-08-18 23:35:57.980,pulse_batch,x,,,,,-4,,2689,303,238,0,77,,3321997426523,
2026-08-18 23:35:58.000,pulse_batch,x,,,,,-4,,2693,299,234,0,77,,3322018122241,
2026-08-18 23:35:58.021,pulse_batch,x,,,,,-4,,2697,295,230,0,77,,3322038955070,
2026-08-18 23:35:58.045,pulse_batch,x,,,,,-4,,2701,291,226,0,77,,3322063230216,
2026-08-18 23:35:58.066,pulse_batch,x,,,,,-4,,2705,287,222,0,77,,3322084040823,
2026-08-18 23:35:58.087,pulse_batch,x,,,,,-4,,2709,283,218,0,77,,3322104625450,
2026-08-18 23:35:58.108,pulse_batch,x,,,,,-4,,2713,279,214,0,77,,3322125615037,
2026-08-18 23:35:58.129,pulse_batch,x,,,,,-4,,2717,275,210,0,77,,3322146274330,
2026-08-18 23:35:58.149,pulse_batch,x,,,,,-4,,2721,271,206,0,77,,3322166917030,
2026-08-18 23:35:58.170,pulse_batch,x,,,,,-4,,2725,267,202,0,77,,3322187794729,
2026-08-18 23:35:58.192,pulse_batch,x,,,,,-4,,2729,263,198,0,77,,3322209334573,
2026-08-18 23:35:58.212,pulse_batch,x,,,,,-4,,2733,259,194,0,77,,3322229889459,
2026-08-18 23:35:58.234,pulse_batch,x,,,,,-4,,2737,255,190,0,77,,3322251716339,
2026-08-18 23:35:58.255,pulse_batch,x,,,,,-4,,2741,251,186,0,77,,3322272494853,
2026-08-18 23:35:58.275,pulse_batch,x,,,,,-4,,2745,247,182,0,77,,3322293139072,
2026-08-18 23:35:58.298,pulse_batch,x,,,,,-4,,2749,243,178,0,77,,3322316140816,
2026-08-18 23:35:58.321,pulse_batch,x,,,,,-4,,2753,239,174,0,77,,3322338541508,
2026-08-18 23:35:58.341,pulse_batch,x,,,,,-4,,2757,235,170,0,77,,3322359177023,
2026-08-18 23:35:58.363,pulse_batch,x,,,,,-4,,2761,231,166,0,77,,3322380678201,
2026-08-18 23:35:58.384,pulse_batch,x,,,,,-4,,2765,227,162,0,77,,3322401676011,
2026-08-18 23:35:58.405,pulse_batch,x,,,,,-4,,2769,223,158,0,77,,3322422343989,
2026-08-18 23:35:58.427,pulse_batch,x,,,,,-4,,2773,219,154,0,77,,3322444351479,
2026-08-18 23:35:58.447,pulse_batch,x,,,,,-4,,2777,215,150,0,77,,3322465094271,
2026-08-18 23:35:58.468,pulse_batch,x,,,,,-4,,2781,211,146,0,77,,3322485753545,
2026-08-18 23:35:58.489,pulse_batch,x,,,,,-4,,2785,207,142,0,77,,3322506580133,
2026-08-18 23:35:58.513,pulse_batch,x,,,,,-4,,2789,203,138,0,77,,3322530834780,
2026-08-18 23:35:58.534,pulse_batch,x,,,,,-4,,2793,199,134,0,77,,3322551555183,
2026-08-18 23:35:58.554,pulse_batch,x,,,,,-4,,2797,195,130,0,77,,3322572181291,
2026-08-18 23:35:58.576,pulse_batch,x,,,,,-4,,2801,191,126,0,77,,3322593887764,
2026-08-18 23:35:58.597,pulse_batch,x,,,,,-4,,2805,187,122,0,77,,3322614522038,
2026-08-18 23:35:58.618,pulse_batch,x,,,,,-4,,2809,183,118,0,77,,3322635269886,
2026-08-18 23:35:58.640,pulse_batch,x,,,,,-4,,2813,179,114,0,77,,3322657625245,
2026-08-18 23:35:58.661,pulse_batch,x,,,,,-4,,2817,175,110,0,77,,3322678380444,
2026-08-18 23:35:58.681,pulse_batch,x,,,,,-4,,2821,171,106,0,77,,3322699045182,
2026-08-18 23:35:58.704,pulse_batch,x,,,,,-4,,2825,167,102,0,77,,3322721619188,
2026-08-18 23:35:58.725,pulse_batch,x,,,,,-4,,2829,163,98,0,77,,3322742379535,
2026-08-18 23:35:58.745,pulse_batch,x,,,,,-4,,2833,159,94,0,77,,3322762961143,
2026-08-18 23:35:58.768,pulse_batch,x,,,,,-4,,2837,155,90,0,77,,3322786002758,
2026-08-18 23:35:58.791,pulse_batch,x,,,,,-4,,2841,151,86,0,77,,3322809177150,
2026-08-18 23:35:58.812,pulse_batch,x,,,,,-4,,2845,147,82,0,77,,3322829803073,
2026-08-18 23:35:58.836,pulse_batch,x,,,,,-4,,2849,143,78,0,77,,3322853543629,
2026-08-18 23:35:58.857,pulse_batch,x,,,,,-4,,2853,139,74,0,77,,3322874324125,
2026-08-18 23:35:58.877,pulse_batch,x,,,,,-4,,2857,135,70,0,77,,3322894967325,
2026-08-18 23:35:58.901,pulse_batch,x,,,,,-4,,2861,131,66,0,77,,3322919248563,
2026-08-18 23:35:58.924,pulse_batch,x,,,,,-4,,2865,127,62,0,77,,3322942251308,
2026-08-18 23:35:58.945,pulse_batch,x,,,,,-4,,2869,123,58,0,77,,3322962828342,
2026-08-18 23:35:58.966,pulse_batch,x,,,,,-4,,2873,119,54,0,77,,3322983650856,
2026-08-18 23:35:58.987,pulse_batch,x,,,,,-4,,2877,115,50,0,77,,3323004363612,
2026-08-18 23:35:59.007,pulse_batch,x,,,,,-4,,2881,111,46,0,77,,3323024983441,
2026-08-18 23:35:59.030,pulse_batch,x,,,,,-4,,2885,107,42,0,77,,3323047541559,
2026-08-18 23:35:59.054,pulse_batch,x,,,,,-4,,2889,103,38,0,77,,3323071955964,
2026-08-18 23:35:59.075,pulse_batch,x,,,,,-4,,2893,99,34,0,77,,3323092901570,
2026-08-18 23:35:59.097,pulse_batch,x,,,,,-4,,2897,95,30,0,77,,3323114282970,
2026-08-18 23:35:59.117,pulse_batch,x,,,,,-4,,2901,91,26,0,77,,3323134918670,
2026-08-18 23:35:59.138,pulse_batch,x,,,,,-4,,2905,87,22,0,77,,3323155512112,
2026-08-18 23:35:59.160,pulse_batch,x,,,,,-4,,2909,83,18,0,77,,3323177922507,
2026-08-18 23:35:59.181,pulse_batch,x,,,,,-4,,2913,79,14,0,77,,3323198773910,
2026-08-18 23:35:59.202,pulse_batch,x,,,,,-4,,2917,75,10,0,77,,3323219395833,
2026-08-18 23:35:59.223,pulse_batch,x,,,,,-4,,2921,71,6,0,77,,3323241034565,
2026-08-18 23:35:59.247,pulse_batch,x,,,,,-4,,2925,67,2,0,77,,3323264378105,
2026-08-18 23:35:59.267,pulse_batch,x,,,,,-4,,2929,63,-2,0,77,,3323285019490,
2026-08-18 23:35:59.289,pulse_batch,x,,,,,-4,,2933,59,-6,0,77,,3323306958795,
2026-08-18 23:35:59.313,pulse_batch,x,,,,,-4,,2937,55,-10,0,77,,3323330843536,
2026-08-18 23:35:59.334,pulse_batch,x,,,,,-4,,2941,51,-14,0,77,,3323351474847,
2026-08-18 23:35:59.354,pulse_batch,x,,,,,-4,,2945,47,-18,0,77,,3323372087344,
2026-08-18 23:35:59.377,pulse_batch,x,,,,,-4,,2949,43,-22,0,77,,3323394601813,
2026-08-18 23:35:59.398,pulse_batch,x,,,,,-4,,2953,39,-26,0,77,,3323415476753,
2026-08-18 23:35:59.418,pulse_batch,x,,,,,-4,,2957,35,-30,0,77,,3323436240749,
2026-08-18 23:35:59.432,pulse_batch,x,,,,,-2,,2959,33,-32,0,77,,3323449355651,
2026-08-18 23:35:59.432,continuous_stop,x,,,,,,-1,2959,33,-32,0,77,,3323449851501,
2026-08-18 23:35:59.898,continuous_start,x,,,,,,-1,2959,33,-32,0,77,,3323915847072,
2026-08-18 23:35:59.901,pulse_batch,x,,,,,-1,,2960,32,-33,0,77,,3323918776929,
2026-08-18 23:35:59.925,pulse_batch,x,,,,,-4,,2964,28,-37,0,77,,3323942302153,
2026-08-18 23:35:59.945,pulse_batch,x,,,,,-4,,2968,24,-41,0,77,,3323962824539,
2026-08-18 23:35:59.967,pulse_batch,x,,,,,-4,,2972,20,-45,0,77,,3323984246513,
2026-08-18 23:35:59.987,pulse_batch,x,,,,,-4,,2976,16,-49,0,77,,3324005060120,
2026-08-18 23:36:00.008,pulse_batch,x,,,,,-4,,2980,12,-53,0,77,,3324025630579,
2026-08-18 23:36:00.028,pulse_batch,x,,,,,-3,,2983,9,-56,0,77,,3324045338599,
2026-08-18 23:36:00.028,continuous_stop,x,,,,,,-1,2983,9,-56,0,77,,3324045644949,
2026-08-18 23:36:00.496,continuous_start,x,,,,,,-1,2983,9,-56,0,77,,3324513436939,
2026-08-18 23:36:00.499,pulse_batch,x,,,,,-1,,2984,8,-57,0,77,,3324516383981,
2026-08-18 23:36:00.520,pulse_batch,x,,,,,-4,,2988,4,-61,0,77,,3324538260842,
2026-08-18 23:36:00.541,pulse_batch,x,,,,,-4,,2992,0,-65,0,77,,3324558816357,
2026-08-18 23:36:00.561,pulse_batch,x,,,,,-3,,2995,-3,-68,0,77,,3324579188651,
2026-08-18 23:36:00.562,continuous_stop,x,,,,,,-1,2995,-3,-68,0,77,,3324579497335,
2026-08-18 23:36:01.230,continuous_start,x,,,,,,-1,2995,-3,-68,0,77,,3325247488727,
2026-08-18 23:36:01.233,pulse_batch,x,,,,,-1,,2996,-4,-69,0,77,,3325250310991,
2026-08-18 23:36:01.254,pulse_batch,x,,,,,-4,,3000,-8,-73,0,77,,3325271289227,
2026-08-18 23:36:01.274,pulse_batch,x,,,,,-4,,3004,-12,-77,0,77,,3325291837206,
2026-08-18 23:36:01.295,pulse_batch,x,,,,,-4,,3008,-16,-81,0,77,,3325313054533,
2026-08-18 23:36:01.298,continuous_stop,x,,,,,,-1,3008,-16,-81,0,77,,3325315651836,
2026-08-18 23:36:02.565,continuous_start,x,,,,,,1,3008,-16,-81,0,77,,3326582236814,
2026-08-18 23:36:02.567,pulse_batch,x,,,,,1,,3009,-15,-81,1,77,,3326585077134,
2026-08-18 23:36:02.589,pulse_batch,x,,,,,4,,3013,-11,-81,5,77,,3326606354980,
2026-08-18 23:36:02.609,pulse_batch,x,,,,,4,,3017,-7,-81,9,77,,3326626924569,
2026-08-18 23:36:02.631,pulse_batch,x,,,,,4,,3021,-3,-81,13,77,,3326648353747,
2026-08-18 23:36:02.654,pulse_batch,x,,,,,4,,3025,1,-81,17,77,,3326671856101,
2026-08-18 23:36:02.675,pulse_batch,x,,,,,4,,3029,5,-81,21,77,,3326692468042,
2026-08-18 23:36:02.698,pulse_batch,x,,,,,4,,3033,9,-81,25,77,,3326715813878,
2026-08-18 23:36:02.719,pulse_batch,x,,,,,4,,3037,13,-81,29,77,,3326736481375,
2026-08-18 23:36:02.739,pulse_batch,x,,,,,4,,3041,17,-81,33,77,,3326757136853,
2026-08-18 23:36:02.761,pulse_batch,x,,,,,4,,3045,21,-81,37,77,,3326779150824,
2026-08-18 23:36:02.782,pulse_batch,x,,,,,4,,3049,25,-81,41,77,,3326800204967,
2026-08-18 23:36:02.803,pulse_batch,x,,,,,4,,3053,29,-81,45,77,,3326820903537,
2026-08-18 23:36:02.824,pulse_batch,x,,,,,4,,3057,33,-81,49,77,,3326841498275,
2026-08-18 23:36:02.849,pulse_batch,x,,,,,4,,3061,37,-81,53,77,,3326866567288,
2026-08-18 23:36:02.869,pulse_batch,x,,,,,4,,3065,41,-81,57,77,,3326887165063,
2026-08-18 23:36:02.895,pulse_batch,x,,,,,4,,3069,45,-81,61,77,,3326912386279,
2026-08-18 23:36:02.915,pulse_batch,x,,,,,4,,3073,49,-81,65,77,,3326933228459,
2026-08-18 23:36:02.936,pulse_batch,x,,,,,4,,3077,53,-81,69,77,,3326953868567,
2026-08-18 23:36:02.957,pulse_batch,x,,,,,4,,3081,57,-81,73,77,,3326974401546,
2026-08-18 23:36:02.966,pulse_batch,x,,,,,1,,3082,58,-81,74,77,,3326984120963,
2026-08-18 23:36:02.967,continuous_stop,x,,,,,,1,3082,58,-81,74,77,,3326984353648,
2026-08-18 23:36:03.365,continuous_start,x,,,,,,1,3082,58,-81,74,77,,3327382865591,
2026-08-18 23:36:03.368,pulse_batch,x,,,,,1,,3083,59,-81,75,77,,3327385675948,
2026-08-18 23:36:03.389,pulse_batch,x,,,,,4,,3087,63,-79,77,77,,3327406296075,
2026-08-18 23:36:03.409,pulse_batch,x,,,,,4,,3091,67,-75,77,77,,3327426836016,
2026-08-18 23:36:03.431,pulse_batch,x,,,,,4,,3095,71,-71,77,77,,3327448572730,
2026-08-18 23:36:03.433,continuous_stop,x,,,,,,1,3095,71,-71,77,77,,3327451178736,
2026-08-18 23:36:04.166,continuous_start,x,,,,,,1,3095,71,-71,77,77,,3328183783330,
2026-08-18 23:36:04.169,pulse_batch,x,,,,,1,,3096,72,-70,77,77,,3328186644224,
2026-08-18 23:36:04.191,pulse_batch,x,,,,,4,,3100,76,-66,77,77,,3328209122101,
2026-08-18 23:36:04.212,pulse_batch,x,,,,,4,,3104,80,-62,77,77,,3328229670987,
2026-08-18 23:36:04.232,pulse_batch,x,,,,,3,,3107,83,-59,77,77,,3328249304248,
2026-08-18 23:36:04.232,continuous_stop,x,,,,,,1,3107,83,-59,77,77,,3328250056282,
2026-08-18 23:36:04.700,continuous_start,x,,,,,,1,3107,83,-59,77,77,,3328717629423,
2026-08-18 23:36:04.703,pulse_batch,x,,,,,1,,3108,84,-58,77,77,,3328720427725,
2026-08-18 23:36:04.723,pulse_batch,x,,,,,4,,3112,88,-54,77,77,,3328741146554,
2026-08-18 23:36:04.744,pulse_batch,x,,,,,4,,3116,92,-50,77,77,,3328761706866,
2026-08-18 23:36:04.766,pulse_batch,x,,,,,4,,3120,96,-46,77,77,,3328783937633,
2026-08-18 23:36:04.787,pulse_batch,x,,,,,4,,3124,100,-42,77,77,,3328804467630,
2026-08-18 23:36:04.807,pulse_batch,x,,,,,4,,3128,104,-38,77,77,,3328825217553,
2026-08-18 23:36:04.830,pulse_batch,x,,,,,4,,3132,108,-34,77,77,,3328847296431,
2026-08-18 23:36:04.832,continuous_stop,x,,,,,,1,3132,108,-34,77,77,,3328850104307,
2026-08-18 23:36:05.370,continuous_start,x,,,,,,1,3132,108,-34,77,77,,3329387326014,
2026-08-18 23:36:05.373,pulse_batch,x,,,,,1,,3133,109,-33,77,77,,3329390275612,
2026-08-18 23:36:05.393,pulse_batch,x,,,,,4,,3137,113,-29,77,77,,3329411029015,
2026-08-18 23:36:05.414,pulse_batch,x,,,,,4,,3141,117,-25,77,77,,3329431642920,
2026-08-18 23:36:05.436,pulse_batch,x,,,,,3,,3144,120,-22,77,77,,3329453532670,
2026-08-18 23:36:05.436,continuous_stop,x,,,,,,1,3144,120,-22,77,77,,3329454096649,
2026-08-18 23:36:05.903,continuous_start,x,,,,,,1,3144,120,-22,77,77,,3329920683314,
2026-08-18 23:36:05.906,pulse_batch,x,,,,,1,,3145,121,-21,77,77,,3329923541856,
2026-08-18 23:36:05.927,pulse_batch,x,,,,,4,,3149,125,-17,77,77,,3329944362685,
2026-08-18 23:36:05.947,pulse_batch,x,,,,,4,,3153,129,-13,77,77,,3329965010923,
2026-08-18 23:36:05.968,pulse_batch,x,,,,,4,,3157,133,-9,77,77,,3329986117214,
2026-08-18 23:36:05.971,continuous_stop,x,,,,,,1,3157,133,-9,77,77,,3329988698757,
2026-08-18 23:36:06.770,continuous_start,x,,,,,,1,3157,133,-9,77,77,,3330787511380,
2026-08-18 23:36:06.773,pulse_batch,x,,,,,1,,3158,134,-8,77,77,,3330790427977,
2026-08-18 23:36:06.775,continuous_stop,x,,,,,,1,3158,134,-8,77,77,,3330793029317,
2026-08-18 23:36:07.237,continuous_start,x,,,,,,1,3158,134,-8,77,77,,3331254948949,
2026-08-18 23:36:07.240,pulse_batch,x,,,,,1,,3159,135,-7,77,77,,3331257837195,
2026-08-18 23:36:07.243,continuous_stop,x,,,,,,1,3159,135,-7,77,77,,3331260437628,
2026-08-18 23:36:07.905,continuous_start,x,,,,,,1,3159,135,-7,77,77,,3331922925255,
2026-08-18 23:36:07.908,pulse_batch,x,,,,,1,,3160,136,-6,77,77,,3331925750945,
2026-08-18 23:36:07.929,pulse_batch,x,,,,,4,,3164,140,-2,77,77,,3331946505664,
2026-08-18 23:36:07.949,pulse_batch,x,,,,,4,,3168,144,2,77,77,,3331967213160,
2026-08-18 23:36:07.970,pulse_batch,x,,,,,4,,3172,148,6,77,77,,3331988044619,
2026-08-18 23:36:07.973,continuous_stop,x,,,,,,1,3172,148,6,77,77,,3331990613848,
2026-08-18 23:36:09.565,point_saved,x,5,stored,,,,1,,148,6,77,77,6,,
2026-08-18 23:36:09.565,point_saved,y,5,stored,,,,-1,,-6,-426,0,4,-426,,
2026-08-18 23:36:13.975,target_start,x,0,stored,,,,,,148,6,77,77,0,,
2026-08-18 23:36:13.975,target_start,y,0,stored,,,,,,-6,-426,0,4,0,,
2026-08-18 23:36:13.975,approach_source_start,x,0,stored,,,,-1,,148,6,77,77,87,,
2026-08-18 23:36:13.975,approach_source_start,y,0,stored,,,,1,,-6,-426,0,4,-14,,
2026-08-18 23:36:13.978,move_start,x,,,1,81,,1,3172,148,6,77,77,,3337995506084,
2026-08-18 23:36:13.978,move_start,y,,,1,416,,1,930,-6,-426,0,4,,3337995675398,
2026-08-18 23:36:13.980,pulse_batch,x,,,,,1,,3173,149,7,77,77,,3337998237683,
2026-08-18 23:36:13.981,pulse_batch,y,,,,,1,,931,-5,-426,1,4,,3337998356034,
2026-08-18 23:36:14.001,pulse_batch,x,,,,,4,,3177,153,11,77,77,,3338019102586,
2026-08-18 23:36:14.002,pulse_batch,y,,,,,4,,935,-1,-425,4,4,,3338019313492,
2026-08-18 23:36:14.022,pulse_batch,y,,,,,4,,939,3,-421,4,4,,3338039959397,
2026-08-18 23:36:14.022,pulse_batch,x,,,,,4,,3181,157,15,77,77,,3338040156229,
2026-08-18 23:36:14.043,pulse_batch,y,,,,,4,,943,7,-417,4,4,,3338060682727,
2026-08-18 23:36:14.043,pulse_batch,x,,,,,4,,3185,161,19,77,77,,3338061047929,
2026-08-18 23:36:14.065,pulse_batch,x,,,,,4,,3189,165,23,77,77,,3338082398626,
2026-08-18 23:36:14.066,pulse_batch,y,,,,,4,,947,11,-413,4,4,,3338083901415,
2026-08-18 23:36:14.085,pulse_batch,x,,,,,4,,3193,169,27,77,77,,3338103082123,
2026-08-18 23:36:14.087,pulse_batch,y,,,,,4,,951,15,-409,4,4,,3338104588764,
2026-08-18 23:36:14.108,pulse_batch,x,,,,,4,,3197,173,31,77,77,,3338125308149,
2026-08-18 23:36:14.108,pulse_batch,y,,,,,4,,955,19,-405,4,4,,3338125382890,
2026-08-18 23:36:14.130,pulse_batch,y,,,,,4,,959,23,-401,4,4,,3338147776397,
2026-08-18 23:36:14.133,pulse_batch,x,,,,,4,,3201,177,35,77,77,,3338150708309,
2026-08-18 23:36:14.151,pulse_batch,y,,,,,4,,963,27,-397,4,4,,3338168404413,
2026-08-18 23:36:14.154,pulse_batch,x,,,,,4,,3205,181,39,77,77,,3338171288622,
2026-08-18 23:36:14.171,pulse_batch,y,,,,,4,,967,31,-393,4,4,,3338189201742,
2026-08-18 23:36:14.174,pulse_batch,x,,,,,4,,3209,185,43,77,77,,3338191970470,
2026-08-18 23:36:14.192,pulse_batch,y,,,,,4,,971,35,-389,4,4,,3338209956442,
2026-08-18 23:36:14.196,pulse_batch,x,,,,,4,,3213,189,47,77,77,,3338213252446,
2026-08-18 23:36:14.213,pulse_batch,y,,,,,4,,975,39,-385,4,4,,3338230574662,
2026-08-18 23:36:14.216,pulse_batch,x,,,,,4,,3217,193,51,77,77,,3338233852146,
2026-08-18 23:36:14.234,pulse_batch,y,,,,,4,,979,43,-381,4,4,,3338251334973,
2026-08-18 23:36:14.237,pulse_batch,x,,,,,4,,3221,197,55,77,77,,3338254867531,
2026-08-18 23:36:14.254,pulse_batch,y,,,,,4,,983,47,-377,4,4,,3338272038155,
2026-08-18 23:36:14.259,pulse_batch,x,,,,,4,,3225,201,59,77,77,,3338277038780,
2026-08-18 23:36:14.275,pulse_batch,y,,,,,4,,987,51,-373,4,4,,3338292880817,
2026-08-18 23:36:14.280,pulse_batch,x,,,,,4,,3229,205,63,77,77,,3338298171959,
2026-08-18 23:36:14.296,pulse_batch,y,,,,,4,,991,55,-369,4,4,,3338313496574,
2026-08-18 23:36:14.302,pulse_batch,x,,,,,4,,3233,209,67,77,77,,3338319638378,
2026-08-18 23:36:14.319,pulse_batch,y,,,,,4,,995,59,-365,4,4,,3338336563763,
2026-08-18 23:36:14.324,pulse_batch,x,,,,,4,,3237,213,71,77,77,,3338342110960,
2026-08-18 23:36:14.339,pulse_batch,y,,,,,4,,999,63,-361,4,4,,3338357231075,
2026-08-18 23:36:14.346,pulse_batch,x,,,,,4,,3241,217,75,77,77,,3338363581675,
2026-08-18 23:36:14.360,pulse_batch,y,,,,,4,,1003,67,-357,4,4,,3338377790609,
2026-08-18 23:36:14.366,pulse_batch,x,,,,,4,,3245,221,79,77,77,,3338384232061,
2026-08-18 23:36:14.383,pulse_batch,y,,,,,4,,1007,71,-353,4,4,,3338400322245,
2026-08-18 23:36:14.388,pulse_batch,x,,,,,4,,3249,225,83,77,77,,3338405590036,
2026-08-18 23:36:14.404,pulse_batch,y,,,,,4,,1011,75,-349,4,4,,3338421418666,
2026-08-18 23:36:14.408,pulse_batch,x,,,,,3,,3252,228,86,77,77,,3338425902590,
2026-08-18 23:36:14.416,pulse_batch,x,,,,,1,,3253,229,87,77,77,,3338433645128,
2026-08-18 23:36:14.416,move_finish,x,,,1,,,,3253,229,87,77,77,,3338433972330,
2026-08-18 23:36:14.426,pulse_batch,y,,,,,4,,1015,79,-345,4,4,,3338443629563,
2026-08-18 23:36:14.449,pulse_batch,y,,,,,4,,1019,83,-341,4,4,,3338467148880,
2026-08-18 23:36:14.470,pulse_batch,y,,,,,4,,1023,87,-337,4,4,,3338488135024,
2026-08-18 23:36:14.491,pulse_batch,y,,,,,4,,1027,91,-333,4,4,,3338508724558,
2026-08-18 23:36:14.513,pulse_batch,y,,,,,4,,1031,95,-329,4,4,,3338530287106,
2026-08-18 23:36:14.536,pulse_batch,y,,,,,4,,1035,99,-325,4,4,,3338554021848,
2026-08-18 23:36:14.557,pulse_batch,y,,,,,4,,1039,103,-321,4,4,,3338574732159,
2026-08-18 23:36:14.578,pulse_batch,y,,,,,4,,1043,107,-317,4,4,,3338595455471,
2026-08-18 23:36:14.598,pulse_batch,y,,,,,4,,1047,111,-313,4,4,,3338616193486,
2026-08-18 23:36:14.619,pulse_batch,y,,,,,4,,1051,115,-309,4,4,,3338636849538,
2026-08-18 23:36:14.640,pulse_batch,y,,,,,4,,1055,119,-305,4,4,,3338657770941,
2026-08-18 23:36:14.663,pulse_batch,y,,,,,4,,1059,123,-301,4,4,,3338680530354,
2026-08-18 23:36:14.683,pulse_batch,y,,,,,4,,1063,127,-297,4,4,,3338701203462,
2026-08-18 23:36:14.704,pulse_batch,y,,,,,4,,1067,131,-293,4,4,,3338722185643,
2026-08-18 23:36:14.729,pulse_batch,y,,,,,4,,1071,135,-289,4,4,,3338746748325,
2026-08-18 23:36:14.750,pulse_batch,y,,,,,4,,1075,139,-285,4,4,,3338767451322,
2026-08-18 23:36:14.771,pulse_batch,y,,,,,4,,1079,143,-281,4,4,,3338789089907,
2026-08-18 23:36:14.796,pulse_batch,y,,,,,4,,1083,147,-277,4,4,,3338813373368,
2026-08-18 23:36:14.816,pulse_batch,y,,,,,4,,1087,151,-273,4,4,,3338834185198,
2026-08-18 23:36:14.837,pulse_batch,y,,,,,4,,1091,155,-269,4,4,,3338854869824,
2026-08-18 23:36:14.858,pulse_batch,y,,,,,4,,1095,159,-265,4,4,,3338875972504,
2026-08-18 23:36:14.879,pulse_batch,y,,,,,4,,1099,163,-261,4,4,,3338896734963,
2026-08-18 23:36:14.900,pulse_batch,y,,,,,4,,1103,167,-257,4,4,,3338917509238,
2026-08-18 23:36:14.923,pulse_batch,y,,,,,4,,1107,171,-253,4,4,,3338940435854,
2026-08-18 23:36:14.945,pulse_batch,y,,,,,4,,1111,175,-249,4,4,,3338962308530,
2026-08-18 23:36:14.966,pulse_batch,y,,,,,4,,1115,179,-245,4,4,,3338983683431,
2026-08-18 23:36:14.988,pulse_batch,y,,,,,4,,1119,183,-241,4,4,,3339005640237,
2026-08-18 23:36:15.009,pulse_batch,y,,,,,4,,1123,187,-237,4,4,,3339026743676,
2026-08-18 23:36:15.030,pulse_batch,y,,,,,4,,1127,191,-233,4,4,,3339047349803,
2026-08-18 23:36:15.053,pulse_batch,y,,,,,4,,1131,195,-229,4,4,,3339070319529,
2026-08-18 23:36:15.073,pulse_batch,y,,,,,4,,1135,199,-225,4,4,,3339091069841,
2026-08-18 23:36:15.094,pulse_batch,y,,,,,4,,1139,203,-221,4,4,,3339111672153,
2026-08-18 23:36:15.117,pulse_batch,y,,,,,4,,1143,207,-217,4,4,,3339134630565,
2026-08-18 23:36:15.138,pulse_batch,y,,,,,4,,1147,211,-213,4,4,,3339155935818,
2026-08-18 23:36:15.159,pulse_batch,y,,,,,4,,1151,215,-209,4,4,,3339176524723,
2026-08-18 23:36:15.181,pulse_batch,y,,,,,4,,1155,219,-205,4,4,,3339198317714,
2026-08-18 23:36:15.201,pulse_batch,y,,,,,4,,1159,223,-201,4,4,,3339219125803,
2026-08-18 23:36:15.222,pulse_batch,y,,,,,4,,1163,227,-197,4,4,,3339239759541,
2026-08-18 23:36:15.243,pulse_batch,y,,,,,4,,1167,231,-193,4,4,,3339260997072,
2026-08-18 23:36:15.266,pulse_batch,y,,,,,4,,1171,235,-189,4,4,,3339283585893,
2026-08-18 23:36:15.287,pulse_batch,y,,,,,4,,1175,239,-185,4,4,,3339304255631,
2026-08-18 23:36:15.308,pulse_batch,y,,,,,4,,1179,243,-181,4,4,,3339325609791,
2026-08-18 23:36:15.333,pulse_batch,y,,,,,4,,1183,247,-177,4,4,,3339350939211,
2026-08-18 23:36:15.354,pulse_batch,y,,,,,4,,1187,251,-173,4,4,,3339371648689,
2026-08-18 23:36:15.378,pulse_batch,y,,,,,4,,1191,255,-169,4,4,,3339395567838,
2026-08-18 23:36:15.399,pulse_batch,y,,,,,4,,1195,259,-165,4,4,,3339416478185,
2026-08-18 23:36:15.419,pulse_batch,y,,,,,4,,1199,263,-161,4,4,,3339437081534,
2026-08-18 23:36:15.440,pulse_batch,y,,,,,4,,1203,267,-157,4,4,,3339457998456,
2026-08-18 23:36:15.466,pulse_batch,y,,,,,4,,1207,271,-153,4,4,,3339484121150,
2026-08-18 23:36:15.487,pulse_batch,y,,,,,4,,1211,275,-149,4,4,,3339504776295,
2026-08-18 23:36:15.508,pulse_batch,y,,,,,4,,1215,279,-145,4,4,,3339525876586,
2026-08-18 23:36:15.532,pulse_batch,y,,,,,4,,1219,283,-141,4,4,,3339549775734,
2026-08-18 23:36:15.553,pulse_batch,y,,,,,4,,1223,287,-137,4,4,,3339570545064,
2026-08-18 23:36:15.575,pulse_batch,y,,,,,4,,1227,291,-133,4,4,,3339593227311,
2026-08-18 23:36:15.597,pulse_batch,y,,,,,4,,1231,295,-129,4,4,,3339614647804,
2026-08-18 23:36:15.617,pulse_batch,y,,,,,4,,1235,299,-125,4,4,,3339635263986,
2026-08-18 23:36:15.638,pulse_batch,y,,,,,4,,1239,303,-121,4,4,,3339656047316,
2026-08-18 23:36:15.661,pulse_batch,y,,,,,4,,1243,307,-117,4,4,,3339678502860,
2026-08-18 23:36:15.682,pulse_batch,y,,,,,4,,1247,311,-113,4,4,,3339699281949,
2026-08-18 23:36:15.702,pulse_batch,y,,,,,4,,1251,315,-109,4,4,,3339719893742,
2026-08-18 23:36:15.724,pulse_batch,y,,,,,4,,1255,319,-105,4,4,,3339741306643,
2026-08-18 23:36:15.744,pulse_batch,y,,,,,4,,1259,323,-101,4,4,,3339762214454,
2026-08-18 23:36:15.765,pulse_batch,y,,,,,4,,1263,327,-97,4,4,,3339782978765,
2026-08-18 23:36:15.789,pulse_batch,y,,,,,4,,1267,331,-93,4,4,,3339806853525,
2026-08-18 23:36:15.810,pulse_batch,y,,,,,4,,1271,335,-89,4,4,,3339827939057,
2026-08-18 23:36:15.831,pulse_batch,y,,,,,4,,1275,339,-85,4,4,,3339848588739,
2026-08-18 23:36:15.853,pulse_batch,y,,,,,4,,1279,343,-81,4,4,,3339870932580,
2026-08-18 23:36:15.874,pulse_batch,y,,,,,4,,1283,347,-77,4,4,,3339891623058,
2026-08-18 23:36:15.894,pulse_batch,y,,,,,4,,1287,351,-73,4,4,,3339912207407,
2026-08-18 23:36:15.918,pulse_batch,y,,,,,4,,1291,355,-69,4,4,,3339935279152,
2026-08-18 23:36:15.938,pulse_batch,y,,,,,4,,1295,359,-65,4,4,,3339956014575,
2026-08-18 23:36:15.959,pulse_batch,y,,,,,4,,1299,363,-61,4,4,,3339976697923,
2026-08-18 23:36:15.982,pulse_batch,y,,,,,4,,1303,367,-57,4,4,,3339999384392,
2026-08-18 23:36:16.004,pulse_batch,y,,,,,4,,1307,371,-53,4,4,,3340021349216,
2026-08-18 23:36:16.024,pulse_batch,y,,,,,4,,1311,375,-49,4,4,,3340042012954,
2026-08-18 23:36:16.045,pulse_batch,y,,,,,4,,1315,379,-45,4,4,,3340062660136,
2026-08-18 23:36:16.065,pulse_batch,y,,,,,3,,1318,382,-42,4,4,,3340082931876,
2026-08-18 23:36:16.086,pulse_batch,y,,,,,4,,1322,386,-38,4,4,,3340103575391,
2026-08-18 23:36:16.107,pulse_batch,y,,,,,4,,1326,390,-34,4,4,,3340125254828,
2026-08-18 23:36:16.129,pulse_batch,y,,,,,4,,1330,394,-30,4,4,,3340146449267,
2026-08-18 23:36:16.149,pulse_batch,y,,,,,4,,1334,398,-26,4,4,,3340167223152,
2026-08-18 23:36:16.170,pulse_batch,y,,,,,4,,1338,402,-22,4,4,,3340187869927,
2026-08-18 23:36:16.191,pulse_batch,y,,,,,4,,1342,406,-18,4,4,,3340209061069,
2026-08-18 23:36:16.212,pulse_batch,y,,,,,4,,1346,410,-14,4,4,,3340229829140,
2026-08-18 23:36:16.215,move_finish,y,,,1,,,,1346,410,-14,4,4,,3340232442424,
2026-08-18 23:36:16.373,approach_source_finish,x,0,stored,,,,-1,,229,87,77,77,87,,
2026-08-18 23:36:16.373,approach_source_finish,y,0,stored,,,,1,,410,-14,4,4,-14,,
2026-08-18 23:36:16.378,move_start,x,,,2,-164,,-1,3253,229,87,77,77,,3340395730242,
2026-08-18 23:36:16.378,move_start,y,,,2,14,,1,1346,410,-14,4,4,,3340395619927,
2026-08-18 23:36:16.381,pulse_batch,x,,,,,-1,,3254,228,87,76,77,,3340398721246,
2026-08-18 23:36:16.381,pulse_batch,y,,,,,1,,1347,411,-13,4,4,,3340398832561,
2026-08-18 23:36:16.402,pulse_batch,x,,,,,-4,,3258,224,87,72,77,,3340419397354,
2026-08-18 23:36:16.402,pulse_batch,y,,,,,4,,1351,415,-9,4,4,,3340419620094,
2026-08-18 23:36:16.422,pulse_batch,x,,,,,-4,,3262,220,87,68,77,,3340440029592,
2026-08-18 23:36:16.422,pulse_batch,y,,,,,4,,1355,419,-5,4,4,,3340440213406,
2026-08-18 23:36:16.443,pulse_batch,x,,,,,-4,,3266,216,87,64,77,,3340460692515,
2026-08-18 23:36:16.443,pulse_batch,y,,,,,4,,1359,423,-1,4,4,,3340460849070,
2026-08-18 23:36:16.452,pulse_batch,y,,,,,1,,1360,424,0,4,4,,3340469626048,
2026-08-18 23:36:16.452,move_finish,y,,,2,,,,1360,424,0,4,4,,3340470014675,
2026-08-18 23:36:16.465,pulse_batch,x,,,,,-4,,3270,212,87,60,77,,3340482581265,
2026-08-18 23:36:16.485,pulse_batch,x,,,,,-4,,3274,208,87,56,77,,3340503223596,
2026-08-18 23:36:16.506,pulse_batch,x,,,,,-4,,3278,204,87,52,77,,3340523951926,
2026-08-18 23:36:16.529,pulse_batch,x,,,,,-4,,3282,200,87,48,77,,3340546670117,
2026-08-18 23:36:16.550,pulse_batch,x,,,,,-4,,3286,196,87,44,77,,3340567625020,
2026-08-18 23:36:16.571,pulse_batch,x,,,,,-4,,3290,192,87,40,77,,3340588366812,
2026-08-18 23:36:16.592,pulse_batch,x,,,,,-4,,3294,188,87,36,77,,3340610054027,
2026-08-18 23:36:16.613,pulse_batch,x,,,,,-4,,3298,184,87,32,77,,3340630675580,
2026-08-18 23:36:16.634,pulse_batch,x,,,,,-4,,3302,180,87,28,77,,3340651962444,
2026-08-18 23:36:16.656,pulse_batch,x,,,,,-4,,3306,176,87,24,77,,3340674052230,
2026-08-18 23:36:16.679,pulse_batch,x,,,,,-4,,3310,172,87,20,77,,3340697107031,
2026-08-18 23:36:16.701,pulse_batch,x,,,,,-4,,3314,168,87,16,77,,3340718245822,
2026-08-18 23:36:16.722,pulse_batch,x,,,,,-3,,3317,165,87,13,77,,3340739630112,
2026-08-18 23:36:16.743,pulse_batch,x,,,,,-4,,3321,161,87,9,77,,3340760323164,
2026-08-18 23:36:16.763,pulse_batch,x,,,,,-4,,3325,157,87,5,77,,3340781006846,
2026-08-18 23:36:16.787,pulse_batch,x,,,,,-4,,3329,153,87,1,77,,3340804790643,
2026-08-18 23:36:16.809,pulse_batch,x,,,,,-4,,3333,149,84,0,77,,3340826461599,
2026-08-18 23:36:16.829,pulse_batch,x,,,,,-4,,3337,145,80,0,77,,3340847065133,
2026-08-18 23:36:16.851,pulse_batch,x,,,,,-4,,3341,141,76,0,77,,3340868656477,
2026-08-18 23:36:16.872,pulse_batch,x,,,,,-4,,3345,137,72,0,77,,3340889499899,
2026-08-18 23:36:16.892,pulse_batch,x,,,,,-4,,3349,133,68,0,77,,3340910206674,
2026-08-18 23:36:16.913,pulse_batch,x,,,,,-4,,3353,129,64,0,77,,3340930921059,
2026-08-18 23:36:16.935,pulse_batch,x,,,,,-4,,3357,125,60,0,77,,3340952375793,
2026-08-18 23:36:16.955,pulse_batch,x,,,,,-4,,3361,121,56,0,77,,3340973010531,
2026-08-18 23:36:16.976,pulse_batch,x,,,,,-4,,3365,117,52,0,77,,3340993632380,
2026-08-18 23:36:16.998,pulse_batch,x,,,,,-4,,3369,113,48,0,77,,3341016217701,
2026-08-18 23:36:17.019,pulse_batch,x,,,,,-4,,3373,109,44,0,77,,3341036788902,
2026-08-18 23:36:17.040,pulse_batch,x,,,,,-4,,3377,105,40,0,77,,3341057386270,
2026-08-18 23:36:17.062,pulse_batch,x,,,,,-4,,3381,101,36,0,77,,3341079873944,
2026-08-18 23:36:17.083,pulse_batch,x,,,,,-4,,3385,97,32,0,77,,3341100563496,
2026-08-18 23:36:17.103,pulse_batch,x,,,,,-4,,3389,93,28,0,77,,3341121137771,
2026-08-18 23:36:17.124,pulse_batch,x,,,,,-4,,3393,89,24,0,77,,3341141838101,
2026-08-18 23:36:17.145,pulse_batch,x,,,,,-4,,3397,85,20,0,77,,3341162612449,
2026-08-18 23:36:17.165,pulse_batch,x,,,,,-4,,3401,81,16,0,77,,3341183154540,
2026-08-18 23:36:17.188,pulse_batch,x,,,,,-4,,3405,77,12,0,77,,3341205649898,
2026-08-18 23:36:17.209,pulse_batch,x,,,,,-4,,3409,73,8,0,77,,3341226799578,
2026-08-18 23:36:17.230,pulse_batch,x,,,,,-4,,3413,69,4,0,77,,3341247333076,
2026-08-18 23:36:17.252,pulse_batch,x,,,,,-4,,3417,65,0,0,77,,3341269733879,
2026-08-18 23:36:17.255,move_finish,x,,,2,,,,3417,65,0,0,77,,3341272318145,
2026-08-18 23:36:17.438,target_finish,x,0,stored,,,,,,65,0,0,77,0,,ok=True
2026-08-18 23:36:17.438,target_finish,y,0,stored,,,,,,424,0,4,4,0,,ok=True
2026-08-18 23:36:20.451,target_start,x,1,stored,,,,,,65,0,0,77,712,,
2026-08-18 23:36:20.451,target_start,y,1,stored,,,,,,424,0,4,4,-49,,
2026-08-18 23:36:20.452,approach_source_start,x,1,stored,,,,-1,,65,0,0,77,799,,
2026-08-18 23:36:20.452,approach_source_start,y,1,stored,,,,-1,,424,0,4,4,-35,,
2026-08-18 23:36:20.456,move_start,x,,,3,876,,1,3417,65,0,0,77,,3344473480497,
2026-08-18 23:36:20.456,move_start,y,,,3,-39,,-1,1360,424,0,4,4,,3344473715033,
2026-08-18 23:36:20.459,pulse_batch,y,,,,,-1,,1361,423,0,3,4,,3344476703222,
2026-08-18 23:36:20.459,pulse_batch,x,,,,,1,,3418,66,0,1,77,,3344476486409,
2026-08-18 23:36:20.480,pulse_batch,x,,,,,4,,3422,70,0,5,77,,3344497682699,
2026-08-18 23:36:20.480,pulse_batch,y,,,,,-4,,1365,419,-1,0,4,,3344497756995,
2026-08-18 23:36:20.501,pulse_batch,x,,,,,4,,3426,74,0,9,77,,3344518246290,
2026-08-18 23:36:20.501,pulse_batch,y,,,,,-4,,1369,415,-5,0,4,,3344518312382,
2026-08-18 23:36:20.523,pulse_batch,x,,,,,4,,3430,78,0,13,77,,3344540272428,
2026-08-18 23:36:20.523,pulse_batch,y,,,,,-4,,1373,411,-9,0,4,,3344540327076,
2026-08-18 23:36:20.543,pulse_batch,x,,,,,4,,3434,82,0,17,77,,3344561055647,
2026-08-18 23:36:20.543,pulse_batch,y,,,,,-4,,1377,407,-13,0,4,,3344560990462,
2026-08-18 23:36:20.564,pulse_batch,y,,,,,-4,,1381,403,-17,0,4,,3344581567256,
2026-08-18 23:36:20.564,pulse_batch,x,,,,,4,,3438,86,0,21,77,,3344581734385,
2026-08-18 23:36:20.586,pulse_batch,x,,,,,4,,3442,90,0,25,77,,3344603789523,
2026-08-18 23:36:20.586,pulse_batch,y,,,,,-4,,1385,399,-21,0,4,,3344603904708,
2026-08-18 23:36:20.607,pulse_batch,x,,,,,4,,3446,94,0,29,77,,3344624351799,
2026-08-18 23:36:20.607,pulse_batch,y,,,,,-4,,1389,395,-25,0,4,,3344624528798,
2026-08-18 23:36:20.628,pulse_batch,x,,,,,4,,3450,98,0,33,77,,3344645235998,
2026-08-18 23:36:20.628,pulse_batch,y,,,,,-4,,1393,391,-29,0,4,,3344645315739,
2026-08-18 23:36:20.650,pulse_batch,x,,,,,4,,3454,102,0,37,77,,3344665844903,
2026-08-18 23:36:20.650,pulse_batch,y,,,,,-4,,1397,387,-33,0,4,,3344667946412,
2026-08-18 23:36:20.663,pulse_batch,y,,,,,-2,,1399,385,-35,0,4,,3344680893130,
2026-08-18 23:36:20.664,move_finish,y,,,3,,,,1399,385,-35,0,4,,3344681468016,
2026-08-18 23:36:20.670,pulse_batch,x,,,,,4,,3458,106,0,41,77,,3344687298582,
2026-08-18 23:36:20.690,pulse_batch,x,,,,,4,,3462,110,0,45,77,,3344707868468,
2026-08-18 23:36:20.711,pulse_batch,x,,,,,4,,3466,114,0,49,77,,3344729231832,
2026-08-18 23:36:20.736,pulse_batch,x,,,,,4,,3470,118,0,53,77,,3344753436202,
2026-08-18 23:36:20.757,pulse_batch,x,,,,,4,,3474,122,0,57,77,,3344774376271,
2026-08-18 23:36:20.778,pulse_batch,x,,,,,4,,3478,126,0,61,77,,3344796045301,
2026-08-18 23:36:20.803,pulse_batch,x,,,,,4,,3482,130,0,65,77,,3344820746798,
2026-08-18 23:36:20.824,pulse_batch,x,,,,,4,,3486,134,0,69,77,,3344841437165,
2026-08-18 23:36:20.844,pulse_batch,x,,,,,4,,3490,138,0,73,77,,3344862045273,
2026-08-18 23:36:20.866,pulse_batch,x,,,,,4,,3494,142,0,77,77,,3344883623414,
2026-08-18 23:36:20.886,pulse_batch,x,,,,,4,,3498,146,4,77,77,,3344904195097,
2026-08-18 23:36:20.907,pulse_batch,x,,,,,4,,3502,150,8,77,77,,3344924963649,
2026-08-18 23:36:20.930,pulse_batch,x,,,,,4,,3506,154,12,77,77,,3344947697210,
2026-08-18 23:36:20.951,pulse_batch,x,,,,,4,,3510,158,16,77,77,,3344968377041,
2026-08-18 23:36:20.971,pulse_batch,x,,,,,4,,3514,162,20,77,77,,3344988884983,
2026-08-18 23:36:20.993,pulse_batch,x,,,,,4,,3518,166,24,77,77,,3345010744752,
2026-08-18 23:36:21.014,pulse_batch,x,,,,,4,,3522,170,28,77,77,,3345031475582,
2026-08-18 23:36:21.034,pulse_batch,x,,,,,4,,3526,174,32,77,77,,3345052067487,
2026-08-18 23:36:21.056,pulse_batch,x,,,,,4,,3530,178,36,77,77,,3345073379740,
2026-08-18 23:36:21.076,pulse_batch,x,,,,,4,,3534,182,40,77,77,,3345094093811,
2026-08-18 23:36:21.097,pulse_batch,x,,,,,4,,3538,186,44,77,77,,3345114637920,
2026-08-18 23:36:21.118,pulse_batch,x,,,,,4,,3542,190,48,77,77,,3345135282713,
2026-08-18 23:36:21.138,pulse_batch,x,,,,,4,,3546,194,52,77,77,,3345156216635,
2026-08-18 23:36:21.159,pulse_batch,x,,,,,4,,3550,198,56,77,77,,3345176799780,
2026-08-18 23:36:21.180,pulse_batch,x,,,,,4,,3554,202,60,77,77,,3345197373111,
2026-08-18 23:36:21.202,pulse_batch,x,,,,,4,,3558,206,64,77,77,,3345219698415,
2026-08-18 23:36:21.223,pulse_batch,x,,,,,4,,3562,210,68,77,77,,3345240289931,
2026-08-18 23:36:21.243,pulse_batch,x,,,,,4,,3566,214,72,77,77,,3345260965058,
2026-08-18 23:36:21.264,pulse_batch,x,,,,,4,,3570,218,76,77,77,,3345281667370,
2026-08-18 23:36:21.285,pulse_batch,x,,,,,4,,3574,222,80,77,77,,3345302435848,
2026-08-18 23:36:21.305,pulse_batch,x,,,,,4,,3578,226,84,77,77,,3345322994901,
2026-08-18 23:36:21.328,pulse_batch,x,,,,,4,,3582,230,88,77,77,,3345345395334,
2026-08-18 23:36:21.349,pulse_batch,x,,,,,4,,3586,234,92,77,77,,3345366366663,
2026-08-18 23:36:21.369,pulse_batch,x,,,,,4,,3590,238,96,77,77,,3345386901364,
2026-08-18 23:36:21.392,pulse_batch,x,,,,,4,,3594,242,100,77,77,,3345409573778,
2026-08-18 23:36:21.413,pulse_batch,x,,,,,4,,3598,246,104,77,77,,3345430345052,
2026-08-18 23:36:21.433,pulse_batch,x,,,,,4,,3602,250,108,77,77,,3345450909920,
2026-08-18 23:36:21.454,pulse_batch,x,,,,,4,,3606,254,112,77,77,,3345471596806,
2026-08-18 23:36:21.475,pulse_batch,x,,,,,4,,3610,258,116,77,77,,3345492258062,
2026-08-18 23:36:21.495,pulse_batch,x,,,,,4,,3614,262,120,77,77,,3345512798523,
2026-08-18 23:36:21.518,pulse_batch,x,,,,,4,,3618,266,124,77,77,,3345535249141,
2026-08-18 23:36:21.541,pulse_batch,x,,,,,4,,3622,270,128,77,77,,3345558579070,
2026-08-18 23:36:21.561,pulse_batch,x,,,,,4,,3626,274,132,77,77,,3345579126827,
2026-08-18 23:36:21.582,pulse_batch,x,,,,,4,,3630,278,136,77,77,,3345599800787,
2026-08-18 23:36:21.603,pulse_batch,x,,,,,4,,3634,282,140,77,77,,3345620627376,
2026-08-18 23:36:21.623,pulse_batch,x,,,,,4,,3638,286,144,77,77,,3345641206614,
2026-08-18 23:36:21.644,pulse_batch,x,,,,,4,,3642,290,148,77,77,,3345661830315,
2026-08-18 23:36:21.667,pulse_batch,x,,,,,4,,3646,294,152,77,77,,3345684256248,
2026-08-18 23:36:21.687,pulse_batch,x,,,,,4,,3650,298,156,77,77,,3345704877227,
2026-08-18 23:36:21.708,pulse_batch,x,,,,,4,,3654,302,160,77,77,,3345725471817,
2026-08-18 23:36:21.728,pulse_batch,x,,,,,4,,3658,306,164,77,77,,3345746199740,
2026-08-18 23:36:21.749,pulse_batch,x,,,,,4,,3662,310,168,77,77,,3345766966236,
2026-08-18 23:36:21.770,pulse_batch,x,,,,,4,,3666,314,172,77,77,,3345787519549,
2026-08-18 23:36:21.792,pulse_batch,x,,,,,4,,3670,318,176,77,77,,3345810062833,
2026-08-18 23:36:21.813,pulse_batch,x,,,,,4,,3674,322,180,77,77,,3345830841848,
2026-08-18 23:36:21.834,pulse_batch,x,,,,,4,,3678,326,184,77,77,,3345851364716,
2026-08-18 23:36:21.855,pulse_batch,x,,,,,4,,3682,330,188,77,77,,3345872265212,
2026-08-18 23:36:21.878,pulse_batch,x,,,,,4,,3686,334,192,77,77,,3345895634252,
2026-08-18 23:36:21.898,pulse_batch,x,,,,,4,,3690,338,196,77,77,,3345916182120,
2026-08-18 23:36:21.921,pulse_batch,x,,,,,4,,3694,342,200,77,77,,3345938258740,
2026-08-18 23:36:21.941,pulse_batch,x,,,,,4,,3698,346,204,77,77,,3345959069663,
2026-08-18 23:36:21.962,pulse_batch,x,,,,,4,,3702,350,208,77,77,,3345979686086,
2026-08-18 23:36:21.983,pulse_batch,x,,,,,4,,3706,354,212,77,77,,3346000379324,
2026-08-18 23:36:22.004,pulse_batch,x,,,,,4,,3710,358,216,77,77,,3346021883409,
2026-08-18 23:36:22.025,pulse_batch,x,,,,,4,,3714,362,220,77,77,,3346042521184,
2026-08-18 23:36:22.045,pulse_batch,x,,,,,4,,3718,366,224,77,77,,3346063228163,
2026-08-18 23:36:22.066,pulse_batch,x,,,,,3,,3721,369,227,77,77,,3346084079029,
2026-08-18 23:36:22.089,pulse_batch,x,,,,,4,,3725,373,231,77,77,,3346106436759,
2026-08-18 23:36:22.109,pulse_batch,x,,,,,4,,3729,377,235,77,77,,3346127103941,
2026-08-18 23:36:22.132,pulse_batch,x,,,,,4,,3733,381,239,77,77,,3346149599578,
2026-08-18 23:36:22.153,pulse_batch,x,,,,,4,,3737,385,243,77,77,,3346170432889,
2026-08-18 23:36:22.173,pulse_batch,x,,,,,4,,3741,389,247,77,77,,3346191082534,
2026-08-18 23:36:22.195,pulse_batch,x,,,,,4,,3745,393,251,77,77,,3346212434454,
2026-08-18 23:36:22.215,pulse_batch,x,,,,,4,,3749,397,255,77,77,,3346233218840,
2026-08-18 23:36:22.236,pulse_batch,x,,,,,4,,3753,401,259,77,77,,3346253982484,
2026-08-18 23:36:22.260,pulse_batch,x,,,,,4,,3757,405,263,77,77,,3346277406672,
2026-08-18 23:36:22.281,pulse_batch,x,,,,,4,,3761,409,267,77,77,,3346298754407,
2026-08-18 23:36:22.302,pulse_batch,x,,,,,4,,3765,413,271,77,77,,3346319564829,
2026-08-18 23:36:22.324,pulse_batch,x,,,,,4,,3769,417,275,77,77,,3346342138558,
2026-08-18 23:36:22.345,pulse_batch,x,,,,,4,,3773,421,279,77,77,,3346363083147,
2026-08-18 23:36:22.366,pulse_batch,x,,,,,4,,3777,425,283,77,77,,3346383821273,
2026-08-18 23:36:22.387,pulse_batch,x,,,,,4,,3781,429,287,77,77,,3346404528862,
2026-08-18 23:36:22.411,pulse_batch,x,,,,,4,,3785,433,291,77,77,,3346428884083,
2026-08-18 23:36:22.432,pulse_batch,x,,,,,4,,3789,437,295,77,77,,3346449543821,
2026-08-18 23:36:22.454,pulse_batch,x,,,,,4,,3793,441,299,77,77,,3346471445257,
2026-08-18 23:36:22.475,pulse_batch,x,,,,,4,,3797,445,303,77,77,,3346492234179,
2026-08-18 23:36:22.495,pulse_batch,x,,,,,4,,3801,449,307,77,77,,3346512936269,
2026-08-18 23:36:22.516,pulse_batch,x,,,,,4,,3805,453,311,77,77,,3346533690617,
2026-08-18 23:36:22.537,pulse_batch,x,,,,,4,,3809,457,315,77,77,,3346554996963,
2026-08-18 23:36:22.558,pulse_batch,x,,,,,4,,3813,461,319,77,77,,3346575764682,
2026-08-18 23:36:22.579,pulse_batch,x,,,,,4,,3817,465,323,77,77,,3346597044584,
2026-08-18 23:36:22.601,pulse_batch,x,,,,,4,,3821,469,327,77,77,,3346618288948,
2026-08-18 23:36:22.621,pulse_batch,x,,,,,4,,3825,473,331,77,77,,3346638990445,
2026-08-18 23:36:22.643,pulse_batch,x,,,,,4,,3829,477,335,77,77,,3346660337680,
2026-08-18 23:36:22.666,pulse_batch,x,,,,,4,,3833,481,339,77,77,,3346684108422,
2026-08-18 23:36:22.687,pulse_batch,x,,,,,4,,3837,485,343,77,77,,3346704923140,
2026-08-18 23:36:22.710,pulse_batch,x,,,,,4,,3841,489,347,77,77,,3346728079737,
2026-08-18 23:36:22.733,pulse_batch,x,,,,,4,,3845,493,351,77,77,,3346750756466,
2026-08-18 23:36:22.754,pulse_batch,x,,,,,4,,3849,497,355,77,77,,3346771562536,
2026-08-18 23:36:22.774,pulse_batch,x,,,,,4,,3853,501,359,77,77,,3346792209848,
2026-08-18 23:36:22.798,pulse_batch,x,,,,,4,,3857,505,363,77,77,,3346815496981,
2026-08-18 23:36:22.819,pulse_batch,x,,,,,4,,3861,509,367,77,77,,3346836388051,
2026-08-18 23:36:22.840,pulse_batch,x,,,,,4,,3865,513,371,77,77,,3346857980266,
2026-08-18 23:36:22.862,pulse_batch,x,,,,,4,,3869,517,375,77,77,,3346879664295,
2026-08-18 23:36:22.883,pulse_batch,x,,,,,4,,3873,521,379,77,77,,3346900341367,
2026-08-18 23:36:22.903,pulse_batch,x,,,,,4,,3877,525,383,77,77,,3346921184881,
2026-08-18 23:36:22.926,pulse_batch,x,,,,,4,,3881,529,387,77,77,,3346943939035,
2026-08-18 23:36:22.947,pulse_batch,x,,,,,4,,3885,533,391,77,77,,3346964600532,
2026-08-18 23:36:22.967,pulse_batch,x,,,,,4,,3889,537,395,77,77,,3346985245196,
2026-08-18 23:36:22.990,pulse_batch,x,,,,,4,,3893,541,399,77,77,,3347008150387,
2026-08-18 23:36:23.014,pulse_batch,x,,,,,4,,3897,545,403,77,77,,3347031896166,
2026-08-18 23:36:23.035,pulse_batch,x,,,,,4,,3901,549,407,77,77,,3347052459404,
2026-08-18 23:36:23.057,pulse_batch,x,,,,,4,,3905,553,411,77,77,,3347074652190,
2026-08-18 23:36:23.079,pulse_batch,x,,,,,4,,3909,557,415,77,77,,3347097060087,
2026-08-18 23:36:23.100,pulse_batch,x,,,,,4,,3913,561,419,77,77,,3347117651695,
2026-08-18 23:36:23.122,pulse_batch,x,,,,,4,,3917,565,423,77,77,,3347139420113,
2026-08-18 23:36:23.142,pulse_batch,x,,,,,4,,3921,569,427,77,77,,3347160181036,
2026-08-18 23:36:23.163,pulse_batch,x,,,,,4,,3925,573,431,77,77,,3347180833126,
2026-08-18 23:36:23.184,pulse_batch,x,,,,,4,,3929,577,435,77,77,,3347201664214,
2026-08-18 23:36:23.207,pulse_batch,x,,,,,4,,3933,581,439,77,77,,3347225148921,
2026-08-18 23:36:23.228,pulse_batch,x,,,,,4,,3937,585,443,77,77,,3347245844770,
2026-08-18 23:36:23.249,pulse_batch,x,,,,,4,,3941,589,447,77,77,,3347266801432,
2026-08-18 23:36:23.271,pulse_batch,x,,,,,4,,3945,593,451,77,77,,3347288193296,
2026-08-18 23:36:23.291,pulse_batch,x,,,,,4,,3949,597,455,77,77,,3347309025570,
2026-08-18 23:36:23.312,pulse_batch,x,,,,,4,,3953,601,459,77,77,,3347329727789,
2026-08-18 23:36:23.333,pulse_batch,x,,,,,4,,3957,605,463,77,77,,3347350510156,
2026-08-18 23:36:23.353,pulse_batch,x,,,,,4,,3961,609,467,77,77,,3347371236560,
2026-08-18 23:36:23.374,pulse_batch,x,,,,,4,,3965,613,471,77,77,,3347391925891,
2026-08-18 23:36:23.397,pulse_batch,x,,,,,4,,3969,617,475,77,77,,3347414284972,
2026-08-18 23:36:23.421,pulse_batch,x,,,,,4,,3973,621,479,77,77,,3347438579453,
2026-08-18 23:36:23.442,pulse_batch,x,,,,,4,,3977,625,483,77,77,,3347460084409,
2026-08-18 23:36:23.465,pulse_batch,x,,,,,4,,3981,629,487,77,77,,3347482722490,
2026-08-18 23:36:23.486,pulse_batch,x,,,,,4,,3985,633,491,77,77,,3347503521597,
2026-08-18 23:36:23.507,pulse_batch,x,,,,,4,,3989,637,495,77,77,,3347524173076,
2026-08-18 23:36:23.527,pulse_batch,x,,,,,4,,3993,641,499,77,77,,3347545033998,
2026-08-18 23:36:23.548,pulse_batch,x,,,,,4,,3997,645,503,77,77,,3347565722513,
2026-08-18 23:36:23.569,pulse_batch,x,,,,,4,,4001,649,507,77,77,,3347586350399,
2026-08-18 23:36:23.591,pulse_batch,x,,,,,4,,4005,653,511,77,77,,3347608824166,
2026-08-18 23:36:23.614,pulse_batch,x,,,,,4,,4009,657,515,77,77,,3347631886282,
2026-08-18 23:36:23.635,pulse_batch,x,,,,,4,,4013,661,519,77,77,,3347652467594,
2026-08-18 23:36:23.657,pulse_batch,x,,,,,4,,4017,665,523,77,77,,3347675171748,
2026-08-18 23:36:23.678,pulse_batch,x,,,,,4,,4021,669,527,77,77,,3347696023467,
2026-08-18 23:36:23.699,pulse_batch,x,,,,,4,,4025,673,531,77,77,,3347716637390,
2026-08-18 23:36:23.720,pulse_batch,x,,,,,4,,4029,677,535,77,77,,3347737320609,
2026-08-18 23:36:23.741,pulse_batch,x,,,,,4,,4033,681,539,77,77,,3347758732973,
2026-08-18 23:36:23.762,pulse_batch,x,,,,,4,,4037,685,543,77,77,,3347779384267,
2026-08-18 23:36:23.782,pulse_batch,x,,,,,4,,4041,689,547,77,77,,3347800181596,
2026-08-18 23:36:23.805,pulse_batch,x,,,,,4,,4045,693,551,77,77,,3347822369697,
2026-08-18 23:36:23.825,pulse_batch,x,,,,,4,,4049,697,555,77,77,,3347843109102,
2026-08-18 23:36:23.846,pulse_batch,x,,,,,4,,4053,701,559,77,77,,3347863781506,
2026-08-18 23:36:23.869,pulse_batch,x,,,,,4,,4057,705,563,77,77,,3347886754363,
2026-08-18 23:36:23.890,pulse_batch,x,,,,,4,,4061,709,567,77,77,,3347907668081,
2026-08-18 23:36:23.911,pulse_batch,x,,,,,4,,4065,713,571,77,77,,3347928358837,
2026-08-18 23:36:23.933,pulse_batch,x,,,,,4,,4069,717,575,77,77,,3347950514364,
2026-08-18 23:36:23.953,pulse_batch,x,,,,,4,,4073,721,579,77,77,,3347971202713,
2026-08-18 23:36:23.975,pulse_batch,x,,,,,4,,4077,725,583,77,77,,3347992210394,
2026-08-18 23:36:23.997,pulse_batch,x,,,,,4,,4081,729,587,77,77,,3348014544272,
2026-08-18 23:36:24.019,pulse_batch,x,,,,,4,,4085,733,591,77,77,,3348037052613,
2026-08-18 23:36:24.040,pulse_batch,x,,,,,4,,4089,737,595,77,77,,3348057632962,
2026-08-18 23:36:24.060,pulse_batch,x,,,,,3,,4092,740,598,77,77,,3348077979331,
2026-08-18 23:36:24.081,pulse_batch,x,,,,,4,,4096,744,602,77,77,,3348098742254,
2026-08-18 23:36:24.102,pulse_batch,x,,,,,4,,4100,748,606,77,77,,3348119340195,
2026-08-18 23:36:24.122,pulse_batch,x,,,,,4,,4104,752,610,77,77,,3348140146025,
2026-08-18 23:36:24.143,pulse_batch,x,,,,,4,,4108,756,614,77,77,,3348160902059,
2026-08-18 23:36:24.164,pulse_batch,x,,,,,4,,4112,760,618,77,77,,3348181514056,
2026-08-18 23:36:24.186,pulse_batch,x,,,,,4,,4116,764,622,77,77,,3348203735343,
2026-08-18 23:36:24.207,pulse_batch,x,,,,,4,,4120,768,626,77,77,,3348225081818,
2026-08-18 23:36:24.228,pulse_batch,x,,,,,4,,4124,772,630,77,77,,3348245741704,
2026-08-18 23:36:24.249,pulse_batch,x,,,,,4,,4128,776,634,77,77,,3348266861440,
2026-08-18 23:36:24.271,pulse_batch,x,,,,,4,,4132,780,638,77,77,,3348288940930,
2026-08-18 23:36:24.292,pulse_batch,x,,,,,4,,4136,784,642,77,77,,3348309828797,
2026-08-18 23:36:24.314,pulse_batch,x,,,,,4,,4140,788,646,77,77,,3348331274790,
2026-08-18 23:36:24.337,pulse_batch,x,,,,,4,,4144,792,650,77,77,,3348354419906,
2026-08-18 23:36:24.357,pulse_batch,x,,,,,4,,4148,796,654,77,77,,3348375058773,
2026-08-18 23:36:24.379,pulse_batch,x,,,,,4,,4152,800,658,77,77,,3348396474767,
2026-08-18 23:36:24.400,pulse_batch,x,,,,,4,,4156,804,662,77,77,,3348417327930,
2026-08-18 23:36:24.422,pulse_batch,x,,,,,4,,4160,808,666,77,77,,3348440113084,
2026-08-18 23:36:24.443,pulse_batch,x,,,,,4,,4164,812,670,77,77,,3348460725600,
2026-08-18 23:36:24.466,pulse_batch,x,,,,,4,,4168,816,674,77,77,,3348483473402,
2026-08-18 23:36:24.486,pulse_batch,x,,,,,4,,4172,820,678,77,77,,3348504229213,
2026-08-18 23:36:24.507,pulse_batch,x,,,,,4,,4176,824,682,77,77,,3348524833896,
2026-08-18 23:36:24.529,pulse_batch,x,,,,,4,,4180,828,686,77,77,,3348546936090,
2026-08-18 23:36:24.550,pulse_batch,x,,,,,4,,4184,832,690,77,77,,3348567631791,
2026-08-18 23:36:24.570,pulse_batch,x,,,,,4,,4188,836,694,77,77,,3348588207788,
2026-08-18 23:36:24.595,pulse_batch,x,,,,,4,,4192,840,698,77,77,,3348612424028,
2026-08-18 23:36:24.615,pulse_batch,x,,,,,4,,4196,844,702,77,77,,3348633082766,
2026-08-18 23:36:24.636,pulse_batch,x,,,,,4,,4200,848,706,77,77,,3348653658504,
2026-08-18 23:36:24.658,pulse_batch,x,,,,,4,,4204,852,710,77,77,,3348676147493,
2026-08-18 23:36:24.679,pulse_batch,x,,,,,4,,4208,856,714,77,77,,3348696949990,
2026-08-18 23:36:24.700,pulse_batch,x,,,,,4,,4212,860,718,77,77,,3348717589894,
2026-08-18 23:36:24.721,pulse_batch,x,,,,,4,,4216,864,722,77,77,,3348738420576,
2026-08-18 23:36:24.742,pulse_batch,x,,,,,4,,4220,868,726,77,77,,3348760106587,
2026-08-18 23:36:24.763,pulse_batch,x,,,,,4,,4224,872,730,77,77,,3348780949268,
2026-08-18 23:36:24.784,pulse_batch,x,,,,,4,,4228,876,734,77,77,,3348801598395,
2026-08-18 23:36:24.806,pulse_batch,x,,,,,4,,4232,880,738,77,77,,3348824110587,
2026-08-18 23:36:24.827,pulse_batch,x,,,,,4,,4236,884,742,77,77,,3348844964676,
2026-08-18 23:36:24.848,pulse_batch,x,,,,,4,,4240,888,746,77,77,,3348865603469,
2026-08-18 23:36:24.869,pulse_batch,x,,,,,4,,4244,892,750,77,77,,3348886662817,
2026-08-18 23:36:24.891,pulse_batch,x,,,,,4,,4248,896,754,77,77,,3348908989121,
2026-08-18 23:36:24.912,pulse_batch,x,,,,,4,,4252,900,758,77,77,,3348929615192,
2026-08-18 23:36:24.937,pulse_batch,x,,,,,4,,4256,904,762,77,77,,3348954316652,
2026-08-18 23:36:24.957,pulse_batch,x,,,,,4,,4260,908,766,77,77,,3348975034112,
2026-08-18 23:36:24.978,pulse_batch,x,,,,,4,,4264,912,770,77,77,,3348996128218,
2026-08-18 23:36:25.001,pulse_batch,x,,,,,4,,4268,916,774,77,77,,3349018651133,
2026-08-18 23:36:25.022,pulse_batch,x,,,,,4,,4272,920,778,77,77,,3349039468166,
2026-08-18 23:36:25.042,pulse_batch,x,,,,,4,,4276,924,782,77,77,,3349060153441,
2026-08-18 23:36:25.065,pulse_batch,x,,,,,4,,4280,928,786,77,77,,3349083252982,
2026-08-18 23:36:25.086,pulse_batch,x,,,,,4,,4284,932,790,77,77,,3349104021961,
2026-08-18 23:36:25.107,pulse_batch,x,,,,,4,,4288,936,794,77,77,,3349124682087,
2026-08-18 23:36:25.130,pulse_batch,x,,,,,4,,4292,940,798,77,77,,3349147453186,
2026-08-18 23:36:25.138,pulse_batch,x,,,,,1,,4293,941,799,77,77,,3349155274613,
2026-08-18 23:36:25.138,move_finish,x,,,3,,,,4293,941,799,77,77,,3349155806351,
2026-08-18 23:36:25.314,approach_source_finish,x,1,stored,,,,-1,,941,799,77,77,799,,
2026-08-18 23:36:25.314,approach_source_finish,y,1,stored,,,,-1,,385,-35,0,4,-35,,
2026-08-18 23:36:25.319,move_start,x,,,4,-164,,-1,4293,941,799,77,77,,3349337228809,
2026-08-18 23:36:25.321,move_start,y,,,4,-14,,-1,1399,385,-35,0,4,,3349337065810,
2026-08-18 23:36:25.322,pulse_batch,x,,,,,-1,,4294,940,799,76,77,,3349340095500,
2026-08-18 23:36:25.323,pulse_batch,y,,,,,-1,,1400,384,-36,0,4,,3349341208754,
2026-08-18 23:36:25.343,pulse_batch,x,,,,,-4,,4298,936,799,72,77,,3349360748145,
2026-08-18 23:36:25.344,pulse_batch,y,,,,,-4,,1404,380,-40,0,4,,3349361880251,
2026-08-18 23:36:25.364,pulse_batch,x,,,,,-4,,4302,932,799,68,77,,3349381348068,
2026-08-18 23:36:25.365,pulse_batch,y,,,,,-4,,1408,376,-44,0,4,,3349382494656,
2026-08-18 23:36:25.384,pulse_batch,x,,,,,-4,,4306,928,799,64,77,,3349401972529,
2026-08-18 23:36:25.386,pulse_batch,y,,,,,-4,,1412,372,-48,0,4,,3349404130111,
2026-08-18 23:36:25.397,pulse_batch,y,,,,,-1,,1413,371,-49,0,4,,3349414545119,
2026-08-18 23:36:25.397,move_finish,y,,,4,,,,1413,371,-49,0,4,,3349415114098,
2026-08-18 23:36:25.408,pulse_batch,x,,,,,-4,,4310,924,799,60,77,,3349425448920,
2026-08-18 23:36:25.428,pulse_batch,x,,,,,-4,,4314,920,799,56,77,,3349446084195,
2026-08-18 23:36:25.449,pulse_batch,x,,,,,-4,,4318,916,799,52,77,,3349466678582,
2026-08-18 23:36:25.470,pulse_batch,x,,,,,-4,,4322,912,799,48,77,,3349487939428,
2026-08-18 23:36:25.491,pulse_batch,x,,,,,-4,,4326,908,799,44,77,,3349508866220,
2026-08-18 23:36:25.512,pulse_batch,x,,,,,-4,,4330,904,799,40,77,,3349529759624,
2026-08-18 23:36:25.535,pulse_batch,x,,,,,-4,,4334,900,799,36,77,,3349552938831,
2026-08-18 23:36:25.556,pulse_batch,x,,,,,-4,,4338,896,799,32,77,,3349573643051,
2026-08-18 23:36:25.578,pulse_batch,x,,,,,-4,,4342,892,799,28,77,,3349596076077,
2026-08-18 23:36:25.601,pulse_batch,x,,,,,-4,,4346,888,799,24,77,,3349618366400,
2026-08-18 23:36:25.622,pulse_batch,x,,,,,-4,,4350,884,799,20,77,,3349639634561,
2026-08-18 23:36:25.643,pulse_batch,x,,,,,-4,,4354,880,799,16,77,,3349660396391,
2026-08-18 23:36:25.665,pulse_batch,x,,,,,-4,,4358,876,799,12,77,,3349682430400,
2026-08-18 23:36:25.689,pulse_batch,x,,,,,-4,,4362,872,799,8,77,,3349706384345,
2026-08-18 23:36:25.709,pulse_batch,x,,,,,-4,,4366,868,799,4,77,,3349727092749,
2026-08-18 23:36:25.732,pulse_batch,x,,,,,-4,,4370,864,799,0,77,,3349749836348,
2026-08-18 23:36:25.753,pulse_batch,x,,,,,-4,,4374,860,795,0,77,,3349770565178,
2026-08-18 23:36:25.773,pulse_batch,x,,,,,-4,,4378,856,791,0,77,,3349791191194,
2026-08-18 23:36:25.796,pulse_batch,x,,,,,-4,,4382,852,787,0,77,,3349813747090,
2026-08-18 23:36:25.817,pulse_batch,x,,,,,-4,,4386,848,783,0,77,,3349834440420,
2026-08-18 23:36:25.837,pulse_batch,x,,,,,-4,,4390,844,779,0,77,,3349855034880,
2026-08-18 23:36:25.860,pulse_batch,x,,,,,-4,,4394,840,775,0,77,,3349877944108,
2026-08-18 23:36:25.881,pulse_batch,x,,,,,-4,,4398,836,771,0,77,,3349898649809,
2026-08-18 23:36:25.901,pulse_batch,x,,,,,-4,,4402,832,767,0,77,,3349919243232,
2026-08-18 23:36:25.923,pulse_batch,x,,,,,-4,,4406,828,763,0,77,,3349940245765,
2026-08-18 23:36:25.943,pulse_batch,x,,,,,-4,,4410,824,759,0,77,,3349961170594,
2026-08-18 23:36:25.964,pulse_batch,x,,,,,-4,,4414,820,755,0,77,,3349981750406,
2026-08-18 23:36:25.985,pulse_batch,x,,,,,-4,,4418,816,751,0,77,,3350002457366,
2026-08-18 23:36:26.007,pulse_batch,x,,,,,-4,,4422,812,747,0,77,,3350024559005,
2026-08-18 23:36:26.028,pulse_batch,x,,,,,-4,,4426,808,743,0,77,,3350045296224,
2026-08-18 23:36:26.048,pulse_batch,x,,,,,-4,,4430,804,739,0,77,,3350065910851,
2026-08-18 23:36:26.071,pulse_batch,x,,,,,-4,,4434,800,735,0,77,,3350088430710,
2026-08-18 23:36:26.091,pulse_batch,x,,,,,-4,,4438,796,731,0,77,,3350109143003,
2026-08-18 23:36:26.112,pulse_batch,x,,,,,-4,,4442,792,727,0,77,,3350129898722,
2026-08-18 23:36:26.136,pulse_batch,x,,,,,-4,,4446,788,723,0,77,,3350153509687,
2026-08-18 23:36:26.156,pulse_batch,x,,,,,-4,,4450,784,719,0,77,,3350174151536,
2026-08-18 23:36:26.177,pulse_batch,x,,,,,-4,,4454,780,715,0,77,,3350194764793,
2026-08-18 23:36:26.196,pulse_batch,x,,,,,-3,,4457,777,712,0,77,,3350214159481,
2026-08-18 23:36:26.197,move_finish,x,,,4,,,,4457,777,712,0,77,,3350214358795,
2026-08-18 23:36:26.380,target_finish,x,1,stored,,,,,,777,712,0,77,712,,ok=True
2026-08-18 23:36:26.380,target_finish,y,1,stored,,,,,,371,-49,0,4,-49,,ok=True
2026-08-18 23:36:29.393,target_start,x,2,stored,,,,,,777,712,0,77,712,,
2026-08-18 23:36:29.393,target_start,y,2,stored,,,,,,371,-49,0,4,-137,,
2026-08-18 23:36:29.393,approach_source_start,x,2,stored,,,,-1,,777,712,0,77,799,,
2026-08-18 23:36:29.393,approach_source_start,y,2,stored,,,,-1,,371,-49,0,4,-123,,
2026-08-18 23:36:29.397,move_start,x,,,5,164,,1,4457,777,712,0,77,,3353415013761,
2026-08-18 23:36:29.398,move_start,y,,,5,-74,,-1,1413,371,-49,0,4,,3353414935983,
2026-08-18 23:36:29.400,pulse_batch,y,,,,,-1,,1414,370,-50,0,4,,3353418179191,
2026-08-18 23:36:29.401,pulse_batch,x,,,,,1,,4458,778,712,1,77,,3353418376430,
2026-08-18 23:36:29.422,pulse_batch,y,,,,,-4,,1418,366,-54,0,4,,3353439237482,
2026-08-18 23:36:29.424,pulse_batch,x,,,,,4,,4462,782,712,5,77,,3353441351176,
2026-08-18 23:36:29.442,pulse_batch,y,,,,,-4,,1422,362,-58,0,4,,3353459919146,
2026-08-18 23:36:29.444,pulse_batch,x,,,,,4,,4466,786,712,9,77,,3353461914544,
2026-08-18 23:36:29.465,pulse_batch,y,,,,,-4,,1426,358,-62,0,4,,3353482639115,
2026-08-18 23:36:29.468,pulse_batch,x,,,,,4,,4470,790,712,13,77,,3353485336844,
2026-08-18 23:36:29.486,pulse_batch,y,,,,,-4,,1430,354,-66,0,4,,3353503463705,
2026-08-18 23:36:29.488,pulse_batch,x,,,,,4,,4474,794,712,17,77,,3353505946897,
2026-08-18 23:36:29.507,pulse_batch,y,,,,,-4,,1434,350,-70,0,4,,3353524297757,
2026-08-18 23:36:29.509,pulse_batch,x,,,,,4,,4478,798,712,21,77,,3353526498950,
2026-08-18 23:36:29.528,pulse_batch,y,,,,,-4,,1438,346,-74,0,4,,3353545693084,
2026-08-18 23:36:29.530,pulse_batch,x,,,,,4,,4482,802,712,25,77,,3353548219109,
2026-08-18 23:36:29.549,pulse_batch,y,,,,,-4,,1442,342,-78,0,4,,3353566465618,
2026-08-18 23:36:29.551,pulse_batch,x,,,,,4,,4486,806,712,29,77,,3353568858403,
2026-08-18 23:36:29.569,pulse_batch,y,,,,,-4,,1446,338,-82,0,4,,3353587082393,
2026-08-18 23:36:29.572,pulse_batch,x,,,,,4,,4490,810,712,33,77,,3353589415067,
2026-08-18 23:36:29.592,pulse_batch,y,,,,,-4,,1450,334,-86,0,4,,3353609431216,
2026-08-18 23:36:29.592,pulse_batch,x,,,,,4,,4494,814,712,37,77,,3353610060565,
2026-08-18 23:36:29.613,pulse_batch,y,,,,,-4,,1454,330,-90,0,4,,3353630434248,
2026-08-18 23:36:29.613,pulse_batch,x,,,,,4,,4498,818,712,41,77,,3353630702969,
2026-08-18 23:36:29.633,pulse_batch,y,,,,,-4,,1458,326,-94,0,4,,3353651013135,
2026-08-18 23:36:29.633,pulse_batch,x,,,,,4,,4502,822,712,45,77,,3353651239041,
2026-08-18 23:36:29.654,pulse_batch,y,,,,,-4,,1462,322,-98,0,4,,3353671675521,
2026-08-18 23:36:29.654,pulse_batch,x,,,,,4,,4506,826,712,49,77,,3353671879965,
2026-08-18 23:36:29.675,pulse_batch,y,,,,,-4,,1466,318,-102,0,4,,3353692530091,
2026-08-18 23:36:29.677,pulse_batch,x,,,,,4,,4510,830,712,53,77,,3353694569119,
2026-08-18 23:36:29.695,pulse_batch,y,,,,,-4,,1470,314,-106,0,4,,3353713111904,
2026-08-18 23:36:29.697,pulse_batch,x,,,,,4,,4514,834,712,57,77,,3353715100728,
2026-08-18 23:36:29.716,pulse_batch,y,,,,,-4,,1474,310,-110,0,4,,3353734060863,
2026-08-18 23:36:29.718,pulse_batch,x,,,,,4,,4518,838,712,61,77,,3353735681485,
2026-08-18 23:36:29.739,pulse_batch,x,,,,,4,,4522,842,712,65,77,,3353756360982,
2026-08-18 23:36:29.739,pulse_batch,y,,,,,-4,,1478,306,-114,0,4,,3353756446204,
2026-08-18 23:36:29.759,pulse_batch,x,,,,,4,,4526,846,712,69,77,,3353777163423,
2026-08-18 23:36:29.762,pulse_batch,y,,,,,-4,,1482,302,-118,0,4,,3353779562208,
2026-08-18 23:36:29.780,pulse_batch,x,,,,,4,,4530,850,712,73,77,,3353797759828,
2026-08-18 23:36:29.783,pulse_batch,y,,,,,-4,,1486,298,-122,0,4,,3353800597334,
2026-08-18 23:36:29.792,pulse_batch,y,,,,,-1,,1487,297,-123,0,4,,3353809990142,
2026-08-18 23:36:29.792,move_finish,y,,,5,,,,1487,297,-123,0,4,,3353810289400,
2026-08-18 23:36:29.801,pulse_batch,x,,,,,4,,4534,854,712,77,77,,3353818416066,
2026-08-18 23:36:29.821,pulse_batch,x,,,,,4,,4538,858,716,77,77,,3353839175730,
2026-08-18 23:36:29.842,pulse_batch,x,,,,,4,,4542,862,720,77,77,,3353859720024,
2026-08-18 23:36:29.864,pulse_batch,x,,,,,4,,4546,866,724,77,77,,3353882007014,
2026-08-18 23:36:29.886,pulse_batch,x,,,,,4,,4550,870,728,77,77,,3353904031597,
2026-08-18 23:36:29.907,pulse_batch,x,,,,,4,,4554,874,732,77,77,,3353924590947,
2026-08-18 23:36:29.929,pulse_batch,x,,,,,4,,4558,878,736,77,77,,3353946226514,
2026-08-18 23:36:29.949,pulse_batch,x,,,,,4,,4562,882,740,77,77,,3353966925529,
2026-08-18 23:36:29.970,pulse_batch,x,,,,,4,,4566,886,744,77,77,,3353987664563,
2026-08-18 23:36:29.992,pulse_batch,x,,,,,4,,4570,890,748,77,77,,3354009914460,
2026-08-18 23:36:30.013,pulse_batch,x,,,,,4,,4574,894,752,77,77,,3354030658272,
2026-08-18 23:36:30.034,pulse_batch,x,,,,,4,,4578,898,756,77,77,,3354051265788,
2026-08-18 23:36:30.054,pulse_batch,x,,,,,4,,4582,902,760,77,77,,3354071873934,
2026-08-18 23:36:30.078,pulse_batch,x,,,,,4,,4586,906,764,77,77,,3354095987304,
2026-08-18 23:36:30.099,pulse_batch,x,,,,,4,,4590,910,768,77,77,,3354116575876,
2026-08-18 23:36:30.119,pulse_batch,x,,,,,4,,4594,914,772,77,77,,3354137261817,
2026-08-18 23:36:30.142,pulse_batch,x,,,,,4,,4598,918,776,77,77,,3354160110712,
2026-08-18 23:36:30.163,pulse_batch,x,,,,,4,,4602,922,780,77,77,,3354180858505,
2026-08-18 23:36:30.184,pulse_batch,x,,,,,4,,4606,926,784,77,77,,3354201480614,
2026-08-18 23:36:30.205,pulse_batch,x,,,,,4,,4610,930,788,77,77,,3354223065662,
2026-08-18 23:36:30.226,pulse_batch,x,,,,,4,,4614,934,792,77,77,,3354243680104,
2026-08-18 23:36:30.247,pulse_batch,x,,,,,4,,4618,938,796,77,77,,3354264280732,
2026-08-18 23:36:30.267,pulse_batch,x,,,,,3,,4621,941,799,77,77,,3354284927951,
2026-08-18 23:36:30.267,move_finish,x,,,5,,,,4621,941,799,77,77,,3354285187746,
2026-08-18 23:36:30.451,approach_source_finish,x,2,stored,,,,-1,,941,799,77,77,799,,
2026-08-18 23:36:30.451,approach_source_finish,y,2,stored,,,,-1,,297,-123,0,4,-123,,
2026-08-18 23:36:30.455,move_start,x,,,6,-164,,-1,4621,941,799,77,77,,3354472312346,
2026-08-18 23:36:30.455,move_start,y,,,6,-14,,-1,1487,297,-123,0,4,,3354472465327,
2026-08-18 23:36:30.458,pulse_batch,x,,,,,-1,,4622,940,799,76,77,,3354475301517,
2026-08-18 23:36:30.458,pulse_batch,y,,,,,-1,,1488,296,-124,0,4,,3354475512702,
2026-08-18 23:36:30.478,pulse_batch,y,,,,,-4,,1492,292,-128,0,4,,3354496226106,
2026-08-18 23:36:30.479,pulse_batch,x,,,,,-4,,4626,936,799,72,77,,3354496398679,
2026-08-18 23:36:30.499,pulse_batch,y,,,,,-4,,1496,288,-132,0,4,,3354516807215,
2026-08-18 23:36:30.499,pulse_batch,x,,,,,-4,,4630,932,799,68,77,,3354516964418,
2026-08-18 23:36:30.520,pulse_batch,y,,,,,-4,,1500,284,-136,0,4,,3354537450268,
2026-08-18 23:36:30.520,pulse_batch,x,,,,,-4,,4634,928,799,64,77,,3354537615600,
2026-08-18 23:36:30.529,pulse_batch,y,,,,,-1,,1501,283,-137,0,4,,3354546585411,
2026-08-18 23:36:30.529,move_finish,y,,,6,,,,1501,283,-137,0,4,,3354547000427,
2026-08-18 23:36:30.542,pulse_batch,x,,,,,-4,,4638,924,799,60,77,,3354559937979,
2026-08-18 23:36:30.563,pulse_batch,x,,,,,-4,,4642,920,799,56,77,,3354580546828,
2026-08-18 23:36:30.585,pulse_batch,x,,,,,-4,,4646,916,799,52,77,,3354602674837,
2026-08-18 23:36:30.607,pulse_batch,x,,,,,-4,,4650,912,799,48,77,,3354624347274,
2026-08-18 23:36:30.627,pulse_batch,x,,,,,-4,,4654,908,799,44,77,,3354645240289,
2026-08-18 23:36:30.648,pulse_batch,x,,,,,-4,,4658,904,799,40,77,,3354665803620,
2026-08-18 23:36:30.671,pulse_batch,x,,,,,-4,,4662,900,799,36,77,,3354688583922,
2026-08-18 23:36:30.692,pulse_batch,x,,,,,-4,,4666,896,799,32,77,,3354709279864,
2026-08-18 23:36:30.712,pulse_batch,x,,,,,-4,,4670,892,799,28,77,,3354729907528,
2026-08-18 23:36:30.734,pulse_batch,x,,,,,-4,,4674,888,799,24,77,,3354751736261,
2026-08-18 23:36:30.755,pulse_batch,x,,,,,-4,,4678,884,799,20,77,,3354772433554,
2026-08-18 23:36:30.775,pulse_batch,x,,,,,-4,,4682,880,799,16,77,,3354792992237,
2026-08-18 23:36:30.796,pulse_batch,x,,,,,-4,,4686,876,799,12,77,,3354813784938,
2026-08-18 23:36:30.817,pulse_batch,x,,,,,-4,,4690,872,799,8,77,,3354834569657,
2026-08-18 23:36:30.837,pulse_batch,x,,,,,-4,,4694,868,799,4,77,,3354855155117,
2026-08-18 23:36:30.860,pulse_batch,x,,,,,-4,,4698,864,799,0,77,,3354877374866,
2026-08-18 23:36:30.880,pulse_batch,x,,,,,-4,,4702,860,795,0,77,,3354898161122,
2026-08-18 23:36:30.901,pulse_batch,x,,,,,-4,,4706,856,791,0,77,,3354919032045,
2026-08-18 23:36:30.922,pulse_batch,x,,,,,-4,,4710,852,787,0,77,,3354940046540,
2026-08-18 23:36:30.945,pulse_batch,x,,,,,-4,,4714,848,783,0,77,,3354962836417,
2026-08-18 23:36:30.966,pulse_batch,x,,,,,-4,,4718,844,779,0,77,,3354983452951,
2026-08-18 23:36:30.987,pulse_batch,x,,,,,-4,,4722,840,775,0,77,,3355004806668,
2026-08-18 23:36:31.010,pulse_batch,x,,,,,-4,,4726,836,771,0,77,,3355027283916,
2026-08-18 23:36:31.030,pulse_batch,x,,,,,-4,,4730,832,767,0,77,,3355048033302,
2026-08-18 23:36:31.051,pulse_batch,x,,,,,-4,,4734,828,763,0,77,,3355068653058,
2026-08-18 23:36:31.073,pulse_batch,x,,,,,-4,,4738,824,759,0,77,,3355090305718,
2026-08-18 23:36:31.094,pulse_batch,x,,,,,-4,,4742,820,755,0,77,,3355111725378,
2026-08-18 23:36:31.115,pulse_batch,x,,,,,-4,,4746,816,751,0,77,,3355132451264,
2026-08-18 23:36:31.137,pulse_batch,x,,,,,-4,,4750,812,747,0,77,,3355154760402,
2026-08-18 23:36:31.160,pulse_batch,x,,,,,-4,,4754,808,743,0,77,,3355178145942,
2026-08-18 23:36:31.181,pulse_batch,x,,,,,-4,,4758,804,739,0,77,,3355199251549,
2026-08-18 23:36:31.204,pulse_batch,x,,,,,-4,,4762,800,735,0,77,,3355221325465,
2026-08-18 23:36:31.224,pulse_batch,x,,,,,-4,,4766,796,731,0,77,,3355242012981,
2026-08-18 23:36:31.245,pulse_batch,x,,,,,-4,,4770,792,727,0,77,,3355262633442,
2026-08-18 23:36:31.268,pulse_batch,x,,,,,-4,,4774,788,723,0,77,,3355285519595,
2026-08-18 23:36:31.288,pulse_batch,x,,,,,-4,,4778,784,719,0,77,,3355306142945,
2026-08-18 23:36:31.309,pulse_batch,x,,,,,-4,,4782,780,715,0,77,,3355326807201,
2026-08-18 23:36:31.329,pulse_batch,x,,,,,-3,,4785,777,712,0,77,,3355347037552,
2026-08-18 23:36:31.330,move_finish,x,,,6,,,,4785,777,712,0,77,,3355347726808,
2026-08-18 23:36:31.520,target_finish,x,2,stored,,,,,,777,712,0,77,712,,ok=True
2026-08-18 23:36:31.520,target_finish,y,2,stored,,,,,,283,-137,0,4,-137,,ok=True
2026-08-18 23:36:34.531,target_start,x,3,stored,,,,,,777,712,0,77,712,,
2026-08-18 23:36:34.531,target_start,y,3,stored,,,,,,283,-137,0,4,-355,,
2026-08-18 23:36:34.532,approach_source_start,x,3,stored,,,,-1,,777,712,0,77,799,,
2026-08-18 23:36:34.532,approach_source_start,y,3,stored,,,,1,,283,-137,0,4,-369,,
2026-08-18 23:36:34.536,move_start,y,,,7,-232,,-1,1501,283,-137,0,4,,3358553413235,
2026-08-18 23:36:34.536,move_start,x,,,7,164,,1,4785,777,712,0,77,,3358553343384,
2026-08-18 23:36:34.539,pulse_batch,x,,,,,1,,4786,778,712,1,77,,3358556446647,
2026-08-18 23:36:34.539,pulse_batch,y,,,,,-1,,1502,282,-138,0,4,,3358556645128,
2026-08-18 23:36:34.560,pulse_batch,x,,,,,4,,4790,782,712,5,77,,3358577511884,
2026-08-18 23:36:34.560,pulse_batch,y,,,,,-4,,1506,278,-142,0,4,,3358577742234,
2026-08-18 23:36:34.580,pulse_batch,x,,,,,4,,4794,786,712,9,77,,3358598102826,
2026-08-18 23:36:34.580,pulse_batch,y,,,,,-4,,1510,274,-146,0,4,,3358598289454,
2026-08-18 23:36:34.601,pulse_batch,x,,,,,4,,4798,790,712,13,77,,3358619118747,
2026-08-18 23:36:34.602,pulse_batch,y,,,,,-4,,1514,270,-150,0,4,,3358619467727,
2026-08-18 23:36:34.623,pulse_batch,x,,,,,4,,4802,794,712,17,77,,3358640561093,
2026-08-18 23:36:34.623,pulse_batch,y,,,,,-4,,1518,266,-154,0,4,,3358640733907,
2026-08-18 23:36:34.643,pulse_batch,x,,,,,4,,4806,798,712,21,77,,3358661246813,
2026-08-18 23:36:34.644,pulse_batch,y,,,,,-4,,1522,262,-158,0,4,,3358661433423,
2026-08-18 23:36:34.666,pulse_batch,x,,,,,4,,4810,802,712,25,77,,3358684091041,
2026-08-18 23:36:34.667,pulse_batch,y,,,,,-4,,1526,258,-162,0,4,,3358684191355,
2026-08-18 23:36:34.687,pulse_batch,x,,,,,4,,4814,806,712,29,77,,3358704790297,
2026-08-18 23:36:34.687,pulse_batch,y,,,,,-4,,1530,254,-166,0,4,,3358705075203,
2026-08-18 23:36:34.708,pulse_batch,x,,,,,4,,4818,810,712,33,77,,3358725361517,
2026-08-18 23:36:34.708,pulse_batch,y,,,,,-4,,1534,250,-170,0,4,,3358725611794,
2026-08-18 23:36:34.730,pulse_batch,y,,,,,-4,,1538,246,-174,0,4,,3358747804321,
2026-08-18 23:36:34.730,pulse_batch,x,,,,,4,,4822,814,712,37,77,,3358747916635,
2026-08-18 23:36:34.751,pulse_batch,y,,,,,-4,,1542,242,-178,0,4,,3358768829446,
2026-08-18 23:36:34.751,pulse_batch,x,,,,,4,,4826,818,712,41,77,,3358769079427,
2026-08-18 23:36:34.772,pulse_batch,y,,,,,-4,,1546,238,-182,0,4,,3358789408926,
2026-08-18 23:36:34.772,pulse_batch,x,,,,,4,,4830,822,712,45,77,,3358789652480,
2026-08-18 23:36:34.792,pulse_batch,y,,,,,-4,,1550,234,-186,0,4,,3358810000035,
2026-08-18 23:36:34.793,pulse_batch,x,,,,,4,,4834,826,712,49,77,,3358810760253,
2026-08-18 23:36:34.813,pulse_batch,y,,,,,-4,,1554,230,-190,0,4,,3358830729032,
2026-08-18 23:36:34.815,pulse_batch,x,,,,,4,,4838,830,712,53,77,,3358833048280,
2026-08-18 23:36:34.834,pulse_batch,y,,,,,-4,,1558,226,-194,0,4,,3358851293900,
2026-08-18 23:36:34.836,pulse_batch,x,,,,,4,,4842,834,712,57,77,,3358853622482,
2026-08-18 23:36:34.854,pulse_batch,y,,,,,-4,,1562,222,-198,0,4,,3358871912490,
2026-08-18 23:36:34.856,pulse_batch,x,,,,,4,,4846,838,712,61,77,,3358874228072,
2026-08-18 23:36:34.875,pulse_batch,y,,,,,-4,,1566,218,-202,0,4,,3358892800616,
2026-08-18 23:36:34.878,pulse_batch,x,,,,,4,,4850,842,712,65,77,,3358895471344,
2026-08-18 23:36:34.896,pulse_batch,y,,,,,-4,,1570,214,-206,0,4,,3358914132851,
2026-08-18 23:36:34.898,pulse_batch,x,,,,,4,,4854,846,712,69,77,,3358916079749,
2026-08-18 23:36:34.917,pulse_batch,y,,,,,-4,,1574,210,-210,0,4,,3358934774071,
2026-08-18 23:36:34.919,pulse_batch,x,,,,,4,,4858,850,712,73,77,,3358936667858,
2026-08-18 23:36:34.941,pulse_batch,x,,,,,4,,4862,854,712,77,77,,3358958755386,
2026-08-18 23:36:34.941,pulse_batch,y,,,,,-4,,1578,206,-214,0,4,,3358958689664,
2026-08-18 23:36:34.962,pulse_batch,x,,,,,4,,4866,858,716,77,77,,3358979705530,
2026-08-18 23:36:34.962,pulse_batch,y,,,,,-4,,1582,202,-218,0,4,,3358979881344,
2026-08-18 23:36:34.982,pulse_batch,x,,,,,4,,4870,862,720,77,77,,3359000261880,
2026-08-18 23:36:34.983,pulse_batch,y,,,,,-4,,1586,198,-222,0,4,,3359000439065,
2026-08-18 23:36:35.005,pulse_batch,x,,,,,4,,4874,866,724,77,77,,3359022503574,
2026-08-18 23:36:35.008,pulse_batch,y,,,,,-4,,1590,194,-226,0,4,,3359025325135,
2026-08-18 23:36:35.025,pulse_batch,x,,,,,4,,4878,870,728,77,77,,3359043183701,
2026-08-18 23:36:35.028,pulse_batch,y,,,,,-4,,1594,190,-230,0,4,,3359046040095,
2026-08-18 23:36:35.046,pulse_batch,x,,,,,4,,4882,874,732,77,77,,3359063734069,
2026-08-18 23:36:35.049,pulse_batch,y,,,,,-4,,1598,186,-234,0,4,,3359066570649,
2026-08-18 23:36:35.067,pulse_batch,x,,,,,4,,4886,878,736,77,77,,3359084388604,
2026-08-18 23:36:35.072,pulse_batch,y,,,,,-4,,1602,182,-238,0,4,,3359089370784,
2026-08-18 23:36:35.087,pulse_batch,x,,,,,4,,4890,882,740,77,77,,3359105104434,
2026-08-18 23:36:35.093,pulse_batch,y,,,,,-4,,1606,178,-242,0,4,,3359110484484,
2026-08-18 23:36:35.108,pulse_batch,x,,,,,4,,4894,886,744,77,77,,3359125668840,
2026-08-18 23:36:35.113,pulse_batch,y,,,,,-4,,1610,174,-246,0,4,,3359131084185,
2026-08-18 23:36:35.130,pulse_batch,x,,,,,4,,4898,890,748,77,77,,3359146300541,
2026-08-18 23:36:35.136,pulse_batch,y,,,,,-4,,1614,170,-250,0,4,,3359153663655,
2026-08-18 23:36:35.149,pulse_batch,x,,,,,4,,4902,894,752,77,77,,3359166947946,
2026-08-18 23:36:35.157,pulse_batch,y,,,,,-4,,1618,166,-254,0,4,,3359174375004,
2026-08-18 23:36:35.170,pulse_batch,x,,,,,4,,4906,898,756,77,77,,3359187690776,
2026-08-18 23:36:35.177,pulse_batch,y,,,,,-4,,1622,162,-258,0,4,,3359194950669,
2026-08-18 23:36:35.191,pulse_batch,x,,,,,4,,4910,902,760,77,77,,3359208598013,
2026-08-18 23:36:35.200,pulse_batch,y,,,,,-4,,1626,158,-262,0,4,,3359217916803,
2026-08-18 23:36:35.213,pulse_batch,x,,,,,4,,4914,906,764,77,77,,3359230713356,
2026-08-18 23:36:35.221,pulse_batch,y,,,,,-4,,1630,154,-266,0,4,,3359238787911,
2026-08-18 23:36:35.234,pulse_batch,x,,,,,4,,4918,910,768,77,77,,3359251284353,
2026-08-18 23:36:35.242,pulse_batch,y,,,,,-4,,1634,150,-270,0,4,,3359259342465,
2026-08-18 23:36:35.254,pulse_batch,x,,,,,4,,4922,914,772,77,77,,3359271853907,
2026-08-18 23:36:35.265,pulse_batch,y,,,,,-4,,1638,146,-274,0,4,,3359282281933,
2026-08-18 23:36:35.275,pulse_batch,x,,,,,4,,4926,918,776,77,77,,3359292629811,
2026-08-18 23:36:35.285,pulse_batch,y,,,,,-4,,1642,142,-278,0,4,,3359303061430,
2026-08-18 23:36:35.296,pulse_batch,x,,,,,4,,4930,922,780,77,77,,3359313558881,
2026-08-18 23:36:35.306,pulse_batch,y,,,,,-4,,1646,138,-282,0,4,,3359323637113,
2026-08-18 23:36:35.316,pulse_batch,x,,,,,4,,4934,926,784,77,77,,3359334114565,
2026-08-18 23:36:35.331,pulse_batch,y,,,,,-4,,1650,134,-286,0,4,,3359348371906,
2026-08-18 23:36:35.338,pulse_batch,x,,,,,4,,4938,930,788,77,77,,3359356039186,
2026-08-18 23:36:35.351,pulse_batch,y,,,,,-4,,1654,130,-290,0,4,,3359369154144,
2026-08-18 23:36:35.359,pulse_batch,x,,,,,4,,4942,934,792,77,77,,3359376685313,
2026-08-18 23:36:35.372,pulse_batch,y,,,,,-4,,1658,126,-294,0,4,,3359389735327,
2026-08-18 23:36:35.379,pulse_batch,x,,,,,4,,4946,938,796,77,77,,3359397254977,
2026-08-18 23:36:35.393,pulse_batch,y,,,,,-4,,1662,122,-298,0,4,,3359410311343,
2026-08-18 23:36:35.398,pulse_batch,x,,,,,3,,4949,941,799,77,77,,3359415486319,
2026-08-18 23:36:35.398,move_finish,x,,,7,,,,4949,941,799,77,77,,3359415854484,
2026-08-18 23:36:35.414,pulse_batch,y,,,,,-4,,1666,118,-302,0,4,,3359431408598,
2026-08-18 23:36:35.434,pulse_batch,y,,,,,-4,,1670,114,-306,0,4,,3359451986170,
2026-08-18 23:36:35.455,pulse_batch,y,,,,,-4,,1674,110,-310,0,4,,3359472540168,
2026-08-18 23:36:35.476,pulse_batch,y,,,,,-4,,1678,106,-314,0,4,,3359493374220,
2026-08-18 23:36:35.497,pulse_batch,y,,,,,-4,,1682,102,-318,0,4,,3359514411549,
2026-08-18 23:36:35.517,pulse_batch,y,,,,,-4,,1686,98,-322,0,4,,3359534939251,
2026-08-18 23:36:35.539,pulse_batch,y,,,,,-4,,1690,94,-326,0,4,,3359557081130,
2026-08-18 23:36:35.561,pulse_batch,y,,,,,-4,,1694,90,-330,0,4,,3359578624512,
2026-08-18 23:36:35.582,pulse_batch,y,,,,,-4,,1698,86,-334,0,4,,3359599798544,
2026-08-18 23:36:35.604,pulse_batch,y,,,,,-4,,1702,82,-338,0,4,,3359621281557,
2026-08-18 23:36:35.624,pulse_batch,y,,,,,-4,,1706,78,-342,0,4,,3359642022035,
2026-08-18 23:36:35.645,pulse_batch,y,,,,,-4,,1710,74,-346,0,4,,3359662559978,
2026-08-18 23:36:35.667,pulse_batch,y,,,,,-4,,1714,70,-350,0,4,,3359685105411,
2026-08-18 23:36:35.688,pulse_batch,y,,,,,-4,,1718,66,-354,0,4,,3359705816352,
2026-08-18 23:36:35.709,pulse_batch,y,,,,,-4,,1722,62,-358,0,4,,3359726374591,
2026-08-18 23:36:35.731,pulse_batch,y,,,,,-4,,1726,58,-362,0,4,,3359748614137,
2026-08-18 23:36:35.752,pulse_batch,y,,,,,-4,,1730,54,-366,0,4,,3359769330189,
2026-08-18 23:36:35.770,pulse_batch,y,,,,,-3,,1733,51,-369,0,4,,3359787368699,
2026-08-18 23:36:35.770,move_finish,y,,,7,,,,1733,51,-369,0,4,,3359787600050,
2026-08-18 23:36:35.923,approach_source_finish,x,3,stored,,,,-1,,941,799,77,77,799,,
2026-08-18 23:36:35.923,approach_source_finish,y,3,stored,,,,1,,51,-369,0,4,-369,,
2026-08-18 23:36:35.927,move_start,x,,,8,-164,,-1,4949,941,799,77,77,,3359944674234,
2026-08-18 23:36:35.927,move_start,y,,,8,18,,1,1733,51,-369,0,4,,3359944605049,
2026-08-18 23:36:35.930,pulse_batch,y,,,,,1,,1734,52,-369,1,4,,3359947669238,
2026-08-18 23:36:35.930,pulse_batch,x,,,,,-1,,4950,940,799,76,77,,3359947750442,
2026-08-18 23:36:35.951,pulse_batch,y,,,,,4,,1738,56,-368,4,4,,3359968328217,
2026-08-18 23:36:35.954,pulse_batch,x,,,,,-4,,4954,936,799,72,77,,3359971601332,
2026-08-18 23:36:35.971,pulse_batch,y,,,,,4,,1742,60,-364,4,4,,3359988917252,
2026-08-18 23:36:35.974,pulse_batch,x,,,,,-4,,4958,932,799,68,77,,3359992168367,
2026-08-18 23:36:35.992,pulse_batch,y,,,,,4,,1746,64,-360,4,4,,3360009498602,
2026-08-18 23:36:35.995,pulse_batch,x,,,,,-4,,4962,928,799,64,77,,3360012742531,
2026-08-18 23:36:36.014,pulse_batch,y,,,,,4,,1750,68,-356,4,4,,3360031658129,
2026-08-18 23:36:36.016,pulse_batch,x,,,,,-4,,4966,924,799,60,77,,3360034102618,
2026-08-18 23:36:36.022,pulse_batch,y,,,,,1,,1751,69,-355,4,4,,3360039499704,
2026-08-18 23:36:36.022,move_finish,y,,,8,,,,1751,69,-355,4,4,,3360039681759,
2026-08-18 23:36:36.037,pulse_batch,x,,,,,-4,,4970,920,799,56,77,,3360054647838,
2026-08-18 23:36:36.057,pulse_batch,x,,,,,-4,,4974,916,799,52,77,,3360075204132,
2026-08-18 23:36:36.079,pulse_batch,x,,,,,-4,,4978,912,799,48,77,,3360096439405,
2026-08-18 23:36:36.100,pulse_batch,x,,,,,-4,,4982,908,799,44,77,,3360117400401,
2026-08-18 23:36:36.120,pulse_batch,x,,,,,-4,,4986,904,799,40,77,,3360138059917,
2026-08-18 23:36:36.141,pulse_batch,x,,,,,-3,,4989,901,799,37,77,,3360158576360,
2026-08-18 23:36:36.164,pulse_batch,x,,,,,-4,,4993,897,799,33,77,,3360181754845,
2026-08-18 23:36:36.185,pulse_batch,x,,,,,-4,,4997,893,799,29,77,,3360202695045,
2026-08-18 23:36:36.206,pulse_batch,x,,,,,-4,,5001,889,799,25,77,,3360224044317,
2026-08-18 23:36:36.227,pulse_batch,x,,,,,-4,,5005,885,799,21,77,,3360244767648,
2026-08-18 23:36:36.248,pulse_batch,x,,,,,-4,,5009,881,799,17,77,,3360265306646,
2026-08-18 23:36:36.271,pulse_batch,x,,,,,-4,,5013,877,799,13,77,,3360288501372,
2026-08-18 23:36:36.291,pulse_batch,x,,,,,-4,,5017,873,799,9,77,,3360309182685,
2026-08-18 23:36:36.312,pulse_batch,x,,,,,-4,,5021,869,799,5,77,,3360329723460,
2026-08-18 23:36:36.337,pulse_batch,x,,,,,-4,,5025,865,799,1,77,,3360354531902,
2026-08-18 23:36:36.357,pulse_batch,x,,,,,-4,,5029,861,796,0,77,,3360375186751,
2026-08-18 23:36:36.378,pulse_batch,x,,,,,-4,,5033,857,792,0,77,,3360395789712,
2026-08-18 23:36:36.399,pulse_batch,x,,,,,-4,,5037,853,788,0,77,,3360416430431,
2026-08-18 23:36:36.419,pulse_batch,x,,,,,-4,,5041,849,784,0,77,,3360437202373,
2026-08-18 23:36:36.440,pulse_batch,x,,,,,-4,,5045,845,780,0,77,,3360457777556,
2026-08-18 23:36:36.461,pulse_batch,x,,,,,-4,,5049,841,776,0,77,,3360478354739,
2026-08-18 23:36:36.483,pulse_batch,x,,,,,-4,,5053,837,772,0,77,,3360501120560,
2026-08-18 23:36:36.504,pulse_batch,x,,,,,-4,,5057,833,768,0,77,,3360521724465,
2026-08-18 23:36:36.525,pulse_batch,x,,,,,-4,,5061,829,764,0,77,,3360542314963,
2026-08-18 23:36:36.547,pulse_batch,x,,,,,-4,,5065,825,760,0,77,,3360565002451,
2026-08-18 23:36:36.568,pulse_batch,x,,,,,-4,,5069,821,756,0,77,,3360585613745,
2026-08-18 23:36:36.589,pulse_batch,x,,,,,-4,,5073,817,752,0,77,,3360606245428,
2026-08-18 23:36:36.609,pulse_batch,x,,,,,-4,,5077,813,748,0,77,,3360626973554,
2026-08-18 23:36:36.630,pulse_batch,x,,,,,-4,,5081,809,744,0,77,,3360647847069,
2026-08-18 23:36:36.651,pulse_batch,x,,,,,-4,,5085,805,740,0,77,,3360668400271,
2026-08-18 23:36:36.673,pulse_batch,x,,,,,-4,,5089,801,736,0,77,,3360690674391,
2026-08-18 23:36:36.694,pulse_batch,x,,,,,-4,,5093,797,732,0,77,,3360711801812,
2026-08-18 23:36:36.715,pulse_batch,x,,,,,-4,,5097,793,728,0,77,,3360732329940,
2026-08-18 23:36:36.738,pulse_batch,x,,,,,-4,,5101,789,724,0,77,,3360755632555,
2026-08-18 23:36:36.759,pulse_batch,x,,,,,-4,,5105,785,720,0,77,,3360776339385,
2026-08-18 23:36:36.779,pulse_batch,x,,,,,-4,,5109,781,716,0,77,,3360796879679,
2026-08-18 23:36:36.802,pulse_batch,x,,,,,-4,,5113,777,712,0,77,,3360819254854,
2026-08-18 23:36:36.804,move_finish,x,,,8,,,,5113,777,712,0,77,,3360821824916,
2026-08-18 23:36:36.990,target_finish,x,3,stored,,,,,,777,712,0,77,712,,ok=True
2026-08-18 23:36:36.990,target_finish,y,3,stored,,,,,,69,-355,4,4,-355,,ok=True
2026-08-18 23:36:40.005,target_start,x,4,stored,,,,,,777,712,0,77,367,,
2026-08-18 23:36:40.005,target_start,y,4,stored,,,,,,69,-355,4,4,-426,,
2026-08-18 23:36:40.005,approach_source_start,x,4,stored,,,,-1,,777,712,0,77,454,,
2026-08-18 23:36:40.005,approach_source_start,y,4,stored,,,,-1,,69,-355,4,4,-412,,
2026-08-18 23:36:40.009,move_start,y,,,9,-61,,-1,1751,69,-355,4,4,,3364026996312,
2026-08-18 23:36:40.009,move_start,x,,,9,-258,,-1,5113,777,712,0,77,,3364027079145,
2026-08-18 23:36:40.012,pulse_batch,x,,,,,-1,,5114,776,711,0,77,,3364029986299,
2026-08-18 23:36:40.013,pulse_batch,y,,,,,-1,,1752,68,-355,3,4,,3364030665555,
2026-08-18 23:36:40.034,pulse_batch,x,,,,,-4,,5118,772,707,0,77,,3364051335960,
2026-08-18 23:36:40.036,pulse_batch,y,,,,,-4,,1756,64,-356,0,4,,3364053351710,
2026-08-18 23:36:40.054,pulse_batch,x,,,,,-4,,5122,768,703,0,77,,3364071899069,
2026-08-18 23:36:40.056,pulse_batch,y,,,,,-4,,1760,60,-360,0,4,,3364074136095,
2026-08-18 23:36:40.076,pulse_batch,x,,,,,-4,,5126,764,699,0,77,,3364093302341,
2026-08-18 23:36:40.077,pulse_batch,y,,,,,-4,,1764,56,-364,0,4,,3364095026647,
2026-08-18 23:36:40.097,pulse_batch,x,,,,,-4,,5130,760,695,0,77,,3364114532132,
2026-08-18 23:36:40.099,pulse_batch,y,,,,,-4,,1768,52,-368,0,4,,3364116989361,
2026-08-18 23:36:40.117,pulse_batch,x,,,,,-4,,5134,756,691,0,77,,3364135268222,
2026-08-18 23:36:40.120,pulse_batch,y,,,,,-4,,1772,48,-372,0,4,,3364137724710,
2026-08-18 23:36:40.139,pulse_batch,x,,,,,-4,,5138,752,687,0,77,,3364156668734,
2026-08-18 23:36:40.142,pulse_batch,y,,,,,-4,,1776,44,-376,0,4,,3364159683517,
2026-08-18 23:36:40.160,pulse_batch,x,,,,,-4,,5142,748,683,0,77,,3364177750545,
2026-08-18 23:36:40.163,pulse_batch,y,,,,,-4,,1780,40,-380,0,4,,3364180523476,
2026-08-18 23:36:40.181,pulse_batch,x,,,,,-4,,5146,744,679,0,77,,3364198339894,
2026-08-18 23:36:40.183,pulse_batch,y,,,,,-4,,1784,36,-384,0,4,,3364201128696,
2026-08-18 23:36:40.201,pulse_batch,x,,,,,-4,,5150,740,675,0,77,,3364219025892,
2026-08-18 23:36:40.205,pulse_batch,y,,,,,-4,,1788,32,-388,0,4,,3364222549042,
2026-08-18 23:36:40.225,pulse_batch,x,,,,,-4,,5154,736,671,0,77,,3364242765116,
2026-08-18 23:36:40.226,pulse_batch,y,,,,,-4,,1792,28,-392,0,4,,3364243310669,
2026-08-18 23:36:40.246,pulse_batch,x,,,,,-4,,5158,732,667,0,77,,3364263434521,
2026-08-18 23:36:40.246,pulse_batch,y,,,,,-4,,1796,24,-396,0,4,,3364264021463,
2026-08-18 23:36:40.267,pulse_batch,x,,,,,-4,,5162,728,663,0,77,,3364284455350,
2026-08-18 23:36:40.267,pulse_batch,y,,,,,-4,,1800,20,-400,0,4,,3364284988088,
2026-08-18 23:36:40.288,pulse_batch,x,,,,,-4,,5166,724,659,0,77,,3364305582846,
2026-08-18 23:36:40.290,pulse_batch,y,,,,,-4,,1804,16,-404,0,4,,3364308120186,
2026-08-18 23:36:40.309,pulse_batch,x,,,,,-4,,5170,720,655,0,77,,3364326384176,
2026-08-18 23:36:40.311,pulse_batch,y,,,,,-4,,1808,12,-408,0,4,,3364328776720,
2026-08-18 23:36:40.330,pulse_batch,x,,,,,-4,,5174,716,651,0,77,,3364348208835,
2026-08-18 23:36:40.333,pulse_batch,y,,,,,-4,,1812,8,-412,0,4,,3364350876822,
2026-08-18 23:36:40.338,move_finish,y,,,9,,,,1812,8,-412,0,4,,3364355663208,
2026-08-18 23:36:40.353,pulse_batch,x,,,,,-4,,5178,712,647,0,77,,3364371208951,
2026-08-18 23:36:40.374,pulse_batch,x,,,,,-4,,5182,708,643,0,77,,3364391875597,
2026-08-18 23:36:40.395,pulse_batch,x,,,,,-4,,5186,704,639,0,77,,3364412545131,
2026-08-18 23:36:40.417,pulse_batch,x,,,,,-4,,5190,700,635,0,77,,3364435062046,
2026-08-18 23:36:40.440,pulse_batch,x,,,,,-4,,5194,696,631,0,77,,3364457274703,
2026-08-18 23:36:40.461,pulse_batch,x,,,,,-4,,5198,692,627,0,77,,3364478693438,
2026-08-18 23:36:40.483,pulse_batch,x,,,,,-4,,5202,688,623,0,77,,3364500323246,
2026-08-18 23:36:40.503,pulse_batch,x,,,,,-4,,5206,684,619,0,77,,3364521088706,
2026-08-18 23:36:40.524,pulse_batch,x,,,,,-4,,5210,680,615,0,77,,3364541740444,
2026-08-18 23:36:40.546,pulse_batch,x,,,,,-4,,5214,676,611,0,77,,3364563462085,
2026-08-18 23:36:40.566,pulse_batch,x,,,,,-4,,5218,672,607,0,77,,3364584119324,
2026-08-18 23:36:40.587,pulse_batch,x,,,,,-4,,5222,668,603,0,77,,3364604680377,
2026-08-18 23:36:40.611,pulse_batch,x,,,,,-4,,5226,664,599,0,77,,3364628309991,
2026-08-18 23:36:40.631,pulse_batch,x,,,,,-4,,5230,660,595,0,77,,3364649117173,
2026-08-18 23:36:40.652,pulse_batch,x,,,,,-4,,5234,656,591,0,77,,3364669729541,
2026-08-18 23:36:40.675,pulse_batch,x,,,,,-4,,5238,652,587,0,77,,3364692761602,
2026-08-18 23:36:40.696,pulse_batch,x,,,,,-4,,5242,648,583,0,77,,3364713514173,
2026-08-18 23:36:40.716,pulse_batch,x,,,,,-4,,5246,644,579,0,77,,3364734103560,
2026-08-18 23:36:40.740,pulse_batch,x,,,,,-4,,5250,640,575,0,77,,3364758061301,
2026-08-18 23:36:40.761,pulse_batch,x,,,,,-4,,5254,636,571,0,77,,3364778809039,
2026-08-18 23:36:40.782,pulse_batch,x,,,,,-4,,5258,632,567,0,77,,3364799399963,
2026-08-18 23:36:40.804,pulse_batch,x,,,,,-4,,5262,628,563,0,77,,3364822202599,
2026-08-18 23:36:40.825,pulse_batch,x,,,,,-4,,5266,624,559,0,77,,3364842886948,
2026-08-18 23:36:40.846,pulse_batch,x,,,,,-4,,5270,620,555,0,77,,3364863563427,
2026-08-18 23:36:40.867,pulse_batch,x,,,,,-4,,5274,616,551,0,77,,3364884316128,
2026-08-18 23:36:40.887,pulse_batch,x,,,,,-4,,5278,612,547,0,77,,3364905123143,
2026-08-18 23:36:40.908,pulse_batch,x,,,,,-4,,5282,608,543,0,77,,3364925969121,
2026-08-18 23:36:40.929,pulse_batch,x,,,,,-4,,5286,604,539,0,77,,3364946677489,
2026-08-18 23:36:40.952,pulse_batch,x,,,,,-4,,5290,600,535,0,77,,3364969678013,
2026-08-18 23:36:40.972,pulse_batch,x,,,,,-4,,5294,596,531,0,77,,3364990224085,
2026-08-18 23:36:40.993,pulse_batch,x,,,,,-4,,5298,592,527,0,77,,3365010908583,
2026-08-18 23:36:41.015,pulse_batch,x,,,,,-4,,5302,588,523,0,77,,3365032922222,
2026-08-18 23:36:41.036,pulse_batch,x,,,,,-4,,5306,584,519,0,77,,3365053645367,
2026-08-18 23:36:41.057,pulse_batch,x,,,,,-4,,5310,580,515,0,77,,3365074308328,
2026-08-18 23:36:41.077,pulse_batch,x,,,,,-4,,5314,576,511,0,77,,3365095131454,
2026-08-18 23:36:41.098,pulse_batch,x,,,,,-4,,5318,572,507,0,77,,3365115859859,
2026-08-18 23:36:41.119,pulse_batch,x,,,,,-4,,5322,568,503,0,77,,3365136438653,
2026-08-18 23:36:41.142,pulse_batch,x,,,,,-4,,5326,564,499,0,77,,3365159269085,
2026-08-18 23:36:41.162,pulse_batch,x,,,,,-4,,5330,560,495,0,77,,3365180028360,
2026-08-18 23:36:41.183,pulse_batch,x,,,,,-4,,5334,556,491,0,77,,3365200703691,
2026-08-18 23:36:41.205,pulse_batch,x,,,,,-4,,5338,552,487,0,77,,3365223112514,
2026-08-18 23:36:41.226,pulse_batch,x,,,,,-4,,5342,548,483,0,77,,3365243851808,
2026-08-18 23:36:41.247,pulse_batch,x,,,,,-4,,5346,544,479,0,77,,3365264491713,
2026-08-18 23:36:41.268,pulse_batch,x,,,,,-4,,5350,540,475,0,77,,3365285959799,
2026-08-18 23:36:41.290,pulse_batch,x,,,,,-4,,5354,536,471,0,77,,3365307985272,
2026-08-18 23:36:41.311,pulse_batch,x,,,,,-4,,5358,532,467,0,77,,3365328594844,
2026-08-18 23:36:41.331,pulse_batch,x,,,,,-4,,5362,528,463,0,77,,3365349220527,
2026-08-18 23:36:41.354,pulse_batch,x,,,,,-4,,5366,524,459,0,77,,3365371615220,
2026-08-18 23:36:41.375,pulse_batch,x,,,,,-4,,5370,520,455,0,77,,3365392320699,
2026-08-18 23:36:41.382,pulse_batch,x,,,,,-1,,5371,519,454,0,77,,3365400023071,
2026-08-18 23:36:41.382,move_finish,x,,,9,,,,5371,519,454,0,77,,3365400149274,
2026-08-18 23:36:41.530,approach_source_finish,x,4,stored,,,,-1,,519,454,0,77,454,,
2026-08-18 23:36:41.530,approach_source_finish,y,4,stored,,,,-1,,8,-412,0,4,-412,,
2026-08-18 23:36:41.534,move_start,x,,,10,-87,,-1,5371,519,454,0,77,,3365551898132,
2026-08-18 23:36:41.534,move_start,y,,,10,-14,,-1,1812,8,-412,0,4,,3365551827373,
2026-08-18 23:36:41.537,pulse_batch,y,,,,,-1,,1813,7,-413,0,4,,3365555071080,
2026-08-18 23:36:41.537,pulse_batch,x,,,,,-1,,5372,518,453,0,77,,3365554991525,
2026-08-18 23:36:41.558,pulse_batch,y,,,,,-4,,1817,3,-417,0,4,,3365575885947,
2026-08-18 23:36:41.558,pulse_batch,x,,,,,-4,,5376,514,449,0,77,,3365576083206,
2026-08-18 23:36:41.579,pulse_batch,y,,,,,-4,,1821,-1,-421,0,4,,3365596675963,
2026-08-18 23:36:41.579,pulse_batch,x,,,,,-4,,5380,510,445,0,77,,3365596741555,
2026-08-18 23:36:41.599,pulse_batch,y,,,,,-4,,1825,-5,-425,0,4,,3365617269498,
2026-08-18 23:36:41.600,pulse_batch,x,,,,,-4,,5384,506,441,0,77,,3365617476608,
2026-08-18 23:36:41.608,pulse_batch,y,,,,,-1,,1826,-6,-426,0,4,,3365625762236,
2026-08-18 23:36:41.608,move_finish,y,,,10,,,,1826,-6,-426,0,4,,3365626210012,
2026-08-18 23:36:41.621,pulse_batch,x,,,,,-4,,5388,502,437,0,77,,3365638947509,
2026-08-18 23:36:41.642,pulse_batch,x,,,,,-4,,5392,498,433,0,77,,3365659561081,
2026-08-18 23:36:41.663,pulse_batch,x,,,,,-4,,5396,494,429,0,77,,3365680486207,
2026-08-18 23:36:41.686,pulse_batch,x,,,,,-4,,5400,490,425,0,77,,3365704105524,
2026-08-18 23:36:41.709,pulse_batch,x,,,,,-4,,5404,486,421,0,77,,3365726643069,
2026-08-18 23:36:41.730,pulse_batch,x,,,,,-4,,5408,482,417,0,77,,3365747449066,
2026-08-18 23:36:41.751,pulse_batch,x,,,,,-4,,5412,478,413,0,77,,3365768975448,
2026-08-18 23:36:41.772,pulse_batch,x,,,,,-4,,5416,474,409,0,77,,3365789688760,
2026-08-18 23:36:41.793,pulse_batch,x,,,,,-4,,5420,470,405,0,77,,3365810398758,
2026-08-18 23:36:41.814,pulse_batch,x,,,,,-4,,5424,466,401,0,77,,3365831489938,
2026-08-18 23:36:41.835,pulse_batch,x,,,,,-4,,5428,462,397,0,77,,3365852250713,
2026-08-18 23:36:41.855,pulse_batch,x,,,,,-4,,5432,458,393,0,77,,3365872802823,
2026-08-18 23:36:41.876,pulse_batch,x,,,,,-4,,5436,454,389,0,77,,3365893538838,
2026-08-18 23:36:41.897,pulse_batch,x,,,,,-4,,5440,450,385,0,77,,3365914383354,
2026-08-18 23:36:41.917,pulse_batch,x,,,,,-4,,5444,446,381,0,77,,3365934931833,
2026-08-18 23:36:41.939,pulse_batch,x,,,,,-4,,5448,442,377,0,77,,3365957209508,
2026-08-18 23:36:41.960,pulse_batch,x,,,,,-4,,5452,438,373,0,77,,3365977922172,
2026-08-18 23:36:41.981,pulse_batch,x,,,,,-4,,5456,434,369,0,77,,3365998536392,
2026-08-18 23:36:41.994,pulse_batch,x,,,,,-2,,5458,432,367,0,77,,3366011397704,
2026-08-18 23:36:41.994,move_finish,x,,,10,,,,5458,432,367,0,77,,3366011613925,
2026-08-18 23:36:42.128,target_finish,x,4,stored,,,,,,432,367,0,77,367,,ok=True
2026-08-18 23:36:42.128,target_finish,y,4,stored,,,,,,-6,-426,0,4,-426,,ok=True
2026-08-18 23:36:45.141,target_start,x,5,stored,,,,,,432,367,0,77,6,,
2026-08-18 23:36:45.141,target_start,y,5,stored,,,,,,-6,-426,0,4,-426,,
2026-08-18 23:36:45.141,approach_source_start,x,5,stored,,,,1,,432,367,0,77,-81,,
2026-08-18 23:36:45.141,approach_source_start,y,5,stored,,,,-1,,-6,-426,0,4,-412,,
2026-08-18 23:36:45.145,move_start,x,,,11,-448,,-1,5458,432,367,0,77,,3369162982533,
2026-08-18 23:36:45.145,move_start,y,,,11,18,,1,1826,-6,-426,0,4,,3369163047644,
2026-08-18 23:36:45.148,pulse_batch,y,,,,,1,,1827,-5,-426,1,4,,3369165976149,
2026-08-18 23:36:45.148,pulse_batch,x,,,,,-1,,5459,431,366,0,77,,3369166269166,
2026-08-18 23:36:45.169,pulse_batch,y,,,,,4,,1831,-1,-425,4,4,,3369186964923,
2026-08-18 23:36:45.171,pulse_batch,x,,,,,-4,,5463,427,362,0,77,,3369188991729,
2026-08-18 23:36:45.190,pulse_batch,y,,,,,4,,1835,3,-421,4,4,,3369207486236,
2026-08-18 23:36:45.192,pulse_batch,x,,,,,-4,,5467,423,358,0,77,,3369209539282,
2026-08-18 23:36:45.211,pulse_batch,y,,,,,4,,1839,7,-417,4,4,,3369229002545,
2026-08-18 23:36:45.214,pulse_batch,x,,,,,-4,,5471,419,354,0,77,,3369231688236,
2026-08-18 23:36:45.233,pulse_batch,y,,,,,4,,1843,11,-413,4,4,,3369250749797,
2026-08-18 23:36:45.235,pulse_batch,x,,,,,-4,,5475,415,350,0,77,,3369252311901,
2026-08-18 23:36:45.241,pulse_batch,y,,,,,1,,1844,12,-412,4,4,,3369258500002,
2026-08-18 23:36:45.241,move_finish,y,,,11,,,,1844,12,-412,4,4,,3369258719927,
2026-08-18 23:36:45.255,pulse_batch,x,,,,,-4,,5479,411,346,0,77,,3369272929473,
2026-08-18 23:36:45.276,pulse_batch,x,,,,,-4,,5483,407,342,0,77,,3369294074579,
2026-08-18 23:36:45.300,pulse_batch,x,,,,,-4,,5487,403,338,0,77,,3369317421102,
2026-08-18 23:36:45.320,pulse_batch,x,,,,,-4,,5491,399,334,0,77,,3369338064840,
2026-08-18 23:36:45.342,pulse_batch,x,,,,,-4,,5495,395,330,0,77,,3369359048836,
2026-08-18 23:36:45.365,pulse_batch,x,,,,,-4,,5499,391,326,0,77,,3369382740635,
2026-08-18 23:36:45.386,pulse_batch,x,,,,,-4,,5503,387,322,0,77,,3369403460040,
2026-08-18 23:36:45.407,pulse_batch,x,,,,,-4,,5507,383,318,0,77,,3369424354573,
2026-08-18 23:36:45.429,pulse_batch,x,,,,,-4,,5511,379,314,0,77,,3369446635712,
2026-08-18 23:36:45.449,pulse_batch,x,,,,,-4,,5515,375,310,0,77,,3369467226432,
2026-08-18 23:36:45.470,pulse_batch,x,,,,,-4,,5519,371,306,0,77,,3369488027707,
2026-08-18 23:36:45.492,pulse_batch,x,,,,,-4,,5523,367,302,0,77,,3369509346961,
2026-08-18 23:36:45.512,pulse_batch,x,,,,,-4,,5527,363,298,0,77,,3369529989995,
2026-08-18 23:36:45.533,pulse_batch,x,,,,,-4,,5531,359,294,0,77,,3369550632289,
2026-08-18 23:36:45.554,pulse_batch,x,,,,,-4,,5535,355,290,0,77,,3369571462786,
2026-08-18 23:36:45.574,pulse_batch,x,,,,,-4,,5539,351,286,0,77,,3369592070507,
2026-08-18 23:36:45.595,pulse_batch,x,,,,,-4,,5543,347,282,0,77,,3369612612894,
2026-08-18 23:36:45.617,pulse_batch,x,,,,,-4,,5547,343,278,0,77,,3369634907902,
2026-08-18 23:36:45.638,pulse_batch,x,,,,,-4,,5551,339,274,0,77,,3369655800529,
2026-08-18 23:36:45.659,pulse_batch,x,,,,,-4,,5555,335,270,0,77,,3369676335527,
2026-08-18 23:36:45.679,pulse_batch,x,,,,,-4,,5559,331,266,0,77,,3369697050358,
2026-08-18 23:36:45.700,pulse_batch,x,,,,,-4,,5563,327,262,0,77,,3369717801910,
2026-08-18 23:36:45.721,pulse_batch,x,,,,,-4,,5567,323,258,0,77,,3369738334853,
2026-08-18 23:36:45.741,pulse_batch,x,,,,,-4,,5571,319,254,0,77,,3369759068110,
2026-08-18 23:36:45.762,pulse_batch,x,,,,,-4,,5575,315,250,0,77,,3369780044717,
2026-08-18 23:36:45.783,pulse_batch,x,,,,,-4,,5579,311,246,0,77,,3369800694641,
2026-08-18 23:36:45.804,pulse_batch,x,,,,,-4,,5583,307,242,0,77,,3369821335453,
2026-08-18 23:36:45.826,pulse_batch,x,,,,,-4,,5587,303,238,0,77,,3369843870294,
2026-08-18 23:36:45.847,pulse_batch,x,,,,,-4,,5591,299,234,0,77,,3369864440700,
2026-08-18 23:36:45.868,pulse_batch,x,,,,,-4,,5595,295,230,0,77,,3369885319215,
2026-08-18 23:36:45.889,pulse_batch,x,,,,,-4,,5599,291,226,0,77,,3369907142263,
2026-08-18 23:36:45.910,pulse_batch,x,,,,,-4,,5603,287,222,0,77,,3369927783390,
2026-08-18 23:36:45.931,pulse_batch,x,,,,,-4,,5607,283,218,0,77,,3369948759646,
2026-08-18 23:36:45.953,pulse_batch,x,,,,,-4,,5611,279,214,0,77,,3369970479490,
2026-08-18 23:36:45.973,pulse_batch,x,,,,,-4,,5615,275,210,0,77,,3369991148395,
2026-08-18 23:36:45.994,pulse_batch,x,,,,,-4,,5619,271,206,0,77,,3370011872411,
2026-08-18 23:36:46.015,pulse_batch,x,,,,,-4,,5623,267,202,0,77,,3370033164647,
2026-08-18 23:36:46.036,pulse_batch,x,,,,,-4,,5627,263,198,0,77,,3370053897496,
2026-08-18 23:36:46.057,pulse_batch,x,,,,,-4,,5631,259,194,0,77,,3370074461105,
2026-08-18 23:36:46.079,pulse_batch,x,,,,,-4,,5635,255,190,0,77,,3370097045965,
2026-08-18 23:36:46.100,pulse_batch,x,,,,,-4,,5639,251,186,0,77,,3370117749833,
2026-08-18 23:36:46.121,pulse_batch,x,,,,,-4,,5643,247,182,0,77,,3370138287923,
2026-08-18 23:36:46.142,pulse_batch,x,,,,,-4,,5647,243,178,0,77,,3370160117379,
2026-08-18 23:36:46.163,pulse_batch,x,,,,,-4,,5651,239,174,0,77,,3370180837913,
2026-08-18 23:36:46.184,pulse_batch,x,,,,,-4,,5655,235,170,0,77,,3370201421726,
2026-08-18 23:36:46.206,pulse_batch,x,,,,,-4,,5659,231,166,0,77,,3370224064548,
2026-08-18 23:36:46.227,pulse_batch,x,,,,,-4,,5663,227,162,0,77,,3370244959915,
2026-08-18 23:36:46.248,pulse_batch,x,,,,,-4,,5667,223,158,0,77,,3370265576487,
2026-08-18 23:36:46.269,pulse_batch,x,,,,,-4,,5671,219,154,0,77,,3370286345410,
2026-08-18 23:36:46.292,pulse_batch,x,,,,,-4,,5675,215,150,0,77,,3370309339379,
2026-08-18 23:36:46.312,pulse_batch,x,,,,,-4,,5679,211,146,0,77,,3370329938673,
2026-08-18 23:36:46.333,pulse_batch,x,,,,,-4,,5683,207,142,0,77,,3370350736540,
2026-08-18 23:36:46.356,pulse_batch,x,,,,,-4,,5687,203,138,0,77,,3370373441788,
2026-08-18 23:36:46.376,pulse_batch,x,,,,,-4,,5691,199,134,0,77,,3370394149526,
2026-08-18 23:36:46.397,pulse_batch,x,,,,,-4,,5695,195,130,0,77,,3370414851024,
2026-08-18 23:36:46.418,pulse_batch,x,,,,,-4,,5699,191,126,0,77,,3370435641687,
2026-08-18 23:36:46.439,pulse_batch,x,,,,,-4,,5703,187,122,0,77,,3370456531684,
2026-08-18 23:36:46.459,pulse_batch,x,,,,,-4,,5707,183,118,0,77,,3370477084941,
2026-08-18 23:36:46.480,pulse_batch,x,,,,,-4,,5711,179,114,0,77,,3370497799272,
2026-08-18 23:36:46.501,pulse_batch,x,,,,,-4,,5715,175,110,0,77,,3370518559214,
2026-08-18 23:36:46.521,pulse_batch,x,,,,,-4,,5719,171,106,0,77,,3370539106138,
2026-08-18 23:36:46.544,pulse_batch,x,,,,,-4,,5723,167,102,0,77,,3370561465498,
2026-08-18 23:36:46.564,pulse_batch,x,,,,,-4,,5727,163,98,0,77,,3370582184625,
2026-08-18 23:36:46.585,pulse_batch,x,,,,,-4,,5731,159,94,0,77,,3370602755383,
2026-08-18 23:36:46.608,pulse_batch,x,,,,,-4,,5735,155,90,0,77,,3370625780296,
2026-08-18 23:36:46.629,pulse_batch,x,,,,,-4,,5739,151,86,0,77,,3370646617941,
2026-08-18 23:36:46.650,pulse_batch,x,,,,,-4,,5743,147,82,0,77,,3370667306753,
2026-08-18 23:36:46.675,pulse_batch,x,,,,,-4,,5747,143,78,0,77,,3370692394879,
2026-08-18 23:36:46.695,pulse_batch,x,,,,,-4,,5751,139,74,0,77,,3370713152357,
2026-08-18 23:36:46.716,pulse_batch,x,,,,,-4,,5755,135,70,0,77,,3370733740929,
2026-08-18 23:36:46.737,pulse_batch,x,,,,,-4,,5759,131,66,0,77,,3370754597834,
2026-08-18 23:36:46.758,pulse_batch,x,,,,,-4,,5763,127,62,0,77,,3370775528682,
2026-08-18 23:36:46.778,pulse_batch,x,,,,,-4,,5767,123,58,0,77,,3370796213050,
2026-08-18 23:36:46.799,pulse_batch,x,,,,,-4,,5771,119,54,0,77,,3370816889214,
2026-08-18 23:36:46.822,pulse_batch,x,,,,,-4,,5775,115,50,0,77,,3370839738869,
2026-08-18 23:36:46.843,pulse_batch,x,,,,,-4,,5779,111,46,0,77,,3370860519051,
2026-08-18 23:36:46.863,pulse_batch,x,,,,,-4,,5783,107,42,0,77,,3370881147345,
2026-08-18 23:36:46.886,pulse_batch,x,,,,,-4,,5787,103,38,0,77,,3370903737501,
2026-08-18 23:36:46.907,pulse_batch,x,,,,,-4,,5791,99,34,0,77,,3370924530516,
2026-08-18 23:36:46.927,pulse_batch,x,,,,,-4,,5795,95,30,0,77,,3370945194792,
2026-08-18 23:36:46.949,pulse_batch,x,,,,,-4,,5799,91,26,0,77,,3370967130413,
2026-08-18 23:36:46.970,pulse_batch,x,,,,,-4,,5803,87,22,0,77,,3370987855170,
2026-08-18 23:36:46.991,pulse_batch,x,,,,,-4,,5807,83,18,0,77,,3371008440483,
2026-08-18 23:36:47.013,pulse_batch,x,,,,,-4,,5811,79,14,0,77,,3371030423937,
2026-08-18 23:36:47.035,pulse_batch,x,,,,,-4,,5815,75,10,0,77,,3371053153333,
2026-08-18 23:36:47.056,pulse_batch,x,,,,,-4,,5819,71,6,0,77,,3371073834368,
2026-08-18 23:36:47.078,pulse_batch,x,,,,,-4,,5823,67,2,0,77,,3371095924544,
2026-08-18 23:36:47.099,pulse_batch,x,,,,,-4,,5827,63,-2,0,77,,3371116616708,
2026-08-18 23:36:47.120,pulse_batch,x,,,,,-4,,5831,59,-6,0,77,,3371137275150,
2026-08-18 23:36:47.140,pulse_batch,x,,,,,-4,,5835,55,-10,0,77,,3371158030444,
2026-08-18 23:36:47.164,pulse_batch,x,,,,,-4,,5839,51,-14,0,77,,3371182073056,
2026-08-18 23:36:47.185,pulse_batch,x,,,,,-4,,5843,47,-18,0,77,,3371202691220,
2026-08-18 23:36:47.206,pulse_batch,x,,,,,-4,,5847,43,-22,0,77,,3371223342755,
2026-08-18 23:36:47.229,pulse_batch,x,,,,,-4,,5851,39,-26,0,77,,3371246358261,
2026-08-18 23:36:47.249,pulse_batch,x,,,,,-4,,5855,35,-30,0,77,,3371266943444,
2026-08-18 23:36:47.270,pulse_batch,x,,,,,-4,,5859,31,-34,0,77,,3371287580460,
2026-08-18 23:36:47.291,pulse_batch,x,,,,,-4,,5863,27,-38,0,77,,3371308863363,
2026-08-18 23:36:47.312,pulse_batch,x,,,,,-4,,5867,23,-42,0,77,,3371329567971,
2026-08-18 23:36:47.333,pulse_batch,x,,,,,-4,,5871,19,-46,0,77,,3371350307635,
2026-08-18 23:36:47.356,pulse_batch,x,,,,,-4,,5875,15,-50,0,77,,3371373798435,
2026-08-18 23:36:47.377,pulse_batch,x,,,,,-4,,5879,11,-54,0,77,,3371394595136,
2026-08-18 23:36:47.398,pulse_batch,x,,,,,-4,,5883,7,-58,0,77,,3371416076852,
2026-08-18 23:36:47.421,pulse_batch,x,,,,,-4,,5887,3,-62,0,77,,3371438643285,
2026-08-18 23:36:47.442,pulse_batch,x,,,,,-4,,5891,-1,-66,0,77,,3371459351727,
2026-08-18 23:36:47.462,pulse_batch,x,,,,,-4,,5895,-5,-70,0,77,,3371480019188,
2026-08-18 23:36:47.486,pulse_batch,x,,,,,-4,,5899,-9,-74,0,77,,3371503554395,
2026-08-18 23:36:47.508,pulse_batch,x,,,,,-4,,5903,-13,-78,0,77,,3371525623256,
2026-08-18 23:36:47.526,pulse_batch,x,,,,,-3,,5906,-16,-81,0,77,,3371543720673,
2026-08-18 23:36:47.526,move_finish,x,,,11,,,,5906,-16,-81,0,77,,3371543904969,
2026-08-18 23:36:47.668,approach_source_finish,x,5,stored,,,,1,,-16,-81,0,77,-81,,
2026-08-18 23:36:47.668,approach_source_finish,y,5,stored,,,,-1,,12,-412,4,4,-412,,
2026-08-18 23:36:47.673,move_start,x,,,12,164,,1,5906,-16,-81,0,77,,3371690789164,
2026-08-18 23:36:47.674,move_start,y,,,12,-18,,-1,1844,12,-412,4,4,,3371690933682,
2026-08-18 23:36:47.676,pulse_batch,x,,,,,1,,5907,-15,-81,1,77,,3371693716355,
2026-08-18 23:36:47.677,pulse_batch,y,,,,,-1,,1845,11,-412,3,4,,3371694911257,
2026-08-18 23:36:47.697,pulse_batch,x,,,,,4,,5911,-11,-81,5,77,,3371714382204,
2026-08-18 23:36:47.698,pulse_batch,y,,,,,-4,,1849,7,-413,0,4,,3371715527310,
2026-08-18 23:36:47.717,pulse_batch,x,,,,,4,,5915,-7,-81,9,77,,3371734954739,
2026-08-18 23:36:47.718,pulse_batch,y,,,,,-4,,1853,3,-417,0,4,,3371736069234,
2026-08-18 23:36:47.738,pulse_batch,x,,,,,4,,5919,-3,-81,13,77,,3371755609441,
2026-08-18 23:36:47.741,pulse_batch,y,,,,,-4,,1857,-1,-421,0,4,,3371758382576,
2026-08-18 23:36:47.761,pulse_batch,x,,,,,4,,5923,1,-81,17,77,,3371778622372,
2026-08-18 23:36:47.764,pulse_batch,y,,,,,-4,,1861,-5,-425,0,4,,3371782202300,
2026-08-18 23:36:47.772,pulse_batch,y,,,,,-1,,1862,-6,-426,0,4,,3371789894635,
2026-08-18 23:36:47.772,move_finish,y,,,12,,,,1862,-6,-426,0,4,,3371790116245,
2026-08-18 23:36:47.783,pulse_batch,x,,,,,4,,5927,5,-81,21,77,,3371800644493,
2026-08-18 23:36:47.804,pulse_batch,x,,,,,4,,5931,9,-81,25,77,,3371821340602,
2026-08-18 23:36:47.824,pulse_batch,x,,,,,4,,5935,13,-81,29,77,,3371842119433,
2026-08-18 23:36:47.846,pulse_batch,x,,,,,4,,5939,17,-81,33,77,,3371864036739,
2026-08-18 23:36:47.867,pulse_batch,x,,,,,4,,5943,21,-81,37,77,,3371884720126,
2026-08-18 23:36:47.891,pulse_batch,x,,,,,4,,5947,25,-81,41,77,,3371908421332,
2026-08-18 23:36:47.913,pulse_batch,x,,,,,4,,5951,29,-81,45,77,,3371930527323,
2026-08-18 23:36:47.934,pulse_batch,x,,,,,4,,5955,33,-81,49,77,,3371951320450,
2026-08-18 23:36:47.957,pulse_batch,x,,,,,4,,5959,37,-81,53,77,,3371974741046,
2026-08-18 23:36:47.978,pulse_batch,x,,,,,4,,5963,41,-81,57,77,,3371995407562,
2026-08-18 23:36:47.998,pulse_batch,x,,,,,4,,5967,45,-81,61,77,,3372016127541,
2026-08-18 23:36:48.019,pulse_batch,x,,,,,4,,5971,49,-81,65,77,,3372037256203,
2026-08-18 23:36:48.040,pulse_batch,x,,,,,4,,5975,53,-81,69,77,,3372057928294,
2026-08-18 23:36:48.061,pulse_batch,x,,,,,4,,5979,57,-81,73,77,,3372078481347,
2026-08-18 23:36:48.082,pulse_batch,x,,,,,4,,5983,61,-81,77,77,,3372099312733,
2026-08-18 23:36:48.102,pulse_batch,x,,,,,4,,5987,65,-77,77,77,,3372120029879,
2026-08-18 23:36:48.123,pulse_batch,x,,,,,4,,5991,69,-73,77,77,,3372140570433,
2026-08-18 23:36:48.145,pulse_batch,x,,,,,4,,5995,73,-69,77,77,,3372162994534,
2026-08-18 23:36:48.167,pulse_batch,x,,,,,4,,5999,77,-65,77,77,,3372184878137,
2026-08-18 23:36:48.188,pulse_batch,x,,,,,4,,6003,81,-61,77,77,,3372205406172,
2026-08-18 23:36:48.209,pulse_batch,x,,,,,4,,6007,85,-57,77,77,,3372227058962,
2026-08-18 23:36:48.230,pulse_batch,x,,,,,4,,6011,89,-53,77,77,,3372247806459,
2026-08-18 23:36:48.251,pulse_batch,x,,,,,4,,6015,93,-49,77,77,,3372268412272,
2026-08-18 23:36:48.271,pulse_batch,x,,,,,4,,6019,97,-45,77,77,,3372289062529,
2026-08-18 23:36:48.292,pulse_batch,x,,,,,4,,6023,101,-41,77,77,,3372309887970,
2026-08-18 23:36:48.313,pulse_batch,x,,,,,4,,6027,105,-37,77,77,,3372330503691,
2026-08-18 23:36:48.333,pulse_batch,x,,,,,4,,6031,109,-33,77,77,,3372351088855,
2026-08-18 23:36:48.357,pulse_batch,x,,,,,4,,6035,113,-29,77,77,,3372374350267,
2026-08-18 23:36:48.377,pulse_batch,x,,,,,4,,6039,117,-25,77,77,,3372395162598,
2026-08-18 23:36:48.398,pulse_batch,x,,,,,4,,6043,121,-21,77,77,,3372416074946,
2026-08-18 23:36:48.420,pulse_batch,x,,,,,4,,6047,125,-17,77,77,,3372437819550,
2026-08-18 23:36:48.441,pulse_batch,x,,,,,4,,6051,129,-13,77,77,,3372458574103,
2026-08-18 23:36:48.461,pulse_batch,x,,,,,4,,6055,133,-9,77,77,,3372479106675,
2026-08-18 23:36:48.484,pulse_batch,x,,,,,4,,6059,137,-5,77,77,,3372501732645,
2026-08-18 23:36:48.505,pulse_batch,x,,,,,4,,6063,141,-1,77,77,,3372522440180,
2026-08-18 23:36:48.525,pulse_batch,x,,,,,4,,6067,145,3,77,77,,3372542954697,
2026-08-18 23:36:48.543,pulse_batch,x,,,,,3,,6070,148,6,77,77,,3372561043744,
2026-08-18 23:36:48.543,move_finish,x,,,12,,,,6070,148,6,77,77,,3372561305853,
2026-08-18 23:36:48.735,target_finish,x,5,stored,,,,,,148,6,77,77,6,,ok=True
2026-08-18 23:36:48.735,target_finish,y,5,stored,,,,,,-6,-426,0,4,-426,,ok=True
2026-08-18 23:37:24.175,continuous_start,y,,,,,,1,1862,-6,-426,0,4,,3408192251440,
2026-08-18 23:37:24.178,pulse_batch,y,,,,,1,,1863,-5,-426,1,4,,3408196151441,
2026-08-18 23:37:24.200,pulse_batch,y,,,,,3,,1866,-2,-426,4,4,,3408217298937,
2026-08-18 23:37:24.220,pulse_batch,y,,,,,3,,1869,1,-423,4,4,,3408237748270,
2026-08-18 23:37:24.242,pulse_batch,y,,,,,3,,1872,4,-420,4,4,,3408259821706,
2026-08-18 23:37:24.263,pulse_batch,y,,,,,3,,1875,7,-417,4,4,,3408280335280,
2026-08-18 23:37:24.283,pulse_batch,y,,,,,3,,1878,10,-414,4,4,,3408300789205,
2026-08-18 23:37:24.305,pulse_batch,y,,,,,3,,1881,13,-411,4,4,,3408322833716,
2026-08-18 23:37:24.326,pulse_batch,y,,,,,3,,1884,16,-408,4,4,,3408343522900,
2026-08-18 23:37:24.346,pulse_batch,y,,,,,3,,1887,19,-405,4,4,,3408363990714,
2026-08-18 23:37:24.367,pulse_batch,y,,,,,3,,1890,22,-402,4,4,,3408384511472,
2026-08-18 23:37:24.390,pulse_batch,y,,,,,3,,1893,25,-399,4,4,,3408407592664,
2026-08-18 23:37:24.410,pulse_batch,y,,,,,3,,1896,28,-396,4,4,,3408428057089,
2026-08-18 23:37:24.431,pulse_batch,y,,,,,3,,1899,31,-393,4,4,,3408448563996,
2026-08-18 23:37:24.453,pulse_batch,y,,,,,3,,1902,34,-390,4,4,,3408470342341,
2026-08-18 23:37:24.473,pulse_batch,y,,,,,3,,1905,37,-387,4,4,,3408490872118,
2026-08-18 23:37:24.493,pulse_batch,y,,,,,3,,1908,40,-384,4,4,,3408511265859,
2026-08-18 23:37:24.517,pulse_batch,y,,,,,3,,1911,43,-381,4,4,,3408534376865,
2026-08-18 23:37:24.538,pulse_batch,y,,,,,3,,1914,46,-378,4,4,,3408555356714,
2026-08-18 23:37:24.558,pulse_batch,y,,,,,3,,1917,49,-375,4,4,,3408575759010,
2026-08-18 23:37:24.579,pulse_batch,y,,,,,3,,1920,52,-372,4,4,,3408596884173,
2026-08-18 23:37:24.600,pulse_batch,y,,,,,3,,1923,55,-369,4,4,,3408617388802,
2026-08-18 23:37:24.620,pulse_batch,y,,,,,3,,1926,58,-366,4,4,,3408637846005,
2026-08-18 23:37:24.643,pulse_batch,y,,,,,3,,1929,61,-363,4,4,,3408660370903,
2026-08-18 23:37:24.663,pulse_batch,y,,,,,3,,1932,64,-360,4,4,,3408680891976,
2026-08-18 23:37:24.684,pulse_batch,y,,,,,3,,1935,67,-357,4,4,,3408701314290,
2026-08-18 23:37:24.705,pulse_batch,y,,,,,3,,1938,70,-354,4,4,,3408723025617,
2026-08-18 23:37:24.726,pulse_batch,y,,,,,3,,1941,73,-351,4,4,,3408743750245,
2026-08-18 23:37:24.746,pulse_batch,y,,,,,3,,1944,76,-348,4,4,,3408764191615,
2026-08-18 23:37:24.767,pulse_batch,y,,,,,3,,1947,79,-345,4,4,,3408784658041,
2026-08-18 23:37:24.792,pulse_batch,y,,,,,3,,1950,82,-342,4,4,,3408809371076,
2026-08-18 23:37:24.812,pulse_batch,y,,,,,3,,1953,85,-339,4,4,,3408829816002,
2026-08-18 23:37:24.833,pulse_batch,y,,,,,3,,1956,88,-336,4,4,,3408850340927,
2026-08-18 23:37:24.854,pulse_batch,y,,,,,3,,1959,91,-333,4,4,,3408871520257,
2026-08-18 23:37:24.874,pulse_batch,y,,,,,3,,1962,94,-330,4,4,,3408892006478,
2026-08-18 23:37:24.895,pulse_batch,y,,,,,3,,1965,97,-327,4,4,,3408912671366,
2026-08-18 23:37:24.916,pulse_batch,y,,,,,3,,1968,100,-324,4,4,,3408933783214,
2026-08-18 23:37:24.937,pulse_batch,y,,,,,3,,1971,103,-321,4,4,,3408954533860,
2026-08-18 23:37:24.957,pulse_batch,y,,,,,3,,1974,106,-318,4,4,,3408974933138,
2026-08-18 23:37:24.979,pulse_batch,y,,,,,3,,1977,109,-315,4,4,,3408996868723,
2026-08-18 23:37:25.000,pulse_batch,y,,,,,3,,1980,112,-312,4,4,,3409017402871,
2026-08-18 23:37:25.020,pulse_batch,y,,,,,3,,1983,115,-309,4,4,,3409037834056,
2026-08-18 23:37:25.041,pulse_batch,y,,,,,3,,1986,118,-306,4,4,,3409058397388,
2026-08-18 23:37:25.061,pulse_batch,y,,,,,3,,1989,121,-303,4,4,,3409078888776,
2026-08-18 23:37:25.082,pulse_batch,y,,,,,3,,1992,124,-300,4,4,,3409099348017,
2026-08-18 23:37:25.106,pulse_batch,y,,,,,3,,1995,127,-297,4,4,,3409123593110,
2026-08-18 23:37:25.127,pulse_batch,y,,,,,3,,1998,130,-294,4,4,,3409144271608,
2026-08-18 23:37:25.147,pulse_batch,y,,,,,3,,2001,133,-291,4,4,,3409164773349,
2026-08-18 23:37:25.168,pulse_batch,y,,,,,3,,2004,136,-288,4,4,,3409185267533,
2026-08-18 23:37:25.190,pulse_batch,y,,,,,3,,2007,139,-285,4,4,,3409207719209,
2026-08-18 23:37:25.210,pulse_batch,y,,,,,3,,2010,142,-282,4,4,,3409228168486,
2026-08-18 23:37:25.231,pulse_batch,y,,,,,3,,2013,145,-279,4,4,,3409248628171,
2026-08-18 23:37:25.252,pulse_batch,y,,,,,3,,2016,148,-276,4,4,,3409269504280,
2026-08-18 23:37:25.272,pulse_batch,y,,,,,3,,2019,151,-273,4,4,,3409290059890,
2026-08-18 23:37:25.293,pulse_batch,y,,,,,3,,2022,154,-270,4,4,,3409310471704,
2026-08-18 23:37:25.313,pulse_batch,y,,,,,3,,2025,157,-267,4,4,,3409331051351,
2026-08-18 23:37:25.334,pulse_batch,y,,,,,3,,2028,160,-264,4,4,,3409351649610,
2026-08-18 23:37:25.354,pulse_batch,y,,,,,3,,2031,163,-261,4,4,,3409372030832,
2026-08-18 23:37:25.376,pulse_batch,y,,,,,3,,2034,166,-258,4,4,,3409394255545,
2026-08-18 23:37:25.397,pulse_batch,y,,,,,3,,2037,169,-255,4,4,,3409414773230,
2026-08-18 23:37:25.417,pulse_batch,y,,,,,3,,2040,172,-252,4,4,,3409435213063,
2026-08-18 23:37:25.440,pulse_batch,y,,,,,3,,2043,175,-249,4,4,,3409455768617,
2026-08-18 23:37:25.459,pulse_batch,y,,,,,3,,2046,178,-246,4,4,,3409476327691,
2026-08-18 23:37:25.479,pulse_batch,y,,,,,3,,2049,181,-243,4,4,,3409496785561,
2026-08-18 23:37:25.499,pulse_batch,y,,,,,3,,2052,184,-240,4,4,,3409517226079,
2026-08-18 23:37:25.520,pulse_batch,y,,,,,3,,2055,187,-237,4,4,,3409537956725,
2026-08-18 23:37:25.541,pulse_batch,y,,,,,3,,2058,190,-234,4,4,,3409558441762,
2026-08-18 23:37:25.561,pulse_batch,y,,,,,3,,2061,193,-231,4,4,,3409578842835,
2026-08-18 23:37:25.583,pulse_batch,y,,,,,3,,2064,196,-228,4,4,,3409600818680,
2026-08-18 23:37:25.604,pulse_batch,y,,,,,3,,2067,199,-225,4,4,,3409621667381,
2026-08-18 23:37:25.624,pulse_batch,y,,,,,3,,2070,202,-222,4,4,,3409642086714,
2026-08-18 23:37:25.646,pulse_batch,y,,,,,3,,2073,205,-219,4,4,,3409663999300,
2026-08-18 23:37:25.667,pulse_batch,y,,,,,3,,2076,208,-216,4,4,,3409685037797,
2026-08-18 23:37:25.688,pulse_batch,y,,,,,3,,2079,211,-213,4,4,,3409705464130,
2026-08-18 23:37:25.710,pulse_batch,y,,,,,3,,2082,214,-210,4,4,,3409727511530,
2026-08-18 23:37:25.730,pulse_batch,y,,,,,3,,2085,217,-207,4,4,,3409748110991,
2026-08-18 23:37:25.751,pulse_batch,y,,,,,3,,2088,220,-204,4,4,,3409768636157,
2026-08-18 23:37:25.772,pulse_batch,y,,,,,3,,2091,223,-201,4,4,,3409789242952,
2026-08-18 23:37:25.794,pulse_batch,y,,,,,3,,2094,226,-198,4,4,,3409811473555,
2026-08-18 23:37:25.814,pulse_batch,y,,,,,3,,2097,229,-195,4,4,,3409831989277,
2026-08-18 23:37:25.835,pulse_batch,y,,,,,3,,2100,232,-192,4,4,,3409852489683,
2026-08-18 23:37:25.857,pulse_batch,y,,,,,3,,2103,235,-189,4,4,,3409874164788,
2026-08-18 23:37:25.877,pulse_batch,y,,,,,3,,2106,238,-186,4,4,,3409894664103,
2026-08-18 23:37:25.897,pulse_batch,y,,,,,3,,2109,241,-183,4,4,,3409915103473,
2026-08-18 23:37:25.919,pulse_batch,y,,,,,3,,2112,244,-180,4,4,,3409936915225,
2026-08-18 23:37:25.940,pulse_batch,y,,,,,3,,2115,247,-177,4,4,,3409957652464,
2026-08-18 23:37:25.960,pulse_batch,y,,,,,3,,2118,250,-174,4,4,,3409978066890,
2026-08-18 23:37:25.984,pulse_batch,y,,,,,3,,2121,253,-171,4,4,,3410001891004,
2026-08-18 23:37:26.005,pulse_batch,y,,,,,3,,2124,256,-168,4,4,,3410022476429,
2026-08-18 23:37:26.025,pulse_batch,y,,,,,3,,2127,259,-165,4,4,,3410042942854,
2026-08-18 23:37:26.046,pulse_batch,y,,,,,3,,2130,262,-162,4,4,,3410064122128,
2026-08-18 23:37:26.067,pulse_batch,y,,,,,3,,2133,265,-159,4,4,,3410084749775,
2026-08-18 23:37:26.087,pulse_batch,y,,,,,3,,2136,268,-156,4,4,,3410105213312,
2026-08-18 23:37:26.109,pulse_batch,y,,,,,3,,2139,271,-153,4,4,,3410126529437,
2026-08-18 23:37:26.129,pulse_batch,y,,,,,3,,2142,274,-150,4,4,,3410147131677,
2026-08-18 23:37:26.150,pulse_batch,y,,,,,3,,2145,277,-147,4,4,,3410167679935,
2026-08-18 23:37:26.170,pulse_batch,y,,,,,3,,2148,280,-144,4,4,,3410188175582,
2026-08-18 23:37:26.193,pulse_batch,y,,,,,3,,2151,283,-141,4,4,,3410211153978,
2026-08-18 23:37:26.214,pulse_batch,y,,,,,3,,2154,286,-138,4,4,,3410231696810,
2026-08-18 23:37:26.234,pulse_batch,y,,,,,3,,2157,289,-135,4,4,,3410252194828,
2026-08-18 23:37:26.257,pulse_batch,y,,,,,3,,2160,292,-132,4,4,,3410275191853,
2026-08-18 23:37:26.278,pulse_batch,y,,,,,3,,2163,295,-129,4,4,,3410295728630,
2026-08-18 23:37:26.298,pulse_batch,y,,,,,3,,2166,298,-126,4,4,,3410316163500,
2026-08-18 23:37:26.320,pulse_batch,y,,,,,3,,2169,301,-123,4,4,,3410337402700,
2026-08-18 23:37:26.340,pulse_batch,y,,,,,3,,2172,304,-120,4,4,,3410358221383,
2026-08-18 23:37:26.361,pulse_batch,y,,,,,3,,2175,307,-117,4,4,,3410378740697,
2026-08-18 23:37:26.383,pulse_batch,y,,,,,3,,2178,310,-114,4,4,,3410400844245,
2026-08-18 23:37:26.404,pulse_batch,y,,,,,3,,2181,313,-111,4,4,,3410421417855,
2026-08-18 23:37:26.424,pulse_batch,y,,,,,3,,2184,316,-108,4,4,,3410441855355,
2026-08-18 23:37:26.445,pulse_batch,y,,,,,3,,2187,319,-105,4,4,,3410462497465,
2026-08-18 23:37:26.465,pulse_batch,y,,,,,3,,2190,322,-102,4,4,,3410483055649,
2026-08-18 23:37:26.486,pulse_batch,y,,,,,3,,2193,325,-99,4,4,,3410503470038,
2026-08-18 23:37:26.507,pulse_batch,y,,,,,3,,2196,328,-96,4,4,,3410524712811,
2026-08-18 23:37:26.528,pulse_batch,y,,,,,3,,2199,331,-93,4,4,,3410545375680,
2026-08-18 23:37:26.548,pulse_batch,y,,,,,3,,2202,334,-90,4,4,,3410565827976,
2026-08-18 23:37:26.569,pulse_batch,y,,,,,3,,2205,337,-87,4,4,,3410586296902,
2026-08-18 23:37:26.592,pulse_batch,y,,,,,3,,2208,340,-84,4,4,,3410609752869,
2026-08-18 23:37:26.612,pulse_batch,y,,,,,3,,2211,343,-81,4,4,,3410630242572,
2026-08-18 23:37:26.633,pulse_batch,y,,,,,3,,2214,346,-78,4,4,,3410650775090,
2026-08-18 23:37:26.655,pulse_batch,y,,,,,3,,2217,349,-75,4,4,,3410672379566,
2026-08-18 23:37:26.675,pulse_batch,y,,,,,3,,2220,352,-72,4,4,,3410692883102,
2026-08-18 23:37:26.695,pulse_batch,y,,,,,3,,2223,355,-69,4,4,,3410713271232,
2026-08-18 23:37:26.718,pulse_batch,y,,,,,3,,2226,358,-66,4,4,,3410736094294,
2026-08-18 23:37:26.739,pulse_batch,y,,,,,3,,2229,361,-63,4,4,,3410756616257,
2026-08-18 23:37:26.759,pulse_batch,y,,,,,3,,2232,364,-60,4,4,,3410777060423,
2026-08-18 23:37:26.781,pulse_batch,y,,,,,3,,2235,367,-57,4,4,,3410798763565,
2026-08-18 23:37:26.804,pulse_batch,y,,,,,3,,2238,370,-54,4,4,,3410821300037,
2026-08-18 23:37:26.824,pulse_batch,y,,,,,3,,2241,373,-51,4,4,,3410841734629,
2026-08-18 23:37:26.845,pulse_batch,y,,,,,3,,2244,376,-48,4,4,,3410862356998,
2026-08-18 23:37:26.865,pulse_batch,y,,,,,3,,2247,379,-45,4,4,,3410882955312,
2026-08-18 23:37:26.886,pulse_batch,y,,,,,3,,2250,382,-42,4,4,,3410903409478,
2026-08-18 23:37:26.908,pulse_batch,y,,,,,3,,2253,385,-39,4,4,,3410925961209,
2026-08-18 23:37:26.929,pulse_batch,y,,,,,3,,2256,388,-36,4,4,,3410946928150,
2026-08-18 23:37:26.950,pulse_batch,y,,,,,3,,2259,391,-33,4,4,,3410967367502,
2026-08-18 23:37:26.974,pulse_batch,y,,,,,3,,2262,394,-30,4,4,,3410991948075,
2026-08-18 23:37:26.995,pulse_batch,y,,,,,3,,2265,397,-27,4,4,,3411012631722,
2026-08-18 23:37:27.015,pulse_batch,y,,,,,3,,2268,400,-24,4,4,,3411033163018,
2026-08-18 23:37:27.036,pulse_batch,y,,,,,3,,2271,403,-21,4,4,,3411053882127,
2026-08-18 23:37:27.058,pulse_batch,y,,,,,3,,2274,406,-18,4,4,,3411076258859,
2026-08-18 23:37:27.079,pulse_batch,y,,,,,3,,2277,409,-15,4,4,,3411096732617,
2026-08-18 23:37:27.099,pulse_batch,y,,,,,3,,2280,412,-12,4,4,,3411117157339,
2026-08-18 23:37:27.111,pulse_batch,y,,,,,1,,2281,413,-11,4,4,,3411128910379,
2026-08-18 23:37:27.111,continuous_stop,y,,,,,,1,2281,413,-11,4,4,,3411129168581,
2026-08-18 23:37:27.511,continuous_start,y,,,,,,1,2281,413,-11,4,4,,3411529014541,
2026-08-18 23:37:27.515,pulse_batch,y,,,,,1,,2282,414,-10,4,4,,3411532621395,
2026-08-18 23:37:27.536,pulse_batch,y,,,,,3,,2285,417,-7,4,4,,3411553317116,
2026-08-18 23:37:27.556,pulse_batch,y,,,,,3,,2288,420,-4,4,4,,3411573761597,
2026-08-18 23:37:27.578,pulse_batch,y,,,,,3,,2291,423,-1,4,4,,3411595764978,
2026-08-18 23:37:27.581,continuous_stop,y,,,,,,1,2291,423,-1,4,4,,3411599224407,
2026-08-18 23:37:28.645,continuous_start,x,,,,,,1,6070,148,6,77,77,,3412662856905,
2026-08-18 23:37:28.649,pulse_batch,x,,,,,1,,6071,149,7,77,77,,3412666643443,
2026-08-18 23:37:28.669,pulse_batch,x,,,,,3,,6074,152,10,77,77,,3412687153720,
2026-08-18 23:37:28.690,pulse_batch,x,,,,,3,,6077,155,13,77,77,,3412707597053,
2026-08-18 23:37:28.711,pulse_batch,x,,,,,3,,6080,158,16,77,77,,3412728177682,
2026-08-18 23:37:28.731,pulse_batch,x,,,,,3,,6083,161,19,77,77,,3412748715126,
2026-08-18 23:37:28.751,pulse_batch,x,,,,,3,,6086,164,22,77,77,,3412769189866,
2026-08-18 23:37:28.772,pulse_batch,x,,,,,3,,6089,167,25,77,77,,3412789790476,
2026-08-18 23:37:28.793,pulse_batch,x,,,,,3,,6092,170,28,77,77,,3412811198601,
2026-08-18 23:37:28.814,pulse_batch,x,,,,,3,,6095,173,31,77,77,,3412831759433,
2026-08-18 23:37:28.835,pulse_batch,x,,,,,3,,6098,176,34,77,77,,3412852822856,
2026-08-18 23:37:28.862,pulse_batch,x,,,,,3,,6101,179,37,77,77,,3412879488587,
2026-08-18 23:37:28.882,pulse_batch,x,,,,,3,,6104,182,40,77,77,,3412900026494,
2026-08-18 23:37:28.906,pulse_batch,x,,,,,3,,6107,185,43,77,77,,3412923456054,
2026-08-18 23:37:28.916,pulse_batch,x,,,,,1,,6108,186,44,77,77,,3412933795896,
2026-08-18 23:37:28.916,continuous_stop,x,,,,,,1,6108,186,44,77,77,,3412934089505,
2026-08-18 23:37:29.312,continuous_start,x,,,,,,1,6108,186,44,77,77,,3413330186298,
2026-08-18 23:37:29.316,pulse_batch,x,,,,,1,,6109,187,45,77,77,,3413333885948,
2026-08-18 23:37:29.337,pulse_batch,x,,,,,3,,6112,190,48,77,77,,3413354528039,
2026-08-18 23:37:29.357,pulse_batch,x,,,,,3,,6115,193,51,77,77,,3413374959298,
2026-08-18 23:37:29.378,pulse_batch,x,,,,,3,,6118,196,54,77,77,,3413395556167,
2026-08-18 23:37:29.400,pulse_batch,x,,,,,3,,6121,199,57,77,77,,3413417668863,
2026-08-18 23:37:29.420,pulse_batch,x,,,,,3,,6124,202,60,77,77,,3413438105474,
2026-08-18 23:37:29.443,pulse_batch,x,,,,,3,,6127,205,63,77,77,,3413460572557,
2026-08-18 23:37:29.446,continuous_stop,x,,,,,,1,6127,205,63,77,77,,3413464065838,
2026-08-18 23:37:29.914,continuous_start,x,,,,,,1,6127,205,63,77,77,,3413931400066,
2026-08-18 23:37:29.917,pulse_batch,x,,,,,1,,6128,206,64,77,77,,3413935054271,
2026-08-18 23:37:29.938,pulse_batch,x,,,,,3,,6131,209,67,77,77,,3413955561067,
2026-08-18 23:37:29.958,pulse_batch,x,,,,,3,,6134,212,70,77,77,,3413975985918,
2026-08-18 23:37:29.978,pulse_batch,x,,,,,2,,6136,214,72,77,77,,3413996113142,
2026-08-18 23:37:29.979,continuous_stop,x,,,,,,1,6136,214,72,77,77,,3413996466085,
2026-08-18 23:37:30.447,continuous_start,x,,,,,,1,6136,214,72,77,77,,3414464650069,
2026-08-18 23:37:30.451,pulse_batch,x,,,,,1,,6137,215,73,77,77,,3414468342718,
2026-08-18 23:37:30.471,pulse_batch,x,,,,,3,,6140,218,76,77,77,,3414488827551,
2026-08-18 23:37:30.491,pulse_batch,x,,,,,3,,6143,221,79,77,77,,3414509243662,
2026-08-18 23:37:30.514,pulse_batch,x,,,,,3,,6146,224,82,77,77,,3414531885967,
2026-08-18 23:37:30.518,continuous_stop,x,,,,,,1,6146,224,82,77,77,,3414535317081,
2026-08-18 23:37:31.783,continuous_start,y,,,,,,1,2291,423,-1,4,4,,3415801129849,
2026-08-18 23:37:31.787,pulse_batch,y,,,,,1,,2292,424,0,4,4,,3415804939739,
2026-08-18 23:37:31.791,continuous_stop,y,,,,,,1,2292,424,0,4,4,,3415808370594,
2026-08-18 23:37:32.853,continuous_start,y,,,,,,1,2292,424,0,4,4,,3416870288141,
2026-08-18 23:37:32.856,pulse_batch,y,,,,,1,,2293,425,1,4,4,,3416873968550,
2026-08-18 23:37:32.877,pulse_batch,y,,,,,3,,2296,428,4,4,4,,3416894574494,
2026-08-18 23:37:32.897,pulse_batch,y,,,,,3,,2299,431,7,4,4,,3416915054197,
2026-08-18 23:37:32.918,pulse_batch,y,,,,,3,,2302,434,10,4,4,,3416936170175,
2026-08-18 23:37:32.922,continuous_stop,y,,,,,,1,2302,434,10,4,4,,3416939645382,
2026-08-18 23:37:34.053,continuous_start,x,,,,,,1,6146,224,82,77,77,,3418070350007,
2026-08-18 23:37:34.057,pulse_batch,x,,,,,1,,6147,225,83,77,77,,3418074256008,
2026-08-18 23:37:34.060,continuous_stop,x,,,,,,1,6147,225,83,77,77,,3418077688011,
2026-08-18 23:37:34.520,continuous_start,x,,,,,,1,6147,225,83,77,77,,3418537255721,
2026-08-18 23:37:34.523,pulse_batch,x,,,,,1,,6148,226,84,77,77,,3418540975574,
2026-08-18 23:37:34.544,pulse_batch,x,,,,,3,,6151,229,87,77,77,,3418561506833,
2026-08-18 23:37:34.564,pulse_batch,x,,,,,3,,6154,232,90,77,77,,3418581976592,
2026-08-18 23:37:34.586,pulse_batch,x,,,,,3,,6157,235,93,77,77,,3418603888585,
2026-08-18 23:37:34.590,continuous_stop,x,,,,,,1,6157,235,93,77,77,,3418607326921,
2026-08-18 23:37:36.313,point_saved,x,6,stored,,,,1,,235,93,77,77,93,,
2026-08-18 23:37:36.313,point_saved,y,6,stored,,,,1,,434,10,4,4,10,,
2026-08-18 23:37:40.652,point_saved,x,0,stored,,,,1,,235,93,77,77,93,,
2026-08-18 23:37:40.653,point_saved,y,0,stored,,,,1,,434,10,4,4,10,,
2026-08-18 23:37:41.727,continuous_start,x,,,,,,1,6157,235,93,77,77,,3425744395086,
2026-08-18 23:37:41.730,pulse_batch,x,,,,,1,,6158,236,94,77,77,,3425748056625,
2026-08-18 23:37:41.751,pulse_batch,x,,,,,3,,6161,239,97,77,77,,3425768684457,
2026-08-18 23:37:41.771,pulse_batch,x,,,,,3,,6164,242,100,77,77,,3425789132050,
2026-08-18 23:37:41.794,pulse_batch,x,,,,,3,,6167,245,103,77,77,,3425811489097,
2026-08-18 23:37:41.814,pulse_batch,x,,,,,3,,6170,248,106,77,77,,3425831907411,
2026-08-18 23:37:41.835,pulse_batch,x,,,,,3,,6173,251,109,77,77,,3425853229778,
2026-08-18 23:37:41.858,pulse_batch,x,,,,,3,,6176,254,112,77,77,,3425875426659,
2026-08-18 23:37:41.878,pulse_batch,x,,,,,3,,6179,257,115,77,77,,3425896200009,
2026-08-18 23:37:41.899,pulse_batch,x,,,,,3,,6182,260,118,77,77,,3425916769545,
2026-08-18 23:37:41.920,pulse_batch,x,,,,,3,,6185,263,121,77,77,,3425937264489,
2026-08-18 23:37:41.942,pulse_batch,x,,,,,3,,6188,266,124,77,77,,3425960205793,
2026-08-18 23:37:41.963,pulse_batch,x,,,,,3,,6191,269,127,77,77,,3425980718941,
2026-08-18 23:37:41.983,pulse_batch,x,,,,,3,,6194,272,130,77,77,,3426001193459,
2026-08-18 23:37:42.004,pulse_batch,x,,,,,3,,6197,275,133,77,77,,3426022042827,
2026-08-18 23:37:42.025,pulse_batch,x,,,,,3,,6200,278,136,77,77,,3426042535864,
2026-08-18 23:37:42.045,pulse_batch,x,,,,,3,,6203,281,139,77,77,,3426062968568,
2026-08-18 23:37:42.068,pulse_batch,x,,,,,3,,6206,284,142,77,77,,3426085516688,
2026-08-18 23:37:42.089,pulse_batch,x,,,,,3,,6209,287,145,77,77,,3426106348853,
2026-08-18 23:37:42.109,pulse_batch,x,,,,,3,,6212,290,148,77,77,,3426126882260,
2026-08-18 23:37:42.132,pulse_batch,x,,,,,3,,6215,293,151,77,77,,3426149757415,
2026-08-18 23:37:42.153,pulse_batch,x,,,,,3,,6218,296,154,77,77,,3426170496858,
2026-08-18 23:37:42.173,pulse_batch,x,,,,,3,,6221,299,157,77,77,,3426191014173,
2026-08-18 23:37:42.194,pulse_batch,x,,,,,3,,6224,302,160,77,77,,3426211658950,
2026-08-18 23:37:42.216,pulse_batch,x,,,,,3,,6227,305,163,77,77,,3426233266333,
2026-08-18 23:37:42.236,pulse_batch,x,,,,,3,,6230,308,166,77,77,,3426253735981,
2026-08-18 23:37:42.257,pulse_batch,x,,,,,3,,6233,311,169,77,77,,3426275105477,
2026-08-18 23:37:42.278,pulse_batch,x,,,,,3,,6236,314,172,77,77,,3426295767143,
2026-08-18 23:37:42.299,pulse_batch,x,,,,,3,,6239,317,175,77,77,,3426316311087,
2026-08-18 23:37:42.319,pulse_batch,x,,,,,3,,6242,320,178,77,77,,3426336801197,
2026-08-18 23:37:42.340,pulse_batch,x,,,,,3,,6245,323,181,77,77,,3426357643492,
2026-08-18 23:37:42.360,pulse_batch,x,,,,,3,,6248,326,184,77,77,,3426378111547,
2026-08-18 23:37:42.381,pulse_batch,x,,,,,3,,6251,329,187,77,77,,3426398547140,
2026-08-18 23:37:42.403,pulse_batch,x,,,,,3,,6254,332,190,77,77,,3426420685169,
2026-08-18 23:37:42.423,pulse_batch,x,,,,,3,,6257,335,193,77,77,,3426441196854,
2026-08-18 23:37:42.444,pulse_batch,x,,,,,3,,6260,338,196,77,77,,3426461587428,
2026-08-18 23:37:42.466,pulse_batch,x,,,,,3,,6263,341,199,77,77,,3426483344793,
2026-08-18 23:37:42.486,pulse_batch,x,,,,,3,,6266,344,202,77,77,,3426503962033,
2026-08-18 23:37:42.507,pulse_batch,x,,,,,3,,6269,347,205,77,77,,3426524401088,
2026-08-18 23:37:42.529,pulse_batch,x,,,,,3,,6272,350,208,77,77,,3426546742653,
2026-08-18 23:37:42.550,pulse_batch,x,,,,,3,,6275,353,211,77,77,,3426567905243,
2026-08-18 23:37:42.571,pulse_batch,x,,,,,3,,6278,356,214,77,77,,3426588328780,
2026-08-18 23:37:42.592,pulse_batch,x,,,,,3,,6281,359,217,77,77,,3426610027589,
2026-08-18 23:37:42.613,pulse_batch,x,,,,,3,,6284,362,220,77,77,,3426630729662,
2026-08-18 23:37:42.633,pulse_batch,x,,,,,3,,6287,365,223,77,77,,3426651173291,
2026-08-18 23:37:42.656,pulse_batch,x,,,,,3,,6290,368,226,77,77,,3426673372283,
2026-08-18 23:37:42.676,pulse_batch,x,,,,,3,,6293,371,229,77,77,,3426693910098,
2026-08-18 23:37:42.697,pulse_batch,x,,,,,3,,6296,374,232,77,77,,3426714363931,
2026-08-18 23:37:42.717,pulse_batch,x,,,,,3,,6299,377,235,77,77,,3426734835579,
2026-08-18 23:37:42.740,pulse_batch,x,,,,,3,,6302,380,238,77,77,,3426757319866,
2026-08-18 23:37:42.760,pulse_batch,x,,,,,3,,6305,383,241,77,77,,3426777788995,
2026-08-18 23:37:42.780,pulse_batch,x,,,,,3,,6308,386,244,77,77,,3426798202977,
2026-08-18 23:37:42.803,pulse_batch,x,,,,,3,,6311,389,247,77,77,,3426820409969,
2026-08-18 23:37:42.823,pulse_batch,x,,,,,3,,6314,392,250,77,77,,3426840998876,
2026-08-18 23:37:42.844,pulse_batch,x,,,,,3,,6317,395,253,77,77,,3426861386135,
2026-08-18 23:37:42.864,pulse_batch,x,,,,,3,,6320,398,256,77,77,,3426881963597,
2026-08-18 23:37:42.885,pulse_batch,x,,,,,3,,6323,401,259,77,77,,3426902472041,
2026-08-18 23:37:42.905,pulse_batch,x,,,,,3,,6326,404,262,77,77,,3426922872893,
2026-08-18 23:37:42.926,pulse_batch,x,,,,,3,,6329,407,265,77,77,,3426943821576,
2026-08-18 23:37:42.947,pulse_batch,x,,,,,3,,6332,410,268,77,77,,3426964383316,
2026-08-18 23:37:42.967,pulse_batch,x,,,,,3,,6335,413,271,77,77,,3426984811576,
2026-08-18 23:37:42.990,pulse_batch,x,,,,,3,,6338,416,274,77,77,,3427007694731,
2026-08-18 23:37:43.011,pulse_batch,x,,,,,3,,6341,419,277,77,77,,3427028307712,
2026-08-18 23:37:43.031,pulse_batch,x,,,,,3,,6344,422,280,77,77,,3427048752119,
2026-08-18 23:37:43.052,pulse_batch,x,,,,,3,,6347,425,283,77,77,,3427069282100,
2026-08-18 23:37:43.074,pulse_batch,x,,,,,3,,6350,428,286,77,77,,3427091919239,
2026-08-18 23:37:43.095,pulse_batch,x,,,,,3,,6353,431,289,77,77,,3427112371164,
2026-08-18 23:37:43.115,pulse_batch,x,,,,,3,,6356,434,292,77,77,,3427132860868,
2026-08-18 23:37:43.137,pulse_batch,x,,,,,3,,6359,437,295,77,77,,3427154579288,
2026-08-18 23:37:43.157,pulse_batch,x,,,,,3,,6362,440,298,77,77,,3427175062640,
2026-08-18 23:37:43.178,pulse_batch,x,,,,,3,,6365,443,301,77,77,,3427195449899,
2026-08-18 23:37:43.200,pulse_batch,x,,,,,3,,6368,446,304,77,77,,3427217606225,
2026-08-18 23:37:43.222,pulse_batch,x,,,,,3,,6371,449,307,77,77,,3427239990068,
2026-08-18 23:37:43.243,pulse_batch,x,,,,,3,,6374,452,310,77,77,,3427260375068,
2026-08-18 23:37:43.263,pulse_batch,x,,,,,3,,6377,455,313,77,77,,3427281189474,
2026-08-18 23:37:43.288,pulse_batch,x,,,,,3,,6380,458,316,77,77,,3427305329179,
2026-08-18 23:37:43.308,pulse_batch,x,,,,,3,,6383,461,319,77,77,,3427325750050,
2026-08-18 23:37:43.330,pulse_batch,x,,,,,3,,6386,464,322,77,77,,3427347829690,
2026-08-18 23:37:43.351,pulse_batch,x,,,,,3,,6389,467,325,77,77,,3427368504652,
2026-08-18 23:37:43.371,pulse_batch,x,,,,,3,,6392,470,328,77,77,,3427388933189,
2026-08-18 23:37:43.393,pulse_batch,x,,,,,3,,6395,473,331,77,77,,3427410943127,
2026-08-18 23:37:43.414,pulse_batch,x,,,,,3,,6398,476,334,77,77,,3427431489589,
2026-08-18 23:37:43.434,pulse_batch,x,,,,,3,,6401,479,337,77,77,,3427451906015,
2026-08-18 23:37:43.455,pulse_batch,x,,,,,3,,6404,482,340,77,77,,3427472367774,
2026-08-18 23:37:43.475,pulse_batch,x,,,,,3,,6407,485,343,77,77,,3427492934051,
2026-08-18 23:37:43.496,pulse_batch,x,,,,,3,,6410,488,346,77,77,,3427513378088,
2026-08-18 23:37:43.516,pulse_batch,x,,,,,3,,6413,491,349,77,77,,3427533820551,
2026-08-18 23:37:43.537,pulse_batch,x,,,,,3,,6416,494,352,77,77,,3427555077696,
2026-08-18 23:37:43.558,pulse_batch,x,,,,,3,,6419,497,355,77,77,,3427575537436,
2026-08-18 23:37:43.578,pulse_batch,x,,,,,3,,6422,500,358,77,77,,3427595911029,
2026-08-18 23:37:43.600,pulse_batch,x,,,,,3,,6425,503,361,77,77,,3427617891707,
2026-08-18 23:37:43.621,pulse_batch,x,,,,,3,,6428,506,364,77,77,,3427638543225,
2026-08-18 23:37:43.641,pulse_batch,x,,,,,3,,6431,509,367,77,77,,3427658925299,
2026-08-18 23:37:43.662,pulse_batch,x,,,,,3,,6434,512,370,77,77,,3427679650243,
2026-08-18 23:37:43.682,pulse_batch,x,,,,,3,,6437,515,373,77,77,,3427700107298,
2026-08-18 23:37:43.703,pulse_batch,x,,,,,3,,6440,518,376,77,77,,3427720527687,
2026-08-18 23:37:43.723,pulse_batch,x,,,,,3,,6443,521,379,77,77,,3427741162297,
2026-08-18 23:37:43.744,pulse_batch,x,,,,,3,,6446,524,382,77,77,,3427761809722,
2026-08-18 23:37:43.764,pulse_batch,x,,,,,3,,6449,527,385,77,77,,3427782248555,
2026-08-18 23:37:43.785,pulse_batch,x,,,,,3,,6452,530,388,77,77,,3427802677130,
2026-08-18 23:37:43.808,pulse_batch,x,,,,,3,,6455,533,391,77,77,,3427825261935,
2026-08-18 23:37:43.828,pulse_batch,x,,,,,3,,6458,536,394,77,77,,3427845771712,
2026-08-18 23:37:43.849,pulse_batch,x,,,,,3,,6461,539,397,77,77,,3427866370100,
2026-08-18 23:37:43.859,pulse_batch,x,,,,,1,,6462,540,398,77,77,,3427876867664,
2026-08-18 23:37:43.860,continuous_stop,x,,,,,,1,6462,540,398,77,77,,3427877769697,
2026-08-18 23:37:44.327,continuous_start,y,,,,,,-1,2302,434,10,4,4,,3428345021432,
2026-08-18 23:37:44.331,pulse_batch,y,,,,,-1,,2303,433,10,3,4,,3428348777267,
2026-08-18 23:37:44.352,pulse_batch,y,,,,,-3,,2306,430,10,0,4,,3428369378822,
2026-08-18 23:37:44.372,pulse_batch,y,,,,,-3,,2309,427,7,0,4,,3428389793026,
2026-08-18 23:37:44.394,pulse_batch,y,,,,,-3,,2312,424,4,0,4,,3428411736519,
2026-08-18 23:37:44.415,pulse_batch,y,,,,,-3,,2315,421,1,0,4,,3428432272574,
2026-08-18 23:37:44.435,pulse_batch,y,,,,,-3,,2318,418,-2,0,4,,3428452777777,
2026-08-18 23:37:44.458,pulse_batch,y,,,,,-3,,2321,415,-5,0,4,,3428475964265,
2026-08-18 23:37:44.480,pulse_batch,y,,,,,-3,,2324,412,-8,0,4,,3428497652648,
2026-08-18 23:37:44.500,pulse_batch,y,,,,,-3,,2327,409,-11,0,4,,3428518108092,
2026-08-18 23:37:44.521,pulse_batch,y,,,,,-3,,2330,406,-14,0,4,,3428538662573,
2026-08-18 23:37:44.531,pulse_batch,y,,,,,-1,,2331,405,-15,0,4,,3428549046489,
2026-08-18 23:37:44.532,continuous_stop,y,,,,,,-1,2331,405,-15,0,4,,3428549317007,
2026-08-18 23:37:45.328,continuous_start,x,,,,,,1,6462,540,398,77,77,,3429345399975,
2026-08-18 23:37:45.331,pulse_batch,x,,,,,1,,6463,541,399,77,77,,3429349021051,
2026-08-18 23:37:45.352,pulse_batch,x,,,,,3,,6466,544,402,77,77,,3429369925846,
2026-08-18 23:37:45.373,pulse_batch,x,,,,,3,,6469,547,405,77,77,,3429390332642,
2026-08-18 23:37:45.395,pulse_batch,x,,,,,3,,6472,550,408,77,77,,3429412543412,
2026-08-18 23:37:45.415,pulse_batch,x,,,,,3,,6475,553,411,77,77,,3429433074985,
2026-08-18 23:37:45.436,pulse_batch,x,,,,,3,,6478,556,414,77,77,,3429453505874,
2026-08-18 23:37:45.458,pulse_batch,x,,,,,3,,6481,559,417,77,77,,3429474029152,
2026-08-18 23:37:45.477,pulse_batch,x,,,,,3,,6484,562,420,77,77,,3429494594225,
2026-08-18 23:37:45.497,pulse_batch,x,,,,,3,,6487,565,423,77,77,,3429515036485,
2026-08-18 23:37:45.518,pulse_batch,x,,,,,3,,6490,568,426,77,77,,3429536080149,
2026-08-18 23:37:45.539,pulse_batch,x,,,,,3,,6493,571,429,77,77,,3429556783388,
2026-08-18 23:37:45.560,pulse_batch,x,,,,,3,,6496,574,432,77,77,,3429577317147,
2026-08-18 23:37:45.580,pulse_batch,x,,,,,3,,6499,577,435,77,77,,3429597709055,
2026-08-18 23:37:45.602,pulse_batch,x,,,,,3,,6502,580,438,77,77,,3429619693159,
2026-08-18 23:37:45.623,pulse_batch,x,,,,,3,,6505,583,441,77,77,,3429640388380,
2026-08-18 23:37:45.643,pulse_batch,x,,,,,3,,6508,586,444,77,77,,3429660784454,
2026-08-18 23:37:45.664,pulse_batch,x,,,,,3,,6511,589,447,77,77,,3429681414565,
2026-08-18 23:37:45.684,pulse_batch,x,,,,,3,,6514,592,450,77,77,,3429701925712,
2026-08-18 23:37:45.705,pulse_batch,x,,,,,3,,6517,595,453,77,77,,3429722341194,
2026-08-18 23:37:45.725,pulse_batch,x,,,,,3,,6520,598,456,77,77,,3429742981230,
2026-08-18 23:37:45.746,pulse_batch,x,,,,,3,,6523,601,459,77,77,,3429763603507,
2026-08-18 23:37:45.766,pulse_batch,x,,,,,3,,6526,604,462,77,77,,3429784022748,
2026-08-18 23:37:45.787,pulse_batch,x,,,,,3,,6529,607,465,77,77,,3429804461452,
2026-08-18 23:37:45.809,pulse_batch,x,,,,,3,,6532,610,468,77,77,,3429826803665,
2026-08-18 23:37:45.830,pulse_batch,x,,,,,3,,6535,613,471,77,77,,3429847348998,
2026-08-18 23:37:45.850,pulse_batch,x,,,,,3,,6538,616,474,77,77,,3429867828257,
2026-08-18 23:37:45.871,pulse_batch,x,,,,,3,,6541,619,477,77,77,,3429888489275,
2026-08-18 23:37:45.892,pulse_batch,x,,,,,3,,6544,622,480,77,77,,3429909333847,
2026-08-18 23:37:45.912,pulse_batch,x,,,,,3,,6547,625,483,77,77,,3429929754977,
2026-08-18 23:37:45.933,pulse_batch,x,,,,,3,,6550,628,486,77,77,,3429950325254,
2026-08-18 23:37:45.956,pulse_batch,x,,,,,3,,6553,631,489,77,77,,3429973783389,
2026-08-18 23:37:45.976,pulse_batch,x,,,,,3,,6556,634,492,77,77,,3429994177130,
2026-08-18 23:37:45.998,pulse_batch,x,,,,,3,,6559,637,495,77,77,,3430015619033,
2026-08-18 23:37:46.018,pulse_batch,x,,,,,3,,6562,640,498,77,77,,3430036090384,
2026-08-18 23:37:46.039,pulse_batch,x,,,,,3,,6565,643,501,77,77,,3430056511736,
2026-08-18 23:37:46.060,pulse_batch,x,,,,,3,,6568,646,504,77,77,,3430077676103,
2026-08-18 23:37:46.080,pulse_batch,x,,,,,3,,6571,649,507,77,77,,3430098211103,
2026-08-18 23:37:46.101,pulse_batch,x,,,,,3,,6574,652,510,77,77,,3430118660122,
2026-08-18 23:37:46.122,pulse_batch,x,,,,,3,,6577,655,513,77,77,,3430139762896,
2026-08-18 23:37:46.143,pulse_batch,x,,,,,3,,6580,658,516,77,77,,3430160649209,
2026-08-18 23:37:46.163,pulse_batch,x,,,,,3,,6583,661,519,77,77,,3430181170468,
2026-08-18 23:37:46.184,pulse_batch,x,,,,,3,,6586,664,522,77,77,,3430201890930,
2026-08-18 23:37:46.206,pulse_batch,x,,,,,3,,6589,667,525,77,77,,3430223895886,
2026-08-18 23:37:46.227,pulse_batch,x,,,,,3,,6592,670,528,77,77,,3430244391849,
2026-08-18 23:37:46.247,pulse_batch,x,,,,,3,,6595,673,531,77,77,,3430264804275,
2026-08-18 23:37:46.274,pulse_batch,x,,,,,3,,6598,676,534,77,77,,3430291639468,
2026-08-18 23:37:46.294,pulse_batch,x,,,,,3,,6601,679,537,77,77,,3430312139060,
2026-08-18 23:37:46.315,pulse_batch,x,,,,,3,,6604,682,540,77,77,,3430332551912,
2026-08-18 23:37:46.336,pulse_batch,x,,,,,3,,6607,685,543,77,77,,3430353912279,
2026-08-18 23:37:46.357,pulse_batch,x,,,,,3,,6610,688,546,77,77,,3430374951424,
2026-08-18 23:37:46.378,pulse_batch,x,,,,,3,,6613,691,549,77,77,,3430395346980,
2026-08-18 23:37:46.399,pulse_batch,x,,,,,3,,6616,694,552,77,77,,3430416978438,
2026-08-18 23:37:46.420,pulse_batch,x,,,,,3,,6619,697,555,77,77,,3430437549844,
2026-08-18 23:37:46.440,pulse_batch,x,,,,,3,,6622,700,558,77,77,,3430457979733,
2026-08-18 23:37:46.461,pulse_batch,x,,,,,3,,6625,703,561,77,77,,3430479103656,
2026-08-18 23:37:46.482,pulse_batch,x,,,,,3,,6628,706,564,77,77,,3430499646119,
2026-08-18 23:37:46.502,pulse_batch,x,,,,,3,,6631,709,567,77,77,,3430520100767,
2026-08-18 23:37:46.526,pulse_batch,x,,,,,3,,6634,712,570,77,77,,3430543914326,
2026-08-18 23:37:46.548,pulse_batch,x,,,,,3,,6637,715,573,77,77,,3430565714468,
2026-08-18 23:37:46.568,pulse_batch,x,,,,,3,,6640,718,576,77,77,,3430586194542,
2026-08-18 23:37:46.589,pulse_batch,x,,,,,3,,6643,721,579,77,77,,3430606817041,
2026-08-18 23:37:46.610,pulse_batch,x,,,,,3,,6646,724,582,77,77,,3430627701854,
2026-08-18 23:37:46.630,pulse_batch,x,,,,,3,,6649,727,585,77,77,,3430648223872,
2026-08-18 23:37:46.651,pulse_batch,x,,,,,3,,6652,730,588,77,77,,3430668618965,
2026-08-18 23:37:46.672,pulse_batch,x,,,,,3,,6655,733,591,77,77,,3430689265019,
2026-08-18 23:37:46.692,pulse_batch,x,,,,,3,,6658,736,594,77,77,,3430709807593,
2026-08-18 23:37:46.712,pulse_batch,x,,,,,3,,6661,739,597,77,77,,3430730201167,
2026-08-18 23:37:46.733,pulse_batch,x,,,,,3,,6664,742,600,77,77,,3430750867463,
2026-08-18 23:37:46.754,pulse_batch,x,,,,,3,,6667,745,603,77,77,,3430771405666,
2026-08-18 23:37:46.774,pulse_batch,x,,,,,3,,6670,748,606,77,77,,3430792220961,
2026-08-18 23:37:46.797,pulse_batch,x,,,,,3,,6673,751,609,77,77,,3430814305453,
2026-08-18 23:37:46.817,pulse_batch,x,,,,,3,,6676,754,612,77,77,,3430834905434,
2026-08-18 23:37:46.838,pulse_batch,x,,,,,3,,6679,757,615,77,77,,3430855368879,
2026-08-18 23:37:46.860,pulse_batch,x,,,,,3,,6682,760,618,77,77,,3430877773703,
2026-08-18 23:37:46.883,pulse_batch,x,,,,,3,,6685,763,621,77,77,,3430901027172,
2026-08-18 23:37:46.904,pulse_batch,x,,,,,3,,6688,766,624,77,77,,3430921459394,
2026-08-18 23:37:46.924,pulse_batch,x,,,,,3,,6691,769,627,77,77,,3430941980357,
2026-08-18 23:37:46.946,pulse_batch,x,,,,,3,,6694,772,630,77,77,,3430963336964,
2026-08-18 23:37:46.966,pulse_batch,x,,,,,3,,6697,775,633,77,77,,3430983838630,
2026-08-18 23:37:46.987,pulse_batch,x,,,,,3,,6700,778,636,77,77,,3431004305426,
2026-08-18 23:37:47.008,pulse_batch,x,,,,,3,,6703,781,639,77,77,,3431025588867,
2026-08-18 23:37:47.028,pulse_batch,x,,,,,3,,6706,784,642,77,77,,3431046080682,
2026-08-18 23:37:47.049,pulse_batch,x,,,,,3,,6709,787,645,77,77,,3431066908587,
2026-08-18 23:37:47.072,pulse_batch,x,,,,,3,,6712,790,648,77,77,,3431089373912,
2026-08-18 23:37:47.093,pulse_batch,x,,,,,3,,6715,793,651,77,77,,3431110453872,
2026-08-18 23:37:47.113,pulse_batch,x,,,,,3,,6718,796,654,77,77,,3431130821446,
2026-08-18 23:37:47.138,pulse_batch,x,,,,,3,,6721,799,657,77,77,,3431155545612,
2026-08-18 23:37:47.158,pulse_batch,x,,,,,3,,6724,802,660,77,77,,3431176048075,
2026-08-18 23:37:47.179,pulse_batch,x,,,,,3,,6727,805,663,77,77,,3431196497908,
2026-08-18 23:37:47.200,pulse_batch,x,,,,,3,,6730,808,666,77,77,,3431218036607,
2026-08-18 23:37:47.221,pulse_batch,x,,,,,3,,6733,811,669,77,77,,3431238617736,
2026-08-18 23:37:47.241,pulse_batch,x,,,,,3,,6736,814,672,77,77,,3431259058347,
2026-08-18 23:37:47.262,pulse_batch,x,,,,,3,,6739,817,675,77,77,,3431279698198,
2026-08-18 23:37:47.283,pulse_batch,x,,,,,3,,6742,820,678,77,77,,3431300448734,
2026-08-18 23:37:47.303,pulse_batch,x,,,,,3,,6745,823,681,77,77,,3431320928289,
2026-08-18 23:37:47.324,pulse_batch,x,,,,,3,,6748,826,684,77,77,,3431341379271,
2026-08-18 23:37:47.344,pulse_batch,x,,,,,3,,6751,829,687,77,77,,3431362002955,
2026-08-18 23:37:47.365,pulse_batch,x,,,,,3,,6754,832,690,77,77,,3431382453455,
2026-08-18 23:37:47.385,pulse_batch,x,,,,,3,,6757,835,693,77,77,,3431402911344,
2026-08-18 23:37:47.407,pulse_batch,x,,,,,3,,6760,838,696,77,77,,3431424717783,
2026-08-18 23:37:47.428,pulse_batch,x,,,,,3,,6763,841,699,77,77,,3431445349745,
2026-08-18 23:37:47.448,pulse_batch,x,,,,,3,,6766,844,702,77,77,,3431465800837,
2026-08-18 23:37:47.470,pulse_batch,x,,,,,3,,6769,847,705,77,77,,3431488052274,
2026-08-18 23:37:47.491,pulse_batch,x,,,,,3,,6772,850,708,77,77,,3431508974290,
2026-08-18 23:37:47.512,pulse_batch,x,,,,,3,,6775,853,711,77,77,,3431529408698,
2026-08-18 23:37:47.532,pulse_batch,x,,,,,3,,6778,856,714,77,77,,3431550127919,
2026-08-18 23:37:47.553,pulse_batch,x,,,,,3,,6781,859,717,77,77,,3431570741529,
2026-08-18 23:37:47.574,pulse_batch,x,,,,,3,,6784,862,720,77,77,,3431591247788,
2026-08-18 23:37:47.596,pulse_batch,x,,,,,3,,6787,865,723,77,77,,3431613478521,
2026-08-18 23:37:47.617,pulse_batch,x,,,,,3,,6790,868,726,77,77,,3431634459185,
2026-08-18 23:37:47.637,pulse_batch,x,,,,,3,,6793,871,729,77,77,,3431654955203,
2026-08-18 23:37:47.658,pulse_batch,x,,,,,3,,6796,874,732,77,77,,3431675465981,
2026-08-18 23:37:47.681,pulse_batch,x,,,,,3,,6799,877,735,77,77,,3431698803134,
2026-08-18 23:37:47.701,pulse_batch,x,,,,,3,,6802,880,738,77,77,,3431719256301,
2026-08-18 23:37:47.722,pulse_batch,x,,,,,3,,6805,883,741,77,77,,3431740091411,
2026-08-18 23:37:47.743,pulse_batch,x,,,,,3,,6808,886,744,77,77,,3431760880539,
2026-08-18 23:37:47.764,pulse_batch,x,,,,,3,,6811,889,747,77,77,,3431781403742,
2026-08-18 23:37:47.784,pulse_batch,x,,,,,3,,6814,892,750,77,77,,3431801881779,
2026-08-18 23:37:47.802,pulse_batch,x,,,,,2,,6816,894,752,77,77,,3431819909031,
2026-08-18 23:37:47.802,continuous_stop,x,,,,,,1,6816,894,752,77,77,,3431820215289,
2026-08-18 23:37:48.264,continuous_start,x,,,,,,1,6816,894,752,77,77,,3432281480664,
2026-08-18 23:37:48.267,pulse_batch,x,,,,,1,,6817,895,753,77,77,,3432285155925,
2026-08-18 23:37:48.288,pulse_batch,x,,,,,3,,6820,898,756,77,77,,3432305736202,
2026-08-18 23:37:48.308,pulse_batch,x,,,,,3,,6823,901,759,77,77,,3432326146610,
2026-08-18 23:37:48.331,pulse_batch,x,,,,,3,,6826,904,762,77,77,,3432348324046,
2026-08-18 23:37:48.334,continuous_stop,x,,,,,,1,6826,904,762,77,77,,3432351757531,
2026-08-18 23:37:48.868,continuous_start,x,,,,,,1,6826,904,762,77,77,,3432885722077,
2026-08-18 23:37:48.872,pulse_batch,x,,,,,1,,6827,905,763,77,77,,3432889430653,
2026-08-18 23:37:48.892,pulse_batch,x,,,,,3,,6830,908,766,77,77,,3432909957227,
2026-08-18 23:37:48.913,pulse_batch,x,,,,,3,,6833,911,769,77,77,,3432930353746,
2026-08-18 23:37:48.930,pulse_batch,x,,,,,2,,6835,913,771,77,77,,3432947493372,
2026-08-18 23:37:48.930,continuous_stop,x,,,,,,1,6835,913,771,77,77,,3432947861389,
2026-08-18 23:37:49.532,continuous_start,x,,,,,,1,6835,913,771,77,77,,3433549289352,
2026-08-18 23:37:49.535,pulse_batch,x,,,,,1,,6836,914,772,77,77,,3433552983965,
2026-08-18 23:37:49.556,pulse_batch,x,,,,,3,,6839,917,775,77,77,,3433573634150,
2026-08-18 23:37:49.576,pulse_batch,x,,,,,3,,6842,920,778,77,77,,3433594036391,
2026-08-18 23:37:49.598,pulse_batch,x,,,,,3,,6845,923,781,77,77,,3433616189253,
2026-08-18 23:37:49.602,continuous_stop,x,,,,,,1,6845,923,781,77,77,,3433619623108,
2026-08-18 23:37:50.467,continuous_start,x,,,,,,1,6845,923,781,77,77,,3434484285696,
2026-08-18 23:37:50.470,pulse_batch,x,,,,,1,,6846,924,782,77,77,,3434488052383,
2026-08-18 23:37:50.491,pulse_batch,x,,,,,3,,6849,927,785,77,77,,3434508593531,
2026-08-18 23:37:50.511,pulse_batch,x,,,,,3,,6852,930,788,77,77,,3434529017327,
2026-08-18 23:37:50.533,pulse_batch,x,,,,,3,,6855,933,791,77,77,,3434550592193,
2026-08-18 23:37:50.536,continuous_stop,x,,,,,,1,6855,933,791,77,77,,3434554066084,
2026-08-18 23:37:52.468,continuous_start,y,,,,,,-1,2331,405,-15,0,4,,3436486001939,
2026-08-18 23:37:52.472,pulse_batch,y,,,,,-1,,2332,404,-16,0,4,,3436489711570,
2026-08-18 23:37:52.493,pulse_batch,y,,,,,-3,,2335,401,-19,0,4,,3436510722383,
2026-08-18 23:37:52.513,pulse_batch,y,,,,,-3,,2338,398,-22,0,4,,3436531141938,
2026-08-18 23:37:52.536,pulse_batch,y,,,,,-3,,2341,395,-25,0,4,,3436553626540,
2026-08-18 23:37:52.556,pulse_batch,y,,,,,-3,,2344,392,-28,0,4,,3436574169522,
2026-08-18 23:37:52.577,pulse_batch,y,,,,,-3,,2347,389,-31,0,4,,3436594631411,
2026-08-18 23:37:52.598,pulse_batch,y,,,,,-3,,2350,386,-34,0,4,,3436615894166,
2026-08-18 23:37:52.602,continuous_stop,y,,,,,,-1,2350,386,-34,0,4,,3436619363928,
2026-08-18 23:37:53.137,continuous_start,y,,,,,,-1,2350,386,-34,0,4,,3437155085969,
2026-08-18 23:37:53.141,pulse_batch,y,,,,,-1,,2351,385,-35,0,4,,3437158832082,
2026-08-18 23:37:53.162,pulse_batch,y,,,,,-3,,2354,382,-38,0,4,,3437180216152,
2026-08-18 23:37:53.183,pulse_batch,y,,,,,-3,,2357,379,-41,0,4,,3437200664189,
2026-08-18 23:37:53.204,pulse_batch,y,,,,,-3,,2360,376,-44,0,4,,3437221657798,
2026-08-18 23:37:53.207,continuous_stop,y,,,,,,-1,2360,376,-44,0,4,,3437225048560,
2026-08-18 23:37:53.870,continuous_start,y,,,,,,-1,2360,376,-44,0,4,,3437888118322,
2026-08-18 23:37:53.874,pulse_batch,y,,,,,-1,,2361,375,-45,0,4,,3437891866342,
2026-08-18 23:37:53.895,pulse_batch,y,,,,,-3,,2364,372,-48,0,4,,3437912353193,
2026-08-18 23:37:53.915,pulse_batch,y,,,,,-3,,2367,369,-51,0,4,,3437932763638,
2026-08-18 23:37:53.936,pulse_batch,y,,,,,-3,,2370,366,-54,0,4,,3437953919561,
2026-08-18 23:37:53.940,continuous_stop,y,,,,,,-1,2370,366,-54,0,4,,3437957355083,
2026-08-18 23:37:55.399,point_saved,x,1,stored,,,,1,,933,791,77,77,791,,
2026-08-18 23:37:55.399,point_saved,y,1,stored,,,,-1,,366,-54,0,4,-54,,
2026-08-18 23:37:57.072,continuous_start,x,,,,,,1,6855,933,791,77,77,,3441089589853,
2026-08-18 23:37:57.076,pulse_batch,x,,,,,1,,6856,934,792,77,77,,3441093312892,
2026-08-18 23:37:57.097,pulse_batch,x,,,,,3,,6859,937,795,77,77,,3441114534630,
2026-08-18 23:37:57.117,pulse_batch,x,,,,,3,,6862,940,798,77,77,,3441134971963,
2026-08-18 23:37:57.139,pulse_batch,x,,,,,3,,6865,943,801,77,77,,3441157094660,
2026-08-18 23:37:57.160,pulse_batch,x,,,,,3,,6868,946,804,77,77,,3441177708326,
2026-08-18 23:37:57.180,pulse_batch,x,,,,,3,,6871,949,807,77,77,,3441198137585,
2026-08-18 23:37:57.203,pulse_batch,x,,,,,3,,6874,952,810,77,77,,3441220440096,
2026-08-18 23:37:57.223,pulse_batch,x,,,,,3,,6877,955,813,77,77,,3441241153039,
2026-08-18 23:37:57.244,pulse_batch,x,,,,,3,,6880,958,816,77,77,,3441261653984,
2026-08-18 23:37:57.264,pulse_batch,x,,,,,3,,6883,961,819,77,77,,3441282146854,
2026-08-18 23:37:57.287,pulse_batch,x,,,,,3,,6886,964,822,77,77,,3441304308939,
2026-08-18 23:37:57.307,pulse_batch,x,,,,,3,,6889,967,825,77,77,,3441324844550,
2026-08-18 23:37:57.328,pulse_batch,x,,,,,3,,6892,970,828,77,77,,3441345310346,
2026-08-18 23:37:57.350,pulse_batch,x,,,,,3,,6895,973,831,77,77,,3441368131706,
2026-08-18 23:37:57.371,pulse_batch,x,,,,,3,,6898,976,834,77,77,,3441388584873,
2026-08-18 23:37:57.391,pulse_batch,x,,,,,3,,6901,979,837,77,77,,3441408968577,
2026-08-18 23:37:57.413,pulse_batch,x,,,,,3,,6904,982,840,77,77,,3441430981589,
2026-08-18 23:37:57.434,pulse_batch,x,,,,,3,,6907,985,843,77,77,,3441451772477,
2026-08-18 23:37:57.454,pulse_batch,x,,,,,3,,6910,988,846,77,77,,3441472191477,
2026-08-18 23:37:57.476,pulse_batch,x,,,,,3,,6913,991,849,77,77,,3441494100897,
2026-08-18 23:37:57.497,pulse_batch,x,,,,,3,,6916,994,852,77,77,,3441514664915,
2026-08-18 23:37:57.517,pulse_batch,x,,,,,3,,6919,997,855,77,77,,3441535090804,
2026-08-18 23:37:57.540,pulse_batch,x,,,,,3,,6922,1000,858,77,77,,3441557445481,
2026-08-18 23:37:57.560,pulse_batch,x,,,,,3,,6925,1003,861,77,77,,3441578043517,
2026-08-18 23:37:57.581,pulse_batch,x,,,,,3,,6928,1006,864,77,77,,3441598472240,
2026-08-18 23:37:57.601,pulse_batch,x,,,,,3,,6931,1009,867,77,77,,3441618948870,
2026-08-18 23:37:57.622,pulse_batch,x,,,,,3,,6934,1012,870,77,77,,3441639536943,
2026-08-18 23:37:57.642,pulse_batch,x,,,,,3,,6937,1015,873,77,77,,3441660069591,
2026-08-18 23:37:57.663,pulse_batch,x,,,,,3,,6940,1018,876,77,77,,3441680589610,
2026-08-18 23:37:57.684,pulse_batch,x,,,,,3,,6943,1021,879,77,77,,3441701343183,
2026-08-18 23:37:57.704,pulse_batch,x,,,,,3,,6946,1024,882,77,77,,3441721843442,
2026-08-18 23:37:57.725,pulse_batch,x,,,,,3,,6949,1027,885,77,77,,3441742285720,
2026-08-18 23:37:57.750,pulse_batch,x,,,,,3,,6952,1030,888,77,77,,3441768194529,
2026-08-18 23:37:57.771,pulse_batch,x,,,,,3,,6955,1033,891,77,77,,3441788668788,
2026-08-18 23:37:57.791,pulse_batch,x,,,,,3,,6958,1036,894,77,77,,3441809065326,
2026-08-18 23:37:57.814,pulse_batch,x,,,,,3,,6961,1039,897,77,77,,3441831367873,
2026-08-18 23:37:57.834,pulse_batch,x,,,,,3,,6964,1042,900,77,77,,3441851940021,
2026-08-18 23:37:57.855,pulse_batch,x,,,,,3,,6967,1045,903,77,77,,3441872357373,
2026-08-18 23:37:57.877,pulse_batch,x,,,,,3,,6970,1048,906,77,77,,3441894580217,
2026-08-18 23:37:57.900,pulse_batch,x,,,,,3,,6973,1051,909,77,77,,3441917923204,
2026-08-18 23:37:57.921,pulse_batch,x,,,,,3,,6976,1054,912,77,77,,3441938325538,
2026-08-18 23:37:57.941,pulse_batch,x,,,,,3,,6979,1057,915,77,77,,3441958991537,
2026-08-18 23:37:57.963,pulse_batch,x,,,,,3,,6982,1060,918,77,77,,3441981124974,
2026-08-18 23:37:57.984,pulse_batch,x,,,,,3,,6985,1063,921,77,77,,3442001582530,
2026-08-18 23:37:58.005,pulse_batch,x,,,,,3,,6988,1066,924,77,77,,3442023099248,
2026-08-18 23:37:58.026,pulse_batch,x,,,,,3,,6991,1069,927,77,77,,3442043587063,
2026-08-18 23:37:58.046,pulse_batch,x,,,,,3,,6994,1072,930,77,77,,3442064094544,
2026-08-18 23:37:58.070,pulse_batch,x,,,,,3,,6997,1075,933,77,77,,3442087753530,
2026-08-18 23:37:58.091,pulse_batch,x,,,,,3,,7000,1078,936,77,77,,3442108386788,
2026-08-18 23:37:58.111,pulse_batch,x,,,,,3,,7003,1081,939,77,77,,3442128837326,
2026-08-18 23:37:58.132,pulse_batch,x,,,,,3,,7006,1084,942,77,77,,3442149309029,
2026-08-18 23:37:58.152,pulse_batch,x,,,,,3,,7009,1087,945,77,77,,3442169901270,
2026-08-18 23:37:58.173,pulse_batch,x,,,,,3,,7012,1090,948,77,77,,3442190355566,
2026-08-18 23:37:58.193,pulse_batch,x,,,,,3,,7015,1093,951,77,77,,3442210765844,
2026-08-18 23:37:58.214,pulse_batch,x,,,,,3,,7018,1096,954,77,77,,3442231761157,
2026-08-18 23:37:58.235,pulse_batch,x,,,,,3,,7021,1099,957,77,77,,3442252408953,
2026-08-18 23:37:58.255,pulse_batch,x,,,,,3,,7024,1102,960,77,77,,3442272816861,
2026-08-18 23:37:58.277,pulse_batch,x,,,,,3,,7027,1105,963,77,77,,3442294869483,
2026-08-18 23:37:58.298,pulse_batch,x,,,,,3,,7030,1108,966,77,77,,3442315381279,
2026-08-18 23:37:58.318,pulse_batch,x,,,,,3,,7033,1111,969,77,77,,3442335840909,
2026-08-18 23:37:58.339,pulse_batch,x,,,,,3,,7036,1114,972,77,77,,3442356418242,
2026-08-18 23:37:58.359,pulse_batch,x,,,,,3,,7039,1117,975,77,77,,3442376892594,
2026-08-18 23:37:58.380,pulse_batch,x,,,,,3,,7042,1120,978,77,77,,3442397335354,
2026-08-18 23:37:58.401,pulse_batch,x,,,,,3,,7045,1123,981,77,77,,3442418743424,
2026-08-18 23:37:58.422,pulse_batch,x,,,,,3,,7048,1126,984,77,77,,3442439562570,
2026-08-18 23:37:58.442,pulse_batch,x,,,,,3,,7051,1129,987,77,77,,3442460194718,
2026-08-18 23:37:58.463,pulse_batch,x,,,,,3,,7054,1132,990,77,77,,3442480868884,
2026-08-18 23:37:58.484,pulse_batch,x,,,,,3,,7057,1135,993,77,77,,3442502105621,
2026-08-18 23:37:58.505,pulse_batch,x,,,,,3,,7060,1138,996,77,77,,3442522798380,
2026-08-18 23:37:58.525,pulse_batch,x,,,,,3,,7063,1141,999,77,77,,3442543258565,
2026-08-18 23:37:58.548,pulse_batch,x,,,,,3,,7066,1144,1002,77,77,,3442565263355,
2026-08-18 23:37:58.568,pulse_batch,x,,,,,3,,7069,1147,1005,77,77,,3442585892095,
2026-08-18 23:37:58.589,pulse_batch,x,,,,,3,,7072,1150,1008,77,77,,3442606385373,
2026-08-18 23:37:58.613,pulse_batch,x,,,,,3,,7075,1153,1011,77,77,,3442630976336,
2026-08-18 23:37:58.637,pulse_batch,x,,,,,3,,7078,1156,1014,77,77,,3442654330341,
2026-08-18 23:37:58.657,pulse_batch,x,,,,,3,,7081,1159,1017,77,77,,3442674821582,
2026-08-18 23:37:58.680,pulse_batch,x,,,,,3,,7084,1162,1020,77,77,,3442697880533,
2026-08-18 23:37:58.701,pulse_batch,x,,,,,3,,7087,1165,1023,77,77,,3442718558218,
2026-08-18 23:37:58.721,pulse_batch,x,,,,,3,,7090,1168,1026,77,77,,3442739067625,
2026-08-18 23:37:58.742,pulse_batch,x,,,,,3,,7093,1171,1029,77,77,,3442759827013,
2026-08-18 23:37:58.763,pulse_batch,x,,,,,3,,7096,1174,1032,77,77,,3442780486531,
2026-08-18 23:37:58.783,pulse_batch,x,,,,,3,,7099,1177,1035,77,77,,3442801000068,
2026-08-18 23:37:58.804,pulse_batch,x,,,,,3,,7102,1180,1038,77,77,,3442821573290,
2026-08-18 23:37:58.826,pulse_batch,x,,,,,3,,7105,1183,1041,77,77,,3442844129910,
2026-08-18 23:37:58.847,pulse_batch,x,,,,,3,,7108,1186,1044,77,77,,3442864708002,
2026-08-18 23:37:58.868,pulse_batch,x,,,,,3,,7111,1189,1047,77,77,,3442885915369,
2026-08-18 23:37:58.892,pulse_batch,x,,,,,3,,7114,1192,1050,77,77,,3442909458244,
2026-08-18 23:37:58.912,pulse_batch,x,,,,,3,,7117,1195,1053,77,77,,3442929951041,
2026-08-18 23:37:58.933,pulse_batch,x,,,,,3,,7120,1198,1056,77,77,,3442950450059,
2026-08-18 23:37:58.957,pulse_batch,x,,,,,3,,7123,1201,1059,77,77,,3442974373803,
2026-08-18 23:37:58.977,pulse_batch,x,,,,,3,,7126,1204,1062,77,77,,3442994977136,
2026-08-18 23:37:58.998,pulse_batch,x,,,,,3,,7129,1207,1065,77,77,,3443015457803,
2026-08-18 23:37:59.021,pulse_batch,x,,,,,3,,7132,1210,1068,77,77,,3443038929345,
2026-08-18 23:37:59.042,pulse_batch,x,,,,,3,,7135,1213,1071,77,77,,3443059426512,
2026-08-18 23:37:59.062,pulse_batch,x,,,,,3,,7138,1216,1074,77,77,,3443079898178,
2026-08-18 23:37:59.084,pulse_batch,x,,,,,3,,7141,1219,1077,77,77,,3443101643451,
2026-08-18 23:37:59.107,pulse_batch,x,,,,,3,,7144,1222,1080,77,77,,3443124441681,
2026-08-18 23:37:59.127,pulse_batch,x,,,,,3,,7147,1225,1083,77,77,,3443144923477,
2026-08-18 23:37:59.149,pulse_batch,x,,,,,3,,7150,1228,1086,77,77,,3443166329584,
2026-08-18 23:37:59.169,pulse_batch,x,,,,,3,,7153,1231,1089,77,77,,3443186972491,
2026-08-18 23:37:59.190,pulse_batch,x,,,,,3,,7156,1234,1092,77,77,,3443207472214,
2026-08-18 23:37:59.210,pulse_batch,x,,,,,3,,7159,1237,1095,77,77,,3443228139120,
2026-08-18 23:37:59.231,pulse_batch,x,,,,,3,,7162,1240,1098,77,77,,3443248766305,
2026-08-18 23:37:59.252,pulse_batch,x,,,,,3,,7165,1243,1101,77,77,,3443269284120,
2026-08-18 23:37:59.273,pulse_batch,x,,,,,3,,7168,1246,1104,77,77,,3443291085873,
2026-08-18 23:37:59.294,pulse_batch,x,,,,,3,,7171,1249,1107,77,77,,3443311674669,
2026-08-18 23:37:59.314,pulse_batch,x,,,,,3,,7174,1252,1110,77,77,,3443332175743,
2026-08-18 23:37:59.335,pulse_batch,x,,,,,3,,7177,1255,1113,77,77,,3443352643206,
2026-08-18 23:37:59.356,pulse_batch,x,,,,,3,,7180,1258,1116,77,77,,3443374174090,
2026-08-18 23:37:59.377,pulse_batch,x,,,,,3,,7183,1261,1119,77,77,,3443394752220,
2026-08-18 23:37:59.398,pulse_batch,x,,,,,3,,7186,1264,1122,77,77,,3443415275905,
2026-08-18 23:37:59.418,pulse_batch,x,,,,,3,,7189,1267,1125,77,77,,3443435972385,
2026-08-18 23:37:59.439,pulse_batch,x,,,,,3,,7192,1270,1128,77,77,,3443456594996,
2026-08-18 23:37:59.459,pulse_batch,x,,,,,3,,7195,1273,1131,77,77,,3443477072663,
2026-08-18 23:37:59.480,pulse_batch,x,,,,,3,,7198,1276,1134,77,77,,3443498164197,
2026-08-18 23:37:59.504,pulse_batch,x,,,,,3,,7201,1279,1137,77,77,,3443521685832,
2026-08-18 23:37:59.527,pulse_batch,x,,,,,3,,7204,1282,1140,77,77,,3443544707709,
2026-08-18 23:37:59.548,pulse_batch,x,,,,,3,,7207,1285,1143,77,77,,3443566162464,
2026-08-18 23:37:59.569,pulse_batch,x,,,,,3,,7210,1288,1146,77,77,,3443586829389,
2026-08-18 23:37:59.590,pulse_batch,x,,,,,3,,7213,1291,1149,77,77,,3443607371167,
2026-08-18 23:37:59.611,pulse_batch,x,,,,,3,,7216,1294,1152,77,77,,3443628376554,
2026-08-18 23:37:59.633,pulse_batch,x,,,,,3,,7219,1297,1155,77,77,,3443650985248,
2026-08-18 23:37:59.654,pulse_batch,x,,,,,3,,7222,1300,1158,77,77,,3443671476803,
2026-08-18 23:37:59.677,pulse_batch,x,,,,,3,,7225,1303,1161,77,77,,3443694926587,
2026-08-18 23:37:59.698,pulse_batch,x,,,,,3,,7228,1306,1164,77,77,,3443715608845,
2026-08-18 23:37:59.718,pulse_batch,x,,,,,3,,7231,1309,1167,77,77,,3443736107530,
2026-08-18 23:37:59.741,pulse_batch,x,,,,,3,,7234,1312,1170,77,77,,3443756649530,
2026-08-18 23:37:59.760,pulse_batch,x,,,,,3,,7237,1315,1173,77,77,,3443777298807,
2026-08-18 23:37:59.780,pulse_batch,x,,,,,3,,7240,1318,1176,77,77,,3443797781567,
2026-08-18 23:37:59.801,pulse_batch,x,,,,,3,,7243,1321,1179,77,77,,3443818301752,
2026-08-18 23:37:59.821,pulse_batch,x,,,,,3,,7246,1324,1182,77,77,,3443838900233,
2026-08-18 23:37:59.842,pulse_batch,x,,,,,3,,7249,1327,1185,77,77,,3443859510806,
2026-08-18 23:37:59.863,pulse_batch,x,,,,,3,,7252,1330,1188,77,77,,3443880291546,
2026-08-18 23:37:59.884,pulse_batch,x,,,,,3,,7255,1333,1191,77,77,,3443901911800,
2026-08-18 23:37:59.905,pulse_batch,x,,,,,3,,7258,1336,1194,77,77,,3443922609207,
2026-08-18 23:37:59.925,pulse_batch,x,,,,,3,,7261,1339,1197,77,77,,3443943071707,
2026-08-18 23:37:59.946,pulse_batch,x,,,,,3,,7264,1342,1200,77,77,,3443963713725,
2026-08-18 23:37:59.967,pulse_batch,x,,,,,3,,7267,1345,1203,77,77,,3443984376317,
2026-08-18 23:37:59.987,pulse_batch,x,,,,,3,,7270,1348,1206,77,77,,3444004855187,
2026-08-18 23:38:00.008,pulse_batch,x,,,,,3,,7273,1351,1209,77,77,,3444025515538,
2026-08-18 23:38:00.028,pulse_batch,x,,,,,3,,7276,1354,1212,77,77,,3444046208482,
2026-08-18 23:38:00.049,pulse_batch,x,,,,,3,,7279,1357,1215,77,77,,3444066709223,
2026-08-18 23:38:00.069,pulse_batch,x,,,,,3,,7282,1360,1218,77,77,,3444087216741,
2026-08-18 23:38:00.092,pulse_batch,x,,,,,3,,7285,1363,1221,77,77,,3444109581177,
2026-08-18 23:38:00.112,pulse_batch,x,,,,,3,,7288,1366,1224,77,77,,3444130106622,
2026-08-18 23:38:00.133,pulse_batch,x,,,,,3,,7291,1369,1227,77,77,,3444150596159,
2026-08-18 23:38:00.156,pulse_batch,x,,,,,3,,7294,1372,1230,77,77,,3444173873368,
2026-08-18 23:38:00.177,pulse_batch,x,,,,,3,,7297,1375,1233,77,77,,3444194556849,
2026-08-18 23:38:00.197,pulse_batch,x,,,,,3,,7300,1378,1236,77,77,,3444215023701,
2026-08-18 23:38:00.219,pulse_batch,x,,,,,3,,7303,1381,1239,77,77,,3444236711548,
2026-08-18 23:38:00.240,pulse_batch,x,,,,,3,,7306,1384,1242,77,77,,3444257289992,
2026-08-18 23:38:00.260,pulse_batch,x,,,,,3,,7309,1387,1245,77,77,,3444277730918,
2026-08-18 23:38:00.278,pulse_batch,x,,,,,2,,7311,1389,1247,77,77,,3444295568189,
2026-08-18 23:38:00.278,continuous_stop,x,,,,,,1,7311,1389,1247,77,77,,3444296081854,
2026-08-18 23:38:00.812,continuous_start,x,,,,,,1,7311,1389,1247,77,77,,3444829490835,
2026-08-18 23:38:00.815,pulse_batch,x,,,,,1,,7312,1390,1248,77,77,,3444833140003,
2026-08-18 23:38:00.838,pulse_batch,x,,,,,3,,7315,1393,1251,77,77,,3444855810790,
2026-08-18 23:38:00.858,pulse_batch,x,,,,,3,,7318,1396,1254,77,77,,3444876260346,
2026-08-18 23:38:00.878,pulse_batch,x,,,,,2,,7320,1398,1256,77,77,,3444895308167,
2026-08-18 23:38:00.878,continuous_stop,x,,,,,,1,7320,1398,1256,77,77,,3444895619499,
2026-08-18 23:38:01.346,continuous_start,x,,,,,,1,7320,1398,1256,77,77,,3445363662016,
2026-08-18 23:38:01.350,pulse_batch,x,,,,,1,,7321,1399,1257,77,77,,3445367361055,
2026-08-18 23:38:01.370,pulse_batch,x,,,,,3,,7324,1402,1260,77,77,,3445387923869,
2026-08-18 23:38:01.391,pulse_batch,x,,,,,3,,7327,1405,1263,77,77,,3445408458017,
2026-08-18 23:38:01.412,pulse_batch,x,,,,,3,,7330,1408,1266,77,77,,3445429926198,
2026-08-18 23:38:01.433,pulse_batch,x,,,,,3,,7333,1411,1269,77,77,,3445450594235,
2026-08-18 23:38:01.453,pulse_batch,x,,,,,3,,7336,1414,1272,77,77,,3445471114049,
2026-08-18 23:38:01.475,pulse_batch,x,,,,,3,,7339,1417,1275,77,77,,3445492461972,
2026-08-18 23:38:01.478,continuous_stop,x,,,,,,1,7339,1417,1275,77,77,,3445496163733,
2026-08-18 23:38:02.680,continuous_start,y,,,,,,-1,2370,366,-54,0,4,,3446697864865,
2026-08-18 23:38:02.684,pulse_batch,y,,,,,-1,,2371,365,-55,0,4,,3446701504071,
2026-08-18 23:38:02.704,pulse_batch,y,,,,,-3,,2374,362,-58,0,4,,3446722037922,
2026-08-18 23:38:02.725,pulse_batch,y,,,,,-3,,2377,359,-61,0,4,,3446742544182,
2026-08-18 23:38:02.746,pulse_batch,y,,,,,-3,,2380,356,-64,0,4,,3446763993418,
2026-08-18 23:38:02.750,continuous_stop,y,,,,,,-1,2380,356,-64,0,4,,3446767458291,
2026-08-18 23:38:04.673,point_saved,x,2,stored,,,,1,,1417,1275,77,77,1275,,
2026-08-18 23:38:04.673,point_saved,y,2,stored,,,,-1,,356,-64,0,4,-64,,
2026-08-18 23:38:06.946,target_start,x,0,stored,,,,,,1417,1275,77,77,93,,
2026-08-18 23:38:06.946,target_start,y,0,stored,,,,,,356,-64,0,4,10,,
2026-08-18 23:38:06.946,approach_source_start,x,0,stored,,,,1,,1417,1275,77,77,6,,
2026-08-18 23:38:06.946,approach_source_start,y,0,stored,,,,1,,356,-64,0,4,-4,,
2026-08-18 23:38:06.949,move_start,x,,,13,-1346,,-1,7339,1417,1275,77,77,,3450966840553,
2026-08-18 23:38:06.949,move_start,y,,,13,64,,1,2380,356,-64,0,4,,3450966790850,
2026-08-18 23:38:06.953,pulse_batch,x,,,,,-1,,7340,1416,1275,76,77,,3450970556166,
2026-08-18 23:38:06.953,pulse_batch,y,,,,,1,,2381,357,-64,1,4,,3450970504518,
2026-08-18 23:38:06.974,pulse_batch,x,,,,,-3,,7343,1413,1275,73,77,,3450991219221,
2026-08-18 23:38:06.974,pulse_batch,y,,,,,3,,2384,360,-64,4,4,,3450991373257,
2026-08-18 23:38:06.994,pulse_batch,x,,,,,-3,,7346,1410,1275,70,77,,3451011717147,
2026-08-18 23:38:06.994,pulse_batch,y,,,,,3,,2387,363,-61,4,4,,3451011864739,
2026-08-18 23:38:07.015,pulse_batch,y,,,,,3,,2390,366,-58,4,4,,3451032692497,
2026-08-18 23:38:07.015,pulse_batch,x,,,,,-3,,7349,1407,1275,67,77,,3451032558257,
2026-08-18 23:38:07.037,pulse_batch,y,,,,,3,,2393,369,-55,4,4,,3451054746990,
2026-08-18 23:38:07.037,pulse_batch,x,,,,,-3,,7352,1404,1275,64,77,,3451054832416,
2026-08-18 23:38:07.058,pulse_batch,y,,,,,3,,2396,372,-52,4,4,,3451075655655,
2026-08-18 23:38:07.058,pulse_batch,x,,,,,-3,,7355,1401,1275,61,77,,3451075791858,
2026-08-18 23:38:07.079,pulse_batch,x,,,,,-3,,7358,1398,1275,58,77,,3451096495654,
2026-08-18 23:38:07.079,pulse_batch,y,,,,,3,,2399,375,-49,4,4,,3451096660801,
2026-08-18 23:38:07.099,pulse_batch,x,,,,,-3,,7361,1395,1275,55,77,,3451117144857,
2026-08-18 23:38:07.100,pulse_batch,y,,,,,3,,2402,378,-46,4,4,,3451117360486,
2026-08-18 23:38:07.120,pulse_batch,x,,,,,-3,,7364,1392,1275,52,77,,3451137614246,
2026-08-18 23:38:07.120,pulse_batch,y,,,,,3,,2405,381,-43,4,4,,3451137771319,
2026-08-18 23:38:07.140,pulse_batch,x,,,,,-3,,7367,1389,1275,49,77,,3451158042135,
2026-08-18 23:38:07.141,pulse_batch,y,,,,,3,,2408,384,-40,4,4,,3451158381189,
2026-08-18 23:38:07.161,pulse_batch,x,,,,,-3,,7370,1386,1275,46,77,,3451178741579,
2026-08-18 23:38:07.161,pulse_batch,y,,,,,3,,2411,387,-37,4,4,,3451178928189,
2026-08-18 23:38:07.182,pulse_batch,x,,,,,-3,,7373,1383,1275,43,77,,3451199367190,
2026-08-18 23:38:07.182,pulse_batch,y,,,,,3,,2414,390,-34,4,4,,3451199530911,
2026-08-18 23:38:07.202,pulse_batch,x,,,,,-3,,7376,1380,1275,40,77,,3451219785376,
2026-08-18 23:38:07.202,pulse_batch,y,,,,,3,,2417,393,-31,4,4,,3451219977578,
2026-08-18 23:38:07.223,pulse_batch,x,,,,,-3,,7379,1377,1275,37,77,,3451240440875,
2026-08-18 23:38:07.225,pulse_batch,y,,,,,3,,2420,396,-28,4,4,,3451242352515,
2026-08-18 23:38:07.243,pulse_batch,x,,,,,-3,,7382,1374,1275,34,77,,3451260979949,
2026-08-18 23:38:07.245,pulse_batch,y,,,,,3,,2423,399,-25,4,4,,3451262866626,
2026-08-18 23:38:07.264,pulse_batch,x,,,,,-3,,7385,1371,1275,31,77,,3451281410468,
2026-08-18 23:38:07.265,pulse_batch,y,,,,,3,,2426,402,-22,4,4,,3451283280997,
2026-08-18 23:38:07.284,pulse_batch,x,,,,,-3,,7388,1368,1275,28,77,,3451302154097,
2026-08-18 23:38:07.288,pulse_batch,y,,,,,3,,2429,405,-19,4,4,,3451305515341,
2026-08-18 23:38:07.305,pulse_batch,x,,,,,-3,,7391,1365,1275,25,77,,3451322693597,
2026-08-18 23:38:07.308,pulse_batch,y,,,,,3,,2432,408,-16,4,4,,3451325984730,
2026-08-18 23:38:07.325,pulse_batch,x,,,,,-3,,7394,1362,1275,22,77,,3451343245652,
2026-08-18 23:38:07.329,pulse_batch,y,,,,,3,,2435,411,-13,4,4,,3451346420879,
2026-08-18 23:38:07.346,pulse_batch,x,,,,,-3,,7397,1359,1275,19,77,,3451363675319,
2026-08-18 23:38:07.351,pulse_batch,y,,,,,3,,2438,414,-10,4,4,,3451368555779,
2026-08-18 23:38:07.368,pulse_batch,x,,,,,-3,,7400,1356,1275,16,77,,3451385843294,
2026-08-18 23:38:07.371,pulse_batch,y,,,,,3,,2441,417,-7,4,4,,3451389244334,
2026-08-18 23:38:07.389,pulse_batch,x,,,,,-3,,7403,1353,1275,13,77,,3451406498793,
2026-08-18 23:38:07.392,pulse_batch,y,,,,,3,,2444,420,-4,4,4,,3451409663631,
2026-08-18 23:38:07.395,move_finish,y,,,13,,,,2444,420,-4,4,4,,3451413090800,
2026-08-18 23:38:07.410,pulse_batch,x,,,,,-3,,7406,1350,1275,10,77,,3451427514476,
2026-08-18 23:38:07.432,pulse_batch,x,,,,,-3,,7409,1347,1275,7,77,,3451449434062,
2026-08-18 23:38:07.454,pulse_batch,x,,,,,-3,,7412,1344,1275,4,77,,3451471637666,
2026-08-18 23:38:07.475,pulse_batch,x,,,,,-3,,7415,1341,1275,1,77,,3451492316184,
2026-08-18 23:38:07.497,pulse_batch,x,,,,,-3,,7418,1338,1273,0,77,,3451514459529,
2026-08-18 23:38:07.521,pulse_batch,x,,,,,-3,,7421,1335,1270,0,77,,3451538384161,
2026-08-18 23:38:07.541,pulse_batch,x,,,,,-3,,7424,1332,1267,0,77,,3451558928384,
2026-08-18 23:38:07.562,pulse_batch,x,,,,,-3,,7427,1329,1264,0,77,,3451579560402,
2026-08-18 23:38:07.584,pulse_batch,x,,,,,-3,,7430,1326,1261,0,77,,3451601315100,
2026-08-18 23:38:07.604,pulse_batch,x,,,,,-3,,7433,1323,1258,0,77,,3451621750045,
2026-08-18 23:38:07.625,pulse_batch,x,,,,,-3,,7436,1320,1255,0,77,,3451642776432,
2026-08-18 23:38:07.646,pulse_batch,x,,,,,-3,,7439,1317,1252,0,77,,3451663476135,
2026-08-18 23:38:07.666,pulse_batch,x,,,,,-3,,7442,1314,1249,0,77,,3451684039875,
2026-08-18 23:38:07.688,pulse_batch,x,,,,,-3,,7445,1311,1246,0,77,,3451705472927,
2026-08-18 23:38:07.708,pulse_batch,x,,,,,-3,,7448,1308,1243,0,77,,3451726115426,
2026-08-18 23:38:07.729,pulse_batch,x,,,,,-3,,7451,1305,1240,0,77,,3451746575612,
2026-08-18 23:38:07.751,pulse_batch,x,,,,,-3,,7454,1302,1237,0,77,,3451768643809,
2026-08-18 23:38:07.773,pulse_batch,x,,,,,-3,,7457,1299,1234,0,77,,3451790477599,
2026-08-18 23:38:07.793,pulse_batch,x,,,,,-3,,7460,1296,1231,0,77,,3451810910470,
2026-08-18 23:38:07.814,pulse_batch,x,,,,,-3,,7463,1293,1228,0,77,,3451831360693,
2026-08-18 23:38:07.836,pulse_batch,x,,,,,-3,,7466,1290,1225,0,77,,3451854243330,
2026-08-18 23:38:07.857,pulse_batch,x,,,,,-3,,7469,1287,1222,0,77,,3451874707867,
2026-08-18 23:38:07.877,pulse_batch,x,,,,,-3,,7472,1284,1219,0,77,,3451895222127,
2026-08-18 23:38:07.899,pulse_batch,x,,,,,-3,,7475,1281,1216,0,77,,3451916542068,
2026-08-18 23:38:07.919,pulse_batch,x,,,,,-3,,7478,1278,1213,0,77,,3451937235660,
2026-08-18 23:38:07.940,pulse_batch,x,,,,,-3,,7481,1275,1210,0,77,,3451957682160,
2026-08-18 23:38:07.961,pulse_batch,x,,,,,-3,,7484,1272,1207,0,77,,3451979175674,
2026-08-18 23:38:07.982,pulse_batch,x,,,,,-3,,7487,1269,1204,0,77,,3451999795192,
2026-08-18 23:38:08.002,pulse_batch,x,,,,,-3,,7490,1266,1201,0,77,,3452020202471,
2026-08-18 23:38:08.023,pulse_batch,x,,,,,-3,,7493,1263,1198,0,77,,3452040806730,
2026-08-18 23:38:08.044,pulse_batch,x,,,,,-3,,7496,1260,1195,0,77,,3452061273971,
2026-08-18 23:38:08.064,pulse_batch,x,,,,,-3,,7499,1257,1192,0,77,,3452081677434,
2026-08-18 23:38:08.085,pulse_batch,x,,,,,-3,,7502,1254,1189,0,77,,3452102484804,
2026-08-18 23:38:08.105,pulse_batch,x,,,,,-3,,7505,1251,1186,0,77,,3452123065137,
2026-08-18 23:38:08.126,pulse_batch,x,,,,,-3,,7508,1248,1183,0,77,,3452143488434,
2026-08-18 23:38:08.146,pulse_batch,x,,,,,-3,,7511,1245,1180,0,77,,3452163925841,
2026-08-18 23:38:08.170,pulse_batch,x,,,,,-3,,7514,1242,1177,0,77,,3452187576587,
2026-08-18 23:38:08.190,pulse_batch,x,,,,,-3,,7517,1239,1174,0,77,,3452208039198,
2026-08-18 23:38:08.211,pulse_batch,x,,,,,-3,,7520,1236,1171,0,77,,3452228504199,
2026-08-18 23:38:08.234,pulse_batch,x,,,,,-3,,7523,1233,1168,0,77,,3452251587187,
2026-08-18 23:38:08.254,pulse_batch,x,,,,,-3,,7526,1230,1165,0,77,,3452272013354,
2026-08-18 23:38:08.275,pulse_batch,x,,,,,-3,,7529,1227,1162,0,77,,3452292476169,
2026-08-18 23:38:08.296,pulse_batch,x,,,,,-3,,7532,1224,1159,0,77,,3452313518945,
2026-08-18 23:38:08.316,pulse_batch,x,,,,,-3,,7535,1221,1156,0,77,,3452334058778,
2026-08-18 23:38:08.337,pulse_batch,x,,,,,-3,,7538,1218,1153,0,77,,3452354493094,
2026-08-18 23:38:08.358,pulse_batch,x,,,,,-3,,7541,1215,1150,0,77,,3452376186774,
2026-08-18 23:38:08.379,pulse_batch,x,,,,,-3,,7544,1212,1147,0,77,,3452396890884,
2026-08-18 23:38:08.400,pulse_batch,x,,,,,-3,,7547,1209,1144,0,77,,3452417335718,
2026-08-18 23:38:08.422,pulse_batch,x,,,,,-3,,7550,1206,1141,0,77,,3452439610895,
2026-08-18 23:38:08.444,pulse_batch,x,,,,,-3,,7553,1203,1138,0,77,,3452461797647,
2026-08-18 23:38:08.464,pulse_batch,x,,,,,-3,,7556,1200,1135,0,77,,3452482189240,
2026-08-18 23:38:08.485,pulse_batch,x,,,,,-3,,7559,1197,1132,0,77,,3452502993869,
2026-08-18 23:38:08.506,pulse_batch,x,,,,,-3,,7562,1194,1129,0,77,,3452523841590,
2026-08-18 23:38:08.527,pulse_batch,x,,,,,-3,,7565,1191,1126,0,77,,3452544423626,
2026-08-18 23:38:08.547,pulse_batch,x,,,,,-3,,7568,1188,1123,0,77,,3452564894886,
2026-08-18 23:38:08.570,pulse_batch,x,,,,,-3,,7571,1185,1120,0,77,,3452587494969,
2026-08-18 23:38:08.590,pulse_batch,x,,,,,-3,,7574,1182,1117,0,77,,3452608031432,
2026-08-18 23:38:08.613,pulse_batch,x,,,,,-3,,7577,1179,1114,0,77,,3452630778552,
2026-08-18 23:38:08.634,pulse_batch,x,,,,,-3,,7580,1176,1111,0,77,,3452651842327,
2026-08-18 23:38:08.655,pulse_batch,x,,,,,-3,,7583,1173,1108,0,77,,3452672359994,
2026-08-18 23:38:08.677,pulse_batch,x,,,,,-3,,7586,1170,1105,0,77,,3452692929920,
2026-08-18 23:38:08.696,pulse_batch,x,,,,,-3,,7589,1167,1102,0,77,,3452713840844,
2026-08-18 23:38:08.717,pulse_batch,x,,,,,-3,,7592,1164,1099,0,77,,3452734392529,
2026-08-18 23:38:08.737,pulse_batch,x,,,,,-3,,7595,1161,1096,0,77,,3452754798993,
2026-08-18 23:38:08.759,pulse_batch,x,,,,,-3,,7598,1158,1093,0,77,,3452776532099,
2026-08-18 23:38:08.779,pulse_batch,x,,,,,-3,,7601,1155,1090,0,77,,3452797031580,
2026-08-18 23:38:08.800,pulse_batch,x,,,,,-3,,7604,1152,1087,0,77,,3452817496266,
2026-08-18 23:38:08.820,pulse_batch,x,,,,,-3,,7607,1149,1084,0,77,,3452838154784,
2026-08-18 23:38:08.841,pulse_batch,x,,,,,-3,,7610,1146,1081,0,77,,3452858680821,
2026-08-18 23:38:08.863,pulse_batch,x,,,,,-3,,7613,1143,1078,0,77,,3452880786814,
2026-08-18 23:38:08.884,pulse_batch,x,,,,,-3,,7616,1140,1075,0,77,,3452901397184,
2026-08-18 23:38:08.906,pulse_batch,x,,,,,-3,,7619,1137,1072,0,77,,3452923481492,
2026-08-18 23:38:08.926,pulse_batch,x,,,,,-3,,7622,1134,1069,0,77,,3452943955511,
2026-08-18 23:38:08.947,pulse_batch,x,,,,,-3,,7625,1131,1066,0,77,,3452964565085,
2026-08-18 23:38:08.973,pulse_batch,x,,,,,-3,,7628,1128,1063,0,77,,3452990602745,
2026-08-18 23:38:08.993,pulse_batch,x,,,,,-3,,7631,1125,1060,0,77,,3453011079912,
2026-08-18 23:38:09.014,pulse_batch,x,,,,,-3,,7634,1122,1057,0,77,,3453031543857,
2026-08-18 23:38:09.034,pulse_batch,x,,,,,-3,,7637,1119,1054,0,77,,3453052150153,
2026-08-18 23:38:09.055,pulse_batch,x,,,,,-3,,7640,1116,1051,0,77,,3453072625597,
2026-08-18 23:38:09.075,pulse_batch,x,,,,,-3,,7643,1113,1048,0,77,,3453093085672,
2026-08-18 23:38:09.096,pulse_batch,x,,,,,-3,,7646,1110,1045,0,77,,3453114038911,
2026-08-18 23:38:09.117,pulse_batch,x,,,,,-3,,7649,1107,1042,0,77,,3453134694503,
2026-08-18 23:38:09.137,pulse_batch,x,,,,,-3,,7652,1104,1039,0,77,,3453155165892,
2026-08-18 23:38:09.159,pulse_batch,x,,,,,-3,,7655,1101,1036,0,77,,3453176636147,
2026-08-18 23:38:09.179,pulse_batch,x,,,,,-3,,7658,1098,1033,0,77,,3453197239851,
2026-08-18 23:38:09.200,pulse_batch,x,,,,,-3,,7661,1095,1030,0,77,,3453217785628,
2026-08-18 23:38:09.222,pulse_batch,x,,,,,-3,,7664,1092,1027,0,77,,3453239336494,
2026-08-18 23:38:09.244,pulse_batch,x,,,,,-3,,7667,1089,1024,0,77,,3453262152669,
2026-08-18 23:38:09.265,pulse_batch,x,,,,,-3,,7670,1086,1021,0,77,,3453282667336,
2026-08-18 23:38:09.285,pulse_batch,x,,,,,-3,,7673,1083,1018,0,77,,3453303177410,
2026-08-18 23:38:09.307,pulse_batch,x,,,,,-3,,7676,1080,1015,0,77,,3453324300445,
2026-08-18 23:38:09.327,pulse_batch,x,,,,,-3,,7679,1077,1012,0,77,,3453344850148,
2026-08-18 23:38:09.348,pulse_batch,x,,,,,-3,,7682,1074,1009,0,77,,3453365437130,
2026-08-18 23:38:09.369,pulse_batch,x,,,,,-3,,7685,1071,1006,0,77,,3453386708478,
2026-08-18 23:38:09.390,pulse_batch,x,,,,,-3,,7688,1068,1003,0,77,,3453407278571,
2026-08-18 23:38:09.410,pulse_batch,x,,,,,-3,,7691,1065,1000,0,77,,3453427830015,
2026-08-18 23:38:09.433,pulse_batch,x,,,,,-3,,7694,1062,997,0,77,,3453450477598,
2026-08-18 23:38:09.453,pulse_batch,x,,,,,-3,,7697,1059,994,0,77,,3453471011598,
2026-08-18 23:38:09.474,pulse_batch,x,,,,,-3,,7700,1056,991,0,77,,3453491591598,
2026-08-18 23:38:09.495,pulse_batch,x,,,,,-3,,7703,1053,988,0,77,,3453513005946,
2026-08-18 23:38:09.516,pulse_batch,x,,,,,-3,,7706,1050,985,0,77,,3453533552539,
2026-08-18 23:38:09.536,pulse_batch,x,,,,,-3,,7709,1047,982,0,77,,3453554003521,
2026-08-18 23:38:09.559,pulse_batch,x,,,,,-3,,7712,1044,979,0,77,,3453576500882,
2026-08-18 23:38:09.581,pulse_batch,x,,,,,-3,,7715,1041,976,0,77,,3453598531079,
2026-08-18 23:38:09.601,pulse_batch,x,,,,,-3,,7718,1038,973,0,77,,3453619014209,
2026-08-18 23:38:09.622,pulse_batch,x,,,,,-3,,7721,1035,970,0,77,,3453639630135,
2026-08-18 23:38:09.643,pulse_batch,x,,,,,-3,,7724,1032,967,0,77,,3453660271746,
2026-08-18 23:38:09.663,pulse_batch,x,,,,,-3,,7727,1029,964,0,77,,3453680748801,
2026-08-18 23:38:09.683,pulse_batch,x,,,,,-3,,7730,1026,961,0,77,,3453701224042,
2026-08-18 23:38:09.707,pulse_batch,x,,,,,-3,,7733,1023,958,0,77,,3453725069879,
2026-08-18 23:38:09.728,pulse_batch,x,,,,,-3,,7736,1020,955,0,77,,3453745511047,
2026-08-18 23:38:09.749,pulse_batch,x,,,,,-3,,7739,1017,952,0,77,,3453766923246,
2026-08-18 23:38:09.770,pulse_batch,x,,,,,-3,,7742,1014,949,0,77,,3453788172725,
2026-08-18 23:38:09.791,pulse_batch,x,,,,,-3,,7745,1011,946,0,77,,3453808718021,
2026-08-18 23:38:09.811,pulse_batch,x,,,,,-3,,7748,1008,943,0,77,,3453829226540,
2026-08-18 23:38:09.833,pulse_batch,x,,,,,-3,,7751,1005,940,0,77,,3453851180515,
2026-08-18 23:38:09.854,pulse_batch,x,,,,,-3,,7754,1002,937,0,77,,3453871733052,
2026-08-18 23:38:09.874,pulse_batch,x,,,,,-3,,7757,999,934,0,77,,3453892172089,
2026-08-18 23:38:09.897,pulse_batch,x,,,,,-3,,7760,996,931,0,77,,3453914410100,
2026-08-18 23:38:09.917,pulse_batch,x,,,,,-3,,7763,993,928,0,77,,3453935182581,
2026-08-18 23:38:09.938,pulse_batch,x,,,,,-3,,7766,990,925,0,77,,3453955579248,
2026-08-18 23:38:09.960,pulse_batch,x,,,,,-3,,7769,987,922,0,77,,3453977690871,
2026-08-18 23:38:09.980,pulse_batch,x,,,,,-3,,7772,984,919,0,77,,3453998250630,
2026-08-18 23:38:10.001,pulse_batch,x,,,,,-3,,7775,981,916,0,77,,3454018750463,
2026-08-18 23:38:10.023,pulse_batch,x,,,,,-3,,7778,978,913,0,77,,3454041096566,
2026-08-18 23:38:10.044,pulse_batch,x,,,,,-3,,7781,975,910,0,77,,3454061860954,
2026-08-18 23:38:10.065,pulse_batch,x,,,,,-3,,7784,972,907,0,77,,3454082290918,
2026-08-18 23:38:10.090,pulse_batch,x,,,,,-3,,7787,969,904,0,77,,3454107797210,
2026-08-18 23:38:10.111,pulse_batch,x,,,,,-3,,7790,966,901,0,77,,3454128546543,
2026-08-18 23:38:10.131,pulse_batch,x,,,,,-3,,7793,963,898,0,77,,3454148963117,
2026-08-18 23:38:10.153,pulse_batch,x,,,,,-3,,7796,960,895,0,77,,3454170918000,
2026-08-18 23:38:10.177,pulse_batch,x,,,,,-3,,7799,957,892,0,77,,3454194570967,
2026-08-18 23:38:10.197,pulse_batch,x,,,,,-3,,7802,954,889,0,77,,3454215009098,
2026-08-18 23:38:10.221,pulse_batch,x,,,,,-3,,7805,951,886,0,77,,3454238483325,
2026-08-18 23:38:10.244,pulse_batch,x,,,,,-3,,7808,948,883,0,77,,3454261380333,
2026-08-18 23:38:10.264,pulse_batch,x,,,,,-3,,7811,945,880,0,77,,3454281818482,
2026-08-18 23:38:10.285,pulse_batch,x,,,,,-3,,7814,942,877,0,77,,3454302564536,
2026-08-18 23:38:10.309,pulse_batch,x,,,,,-3,,7817,939,874,0,77,,3454326999926,
2026-08-18 23:38:10.330,pulse_batch,x,,,,,-3,,7820,936,871,0,77,,3454347436797,
2026-08-18 23:38:10.350,pulse_batch,x,,,,,-3,,7823,933,868,0,77,,3454368070852,
2026-08-18 23:38:10.371,pulse_batch,x,,,,,-3,,7826,930,865,0,77,,3454388640408,
2026-08-18 23:38:10.391,pulse_batch,x,,,,,-3,,7829,927,862,0,77,,3454409121019,
2026-08-18 23:38:10.412,pulse_batch,x,,,,,-3,,7832,924,859,0,77,,3454429824463,
2026-08-18 23:38:10.433,pulse_batch,x,,,,,-3,,7835,921,856,0,77,,3454450397130,
2026-08-18 23:38:10.453,pulse_batch,x,,,,,-3,,7838,918,853,0,77,,3454470930945,
2026-08-18 23:38:10.474,pulse_batch,x,,,,,-3,,7841,915,850,0,77,,3454491340001,
2026-08-18 23:38:10.494,pulse_batch,x,,,,,-3,,7844,912,847,0,77,,3454512016296,
2026-08-18 23:38:10.515,pulse_batch,x,,,,,-3,,7847,909,844,0,77,,3454532594556,
2026-08-18 23:38:10.535,pulse_batch,x,,,,,-3,,7850,906,841,0,77,,3454553026130,
2026-08-18 23:38:10.557,pulse_batch,x,,,,,-3,,7853,903,838,0,77,,3454574778940,
2026-08-18 23:38:10.578,pulse_batch,x,,,,,-3,,7856,900,835,0,77,,3454595350847,
2026-08-18 23:38:10.598,pulse_batch,x,,,,,-3,,7859,897,832,0,77,,3454615778459,
2026-08-18 23:38:10.621,pulse_batch,x,,,,,-3,,7862,894,829,0,77,,3454639097187,
2026-08-18 23:38:10.642,pulse_batch,x,,,,,-3,,7865,891,826,0,77,,3454660183481,
2026-08-18 23:38:10.663,pulse_batch,x,,,,,-3,,7868,888,823,0,77,,3454680627629,
2026-08-18 23:38:10.684,pulse_batch,x,,,,,-3,,7871,885,820,0,77,,3454701265573,
2026-08-18 23:38:10.705,pulse_batch,x,,,,,-3,,7874,882,817,0,77,,3454722260423,
2026-08-18 23:38:10.725,pulse_batch,x,,,,,-3,,7877,879,814,0,77,,3454742758238,
2026-08-18 23:38:10.745,pulse_batch,x,,,,,-3,,7880,876,811,0,77,,3454763218350,
2026-08-18 23:38:10.770,pulse_batch,x,,,,,-3,,7883,873,808,0,77,,3454787648388,
2026-08-18 23:38:10.790,pulse_batch,x,,,,,-3,,7886,870,805,0,77,,3454808106536,
2026-08-18 23:38:10.811,pulse_batch,x,,,,,-3,,7889,867,802,0,77,,3454828645462,
2026-08-18 23:38:10.831,pulse_batch,x,,,,,-3,,7892,864,799,0,77,,3454849191314,
2026-08-18 23:38:10.852,pulse_batch,x,,,,,-3,,7895,861,796,0,77,,3454869755444,
2026-08-18 23:38:10.872,pulse_batch,x,,,,,-3,,7898,858,793,0,77,,3454890166426,
2026-08-18 23:38:10.894,pulse_batch,x,,,,,-3,,7901,855,790,0,77,,3454911918050,
2026-08-18 23:38:10.916,pulse_batch,x,,,,,-3,,7904,852,787,0,77,,3454933786063,
2026-08-18 23:38:10.936,pulse_batch,x,,,,,-3,,7907,849,784,0,77,,3454954223193,
2026-08-18 23:38:10.958,pulse_batch,x,,,,,-3,,7910,846,781,0,77,,3454975322579,
2026-08-18 23:38:10.978,pulse_batch,x,,,,,-3,,7913,843,778,0,77,,3454995925894,
2026-08-18 23:38:10.999,pulse_batch,x,,,,,-3,,7916,840,775,0,77,,3455016396505,
2026-08-18 23:38:11.021,pulse_batch,x,,,,,-3,,7919,837,772,0,77,,3455038467795,
2026-08-18 23:38:11.042,pulse_batch,x,,,,,-3,,7922,834,769,0,77,,3455059628403,
2026-08-18 23:38:11.062,pulse_batch,x,,,,,-3,,7925,831,766,0,77,,3455080085033,
2026-08-18 23:38:11.083,pulse_batch,x,,,,,-3,,7928,828,763,0,77,,3455100578071,
2026-08-18 23:38:11.107,pulse_batch,x,,,,,-3,,7931,825,760,0,77,,3455124870906,
2026-08-18 23:38:11.128,pulse_batch,x,,,,,-3,,7934,822,757,0,77,,3455145356832,
2026-08-18 23:38:11.148,pulse_batch,x,,,,,-3,,7937,819,754,0,77,,3455165881610,
2026-08-18 23:38:11.171,pulse_batch,x,,,,,-3,,7940,816,751,0,77,,3455189181764,
2026-08-18 23:38:11.192,pulse_batch,x,,,,,-3,,7943,813,748,0,77,,3455209638635,
2026-08-18 23:38:11.213,pulse_batch,x,,,,,-3,,7946,810,745,0,77,,3455230423708,
2026-08-18 23:38:11.235,pulse_batch,x,,,,,-3,,7949,807,742,0,77,,3455252900792,
2026-08-18 23:38:11.256,pulse_batch,x,,,,,-3,,7952,804,739,0,77,,3455273331200,
2026-08-18 23:38:11.276,pulse_batch,x,,,,,-3,,7955,801,736,0,77,,3455293774200,
2026-08-18 23:38:11.298,pulse_batch,x,,,,,-3,,7958,798,733,0,77,,3455316069785,
2026-08-18 23:38:11.319,pulse_batch,x,,,,,-3,,7961,795,730,0,77,,3455336655896,
2026-08-18 23:38:11.339,pulse_batch,x,,,,,-3,,7964,792,727,0,77,,3455357071674,
2026-08-18 23:38:11.365,pulse_batch,x,,,,,-3,,7967,789,724,0,77,,3455382507875,
2026-08-18 23:38:11.385,pulse_batch,x,,,,,-3,,7970,786,721,0,77,,3455403139282,
2026-08-18 23:38:11.406,pulse_batch,x,,,,,-3,,7973,783,718,0,77,,3455423558301,
2026-08-18 23:38:11.428,pulse_batch,x,,,,,-3,,7976,780,715,0,77,,3455445951644,
2026-08-18 23:38:11.449,pulse_batch,x,,,,,-3,,7979,777,712,0,77,,3455466476348,
2026-08-18 23:38:11.469,pulse_batch,x,,,,,-3,,7982,774,709,0,77,,3455486890645,
2026-08-18 23:38:11.491,pulse_batch,x,,,,,-3,,7985,771,706,0,77,,3455509019120,
2026-08-18 23:38:11.512,pulse_batch,x,,,,,-3,,7988,768,703,0,77,,3455529548749,
2026-08-18 23:38:11.532,pulse_batch,x,,,,,-3,,7991,765,700,0,77,,3455550077268,
2026-08-18 23:38:11.555,pulse_batch,x,,,,,-3,,7994,762,697,0,77,,3455572203668,
2026-08-18 23:38:11.575,pulse_batch,x,,,,,-3,,7997,759,694,0,77,,3455592712891,
2026-08-18 23:38:11.595,pulse_batch,x,,,,,-3,,8000,756,691,0,77,,3455613167595,
2026-08-18 23:38:11.616,pulse_batch,x,,,,,-3,,8003,753,688,0,77,,3455633655799,
2026-08-18 23:38:11.637,pulse_batch,x,,,,,-3,,8006,750,685,0,77,,3455654758093,
2026-08-18 23:38:11.657,pulse_batch,x,,,,,-3,,8009,747,682,0,77,,3455675234593,
2026-08-18 23:38:11.678,pulse_batch,x,,,,,-3,,8012,744,679,0,77,,3455695918889,
2026-08-18 23:38:11.699,pulse_batch,x,,,,,-3,,8015,741,676,0,77,,3455716450667,
2026-08-18 23:38:11.719,pulse_batch,x,,,,,-3,,8018,738,673,0,77,,3455737016426,
2026-08-18 23:38:11.740,pulse_batch,x,,,,,-3,,8021,735,670,0,77,,3455757505352,
2026-08-18 23:38:11.762,pulse_batch,x,,,,,-3,,8024,732,667,0,77,,3455779459272,
2026-08-18 23:38:11.783,pulse_batch,x,,,,,-3,,8027,729,664,0,77,,3455801255544,
2026-08-18 23:38:11.804,pulse_batch,x,,,,,-3,,8030,726,661,0,77,,3455821688211,
2026-08-18 23:38:11.825,pulse_batch,x,,,,,-3,,8033,723,658,0,77,,3455842751394,
2026-08-18 23:38:11.846,pulse_batch,x,,,,,-3,,8036,720,655,0,77,,3455863438745,
2026-08-18 23:38:11.866,pulse_batch,x,,,,,-3,,8039,717,652,0,77,,3455883872468,
2026-08-18 23:38:11.888,pulse_batch,x,,,,,-3,,8042,714,649,0,77,,3455905842980,
2026-08-18 23:38:11.909,pulse_batch,x,,,,,-3,,8045,711,646,0,77,,3455926504628,
2026-08-18 23:38:11.929,pulse_batch,x,,,,,-3,,8048,708,643,0,77,,3455946987054,
2026-08-18 23:38:11.950,pulse_batch,x,,,,,-3,,8051,705,640,0,77,,3455967442777,
2026-08-18 23:38:11.973,pulse_batch,x,,,,,-3,,8054,702,637,0,77,,3455990976652,
2026-08-18 23:38:11.994,pulse_batch,x,,,,,-3,,8057,699,634,0,77,,3456011435634,
2026-08-18 23:38:12.014,pulse_batch,x,,,,,-3,,8060,696,631,0,77,,3456031902616,
2026-08-18 23:38:12.036,pulse_batch,x,,,,,-3,,8063,693,628,0,77,,3456053432612,
2026-08-18 23:38:12.056,pulse_batch,x,,,,,-3,,8066,690,625,0,77,,3456073941741,
2026-08-18 23:38:12.077,pulse_batch,x,,,,,-3,,8069,687,622,0,77,,3456094382038,
2026-08-18 23:38:12.099,pulse_batch,x,,,,,-3,,8072,684,619,0,77,,3456116464439,
2026-08-18 23:38:12.119,pulse_batch,x,,,,,-3,,8075,681,616,0,77,,3456137142697,
2026-08-18 23:38:12.140,pulse_batch,x,,,,,-3,,8078,678,613,0,77,,3456157577457,
2026-08-18 23:38:12.162,pulse_batch,x,,,,,-3,,8081,675,610,0,77,,3456179833783,
2026-08-18 23:38:12.183,pulse_batch,x,,,,,-3,,8084,672,607,0,77,,3456200422968,
2026-08-18 23:38:12.203,pulse_batch,x,,,,,-3,,8087,669,604,0,77,,3456220892654,
2026-08-18 23:38:12.226,pulse_batch,x,,,,,-3,,8090,666,601,0,77,,3456243614181,
2026-08-18 23:38:12.246,pulse_batch,x,,,,,-3,,8093,663,598,0,77,,3456264189792,
2026-08-18 23:38:12.267,pulse_batch,x,,,,,-3,,8096,660,595,0,77,,3456284660589,
2026-08-18 23:38:12.289,pulse_batch,x,,,,,-3,,8099,657,592,0,77,,3456307043303,
2026-08-18 23:38:12.313,pulse_batch,x,,,,,-3,,8102,654,589,0,77,,3456330374068,
2026-08-18 23:38:12.333,pulse_batch,x,,,,,-3,,8105,651,586,0,77,,3456350843753,
2026-08-18 23:38:12.355,pulse_batch,x,,,,,-3,,8108,648,583,0,77,,3456373134116,
2026-08-18 23:38:12.376,pulse_batch,x,,,,,-3,,8111,645,580,0,77,,3456393833671,
2026-08-18 23:38:12.397,pulse_batch,x,,,,,-3,,8114,642,577,0,77,,3456414274764,
2026-08-18 23:38:12.417,pulse_batch,x,,,,,-3,,8117,639,574,0,77,,3456434727987,
2026-08-18 23:38:12.439,pulse_batch,x,,,,,-3,,8120,636,571,0,77,,3456457221478,
2026-08-18 23:38:12.460,pulse_batch,x,,,,,-3,,8123,633,568,0,77,,3456477713608,
2026-08-18 23:38:12.480,pulse_batch,x,,,,,-3,,8126,630,565,0,77,,3456498173127,
2026-08-18 23:38:12.502,pulse_batch,x,,,,,-3,,8129,627,562,0,77,,3456520199213,
2026-08-18 23:38:12.523,pulse_batch,x,,,,,-3,,8132,624,559,0,77,,3456540652288,
2026-08-18 23:38:12.543,pulse_batch,x,,,,,-3,,8135,621,556,0,77,,3456561102566,
2026-08-18 23:38:12.564,pulse_batch,x,,,,,-3,,8138,618,553,0,77,,3456581665547,
2026-08-18 23:38:12.584,pulse_batch,x,,,,,-3,,8141,615,550,0,77,,3456602157807,
2026-08-18 23:38:12.605,pulse_batch,x,,,,,-3,,8144,612,547,0,77,,3456622563067,
2026-08-18 23:38:12.627,pulse_batch,x,,,,,-3,,8147,609,544,0,77,,3456644489320,
2026-08-18 23:38:12.647,pulse_batch,x,,,,,-3,,8150,606,541,0,77,,3456665211041,
2026-08-18 23:38:12.668,pulse_batch,x,,,,,-3,,8153,603,538,0,77,,3456685619023,
2026-08-18 23:38:12.690,pulse_batch,x,,,,,-3,,8156,600,535,0,77,,3456707691350,
2026-08-18 23:38:12.710,pulse_batch,x,,,,,-3,,8159,597,532,0,77,,3456728236702,
2026-08-18 23:38:12.731,pulse_batch,x,,,,,-3,,8162,594,529,0,77,,3456748679628,
2026-08-18 23:38:12.753,pulse_batch,x,,,,,-3,,8165,591,526,0,77,,3456770942213,
2026-08-18 23:38:12.774,pulse_batch,x,,,,,-3,,8168,588,523,0,77,,3456791706064,
2026-08-18 23:38:12.794,pulse_batch,x,,,,,-3,,8171,585,520,0,77,,3456812221250,
2026-08-18 23:38:12.816,pulse_batch,x,,,,,-3,,8174,582,517,0,77,,3456834083744,
2026-08-18 23:38:12.837,pulse_batch,x,,,,,-3,,8177,579,514,0,77,,3456854827261,
2026-08-18 23:38:12.858,pulse_batch,x,,,,,-3,,8180,576,511,0,77,,3456875398391,
2026-08-18 23:38:12.878,pulse_batch,x,,,,,-3,,8183,573,508,0,77,,3456895848521,
2026-08-18 23:38:12.900,pulse_batch,x,,,,,-3,,8186,570,505,0,77,,3456917371350,
2026-08-18 23:38:12.920,pulse_batch,x,,,,,-3,,8189,567,502,0,77,,3456938023757,
2026-08-18 23:38:12.941,pulse_batch,x,,,,,-3,,8192,564,499,0,77,,3456958524720,
2026-08-18 23:38:12.962,pulse_batch,x,,,,,-3,,8195,561,496,0,77,,3456979422682,
2026-08-18 23:38:12.982,pulse_batch,x,,,,,-3,,8198,558,493,0,77,,3456999930200,
2026-08-18 23:38:13.003,pulse_batch,x,,,,,-3,,8201,555,490,0,77,,3457020353831,
2026-08-18 23:38:13.024,pulse_batch,x,,,,,-3,,8204,552,487,0,77,,3457041890493,
2026-08-18 23:38:13.045,pulse_batch,x,,,,,-3,,8207,549,484,0,77,,3457062439826,
2026-08-18 23:38:13.065,pulse_batch,x,,,,,-3,,8210,546,481,0,77,,3457082822049,
2026-08-18 23:38:13.085,pulse_batch,x,,,,,-3,,8213,543,478,0,77,,3457103268402,
2026-08-18 23:38:13.107,pulse_batch,x,,,,,-3,,8216,540,475,0,77,,3457124480603,
2026-08-18 23:38:13.127,pulse_batch,x,,,,,-3,,8219,537,472,0,77,,3457144926251,
2026-08-18 23:38:13.148,pulse_batch,x,,,,,-3,,8222,534,469,0,77,,3457165483622,
2026-08-18 23:38:13.170,pulse_batch,x,,,,,-3,,8225,531,466,0,77,,3457187831725,
2026-08-18 23:38:13.191,pulse_batch,x,,,,,-3,,8228,528,463,0,77,,3457208328762,
2026-08-18 23:38:13.211,pulse_batch,x,,,,,-3,,8231,525,460,0,77,,3457228776800,
2026-08-18 23:38:13.233,pulse_batch,x,,,,,-3,,8234,522,457,0,77,,3457250914274,
2026-08-18 23:38:13.254,pulse_batch,x,,,,,-3,,8237,519,454,0,77,,3457271715421,
2026-08-18 23:38:13.274,pulse_batch,x,,,,,-3,,8240,516,451,0,77,,3457292130644,
2026-08-18 23:38:13.297,pulse_batch,x,,,,,-3,,8243,513,448,0,77,,3457314256804,
2026-08-18 23:38:13.317,pulse_batch,x,,,,,-3,,8246,510,445,0,77,,3457334746230,
2026-08-18 23:38:13.337,pulse_batch,x,,,,,-3,,8249,507,442,0,77,,3457355176990,
2026-08-18 23:38:13.360,pulse_batch,x,,,,,-3,,8252,504,439,0,77,,3457377720925,
2026-08-18 23:38:13.381,pulse_batch,x,,,,,-3,,8255,501,436,0,77,,3457398321295,
2026-08-18 23:38:13.401,pulse_batch,x,,,,,-3,,8258,498,433,0,77,,3457418745648,
2026-08-18 23:38:13.423,pulse_batch,x,,,,,-3,,8261,495,430,0,77,,3457440685790,
2026-08-18 23:38:13.444,pulse_batch,x,,,,,-3,,8264,492,427,0,77,,3457461297419,
2026-08-18 23:38:13.464,pulse_batch,x,,,,,-3,,8267,489,424,0,77,,3457481793734,
2026-08-18 23:38:13.484,pulse_batch,x,,,,,-3,,8270,486,421,0,77,,3457502246624,
2026-08-18 23:38:13.507,pulse_batch,x,,,,,-3,,8273,483,418,0,77,,3457524659560,
2026-08-18 23:38:13.527,pulse_batch,x,,,,,-3,,8276,480,415,0,77,,3457545103412,
2026-08-18 23:38:13.548,pulse_batch,x,,,,,-3,,8279,477,412,0,77,,3457565557857,
2026-08-18 23:38:13.568,pulse_batch,x,,,,,-3,,8282,474,409,0,77,,3457586156190,
2026-08-18 23:38:13.589,pulse_batch,x,,,,,-3,,8285,471,406,0,77,,3457606642061,
2026-08-18 23:38:13.609,pulse_batch,x,,,,,-3,,8288,468,403,0,77,,3457627055895,
2026-08-18 23:38:13.630,pulse_batch,x,,,,,-3,,8291,465,400,0,77,,3457647897042,
2026-08-18 23:38:13.651,pulse_batch,x,,,,,-3,,8294,462,397,0,77,,3457668469116,
2026-08-18 23:38:13.671,pulse_batch,x,,,,,-3,,8297,459,394,0,77,,3457688856765,
2026-08-18 23:38:13.694,pulse_batch,x,,,,,-3,,8300,456,391,0,77,,3457711577107,
2026-08-18 23:38:13.714,pulse_batch,x,,,,,-3,,8303,453,388,0,77,,3457732079070,
2026-08-18 23:38:13.735,pulse_batch,x,,,,,-3,,8306,450,385,0,77,,3457752490923,
2026-08-18 23:38:13.757,pulse_batch,x,,,,,-3,,8309,447,382,0,77,,3457774845285,
2026-08-18 23:38:13.781,pulse_batch,x,,,,,-3,,8312,444,379,0,77,,3457798497938,
2026-08-18 23:38:13.801,pulse_batch,x,,,,,-3,,8315,441,376,0,77,,3457818979827,
2026-08-18 23:38:13.824,pulse_batch,x,,,,,-3,,8318,438,373,0,77,,3457841327152,
2026-08-18 23:38:13.845,pulse_batch,x,,,,,-3,,8321,435,370,0,77,,3457862488464,
2026-08-18 23:38:13.865,pulse_batch,x,,,,,-3,,8324,432,367,0,77,,3457883205297,
2026-08-18 23:38:13.886,pulse_batch,x,,,,,-3,,8327,429,364,0,77,,3457903676853,
2026-08-18 23:38:13.910,pulse_batch,x,,,,,-3,,8330,426,361,0,77,,3457927601912,
2026-08-18 23:38:13.930,pulse_batch,x,,,,,-3,,8333,423,358,0,77,,3457948117505,
2026-08-18 23:38:13.951,pulse_batch,x,,,,,-3,,8336,420,355,0,77,,3457968599135,
2026-08-18 23:38:13.974,pulse_batch,x,,,,,-3,,8339,417,352,0,77,,3457991748253,
2026-08-18 23:38:13.994,pulse_batch,x,,,,,-3,,8342,414,349,0,77,,3458012199957,
2026-08-18 23:38:14.015,pulse_batch,x,,,,,-3,,8345,411,346,0,77,,3458032646383,
2026-08-18 23:38:14.038,pulse_batch,x,,,,,-3,,8348,408,343,0,77,,3458055952019,
2026-08-18 23:38:14.059,pulse_batch,x,,,,,-3,,8351,405,340,0,77,,3458076463705,
2026-08-18 23:38:14.082,pulse_batch,x,,,,,-3,,8354,402,337,0,77,,3458099289361,
2026-08-18 23:38:14.104,pulse_batch,x,,,,,-3,,8357,399,334,0,77,,3458121772797,
2026-08-18 23:38:14.125,pulse_batch,x,,,,,-3,,8360,396,331,0,77,,3458142279001,
2026-08-18 23:38:14.145,pulse_batch,x,,,,,-3,,8363,393,328,0,77,,3458162709298,
2026-08-18 23:38:14.171,pulse_batch,x,,,,,-3,,8366,390,325,0,77,,3458188286423,
2026-08-18 23:38:14.191,pulse_batch,x,,,,,-3,,8369,387,322,0,77,,3458208889553,
2026-08-18 23:38:14.212,pulse_batch,x,,,,,-3,,8372,384,319,0,77,,3458229310424,
2026-08-18 23:38:14.234,pulse_batch,x,,,,,-3,,8375,381,316,0,77,,3458251765101,
2026-08-18 23:38:14.255,pulse_batch,x,,,,,-3,,8378,378,313,0,77,,3458272506637,
2026-08-18 23:38:14.275,pulse_batch,x,,,,,-3,,8381,375,310,0,77,,3458292918878,
2026-08-18 23:38:14.296,pulse_batch,x,,,,,-3,,8384,372,307,0,77,,3458313563322,
2026-08-18 23:38:14.317,pulse_batch,x,,,,,-3,,8387,369,304,0,77,,3458334253951,
2026-08-18 23:38:14.337,pulse_batch,x,,,,,-3,,8390,366,301,0,77,,3458354722063,
2026-08-18 23:38:14.358,pulse_batch,x,,,,,-3,,8393,363,298,0,77,,3458375523154,
2026-08-18 23:38:14.378,pulse_batch,x,,,,,-3,,8396,360,295,0,77,,3458396183284,
2026-08-18 23:38:14.399,pulse_batch,x,,,,,-3,,8399,357,292,0,77,,3458416669580,
2026-08-18 23:38:14.419,pulse_batch,x,,,,,-3,,8402,354,289,0,77,,3458437127062,
2026-08-18 23:38:14.441,pulse_batch,x,,,,,-3,,8405,351,286,0,77,,3458459007019,
2026-08-18 23:38:14.462,pulse_batch,x,,,,,-3,,8408,348,283,0,77,,3458479451057,
2026-08-18 23:38:14.485,pulse_batch,x,,,,,-3,,8411,345,280,0,77,,3458503117080,
2026-08-18 23:38:14.508,pulse_batch,x,,,,,-3,,8414,342,277,0,77,,3458525619164,
2026-08-18 23:38:14.528,pulse_batch,x,,,,,-3,,8417,339,274,0,77,,3458546072516,
2026-08-18 23:38:14.549,pulse_batch,x,,,,,-3,,8420,336,271,0,77,,3458566513739,
2026-08-18 23:38:14.572,pulse_batch,x,,,,,-3,,8423,333,268,0,77,,3458589453636,
2026-08-18 23:38:14.592,pulse_batch,x,,,,,-3,,8426,330,265,0,77,,3458609904618,
2026-08-18 23:38:14.613,pulse_batch,x,,,,,-3,,8429,327,262,0,77,,3458630322230,
2026-08-18 23:38:14.635,pulse_batch,x,,,,,-3,,8432,324,259,0,77,,3458653111405,
2026-08-18 23:38:14.656,pulse_batch,x,,,,,-3,,8435,321,256,0,77,,3458673659720,
2026-08-18 23:38:14.676,pulse_batch,x,,,,,-3,,8438,318,253,0,77,,3458694104054,
2026-08-18 23:38:14.701,pulse_batch,x,,,,,-3,,8441,315,250,0,77,,3458719012738,
2026-08-18 23:38:14.722,pulse_batch,x,,,,,-3,,8444,312,247,0,77,,3458739700385,
2026-08-18 23:38:14.742,pulse_batch,x,,,,,-3,,8447,309,244,0,77,,3458760152515,
2026-08-18 23:38:14.765,pulse_batch,x,,,,,-3,,8450,306,241,0,77,,3458782334249,
2026-08-18 23:38:14.785,pulse_batch,x,,,,,-3,,8453,303,238,0,77,,3458803149396,
2026-08-18 23:38:14.806,pulse_batch,x,,,,,-3,,8456,300,235,0,77,,3458823708155,
2026-08-18 23:38:14.827,pulse_batch,x,,,,,-3,,8459,297,232,0,77,,3458844853208,
2026-08-18 23:38:14.848,pulse_batch,x,,,,,-3,,8462,294,229,0,77,,3458865502504,
2026-08-18 23:38:14.868,pulse_batch,x,,,,,-3,,8465,291,226,0,77,,3458885983671,
2026-08-18 23:38:14.894,pulse_batch,x,,,,,-3,,8468,288,223,0,77,,3458911884092,
2026-08-18 23:38:14.915,pulse_batch,x,,,,,-3,,8471,285,220,0,77,,3458932465999,
2026-08-18 23:38:14.935,pulse_batch,x,,,,,-3,,8474,282,217,0,77,,3458953009443,
2026-08-18 23:38:14.956,pulse_batch,x,,,,,-3,,8477,279,214,0,77,,3458973724128,
2026-08-18 23:38:14.981,pulse_batch,x,,,,,-3,,8480,276,211,0,77,,3458998634794,
2026-08-18 23:38:15.001,pulse_batch,x,,,,,-3,,8483,273,208,0,77,,3459019155960,
2026-08-18 23:38:15.022,pulse_batch,x,,,,,-3,,8486,270,205,0,77,,3459039756868,
2026-08-18 23:38:15.045,pulse_batch,x,,,,,-3,,8489,267,202,0,77,,3459062319581,
2026-08-18 23:38:15.065,pulse_batch,x,,,,,-3,,8492,264,199,0,77,,3459082785433,
2026-08-18 23:38:15.086,pulse_batch,x,,,,,-3,,8495,261,196,0,77,,3459103313878,
2026-08-18 23:38:15.110,pulse_batch,x,,,,,-3,,8498,258,193,0,77,,3459127615491,
2026-08-18 23:38:15.130,pulse_batch,x,,,,,-3,,8501,255,190,0,77,,3459148152880,
2026-08-18 23:38:15.151,pulse_batch,x,,,,,-3,,8504,252,187,0,77,,3459168624325,
2026-08-18 23:38:15.172,pulse_batch,x,,,,,-3,,8507,249,184,0,77,,3459189255324,
2026-08-18 23:38:15.192,pulse_batch,x,,,,,-3,,8510,246,181,0,77,,3459210009305,
2026-08-18 23:38:15.213,pulse_batch,x,,,,,-3,,8513,243,178,0,77,,3459230508435,
2026-08-18 23:38:15.234,pulse_batch,x,,,,,-3,,8516,240,175,0,77,,3459251868172,
2026-08-18 23:38:15.255,pulse_batch,x,,,,,-3,,8519,237,172,0,77,,3459272579894,
2026-08-18 23:38:15.276,pulse_batch,x,,,,,-3,,8522,234,169,0,77,,3459293625188,
2026-08-18 23:38:15.297,pulse_batch,x,,,,,-3,,8525,231,166,0,77,,3459314935685,
2026-08-18 23:38:15.318,pulse_batch,x,,,,,-3,,8528,228,163,0,77,,3459335540796,
2026-08-18 23:38:15.338,pulse_batch,x,,,,,-3,,8531,225,160,0,77,,3459356046777,
2026-08-18 23:38:15.360,pulse_batch,x,,,,,-3,,8534,222,157,0,77,,3459377778476,
2026-08-18 23:38:15.381,pulse_batch,x,,,,,-3,,8537,219,154,0,77,,3459398536012,
2026-08-18 23:38:15.401,pulse_batch,x,,,,,-3,,8540,216,151,0,77,,3459419024568,
2026-08-18 23:38:15.422,pulse_batch,x,,,,,-3,,8543,213,148,0,77,,3459439513235,
2026-08-18 23:38:15.444,pulse_batch,x,,,,,-3,,8546,210,145,0,77,,3459461839857,
2026-08-18 23:38:15.465,pulse_batch,x,,,,,-3,,8549,207,142,0,77,,3459482346338,
2026-08-18 23:38:15.485,pulse_batch,x,,,,,-3,,8552,204,139,0,77,,3459502870283,
2026-08-18 23:38:15.508,pulse_batch,x,,,,,-3,,8555,201,136,0,77,,3459525419570,
2026-08-18 23:38:15.528,pulse_batch,x,,,,,-3,,8558,198,133,0,77,,3459545944182,
2026-08-18 23:38:15.549,pulse_batch,x,,,,,-3,,8561,195,130,0,77,,3459566610978,
2026-08-18 23:38:15.571,pulse_batch,x,,,,,-3,,8564,192,127,0,77,,3459589047117,
2026-08-18 23:38:15.592,pulse_batch,x,,,,,-3,,8567,189,124,0,77,,3459609813135,
2026-08-18 23:38:15.613,pulse_batch,x,,,,,-3,,8570,186,121,0,77,,3459630920670,
2026-08-18 23:38:15.635,pulse_batch,x,,,,,-3,,8573,183,118,0,77,,3459652353684,
2026-08-18 23:38:15.655,pulse_batch,x,,,,,-3,,8576,180,115,0,77,,3459672955221,
2026-08-18 23:38:15.676,pulse_batch,x,,,,,-3,,8579,177,112,0,77,,3459693490888,
2026-08-18 23:38:15.699,pulse_batch,x,,,,,-3,,8582,174,109,0,77,,3459716407340,
2026-08-18 23:38:15.719,pulse_batch,x,,,,,-3,,8585,171,106,0,77,,3459737057766,
2026-08-18 23:38:15.740,pulse_batch,x,,,,,-3,,8588,168,103,0,77,,3459757540192,
2026-08-18 23:38:15.762,pulse_batch,x,,,,,-3,,8591,165,100,0,77,,3459779249724,
2026-08-18 23:38:15.782,pulse_batch,x,,,,,-3,,8594,162,97,0,77,,3459799825502,
2026-08-18 23:38:15.803,pulse_batch,x,,,,,-3,,8597,159,94,0,77,,3459820365095,
2026-08-18 23:38:15.824,pulse_batch,x,,,,,-3,,8600,156,91,0,77,,3459841677758,
2026-08-18 23:38:15.849,pulse_batch,x,,,,,-3,,8603,153,88,0,77,,3459867036718,
2026-08-18 23:38:15.870,pulse_batch,x,,,,,-3,,8606,150,85,0,77,,3459887524626,
2026-08-18 23:38:15.891,pulse_batch,x,,,,,-3,,8609,147,82,0,77,,3459908347995,
2026-08-18 23:38:15.912,pulse_batch,x,,,,,-3,,8612,144,79,0,77,,3459930009027,
2026-08-18 23:38:15.933,pulse_batch,x,,,,,-3,,8615,141,76,0,77,,3459950602953,
2026-08-18 23:38:15.953,pulse_batch,x,,,,,-3,,8618,138,73,0,77,,3459971076935,
2026-08-18 23:38:15.975,pulse_batch,x,,,,,-3,,8621,135,70,0,77,,3459992350339,
2026-08-18 23:38:15.995,pulse_batch,x,,,,,-3,,8624,132,67,0,77,,3460013065024,
2026-08-18 23:38:16.016,pulse_batch,x,,,,,-3,,8627,129,64,0,77,,3460033532654,
2026-08-18 23:38:16.038,pulse_batch,x,,,,,-3,,8630,126,61,0,77,,3460056073571,
2026-08-18 23:38:16.060,pulse_batch,x,,,,,-3,,8633,123,58,0,77,,3460077990342,
2026-08-18 23:38:16.081,pulse_batch,x,,,,,-3,,8636,120,55,0,77,,3460098481176,
2026-08-18 23:38:16.102,pulse_batch,x,,,,,-3,,8639,117,52,0,77,,3460119522804,
2026-08-18 23:38:16.123,pulse_batch,x,,,,,-3,,8642,114,49,0,77,,3460140493672,
2026-08-18 23:38:16.143,pulse_batch,x,,,,,-3,,8645,111,46,0,77,,3460161012172,
2026-08-18 23:38:16.165,pulse_batch,x,,,,,-3,,8648,108,43,0,77,,3460182858648,
2026-08-18 23:38:16.187,pulse_batch,x,,,,,-3,,8651,105,40,0,77,,3460204576754,
2026-08-18 23:38:16.207,pulse_batch,x,,,,,-3,,8654,102,37,0,77,,3460225134773,
2026-08-18 23:38:16.228,pulse_batch,x,,,,,-3,,8657,99,34,0,77,,3460245748124,
2026-08-18 23:38:16.249,pulse_batch,x,,,,,-3,,8660,96,31,0,77,,3460266470605,
2026-08-18 23:38:16.269,pulse_batch,x,,,,,-3,,8663,93,28,0,77,,3460287003346,
2026-08-18 23:38:16.290,pulse_batch,x,,,,,-3,,8666,90,25,0,77,,3460307490550,
2026-08-18 23:38:16.313,pulse_batch,x,,,,,-3,,8669,87,22,0,77,,3460330787668,
2026-08-18 23:38:16.334,pulse_batch,x,,,,,-3,,8672,84,19,0,77,,3460351349094,
2026-08-18 23:38:16.354,pulse_batch,x,,,,,-3,,8675,81,16,0,77,,3460371965149,
2026-08-18 23:38:16.376,pulse_batch,x,,,,,-3,,8678,78,13,0,77,,3460393302683,
2026-08-18 23:38:16.396,pulse_batch,x,,,,,-3,,8681,75,10,0,77,,3460413867479,
2026-08-18 23:38:16.417,pulse_batch,x,,,,,-3,,8684,72,7,0,77,,3460434492905,
2026-08-18 23:38:16.428,pulse_batch,x,,,,,-1,,8685,71,6,0,77,,3460446167000,
2026-08-18 23:38:16.429,move_finish,x,,,13,,,,8685,71,6,0,77,,3460446492351,
2026-08-18 23:38:16.619,approach_source_finish,x,0,stored,,,,1,,71,6,0,77,6,,
2026-08-18 23:38:16.619,approach_source_finish,y,0,stored,,,,1,,420,-4,4,4,-4,,
2026-08-18 23:38:16.624,move_start,x,,,14,164,,1,8685,71,6,0,77,,3460641714379,
2026-08-18 23:38:16.624,move_start,y,,,14,14,,1,2444,420,-4,4,4,,3460641640195,
2026-08-18 23:38:16.628,pulse_batch,x,,,,,1,,8686,72,6,1,77,,3460645506159,
2026-08-18 23:38:16.629,pulse_batch,y,,,,,1,,2445,421,-3,4,4,,3460646476765,
2026-08-18 23:38:16.648,pulse_batch,x,,,,,3,,8689,75,6,4,77,,3460666180362,
2026-08-18 23:38:16.649,pulse_batch,y,,,,,3,,2448,424,0,4,4,,3460666983044,
2026-08-18 23:38:16.669,pulse_batch,x,,,,,3,,8692,78,6,7,77,,3460686692233,
2026-08-18 23:38:16.670,pulse_batch,y,,,,,3,,2451,427,3,4,4,,3460687429285,
2026-08-18 23:38:16.689,pulse_batch,x,,,,,3,,8695,81,6,10,77,,3460707180881,
2026-08-18 23:38:16.690,pulse_batch,y,,,,,3,,2454,430,6,4,4,,3460707982526,
2026-08-18 23:38:16.710,pulse_batch,x,,,,,3,,8698,84,6,13,77,,3460727980732,
2026-08-18 23:38:16.713,pulse_batch,y,,,,,3,,2457,433,9,4,4,,3460730322240,
2026-08-18 23:38:16.723,pulse_batch,y,,,,,1,,2458,434,10,4,4,,3460740554749,
2026-08-18 23:38:16.723,move_finish,y,,,14,,,,2458,434,10,4,4,,3460740777730,
2026-08-18 23:38:16.731,pulse_batch,x,,,,,3,,8701,87,6,16,77,,3460748440862,
2026-08-18 23:38:16.752,pulse_batch,x,,,,,3,,8704,90,6,19,77,,3460769413805,
2026-08-18 23:38:16.774,pulse_batch,x,,,,,3,,8707,93,6,22,77,,3460791972814,
2026-08-18 23:38:16.797,pulse_batch,x,,,,,3,,8710,96,6,25,77,,3460814245325,
2026-08-18 23:38:16.818,pulse_batch,x,,,,,3,,8713,99,6,28,77,,3460836106986,
2026-08-18 23:38:16.842,pulse_batch,x,,,,,3,,8716,102,6,31,77,,3460859686954,
2026-08-18 23:38:16.863,pulse_batch,x,,,,,3,,8719,105,6,34,77,,3460881041376,
2026-08-18 23:38:16.884,pulse_batch,x,,,,,3,,8722,108,6,37,77,,3460901804746,
2026-08-18 23:38:16.906,pulse_batch,x,,,,,3,,8725,111,6,40,77,,3460923884202,
2026-08-18 23:38:16.927,pulse_batch,x,,,,,3,,8728,114,6,43,77,,3460944539943,
2026-08-18 23:38:16.947,pulse_batch,x,,,,,3,,8731,117,6,46,77,,3460965004258,
2026-08-18 23:38:16.969,pulse_batch,x,,,,,3,,8734,120,6,49,77,,3460986992659,
2026-08-18 23:38:16.990,pulse_batch,x,,,,,3,,8737,123,6,52,77,,3461007563566,
2026-08-18 23:38:17.010,pulse_batch,x,,,,,3,,8740,126,6,55,77,,3461028157714,
2026-08-18 23:38:17.033,pulse_batch,x,,,,,3,,8743,129,6,58,77,,3461050364874,
2026-08-18 23:38:17.056,pulse_batch,x,,,,,3,,8746,132,6,61,77,,3461073855175,
2026-08-18 23:38:17.077,pulse_batch,x,,,,,3,,8749,135,6,64,77,,3461094320528,
2026-08-18 23:38:17.099,pulse_batch,x,,,,,3,,8752,138,6,67,77,,3461116878315,
2026-08-18 23:38:17.120,pulse_batch,x,,,,,3,,8755,141,6,70,77,,3461138070294,
2026-08-18 23:38:17.141,pulse_batch,x,,,,,3,,8758,144,6,73,77,,3461158540350,
2026-08-18 23:38:17.162,pulse_batch,x,,,,,3,,8761,147,6,76,77,,3461179871291,
2026-08-18 23:38:17.186,pulse_batch,x,,,,,3,,8764,150,8,77,77,,3461203311278,
2026-08-18 23:38:17.206,pulse_batch,x,,,,,3,,8767,153,11,77,77,,3461223796167,
2026-08-18 23:38:17.229,pulse_batch,x,,,,,3,,8770,156,14,77,77,,3461244392760,
2026-08-18 23:38:17.247,pulse_batch,x,,,,,3,,8773,159,17,77,77,,3461264994964,
2026-08-18 23:38:17.268,pulse_batch,x,,,,,3,,8776,162,20,77,77,,3461285504501,
2026-08-18 23:38:17.288,pulse_batch,x,,,,,3,,8779,165,23,77,77,,3461306068760,
2026-08-18 23:38:17.309,pulse_batch,x,,,,,3,,8782,168,26,77,77,,3461326824667,
2026-08-18 23:38:17.330,pulse_batch,x,,,,,3,,8785,171,29,77,77,,3461347592759,
2026-08-18 23:38:17.350,pulse_batch,x,,,,,3,,8788,174,32,77,77,,3461368187351,
2026-08-18 23:38:17.373,pulse_batch,x,,,,,3,,8791,177,35,77,77,,3461390286715,
2026-08-18 23:38:17.393,pulse_batch,x,,,,,3,,8794,180,38,77,77,,3461410875807,
2026-08-18 23:38:17.414,pulse_batch,x,,,,,3,,8797,183,41,77,77,,3461431875916,
2026-08-18 23:38:17.437,pulse_batch,x,,,,,3,,8800,186,44,77,77,,3461454970553,
2026-08-18 23:38:17.460,pulse_batch,x,,,,,3,,8803,189,47,77,77,,3461477828543,
2026-08-18 23:38:17.481,pulse_batch,x,,,,,3,,8806,192,50,77,77,,3461498328395,
2026-08-18 23:38:17.503,pulse_batch,x,,,,,3,,8809,195,53,77,77,,3461520903534,
2026-08-18 23:38:17.524,pulse_batch,x,,,,,3,,8812,198,56,77,77,,3461541630960,
2026-08-18 23:38:17.544,pulse_batch,x,,,,,3,,8815,201,59,77,77,,3461562120312,
2026-08-18 23:38:17.566,pulse_batch,x,,,,,3,,8818,204,62,77,77,,3461584154064,
2026-08-18 23:38:17.587,pulse_batch,x,,,,,3,,8821,207,65,77,77,,3461604789916,
2026-08-18 23:38:17.607,pulse_batch,x,,,,,3,,8824,210,68,77,77,,3461625258361,
2026-08-18 23:38:17.630,pulse_batch,x,,,,,3,,8827,213,71,77,77,,3461648115832,
2026-08-18 23:38:17.651,pulse_batch,x,,,,,3,,8830,216,74,77,77,,3461668705906,
2026-08-18 23:38:17.671,pulse_batch,x,,,,,3,,8833,219,77,77,77,,3461689200092,
2026-08-18 23:38:17.692,pulse_batch,x,,,,,3,,8836,222,80,77,77,,3461709809406,
2026-08-18 23:38:17.713,pulse_batch,x,,,,,3,,8839,225,83,77,77,,3461730815645,
2026-08-18 23:38:17.734,pulse_batch,x,,,,,3,,8842,228,86,77,77,,3461751374497,
2026-08-18 23:38:17.754,pulse_batch,x,,,,,3,,8845,231,89,77,77,,3461771856350,
2026-08-18 23:38:17.778,pulse_batch,x,,,,,3,,8848,234,92,77,77,,3461795859982,
2026-08-18 23:38:17.789,pulse_batch,x,,,,,1,,8849,235,93,77,77,,3461806987951,
2026-08-18 23:38:17.789,move_finish,x,,,14,,,,8849,235,93,77,77,,3461807247042,
2026-08-18 23:38:17.954,target_finish,x,0,stored,,,,,,235,93,77,77,93,,ok=True
2026-08-18 23:38:17.954,target_finish,y,0,stored,,,,,,434,10,4,4,10,,ok=True
2026-08-18 23:38:20.965,target_start,x,1,stored,,,,,,235,93,77,77,791,,
2026-08-18 23:38:20.965,target_start,y,1,stored,,,,,,434,10,4,4,-54,,
2026-08-18 23:38:20.965,approach_source_start,x,1,stored,,,,1,,235,93,77,77,704,,
2026-08-18 23:38:20.965,approach_source_start,y,1,stored,,,,-1,,434,10,4,4,-40,,
2026-08-18 23:38:20.969,move_start,x,,,15,611,,1,8849,235,93,77,77,,3464987019795,
2026-08-18 23:38:20.970,move_start,y,,,15,-54,,-1,2458,434,10,4,4,,3464986933314,
2026-08-18 23:38:20.973,pulse_batch,x,,,,,1,,8850,236,94,77,77,,3464991142350,
2026-08-18 23:38:20.974,pulse_batch,y,,,,,-1,,2459,433,10,3,4,,3464991252739,
2026-08-18 23:38:20.995,pulse_batch,y,,,,,-3,,2462,430,10,0,4,,3465013179899,
2026-08-18 23:38:20.996,pulse_batch,x,,,,,3,,8853,239,97,77,77,,3465013055918,
2026-08-18 23:38:21.016,pulse_batch,x,,,,,3,,8856,242,100,77,77,,3465033518234,
2026-08-18 23:38:21.016,pulse_batch,y,,,,,-3,,2465,427,7,0,4,,3465033817214,
2026-08-18 23:38:21.037,pulse_batch,y,,,,,-3,,2468,424,4,0,4,,3465055069970,
2026-08-18 23:38:21.037,pulse_batch,x,,,,,3,,8859,245,103,77,77,,3465055254432,
2026-08-18 23:38:21.058,pulse_batch,y,,,,,-3,,2471,421,1,0,4,,3465075439731,
2026-08-18 23:38:21.058,pulse_batch,x,,,,,3,,8862,248,106,77,77,,3465075690544,
2026-08-18 23:38:21.078,pulse_batch,y,,,,,-3,,2474,418,-2,0,4,,3465096163341,
2026-08-18 23:38:21.080,pulse_batch,x,,,,,3,,8865,251,109,77,77,,3465098139295,
2026-08-18 23:38:21.099,pulse_batch,y,,,,,-3,,2477,415,-5,0,4,,3465116772230,
2026-08-18 23:38:21.101,pulse_batch,x,,,,,3,,8868,254,112,77,77,,3465119230441,
2026-08-18 23:38:21.119,pulse_batch,y,,,,,-3,,2480,412,-8,0,4,,3465137203694,
2026-08-18 23:38:21.123,pulse_batch,x,,,,,3,,8871,257,115,77,77,,3465140861251,
2026-08-18 23:38:21.140,pulse_batch,y,,,,,-3,,2483,409,-11,0,4,,3465158186821,
2026-08-18 23:38:21.143,pulse_batch,x,,,,,3,,8874,260,118,77,77,,3465161281048,
2026-08-18 23:38:21.161,pulse_batch,y,,,,,-3,,2486,406,-14,0,4,,3465178888636,
2026-08-18 23:38:21.165,pulse_batch,x,,,,,3,,8877,263,121,77,77,,3465182421379,
2026-08-18 23:38:21.182,pulse_batch,y,,,,,-3,,2489,403,-17,0,4,,3465199711024,
2026-08-18 23:38:21.185,pulse_batch,x,,,,,3,,8880,266,124,77,77,,3465203206212,
2026-08-18 23:38:21.202,pulse_batch,y,,,,,-3,,2492,400,-20,0,4,,3465220173895,
2026-08-18 23:38:21.206,pulse_batch,x,,,,,3,,8883,269,127,77,77,,3465223701101,
2026-08-18 23:38:21.223,pulse_batch,y,,,,,-3,,2495,397,-23,0,4,,3465240636951,
2026-08-18 23:38:21.227,pulse_batch,x,,,,,3,,8886,272,130,77,77,,3465244663581,
2026-08-18 23:38:21.245,pulse_batch,y,,,,,-3,,2498,394,-26,0,4,,3465262237076,
2026-08-18 23:38:21.248,pulse_batch,x,,,,,3,,8889,275,133,77,77,,3465265840208,
2026-08-18 23:38:21.265,pulse_batch,y,,,,,-3,,2501,391,-29,0,4,,3465282684558,
2026-08-18 23:38:21.268,pulse_batch,x,,,,,3,,8892,278,136,77,77,,3465286282412,
2026-08-18 23:38:21.286,pulse_batch,y,,,,,-3,,2504,388,-32,0,4,,3465303379521,
2026-08-18 23:38:21.289,pulse_batch,x,,,,,3,,8895,281,139,77,77,,3465306772431,
2026-08-18 23:38:21.308,pulse_batch,y,,,,,-3,,2507,385,-35,0,4,,3465325307348,
2026-08-18 23:38:21.311,pulse_batch,x,,,,,3,,8898,284,142,77,77,,3465328891591,
2026-08-18 23:38:21.328,pulse_batch,y,,,,,-3,,2510,382,-38,0,4,,3465345795515,
2026-08-18 23:38:21.332,pulse_batch,x,,,,,3,,8901,287,145,77,77,,3465349440202,
2026-08-18 23:38:21.345,pulse_batch,y,,,,,-2,,2512,380,-40,0,4,,3465362786457,
2026-08-18 23:38:21.345,move_finish,y,,,15,,,,2512,380,-40,0,4,,3465362898808,
2026-08-18 23:38:21.352,pulse_batch,x,,,,,3,,8904,290,148,77,77,,3465369866629,
2026-08-18 23:38:21.375,pulse_batch,x,,,,,3,,8907,293,151,77,77,,3465392215140,
2026-08-18 23:38:21.395,pulse_batch,x,,,,,3,,8910,296,154,77,77,,3465413198805,
2026-08-18 23:38:21.416,pulse_batch,x,,,,,3,,8913,299,157,77,77,,3465433662935,
2026-08-18 23:38:21.437,pulse_batch,x,,,,,3,,8916,302,160,77,77,,3465454363656,
2026-08-18 23:38:21.461,pulse_batch,x,,,,,3,,8919,305,163,77,77,,3465478384586,
2026-08-18 23:38:21.481,pulse_batch,x,,,,,3,,8922,308,166,77,77,,3465498832827,
2026-08-18 23:38:21.502,pulse_batch,x,,,,,3,,8925,311,169,77,77,,3465519536419,
2026-08-18 23:38:21.522,pulse_batch,x,,,,,3,,8928,314,172,77,77,,3465540185011,
2026-08-18 23:38:21.543,pulse_batch,x,,,,,3,,8931,317,175,77,77,,3465560599049,
2026-08-18 23:38:21.566,pulse_batch,x,,,,,3,,8934,320,178,77,77,,3465583801186,
2026-08-18 23:38:21.587,pulse_batch,x,,,,,3,,8937,323,181,77,77,,3465604406445,
2026-08-18 23:38:21.607,pulse_batch,x,,,,,3,,8940,326,184,77,77,,3465624848538,
2026-08-18 23:38:21.628,pulse_batch,x,,,,,3,,8943,329,187,77,77,,3465645468705,
2026-08-18 23:38:21.650,pulse_batch,x,,,,,3,,8946,332,190,77,77,,3465667585198,
2026-08-18 23:38:21.670,pulse_batch,x,,,,,3,,8949,335,193,77,77,,3465688021976,
2026-08-18 23:38:21.691,pulse_batch,x,,,,,3,,8952,338,196,77,77,,3465708529162,
2026-08-18 23:38:21.712,pulse_batch,x,,,,,3,,8955,341,199,77,77,,3465729655826,
2026-08-18 23:38:21.732,pulse_batch,x,,,,,3,,8958,344,202,77,77,,3465750153660,
2026-08-18 23:38:21.753,pulse_batch,x,,,,,3,,8961,347,205,77,77,,3465770592012,
2026-08-18 23:38:21.776,pulse_batch,x,,,,,3,,8964,350,208,77,77,,3465793542150,
2026-08-18 23:38:21.796,pulse_batch,x,,,,,3,,8967,353,211,77,77,,3465814231612,
2026-08-18 23:38:21.817,pulse_batch,x,,,,,3,,8970,356,214,77,77,,3465834643910,
2026-08-18 23:38:21.841,pulse_batch,x,,,,,3,,8973,359,217,77,77,,3465858937819,
2026-08-18 23:38:21.862,pulse_batch,x,,,,,3,,8976,362,220,77,77,,3465879452690,
2026-08-18 23:38:21.882,pulse_batch,x,,,,,3,,8979,365,223,77,77,,3465899853468,
2026-08-18 23:38:21.903,pulse_batch,x,,,,,3,,8982,368,226,77,77,,3465920705597,
2026-08-18 23:38:21.923,pulse_batch,x,,,,,3,,8985,371,229,77,77,,3465941172931,
2026-08-18 23:38:21.944,pulse_batch,x,,,,,3,,8988,374,232,77,77,,3465961598135,
2026-08-18 23:38:21.965,pulse_batch,x,,,,,3,,8991,377,235,77,77,,3465982433578,
2026-08-18 23:38:21.985,pulse_batch,x,,,,,3,,8994,380,238,77,77,,3466003041634,
2026-08-18 23:38:22.006,pulse_batch,x,,,,,3,,8997,383,241,77,77,,3466023515209,
2026-08-18 23:38:22.026,pulse_batch,x,,,,,3,,9000,386,244,77,77,,3466044015320,
2026-08-18 23:38:22.048,pulse_batch,x,,,,,3,,9003,389,247,77,77,,3466065987406,
2026-08-18 23:38:22.069,pulse_batch,x,,,,,3,,9006,392,250,77,77,,3466086474481,
2026-08-18 23:38:22.089,pulse_batch,x,,,,,3,,9009,395,253,77,77,,3466107136259,
2026-08-18 23:38:22.114,pulse_batch,x,,,,,3,,9012,398,256,77,77,,3466131580426,
2026-08-18 23:38:22.134,pulse_batch,x,,,,,3,,9015,401,259,77,77,,3466152159630,
2026-08-18 23:38:22.155,pulse_batch,x,,,,,3,,9018,404,262,77,77,,3466172623223,
2026-08-18 23:38:22.175,pulse_batch,x,,,,,3,,9021,407,265,77,77,,3466193174001,
2026-08-18 23:38:22.200,pulse_batch,x,,,,,3,,9024,410,268,77,77,,3466217333559,
2026-08-18 23:38:22.220,pulse_batch,x,,,,,3,,9027,413,271,77,77,,3466237765116,
2026-08-18 23:38:22.241,pulse_batch,x,,,,,3,,9030,416,274,77,77,,3466259136723,
2026-08-18 23:38:22.262,pulse_batch,x,,,,,3,,9033,419,277,77,77,,3466279770279,
2026-08-18 23:38:22.283,pulse_batch,x,,,,,3,,9036,422,280,77,77,,3466300413705,
2026-08-18 23:38:22.303,pulse_batch,x,,,,,3,,9039,425,283,77,77,,3466321095297,
2026-08-18 23:38:22.324,pulse_batch,x,,,,,3,,9042,428,286,77,77,,3466341656167,
2026-08-18 23:38:22.344,pulse_batch,x,,,,,3,,9045,431,289,77,77,,3466362103853,
2026-08-18 23:38:22.365,pulse_batch,x,,,,,3,,9048,434,292,77,77,,3466382734242,
2026-08-18 23:38:22.386,pulse_batch,x,,,,,3,,9051,437,295,77,77,,3466403683629,
2026-08-18 23:38:22.406,pulse_batch,x,,,,,3,,9054,440,298,77,77,,3466424197648,
2026-08-18 23:38:22.427,pulse_batch,x,,,,,3,,9057,443,301,77,77,,3466444710667,
2026-08-18 23:38:22.450,pulse_batch,x,,,,,3,,9060,446,304,77,77,,3466467569712,
2026-08-18 23:38:22.470,pulse_batch,x,,,,,3,,9063,449,307,77,77,,3466488099583,
2026-08-18 23:38:22.491,pulse_batch,x,,,,,3,,9066,452,310,77,77,,3466508571880,
2026-08-18 23:38:22.512,pulse_batch,x,,,,,3,,9069,455,313,77,77,,3466529695970,
2026-08-18 23:38:22.532,pulse_batch,x,,,,,3,,9072,458,316,77,77,,3466550209952,
2026-08-18 23:38:22.553,pulse_batch,x,,,,,3,,9075,461,319,77,77,,3466570748508,
2026-08-18 23:38:22.577,pulse_batch,x,,,,,3,,9078,464,322,77,77,,3466594529586,
2026-08-18 23:38:22.597,pulse_batch,x,,,,,3,,9081,467,325,77,77,,3466615212549,
2026-08-18 23:38:22.618,pulse_batch,x,,,,,3,,9084,470,328,77,77,,3466635664771,
2026-08-18 23:38:22.639,pulse_batch,x,,,,,3,,9087,473,331,77,77,,3466656463604,
2026-08-18 23:38:22.659,pulse_batch,x,,,,,3,,9090,476,334,77,77,,3466677234918,
2026-08-18 23:38:22.680,pulse_batch,x,,,,,3,,9093,479,337,77,77,,3466697623215,
2026-08-18 23:38:22.702,pulse_batch,x,,,,,3,,9096,482,340,77,77,,3466719990652,
2026-08-18 23:38:22.723,pulse_batch,x,,,,,3,,9099,485,343,77,77,,3466740542559,
2026-08-18 23:38:22.743,pulse_batch,x,,,,,3,,9102,488,346,77,77,,3466760973227,
2026-08-18 23:38:22.766,pulse_batch,x,,,,,3,,9105,491,349,77,77,,3466781515357,
2026-08-18 23:38:22.785,pulse_batch,x,,,,,3,,9108,494,352,77,77,,3466802234615,
2026-08-18 23:38:22.805,pulse_batch,x,,,,,3,,9111,497,355,77,77,,3466822694394,
2026-08-18 23:38:22.826,pulse_batch,x,,,,,3,,9114,500,358,77,77,,3466843282171,
2026-08-18 23:38:22.846,pulse_batch,x,,,,,3,,9117,503,361,77,77,,3466863945116,
2026-08-18 23:38:22.867,pulse_batch,x,,,,,3,,9120,506,364,77,77,,3466884401227,
2026-08-18 23:38:22.887,pulse_batch,x,,,,,3,,9123,509,367,77,77,,3466904849358,
2026-08-18 23:38:22.909,pulse_batch,x,,,,,3,,9126,512,370,77,77,,3466926936314,
2026-08-18 23:38:22.930,pulse_batch,x,,,,,3,,9129,515,373,77,77,,3466947499351,
2026-08-18 23:38:22.950,pulse_batch,x,,,,,3,,9132,518,376,77,77,,3466967914426,
2026-08-18 23:38:22.973,pulse_batch,x,,,,,3,,9135,521,379,77,77,,3466991008489,
2026-08-18 23:38:22.994,pulse_batch,x,,,,,3,,9138,524,382,77,77,,3467011509008,
2026-08-18 23:38:23.014,pulse_batch,x,,,,,3,,9141,527,385,77,77,,3467031956953,
2026-08-18 23:38:23.036,pulse_batch,x,,,,,3,,9144,530,388,77,77,,3467053246931,
2026-08-18 23:38:23.056,pulse_batch,x,,,,,3,,9147,533,391,77,77,,3467073788191,
2026-08-18 23:38:23.076,pulse_batch,x,,,,,3,,9150,536,394,77,77,,3467094211673,
2026-08-18 23:38:23.103,pulse_batch,x,,,,,3,,9153,539,397,77,77,,3467121016479,
2026-08-18 23:38:23.124,pulse_batch,x,,,,,3,,9156,542,400,77,77,,3467141536386,
2026-08-18 23:38:23.144,pulse_batch,x,,,,,3,,9159,545,403,77,77,,3467161970165,
2026-08-18 23:38:23.170,pulse_batch,x,,,,,3,,9162,548,406,77,77,,3467187604716,
2026-08-18 23:38:23.190,pulse_batch,x,,,,,3,,9165,551,409,77,77,,3467208235698,
2026-08-18 23:38:23.211,pulse_batch,x,,,,,3,,9168,554,412,77,77,,3467228680365,
2026-08-18 23:38:23.232,pulse_batch,x,,,,,3,,9171,557,415,77,77,,3467250110695,
2026-08-18 23:38:23.253,pulse_batch,x,,,,,3,,9174,560,418,77,77,,3467270823953,
2026-08-18 23:38:23.273,pulse_batch,x,,,,,3,,9177,563,421,77,77,,3467291248584,
2026-08-18 23:38:23.294,pulse_batch,x,,,,,3,,9180,566,424,77,77,,3467311697047,
2026-08-18 23:38:23.315,pulse_batch,x,,,,,3,,9183,569,427,77,77,,3467333066766,
2026-08-18 23:38:23.336,pulse_batch,x,,,,,3,,9186,572,430,77,77,,3467353621452,
2026-08-18 23:38:23.356,pulse_batch,x,,,,,3,,9189,575,433,77,77,,3467374157989,
2026-08-18 23:38:23.377,pulse_batch,x,,,,,3,,9192,578,436,77,77,,3467394730322,
2026-08-18 23:38:23.397,pulse_batch,x,,,,,3,,9195,581,439,77,77,,3467415236971,
2026-08-18 23:38:23.418,pulse_batch,x,,,,,3,,9198,584,442,77,77,,3467435689861,
2026-08-18 23:38:23.439,pulse_batch,x,,,,,3,,9201,587,445,77,77,,3467457078172,
2026-08-18 23:38:23.460,pulse_batch,x,,,,,3,,9204,590,448,77,77,,3467477611505,
2026-08-18 23:38:23.480,pulse_batch,x,,,,,3,,9207,593,451,77,77,,3467498030580,
2026-08-18 23:38:23.506,pulse_batch,x,,,,,3,,9210,596,454,77,77,,3467524095111,
2026-08-18 23:38:23.527,pulse_batch,x,,,,,3,,9213,599,457,77,77,,3467544712537,
2026-08-18 23:38:23.547,pulse_batch,x,,,,,3,,9216,602,460,77,77,,3467565138482,
2026-08-18 23:38:23.570,pulse_batch,x,,,,,3,,9219,605,463,77,77,,3467587463715,
2026-08-18 23:38:23.590,pulse_batch,x,,,,,3,,9222,608,466,77,77,,3467608094549,
2026-08-18 23:38:23.611,pulse_batch,x,,,,,3,,9225,611,469,77,77,,3467628548957,
2026-08-18 23:38:23.633,pulse_batch,x,,,,,3,,9228,614,472,77,77,,3467650446210,
2026-08-18 23:38:23.653,pulse_batch,x,,,,,3,,9231,617,475,77,77,,3467671014710,
2026-08-18 23:38:23.674,pulse_batch,x,,,,,3,,9234,620,478,77,77,,3467691461229,
2026-08-18 23:38:23.694,pulse_batch,x,,,,,3,,9237,623,481,77,77,,3467712016433,
2026-08-18 23:38:23.717,pulse_batch,x,,,,,3,,9240,626,484,77,77,,3467734771220,
2026-08-18 23:38:23.737,pulse_batch,x,,,,,3,,9243,629,487,77,77,,3467755233980,
2026-08-18 23:38:23.758,pulse_batch,x,,,,,3,,9246,632,490,77,77,,3467775705610,
2026-08-18 23:38:23.780,pulse_batch,x,,,,,3,,9249,635,493,77,77,,3467797557401,
2026-08-18 23:38:23.800,pulse_batch,x,,,,,3,,9252,638,496,77,77,,3467818090864,
2026-08-18 23:38:23.821,pulse_batch,x,,,,,3,,9255,641,499,77,77,,3467838782141,
2026-08-18 23:38:23.843,pulse_batch,x,,,,,3,,9258,644,502,77,77,,3467861072356,
2026-08-18 23:38:23.864,pulse_batch,x,,,,,3,,9261,647,505,77,77,,3467881723671,
2026-08-18 23:38:23.884,pulse_batch,x,,,,,3,,9264,650,508,77,77,,3467902156449,
2026-08-18 23:38:23.906,pulse_batch,x,,,,,3,,9267,653,511,77,77,,3467924220517,
2026-08-18 23:38:23.927,pulse_batch,x,,,,,3,,9270,656,514,77,77,,3467944869961,
2026-08-18 23:38:23.947,pulse_batch,x,,,,,3,,9273,659,517,77,77,,3467965276888,
2026-08-18 23:38:23.970,pulse_batch,x,,,,,3,,9276,662,520,77,77,,3467987699102,
2026-08-18 23:38:23.991,pulse_batch,x,,,,,3,,9279,665,523,77,77,,3468008309342,
2026-08-18 23:38:24.011,pulse_batch,x,,,,,3,,9282,668,526,77,77,,3468028737677,
2026-08-18 23:38:24.034,pulse_batch,x,,,,,3,,9285,671,529,77,77,,3468052102109,
2026-08-18 23:38:24.055,pulse_batch,x,,,,,3,,9288,674,532,77,77,,3468072641201,
2026-08-18 23:38:24.075,pulse_batch,x,,,,,3,,9291,677,535,77,77,,3468093082313,
2026-08-18 23:38:24.096,pulse_batch,x,,,,,3,,9294,680,538,77,77,,3468113567481,
2026-08-18 23:38:24.117,pulse_batch,x,,,,,3,,9297,683,541,77,77,,3468134653608,
2026-08-18 23:38:24.137,pulse_batch,x,,,,,3,,9300,686,544,77,77,,3468155108386,
2026-08-18 23:38:24.158,pulse_batch,x,,,,,3,,9303,689,547,77,77,,3468175567646,
2026-08-18 23:38:24.180,pulse_batch,x,,,,,3,,9306,692,550,77,77,,3468198093397,
2026-08-18 23:38:24.201,pulse_batch,x,,,,,3,,9309,695,553,77,77,,3468218570638,
2026-08-18 23:38:24.221,pulse_batch,x,,,,,3,,9312,698,556,77,77,,3468239066657,
2026-08-18 23:38:24.244,pulse_batch,x,,,,,3,,9315,701,559,77,77,,3468261264354,
2026-08-18 23:38:24.264,pulse_batch,x,,,,,3,,9318,704,562,77,77,,3468281975298,
2026-08-18 23:38:24.285,pulse_batch,x,,,,,3,,9321,707,565,77,77,,3468302387039,
2026-08-18 23:38:24.305,pulse_batch,x,,,,,3,,9324,710,568,77,77,,3468323039521,
2026-08-18 23:38:24.326,pulse_batch,x,,,,,3,,9327,713,571,77,77,,3468343673835,
2026-08-18 23:38:24.346,pulse_batch,x,,,,,3,,9330,716,574,77,77,,3468364168521,
2026-08-18 23:38:24.367,pulse_batch,x,,,,,3,,9333,719,577,77,77,,3468384805410,
2026-08-18 23:38:24.388,pulse_batch,x,,,,,3,,9336,722,580,77,77,,3468405514113,
2026-08-18 23:38:24.408,pulse_batch,x,,,,,3,,9339,725,583,77,77,,3468425992965,
2026-08-18 23:38:24.429,pulse_batch,x,,,,,3,,9342,728,586,77,77,,3468446847187,
2026-08-18 23:38:24.451,pulse_batch,x,,,,,3,,9345,731,589,77,77,,3468468759218,
2026-08-18 23:38:24.472,pulse_batch,x,,,,,3,,9348,734,592,77,77,,3468489256866,
2026-08-18 23:38:24.494,pulse_batch,x,,,,,3,,9351,737,595,77,77,,3468511548340,
2026-08-18 23:38:24.517,pulse_batch,x,,,,,3,,9354,740,598,77,77,,3468535147549,
2026-08-18 23:38:24.538,pulse_batch,x,,,,,3,,9357,743,601,77,77,,3468555744216,
2026-08-18 23:38:24.560,pulse_batch,x,,,,,3,,9360,746,604,77,77,,3468577799450,
2026-08-18 23:38:24.583,pulse_batch,x,,,,,3,,9363,749,607,77,77,,3468601040290,
2026-08-18 23:38:24.604,pulse_batch,x,,,,,3,,9366,752,610,77,77,,3468621553846,
2026-08-18 23:38:24.624,pulse_batch,x,,,,,3,,9369,755,613,77,77,,3468642140161,
2026-08-18 23:38:24.647,pulse_batch,x,,,,,3,,9372,758,616,77,77,,3468664649171,
2026-08-18 23:38:24.668,pulse_batch,x,,,,,3,,9375,761,619,77,77,,3468685768743,
2026-08-18 23:38:24.689,pulse_batch,x,,,,,3,,9378,764,622,77,77,,3468706299484,
2026-08-18 23:38:24.710,pulse_batch,x,,,,,3,,9381,767,625,77,77,,3468727711869,
2026-08-18 23:38:24.731,pulse_batch,x,,,,,3,,9384,770,628,77,77,,3468748948347,
2026-08-18 23:38:24.752,pulse_batch,x,,,,,3,,9387,773,631,77,77,,3468769478496,
2026-08-18 23:38:24.773,pulse_batch,x,,,,,3,,9390,776,634,77,77,,3468790496309,
2026-08-18 23:38:24.793,pulse_batch,x,,,,,3,,9393,779,637,77,77,,3468811013698,
2026-08-18 23:38:24.814,pulse_batch,x,,,,,3,,9396,782,640,77,77,,3468831574680,
2026-08-18 23:38:24.836,pulse_batch,x,,,,,3,,9399,785,643,77,77,,3468854148690,
2026-08-18 23:38:24.857,pulse_batch,x,,,,,3,,9402,788,646,77,77,,3468874739153,
2026-08-18 23:38:24.877,pulse_batch,x,,,,,3,,9405,791,649,77,77,,3468895247597,
2026-08-18 23:38:24.898,pulse_batch,x,,,,,3,,9408,794,652,77,77,,3468915763024,
2026-08-18 23:38:24.923,pulse_batch,x,,,,,3,,9411,797,655,77,77,,3468941067595,
2026-08-18 23:38:24.944,pulse_batch,x,,,,,3,,9414,800,658,77,77,,3468961623633,
2026-08-18 23:38:24.965,pulse_batch,x,,,,,3,,9417,803,661,77,77,,3468982927722,
2026-08-18 23:38:24.987,pulse_batch,x,,,,,3,,9420,806,664,77,77,,3469005103270,
2026-08-18 23:38:25.008,pulse_batch,x,,,,,3,,9423,809,667,77,77,,3469025627530,
2026-08-18 23:38:25.028,pulse_batch,x,,,,,3,,9426,812,670,77,77,,3469046167086,
2026-08-18 23:38:25.051,pulse_batch,x,,,,,3,,9429,815,673,77,77,,3469068616726,
2026-08-18 23:38:25.071,pulse_batch,x,,,,,3,,9432,818,676,77,77,,3469089118782,
2026-08-18 23:38:25.094,pulse_batch,x,,,,,3,,9435,821,679,77,77,,3469111783217,
2026-08-18 23:38:25.118,pulse_batch,x,,,,,3,,9438,824,682,77,77,,3469135383352,
2026-08-18 23:38:25.138,pulse_batch,x,,,,,3,,9441,827,685,77,77,,3469156046981,
2026-08-18 23:38:25.161,pulse_batch,x,,,,,3,,9444,830,688,77,77,,3469178450214,
2026-08-18 23:38:25.184,pulse_batch,x,,,,,3,,9447,833,691,77,77,,3469201740183,
2026-08-18 23:38:25.205,pulse_batch,x,,,,,3,,9450,836,694,77,77,,3469222365831,
2026-08-18 23:38:25.225,pulse_batch,x,,,,,3,,9453,839,697,77,77,,3469242929239,
2026-08-18 23:38:25.247,pulse_batch,x,,,,,3,,9456,842,700,77,77,,3469265066399,
2026-08-18 23:38:25.268,pulse_batch,x,,,,,3,,9459,845,703,77,77,,3469285803028,
2026-08-18 23:38:25.278,pulse_batch,x,,,,,1,,9460,846,704,77,77,,3469296029537,
2026-08-18 23:38:25.278,move_finish,x,,,15,,,,9460,846,704,77,77,,3469296214740,
2026-08-18 23:38:25.426,approach_source_finish,x,1,stored,,,,1,,846,704,77,77,704,,
2026-08-18 23:38:25.426,approach_source_finish,y,1,stored,,,,-1,,380,-40,0,4,-40,,
2026-08-18 23:38:25.430,move_start,y,,,16,-14,,-1,2512,380,-40,0,4,,3469447223284,
2026-08-18 23:38:25.430,move_start,x,,,16,87,,1,9460,846,704,77,77,,3469447286562,
2026-08-18 23:38:25.433,pulse_batch,x,,,,,1,,9461,847,705,77,77,,3469451162229,
2026-08-18 23:38:25.434,pulse_batch,y,,,,,-1,,2513,379,-41,0,4,,3469451052434,
2026-08-18 23:38:25.454,pulse_batch,y,,,,,-3,,2516,376,-44,0,4,,3469471781896,
2026-08-18 23:38:25.454,pulse_batch,x,,,,,3,,9464,850,708,77,77,,3469471895599,
2026-08-18 23:38:25.474,pulse_batch,y,,,,,-3,,2519,373,-47,0,4,,3469492224730,
2026-08-18 23:38:25.475,pulse_batch,x,,,,,3,,9467,853,711,77,77,,3469492400748,
2026-08-18 23:38:25.495,pulse_batch,x,,,,,3,,9470,856,714,77,77,,3469512978859,
2026-08-18 23:38:25.496,pulse_batch,y,,,,,-3,,2522,370,-50,0,4,,3469513421598,
2026-08-18 23:38:25.517,pulse_batch,x,,,,,3,,9473,859,717,77,77,,3469534810594,
2026-08-18 23:38:25.517,pulse_batch,y,,,,,-3,,2525,367,-53,0,4,,3469534994130,
2026-08-18 23:38:25.527,pulse_batch,y,,,,,-1,,2526,366,-54,0,4,,3469545194659,
2026-08-18 23:38:25.528,move_finish,y,,,16,,,,2526,366,-54,0,4,,3469545414435,
2026-08-18 23:38:25.537,pulse_batch,x,,,,,3,,9476,862,720,77,77,,3469555290910,
2026-08-18 23:38:25.559,pulse_batch,x,,,,,3,,9479,865,723,77,77,,3469576723406,
2026-08-18 23:38:25.581,pulse_batch,x,,,,,3,,9482,868,726,77,77,,3469598870714,
2026-08-18 23:38:25.604,pulse_batch,x,,,,,3,,9485,871,729,77,77,,3469621428612,
2026-08-18 23:38:25.624,pulse_batch,x,,,,,3,,9488,874,732,77,77,,3469641891483,
2026-08-18 23:38:25.646,pulse_batch,x,,,,,3,,9491,877,735,77,77,,3469663494368,
2026-08-18 23:38:25.666,pulse_batch,x,,,,,3,,9494,880,738,77,77,,3469684046813,
2026-08-18 23:38:25.687,pulse_batch,x,,,,,3,,9497,883,741,77,77,,3469704485017,
2026-08-18 23:38:25.709,pulse_batch,x,,,,,3,,9500,886,744,77,77,,3469726983490,
2026-08-18 23:38:25.731,pulse_batch,x,,,,,3,,9503,889,747,77,77,,3469748399986,
2026-08-18 23:38:25.751,pulse_batch,x,,,,,3,,9506,892,750,77,77,,3469768859820,
2026-08-18 23:38:25.773,pulse_batch,x,,,,,3,,9509,895,753,77,77,,3469790452853,
2026-08-18 23:38:25.793,pulse_batch,x,,,,,3,,9512,898,756,77,77,,3469810990057,
2026-08-18 23:38:25.814,pulse_batch,x,,,,,3,,9515,901,759,77,77,,3469831431447,
2026-08-18 23:38:25.835,pulse_batch,x,,,,,3,,9518,904,762,77,77,,3469852651444,
2026-08-18 23:38:25.856,pulse_batch,x,,,,,3,,9521,907,765,77,77,,3469873371962,
2026-08-18 23:38:25.876,pulse_batch,x,,,,,3,,9524,910,768,77,77,,3469893823740,
2026-08-18 23:38:25.897,pulse_batch,x,,,,,3,,9527,913,771,77,77,,3469914308463,
2026-08-18 23:38:25.921,pulse_batch,x,,,,,3,,9530,916,774,77,77,,3469938310041,
2026-08-18 23:38:25.941,pulse_batch,x,,,,,3,,9533,919,777,77,77,,3469958755097,
2026-08-18 23:38:25.962,pulse_batch,x,,,,,3,,9536,922,780,77,77,,3469979379763,
2026-08-18 23:38:25.982,pulse_batch,x,,,,,3,,9539,925,783,77,77,,3470000064152,
2026-08-18 23:38:26.003,pulse_batch,x,,,,,3,,9542,928,786,77,77,,3470020536542,
2026-08-18 23:38:26.023,pulse_batch,x,,,,,3,,9545,931,789,77,77,,3470040985727,
2026-08-18 23:38:26.042,pulse_batch,x,,,,,2,,9547,933,791,77,77,,3470059632570,
2026-08-18 23:38:26.042,move_finish,x,,,16,,,,9547,933,791,77,77,,3470059825458,
2026-08-18 23:38:26.226,target_finish,x,1,stored,,,,,,933,791,77,77,791,,ok=True
2026-08-18 23:38:26.227,target_finish,y,1,stored,,,,,,366,-54,0,4,-54,,ok=True
2026-08-18 23:38:29.239,target_start,x,2,stored,,,,,,933,791,77,77,1275,,
2026-08-18 23:38:29.239,target_start,y,2,stored,,,,,,366,-54,0,4,-64,,
2026-08-18 23:38:29.239,approach_source_start,x,2,stored,,,,1,,933,791,77,77,1188,,
2026-08-18 23:38:29.239,approach_source_start,y,2,stored,,,,-1,,366,-54,0,4,-50,,
2026-08-18 23:38:29.243,move_start,x,,,17,397,,1,9547,933,791,77,77,,3473261171969,
2026-08-18 23:38:29.244,move_start,y,,,17,8,,1,2526,366,-54,0,4,,3473261445727,
2026-08-18 23:38:29.247,pulse_batch,x,,,,,1,,9548,934,792,77,77,,3473265084822,
2026-08-18 23:38:29.248,pulse_batch,y,,,,,1,,2527,367,-54,1,4,,3473265342746,
2026-08-18 23:38:29.268,pulse_batch,x,,,,,3,,9551,937,795,77,77,,3473285863710,
2026-08-18 23:38:29.268,pulse_batch,y,,,,,3,,2530,370,-54,4,4,,3473286078727,
2026-08-18 23:38:29.288,pulse_batch,x,,,,,3,,9554,940,798,77,77,,3473306232878,
2026-08-18 23:38:29.289,pulse_batch,y,,,,,3,,2533,373,-51,4,4,,3473306505228,
2026-08-18 23:38:29.300,pulse_batch,y,,,,,1,,2534,374,-50,4,4,,3473317249161,
2026-08-18 23:38:29.300,move_finish,y,,,17,,,,2534,374,-50,4,4,,3473317536216,
2026-08-18 23:38:29.311,pulse_batch,x,,,,,3,,9557,943,801,77,77,,3473328277760,
2026-08-18 23:38:29.332,pulse_batch,x,,,,,3,,9560,946,804,77,77,,3473349450776,
2026-08-18 23:38:29.352,pulse_batch,x,,,,,3,,9563,949,807,77,77,,3473370026443,
2026-08-18 23:38:29.373,pulse_batch,x,,,,,3,,9566,952,810,77,77,,3473390899516,
2026-08-18 23:38:29.394,pulse_batch,x,,,,,3,,9569,955,813,77,77,,3473411357850,
2026-08-18 23:38:29.414,pulse_batch,x,,,,,3,,9572,958,816,77,77,,3473431848221,
2026-08-18 23:38:29.435,pulse_batch,x,,,,,3,,9575,961,819,77,77,,3473452406499,
2026-08-18 23:38:29.456,pulse_batch,x,,,,,3,,9578,964,822,77,77,,3473473403294,
2026-08-18 23:38:29.476,pulse_batch,x,,,,,3,,9581,967,825,77,77,,3473493825276,
2026-08-18 23:38:29.497,pulse_batch,x,,,,,3,,9584,970,828,77,77,,3473514299888,
2026-08-18 23:38:29.520,pulse_batch,x,,,,,3,,9587,973,831,77,77,,3473537566450,
2026-08-18 23:38:29.540,pulse_batch,x,,,,,3,,9590,976,834,77,77,,3473558028599,
2026-08-18 23:38:29.562,pulse_batch,x,,,,,3,,9593,979,837,77,77,,3473580111815,
2026-08-18 23:38:29.583,pulse_batch,x,,,,,3,,9596,982,840,77,77,,3473600711093,
2026-08-18 23:38:29.604,pulse_batch,x,,,,,3,,9599,985,843,77,77,,3473621534203,
2026-08-18 23:38:29.624,pulse_batch,x,,,,,3,,9602,988,846,77,77,,3473641936704,
2026-08-18 23:38:29.649,pulse_batch,x,,,,,3,,9605,991,849,77,77,,3473666462149,
2026-08-18 23:38:29.669,pulse_batch,x,,,,,3,,9608,994,852,77,77,,3473687066853,
2026-08-18 23:38:29.690,pulse_batch,x,,,,,3,,9611,997,855,77,77,,3473707474539,
2026-08-18 23:38:29.712,pulse_batch,x,,,,,3,,9614,1000,858,77,77,,3473729980160,
2026-08-18 23:38:29.733,pulse_batch,x,,,,,3,,9617,1003,861,77,77,,3473750509253,
2026-08-18 23:38:29.753,pulse_batch,x,,,,,3,,9620,1006,864,77,77,,3473770942402,
2026-08-18 23:38:29.775,pulse_batch,x,,,,,3,,9623,1009,867,77,77,,3473793112803,
2026-08-18 23:38:29.796,pulse_batch,x,,,,,3,,9626,1012,870,77,77,,3473813747988,
2026-08-18 23:38:29.816,pulse_batch,x,,,,,3,,9629,1015,873,77,77,,3473834237100,
2026-08-18 23:38:29.839,pulse_batch,x,,,,,3,,9632,1018,876,77,77,,3473856434722,
2026-08-18 23:38:29.859,pulse_batch,x,,,,,3,,9635,1021,879,77,77,,3473877012315,
2026-08-18 23:38:29.880,pulse_batch,x,,,,,3,,9638,1024,882,77,77,,3473897459242,
2026-08-18 23:38:29.901,pulse_batch,x,,,,,3,,9641,1027,885,77,77,,3473918393870,
2026-08-18 23:38:29.924,pulse_batch,x,,,,,3,,9644,1030,888,77,77,,3473941340267,
2026-08-18 23:38:29.944,pulse_batch,x,,,,,3,,9647,1033,891,77,77,,3473961789045,
2026-08-18 23:38:29.965,pulse_batch,x,,,,,3,,9650,1036,894,77,77,,3473982333101,
2026-08-18 23:38:29.986,pulse_batch,x,,,,,3,,9653,1039,897,77,77,,3474003492729,
2026-08-18 23:38:30.006,pulse_batch,x,,,,,3,,9656,1042,900,77,77,,3474023948581,
2026-08-18 23:38:30.027,pulse_batch,x,,,,,3,,9659,1045,903,77,77,,3474044478563,
2026-08-18 23:38:30.050,pulse_batch,x,,,,,3,,9662,1048,906,77,77,,3474068087772,
2026-08-18 23:38:30.071,pulse_batch,x,,,,,3,,9665,1051,909,77,77,,3474088553921,
2026-08-18 23:38:30.091,pulse_batch,x,,,,,3,,9668,1054,912,77,77,,3474108962848,
2026-08-18 23:38:30.113,pulse_batch,x,,,,,3,,9671,1057,915,77,77,,3474130772157,
2026-08-18 23:38:30.134,pulse_batch,x,,,,,3,,9674,1060,918,77,77,,3474151370880,
2026-08-18 23:38:30.154,pulse_batch,x,,,,,3,,9677,1063,921,77,77,,3474171792788,
2026-08-18 23:38:30.176,pulse_batch,x,,,,,3,,9680,1066,924,77,77,,3474193223821,
2026-08-18 23:38:30.196,pulse_batch,x,,,,,3,,9683,1069,927,77,77,,3474213742877,
2026-08-18 23:38:30.216,pulse_batch,x,,,,,3,,9686,1072,930,77,77,,3474234209897,
2026-08-18 23:38:30.237,pulse_batch,x,,,,,3,,9689,1075,933,77,77,,3474254684471,
2026-08-18 23:38:30.258,pulse_batch,x,,,,,3,,9692,1078,936,77,77,,3474275293786,
2026-08-18 23:38:30.278,pulse_batch,x,,,,,3,,9695,1081,939,77,77,,3474295748435,
2026-08-18 23:38:30.298,pulse_batch,x,,,,,3,,9698,1084,942,77,77,,3474316208306,
2026-08-18 23:38:30.320,pulse_batch,x,,,,,3,,9701,1087,945,77,77,,3474337588173,
2026-08-18 23:38:30.340,pulse_batch,x,,,,,3,,9704,1090,948,77,77,,3474358160285,
2026-08-18 23:38:30.361,pulse_batch,x,,,,,3,,9707,1093,951,77,77,,3474378658396,
2026-08-18 23:38:30.383,pulse_batch,x,,,,,3,,9710,1096,954,77,77,,3474400287873,
2026-08-18 23:38:30.403,pulse_batch,x,,,,,3,,9713,1099,957,77,77,,3474420910225,
2026-08-18 23:38:30.425,pulse_batch,x,,,,,3,,9716,1102,960,77,77,,3474442303740,
2026-08-18 23:38:30.447,pulse_batch,x,,,,,3,,9719,1105,963,77,77,,3474464222383,
2026-08-18 23:38:30.467,pulse_batch,x,,,,,3,,9722,1108,966,77,77,,3474485172289,
2026-08-18 23:38:30.488,pulse_batch,x,,,,,3,,9725,1111,969,77,77,,3474505644252,
2026-08-18 23:38:30.513,pulse_batch,x,,,,,3,,9728,1114,972,77,77,,3474531037175,
2026-08-18 23:38:30.537,pulse_batch,x,,,,,3,,9731,1117,975,77,77,,3474554434422,
2026-08-18 23:38:30.557,pulse_batch,x,,,,,3,,9734,1120,978,77,77,,3474575075700,
2026-08-18 23:38:30.579,pulse_batch,x,,,,,3,,9737,1123,981,77,77,,3474596522289,
2026-08-18 23:38:30.600,pulse_batch,x,,,,,3,,9740,1126,984,77,77,,3474617835675,
2026-08-18 23:38:30.621,pulse_batch,x,,,,,3,,9743,1129,987,77,77,,3474638324305,
2026-08-18 23:38:30.642,pulse_batch,x,,,,,3,,9746,1132,990,77,77,,3474659400488,
2026-08-18 23:38:30.663,pulse_batch,x,,,,,3,,9749,1135,993,77,77,,3474681144835,
2026-08-18 23:38:30.684,pulse_batch,x,,,,,3,,9752,1138,996,77,77,,3474701643910,
2026-08-18 23:38:30.704,pulse_batch,x,,,,,3,,9755,1141,999,77,77,,3474722167854,
2026-08-18 23:38:30.725,pulse_batch,x,,,,,3,,9758,1144,1002,77,77,,3474743064557,
2026-08-18 23:38:30.746,pulse_batch,x,,,,,3,,9761,1147,1005,77,77,,3474763568095,
2026-08-18 23:38:30.766,pulse_batch,x,,,,,3,,9764,1150,1008,77,77,,3474784049021,
2026-08-18 23:38:30.789,pulse_batch,x,,,,,3,,9767,1153,1011,77,77,,3474806722234,
2026-08-18 23:38:30.810,pulse_batch,x,,,,,3,,9770,1156,1014,77,77,,3474827325290,
2026-08-18 23:38:30.830,pulse_batch,x,,,,,3,,9773,1159,1017,77,77,,3474847881475,
2026-08-18 23:38:30.853,pulse_batch,x,,,,,3,,9776,1162,1020,77,77,,3474870702725,
2026-08-18 23:38:30.874,pulse_batch,x,,,,,3,,9779,1165,1023,77,77,,3474891376132,
2026-08-18 23:38:30.894,pulse_batch,x,,,,,3,,9782,1168,1026,77,77,,3474911897058,
2026-08-18 23:38:30.916,pulse_batch,x,,,,,3,,9785,1171,1029,77,77,,3474933667683,
2026-08-18 23:38:30.937,pulse_batch,x,,,,,3,,9788,1174,1032,77,77,,3474954367627,
2026-08-18 23:38:30.957,pulse_batch,x,,,,,3,,9791,1177,1035,77,77,,3474974824443,
2026-08-18 23:38:30.979,pulse_batch,x,,,,,3,,9794,1180,1038,77,77,,3474996897566,
2026-08-18 23:38:31.000,pulse_batch,x,,,,,3,,9797,1183,1041,77,77,,3475017570714,
2026-08-18 23:38:31.020,pulse_batch,x,,,,,3,,9800,1186,1044,77,77,,3475038032677,
2026-08-18 23:38:31.043,pulse_batch,x,,,,,3,,9803,1189,1047,77,77,,3475060373059,
2026-08-18 23:38:31.063,pulse_batch,x,,,,,3,,9806,1192,1050,77,77,,3475081072614,
2026-08-18 23:38:31.084,pulse_batch,x,,,,,3,,9809,1195,1053,77,77,,3475101620614,
2026-08-18 23:38:31.104,pulse_batch,x,,,,,3,,9812,1198,1056,77,77,,3475122162318,
2026-08-18 23:38:31.126,pulse_batch,x,,,,,3,,9815,1201,1059,77,77,,3475144071146,
2026-08-18 23:38:31.147,pulse_batch,x,,,,,3,,9818,1204,1062,77,77,,3475164658887,
2026-08-18 23:38:31.168,pulse_batch,x,,,,,3,,9821,1207,1065,77,77,,3475185272628,
2026-08-18 23:38:31.194,pulse_batch,x,,,,,3,,9824,1210,1068,77,77,,3475211651528,
2026-08-18 23:38:31.214,pulse_batch,x,,,,,3,,9827,1213,1071,77,77,,3475232105954,
2026-08-18 23:38:31.235,pulse_batch,x,,,,,3,,9830,1216,1074,77,77,,3475252866639,
2026-08-18 23:38:31.257,pulse_batch,x,,,,,3,,9833,1219,1077,77,77,,3475274142062,
2026-08-18 23:38:31.277,pulse_batch,x,,,,,3,,9836,1222,1080,77,77,,3475294640507,
2026-08-18 23:38:31.298,pulse_batch,x,,,,,3,,9839,1225,1083,77,77,,3475315713857,
2026-08-18 23:38:31.322,pulse_batch,x,,,,,3,,9842,1228,1086,77,77,,3475340095636,
2026-08-18 23:38:31.343,pulse_batch,x,,,,,3,,9845,1231,1089,77,77,,3475360748655,
2026-08-18 23:38:31.364,pulse_batch,x,,,,,3,,9848,1234,1092,77,77,,3475381251841,
2026-08-18 23:38:31.386,pulse_batch,x,,,,,3,,9851,1237,1095,77,77,,3475404191775,
2026-08-18 23:38:31.407,pulse_batch,x,,,,,3,,9854,1240,1098,77,77,,3475425241606,
2026-08-18 23:38:31.428,pulse_batch,x,,,,,3,,9857,1243,1101,77,77,,3475445920421,
2026-08-18 23:38:31.450,pulse_batch,x,,,,,3,,9860,1246,1104,77,77,,3475467216084,
2026-08-18 23:38:31.470,pulse_batch,x,,,,,3,,9863,1249,1107,77,77,,3475487871973,
2026-08-18 23:38:31.491,pulse_batch,x,,,,,3,,9866,1252,1110,77,77,,3475508400640,
2026-08-18 23:38:31.513,pulse_batch,x,,,,,3,,9869,1255,1113,77,77,,3475531142927,
2026-08-18 23:38:31.534,pulse_batch,x,,,,,3,,9872,1258,1116,77,77,,3475551754631,
2026-08-18 23:38:31.554,pulse_batch,x,,,,,3,,9875,1261,1119,77,77,,3475572235761,
2026-08-18 23:38:31.578,pulse_batch,x,,,,,3,,9878,1264,1122,77,77,,3475595324324,
2026-08-18 23:38:31.598,pulse_batch,x,,,,,3,,9881,1267,1125,77,77,,3475615932028,
2026-08-18 23:38:31.619,pulse_batch,x,,,,,3,,9884,1270,1128,77,77,,3475636360214,
2026-08-18 23:38:31.642,pulse_batch,x,,,,,3,,9887,1273,1131,77,77,,3475659534925,
2026-08-18 23:38:31.662,pulse_batch,x,,,,,3,,9890,1276,1134,77,77,,3475680188443,
2026-08-18 23:38:31.683,pulse_batch,x,,,,,3,,9893,1279,1137,77,77,,3475700658926,
2026-08-18 23:38:31.704,pulse_batch,x,,,,,3,,9896,1282,1140,77,77,,3475721790590,
2026-08-18 23:38:31.725,pulse_batch,x,,,,,3,,9899,1285,1143,77,77,,3475742466127,
2026-08-18 23:38:31.745,pulse_batch,x,,,,,3,,9902,1288,1146,77,77,,3475762959128,
2026-08-18 23:38:31.766,pulse_batch,x,,,,,3,,9905,1291,1149,77,77,,3475783418332,
2026-08-18 23:38:31.787,pulse_batch,x,,,,,3,,9908,1294,1152,77,77,,3475805147049,
2026-08-18 23:38:31.808,pulse_batch,x,,,,,3,,9911,1297,1155,77,77,,3475825762142,
2026-08-18 23:38:31.828,pulse_batch,x,,,,,3,,9914,1300,1158,77,77,,3475846220995,
2026-08-18 23:38:31.849,pulse_batch,x,,,,,3,,9917,1303,1161,77,77,,3475866905772,
2026-08-18 23:38:31.871,pulse_batch,x,,,,,3,,9920,1306,1164,77,77,,3475888552064,
2026-08-18 23:38:31.891,pulse_batch,x,,,,,3,,9923,1309,1167,77,77,,3475908984250,
2026-08-18 23:38:31.912,pulse_batch,x,,,,,3,,9926,1312,1170,77,77,,3475929795842,
2026-08-18 23:38:31.933,pulse_batch,x,,,,,3,,9929,1315,1173,77,77,,3475950353972,
2026-08-18 23:38:31.953,pulse_batch,x,,,,,3,,9932,1318,1176,77,77,,3475970838602,
2026-08-18 23:38:31.974,pulse_batch,x,,,,,3,,9935,1321,1179,77,77,,3475991568861,
2026-08-18 23:38:31.994,pulse_batch,x,,,,,3,,9938,1324,1182,77,77,,3476012183713,
2026-08-18 23:38:32.015,pulse_batch,x,,,,,3,,9941,1327,1185,77,77,,3476032643806,
2026-08-18 23:38:32.038,pulse_batch,x,,,,,3,,9944,1330,1188,77,77,,3476055287297,
2026-08-18 23:38:32.041,move_finish,x,,,17,,,,9944,1330,1188,77,77,,3476058790115,
2026-08-18 23:38:32.232,approach_source_finish,x,2,stored,,,,1,,1330,1188,77,77,1188,,
2026-08-18 23:38:32.232,approach_source_finish,y,2,stored,,,,-1,,374,-50,4,4,-50,,
2026-08-18 23:38:32.236,move_start,x,,,18,87,,1,9944,1330,1188,77,77,,3476253912628,
2026-08-18 23:38:32.236,move_start,y,,,18,-18,,-1,2534,374,-50,4,4,,3476253834628,
2026-08-18 23:38:32.240,pulse_batch,x,,,,,1,,9945,1331,1189,77,77,,3476257556149,
2026-08-18 23:38:32.240,pulse_batch,y,,,,,-1,,2535,373,-50,3,4,,3476257749518,
2026-08-18 23:38:32.261,pulse_batch,x,,,,,3,,9948,1334,1192,77,77,,3476278272667,
2026-08-18 23:38:32.263,pulse_batch,y,,,,,-3,,2538,370,-50,0,4,,3476280957784,
2026-08-18 23:38:32.281,pulse_batch,x,,,,,3,,9951,1337,1195,77,77,,3476298679557,
2026-08-18 23:38:32.284,pulse_batch,y,,,,,-3,,2541,367,-53,0,4,,3476301392415,
2026-08-18 23:38:32.301,pulse_batch,x,,,,,3,,9954,1340,1198,77,77,,3476319118002,
2026-08-18 23:38:32.304,pulse_batch,y,,,,,-3,,2544,364,-56,0,4,,3476321885971,
2026-08-18 23:38:32.322,pulse_batch,x,,,,,3,,9957,1343,1201,77,77,,3476339613392,
2026-08-18 23:38:32.325,pulse_batch,y,,,,,-3,,2547,361,-59,0,4,,3476343134487,
2026-08-18 23:38:32.342,pulse_batch,x,,,,,3,,9960,1346,1204,77,77,,3476360135429,
2026-08-18 23:38:32.346,pulse_batch,y,,,,,-3,,2550,358,-62,0,4,,3476363751709,
2026-08-18 23:38:32.363,pulse_batch,x,,,,,3,,9963,1349,1207,77,77,,3476380585189,
2026-08-18 23:38:32.363,pulse_batch,y,,,,,-2,,2552,356,-64,0,4,,3476380796040,
2026-08-18 23:38:32.363,move_finish,y,,,18,,,,2552,356,-64,0,4,,3476380905114,
2026-08-18 23:38:32.386,pulse_batch,x,,,,,3,,9966,1352,1210,77,77,,3476404035640,
2026-08-18 23:38:32.407,pulse_batch,x,,,,,3,,9969,1355,1213,77,77,,3476425218970,
2026-08-18 23:38:32.428,pulse_batch,x,,,,,3,,9972,1358,1216,77,77,,3476445670027,
2026-08-18 23:38:32.449,pulse_batch,x,,,,,3,,9975,1361,1219,77,77,,3476466860654,
2026-08-18 23:38:32.470,pulse_batch,x,,,,,3,,9978,1364,1222,77,77,,3476488126133,
2026-08-18 23:38:32.491,pulse_batch,x,,,,,3,,9981,1367,1225,77,77,,3476508548282,
2026-08-18 23:38:32.511,pulse_batch,x,,,,,3,,9984,1370,1228,77,77,,3476529162726,
2026-08-18 23:38:32.532,pulse_batch,x,,,,,3,,9987,1373,1231,77,77,,3476549646949,
2026-08-18 23:38:32.552,pulse_batch,x,,,,,3,,9990,1376,1234,77,77,,3476570090283,
2026-08-18 23:38:32.574,pulse_batch,x,,,,,3,,9993,1379,1237,77,77,,3476592137592,
2026-08-18 23:38:32.595,pulse_batch,x,,,,,3,,9996,1382,1240,77,77,,3476612634352,
2026-08-18 23:38:32.615,pulse_batch,x,,,,,3,,9999,1385,1243,77,77,,3476633024094,
2026-08-18 23:38:32.636,pulse_batch,x,,,,,3,,10002,1388,1246,77,77,,3476653483761,
2026-08-18 23:38:32.658,pulse_batch,x,,,,,3,,10005,1391,1249,77,77,,3476675914883,
2026-08-18 23:38:32.680,pulse_batch,x,,,,,3,,10008,1394,1252,77,77,,3476697584471,
2026-08-18 23:38:32.700,pulse_batch,x,,,,,3,,10011,1397,1255,77,77,,3476718104286,
2026-08-18 23:38:32.723,pulse_batch,x,,,,,3,,10014,1400,1258,77,77,,3476740505296,
2026-08-18 23:38:32.743,pulse_batch,x,,,,,3,,10017,1403,1261,77,77,,3476760985075,
2026-08-18 23:38:32.764,pulse_batch,x,,,,,3,,10020,1406,1264,77,77,,3476781786630,
2026-08-18 23:38:32.785,pulse_batch,x,,,,,3,,10023,1409,1267,77,77,,3476802659351,
2026-08-18 23:38:32.805,pulse_batch,x,,,,,3,,10026,1412,1270,77,77,,3476823170796,
2026-08-18 23:38:32.826,pulse_batch,x,,,,,3,,10029,1415,1273,77,77,,3476843740963,
2026-08-18 23:38:32.845,pulse_batch,x,,,,,2,,10031,1417,1275,77,77,,3476862584100,
2026-08-18 23:38:32.845,move_finish,x,,,18,,,,10031,1417,1275,77,77,,3476862941266,
2026-08-18 23:38:33.033,target_finish,x,2,stored,,,,,,1417,1275,77,77,1275,,ok=True
2026-08-18 23:38:33.033,target_finish,y,2,stored,,,,,,356,-64,0,4,-64,,ok=True
2026-08-18 23:48:17.058,continuous_start,x,,,,,,-1,10031,1417,1275,77,77,,4061075653962,
2026-08-18 23:48:17.061,pulse_batch,x,,,,,-1,,10032,1416,1275,76,77,,4061079251921,
2026-08-18 23:48:17.082,pulse_batch,x,,,,,-3,,10035,1413,1275,73,77,,4061099806298,
2026-08-18 23:48:17.102,pulse_batch,x,,,,,-3,,10038,1410,1275,70,77,,4061120223082,
2026-08-18 23:48:17.124,pulse_batch,x,,,,,-3,,10041,1407,1275,67,77,,4061141647323,
2026-08-18 23:48:17.144,pulse_batch,x,,,,,-3,,10044,1404,1275,64,77,,4061162224773,
2026-08-18 23:48:17.165,pulse_batch,x,,,,,-3,,10047,1401,1275,61,77,,4061182674854,
2026-08-18 23:48:17.188,pulse_batch,x,,,,,-3,,10050,1398,1275,58,77,,4061205826511,
2026-08-18 23:48:17.209,pulse_batch,x,,,,,-3,,10053,1395,1275,55,77,,4061226348683,
2026-08-18 23:48:17.229,pulse_batch,x,,,,,-3,,10056,1392,1275,52,77,,4061246784320,
2026-08-18 23:48:17.250,pulse_batch,x,,,,,-3,,10059,1389,1275,49,77,,4061267365844,
2026-08-18 23:48:17.272,pulse_batch,x,,,,,-3,,10062,1386,1275,46,77,,4061289248286,
2026-08-18 23:48:17.292,pulse_batch,x,,,,,-3,,10065,1383,1275,43,77,,4061309697237,
2026-08-18 23:48:17.312,pulse_batch,x,,,,,-3,,10068,1380,1275,40,77,,4061330197799,
2026-08-18 23:48:17.335,pulse_batch,x,,,,,-3,,10071,1377,1275,37,77,,4061352469016,
2026-08-18 23:48:17.355,pulse_batch,x,,,,,-3,,10074,1374,1275,34,77,,4061373117966,
2026-08-18 23:48:17.376,pulse_batch,x,,,,,-3,,10077,1371,1275,31,77,,4061393514417,
2026-08-18 23:48:17.398,pulse_batch,x,,,,,-3,,10080,1368,1275,28,77,,4061416070670,
2026-08-18 23:48:17.419,pulse_batch,x,,,,,-3,,10083,1365,1275,25,77,,4061436664917,
2026-08-18 23:48:17.439,pulse_batch,x,,,,,-3,,10086,1362,1275,22,77,,4061457063164,
2026-08-18 23:48:17.461,pulse_batch,x,,,,,-3,,10089,1359,1275,19,77,,4061479226309,
2026-08-18 23:48:17.482,pulse_batch,x,,,,,-3,,10092,1356,1275,16,77,,4061499809110,
2026-08-18 23:48:17.502,pulse_batch,x,,,,,-3,,10095,1353,1275,13,77,,4061520235950,
2026-08-18 23:48:17.524,pulse_batch,x,,,,,-3,,10098,1350,1275,10,77,,4061542057375,
2026-08-18 23:48:17.545,pulse_batch,x,,,,,-3,,10101,1347,1275,7,77,,4061562736731,
2026-08-18 23:48:17.565,pulse_batch,x,,,,,-3,,10104,1344,1275,4,77,,4061583223756,
2026-08-18 23:48:17.588,pulse_batch,x,,,,,-3,,10107,1341,1275,1,77,,4061605241383,
2026-08-18 23:48:17.609,pulse_batch,x,,,,,-3,,10110,1338,1273,0,77,,4061626335089,
2026-08-18 23:48:17.629,pulse_batch,x,,,,,-3,,10113,1335,1270,0,77,,4061646796855,
2026-08-18 23:48:17.650,pulse_batch,x,,,,,-3,,10116,1332,1267,0,77,,4061667312583,
2026-08-18 23:48:17.672,pulse_batch,x,,,,,-3,,10119,1329,1264,0,77,,4061690186019,
2026-08-18 23:48:17.693,pulse_batch,x,,,,,-3,,10122,1326,1261,0,77,,4061710662118,
2026-08-18 23:48:17.714,pulse_batch,x,,,,,-3,,10125,1323,1258,0,77,,4061731364697,
2026-08-18 23:48:17.735,pulse_batch,x,,,,,-3,,10128,1320,1255,0,77,,4061752686273,
2026-08-18 23:48:17.755,pulse_batch,x,,,,,-3,,10131,1317,1252,0,77,,4061773223853,
2026-08-18 23:48:17.776,pulse_batch,x,,,,,-3,,10134,1314,1249,0,77,,4061793630507,
2026-08-18 23:48:17.798,pulse_batch,x,,,,,-3,,10137,1311,1246,0,77,,4061816048058,
2026-08-18 23:48:17.819,pulse_batch,x,,,,,-3,,10140,1308,1243,0,77,,4061836604175,
2026-08-18 23:48:17.839,pulse_batch,x,,,,,-3,,10143,1305,1240,0,77,,4061857037885,
2026-08-18 23:48:17.862,pulse_batch,x,,,,,-3,,10146,1302,1237,0,77,,4061879313640,
2026-08-18 23:48:17.882,pulse_batch,x,,,,,-3,,10149,1299,1234,0,77,,4061899921497,
2026-08-18 23:48:17.903,pulse_batch,x,,,,,-3,,10152,1296,1231,0,77,,4061920341966,
2026-08-18 23:48:17.925,pulse_batch,x,,,,,-3,,10155,1293,1228,0,77,,4061942398723,
2026-08-18 23:48:17.946,pulse_batch,x,,,,,-3,,10158,1290,1225,0,77,,4061963871982,
2026-08-18 23:48:17.967,pulse_batch,x,,,,,-3,,10161,1287,1222,0,77,,4061984328081,
2026-08-18 23:48:17.990,pulse_batch,x,,,,,-3,,10164,1284,1219,0,77,,4062007853662,
2026-08-18 23:48:18.012,pulse_batch,x,,,,,-3,,10167,1281,1216,0,77,,4062029973380,
2026-08-18 23:48:18.033,pulse_batch,x,,,,,-3,,10170,1278,1213,0,77,,4062050463516,
2026-08-18 23:48:18.055,pulse_batch,x,,,,,-3,,10173,1275,1210,0,77,,4062073011917,
2026-08-18 23:48:18.076,pulse_batch,x,,,,,-3,,10176,1272,1207,0,77,,4062093640664,
2026-08-18 23:48:18.096,pulse_batch,x,,,,,-3,,10179,1269,1204,0,77,,4062114127096,
2026-08-18 23:48:18.117,pulse_batch,x,,,,,-3,,10182,1266,1201,0,77,,4062134638806,
2026-08-18 23:48:18.139,pulse_batch,x,,,,,-3,,10185,1263,1198,0,77,,4062156495933,
2026-08-18 23:48:18.159,pulse_batch,x,,,,,-3,,10188,1260,1195,0,77,,4062176974477,
2026-08-18 23:48:18.180,pulse_batch,x,,,,,-3,,10191,1257,1192,0,77,,4062197415150,
2026-08-18 23:48:18.203,pulse_batch,x,,,,,-3,,10194,1254,1189,0,77,,4062220210587,
2026-08-18 23:48:18.223,pulse_batch,x,,,,,-3,,10197,1251,1186,0,77,,4062240763759,
2026-08-18 23:48:18.243,pulse_batch,x,,,,,-3,,10200,1248,1183,0,77,,4062261193396,
2026-08-18 23:48:18.265,pulse_batch,x,,,,,-3,,10203,1245,1180,0,77,,4062282825525,
2026-08-18 23:48:18.286,pulse_batch,x,,,,,-3,,10206,1242,1177,0,77,,4062303492789,
2026-08-18 23:48:18.306,pulse_batch,x,,,,,-3,,10209,1239,1174,0,77,,4062323893500,
2026-08-18 23:48:18.327,pulse_batch,x,,,,,-3,,10212,1236,1171,0,77,,4062344614634,
2026-08-18 23:48:18.347,pulse_batch,x,,,,,-3,,10215,1233,1168,0,77,,4062365122918,
2026-08-18 23:48:18.368,pulse_batch,x,,,,,-3,,10218,1230,1165,0,77,,4062385646683,
2026-08-18 23:48:18.388,pulse_batch,x,,,,,-3,,10221,1227,1162,0,77,,4062406222985,
2026-08-18 23:48:18.409,pulse_batch,x,,,,,-3,,10224,1224,1159,0,77,,4062426929472,
2026-08-18 23:48:18.430,pulse_batch,x,,,,,-3,,10227,1221,1156,0,77,,4062447419256,
2026-08-18 23:48:18.450,pulse_batch,x,,,,,-3,,10230,1218,1153,0,77,,4062467957003,
2026-08-18 23:48:18.472,pulse_batch,x,,,,,-3,,10233,1215,1150,0,77,,4062490127721,
2026-08-18 23:48:18.493,pulse_batch,x,,,,,-3,,10236,1212,1147,0,77,,4062510582228,
2026-08-18 23:48:18.513,pulse_batch,x,,,,,-3,,10239,1209,1144,0,77,,4062531058252,
2026-08-18 23:48:18.536,pulse_batch,x,,,,,-3,,10242,1206,1141,0,77,,4062553365988,
2026-08-18 23:48:18.556,pulse_batch,x,,,,,-3,,10245,1203,1138,0,77,,4062573901180,
2026-08-18 23:48:18.577,pulse_batch,x,,,,,-3,,10248,1200,1135,0,77,,4062594351631,
2026-08-18 23:48:18.599,pulse_batch,x,,,,,-3,,10251,1197,1132,0,77,,4062617225974,
2026-08-18 23:48:18.620,pulse_batch,x,,,,,-3,,10254,1194,1129,0,77,,4062637697481,
2026-08-18 23:48:18.640,pulse_batch,x,,,,,-3,,10257,1191,1126,0,77,,4062658099802,
2026-08-18 23:48:18.662,pulse_batch,x,,,,,-3,,10260,1188,1123,0,77,,4062680143966,
2026-08-18 23:48:18.683,pulse_batch,x,,,,,-3,,10263,1185,1120,0,77,,4062700770620,
2026-08-18 23:48:18.703,pulse_batch,x,,,,,-3,,10266,1182,1117,0,77,,4062721197497,
2026-08-18 23:48:18.726,pulse_batch,x,,,,,-3,,10269,1179,1114,0,77,,4062743402233,
2026-08-18 23:48:18.746,pulse_batch,x,,,,,-3,,10272,1176,1111,0,77,,4062763981813,
2026-08-18 23:48:18.767,pulse_batch,x,,,,,-3,,10275,1173,1108,0,77,,4062784447579,
2026-08-18 23:48:18.789,pulse_batch,x,,,,,-3,,10278,1170,1105,0,77,,4062806703463,
2026-08-18 23:48:18.813,pulse_batch,x,,,,,-3,,10281,1167,1102,0,77,,4062830929780,
2026-08-18 23:48:18.834,pulse_batch,x,,,,,-3,,10284,1164,1099,0,77,,4062851378454,
2026-08-18 23:48:18.855,pulse_batch,x,,,,,-3,,10287,1161,1096,0,77,,4062873218007,
2026-08-18 23:48:18.876,pulse_batch,x,,,,,-3,,10290,1158,1093,0,77,,4062893809531,
2026-08-18 23:48:18.897,pulse_batch,x,,,,,-3,,10293,1155,1090,0,77,,4062914341019,
2026-08-18 23:48:18.917,pulse_batch,x,,,,,-3,,10296,1152,1087,0,77,,4062934834803,
2026-08-18 23:48:18.939,pulse_batch,x,,,,,-3,,10299,1149,1084,0,77,,4062957132835,
2026-08-18 23:48:18.960,pulse_batch,x,,,,,-3,,10302,1146,1081,0,77,,4062977585657,
2026-08-18 23:48:18.980,pulse_batch,x,,,,,-3,,10305,1143,1078,0,77,,4062998057904,
2026-08-18 23:48:19.001,pulse_batch,x,,,,,-3,,10308,1140,1075,0,77,,4063018673391,
2026-08-18 23:48:19.021,pulse_batch,x,,,,,-3,,10311,1137,1072,0,77,,4063039212341,
2026-08-18 23:48:19.042,pulse_batch,x,,,,,-3,,10314,1134,1069,0,77,,4063059614015,
2026-08-18 23:48:19.062,pulse_batch,x,,,,,-3,,10317,1131,1066,0,77,,4063080205909,
2026-08-18 23:48:19.083,pulse_batch,x,,,,,-3,,10320,1128,1063,0,77,,4063101133858,
2026-08-18 23:48:19.105,pulse_batch,x,,,,,-3,,10323,1125,1060,0,77,,4063122385359,
2026-08-18 23:48:19.127,pulse_batch,x,,,,,-3,,10326,1122,1057,0,77,,4063144464486,
2026-08-18 23:48:19.147,pulse_batch,x,,,,,-3,,10329,1119,1054,0,77,,4063165017288,
2026-08-18 23:48:19.168,pulse_batch,x,,,,,-3,,10332,1116,1051,0,77,,4063185452758,
2026-08-18 23:48:19.189,pulse_batch,x,,,,,-3,,10335,1113,1048,0,77,,4063206482520,
2026-08-18 23:48:19.192,continuous_stop,x,,,,,,-1,10335,1113,1048,0,77,,4063210004776,
2026-08-18 23:48:21.661,continuous_start,x,,,,,,-1,10335,1113,1048,0,77,,4065678963517,
2026-08-18 23:48:21.664,pulse_batch,x,,,,,-1,,10336,1112,1047,0,77,,4065681857833,
2026-08-18 23:48:21.685,pulse_batch,x,,,,,-4,,10340,1108,1043,0,77,,4065702532783,
2026-08-18 23:48:21.705,pulse_batch,x,,,,,-4,,10344,1104,1039,0,77,,4065723110770,
2026-08-18 23:48:21.728,pulse_batch,x,,,,,-4,,10348,1100,1035,0,77,,4065745520913,
2026-08-18 23:48:21.748,pulse_batch,x,,,,,-4,,10352,1096,1031,0,77,,4065766115252,
2026-08-18 23:48:21.769,pulse_batch,x,,,,,-4,,10356,1092,1027,0,77,,4065786695906,
2026-08-18 23:48:21.790,pulse_batch,x,,,,,-4,,10360,1088,1023,0,77,,4065807322319,
2026-08-18 23:48:21.810,pulse_batch,x,,,,,-4,,10364,1084,1019,0,77,,4065828139194,
2026-08-18 23:48:21.831,pulse_batch,x,,,,,-4,,10368,1080,1015,0,77,,4065848799977,
2026-08-18 23:48:21.852,pulse_batch,x,,,,,-4,,10372,1076,1011,0,77,,4065869356798,
2026-08-18 23:48:21.874,pulse_batch,x,,,,,-4,,10376,1072,1007,0,77,,4065891939163,
2026-08-18 23:48:21.895,pulse_batch,x,,,,,-4,,10380,1068,1003,0,77,,4065912506835,
2026-08-18 23:48:21.915,pulse_batch,x,,,,,-4,,10384,1064,999,0,77,,4065933039897,
2026-08-18 23:48:21.936,pulse_batch,x,,,,,-4,,10388,1060,995,0,77,,4065954188473,
2026-08-18 23:48:21.957,pulse_batch,x,,,,,-4,,10392,1056,991,0,77,,4065975031885,
2026-08-18 23:48:21.978,pulse_batch,x,,,,,-4,,10396,1052,987,0,77,,4065995571984,
2026-08-18 23:48:22.000,pulse_batch,x,,,,,-4,,10400,1048,983,0,77,,4066017953757,
2026-08-18 23:48:22.021,pulse_batch,x,,,,,-4,,10404,1044,979,0,77,,4066038641336,
2026-08-18 23:48:22.041,pulse_batch,x,,,,,-4,,10408,1040,975,0,77,,4066059226898,
2026-08-18 23:48:22.064,pulse_batch,x,,,,,-4,,10412,1036,971,0,77,,4066081912002,
2026-08-18 23:48:22.085,pulse_batch,x,,,,,-4,,10416,1032,967,0,77,,4066102632100,
2026-08-18 23:48:22.105,pulse_batch,x,,,,,-4,,10420,1028,963,0,77,,4066123191050,
2026-08-18 23:48:22.126,pulse_batch,x,,,,,-4,,10424,1024,959,0,77,,4066143979333,
2026-08-18 23:48:22.147,pulse_batch,x,,,,,-4,,10428,1020,955,0,77,,4066164755004,
2026-08-18 23:48:22.168,pulse_batch,x,,,,,-4,,10432,1016,951,0,77,,4066185355621,
2026-08-18 23:48:22.188,pulse_batch,x,,,,,-4,,10436,1012,947,0,77,,4066206110052,
2026-08-18 23:48:22.210,pulse_batch,x,,,,,-4,,10440,1008,943,0,77,,4066227994235,
2026-08-18 23:48:22.231,pulse_batch,x,,,,,-4,,10444,1004,939,0,77,,4066248637926,
2026-08-18 23:48:22.252,pulse_batch,x,,,,,-4,,10448,1000,935,0,77,,4066269252580,
2026-08-18 23:48:22.273,pulse_batch,x,,,,,-4,,10452,996,931,0,77,,4066290089399,
2026-08-18 23:48:22.293,pulse_batch,x,,,,,-4,,10456,992,927,0,77,,4066310693775,
2026-08-18 23:48:22.313,pulse_batch,x,,,,,-4,,10460,988,923,0,77,,4066331227170,
2026-08-18 23:48:22.336,pulse_batch,x,,,,,-4,,10464,984,919,0,77,,4066353580851,
2026-08-18 23:48:22.357,pulse_batch,x,,,,,-4,,10468,980,915,0,77,,4066374321411,
2026-08-18 23:48:22.377,pulse_batch,x,,,,,-4,,10472,976,911,0,77,,4066394856714,
2026-08-18 23:48:22.398,pulse_batch,x,,,,,-4,,10476,972,907,0,77,,4066415623052,
2026-08-18 23:48:22.419,pulse_batch,x,,,,,-4,,10480,968,903,0,77,,4066436395205,
2026-08-18 23:48:22.439,pulse_batch,x,,,,,-4,,10484,964,899,0,77,,4066456987433,
2026-08-18 23:48:22.463,pulse_batch,x,,,,,-4,,10488,960,895,0,77,,4066480348959,
2026-08-18 23:48:22.483,pulse_batch,x,,,,,-4,,10492,956,891,0,77,,4066501033557,
2026-08-18 23:48:22.504,pulse_batch,x,,,,,-4,,10496,952,887,0,77,,4066521618952,
2026-08-18 23:48:22.526,pulse_batch,x,,,,,-4,,10500,948,883,0,77,,4066543388025,
2026-08-18 23:48:22.546,pulse_batch,x,,,,,-4,,10504,944,879,0,77,,4066564205251,
2026-08-18 23:48:22.567,pulse_batch,x,,,,,-4,,10508,940,875,0,77,,4066584805442,
2026-08-18 23:48:22.588,pulse_batch,x,,,,,-4,,10512,936,871,0,77,,4066605411615,
2026-08-18 23:48:22.609,pulse_batch,x,,,,,-4,,10516,932,867,0,77,,4066626360933,
2026-08-18 23:48:22.629,pulse_batch,x,,,,,-4,,10520,928,863,0,77,,4066646992995,
2026-08-18 23:48:22.650,pulse_batch,x,,,,,-4,,10524,924,859,0,77,,4066667587519,
2026-08-18 23:48:22.673,pulse_batch,x,,,,,-4,,10528,920,855,0,77,,4066690059477,
2026-08-18 23:48:22.693,pulse_batch,x,,,,,-4,,10532,916,851,0,77,,4066710666001,
2026-08-18 23:48:22.713,pulse_batch,x,,,,,-4,,10536,912,847,0,77,,4066731213192,
2026-08-18 23:48:22.731,pulse_batch,x,,,,,-2,,10538,910,845,0,77,,4066748378756,
2026-08-18 23:48:22.731,continuous_stop,x,,,,,,-1,10538,910,845,0,77,,4066748686569,
2026-08-18 23:48:22.996,continuous_start,x,,,,,,-1,10538,910,845,0,77,,4067013517514,
2026-08-18 23:48:22.999,pulse_batch,x,,,,,-1,,10539,909,844,0,77,,4067016378608,
2026-08-18 23:48:23.019,pulse_batch,x,,,,,-4,,10543,905,840,0,77,,4067037095372,
2026-08-18 23:48:23.040,pulse_batch,x,,,,,-4,,10547,901,836,0,77,,4067057673804,
2026-08-18 23:48:23.062,pulse_batch,x,,,,,-4,,10551,897,832,0,77,,4067079813505,
2026-08-18 23:48:23.083,pulse_batch,x,,,,,-4,,10555,893,828,0,77,,4067101060414,
2026-08-18 23:48:23.104,pulse_batch,x,,,,,-4,,10559,889,824,0,77,,4067121626568,
2026-08-18 23:48:23.126,pulse_batch,x,,,,,-4,,10563,885,820,0,77,,4067143261198,
2026-08-18 23:48:23.128,continuous_stop,x,,,,,,-1,10563,885,820,0,77,,4067146015422,
2026-08-18 23:48:23.396,continuous_start,x,,,,,,-1,10563,885,820,0,77,,4067413873998,
2026-08-18 23:48:23.399,pulse_batch,x,,,,,-1,,10564,884,819,0,77,,4067416687888,
2026-08-18 23:48:23.420,pulse_batch,x,,,,,-4,,10568,880,815,0,77,,4067437309913,
2026-08-18 23:48:23.440,pulse_batch,x,,,,,-4,,10572,876,811,0,77,,4067457851882,
2026-08-18 23:48:23.464,pulse_batch,x,,,,,-4,,10576,872,807,0,77,,4067481321352,
2026-08-18 23:48:23.485,pulse_batch,x,,,,,-4,,10580,868,803,0,77,,4067502658038,
2026-08-18 23:48:23.505,pulse_batch,x,,,,,-4,,10584,864,799,0,77,,4067523222248,
2026-08-18 23:48:23.526,pulse_batch,x,,,,,-4,,10588,860,795,0,77,,4067544157789,
2026-08-18 23:48:23.529,continuous_stop,x,,,,,,-1,10588,860,795,0,77,,4067546855477,
2026-08-18 23:48:23.863,continuous_start,x,,,,,,-1,10588,860,795,0,77,,4067880268251,
2026-08-18 23:48:23.865,pulse_batch,x,,,,,-1,,10589,859,794,0,77,,4067883172327,
2026-08-18 23:48:23.886,pulse_batch,x,,,,,-4,,10593,855,790,0,77,,4067903826480,
2026-08-18 23:48:23.907,pulse_batch,x,,,,,-4,,10597,851,786,0,77,,4067924382523,
2026-08-18 23:48:23.927,pulse_batch,x,,,,,-4,,10601,847,782,0,77,,4067945067307,
2026-08-18 23:48:23.948,pulse_batch,x,,,,,-4,,10605,843,778,0,77,,4067965980959,
2026-08-18 23:48:23.969,pulse_batch,x,,,,,-4,,10609,839,774,0,77,,4067986556261,
2026-08-18 23:48:23.990,pulse_batch,x,,,,,-4,,10613,835,770,0,77,,4068007418247,
2026-08-18 23:48:23.998,pulse_batch,x,,,,,-1,,10614,834,769,0,77,,4068016149380,
2026-08-18 23:48:23.999,continuous_stop,x,,,,,,-1,10614,834,769,0,77,,4068016399656,
2026-08-18 23:48:24.331,continuous_start,x,,,,,,-1,10614,834,769,0,77,,4068348245108,
2026-08-18 23:48:24.333,pulse_batch,x,,,,,-1,,10615,833,768,0,77,,4068351115553,
2026-08-18 23:48:24.354,pulse_batch,x,,,,,-4,,10619,829,764,0,77,,4068372203890,
2026-08-18 23:48:24.375,pulse_batch,x,,,,,-4,,10623,825,760,0,77,,4068392734952,
2026-08-18 23:48:24.398,pulse_batch,x,,,,,-4,,10627,821,756,0,77,,4068415963775,
2026-08-18 23:48:24.419,pulse_batch,x,,,,,-4,,10631,817,752,0,77,,4068436674558,
2026-08-18 23:48:24.439,pulse_batch,x,,,,,-4,,10635,813,748,0,77,,4068457240416,
2026-08-18 23:48:24.460,pulse_batch,x,,,,,-4,,10639,809,744,0,77,,4068478128642,
2026-08-18 23:48:24.463,continuous_stop,x,,,,,,-1,10639,809,744,0,77,,4068480801867,
2026-08-18 23:48:24.864,continuous_start,x,,,,,,-1,10639,809,744,0,77,,4068882018606,
2026-08-18 23:48:24.867,pulse_batch,x,,,,,-1,,10640,808,743,0,77,,4068885193828,
2026-08-18 23:48:24.891,pulse_batch,x,,,,,-4,,10644,804,739,0,77,,4068908396281,
2026-08-18 23:48:24.911,pulse_batch,x,,,,,-4,,10648,800,735,0,77,,4068928942639,
2026-08-18 23:48:24.930,pulse_batch,x,,,,,-3,,10651,797,732,0,77,,4068947651527,
2026-08-18 23:48:24.930,continuous_stop,x,,,,,,-1,10651,797,732,0,77,,4068947980765,
2026-08-18 23:48:25.532,continuous_start,x,,,,,,-1,10651,797,732,0,77,,4069549388433,
2026-08-18 23:48:25.534,pulse_batch,x,,,,,-1,,10652,796,731,0,77,,4069552237453,
2026-08-18 23:48:25.557,pulse_batch,x,,,,,-4,,10656,792,727,0,77,,4069574335858,
2026-08-18 23:48:25.577,pulse_batch,x,,,,,-4,,10660,788,723,0,77,,4069594904567,
2026-08-18 23:48:25.597,pulse_batch,x,,,,,-3,,10663,785,720,0,77,,4069614862281,
2026-08-18 23:48:25.598,continuous_stop,x,,,,,,-1,10663,785,720,0,77,,4069615365704,
2026-08-18 23:48:26.066,continuous_start,x,,,,,,-1,10663,785,720,0,77,,4070083957206,
2026-08-18 23:48:26.069,pulse_batch,x,,,,,-1,,10664,784,719,0,77,,4070086826337,
2026-08-18 23:48:26.090,pulse_batch,x,,,,,-4,,10668,780,715,0,77,,4070107674749,
2026-08-18 23:48:26.110,pulse_batch,x,,,,,-4,,10672,776,711,0,77,,4070128259866,
2026-08-18 23:48:26.132,pulse_batch,x,,,,,-4,,10676,772,707,0,77,,4070149350592,
2026-08-18 23:48:26.134,continuous_stop,x,,,,,,-1,10676,772,707,0,77,,4070151989705,
2026-08-18 23:48:26.668,continuous_start,x,,,,,,-1,10676,772,707,0,77,,4070685405801,
2026-08-18 23:48:26.671,pulse_batch,x,,,,,-1,,10677,771,706,0,77,,4070688423042,
2026-08-18 23:48:26.673,continuous_stop,x,,,,,,-1,10677,771,706,0,77,,4070691070397,
2026-08-18 23:48:27.135,continuous_start,x,,,,,,-1,10677,771,706,0,77,,4071152536962,
2026-08-18 23:48:27.138,pulse_batch,x,,,,,-1,,10678,770,705,0,77,,4071155868905,
2026-08-18 23:48:27.141,continuous_stop,x,,,,,,-1,10678,770,705,0,77,,4071158462334,
2026-08-18 23:48:28.403,continuous_start,x,,,,,,-1,10678,770,705,0,77,,4072420739691,
2026-08-18 23:48:28.406,pulse_batch,x,,,,,-1,,10679,769,704,0,77,,4072423582433,
2026-08-18 23:48:28.427,pulse_batch,x,,,,,-4,,10683,765,700,0,77,,4072444339660,
2026-08-18 23:48:28.447,pulse_batch,x,,,,,-4,,10687,761,696,0,77,,4072464917241,
2026-08-18 23:48:28.469,pulse_batch,x,,,,,-4,,10691,757,692,0,77,,4072486371205,
2026-08-18 23:48:28.471,continuous_stop,x,,,,,,-1,10691,757,692,0,77,,4072489032429,
2026-08-18 23:48:33.539,continuous_start,y,,,,,,1,2552,356,-64,0,4,,4077556834137,
2026-08-18 23:48:33.542,pulse_batch,y,,,,,1,,2553,357,-64,1,4,,4077559639787,
2026-08-18 23:48:33.563,pulse_batch,y,,,,,4,,2557,361,-63,4,4,,4077581039604,
2026-08-18 23:48:33.584,pulse_batch,y,,,,,4,,2561,365,-59,4,4,,4077601582184,
2026-08-18 23:48:33.605,pulse_batch,y,,,,,4,,2565,369,-55,4,4,,4077622951853,
2026-08-18 23:48:33.608,continuous_stop,y,,,,,,1,2565,369,-55,4,4,,4077625537171,
2026-08-18 23:48:34.006,continuous_start,y,,,,,,1,2565,369,-55,4,4,,4078023556160,
2026-08-18 23:48:34.009,pulse_batch,y,,,,,1,,2566,370,-54,4,4,,4078026376310,
2026-08-18 23:48:34.029,pulse_batch,y,,,,,4,,2570,374,-50,4,4,,4078047030131,
2026-08-18 23:48:34.050,pulse_batch,y,,,,,4,,2574,378,-46,4,4,,4078067560453,
2026-08-18 23:48:34.071,pulse_batch,y,,,,,3,,2577,381,-43,4,4,,4078088407569,
2026-08-18 23:48:34.071,continuous_stop,y,,,,,,1,2577,381,-43,4,4,,4078088748104,
2026-08-18 23:48:38.208,backlash_initialize,x,,,,,,-1,10691,757,0,0,77,,4082226029141,logical_zero=0
2026-08-18 23:48:38.208,backlash_initialize,y,,,,,,1,2577,381,0,4,4,,4082226169974,logical_zero=0
2026-08-18 23:49:01.101,continuous_start,x,,,,,,-1,10691,757,0,0,77,,4105118563042,
2026-08-18 23:49:01.104,pulse_batch,x,,,,,-1,,10692,756,-1,0,77,,4105121407248,
2026-08-18 23:49:01.125,pulse_batch,x,,,,,-4,,10696,752,-5,0,77,,4105143185915,
2026-08-18 23:49:01.146,pulse_batch,x,,,,,-4,,10700,748,-9,0,77,,4105163828275,
2026-08-18 23:49:01.167,pulse_batch,x,,,,,-4,,10704,744,-13,0,77,,4105184824595,
2026-08-18 23:49:01.190,pulse_batch,x,,,,,-4,,10708,740,-17,0,77,,4105207917958,
2026-08-18 23:49:01.211,pulse_batch,x,,,,,-4,,10712,736,-21,0,77,,4105228583503,
2026-08-18 23:49:01.233,pulse_batch,x,,,,,-4,,10716,732,-25,0,77,,4105251002870,
2026-08-18 23:49:01.254,pulse_batch,x,,,,,-4,,10720,728,-29,0,77,,4105271885580,
2026-08-18 23:49:01.275,pulse_batch,x,,,,,-4,,10724,724,-33,0,77,,4105292479588,
2026-08-18 23:49:01.298,pulse_batch,x,,,,,-4,,10728,720,-37,0,77,,4105315806357,
2026-08-18 23:49:01.319,pulse_batch,x,,,,,-4,,10732,716,-41,0,77,,4105336803104,
2026-08-18 23:49:01.340,pulse_batch,x,,,,,-4,,10736,712,-45,0,77,,4105357417537,
2026-08-18 23:49:01.361,pulse_batch,x,,,,,-4,,10740,708,-49,0,77,,4105378503376,
2026-08-18 23:49:01.384,pulse_batch,x,,,,,-4,,10744,704,-53,0,77,,4105401839219,
2026-08-18 23:49:01.405,pulse_batch,x,,,,,-4,,10748,700,-57,0,77,,4105422508652,
2026-08-18 23:49:01.425,pulse_batch,x,,,,,-4,,10752,696,-61,0,77,,4105443168623,
2026-08-18 23:49:01.447,pulse_batch,x,,,,,-3,,10755,693,-64,0,77,,4105464239517,
2026-08-18 23:49:01.469,pulse_batch,x,,,,,-4,,10759,689,-68,0,77,,4105486280609,
2026-08-18 23:49:01.490,pulse_batch,x,,,,,-4,,10763,685,-72,0,77,,4105508091943,
2026-08-18 23:49:01.512,pulse_batch,x,,,,,-4,,10767,681,-76,0,77,,4105530061739,
2026-08-18 23:49:01.533,pulse_batch,x,,,,,-4,,10771,677,-80,0,77,,4105550764190,
2026-08-18 23:49:01.554,pulse_batch,x,,,,,-4,,10775,673,-84,0,77,,4105571329550,
2026-08-18 23:49:01.576,pulse_batch,x,,,,,-4,,10779,669,-88,0,77,,4105593245828,
2026-08-18 23:49:01.596,pulse_batch,x,,,,,-4,,10783,665,-92,0,77,,4105613930687,
2026-08-18 23:49:01.617,pulse_batch,x,,,,,-4,,10787,661,-96,0,77,,4105634562399,
2026-08-18 23:49:01.639,pulse_batch,x,,,,,-4,,10791,657,-100,0,77,,4105656648157,
2026-08-18 23:49:01.663,pulse_batch,x,,,,,-4,,10795,653,-104,0,77,,4105681116271,
2026-08-18 23:49:01.684,pulse_batch,x,,,,,-4,,10799,649,-108,0,77,,4105701673076,
2026-08-18 23:49:01.706,pulse_batch,x,,,,,-4,,10803,645,-112,0,77,,4105723759223,
2026-08-18 23:49:01.729,pulse_batch,x,,,,,-4,,10807,641,-116,0,77,,4105746322238,
2026-08-18 23:49:01.749,pulse_batch,x,,,,,-4,,10811,637,-120,0,77,,4105766926764,
2026-08-18 23:49:01.773,pulse_batch,x,,,,,-4,,10815,633,-124,0,77,,4105790736642,
2026-08-18 23:49:01.794,pulse_batch,x,,,,,-4,,10819,629,-128,0,77,,4105811371742,
2026-08-18 23:49:01.814,pulse_batch,x,,,,,-4,,10823,625,-132,0,77,,4105831941102,
2026-08-18 23:49:01.837,pulse_batch,x,,,,,-4,,10827,621,-136,0,77,,4105854477006,
2026-08-18 23:49:01.858,pulse_batch,x,,,,,-4,,10831,617,-140,0,77,,4105875578047,
2026-08-18 23:49:01.878,pulse_batch,x,,,,,-4,,10835,613,-144,0,77,,4105896155555,
2026-08-18 23:49:01.901,pulse_batch,x,,,,,-4,,10839,609,-148,0,77,,4105918848921,
2026-08-18 23:49:01.922,pulse_batch,x,,,,,-4,,10843,605,-152,0,77,,4105939715964,
2026-08-18 23:49:01.943,pulse_batch,x,,,,,-4,,10847,601,-156,0,77,,4105960407472,
2026-08-18 23:49:01.965,pulse_batch,x,,,,,-4,,10851,597,-160,0,77,,4105983178393,
2026-08-18 23:49:01.986,pulse_batch,x,,,,,-4,,10855,593,-164,0,77,,4106003918122,
2026-08-18 23:49:02.007,pulse_batch,x,,,,,-4,,10859,589,-168,0,77,,4106024572815,
2026-08-18 23:49:02.028,pulse_batch,x,,,,,-4,,10863,585,-172,0,77,,4106045682671,
2026-08-18 23:49:02.049,pulse_batch,x,,,,,-3,,10866,582,-175,0,77,,4106066826694,
2026-08-18 23:49:02.070,pulse_batch,x,,,,,-4,,10870,578,-179,0,77,,4106087432128,
2026-08-18 23:49:02.090,pulse_batch,x,,,,,-4,,10874,574,-183,0,77,,4106108056284,
2026-08-18 23:49:02.112,pulse_batch,x,,,,,-4,,10878,570,-187,0,77,,4106129365973,
2026-08-18 23:49:02.133,pulse_batch,x,,,,,-4,,10882,566,-191,0,77,,4106150326182,
2026-08-18 23:49:02.153,pulse_batch,x,,,,,-4,,10886,562,-195,0,77,,4106170964579,
2026-08-18 23:49:02.174,pulse_batch,x,,,,,-4,,10890,558,-199,0,77,,4106191846955,
2026-08-18 23:49:02.195,pulse_batch,x,,,,,-4,,10894,554,-203,0,77,,4106212631277,
2026-08-18 23:49:02.216,pulse_batch,x,,,,,-4,,10898,550,-207,0,77,,4106233264563,
2026-08-18 23:49:02.238,pulse_batch,x,,,,,-4,,10902,546,-211,0,77,,4106256068835,
2026-08-18 23:49:02.261,pulse_batch,x,,,,,-4,,10906,542,-215,0,77,,4106278546332,
2026-08-18 23:49:02.281,pulse_batch,x,,,,,-4,,10910,538,-219,0,77,,4106299221136,
2026-08-18 23:49:02.302,pulse_batch,x,,,,,-3,,10913,535,-222,0,77,,4106319623441,
2026-08-18 23:49:02.323,pulse_batch,x,,,,,-4,,10917,531,-226,0,77,,4106341104907,
2026-08-18 23:49:02.344,pulse_batch,x,,,,,-4,,10921,527,-230,0,77,,4106361711248,
2026-08-18 23:49:02.366,pulse_batch,x,,,,,-4,,10925,523,-234,0,77,,4106384171615,
2026-08-18 23:49:02.389,pulse_batch,x,,,,,-4,,10929,519,-238,0,77,,4106406509539,
2026-08-18 23:49:02.409,pulse_batch,x,,,,,-4,,10933,515,-242,0,77,,4106427202453,
2026-08-18 23:49:02.432,pulse_batch,x,,,,,-4,,10937,511,-246,0,77,,4106449722061,
2026-08-18 23:49:02.453,pulse_batch,x,,,,,-4,,10941,507,-250,0,77,,4106470431013,
2026-08-18 23:49:02.473,pulse_batch,x,,,,,-4,,10945,503,-254,0,77,,4106491047613,
2026-08-18 23:49:02.494,pulse_batch,x,,,,,-4,,10949,499,-258,0,77,,4106512105507,
2026-08-18 23:49:02.515,pulse_batch,x,,,,,-4,,10953,495,-262,0,77,,4106532937699,
2026-08-18 23:49:02.536,pulse_batch,x,,,,,-4,,10957,491,-266,0,77,,4106553670058,
2026-08-18 23:49:02.557,pulse_batch,x,,,,,-4,,10961,487,-270,0,77,,4106574670748,
2026-08-18 23:49:02.581,pulse_batch,x,,,,,-4,,10965,483,-274,0,77,,4106598782772,
2026-08-18 23:49:02.602,pulse_batch,x,,,,,-4,,10969,479,-278,0,77,,4106619515131,
2026-08-18 23:49:02.622,pulse_batch,x,,,,,-4,,10973,475,-282,0,77,,4106640227472,
2026-08-18 23:49:02.643,pulse_batch,x,,,,,-4,,10977,471,-286,0,77,,4106661131774,
2026-08-18 23:49:02.664,pulse_batch,x,,,,,-4,,10981,467,-290,0,77,,4106681795967,
2026-08-18 23:49:02.684,pulse_batch,x,,,,,-4,,10985,463,-294,0,77,,4106702271161,
2026-08-18 23:49:02.706,pulse_batch,x,,,,,-4,,10989,459,-298,0,77,,4106724064310,
2026-08-18 23:49:02.728,pulse_batch,x,,,,,-4,,10993,455,-302,0,77,,4106745636775,
2026-08-18 23:49:02.748,pulse_batch,x,,,,,-4,,10997,451,-306,0,77,,4106766220912,
2026-08-18 23:49:02.771,pulse_batch,x,,,,,-4,,11001,447,-310,0,77,,4106789090481,
2026-08-18 23:49:02.792,pulse_batch,x,,,,,-4,,11005,443,-314,0,77,,4106809808562,
2026-08-18 23:49:02.813,pulse_batch,x,,,,,-4,,11009,439,-318,0,77,,4106830354904,
2026-08-18 23:49:02.834,pulse_batch,x,,,,,-4,,11013,435,-322,0,77,,4106851185818,
2026-08-18 23:49:02.854,pulse_batch,x,,,,,-4,,11017,431,-326,0,77,,4106871951436,
2026-08-18 23:49:02.875,pulse_batch,x,,,,,-4,,11021,427,-330,0,77,,4106892541740,
2026-08-18 23:49:02.898,pulse_batch,x,,,,,-4,,11025,423,-334,0,77,,4106915269605,
2026-08-18 23:49:02.918,pulse_batch,x,,,,,-4,,11029,419,-338,0,77,,4106936026705,
2026-08-18 23:49:02.939,pulse_batch,x,,,,,-4,,11033,415,-342,0,77,,4106956695101,
2026-08-18 23:49:02.960,pulse_batch,x,,,,,-4,,11037,411,-346,0,77,,4106977270702,
2026-08-18 23:49:02.983,pulse_batch,x,,,,,-4,,11041,407,-350,0,77,,4107000559638,
2026-08-18 23:49:03.003,pulse_batch,x,,,,,-4,,11045,403,-354,0,77,,4107021170128,
2026-08-18 23:49:03.024,pulse_batch,x,,,,,-4,,11049,399,-358,0,77,,4107041729673,
2026-08-18 23:49:03.033,pulse_batch,x,,,,,-1,,11050,398,-359,0,77,,4107050823786,
2026-08-18 23:49:03.033,continuous_stop,x,,,,,,-1,11050,398,-359,0,77,,4107051208246,
2026-08-18 23:49:04.901,continuous_start,x,,,,,,-1,11050,398,-359,0,77,,4108918967010,
2026-08-18 23:49:04.904,pulse_batch,x,,,,,-1,,11051,397,-360,0,77,,4108921785086,
2026-08-18 23:49:04.925,pulse_batch,x,,,,,-4,,11055,393,-364,0,77,,4108942472500,
2026-08-18 23:49:04.945,pulse_batch,x,,,,,-4,,11059,389,-368,0,77,,4108963050231,
2026-08-18 23:49:04.966,pulse_batch,x,,,,,-4,,11063,385,-372,0,77,,4108983786145,
2026-08-18 23:49:04.987,pulse_batch,x,,,,,-4,,11067,381,-376,0,77,,4109005127556,
2026-08-18 23:49:05.008,pulse_batch,x,,,,,-4,,11071,377,-380,0,77,,4109025738898,
2026-08-18 23:49:05.029,pulse_batch,x,,,,,-4,,11075,373,-384,0,77,,4109046753162,
2026-08-18 23:49:05.049,pulse_batch,x,,,,,-3,,11078,370,-387,0,77,,4109066795285,
2026-08-18 23:49:05.070,pulse_batch,x,,,,,-4,,11082,366,-391,0,77,,4109087465255,
2026-08-18 23:49:05.090,pulse_batch,x,,,,,-4,,11086,362,-395,0,77,,4109108032245,
2026-08-18 23:49:05.113,pulse_batch,x,,,,,-4,,11090,358,-399,0,77,,4109130762666,
2026-08-18 23:49:05.134,pulse_batch,x,,,,,-4,,11094,354,-403,0,77,,4109151366526,
2026-08-18 23:49:05.154,pulse_batch,x,,,,,-4,,11098,350,-407,0,77,,4109171890535,
2026-08-18 23:49:05.176,pulse_batch,x,,,,,-4,,11102,346,-411,0,77,,4109194236403,
2026-08-18 23:49:05.198,pulse_batch,x,,,,,-4,,11106,342,-415,0,77,,4109215600110,
2026-08-18 23:49:05.218,pulse_batch,x,,,,,-4,,11110,338,-419,0,77,,4109236124952,
2026-08-18 23:49:05.237,pulse_batch,x,,,,,-3,,11113,335,-422,0,77,,4109254780157,
2026-08-18 23:49:05.237,continuous_stop,x,,,,,,-1,11113,335,-422,0,77,,4109255066562,
2026-08-18 23:49:20.783,continuous_start,x,,,,,,1,11113,335,-422,0,77,,4124800695229,
2026-08-18 23:49:20.786,pulse_batch,x,,,,,1,,11114,336,-422,1,77,,4124803584156,
2026-08-18 23:49:20.807,pulse_batch,x,,,,,4,,11118,340,-422,5,77,,4124824620162,
2026-08-18 23:49:20.827,pulse_batch,x,,,,,4,,11122,344,-422,9,77,,4124845151283,
2026-08-18 23:49:20.851,pulse_batch,x,,,,,4,,11126,348,-422,13,77,,4124868724774,
2026-08-18 23:49:20.872,pulse_batch,x,,,,,4,,11130,352,-422,17,77,,4124889429560,
2026-08-18 23:49:20.892,pulse_batch,x,,,,,4,,11134,356,-422,21,77,,4124910073439,
2026-08-18 23:49:20.914,pulse_batch,x,,,,,4,,11138,360,-422,25,77,,4124931825237,
2026-08-18 23:49:20.935,pulse_batch,x,,,,,4,,11142,364,-422,29,77,,4124952532375,
2026-08-18 23:49:20.955,pulse_batch,x,,,,,4,,11146,368,-422,33,77,,4124973122272,
2026-08-18 23:49:20.977,pulse_batch,x,,,,,4,,11150,372,-422,37,77,,4124994779071,
2026-08-18 23:49:21.000,pulse_batch,x,,,,,4,,11154,376,-422,41,77,,4125018140156,
2026-08-18 23:49:21.021,pulse_batch,x,,,,,4,,11158,380,-422,45,77,,4125038862164,
2026-08-18 23:49:21.042,pulse_batch,x,,,,,4,,11162,384,-422,49,77,,4125060184687,
2026-08-18 23:49:21.066,pulse_batch,x,,,,,4,,11166,388,-422,53,77,,4125084108436,
2026-08-18 23:49:21.087,pulse_batch,x,,,,,4,,11170,392,-422,57,77,,4125104775093,
2026-08-18 23:49:21.111,pulse_batch,x,,,,,4,,11174,396,-422,61,77,,4125128453639,
2026-08-18 23:49:21.133,pulse_batch,x,,,,,4,,11178,400,-422,65,77,,4125150655620,
2026-08-18 23:49:21.153,pulse_batch,x,,,,,4,,11182,404,-422,69,77,,4125171230555,
2026-08-18 23:49:21.174,pulse_batch,x,,,,,4,,11186,408,-422,73,77,,4125191795915,
2026-08-18 23:49:21.195,pulse_batch,x,,,,,4,,11190,412,-422,77,77,,4125212646126,
2026-08-18 23:49:21.216,pulse_batch,x,,,,,4,,11194,416,-418,77,77,,4125233343412,
2026-08-18 23:49:21.236,pulse_batch,x,,,,,4,,11198,420,-414,77,77,,4125253861199,
2026-08-18 23:49:21.258,pulse_batch,x,,,,,4,,11202,424,-410,77,77,,4125275649831,
2026-08-18 23:49:21.279,pulse_batch,x,,,,,4,,11206,428,-406,77,77,,4125296477709,
2026-08-18 23:49:21.299,pulse_batch,x,,,,,4,,11210,432,-402,77,77,,4125316999311,
2026-08-18 23:49:21.320,pulse_batch,x,,,,,4,,11214,436,-398,77,77,,4125337820300,
2026-08-18 23:49:21.341,pulse_batch,x,,,,,4,,11218,440,-394,77,77,,4125358528900,
2026-08-18 23:49:21.361,pulse_batch,x,,,,,4,,11222,444,-390,77,77,,4125379092187,
2026-08-18 23:49:21.384,pulse_batch,x,,,,,4,,11226,448,-386,77,77,,4125401499852,
2026-08-18 23:49:21.404,pulse_batch,x,,,,,4,,11230,452,-382,77,77,,4125422197897,
2026-08-18 23:49:21.425,pulse_batch,x,,,,,4,,11234,456,-378,77,77,,4125442833572,
2026-08-18 23:49:21.448,pulse_batch,x,,,,,4,,11238,460,-374,77,77,,4125463445137,
2026-08-18 23:49:21.466,pulse_batch,x,,,,,4,,11242,464,-370,77,77,,4125484199330,
2026-08-18 23:49:21.487,pulse_batch,x,,,,,4,,11246,468,-366,77,77,,4125504799709,
2026-08-18 23:49:21.508,pulse_batch,x,,,,,4,,11250,472,-362,77,77,,4125525372977,
2026-08-18 23:49:21.530,pulse_batch,x,,,,,4,,11254,476,-358,77,77,,4125548071307,
2026-08-18 23:49:21.551,pulse_batch,x,,,,,4,,11258,480,-354,77,77,,4125568665779,
2026-08-18 23:49:21.571,pulse_batch,x,,,,,4,,11262,484,-350,77,77,,4125589197658,
2026-08-18 23:49:21.592,pulse_batch,x,,,,,4,,11266,488,-346,77,77,,4125609916537,
2026-08-18 23:49:21.613,pulse_batch,x,,,,,4,,11270,492,-342,77,77,,4125630810322,
2026-08-18 23:49:21.634,pulse_batch,x,,,,,4,,11274,496,-338,77,77,,4125651326423,
2026-08-18 23:49:21.658,pulse_batch,x,,,,,4,,11278,500,-334,77,77,,4125676062760,
2026-08-18 23:49:21.679,pulse_batch,x,,,,,4,,11282,504,-330,77,77,,4125696760657,
2026-08-18 23:49:21.699,pulse_batch,x,,,,,4,,11286,508,-326,77,77,,4125717273333,
2026-08-18 23:49:21.721,pulse_batch,x,,,,,4,,11290,512,-322,77,77,,4125738409079,
2026-08-18 23:49:21.741,pulse_batch,x,,,,,4,,11294,516,-318,77,77,,4125759111050,
2026-08-18 23:49:21.762,pulse_batch,x,,,,,4,,11298,520,-314,77,77,,4125779644819,
2026-08-18 23:49:21.784,pulse_batch,x,,,,,4,,11302,524,-310,77,77,,4125801826911,
2026-08-18 23:49:21.805,pulse_batch,x,,,,,4,,11306,528,-306,77,77,,4125822535382,
2026-08-18 23:49:21.825,pulse_batch,x,,,,,4,,11310,532,-302,77,77,,4125843125465,
2026-08-18 23:49:21.846,pulse_batch,x,,,,,4,,11314,536,-298,77,77,,4125863721733,
2026-08-18 23:49:21.866,pulse_batch,x,,,,,3,,11317,539,-295,77,77,,4125884140724,
2026-08-18 23:49:21.887,pulse_batch,x,,,,,4,,11321,543,-291,77,77,,4125904721641,
2026-08-18 23:49:21.908,pulse_batch,x,,,,,4,,11325,547,-287,77,77,,4125925298816,
2026-08-18 23:49:21.928,pulse_batch,x,,,,,4,,11329,551,-283,77,77,,4125946195564,
2026-08-18 23:49:21.949,pulse_batch,x,,,,,4,,11333,555,-279,77,77,,4125966854276,
2026-08-18 23:49:21.970,pulse_batch,x,,,,,4,,11337,559,-275,77,77,,4125987361452,
2026-08-18 23:49:21.984,pulse_batch,x,,,,,2,,11339,561,-273,77,77,,4126001590517,
2026-08-18 23:49:21.984,continuous_stop,x,,,,,,1,11339,561,-273,77,77,,4126001932015,
2026-08-18 23:49:22.585,continuous_start,x,,,,,,1,11339,561,-273,77,77,,4126602762992,
2026-08-18 23:49:22.588,pulse_batch,x,,,,,1,,11340,562,-272,77,77,,4126605594864,
2026-08-18 23:49:22.609,pulse_batch,x,,,,,4,,11344,566,-268,77,77,,4126626267835,
2026-08-18 23:49:22.629,pulse_batch,x,,,,,4,,11348,570,-264,77,77,,4126646836400,
2026-08-18 23:49:22.651,pulse_batch,x,,,,,4,,11352,574,-260,77,77,,4126669158658,
2026-08-18 23:49:22.672,pulse_batch,x,,,,,4,,11356,578,-256,77,77,,4126689798185,
2026-08-18 23:49:22.693,pulse_batch,x,,,,,4,,11360,582,-252,77,77,,4126710361861,
2026-08-18 23:49:22.713,pulse_batch,x,,,,,4,,11364,586,-248,77,77,,4126731018369,
2026-08-18 23:49:22.734,pulse_batch,x,,,,,4,,11368,590,-244,77,77,,4126751826099,
2026-08-18 23:49:22.755,pulse_batch,x,,,,,4,,11372,594,-240,77,77,,4126772448663,
2026-08-18 23:49:22.775,pulse_batch,x,,,,,4,,11376,598,-236,77,77,,4126793001654,
2026-08-18 23:49:22.796,pulse_batch,x,,,,,4,,11380,602,-232,77,77,,4126813836495,
2026-08-18 23:49:22.817,pulse_batch,x,,,,,4,,11384,606,-228,77,77,,4126834416633,
2026-08-18 23:49:22.837,pulse_batch,x,,,,,4,,11388,610,-224,77,77,,4126854955513,
2026-08-18 23:49:22.859,pulse_batch,x,,,,,4,,11392,614,-220,77,77,,4126877260326,
2026-08-18 23:49:22.880,pulse_batch,x,,,,,4,,11396,618,-216,77,77,,4126897970687,
2026-08-18 23:49:22.901,pulse_batch,x,,,,,4,,11400,622,-212,77,77,,4126918493177,
2026-08-18 23:49:22.922,pulse_batch,x,,,,,4,,11404,626,-208,77,77,,4126939494202,
2026-08-18 23:49:22.943,pulse_batch,x,,,,,4,,11408,630,-204,77,77,,4126960339950,
2026-08-18 23:49:22.963,pulse_batch,x,,,,,4,,11412,634,-200,77,77,,4126980884886,
2026-08-18 23:49:22.986,pulse_batch,x,,,,,4,,11416,638,-196,77,77,,4127003695900,
2026-08-18 23:49:23.007,pulse_batch,x,,,,,4,,11420,642,-192,77,77,,4127024362334,
2026-08-18 23:49:23.027,pulse_batch,x,,,,,4,,11424,646,-188,77,77,,4127044912936,
2026-08-18 23:49:23.049,pulse_batch,x,,,,,4,,11428,650,-184,77,77,,4127067054288,
2026-08-18 23:49:23.072,pulse_batch,x,,,,,4,,11432,654,-180,77,77,,4127089347416,
2026-08-18 23:49:23.092,pulse_batch,x,,,,,4,,11436,658,-176,77,77,,4127109997740,
2026-08-18 23:49:23.113,pulse_batch,x,,,,,4,,11440,662,-172,77,77,,4127130722266,
2026-08-18 23:49:23.133,pulse_batch,x,,,,,3,,11443,665,-169,77,77,,4127150790223,
2026-08-18 23:49:23.154,pulse_batch,x,,,,,4,,11447,669,-165,77,77,,4127171498805,
2026-08-18 23:49:23.174,pulse_batch,x,,,,,4,,11451,673,-161,77,77,,4127192039092,
2026-08-18 23:49:23.196,pulse_batch,x,,,,,4,,11455,677,-157,77,77,,4127213696336,
2026-08-18 23:49:23.217,pulse_batch,x,,,,,4,,11459,681,-153,77,77,,4127234365326,
2026-08-18 23:49:23.237,pulse_batch,x,,,,,4,,11463,685,-149,77,77,,4127254920909,
2026-08-18 23:49:23.260,pulse_batch,x,,,,,4,,11467,689,-145,77,77,,4127277475073,
2026-08-18 23:49:23.281,pulse_batch,x,,,,,4,,11471,693,-141,77,77,,4127298278414,
2026-08-18 23:49:23.301,pulse_batch,x,,,,,4,,11475,697,-137,77,77,,4127318799553,
2026-08-18 23:49:23.319,pulse_batch,x,,,,,3,,11478,700,-134,77,77,,4127337000465,
2026-08-18 23:49:23.320,continuous_stop,x,,,,,,1,11478,700,-134,77,77,,4127337361259,
2026-08-18 23:49:23.723,continuous_start,x,,,,,,1,11478,700,-134,77,77,,4127740915319,
2026-08-18 23:49:23.726,pulse_batch,x,,,,,1,,11479,701,-133,77,77,,4127743805432,
2026-08-18 23:49:23.749,pulse_batch,x,,,,,4,,11483,705,-129,77,77,,4127766373726,
2026-08-18 23:49:23.769,pulse_batch,x,,,,,4,,11487,709,-125,77,77,,4127787002845,
2026-08-18 23:49:23.791,pulse_batch,x,,,,,4,,11491,713,-121,77,77,,4127808891180,
2026-08-18 23:49:23.814,pulse_batch,x,,,,,4,,11495,717,-117,77,77,,4127831938397,
2026-08-18 23:49:23.835,pulse_batch,x,,,,,4,,11499,721,-113,77,77,,4127852610535,
2026-08-18 23:49:23.856,pulse_batch,x,,,,,4,,11503,725,-109,77,77,,4127873381654,
2026-08-18 23:49:23.878,pulse_batch,x,,,,,4,,11507,729,-105,77,77,,4127895907559,
2026-08-18 23:49:23.899,pulse_batch,x,,,,,4,,11511,733,-101,77,77,,4127916455772,
2026-08-18 23:49:23.920,pulse_batch,x,,,,,4,,11515,737,-97,77,77,,4127937508204,
2026-08-18 23:49:23.940,pulse_batch,x,,,,,4,,11519,741,-93,77,77,,4127958234342,
2026-08-18 23:49:23.961,pulse_batch,x,,,,,4,,11523,745,-89,77,77,,4127978833925,
2026-08-18 23:49:23.983,pulse_batch,x,,,,,4,,11527,749,-85,77,77,,4128000667315,
2026-08-18 23:49:23.986,continuous_stop,x,,,,,,1,11527,749,-85,77,77,,4128003391744,
2026-08-18 23:49:24.321,continuous_start,x,,,,,,1,11527,749,-85,77,77,,4128338367874,
2026-08-18 23:49:24.324,pulse_batch,x,,,,,1,,11528,750,-84,77,77,,4128341313356,
2026-08-18 23:49:24.344,pulse_batch,x,,,,,4,,11532,754,-80,77,77,,4128362044605,
2026-08-18 23:49:24.365,pulse_batch,x,,,,,4,,11536,758,-76,77,77,,4128382631836,
2026-08-18 23:49:24.387,pulse_batch,x,,,,,4,,11540,762,-72,77,77,,4128404443857,
2026-08-18 23:49:24.407,pulse_batch,x,,,,,4,,11544,766,-68,77,77,,4128425158661,
2026-08-18 23:49:24.428,pulse_batch,x,,,,,4,,11548,770,-64,77,77,,4128445735263,
2026-08-18 23:49:24.450,pulse_batch,x,,,,,4,,11552,774,-60,77,77,,4128468218539,
2026-08-18 23:49:24.473,pulse_batch,x,,,,,4,,11556,778,-56,77,77,,4128490495501,
2026-08-18 23:49:24.493,pulse_batch,x,,,,,4,,11560,782,-52,77,77,,4128511165139,
2026-08-18 23:49:24.515,pulse_batch,x,,,,,4,,11564,786,-48,77,77,,4128532733253,
2026-08-18 23:49:24.523,pulse_batch,x,,,,,1,,11565,787,-47,77,77,,4128540568818,
2026-08-18 23:49:24.523,continuous_stop,x,,,,,,1,11565,787,-47,77,77,,4128540854835,
2026-08-18 23:49:24.922,continuous_start,x,,,,,,1,11565,787,-47,77,77,,4128939833942,
2026-08-18 23:49:24.925,pulse_batch,x,,,,,1,,11566,788,-46,77,77,,4128942693148,
2026-08-18 23:49:24.946,pulse_batch,x,,,,,4,,11570,792,-42,77,77,,4128963337527,
2026-08-18 23:49:24.966,pulse_batch,x,,,,,4,,11574,796,-38,77,77,,4128983863314,
2026-08-18 23:49:24.987,pulse_batch,x,,,,,4,,11578,800,-34,77,77,,4129004918487,
2026-08-18 23:49:25.008,pulse_batch,x,,,,,4,,11582,804,-30,77,77,,4129025610180,
2026-08-18 23:49:25.028,pulse_batch,x,,,,,4,,11586,808,-26,77,77,,4129046170930,
2026-08-18 23:49:25.051,pulse_batch,x,,,,,4,,11590,812,-22,77,77,,4129068372133,
2026-08-18 23:49:25.053,continuous_stop,x,,,,,,1,11590,812,-22,77,77,,4129071257357,
2026-08-18 23:49:25.456,continuous_start,x,,,,,,1,11590,812,-22,77,77,,4129474144016,
2026-08-18 23:49:25.459,pulse_batch,x,,,,,1,,11591,813,-21,77,77,,4129477033425,
2026-08-18 23:49:25.481,pulse_batch,x,,,,,4,,11595,817,-17,77,77,,4129498254708,
2026-08-18 23:49:25.501,pulse_batch,x,,,,,4,,11599,821,-13,77,77,,4129518786607,
2026-08-18 23:49:25.524,pulse_batch,x,,,,,4,,11603,825,-9,77,77,,4129541418326,
2026-08-18 23:49:25.544,pulse_batch,x,,,,,4,,11607,829,-5,77,77,,4129562105982,
2026-08-18 23:49:25.565,pulse_batch,x,,,,,4,,11611,833,-1,77,77,,4129582679251,
2026-08-18 23:49:25.588,pulse_batch,x,,,,,4,,11615,837,3,77,77,,4129605431525,
2026-08-18 23:49:25.590,continuous_stop,x,,,,,,1,11615,837,3,77,77,,4129608068787,
2026-08-18 23:49:25.989,continuous_start,x,,,,,,1,11615,837,3,77,77,,4130006234974,
2026-08-18 23:49:25.991,pulse_batch,x,,,,,1,,11616,838,4,77,77,,4130009120753,
2026-08-18 23:49:26.012,pulse_batch,x,,,,,4,,11620,842,8,77,77,,4130029817910,
2026-08-18 23:49:26.033,pulse_batch,x,,,,,4,,11624,846,12,77,77,,4130050351308,
2026-08-18 23:49:26.054,pulse_batch,x,,,,,4,,11628,850,16,77,77,,4130071943774,
2026-08-18 23:49:26.057,continuous_stop,x,,,,,,1,11628,850,16,77,77,,4130074555000,
2026-08-18 23:49:26.456,continuous_start,x,,,,,,1,11628,850,16,77,77,,4130473515127,
2026-08-18 23:49:26.459,pulse_batch,x,,,,,1,,11629,851,17,77,77,,4130476359092,
2026-08-18 23:49:26.479,pulse_batch,x,,,,,4,,11633,855,21,77,77,,4130497095415,
2026-08-18 23:49:26.500,pulse_batch,x,,,,,4,,11637,859,25,77,77,,4130517671831,
2026-08-18 23:49:26.522,pulse_batch,x,,,,,4,,11641,863,29,77,77,,4130539964553,
2026-08-18 23:49:26.543,pulse_batch,x,,,,,4,,11645,867,33,77,77,,4130560555932,
2026-08-18 23:49:26.563,pulse_batch,x,,,,,4,,11649,871,37,77,77,,4130581175922,
2026-08-18 23:49:26.585,pulse_batch,x,,,,,4,,11653,875,41,77,77,,4130603190090,
2026-08-18 23:49:26.588,continuous_stop,x,,,,,,1,11653,875,41,77,77,,4130605949296,
2026-08-18 23:49:26.989,continuous_start,x,,,,,,1,11653,875,41,77,77,,4131006887504,
2026-08-18 23:49:26.992,pulse_batch,x,,,,,1,,11654,876,42,77,77,,4131009757876,
2026-08-18 23:49:27.013,pulse_batch,x,,,,,4,,11658,880,46,77,77,,4131030510699,
2026-08-18 23:49:27.033,pulse_batch,x,,,,,4,,11662,884,50,77,77,,4131051032153,
2026-08-18 23:49:27.055,pulse_batch,x,,,,,4,,11666,888,54,77,77,,4131072906507,
2026-08-18 23:49:27.058,continuous_stop,x,,,,,,1,11666,888,54,77,77,,4131075513769,
2026-08-18 23:49:27.523,continuous_start,x,,,,,,1,11666,888,54,77,77,,4131540780842,
2026-08-18 23:49:27.526,pulse_batch,x,,,,,1,,11667,889,55,77,77,,4131543566622,
2026-08-18 23:49:27.546,pulse_batch,x,,,,,4,,11671,893,59,77,77,,4131564230353,
2026-08-18 23:49:27.567,pulse_batch,x,,,,,4,,11675,897,63,77,77,,4131584786807,
2026-08-18 23:49:27.589,pulse_batch,x,,,,,4,,11679,901,67,77,77,,4131606827067,
2026-08-18 23:49:27.592,continuous_stop,x,,,,,,1,11679,901,67,77,77,,4131609399867,
2026-08-18 23:49:28.057,continuous_start,x,,,,,,1,11679,901,67,77,77,,4132074778532,
2026-08-18 23:49:28.060,pulse_batch,x,,,,,1,,11680,902,68,77,77,,4132077647275,
2026-08-18 23:49:28.081,pulse_batch,x,,,,,4,,11684,906,72,77,77,,4132098341394,
2026-08-18 23:49:28.101,pulse_batch,x,,,,,4,,11688,910,76,77,77,,4132118910218,
2026-08-18 23:49:28.123,pulse_batch,x,,,,,4,,11692,914,80,77,77,,4132140704480,
2026-08-18 23:49:28.126,continuous_stop,x,,,,,,1,11692,914,80,77,77,,4132143331502,
2026-08-18 23:49:28.662,continuous_start,x,,,,,,1,11692,914,80,77,77,,4132679981529,
2026-08-18 23:49:28.665,pulse_batch,x,,,,,1,,11693,915,81,77,77,,4132682844419,
2026-08-18 23:49:28.686,pulse_batch,x,,,,,4,,11697,919,85,77,77,,4132703585779,
2026-08-18 23:49:28.706,pulse_batch,x,,,,,4,,11701,923,89,77,77,,4132724149863,
2026-08-18 23:49:28.726,pulse_batch,x,,,,,3,,11704,926,92,77,77,,4132743833581,
2026-08-18 23:49:28.726,continuous_stop,x,,,,,,1,11704,926,92,77,77,,4132744095876,
2026-08-18 23:49:29.862,continuous_start,x,,,,,,1,11704,926,92,77,77,,4133879612976,
2026-08-18 23:49:29.865,pulse_batch,x,,,,,1,,11705,927,93,77,77,,4133882468755,
2026-08-18 23:49:29.867,continuous_stop,x,,,,,,1,11705,927,93,77,77,,4133885054259,
2026-08-18 23:49:30.929,continuous_start,x,,,,,,1,11705,927,93,77,77,,4134947122865,
2026-08-18 23:49:30.933,pulse_batch,x,,,,,1,,11706,928,94,77,77,,4134950666381,
2026-08-18 23:49:30.935,continuous_stop,x,,,,,,1,11706,928,94,77,77,,4134953254977,
2026-08-18 23:49:31.796,continuous_start,x,,,,,,1,11706,928,94,77,77,,4135813688449,
2026-08-18 23:49:31.799,pulse_batch,x,,,,,1,,11707,929,95,77,77,,4135817121447,
2026-08-18 23:49:31.802,continuous_stop,x,,,,,,1,11707,929,95,77,77,,4135819711266,
2026-08-18 23:49:32.530,continuous_start,x,,,,,,1,11707,929,95,77,77,,4136548219214,
2026-08-18 23:49:32.533,pulse_batch,x,,,,,1,,11708,930,96,77,77,,4136551153659,
2026-08-18 23:49:32.536,continuous_stop,x,,,,,,1,11708,930,96,77,77,,4136553747237,
2026-08-18 23:49:33.198,continuous_start,x,,,,,,1,11708,930,96,77,77,,4137215837925,
2026-08-18 23:49:33.201,pulse_batch,x,,,,,1,,11709,931,97,77,77,,4137218767297,
2026-08-18 23:49:33.222,pulse_batch,x,,,,,4,,11713,935,101,77,77,,4137239563768,
2026-08-18 23:49:33.242,pulse_batch,x,,,,,4,,11717,939,105,77,77,,4137260164981,
2026-08-18 23:49:33.263,pulse_batch,x,,,,,4,,11721,943,109,77,77,,4137281112804,
2026-08-18 23:49:33.266,continuous_stop,x,,,,,,1,11721,943,109,77,77,,4137283706066,
2026-08-18 23:49:40.536,continuous_start,x,,,,,,-1,11721,943,109,77,77,,4144553347897,
2026-08-18 23:49:40.538,pulse_batch,x,,,,,-1,,11722,942,109,76,77,,4144556056159,
2026-08-18 23:49:40.559,pulse_batch,x,,,,,-4,,11726,938,109,72,77,,4144576697947,
2026-08-18 23:49:40.579,pulse_batch,x,,,,,-4,,11730,934,109,68,77,,4144597231346,
2026-08-18 23:49:40.602,pulse_batch,x,,,,,-4,,11734,930,109,64,77,,4144619680326,
2026-08-18 23:49:40.623,pulse_batch,x,,,,,-4,,11738,926,109,60,77,,4144640467316,
2026-08-18 23:49:40.643,pulse_batch,x,,,,,-4,,11742,922,109,56,77,,4144661095918,
2026-08-18 23:49:40.669,pulse_batch,x,,,,,-4,,11746,918,109,52,77,,4144686410511,
2026-08-18 23:49:40.689,pulse_batch,x,,,,,-4,,11750,914,109,48,77,,4144707036484,
2026-08-18 23:49:40.710,pulse_batch,x,,,,,-4,,11754,910,109,44,77,,4144727619920,
2026-08-18 23:49:40.731,pulse_batch,x,,,,,-4,,11758,906,109,40,77,,4144748278947,
2026-08-18 23:49:40.751,pulse_batch,x,,,,,-4,,11762,902,109,36,77,,4144769062604,
2026-08-18 23:49:40.772,pulse_batch,x,,,,,-4,,11766,898,109,32,77,,4144789643725,
2026-08-18 23:49:40.794,pulse_batch,x,,,,,-4,,11770,894,109,28,77,,4144812166742,
2026-08-18 23:49:40.816,pulse_batch,x,,,,,-4,,11774,890,109,24,77,,4144833281323,
2026-08-18 23:49:40.836,pulse_batch,x,,,,,-4,,11778,886,109,20,77,,4144853963110,
2026-08-18 23:49:40.857,pulse_batch,x,,,,,-4,,11782,882,109,16,77,,4144874498750,
2026-08-18 23:49:40.882,pulse_batch,x,,,,,-4,,11786,878,109,12,77,,4144899485623,
2026-08-18 23:49:40.902,pulse_batch,x,,,,,-4,,11790,874,109,8,77,,4144920075614,
2026-08-18 23:49:40.923,pulse_batch,x,,,,,-4,,11794,870,109,4,77,,4144940595013,
2026-08-18 23:49:40.944,pulse_batch,x,,,,,-4,,11798,866,109,0,77,,4144961572909,
2026-08-18 23:49:40.965,pulse_batch,x,,,,,-4,,11802,862,105,0,77,,4144982376751,
2026-08-18 23:49:40.985,pulse_batch,x,,,,,-4,,11806,858,101,0,77,,4145002919557,
2026-08-18 23:49:41.009,pulse_batch,x,,,,,-4,,11810,854,97,0,77,,4145026556623,
2026-08-18 23:49:41.030,pulse_batch,x,,,,,-4,,11814,850,93,0,77,,4145047267225,
2026-08-18 23:49:41.050,pulse_batch,x,,,,,-4,,11818,846,89,0,77,,4145067875086,
2026-08-18 23:49:41.075,pulse_batch,x,,,,,-4,,11822,842,85,0,77,,4145092445203,
2026-08-18 23:49:41.095,pulse_batch,x,,,,,-4,,11826,838,81,0,77,,4145113193119,
2026-08-18 23:49:41.116,pulse_batch,x,,,,,-4,,11830,834,77,0,77,,4145133744648,
2026-08-18 23:49:41.139,pulse_batch,x,,,,,-4,,11834,830,73,0,77,,4145157056790,
2026-08-18 23:49:41.160,pulse_batch,x,,,,,-4,,11838,826,69,0,77,,4145177800502,
2026-08-18 23:49:41.181,pulse_batch,x,,,,,-4,,11842,822,65,0,77,,4145198348920,
2026-08-18 23:49:41.203,pulse_batch,x,,,,,-4,,11846,818,61,0,77,,4145220232033,
2026-08-18 23:49:41.223,pulse_batch,x,,,,,-4,,11850,814,57,0,77,,4145240903672,
2026-08-18 23:49:41.244,pulse_batch,x,,,,,-4,,11854,810,53,0,77,,4145261528922,
2026-08-18 23:49:41.264,pulse_batch,x,,,,,-4,,11858,806,49,0,77,,4145282136858,
2026-08-18 23:49:41.285,pulse_batch,x,,,,,-4,,11862,802,45,0,77,,4145303120310,
2026-08-18 23:49:41.306,pulse_batch,x,,,,,-4,,11866,798,41,0,77,,4145323811634,
2026-08-18 23:49:41.330,pulse_batch,x,,,,,-4,,11870,794,37,0,77,,4145347888882,
2026-08-18 23:49:41.352,pulse_batch,x,,,,,-4,,11874,790,33,0,77,,4145369517886,
2026-08-18 23:49:41.372,pulse_batch,x,,,,,-4,,11878,786,29,0,77,,4145390157766,
2026-08-18 23:49:41.393,pulse_batch,x,,,,,-4,,11882,782,25,0,77,,4145410722406,
2026-08-18 23:49:41.416,pulse_batch,x,,,,,-4,,11886,778,21,0,77,,4145433234552,
2026-08-18 23:49:41.436,pulse_batch,x,,,,,-4,,11890,774,17,0,77,,4145453801766,
2026-08-18 23:49:41.457,pulse_batch,x,,,,,-4,,11894,770,13,0,77,,4145474376461,
2026-08-18 23:49:41.478,pulse_batch,x,,,,,-4,,11898,766,9,0,77,,4145495459820,
2026-08-18 23:49:41.499,pulse_batch,x,,,,,-4,,11902,762,5,0,77,,4145516310309,
2026-08-18 23:49:41.519,pulse_batch,x,,,,,-4,,11906,758,1,0,77,,4145536877245,
2026-08-18 23:49:41.541,pulse_batch,x,,,,,-4,,11910,754,-3,0,77,,4145558794970,
2026-08-18 23:49:41.562,pulse_batch,x,,,,,-4,,11914,750,-7,0,77,,4145579494256,
2026-08-18 23:49:41.582,pulse_batch,x,,,,,-4,,11918,746,-11,0,77,,4145600019415,
2026-08-18 23:49:41.603,pulse_batch,x,,,,,-4,,11922,742,-15,0,77,,4145620928312,
2026-08-18 23:49:41.624,pulse_batch,x,,,,,-4,,11926,738,-19,0,77,,4145641560395,
2026-08-18 23:49:41.644,pulse_batch,x,,,,,-4,,11930,734,-23,0,77,,4145662155683,
2026-08-18 23:49:41.668,pulse_batch,x,,,,,-4,,11934,730,-27,0,77,,4145685581454,
2026-08-18 23:49:41.689,pulse_batch,x,,,,,-4,,11938,726,-31,0,77,,4145706382277,
2026-08-18 23:49:41.709,pulse_batch,x,,,,,-4,,11942,722,-35,0,77,,4145726961750,
2026-08-18 23:49:41.734,pulse_batch,x,,,,,-4,,11946,718,-39,0,77,,4145751436904,
2026-08-18 23:49:41.756,pulse_batch,x,,,,,-4,,11950,714,-43,0,77,,4145773308758,
2026-08-18 23:49:41.776,pulse_batch,x,,,,,-4,,11954,710,-47,0,77,,4145793910323,
2026-08-18 23:49:41.797,pulse_batch,x,,,,,-4,,11958,706,-51,0,77,,4145814585907,
2026-08-18 23:49:41.819,pulse_batch,x,,,,,-4,,11962,702,-55,0,77,,4145836654408,
2026-08-18 23:49:41.840,pulse_batch,x,,,,,-4,,11966,698,-59,0,77,,4145857279917,
2026-08-18 23:49:41.860,pulse_batch,x,,,,,-4,,11970,694,-63,0,77,,4145877903242,
2026-08-18 23:49:41.884,pulse_batch,x,,,,,-4,,11974,690,-67,0,77,,4145901238754,
2026-08-18 23:49:41.904,pulse_batch,x,,,,,-4,,11978,686,-71,0,77,,4145921832708,
2026-08-18 23:49:41.925,pulse_batch,x,,,,,-4,,11982,682,-75,0,77,,4145942377422,
2026-08-18 23:49:41.949,pulse_batch,x,,,,,-4,,11986,678,-79,0,77,,4145967134259,
2026-08-18 23:49:41.970,pulse_batch,x,,,,,-4,,11990,674,-83,0,77,,4145987724399,
2026-08-18 23:49:41.991,pulse_batch,x,,,,,-4,,11994,670,-87,0,77,,4146008267038,
2026-08-18 23:49:42.011,pulse_batch,x,,,,,-4,,11998,666,-91,0,77,,4146029169657,
2026-08-18 23:49:42.032,pulse_batch,x,,,,,-4,,12002,662,-95,0,77,,4146049883704,
2026-08-18 23:49:42.053,pulse_batch,x,,,,,-4,,12006,658,-99,0,77,,4146070645398,
2026-08-18 23:49:42.075,pulse_batch,x,,,,,-4,,12010,654,-103,0,77,,4146093125582,
2026-08-18 23:49:42.096,pulse_batch,x,,,,,-4,,12014,650,-107,0,77,,4146113824017,
2026-08-18 23:49:42.117,pulse_batch,x,,,,,-4,,12018,646,-111,0,77,,4146134344990,
2026-08-18 23:49:42.137,pulse_batch,x,,,,,-3,,12021,643,-114,0,77,,4146154386540,
2026-08-18 23:49:42.157,pulse_batch,x,,,,,-4,,12025,639,-118,0,77,,4146175067586,
2026-08-18 23:49:42.178,pulse_batch,x,,,,,-4,,12029,635,-122,0,77,,4146195626707,
2026-08-18 23:49:42.199,pulse_batch,x,,,,,-4,,12033,631,-126,0,77,,4146216265939,
2026-08-18 23:49:42.220,pulse_batch,x,,,,,-4,,12037,627,-130,0,77,,4146237411520,
2026-08-18 23:49:42.240,pulse_batch,x,,,,,-4,,12041,623,-134,0,77,,4146258014011,
2026-08-18 23:49:42.261,pulse_batch,x,,,,,-4,,12045,619,-138,0,77,,4146278652354,
2026-08-18 23:49:42.284,pulse_batch,x,,,,,-4,,12049,615,-142,0,77,,4146301742701,
2026-08-18 23:49:42.305,pulse_batch,x,,,,,-4,,12053,611,-146,0,77,,4146322358063,
2026-08-18 23:49:42.325,pulse_batch,x,,,,,-4,,12057,607,-150,0,77,,4146342887925,
2026-08-18 23:49:42.350,pulse_batch,x,,,,,-4,,12061,603,-154,0,77,,4146367633151,
2026-08-18 23:49:42.371,pulse_batch,x,,,,,-4,,12065,599,-158,0,77,,4146388328901,
2026-08-18 23:49:42.391,pulse_batch,x,,,,,-4,,12069,595,-162,0,77,,4146408871781,
2026-08-18 23:49:42.412,pulse_batch,x,,,,,-4,,12073,591,-166,0,77,,4146429594402,
2026-08-18 23:49:42.433,pulse_batch,x,,,,,-4,,12077,587,-170,0,77,,4146450315151,
2026-08-18 23:49:42.453,pulse_batch,x,,,,,-4,,12081,583,-174,0,77,,4146470845791,
2026-08-18 23:49:42.477,pulse_batch,x,,,,,-4,,12085,579,-178,0,77,,4146494274118,
2026-08-18 23:49:42.497,pulse_batch,x,,,,,-4,,12089,575,-182,0,77,,4146515117237,
2026-08-18 23:49:42.518,pulse_batch,x,,,,,-4,,12093,571,-186,0,77,,4146535665284,
2026-08-18 23:49:42.542,pulse_batch,x,,,,,-4,,12097,567,-190,0,77,,4146559960013,
2026-08-18 23:49:42.563,pulse_batch,x,,,,,-4,,12101,563,-194,0,77,,4146581088539,
2026-08-18 23:49:42.584,pulse_batch,x,,,,,-4,,12105,559,-198,0,77,,4146601631789,
2026-08-18 23:49:42.607,pulse_batch,x,,,,,-4,,12109,555,-202,0,77,,4146624931913,
2026-08-18 23:49:42.628,pulse_batch,x,,,,,-4,,12113,551,-206,0,77,,4146645771440,
2026-08-18 23:49:42.649,pulse_batch,x,,,,,-4,,12117,547,-210,0,77,,4146666413635,
2026-08-18 23:49:42.672,pulse_batch,x,,,,,-4,,12121,543,-214,0,77,,4146689782221,
2026-08-18 23:49:42.694,pulse_batch,x,,,,,-4,,12125,539,-218,0,77,,4146711898555,
2026-08-18 23:49:42.715,pulse_batch,x,,,,,-4,,12129,535,-222,0,77,,4146732483472,
2026-08-18 23:49:42.737,pulse_batch,x,,,,,-4,,12133,531,-226,0,77,,4146754975527,
2026-08-18 23:49:42.758,pulse_batch,x,,,,,-4,,12137,527,-230,0,77,,4146775862683,
2026-08-18 23:49:42.779,pulse_batch,x,,,,,-4,,12141,523,-234,0,77,,4146796543952,
2026-08-18 23:49:42.801,pulse_batch,x,,,,,-4,,12145,519,-238,0,77,,4146817285609,
2026-08-18 23:49:42.820,pulse_batch,x,,,,,-4,,12149,515,-242,0,77,,4146838193209,
2026-08-18 23:49:42.841,pulse_batch,x,,,,,-4,,12153,511,-246,0,77,,4146858844219,
2026-08-18 23:49:42.862,pulse_batch,x,,,,,-4,,12157,507,-250,0,77,,4146879679801,
2026-08-18 23:49:42.884,pulse_batch,x,,,,,-4,,12161,503,-254,0,77,,4146901568100,
2026-08-18 23:49:42.905,pulse_batch,x,,,,,-4,,12165,499,-258,0,77,,4146922286238,
2026-08-18 23:49:42.925,pulse_batch,x,,,,,-4,,12169,495,-262,0,77,,4146942882063,
2026-08-18 23:49:42.946,pulse_batch,x,,,,,-4,,12173,491,-266,0,77,,4146963650016,
2026-08-18 23:49:42.967,pulse_batch,x,,,,,-4,,12177,487,-270,0,77,,4146984520876,
2026-08-18 23:49:42.987,pulse_batch,x,,,,,-4,,12181,483,-274,0,77,,4147005055053,
2026-08-18 23:49:43.009,pulse_batch,x,,,,,-4,,12185,479,-278,0,77,,4147027054240,
2026-08-18 23:49:43.030,pulse_batch,x,,,,,-4,,12189,475,-282,0,77,,4147047788823,
2026-08-18 23:49:43.051,pulse_batch,x,,,,,-4,,12193,471,-286,0,77,,4147068330037,
2026-08-18 23:49:43.071,pulse_batch,x,,,,,-4,,12197,467,-290,0,77,,4147089090138,
2026-08-18 23:49:43.092,pulse_batch,x,,,,,-4,,12201,463,-294,0,77,,4147109810296,
2026-08-18 23:49:43.113,pulse_batch,x,,,,,-4,,12205,459,-298,0,77,,4147130431120,
2026-08-18 23:49:43.135,pulse_batch,x,,,,,-4,,12209,455,-302,0,77,,4147152696491,
2026-08-18 23:49:43.157,pulse_batch,x,,,,,-4,,12213,451,-306,0,77,,4147174504253,
2026-08-18 23:49:43.177,pulse_batch,x,,,,,-4,,12217,447,-310,0,77,,4147195177355,
2026-08-18 23:49:43.198,pulse_batch,x,,,,,-4,,12221,443,-314,0,77,,4147215858716,
2026-08-18 23:49:43.220,pulse_batch,x,,,,,-4,,12225,439,-318,0,77,,4147237930847,
2026-08-18 23:49:43.241,pulse_batch,x,,,,,-4,,12229,435,-322,0,77,,4147258598319,
2026-08-18 23:49:43.261,pulse_batch,x,,,,,-4,,12233,431,-326,0,77,,4147279165329,
2026-08-18 23:49:43.285,pulse_batch,x,,,,,-4,,12237,427,-330,0,77,,4147302733729,
2026-08-18 23:49:43.306,pulse_batch,x,,,,,-4,,12241,423,-334,0,77,,4147323384776,
2026-08-18 23:49:43.326,pulse_batch,x,,,,,-4,,12245,419,-338,0,77,,4147343902527,
2026-08-18 23:49:43.348,pulse_batch,x,,,,,-4,,12249,415,-342,0,77,,4147365954713,
2026-08-18 23:49:43.369,pulse_batch,x,,,,,-4,,12253,411,-346,0,77,,4147386820295,
2026-08-18 23:49:43.390,pulse_batch,x,,,,,-4,,12257,407,-350,0,77,,4147407402342,
2026-08-18 23:49:43.412,pulse_batch,x,,,,,-4,,12261,403,-354,0,77,,4147429850175,
2026-08-18 23:49:43.433,pulse_batch,x,,,,,-4,,12265,399,-358,0,77,,4147450780423,
2026-08-18 23:49:43.454,pulse_batch,x,,,,,-4,,12269,395,-362,0,77,,4147471300915,
2026-08-18 23:49:43.470,pulse_batch,x,,,,,-2,,12271,393,-364,0,77,,4147487324840,
2026-08-18 23:49:43.470,continuous_stop,x,,,,,,-1,12271,393,-364,0,77,,4147487762134,
2026-08-18 23:49:44.206,continuous_start,x,,,,,,1,12271,393,-364,0,77,,4148223497781,
2026-08-18 23:49:44.209,pulse_batch,x,,,,,1,,12272,394,-364,1,77,,4148226355005,
2026-08-18 23:49:44.229,pulse_batch,x,,,,,4,,12276,398,-364,5,77,,4148247037459,
2026-08-18 23:49:44.250,pulse_batch,x,,,,,4,,12280,402,-364,9,77,,4148267601414,
2026-08-18 23:49:44.272,pulse_batch,x,,,,,4,,12284,406,-364,13,77,,4148289502101,
2026-08-18 23:49:44.293,pulse_batch,x,,,,,4,,12288,410,-364,17,77,,4148310317610,
2026-08-18 23:49:44.313,pulse_batch,x,,,,,4,,12292,414,-364,21,77,,4148330927490,
2026-08-18 23:49:44.334,pulse_batch,x,,,,,4,,12296,418,-364,25,77,,4148351566962,
2026-08-18 23:49:44.358,pulse_batch,x,,,,,4,,12300,422,-364,29,77,,4148375982635,
2026-08-18 23:49:44.379,pulse_batch,x,,,,,4,,12304,426,-364,33,77,,4148396592997,
2026-08-18 23:49:44.399,pulse_batch,x,,,,,4,,12308,430,-364,37,77,,4148417260747,
2026-08-18 23:49:44.425,pulse_batch,x,,,,,4,,12312,434,-364,41,77,,4148442727599,
2026-08-18 23:49:44.446,pulse_batch,x,,,,,4,,12316,438,-364,45,77,,4148463297516,
2026-08-18 23:49:44.466,pulse_batch,x,,,,,4,,12320,442,-364,49,77,,4148483904119,
2026-08-18 23:49:44.488,pulse_batch,x,,,,,4,,12324,446,-364,53,77,,4148505377901,
2026-08-18 23:49:44.508,pulse_batch,x,,,,,4,,12328,450,-364,57,77,,4148526036374,
2026-08-18 23:49:44.529,pulse_batch,x,,,,,4,,12332,454,-364,61,77,,4148546591162,
2026-08-18 23:49:44.550,pulse_batch,x,,,,,4,,12336,458,-364,65,77,,4148567399430,
2026-08-18 23:49:44.570,pulse_batch,x,,,,,4,,12340,462,-364,69,77,,4148588077143,
2026-08-18 23:49:44.591,pulse_batch,x,,,,,4,,12344,466,-364,73,77,,4148608656116,
2026-08-18 23:49:44.614,pulse_batch,x,,,,,4,,12348,470,-364,77,77,,4148631944647,
2026-08-18 23:49:44.635,pulse_batch,x,,,,,4,,12352,474,-360,77,77,,4148652534175,
2026-08-18 23:49:44.655,pulse_batch,x,,,,,4,,12356,478,-356,77,77,,4148673084463,
2026-08-18 23:49:44.678,pulse_batch,x,,,,,4,,12360,482,-352,77,77,,4148695719535,
2026-08-18 23:49:44.699,pulse_batch,x,,,,,4,,12364,486,-348,77,77,,4148716375026,
2026-08-18 23:49:44.719,pulse_batch,x,,,,,4,,12368,490,-344,77,77,,4148737089813,
2026-08-18 23:49:44.742,pulse_batch,x,,,,,4,,12372,494,-340,77,77,,4148760128902,
2026-08-18 23:49:44.763,pulse_batch,x,,,,,4,,12376,498,-336,77,77,,4148781011799,
2026-08-18 23:49:44.784,pulse_batch,x,,,,,4,,12380,502,-332,77,77,,4148801673253,
2026-08-18 23:49:44.806,pulse_batch,x,,,,,4,,12384,506,-328,77,77,,4148823406923,
2026-08-18 23:49:44.829,pulse_batch,x,,,,,4,,12388,510,-324,77,77,,4148846752565,
2026-08-18 23:49:44.850,pulse_batch,x,,,,,4,,12392,514,-320,77,77,,4148867386630,
2026-08-18 23:49:44.872,pulse_batch,x,,,,,4,,12396,518,-316,77,77,,4148889757629,
2026-08-18 23:49:44.893,pulse_batch,x,,,,,4,,12400,522,-312,77,77,,4148910520638,
2026-08-18 23:49:44.913,pulse_batch,x,,,,,4,,12404,526,-308,77,77,,4148931194296,
2026-08-18 23:49:44.934,pulse_batch,x,,,,,4,,12408,530,-304,77,77,,4148951836454,
2026-08-18 23:49:44.956,pulse_batch,x,,,,,4,,12412,534,-300,77,77,,4148973315292,
2026-08-18 23:49:44.976,pulse_batch,x,,,,,4,,12416,538,-296,77,77,,4148993929487,
2026-08-18 23:49:44.997,pulse_batch,x,,,,,4,,12420,542,-292,77,77,,4149014620126,
2026-08-18 23:49:45.021,pulse_batch,x,,,,,4,,12424,546,-288,77,77,,4149038766782,
2026-08-18 23:49:45.042,pulse_batch,x,,,,,4,,12428,550,-284,77,77,,4149059378236,
2026-08-18 23:49:45.062,pulse_batch,x,,,,,4,,12432,554,-280,77,77,,4149080091060,
2026-08-18 23:49:45.085,pulse_batch,x,,,,,4,,12436,558,-276,77,77,,4149103068371,
2026-08-18 23:49:45.106,pulse_batch,x,,,,,4,,12440,562,-272,77,77,,4149123926713,
2026-08-18 23:49:45.127,pulse_batch,x,,,,,4,,12444,566,-268,77,77,,4149144531278,
2026-08-18 23:49:45.150,pulse_batch,x,,,,,4,,12448,570,-264,77,77,,4149168078956,
2026-08-18 23:49:45.171,pulse_batch,x,,,,,4,,12452,574,-260,77,77,,4149188811928,
2026-08-18 23:49:45.192,pulse_batch,x,,,,,4,,12456,578,-256,77,77,,4149209375790,
2026-08-18 23:49:45.214,pulse_batch,x,,,,,4,,12460,582,-252,77,77,,4149232072232,
2026-08-18 23:49:45.237,pulse_batch,x,,,,,4,,12464,586,-248,77,77,,4149254285714,
2026-08-18 23:49:45.257,pulse_batch,x,,,,,4,,12468,590,-244,77,77,,4149274902168,
2026-08-18 23:49:45.281,pulse_batch,x,,,,,4,,12472,594,-240,77,77,,4149298718660,
2026-08-18 23:49:45.305,pulse_batch,x,,,,,4,,12476,598,-236,77,77,,4149322283393,
2026-08-18 23:49:45.325,pulse_batch,x,,,,,4,,12480,602,-232,77,77,,4149342855218,
2026-08-18 23:49:45.348,pulse_batch,x,,,,,4,,12484,606,-228,77,77,,4149365319810,
2026-08-18 23:49:45.368,pulse_batch,x,,,,,4,,12488,610,-224,77,77,,4149386089855,
2026-08-18 23:49:45.389,pulse_batch,x,,,,,4,,12492,614,-220,77,77,,4149406727421,
2026-08-18 23:49:45.412,pulse_batch,x,,,,,4,,12496,618,-216,77,77,,4149429741009,
2026-08-18 23:49:45.433,pulse_batch,x,,,,,4,,12500,622,-212,77,77,,4149450465704,
2026-08-18 23:49:45.453,pulse_batch,x,,,,,4,,12504,626,-208,77,77,,4149471066510,
2026-08-18 23:49:45.475,pulse_batch,x,,,,,4,,12508,630,-204,77,77,,4149492837754,
2026-08-18 23:49:45.496,pulse_batch,x,,,,,4,,12512,634,-200,77,77,,4149513572244,
2026-08-18 23:49:45.517,pulse_batch,x,,,,,4,,12516,638,-196,77,77,,4149534298605,
2026-08-18 23:49:45.537,pulse_batch,x,,,,,4,,12520,642,-192,77,77,,4149554963022,
2026-08-18 23:49:45.558,pulse_batch,x,,,,,4,,12524,646,-188,77,77,,4149575750309,
2026-08-18 23:49:45.579,pulse_batch,x,,,,,4,,12528,650,-184,77,77,,4149596515484,
2026-08-18 23:49:45.599,pulse_batch,x,,,,,4,,12532,654,-180,77,77,,4149617217957,
2026-08-18 23:49:45.624,pulse_batch,x,,,,,4,,12536,658,-176,77,77,,4149641360650,
2026-08-18 23:49:45.644,pulse_batch,x,,,,,4,,12540,662,-172,77,77,,4149661990196,
2026-08-18 23:49:45.665,pulse_batch,x,,,,,4,,12544,666,-168,77,77,,4149682585577,
2026-08-18 23:49:45.687,pulse_batch,x,,,,,4,,12548,670,-164,77,77,,4149705055594,
2026-08-18 23:49:45.708,pulse_batch,x,,,,,4,,12552,674,-160,77,77,,4149725684122,
2026-08-18 23:49:45.729,pulse_batch,x,,,,,4,,12556,678,-156,77,77,,4149746316280,
2026-08-18 23:49:45.753,pulse_batch,x,,,,,4,,12560,682,-152,77,77,,4149770398566,
2026-08-18 23:49:45.773,pulse_batch,x,,,,,4,,12564,686,-148,77,77,,4149791141797,
2026-08-18 23:49:45.794,pulse_batch,x,,,,,4,,12568,690,-144,77,77,,4149811728493,
2026-08-18 23:49:45.818,pulse_batch,x,,,,,4,,12572,694,-140,77,77,,4149835442670,
2026-08-18 23:49:45.838,pulse_batch,x,,,,,4,,12576,698,-136,77,77,,4149856199493,
2026-08-18 23:49:45.859,pulse_batch,x,,,,,4,,12580,702,-132,77,77,,4149876780263,
2026-08-18 23:49:45.881,pulse_batch,x,,,,,4,,12584,706,-128,77,77,,4149898869412,
2026-08-18 23:49:45.902,pulse_batch,x,,,,,4,,12588,710,-124,77,77,,4149919561403,
2026-08-18 23:49:45.922,pulse_batch,x,,,,,4,,12592,714,-120,77,77,,4149940195709,
2026-08-18 23:49:45.945,pulse_batch,x,,,,,4,,12596,718,-116,77,77,,4149962576227,
2026-08-18 23:49:45.966,pulse_batch,x,,,,,4,,12600,722,-112,77,77,,4149983591031,
2026-08-18 23:49:45.986,pulse_batch,x,,,,,4,,12604,726,-108,77,77,,4150004194411,
2026-08-18 23:49:46.009,pulse_batch,x,,,,,4,,12608,730,-104,77,77,,4150027035630,
2026-08-18 23:49:46.034,pulse_batch,x,,,,,4,,12612,734,-100,77,77,,4150051955541,
2026-08-18 23:49:46.055,pulse_batch,x,,,,,4,,12616,738,-96,77,77,,4150072583051,
2026-08-18 23:49:46.079,pulse_batch,x,,,,,4,,12620,742,-92,77,77,,4150096714411,
2026-08-18 23:49:46.102,pulse_batch,x,,,,,4,,12624,746,-88,77,77,,4150119618722,
2026-08-18 23:49:46.122,pulse_batch,x,,,,,4,,12628,750,-84,77,77,,4150140257658,
2026-08-18 23:49:46.145,pulse_batch,x,,,,,4,,12632,754,-80,77,77,,4150162893896,
2026-08-18 23:49:46.166,pulse_batch,x,,,,,4,,12636,758,-76,77,77,,4150183593239,
2026-08-18 23:49:46.186,pulse_batch,x,,,,,4,,12640,762,-72,77,77,,4150204217786,
2026-08-18 23:49:46.207,pulse_batch,x,,,,,4,,12644,766,-68,77,77,,4150225003110,
2026-08-18 23:49:46.228,pulse_batch,x,,,,,4,,12648,770,-64,77,77,,4150245859859,
2026-08-18 23:49:46.249,pulse_batch,x,,,,,4,,12652,774,-60,77,77,,4150266526405,
2026-08-18 23:49:46.270,pulse_batch,x,,,,,4,,12656,778,-56,77,77,,4150287329655,
2026-08-18 23:49:46.293,pulse_batch,x,,,,,4,,12660,782,-52,77,77,,4150310756815,
2026-08-18 23:49:46.314,pulse_batch,x,,,,,4,,12664,786,-48,77,77,,4150331429602,
2026-08-18 23:49:46.334,pulse_batch,x,,,,,4,,12668,790,-44,77,77,,4150352050057,
2026-08-18 23:49:46.356,pulse_batch,x,,,,,4,,12672,794,-40,77,77,,4150373924318,
2026-08-18 23:49:46.380,pulse_batch,x,,,,,4,,12676,798,-36,77,77,,4150398238751,
2026-08-18 23:49:46.403,pulse_batch,x,,,,,4,,12680,802,-32,77,77,,4150420659677,
2026-08-18 23:49:46.426,pulse_batch,x,,,,,4,,12684,806,-28,77,77,,4150443267693,
2026-08-18 23:49:46.446,pulse_batch,x,,,,,4,,12688,810,-24,77,77,,4150463960481,
2026-08-18 23:49:46.467,pulse_batch,x,,,,,4,,12692,814,-20,77,77,,4150484771100,
2026-08-18 23:49:46.489,pulse_batch,x,,,,,4,,12696,818,-16,77,77,,4150506829120,
2026-08-18 23:49:46.510,pulse_batch,x,,,,,4,,12700,822,-12,77,77,,4150527683036,
2026-08-18 23:49:46.531,pulse_batch,x,,,,,4,,12704,826,-8,77,77,,4150548338787,
2026-08-18 23:49:46.551,pulse_batch,x,,,,,4,,12708,830,-4,77,77,,4150569227202,
2026-08-18 23:49:46.572,pulse_batch,x,,,,,4,,12712,834,0,77,77,,4150589969193,
2026-08-18 23:49:46.593,pulse_batch,x,,,,,4,,12716,838,4,77,77,,4150610626554,
2026-08-18 23:49:46.616,pulse_batch,x,,,,,4,,12720,842,8,77,77,,4150633804809,
2026-08-18 23:49:46.638,pulse_batch,x,,,,,4,,12724,846,12,77,77,,4150655650311,
2026-08-18 23:49:46.658,pulse_batch,x,,,,,4,,12728,850,16,77,77,,4150676206784,
2026-08-18 23:49:46.681,pulse_batch,x,,,,,4,,12732,854,20,77,77,,4150699039411,
2026-08-18 23:49:46.706,pulse_batch,x,,,,,4,,12736,858,24,77,77,,4150723595157,
2026-08-18 23:49:46.726,pulse_batch,x,,,,,4,,12740,862,28,77,77,,4150744161593,
2026-08-18 23:49:46.750,pulse_batch,x,,,,,4,,12744,866,32,77,77,,4150767588235,
2026-08-18 23:49:46.771,pulse_batch,x,,,,,4,,12748,870,36,77,77,,4150788587539,
2026-08-18 23:49:46.791,pulse_batch,x,,,,,4,,12752,874,40,77,77,,4150809124049,
2026-08-18 23:49:46.816,pulse_batch,x,,,,,4,,12756,878,44,77,77,,4150833289835,
2026-08-18 23:49:46.839,pulse_batch,x,,,,,4,,12760,882,48,77,77,,4150857090067,
2026-08-18 23:49:46.860,pulse_batch,x,,,,,4,,12764,886,52,77,77,,4150877614336,
2026-08-18 23:49:46.882,pulse_batch,x,,,,,4,,12768,890,56,77,77,,4150899701153,
2026-08-18 23:49:46.903,pulse_batch,x,,,,,4,,12772,894,60,77,77,,4150920461125,
2026-08-18 23:49:46.923,pulse_batch,x,,,,,4,,12776,898,64,77,77,,4150941023653,
2026-08-18 23:49:46.944,pulse_batch,x,,,,,4,,12780,902,68,77,77,,4150961867736,
2026-08-18 23:49:46.965,pulse_batch,x,,,,,4,,12784,906,72,77,77,,4150982632874,
2026-08-18 23:49:46.985,pulse_batch,x,,,,,4,,12788,910,76,77,77,,4151003196014,
2026-08-18 23:49:47.008,pulse_batch,x,,,,,4,,12792,914,80,77,77,,4151025599866,
2026-08-18 23:49:47.029,pulse_batch,x,,,,,4,,12796,918,84,77,77,,4151046297190,
2026-08-18 23:49:47.049,pulse_batch,x,,,,,4,,12800,922,88,77,77,,4151066919366,
2026-08-18 23:49:47.071,pulse_batch,x,,,,,4,,12804,926,92,77,77,,4151089004368,
2026-08-18 23:49:47.074,continuous_stop,x,,,,,,1,12804,926,92,77,77,,4151091736333,
2026-08-18 23:49:49.604,point_saved,x,0,stored,,,,1,,926,92,77,77,92,,
2026-08-18 23:49:49.604,point_saved,y,0,stored,,,,1,,381,0,4,4,0,,
2026-08-18 23:50:20.375,continuous_start,y,,,,,,-1,2577,381,0,4,4,,4184393205322,
2026-08-18 23:50:20.378,pulse_batch,y,,,,,-1,,2578,380,0,3,4,,4184396108435,
2026-08-18 23:50:20.399,pulse_batch,y,,,,,-4,,2582,376,-1,0,4,,4184416753594,
2026-08-18 23:50:20.420,pulse_batch,y,,,,,-4,,2586,372,-5,0,4,,4184437376846,
2026-08-18 23:50:20.444,pulse_batch,y,,,,,-4,,2590,368,-9,0,4,,4184462228685,
2026-08-18 23:50:20.465,pulse_batch,y,,,,,-4,,2594,364,-13,0,4,,4184482954029,
2026-08-18 23:50:20.486,pulse_batch,y,,,,,-4,,2598,360,-17,0,4,,4184503567670,
2026-08-18 23:50:20.508,pulse_batch,y,,,,,-4,,2602,356,-21,0,4,,4184526165726,
2026-08-18 23:50:20.529,pulse_batch,y,,,,,-4,,2606,352,-25,0,4,,4184547128606,
2026-08-18 23:50:20.550,pulse_batch,y,,,,,-4,,2610,348,-29,0,4,,4184567806783,
2026-08-18 23:50:20.573,pulse_batch,y,,,,,-4,,2614,344,-33,0,4,,4184590518560,
2026-08-18 23:50:20.594,pulse_batch,y,,,,,-4,,2618,340,-37,0,4,,4184611289275,
2026-08-18 23:50:20.614,pulse_batch,y,,,,,-4,,2622,336,-41,0,4,,4184631937804,
2026-08-18 23:50:20.636,pulse_batch,y,,,,,-4,,2626,332,-45,0,4,,4184653354848,
2026-08-18 23:50:20.658,pulse_batch,y,,,,,-4,,2630,328,-49,0,4,,4184675860719,
2026-08-18 23:50:20.679,pulse_batch,y,,,,,-4,,2634,324,-53,0,4,,4184696507452,
2026-08-18 23:50:20.699,pulse_batch,y,,,,,-4,,2638,320,-57,0,4,,4184717225481,
2026-08-18 23:50:20.722,pulse_batch,y,,,,,-4,,2642,316,-61,0,4,,4184739244466,
2026-08-18 23:50:20.743,pulse_batch,y,,,,,-4,,2646,312,-65,0,4,,4184760412641,
2026-08-18 23:50:20.764,pulse_batch,y,,,,,-4,,2650,308,-69,0,4,,4184781267799,
2026-08-18 23:50:20.786,pulse_batch,y,,,,,-4,,2654,304,-73,0,4,,4184804078428,
2026-08-18 23:50:20.807,pulse_batch,y,,,,,-4,,2658,300,-77,0,4,,4184824863679,
2026-08-18 23:50:20.828,pulse_batch,y,,,,,-4,,2662,296,-81,0,4,,4184845484209,
2026-08-18 23:50:20.851,pulse_batch,y,,,,,-4,,2666,292,-85,0,4,,4184868343133,
2026-08-18 23:50:20.871,pulse_batch,y,,,,,-4,,2670,288,-89,0,4,,4184889093292,
2026-08-18 23:50:20.892,pulse_batch,y,,,,,-4,,2674,284,-93,0,4,,4184909676155,
2026-08-18 23:50:20.914,pulse_batch,y,,,,,-4,,2678,280,-97,0,4,,4184932105804,
2026-08-18 23:50:20.937,pulse_batch,y,,,,,-4,,2682,276,-101,0,4,,4184954310510,
2026-08-18 23:50:20.957,pulse_batch,y,,,,,-4,,2686,272,-105,0,4,,4184974913892,
2026-08-18 23:50:20.978,pulse_batch,y,,,,,-4,,2690,268,-109,0,4,,4184995643588,
2026-08-18 23:50:20.999,pulse_batch,y,,,,,-4,,2694,264,-113,0,4,,4185016310247,
2026-08-18 23:50:21.019,pulse_batch,y,,,,,-4,,2698,260,-117,0,4,,4185036915036,
2026-08-18 23:50:21.040,pulse_batch,y,,,,,-4,,2702,256,-121,0,4,,4185057703639,
2026-08-18 23:50:21.061,pulse_batch,y,,,,,-4,,2706,252,-125,0,4,,4185078446039,
2026-08-18 23:50:21.081,pulse_batch,y,,,,,-4,,2710,248,-129,0,4,,4185099072809,
2026-08-18 23:50:21.102,pulse_batch,y,,,,,-4,,2714,244,-133,0,4,,4185119974874,
2026-08-18 23:50:21.126,pulse_batch,y,,,,,-4,,2718,240,-137,0,4,,4185143442536,
2026-08-18 23:50:21.146,pulse_batch,y,,,,,-4,,2722,236,-141,0,4,,4185164156769,
2026-08-18 23:50:21.168,pulse_batch,y,,,,,-4,,2726,232,-145,0,4,,4185186127569,
2026-08-18 23:50:21.191,pulse_batch,y,,,,,-4,,2730,228,-149,0,4,,4185208873902,
2026-08-18 23:50:21.212,pulse_batch,y,,,,,-4,,2734,224,-153,0,4,,4185229517431,
2026-08-18 23:50:21.233,pulse_batch,y,,,,,-4,,2738,220,-157,0,4,,4185250240905,
2026-08-18 23:50:21.257,pulse_batch,y,,,,,-4,,2742,216,-161,0,4,,4185274431989,
2026-08-18 23:50:21.277,pulse_batch,y,,,,,-4,,2746,212,-165,0,4,,4185295233480,
2026-08-18 23:50:21.298,pulse_batch,y,,,,,-4,,2750,208,-169,0,4,,4185316090972,
2026-08-18 23:50:21.320,pulse_batch,y,,,,,-4,,2754,204,-173,0,4,,4185337992939,
2026-08-18 23:50:21.341,pulse_batch,y,,,,,-4,,2758,200,-177,0,4,,4185358886763,
2026-08-18 23:50:21.362,pulse_batch,y,,,,,-4,,2762,196,-181,0,4,,4185379496923,
2026-08-18 23:50:21.386,pulse_batch,y,,,,,-4,,2766,192,-185,0,4,,4185404072338,
2026-08-18 23:50:21.407,pulse_batch,y,,,,,-4,,2770,188,-189,0,4,,4185424726497,
2026-08-18 23:50:21.428,pulse_batch,y,,,,,-4,,2774,184,-193,0,4,,4185445295027,
2026-08-18 23:50:21.450,pulse_batch,y,,,,,-4,,2778,180,-197,0,4,,4185468104415,
2026-08-18 23:50:21.471,pulse_batch,y,,,,,-4,,2782,176,-201,0,4,,4185488843388,
2026-08-18 23:50:21.492,pulse_batch,y,,,,,-4,,2786,172,-205,0,4,,4185509416289,
2026-08-18 23:50:21.514,pulse_batch,y,,,,,-4,,2790,168,-209,0,4,,4185531940345,
2026-08-18 23:50:21.535,pulse_batch,y,,,,,-4,,2794,164,-213,0,4,,4185552633263,
2026-08-18 23:50:21.556,pulse_batch,y,,,,,-4,,2798,160,-217,0,4,,4185573263163,
2026-08-18 23:50:21.578,pulse_batch,y,,,,,-4,,2802,156,-221,0,4,,4185595919182,
2026-08-18 23:50:21.599,pulse_batch,y,,,,,-4,,2806,152,-225,0,4,,4185616652618,
2026-08-18 23:50:21.619,pulse_batch,y,,,,,-4,,2810,148,-229,0,4,,4185637252759,
2026-08-18 23:50:21.644,pulse_batch,y,,,,,-4,,2814,144,-233,0,4,,4185661641156,
2026-08-18 23:50:21.666,pulse_batch,y,,,,,-4,,2818,140,-237,0,4,,4185683894121,
2026-08-18 23:50:21.687,pulse_batch,y,,,,,-4,,2822,136,-241,0,4,,4185704481911,
2026-08-18 23:50:21.709,pulse_batch,y,,,,,-4,,2826,132,-245,0,4,,4185727159336,
2026-08-18 23:50:21.731,pulse_batch,y,,,,,-4,,2830,128,-249,0,4,,4185749058581,
2026-08-18 23:50:21.752,pulse_batch,y,,,,,-4,,2834,124,-253,0,4,,4185769689185,
2026-08-18 23:50:21.774,pulse_batch,y,,,,,-4,,2838,120,-257,0,4,,4185792145815,
2026-08-18 23:50:21.795,pulse_batch,y,,,,,-4,,2842,116,-261,0,4,,4185813046529,
2026-08-18 23:50:21.816,pulse_batch,y,,,,,-4,,2846,112,-265,0,4,,4185833621874,
2026-08-18 23:50:21.838,pulse_batch,y,,,,,-4,,2850,108,-269,0,4,,4185856025449,
2026-08-18 23:50:21.861,pulse_batch,y,,,,,-4,,2854,104,-273,0,4,,4185878509061,
2026-08-18 23:50:21.881,pulse_batch,y,,,,,-4,,2858,100,-277,0,4,,4185899098239,
2026-08-18 23:50:21.905,pulse_batch,y,,,,,-4,,2862,96,-281,0,4,,4185923197008,
2026-08-18 23:50:21.928,pulse_batch,y,,,,,-4,,2866,92,-285,0,4,,4185945271104,
2026-08-18 23:50:21.948,pulse_batch,y,,,,,-4,,2870,88,-289,0,4,,4185965904837,
2026-08-18 23:50:21.972,pulse_batch,y,,,,,-4,,2874,84,-293,0,4,,4185989282499,
2026-08-18 23:50:21.993,pulse_batch,y,,,,,-4,,2878,80,-297,0,4,,4186010706988,
2026-08-18 23:50:22.014,pulse_batch,y,,,,,-4,,2882,76,-301,0,4,,4186031281684,
2026-08-18 23:50:22.035,pulse_batch,y,,,,,-4,,2886,72,-305,0,4,,4186052358323,
2026-08-18 23:50:22.057,pulse_batch,y,,,,,-4,,2890,68,-309,0,4,,4186074824953,
2026-08-18 23:50:22.078,pulse_batch,y,,,,,-4,,2894,64,-313,0,4,,4186095436187,
2026-08-18 23:50:22.098,pulse_batch,y,,,,,-4,,2898,60,-317,0,4,,4186116027736,
2026-08-18 23:50:22.121,pulse_batch,y,,,,,-4,,2902,56,-321,0,4,,4186138492236,
2026-08-18 23:50:22.141,pulse_batch,y,,,,,-4,,2906,52,-325,0,4,,4186159137859,
2026-08-18 23:50:22.162,pulse_batch,y,,,,,-4,,2910,48,-329,0,4,,4186179815222,
2026-08-18 23:50:22.183,pulse_batch,y,,,,,-4,,2914,44,-333,0,4,,4186200519251,
2026-08-18 23:50:22.204,pulse_batch,y,,,,,-4,,2918,40,-337,0,4,,4186221394298,
2026-08-18 23:50:22.224,pulse_batch,y,,,,,-4,,2922,36,-341,0,4,,4186241913199,
2026-08-18 23:50:22.247,pulse_batch,y,,,,,-4,,2926,32,-345,0,4,,4186264554384,
2026-08-18 23:50:22.268,pulse_batch,y,,,,,-4,,2930,28,-349,0,4,,4186285262098,
2026-08-18 23:50:22.288,pulse_batch,y,,,,,-4,,2934,24,-353,0,4,,4186305792184,
2026-08-18 23:50:22.308,pulse_batch,y,,,,,-3,,2937,21,-356,0,4,,4186325243388,
2026-08-18 23:50:22.308,continuous_stop,y,,,,,,-1,2937,21,-356,0,4,,4186325680070,
2026-08-18 23:50:22.508,continuous_start,y,,,,,,-1,2937,21,-356,0,4,,4186526026829,
2026-08-18 23:50:22.511,pulse_batch,y,,,,,-1,,2938,20,-357,0,4,,4186528850054,
2026-08-18 23:50:22.532,pulse_batch,y,,,,,-4,,2942,16,-361,0,4,,4186549553990,
2026-08-18 23:50:22.552,pulse_batch,y,,,,,-4,,2946,12,-365,0,4,,4186570131521,
2026-08-18 23:50:22.575,pulse_batch,y,,,,,-4,,2950,8,-369,0,4,,4186592427059,
2026-08-18 23:50:22.598,pulse_batch,y,,,,,-4,,2954,4,-373,0,4,,4186615890388,
2026-08-18 23:50:22.619,pulse_batch,y,,,,,-4,,2958,0,-377,0,4,,4186636444252,
2026-08-18 23:50:22.639,pulse_batch,y,,,,,-4,,2962,-4,-381,0,4,,4186657120189,
2026-08-18 23:50:22.661,pulse_batch,y,,,,,-4,,2966,-8,-385,0,4,,4186679088211,
2026-08-18 23:50:22.682,pulse_batch,y,,,,,-4,,2970,-12,-389,0,4,,4186699756111,
2026-08-18 23:50:22.703,pulse_batch,y,,,,,-4,,2974,-16,-393,0,4,,4186720464492,
2026-08-18 23:50:22.711,pulse_batch,y,,,,,-1,,2975,-17,-394,0,4,,4186728323428,
2026-08-18 23:50:22.711,continuous_stop,y,,,,,,-1,2975,-17,-394,0,4,,4186728628630,
2026-08-18 23:50:23.509,continuous_start,x,,,,,,-1,12804,926,92,77,77,,4187527026961,
2026-08-18 23:50:23.512,pulse_batch,x,,,,,-1,,12805,925,92,76,77,,4187529925130,
2026-08-18 23:50:23.533,pulse_batch,x,,,,,-4,,12809,921,92,72,77,,4187550565548,
2026-08-18 23:50:23.553,pulse_batch,x,,,,,-4,,12813,917,92,68,77,,4187571091134,
2026-08-18 23:50:23.576,pulse_batch,x,,,,,-4,,12817,913,92,64,77,,4187593651561,
2026-08-18 23:50:23.598,pulse_batch,x,,,,,-4,,12821,909,92,60,77,,4187615923377,
2026-08-18 23:50:23.619,pulse_batch,x,,,,,-4,,12825,905,92,56,77,,4187636498111,
2026-08-18 23:50:23.640,pulse_batch,x,,,,,-4,,12829,901,92,52,77,,4187657896952,
2026-08-18 23:50:23.661,pulse_batch,x,,,,,-4,,12833,897,92,48,77,,4187678562629,
2026-08-18 23:50:23.681,pulse_batch,x,,,,,-4,,12837,893,92,44,77,,4187699230807,
2026-08-18 23:50:23.702,pulse_batch,x,,,,,-4,,12841,889,92,40,77,,4187719809912,
2026-08-18 23:50:23.725,pulse_batch,x,,,,,-4,,12845,885,92,36,77,,4187742332819,
2026-08-18 23:50:23.745,pulse_batch,x,,,,,-4,,12849,881,92,32,77,,4187762985331,
2026-08-18 23:50:23.766,pulse_batch,x,,,,,-4,,12853,877,92,28,77,,4187783567324,
2026-08-18 23:50:23.787,pulse_batch,x,,,,,-4,,12857,873,92,24,77,,4187805070830,
2026-08-18 23:50:23.808,pulse_batch,x,,,,,-4,,12861,869,92,20,77,,4187825698434,
2026-08-18 23:50:23.828,pulse_batch,x,,,,,-4,,12865,865,92,16,77,,4187846225002,
2026-08-18 23:50:23.852,pulse_batch,x,,,,,-4,,12869,861,92,12,77,,4187869447498,
2026-08-18 23:50:23.873,pulse_batch,x,,,,,-4,,12873,857,92,8,77,,4187890368304,
2026-08-18 23:50:23.893,pulse_batch,x,,,,,-4,,12877,853,92,4,77,,4187910932260,
2026-08-18 23:50:23.914,pulse_batch,x,,,,,-4,,12881,849,92,0,77,,4187932131861,
2026-08-18 23:50:23.935,pulse_batch,x,,,,,-4,,12885,845,88,0,77,,4187952840205,
2026-08-18 23:50:23.956,pulse_batch,x,,,,,-4,,12889,841,84,0,77,,4187973417236,
2026-08-18 23:50:23.976,pulse_batch,x,,,,,-4,,12893,837,80,0,77,,4187994094099,
2026-08-18 23:50:23.997,pulse_batch,x,,,,,-4,,12897,833,76,0,77,,4188014783906,
2026-08-18 23:50:24.018,pulse_batch,x,,,,,-4,,12901,829,72,0,77,,4188035361325,
2026-08-18 23:50:24.040,pulse_batch,x,,,,,-4,,12905,825,68,0,77,,4188057880103,
2026-08-18 23:50:24.061,pulse_batch,x,,,,,-4,,12909,821,64,0,77,,4188078667466,
2026-08-18 23:50:24.082,pulse_batch,x,,,,,-4,,12913,817,60,0,77,,4188099302607,
2026-08-18 23:50:24.102,pulse_batch,x,,,,,-4,,12917,813,56,0,77,,4188119875526,
2026-08-18 23:50:24.123,pulse_batch,x,,,,,-4,,12921,809,52,0,77,,4188140690055,
2026-08-18 23:50:24.144,pulse_batch,x,,,,,-4,,12925,805,48,0,77,,4188161301881,
2026-08-18 23:50:24.164,pulse_batch,x,,,,,-4,,12929,801,44,0,77,,4188182080614,
2026-08-18 23:50:24.187,pulse_batch,x,,,,,-4,,12933,797,40,0,77,,4188204491726,
2026-08-18 23:50:24.207,pulse_batch,x,,,,,-4,,12937,793,36,0,77,,4188225228311,
2026-08-18 23:50:24.228,pulse_batch,x,,,,,-4,,12941,789,32,0,77,,4188245767601,
2026-08-18 23:50:24.249,pulse_batch,x,,,,,-4,,12945,785,28,0,77,,4188266473538,
2026-08-18 23:50:24.269,pulse_batch,x,,,,,-4,,12949,781,24,0,77,,4188287245956,
2026-08-18 23:50:24.290,pulse_batch,x,,,,,-4,,12953,777,20,0,77,,4188307839671,
2026-08-18 23:50:24.312,pulse_batch,x,,,,,-4,,12957,773,16,0,77,,4188330098933,
2026-08-18 23:50:24.336,pulse_batch,x,,,,,-4,,12961,769,12,0,77,,4188354105480,
2026-08-18 23:50:24.357,pulse_batch,x,,,,,-4,,12965,765,8,0,77,,4188374629937,
2026-08-18 23:50:24.379,pulse_batch,x,,,,,-4,,12969,761,4,0,77,,4188396779569,
2026-08-18 23:50:24.402,pulse_batch,x,,,,,-4,,12973,757,0,0,77,,4188419814289,
2026-08-18 23:50:24.423,pulse_batch,x,,,,,-4,,12977,753,-4,0,77,,4188440438300,
2026-08-18 23:50:24.444,pulse_batch,x,,,,,-4,,12981,749,-8,0,77,,4188461294144,
2026-08-18 23:50:24.464,pulse_batch,x,,,,,-4,,12985,745,-12,0,77,,4188482051377,
2026-08-18 23:50:24.485,pulse_batch,x,,,,,-4,,12989,741,-16,0,77,,4188502662388,
2026-08-18 23:50:24.507,pulse_batch,x,,,,,-4,,12993,737,-20,0,77,,4188525008742,
2026-08-18 23:50:24.528,pulse_batch,x,,,,,-4,,12997,733,-24,0,77,,4188545888641,
2026-08-18 23:50:24.549,pulse_batch,x,,,,,-4,,13001,729,-28,0,77,,4188566501134,
2026-08-18 23:50:24.569,pulse_batch,x,,,,,-4,,13005,725,-32,0,77,,4188587066405,
2026-08-18 23:50:24.594,pulse_batch,x,,,,,-4,,13009,721,-36,0,77,,4188611990040,
2026-08-18 23:50:24.615,pulse_batch,x,,,,,-4,,13013,717,-40,0,77,,4188632597829,
2026-08-18 23:50:24.636,pulse_batch,x,,,,,-4,,13017,713,-44,0,77,,4188653263877,
2026-08-18 23:50:24.657,pulse_batch,x,,,,,-4,,13021,709,-48,0,77,,4188674450052,
2026-08-18 23:50:24.677,pulse_batch,x,,,,,-4,,13025,705,-52,0,77,,4188695064156,
2026-08-18 23:50:24.698,pulse_batch,x,,,,,-4,,13029,701,-56,0,77,,4188715652353,
2026-08-18 23:50:24.720,pulse_batch,x,,,,,-4,,13033,697,-60,0,77,,4188738135502,
2026-08-18 23:50:24.741,pulse_batch,x,,,,,-4,,13037,693,-64,0,77,,4188758918864,
2026-08-18 23:50:24.762,pulse_batch,x,,,,,-4,,13041,689,-68,0,77,,4188779443395,
2026-08-18 23:50:24.786,pulse_batch,x,,,,,-4,,13045,685,-72,0,77,,4188804096013,
2026-08-18 23:50:24.807,pulse_batch,x,,,,,-4,,13049,681,-76,0,77,,4188824866876,
2026-08-18 23:50:24.828,pulse_batch,x,,,,,-4,,13053,677,-80,0,77,,4188845387536,
2026-08-18 23:50:24.849,pulse_batch,x,,,,,-4,,13057,673,-84,0,77,,4188866643377,
2026-08-18 23:50:24.870,pulse_batch,x,,,,,-4,,13061,669,-88,0,77,,4188887414499,
2026-08-18 23:50:24.890,pulse_batch,x,,,,,-4,,13065,665,-92,0,77,,4188907969566,
2026-08-18 23:50:24.913,pulse_batch,x,,,,,-4,,13069,661,-96,0,77,,4188930520474,
2026-08-18 23:50:24.933,pulse_batch,x,,,,,-4,,13073,657,-100,0,77,,4188951213189,
2026-08-18 23:50:24.954,pulse_batch,x,,,,,-4,,13077,653,-104,0,77,,4188971841570,
2026-08-18 23:50:24.975,pulse_batch,x,,,,,-4,,13081,649,-108,0,77,,4188992458767,
2026-08-18 23:50:24.996,pulse_batch,x,,,,,-4,,13085,645,-112,0,77,,4189013442962,
2026-08-18 23:50:25.016,pulse_batch,x,,,,,-4,,13089,641,-116,0,77,,4189034041955,
2026-08-18 23:50:25.037,pulse_batch,x,,,,,-4,,13093,637,-120,0,77,,4189054970890,
2026-08-18 23:50:25.059,pulse_batch,x,,,,,-4,,13097,633,-124,0,77,,4189077171541,
2026-08-18 23:50:25.080,pulse_batch,x,,,,,-4,,13101,629,-128,0,77,,4189097815312,
2026-08-18 23:50:25.101,pulse_batch,x,,,,,-4,,13105,625,-132,0,77,,4189118408657,
2026-08-18 23:50:25.123,pulse_batch,x,,,,,-4,,13109,621,-136,0,77,,4189141100175,
2026-08-18 23:50:25.144,pulse_batch,x,,,,,-4,,13113,617,-140,0,77,,4189161766871,
2026-08-18 23:50:25.165,pulse_batch,x,,,,,-4,,13117,613,-144,0,77,,4189182304772,
2026-08-18 23:50:25.185,pulse_batch,x,,,,,-4,,13121,609,-148,0,77,,4189203097394,
2026-08-18 23:50:25.206,pulse_batch,x,,,,,-4,,13125,605,-152,0,77,,4189224028533,
2026-08-18 23:50:25.227,pulse_batch,x,,,,,-4,,13129,601,-156,0,77,,4189244544194,
2026-08-18 23:50:25.250,pulse_batch,x,,,,,-4,,13133,597,-160,0,77,,4189267596858,
2026-08-18 23:50:25.271,pulse_batch,x,,,,,-4,,13137,593,-164,0,77,,4189288624682,
2026-08-18 23:50:25.291,pulse_batch,x,,,,,-4,,13141,589,-168,0,77,,4189309173731,
2026-08-18 23:50:25.314,pulse_batch,x,,,,,-4,,13145,585,-172,0,77,,4189331605325,
2026-08-18 23:50:25.335,pulse_batch,x,,,,,-4,,13149,581,-176,0,77,,4189353088757,
2026-08-18 23:50:25.356,pulse_batch,x,,,,,-4,,13153,577,-180,0,77,,4189373704250,
2026-08-18 23:50:25.378,pulse_batch,x,,,,,-4,,13157,573,-184,0,77,,4189395454625,
2026-08-18 23:50:25.399,pulse_batch,x,,,,,-4,,13161,569,-188,0,77,,4189416705559,
2026-08-18 23:50:25.420,pulse_batch,x,,,,,-4,,13165,565,-192,0,77,,4189437289386,
2026-08-18 23:50:25.444,pulse_batch,x,,,,,-4,,13169,561,-196,0,77,,4189462020244,
2026-08-18 23:50:25.465,pulse_batch,x,,,,,-4,,13173,557,-200,0,77,,4189482667200,
2026-08-18 23:50:25.485,pulse_batch,x,,,,,-4,,13177,553,-204,0,77,,4189503232434,
2026-08-18 23:50:25.506,pulse_batch,x,,,,,-4,,13181,549,-208,0,77,,4189523988056,
2026-08-18 23:50:25.527,pulse_batch,x,,,,,-4,,13185,545,-212,0,77,,4189544784770,
2026-08-18 23:50:25.548,pulse_batch,x,,,,,-4,,13189,541,-216,0,77,,4189565433078,
2026-08-18 23:50:25.568,pulse_batch,x,,,,,-4,,13193,537,-220,0,77,,4189585974108,
2026-08-18 23:50:25.592,pulse_batch,x,,,,,-4,,13197,533,-224,0,77,,4189610083674,
2026-08-18 23:50:25.613,pulse_batch,x,,,,,-4,,13201,529,-228,0,77,,4189630771000,
2026-08-18 23:50:25.634,pulse_batch,x,,,,,-4,,13205,525,-232,0,77,,4189651347826,
2026-08-18 23:50:25.655,pulse_batch,x,,,,,-4,,13209,521,-236,0,77,,4189672684075,
2026-08-18 23:50:25.676,pulse_batch,x,,,,,-4,,13213,517,-240,0,77,,4189693372789,
2026-08-18 23:50:25.696,pulse_batch,x,,,,,-4,,13217,513,-244,0,77,,4189713894098,
2026-08-18 23:50:25.719,pulse_batch,x,,,,,-4,,13221,509,-248,0,77,,4189736682301,
2026-08-18 23:50:25.740,pulse_batch,x,,,,,-4,,13225,505,-252,0,77,,4189757390812,
2026-08-18 23:50:25.760,pulse_batch,x,,,,,-4,,13229,501,-256,0,77,,4189777931546,
2026-08-18 23:50:25.780,pulse_batch,x,,,,,-3,,13232,498,-259,0,77,,4189797633803,
2026-08-18 23:50:25.780,continuous_stop,x,,,,,,-1,13232,498,-259,0,77,,4189797890839,
2026-08-18 23:50:26.113,continuous_start,x,,,,,,-1,13232,498,-259,0,77,,4190130297398,
2026-08-18 23:50:26.115,pulse_batch,x,,,,,-1,,13233,497,-260,0,77,,4190133139326,
2026-08-18 23:50:26.136,pulse_batch,x,,,,,-4,,13237,493,-264,0,77,,4190153997670,
2026-08-18 23:50:26.157,pulse_batch,x,,,,,-4,,13241,489,-268,0,77,,4190174542775,
2026-08-18 23:50:26.179,pulse_batch,x,,,,,-4,,13245,485,-272,0,77,,4190196330576,
2026-08-18 23:50:26.199,pulse_batch,x,,,,,-4,,13249,481,-276,0,77,,4190216989846,
2026-08-18 23:50:26.220,pulse_batch,x,,,,,-4,,13253,477,-280,0,77,,4190237700543,
2026-08-18 23:50:26.243,pulse_batch,x,,,,,-4,,13257,473,-284,0,77,,4190260156988,
2026-08-18 23:50:26.245,continuous_stop,x,,,,,,-1,13257,473,-284,0,77,,4190262782621,
2026-08-18 23:50:26.512,continuous_start,x,,,,,,-1,13257,473,-284,0,77,,4190529844166,
2026-08-18 23:50:26.515,pulse_batch,x,,,,,-1,,13258,472,-285,0,77,,4190532787186,
2026-08-18 23:50:26.536,pulse_batch,x,,,,,-4,,13262,468,-289,0,77,,4190553809584,
2026-08-18 23:50:26.557,pulse_batch,x,,,,,-4,,13266,464,-293,0,77,,4190574374115,
2026-08-18 23:50:26.579,pulse_batch,x,,,,,-4,,13270,460,-297,0,77,,4190596598210,
2026-08-18 23:50:26.601,pulse_batch,x,,,,,-4,,13274,456,-301,0,77,,4190618465362,
2026-08-18 23:50:26.621,pulse_batch,x,,,,,-4,,13278,452,-305,0,77,,4190639163836,
2026-08-18 23:50:26.642,pulse_batch,x,,,,,-4,,13282,448,-309,0,77,,4190659843996,
2026-08-18 23:50:26.645,continuous_stop,x,,,,,,-1,13282,448,-309,0,77,,4190662545943,
2026-08-18 23:50:27.784,continuous_start,y,,,,,,1,2975,-17,-394,0,4,,4191801594460,
2026-08-18 23:50:27.787,pulse_batch,y,,,,,1,,2976,-16,-394,1,4,,4191804395370,
2026-08-18 23:50:27.808,pulse_batch,y,,,,,4,,2980,-12,-393,4,4,,4191825380583,
2026-08-18 23:50:27.828,pulse_batch,y,,,,,4,,2984,-8,-389,4,4,,4191845987113,
2026-08-18 23:50:27.852,pulse_batch,y,,,,,4,,2988,-4,-385,4,4,,4191869263665,
2026-08-18 23:50:27.874,pulse_batch,y,,,,,4,,2992,0,-381,4,4,,4191891921999,
2026-08-18 23:50:27.895,pulse_batch,y,,,,,4,,2996,4,-377,4,4,,4191912531621,
2026-08-18 23:50:27.915,pulse_batch,y,,,,,3,,2999,7,-374,4,4,,4191932309212,
2026-08-18 23:50:27.915,continuous_stop,y,,,,,,1,2999,7,-374,4,4,,4191932856727,
2026-08-18 23:50:29.582,continuous_start,x,,,,,,-1,13282,448,-309,0,77,,4193599212898,
2026-08-18 23:50:29.584,pulse_batch,x,,,,,-1,,13283,447,-310,0,77,,4193602087066,
2026-08-18 23:50:29.587,continuous_stop,x,,,,,,-1,13283,447,-310,0,77,,4193604665737,
2026-08-18 23:50:31.316,continuous_start,x,,,,,,-1,13283,447,-310,0,77,,4195334052756,
2026-08-18 23:50:31.319,pulse_batch,x,,,,,-1,,13284,446,-311,0,77,,4195337031517,
2026-08-18 23:50:31.322,continuous_stop,x,,,,,,-1,13284,446,-311,0,77,,4195339603687,
2026-08-18 23:50:32.918,continuous_start,x,,,,,,-1,13284,446,-311,0,77,,4196936230360,
2026-08-18 23:50:32.921,pulse_batch,x,,,,,-1,,13285,445,-312,0,77,,4196939086955,
2026-08-18 23:50:32.944,pulse_batch,x,,,,,-4,,13289,441,-316,0,77,,4196962240359,
2026-08-18 23:50:32.965,pulse_batch,x,,,,,-4,,13293,437,-320,0,77,,4196982814260,
2026-08-18 23:50:32.984,pulse_batch,x,,,,,-3,,13296,434,-323,0,77,,4197001863929,
2026-08-18 23:50:32.985,continuous_stop,x,,,,,,-1,13296,434,-323,0,77,,4197002319760,
2026-08-18 23:50:34.390,continuous_start,x,,,,,,1,13296,434,-323,0,77,,4198407886585,
2026-08-18 23:50:34.393,pulse_batch,x,,,,,1,,13297,435,-323,1,77,,4198410799568,
2026-08-18 23:50:34.414,pulse_batch,x,,,,,4,,13301,439,-323,5,77,,4198432058910,
2026-08-18 23:50:34.435,pulse_batch,x,,,,,4,,13305,443,-323,9,77,,4198452643181,
2026-08-18 23:50:34.457,pulse_batch,x,,,,,4,,13309,447,-323,13,77,,4198474354909,
2026-08-18 23:50:34.477,pulse_batch,x,,,,,4,,13313,451,-323,17,77,,4198495119846,
2026-08-18 23:50:34.498,pulse_batch,x,,,,,4,,13317,455,-323,21,77,,4198515763265,
2026-08-18 23:50:34.520,pulse_batch,x,,,,,4,,13321,459,-323,25,77,,4198537214902,
2026-08-18 23:50:34.522,continuous_stop,x,,,,,,1,13321,459,-323,25,77,,4198539890924,
2026-08-18 23:50:34.989,continuous_start,x,,,,,,1,13321,459,-323,25,77,,4199006304316,
2026-08-18 23:50:34.991,pulse_batch,x,,,,,1,,13322,460,-323,26,77,,4199009254077,
2026-08-18 23:50:35.012,pulse_batch,x,,,,,4,,13326,464,-323,30,77,,4199029983625,
2026-08-18 23:50:35.033,pulse_batch,x,,,,,4,,13330,468,-323,34,77,,4199050590304,
2026-08-18 23:50:35.055,pulse_batch,x,,,,,3,,13333,471,-323,37,77,,4199072387772,
2026-08-18 23:50:35.055,continuous_stop,x,,,,,,1,13333,471,-323,37,77,,4199073009398,
2026-08-18 23:50:35.523,continuous_start,x,,,,,,1,13333,471,-323,37,77,,4199540839580,
2026-08-18 23:50:35.526,pulse_batch,x,,,,,1,,13334,472,-323,38,77,,4199544040284,
2026-08-18 23:50:35.548,pulse_batch,x,,,,,4,,13338,476,-323,42,77,,4199566203065,
2026-08-18 23:50:35.569,pulse_batch,x,,,,,4,,13342,480,-323,46,77,,4199586870336,
2026-08-18 23:50:35.591,pulse_batch,x,,,,,3,,13345,483,-323,49,77,,4199608689396,
2026-08-18 23:50:35.591,continuous_stop,x,,,,,,1,13345,483,-323,49,77,,4199608934969,
2026-08-18 23:50:36.057,continuous_start,x,,,,,,1,13345,483,-323,49,77,,4200074555163,
2026-08-18 23:50:36.060,pulse_batch,x,,,,,1,,13346,484,-323,50,77,,4200077347703,
2026-08-18 23:50:36.080,pulse_batch,x,,,,,4,,13350,488,-323,54,77,,4200098246399,
2026-08-18 23:50:36.101,pulse_batch,x,,,,,4,,13354,492,-323,58,77,,4200118863355,
2026-08-18 23:50:36.125,pulse_batch,x,,,,,4,,13358,496,-323,62,77,,4200142823348,
2026-08-18 23:50:36.146,pulse_batch,x,,,,,4,,13362,500,-323,66,77,,4200163581026,
2026-08-18 23:50:36.166,pulse_batch,x,,,,,4,,13366,504,-323,70,77,,4200184206501,
2026-08-18 23:50:36.189,pulse_batch,x,,,,,3,,13369,507,-323,73,77,,4200206807594,
2026-08-18 23:50:36.189,continuous_stop,x,,,,,,1,13369,507,-323,73,77,,4200207162629,
2026-08-18 23:50:36.725,continuous_start,x,,,,,,1,13369,507,-323,73,77,,4200742601630,
2026-08-18 23:50:36.728,pulse_batch,x,,,,,1,,13370,508,-323,74,77,,4200745495576,
2026-08-18 23:50:36.748,pulse_batch,x,,,,,4,,13374,512,-322,77,77,,4200766186217,
2026-08-18 23:50:36.769,pulse_batch,x,,,,,4,,13378,516,-318,77,77,,4200786768007,
2026-08-18 23:50:36.790,pulse_batch,x,,,,,4,,13382,520,-314,77,77,,4200807919053,
2026-08-18 23:50:36.793,continuous_stop,x,,,,,,1,13382,520,-314,77,77,,4200810563779,
2026-08-18 23:50:37.322,continuous_start,x,,,,,,1,13382,520,-314,77,77,,4201339561706,
2026-08-18 23:50:37.325,pulse_batch,x,,,,,1,,13383,521,-313,77,77,,4201342541578,
2026-08-18 23:50:37.345,pulse_batch,x,,,,,4,,13387,525,-309,77,77,,4201363234886,
2026-08-18 23:50:37.366,pulse_batch,x,,,,,4,,13391,529,-305,77,77,,4201383808453,
2026-08-18 23:50:37.388,pulse_batch,x,,,,,4,,13395,533,-301,77,77,,4201405915420,
2026-08-18 23:50:37.391,continuous_stop,x,,,,,,1,13395,533,-301,77,77,,4201408499201,
2026-08-18 23:50:37.790,continuous_start,x,,,,,,1,13395,533,-301,77,77,,4201807299501,
2026-08-18 23:50:37.792,pulse_batch,x,,,,,1,,13396,534,-300,77,77,,4201810101837,
2026-08-18 23:50:37.813,pulse_batch,x,,,,,4,,13400,538,-296,77,77,,4201830997273,
2026-08-18 23:50:37.834,pulse_batch,x,,,,,4,,13404,542,-292,77,77,,4201851542600,
2026-08-18 23:50:37.856,pulse_batch,x,,,,,4,,13408,546,-288,77,77,,4201873687196,
2026-08-18 23:50:37.877,pulse_batch,x,,,,,4,,13412,550,-284,77,77,,4201894388930,
2026-08-18 23:50:37.897,pulse_batch,x,,,,,4,,13416,554,-280,77,77,,4201914969424,
2026-08-18 23:50:37.920,pulse_batch,x,,,,,4,,13420,558,-276,77,77,,4201937379277,
2026-08-18 23:50:37.922,continuous_stop,x,,,,,,1,13420,558,-276,77,77,,4201940164243,
2026-08-18 23:50:38.324,continuous_start,x,,,,,,1,13420,558,-276,77,77,,4202341657935,
2026-08-18 23:50:38.327,pulse_batch,x,,,,,1,,13421,559,-275,77,77,,4202344519197,
2026-08-18 23:50:38.347,pulse_batch,x,,,,,4,,13425,563,-271,77,77,,4202365145912,
2026-08-18 23:50:38.368,pulse_batch,x,,,,,4,,13429,567,-267,77,77,,4202385727888,
2026-08-18 23:50:38.390,pulse_batch,x,,,,,4,,13433,571,-263,77,77,,4202408069982,
2026-08-18 23:50:38.411,pulse_batch,x,,,,,4,,13437,575,-259,77,77,,4202428665013,
2026-08-18 23:50:38.432,pulse_batch,x,,,,,4,,13441,579,-255,77,77,,4202449260877,
2026-08-18 23:50:38.457,pulse_batch,x,,,,,4,,13445,583,-251,77,77,,4202474893416,
2026-08-18 23:50:38.460,continuous_stop,x,,,,,,1,13445,583,-251,77,77,,4202477491364,
2026-08-18 23:50:38.991,continuous_start,x,,,,,,1,13445,583,-251,77,77,,4203008682077,
2026-08-18 23:50:38.994,pulse_batch,x,,,,,1,,13446,584,-250,77,77,,4203011546634,
2026-08-18 23:50:39.016,pulse_batch,x,,,,,4,,13450,588,-246,77,77,,4203034210264,
2026-08-18 23:50:39.037,pulse_batch,x,,,,,4,,13454,592,-242,77,77,,4203054777888,
2026-08-18 23:50:39.060,pulse_batch,x,,,,,4,,13458,596,-238,77,77,,4203077511332,
2026-08-18 23:50:39.082,pulse_batch,x,,,,,4,,13462,600,-234,77,77,,4203099583058,
2026-08-18 23:50:39.102,pulse_batch,x,,,,,4,,13466,604,-230,77,77,,4203120145904,
2026-08-18 23:50:39.123,pulse_batch,x,,,,,4,,13470,608,-226,77,77,,4203141026970,
2026-08-18 23:50:39.126,continuous_stop,x,,,,,,1,13470,608,-226,77,77,,4203143639844,
2026-08-18 23:50:40.258,continuous_start,x,,,,,,-1,13470,608,-226,77,77,,4204275916725,
2026-08-18 23:50:40.261,pulse_batch,x,,,,,-1,,13471,607,-226,76,77,,4204278902911,
2026-08-18 23:50:40.282,pulse_batch,x,,,,,-4,,13475,603,-226,72,77,,4204299661089,
2026-08-18 23:50:40.302,pulse_batch,x,,,,,-4,,13479,599,-226,68,77,,4204320228917,
2026-08-18 23:50:40.325,pulse_batch,x,,,,,-4,,13483,595,-226,64,77,,4204343183823,
2026-08-18 23:50:40.346,pulse_batch,x,,,,,-4,,13487,591,-226,60,77,,4204364062167,
2026-08-18 23:50:40.367,pulse_batch,x,,,,,-4,,13491,587,-226,56,77,,4204384622198,
2026-08-18 23:50:40.389,pulse_batch,x,,,,,-4,,13495,583,-226,52,77,,4204406658257,
2026-08-18 23:50:40.410,pulse_batch,x,,,,,-4,,13499,579,-226,48,77,,4204427369047,
2026-08-18 23:50:40.430,pulse_batch,x,,,,,-4,,13503,575,-226,44,77,,4204447990503,
2026-08-18 23:50:40.451,pulse_batch,x,,,,,-4,,13507,571,-226,40,77,,4204468842274,
2026-08-18 23:50:40.472,pulse_batch,x,,,,,-4,,13511,567,-226,36,77,,4204489684433,
2026-08-18 23:50:40.493,pulse_batch,x,,,,,-4,,13515,563,-226,32,77,,4204510291797,
2026-08-18 23:50:40.513,pulse_batch,x,,,,,-4,,13519,559,-226,28,77,,4204530856142,
2026-08-18 23:50:40.536,pulse_batch,x,,,,,-4,,13523,555,-226,24,77,,4204553375236,
2026-08-18 23:50:40.556,pulse_batch,x,,,,,-4,,13527,551,-226,20,77,,4204574120637,
2026-08-18 23:50:40.577,pulse_batch,x,,,,,-4,,13531,547,-226,16,77,,4204594586742,
2026-08-18 23:50:40.599,pulse_batch,x,,,,,-4,,13535,543,-226,12,77,,4204617135706,
2026-08-18 23:50:40.620,pulse_batch,x,,,,,-4,,13539,539,-226,8,77,,4204638222568,
2026-08-18 23:50:40.641,pulse_batch,x,,,,,-4,,13543,535,-226,4,77,,4204658768414,
2026-08-18 23:50:40.661,pulse_batch,x,,,,,-3,,13546,532,-226,1,77,,4204678447098,
2026-08-18 23:50:40.661,continuous_stop,x,,,,,,-1,13546,532,-226,1,77,,4204678711504,
2026-08-18 23:50:41.060,continuous_start,x,,,,,,-1,13546,532,-226,1,77,,4205077783508,
2026-08-18 23:50:41.063,pulse_batch,x,,,,,-1,,13547,531,-226,0,77,,4205080616843,
2026-08-18 23:50:41.086,pulse_batch,x,,,,,-4,,13551,527,-230,0,77,,4205103641360,
2026-08-18 23:50:41.106,pulse_batch,x,,,,,-4,,13555,523,-234,0,77,,4205124199873,
2026-08-18 23:50:41.128,pulse_batch,x,,,,,-3,,13558,520,-237,0,77,,4205145473474,
2026-08-18 23:50:41.128,continuous_stop,x,,,,,,-1,13558,520,-237,0,77,,4205145708973,
2026-08-18 23:50:41.526,continuous_start,x,,,,,,-1,13558,520,-237,0,77,,4205543568744,
2026-08-18 23:50:41.529,pulse_batch,x,,,,,-1,,13559,519,-238,0,77,,4205546481264,
2026-08-18 23:50:41.549,pulse_batch,x,,,,,-4,,13563,515,-242,0,77,,4205567164332,
2026-08-18 23:50:41.570,pulse_batch,x,,,,,-4,,13567,511,-246,0,77,,4205587752418,
2026-08-18 23:50:41.592,pulse_batch,x,,,,,-4,,13571,507,-250,0,77,,4205609901162,
2026-08-18 23:50:41.595,continuous_stop,x,,,,,,-1,13571,507,-250,0,77,,4205612564684,
2026-08-18 23:50:42.329,continuous_start,x,,,,,,-1,13571,507,-250,0,77,,4206346614707,
2026-08-18 23:50:42.332,pulse_batch,x,,,,,-1,,13572,506,-251,0,77,,4206349461562,
2026-08-18 23:50:42.352,pulse_batch,x,,,,,-4,,13576,502,-255,0,77,,4206370200425,
2026-08-18 23:50:42.373,pulse_batch,x,,,,,-4,,13580,498,-259,0,77,,4206390805011,
2026-08-18 23:50:42.395,pulse_batch,x,,,,,-4,,13584,494,-263,0,77,,4206412851571,
2026-08-18 23:50:42.398,continuous_stop,x,,,,,,-1,13584,494,-263,0,77,,4206415451853,
2026-08-18 23:50:42.930,continuous_start,x,,,,,,-1,13584,494,-263,0,77,,4206948024913,
2026-08-18 23:50:42.933,pulse_batch,x,,,,,-1,,13585,493,-264,0,77,,4206950911952,
2026-08-18 23:50:42.954,pulse_batch,x,,,,,-4,,13589,489,-268,0,77,,4206971982628,
2026-08-18 23:50:42.975,pulse_batch,x,,,,,-4,,13593,485,-272,0,77,,4206992548956,
2026-08-18 23:50:42.996,pulse_batch,x,,,,,-4,,13597,481,-276,0,77,,4207013736316,
2026-08-18 23:50:42.999,continuous_stop,x,,,,,,-1,13597,481,-276,0,77,,4207016355635,
2026-08-18 23:50:43.998,continuous_start,x,,,,,,-1,13597,481,-276,0,77,,4208015798131,
2026-08-18 23:50:44.001,pulse_batch,x,,,,,-1,,13598,480,-277,0,77,,4208018713319,
2026-08-18 23:50:44.004,continuous_stop,x,,,,,,-1,13598,480,-277,0,77,,4208021305693,
2026-08-18 23:50:45.866,continuous_start,x,,,,,,-1,13598,480,-277,0,77,,4209883745153,
2026-08-18 23:50:45.869,pulse_batch,x,,,,,-1,,13599,479,-278,0,77,,4209886639118,
2026-08-18 23:50:45.890,pulse_batch,x,,,,,-4,,13603,475,-282,0,77,,4209908153181,
2026-08-18 23:50:45.911,pulse_batch,x,,,,,-4,,13607,471,-286,0,77,,4209928743693,
2026-08-18 23:50:45.932,pulse_batch,x,,,,,-3,,13610,468,-289,0,77,,4209949149762,
2026-08-18 23:50:45.932,continuous_stop,x,,,,,,-1,13610,468,-289,0,77,,4209949644167,
2026-08-18 23:50:50.470,continuous_start,x,,,,,,-1,13610,468,-289,0,77,,4214487392733,
2026-08-18 23:50:50.473,pulse_batch,x,,,,,-1,,13611,467,-290,0,77,,4214490681381,
2026-08-18 23:50:50.476,continuous_stop,x,,,,,,-1,13611,467,-290,0,77,,4214493892751,
2026-08-18 23:50:52.406,continuous_start,x,,,,,,-1,13611,467,-290,0,77,,4216423647371,
2026-08-18 23:50:52.409,pulse_batch,x,,,,,-1,,13612,466,-291,0,77,,4216426684188,
2026-08-18 23:50:52.411,continuous_stop,x,,,,,,-1,13612,466,-291,0,77,,4216429275432,
2026-08-18 23:50:54.008,continuous_start,x,,,,,,-1,13612,466,-291,0,77,,4218025989633,
2026-08-18 23:50:54.011,pulse_batch,x,,,,,-1,,13613,465,-292,0,77,,4218028876135,
2026-08-18 23:50:54.032,pulse_batch,x,,,,,-4,,13617,461,-296,0,77,,4218049604055,
2026-08-18 23:50:54.052,pulse_batch,x,,,,,-4,,13621,457,-300,0,77,,4218070204364,
2026-08-18 23:50:54.073,pulse_batch,x,,,,,-3,,13624,454,-303,0,77,,4218090789414,
2026-08-18 23:50:54.073,continuous_stop,x,,,,,,-1,13624,454,-303,0,77,,4218091134338,
2026-08-18 23:50:57.602,point_saved,x,1,stored,,,,-1,,454,-303,0,77,-303,,
2026-08-18 23:50:57.602,point_saved,y,1,stored,,,,1,,7,-374,4,4,-374,,
2026-08-18 23:51:14.555,target_start,x,0,stored,,,,,,454,-303,0,77,92,,
2026-08-18 23:51:14.556,target_start,y,0,stored,,,,,,7,-374,4,4,0,,
2026-08-18 23:51:14.556,approach_source_start,x,0,stored,,,,1,,454,-303,0,77,5,,
2026-08-18 23:51:14.556,approach_source_start,y,0,stored,,,,1,,7,-374,4,4,-14,,
2026-08-18 23:51:14.558,move_start,y,,,19,360,,1,2999,7,-374,4,4,,4238576101615,
2026-08-18 23:51:14.559,move_start,x,,,19,385,,1,13624,454,-303,0,77,,4238576314781,
2026-08-18 23:51:14.561,pulse_batch,y,,,,,1,,3000,8,-373,4,4,,4238578878859,
2026-08-18 23:51:14.561,pulse_batch,x,,,,,1,,13625,455,-303,1,77,,4238579009728,
2026-08-18 23:51:14.582,pulse_batch,y,,,,,4,,3004,12,-369,4,4,,4238599778797,
2026-08-18 23:51:14.582,pulse_batch,x,,,,,4,,13629,459,-303,5,77,,4238600142591,
2026-08-18 23:51:14.603,pulse_batch,y,,,,,4,,3008,16,-365,4,4,,4238620321088,
2026-08-18 23:51:14.603,pulse_batch,x,,,,,4,,13633,463,-303,9,77,,4238620639290,
2026-08-18 23:51:14.624,pulse_batch,y,,,,,4,,3012,20,-361,4,4,,4238641597598,
2026-08-18 23:51:14.624,pulse_batch,x,,,,,4,,13637,467,-303,13,77,,4238641461654,
2026-08-18 23:51:14.645,pulse_batch,y,,,,,4,,3016,24,-357,4,4,,4238662618517,
2026-08-18 23:51:14.645,pulse_batch,x,,,,,4,,13641,471,-303,17,77,,4238662844960,
2026-08-18 23:51:14.666,pulse_batch,y,,,,,4,,3020,28,-353,4,4,,4238683315141,
2026-08-18 23:51:14.666,pulse_batch,x,,,,,4,,13645,475,-303,21,77,,4238683522584,
2026-08-18 23:51:14.686,pulse_batch,y,,,,,4,,3024,32,-349,4,4,,4238704015321,
2026-08-18 23:51:14.687,pulse_batch,x,,,,,4,,13649,479,-303,25,77,,4238704478892,
2026-08-18 23:51:14.709,pulse_batch,x,,,,,4,,13653,483,-303,29,77,,4238726671249,
2026-08-18 23:51:14.711,pulse_batch,y,,,,,4,,3028,36,-345,4,4,,4238729233030,
2026-08-18 23:51:14.730,pulse_batch,x,,,,,4,,13657,487,-303,33,77,,4238747466631,
2026-08-18 23:51:14.732,pulse_batch,y,,,,,4,,3032,40,-341,4,4,,4238749791989,
2026-08-18 23:51:14.751,pulse_batch,x,,,,,4,,13661,491,-303,37,77,,4238768061645,
2026-08-18 23:51:14.753,pulse_batch,y,,,,,4,,3036,44,-337,4,4,,4238770363984,
2026-08-18 23:51:14.773,pulse_batch,x,,,,,4,,13665,495,-303,41,77,,4238790659129,
2026-08-18 23:51:14.774,pulse_batch,y,,,,,4,,3040,48,-333,4,4,,4238791433180,
2026-08-18 23:51:14.794,pulse_batch,x,,,,,4,,13669,499,-303,45,77,,4238811274920,
2026-08-18 23:51:14.794,pulse_batch,y,,,,,4,,3044,52,-329,4,4,,4238812052971,
2026-08-18 23:51:14.814,pulse_batch,x,,,,,4,,13673,503,-303,49,77,,4238831903045,
2026-08-18 23:51:14.815,pulse_batch,y,,,,,4,,3048,56,-325,4,4,,4238832630115,
2026-08-18 23:51:14.835,pulse_batch,x,,,,,4,,13677,507,-303,53,77,,4238852560910,
2026-08-18 23:51:14.837,pulse_batch,y,,,,,4,,3052,60,-321,4,4,,4238855155006,
2026-08-18 23:51:14.856,pulse_batch,x,,,,,4,,13681,511,-303,57,77,,4238873302700,
2026-08-18 23:51:14.858,pulse_batch,y,,,,,4,,3056,64,-317,4,4,,4238875816205,
2026-08-18 23:51:14.876,pulse_batch,x,,,,,4,,13685,515,-303,61,77,,4238893951547,
2026-08-18 23:51:14.879,pulse_batch,y,,,,,4,,3060,68,-313,4,4,,4238896413829,
2026-08-18 23:51:14.899,pulse_batch,x,,,,,4,,13689,519,-303,65,77,,4238916538253,
2026-08-18 23:51:14.899,pulse_batch,y,,,,,4,,3064,72,-309,4,4,,4238917115491,
2026-08-18 23:51:14.919,pulse_batch,x,,,,,4,,13693,523,-303,69,77,,4238937211489,
2026-08-18 23:51:14.920,pulse_batch,y,,,,,4,,3068,76,-305,4,4,,4238937860615,
2026-08-18 23:51:14.940,pulse_batch,x,,,,,4,,13697,527,-303,73,77,,4238957792558,
2026-08-18 23:51:14.941,pulse_batch,y,,,,,4,,3072,80,-301,4,4,,4238958446776,
2026-08-18 23:51:14.961,pulse_batch,x,,,,,4,,13701,531,-303,77,77,,4238978457719,
2026-08-18 23:51:14.963,pulse_batch,y,,,,,4,,3076,84,-297,4,4,,4238980732669,
2026-08-18 23:51:14.982,pulse_batch,x,,,,,4,,13705,535,-299,77,77,,4238999426657,
2026-08-18 23:51:14.984,pulse_batch,y,,,,,4,,3080,88,-293,4,4,,4239001921587,
2026-08-18 23:51:15.002,pulse_batch,x,,,,,4,,13709,539,-295,77,77,,4239020050003,
2026-08-18 23:51:15.005,pulse_batch,y,,,,,4,,3084,92,-289,4,4,,4239022458490,
2026-08-18 23:51:15.023,pulse_batch,x,,,,,4,,13713,543,-291,77,77,,4239040649832,
2026-08-18 23:51:15.025,pulse_batch,y,,,,,4,,3088,96,-285,4,4,,4239043193577,
2026-08-18 23:51:15.044,pulse_batch,x,,,,,4,,13717,547,-287,77,77,,4239062002767,
2026-08-18 23:51:15.046,pulse_batch,y,,,,,4,,3092,100,-281,4,4,,4239063870460,
2026-08-18 23:51:15.065,pulse_batch,x,,,,,4,,13721,551,-283,77,77,,4239082569614,
2026-08-18 23:51:15.067,pulse_batch,y,,,,,4,,3096,104,-277,4,4,,4239084442363,
2026-08-18 23:51:15.087,pulse_batch,x,,,,,4,,13725,555,-279,77,77,,4239104917007,
2026-08-18 23:51:15.087,pulse_batch,y,,,,,4,,3100,108,-273,4,4,,4239105103691,
2026-08-18 23:51:15.109,pulse_batch,x,,,,,4,,13729,559,-275,77,77,,4239126924031,
2026-08-18 23:51:15.109,pulse_batch,y,,,,,4,,3104,112,-269,4,4,,4239127168289,
2026-08-18 23:51:15.130,pulse_batch,x,,,,,4,,13733,563,-271,77,77,,4239147560415,
2026-08-18 23:51:15.130,pulse_batch,y,,,,,4,,3108,116,-265,4,4,,4239147750470,
2026-08-18 23:51:15.150,pulse_batch,x,,,,,4,,13737,567,-267,77,77,,4239168175317,
2026-08-18 23:51:15.151,pulse_batch,y,,,,,4,,3112,120,-261,4,4,,4239168385335,
2026-08-18 23:51:15.171,pulse_batch,y,,,,,4,,3116,124,-257,4,4,,4239189030052,
2026-08-18 23:51:15.171,pulse_batch,x,,,,,4,,13741,571,-263,77,77,,4239189236199,
2026-08-18 23:51:15.192,pulse_batch,y,,,,,4,,3120,128,-253,4,4,,4239209810176,
2026-08-18 23:51:15.192,pulse_batch,x,,,,,4,,13745,575,-259,77,77,,4239209925249,
2026-08-18 23:51:15.213,pulse_batch,y,,,,,4,,3124,132,-249,4,4,,4239230368523,
2026-08-18 23:51:15.213,pulse_batch,x,,,,,4,,13749,579,-255,77,77,,4239230618503,
2026-08-18 23:51:15.235,pulse_batch,x,,,,,4,,13753,583,-251,77,77,,4239252784730,
2026-08-18 23:51:15.236,pulse_batch,y,,,,,4,,3128,136,-245,4,4,,4239253756780,
2026-08-18 23:51:15.256,pulse_batch,x,,,,,4,,13757,587,-247,77,77,,4239273421521,
2026-08-18 23:51:15.257,pulse_batch,y,,,,,4,,3132,140,-241,4,4,,4239274400905,
2026-08-18 23:51:15.276,pulse_batch,x,,,,,4,,13761,591,-243,77,77,,4239293949072,
2026-08-18 23:51:15.277,pulse_batch,y,,,,,4,,3136,144,-237,4,4,,4239295042103,
2026-08-18 23:51:15.297,pulse_batch,x,,,,,4,,13765,595,-239,77,77,,4239314883436,
2026-08-18 23:51:15.300,pulse_batch,y,,,,,4,,3140,148,-233,4,4,,4239317838790,
2026-08-18 23:51:15.318,pulse_batch,x,,,,,4,,13769,599,-235,77,77,,4239335556727,
2026-08-18 23:51:15.323,pulse_batch,y,,,,,4,,3144,152,-229,4,4,,4239340980770,
2026-08-18 23:51:15.338,pulse_batch,x,,,,,4,,13773,603,-231,77,77,,4239356094611,
2026-08-18 23:51:15.344,pulse_batch,y,,,,,4,,3148,156,-225,4,4,,4239361509729,
2026-08-18 23:51:15.361,pulse_batch,x,,,,,4,,13777,607,-227,77,77,,4239378609836,
2026-08-18 23:51:15.366,pulse_batch,y,,,,,4,,3152,160,-221,4,4,,4239383848344,
2026-08-18 23:51:15.382,pulse_batch,x,,,,,4,,13781,611,-223,77,77,,4239399401071,
2026-08-18 23:51:15.387,pulse_batch,y,,,,,4,,3156,164,-217,4,4,,4239404569968,
2026-08-18 23:51:15.402,pulse_batch,x,,,,,4,,13785,615,-219,77,77,,4239420019455,
2026-08-18 23:51:15.407,pulse_batch,y,,,,,4,,3160,168,-213,4,4,,4239425147852,
2026-08-18 23:51:15.423,pulse_batch,x,,,,,4,,13789,619,-215,77,77,,4239440672209,
2026-08-18 23:51:15.431,pulse_batch,y,,,,,4,,3164,172,-209,4,4,,4239448509220,
2026-08-18 23:51:15.449,pulse_batch,x,,,,,4,,13793,623,-211,77,77,,4239466461749,
2026-08-18 23:51:15.454,pulse_batch,y,,,,,4,,3168,176,-205,4,4,,4239471734719,
2026-08-18 23:51:15.469,pulse_batch,x,,,,,4,,13797,627,-207,77,77,,4239487034318,
2026-08-18 23:51:15.475,pulse_batch,y,,,,,4,,3172,180,-201,4,4,,4239492345048,
2026-08-18 23:51:15.490,pulse_batch,x,,,,,4,,13801,631,-203,77,77,,4239507705146,
2026-08-18 23:51:15.499,pulse_batch,y,,,,,4,,3176,184,-197,4,4,,4239517131575,
2026-08-18 23:51:15.512,pulse_batch,x,,,,,4,,13805,635,-199,77,77,,4239529926447,
2026-08-18 23:51:15.521,pulse_batch,y,,,,,4,,3180,188,-193,4,4,,4239538416992,
2026-08-18 23:51:15.533,pulse_batch,x,,,,,4,,13809,639,-195,77,77,,4239550572812,
2026-08-18 23:51:15.541,pulse_batch,y,,,,,4,,3184,192,-189,4,4,,4239558944728,
2026-08-18 23:51:15.554,pulse_batch,x,,,,,4,,13813,643,-191,77,77,,4239571914803,
2026-08-18 23:51:15.563,pulse_batch,y,,,,,4,,3188,196,-185,4,4,,4239581160751,
2026-08-18 23:51:15.577,pulse_batch,x,,,,,4,,13817,647,-187,77,77,,4239594198196,
2026-08-18 23:51:15.586,pulse_batch,y,,,,,4,,3192,200,-181,4,4,,4239604172788,
2026-08-18 23:51:15.597,pulse_batch,x,,,,,4,,13821,651,-183,77,77,,4239614868691,
2026-08-18 23:51:15.607,pulse_batch,y,,,,,4,,3196,204,-177,4,4,,4239624787672,
2026-08-18 23:51:15.619,pulse_batch,x,,,,,4,,13825,655,-179,77,77,,4239636594791,
2026-08-18 23:51:15.631,pulse_batch,y,,,,,4,,3200,208,-173,4,4,,4239648751148,
2026-08-18 23:51:15.642,pulse_batch,x,,,,,4,,13829,659,-175,77,77,,4239659435422,
2026-08-18 23:51:15.652,pulse_batch,y,,,,,4,,3204,212,-169,4,4,,4239669443810,
2026-08-18 23:51:15.662,pulse_batch,x,,,,,4,,13833,663,-171,77,77,,4239680022472,
2026-08-18 23:51:15.672,pulse_batch,y,,,,,4,,3208,216,-165,4,4,,4239690010898,
2026-08-18 23:51:15.685,pulse_batch,x,,,,,4,,13837,667,-167,77,77,,4239702976713,
2026-08-18 23:51:15.697,pulse_batch,y,,,,,4,,3212,220,-161,4,4,,4239714608759,
2026-08-18 23:51:15.707,pulse_batch,x,,,,,4,,13841,671,-163,77,77,,4239724962756,
2026-08-18 23:51:15.718,pulse_batch,y,,,,,4,,3216,224,-157,4,4,,4239735348476,
2026-08-18 23:51:15.728,pulse_batch,x,,,,,4,,13845,675,-159,77,77,,4239745720491,
2026-08-18 23:51:15.738,pulse_batch,y,,,,,4,,3220,228,-153,4,4,,4239756232395,
2026-08-18 23:51:15.748,pulse_batch,x,,,,,4,,13849,679,-155,77,77,,4239766247672,
2026-08-18 23:51:15.761,pulse_batch,y,,,,,4,,3224,232,-149,4,4,,4239778525232,
2026-08-18 23:51:15.769,pulse_batch,x,,,,,4,,13853,683,-151,77,77,,4239786883426,
2026-08-18 23:51:15.782,pulse_batch,y,,,,,4,,3228,236,-145,4,4,,4239799993204,
2026-08-18 23:51:15.790,pulse_batch,x,,,,,4,,13857,687,-147,77,77,,4239807554421,
2026-08-18 23:51:15.803,pulse_batch,y,,,,,4,,3232,240,-141,4,4,,4239820613088,
2026-08-18 23:51:15.810,pulse_batch,x,,,,,4,,13861,691,-143,77,77,,4239828088713,
2026-08-18 23:51:15.824,pulse_batch,y,,,,,4,,3236,244,-137,4,4,,4239842152763,
2026-08-18 23:51:15.831,pulse_batch,x,,,,,4,,13865,695,-139,77,77,,4239848830188,
2026-08-18 23:51:15.850,pulse_batch,y,,,,,4,,3240,248,-133,4,4,,4239867857063,
2026-08-18 23:51:15.853,pulse_batch,x,,,,,3,,13868,698,-136,77,77,,4239870519381,
2026-08-18 23:51:15.871,pulse_batch,y,,,,,4,,3244,252,-129,4,4,,4239888482539,
2026-08-18 23:51:15.873,pulse_batch,x,,,,,4,,13872,702,-132,77,77,,4239891127080,
2026-08-18 23:51:15.892,pulse_batch,y,,,,,4,,3248,256,-125,4,4,,4239909132349,
2026-08-18 23:51:15.895,pulse_batch,x,,,,,4,,13876,706,-128,77,77,,4239912411571,
2026-08-18 23:51:15.913,pulse_batch,y,,,,,4,,3252,260,-121,4,4,,4239930618913,
2026-08-18 23:51:15.916,pulse_batch,x,,,,,4,,13880,710,-124,77,77,,4239933521767,
2026-08-18 23:51:15.934,pulse_batch,y,,,,,4,,3256,264,-117,4,4,,4239951239093,
2026-08-18 23:51:15.936,pulse_batch,x,,,,,4,,13884,714,-120,77,77,,4239954093707,
2026-08-18 23:51:15.954,pulse_batch,y,,,,,4,,3260,268,-113,4,4,,4239971747885,
2026-08-18 23:51:15.957,pulse_batch,x,,,,,4,,13888,718,-116,77,77,,4239974874145,
2026-08-18 23:51:15.975,pulse_batch,y,,,,,4,,3264,272,-109,4,4,,4239992505139,
2026-08-18 23:51:15.979,pulse_batch,x,,,,,4,,13892,722,-112,77,77,,4239997031539,
2026-08-18 23:51:15.995,pulse_batch,y,,,,,4,,3268,276,-105,4,4,,4240013055579,
2026-08-18 23:51:16.000,pulse_batch,x,,,,,4,,13896,726,-108,77,77,,4240017654127,
2026-08-18 23:51:16.016,pulse_batch,y,,,,,4,,3272,280,-101,4,4,,4240033553445,
2026-08-18 23:51:16.020,pulse_batch,x,,,,,4,,13900,730,-104,77,77,,4240038224548,
2026-08-18 23:51:16.038,pulse_batch,y,,,,,4,,3276,284,-97,4,4,,4240056177706,
2026-08-18 23:51:16.041,pulse_batch,x,,,,,4,,13904,734,-100,77,77,,4240059003783,
2026-08-18 23:51:16.059,pulse_batch,y,,,,,4,,3280,288,-93,4,4,,4240076863608,
2026-08-18 23:51:16.062,pulse_batch,x,,,,,4,,13908,738,-96,77,77,,4240079640630,
2026-08-18 23:51:16.080,pulse_batch,y,,,,,4,,3284,292,-89,4,4,,4240097414104,
2026-08-18 23:51:16.082,pulse_batch,x,,,,,4,,13912,742,-92,77,77,,4240100220736,
2026-08-18 23:51:16.102,pulse_batch,y,,,,,4,,3288,296,-85,4,4,,4240120102994,
2026-08-18 23:51:16.105,pulse_batch,x,,,,,4,,13916,746,-88,77,77,,4240122690572,
2026-08-18 23:51:16.123,pulse_batch,y,,,,,4,,3292,300,-81,4,4,,4240140801267,
2026-08-18 23:51:16.126,pulse_batch,x,,,,,4,,13920,750,-84,77,77,,4240143589381,
2026-08-18 23:51:16.144,pulse_batch,y,,,,,4,,3296,304,-77,4,4,,4240161377503,
2026-08-18 23:51:16.146,pulse_batch,x,,,,,4,,13924,754,-80,77,77,,4240164172969,
2026-08-18 23:51:16.164,pulse_batch,y,,,,,4,,3300,308,-73,4,4,,4240182092960,
2026-08-18 23:51:16.167,pulse_batch,x,,,,,4,,13928,758,-76,77,77,,4240184959555,
2026-08-18 23:51:16.185,pulse_batch,y,,,,,4,,3304,312,-69,4,4,,4240202813936,
2026-08-18 23:51:16.188,pulse_batch,x,,,,,4,,13932,762,-72,77,77,,4240205634939,
2026-08-18 23:51:16.206,pulse_batch,y,,,,,4,,3308,316,-65,4,4,,4240223384524,
2026-08-18 23:51:16.208,pulse_batch,x,,,,,4,,13936,766,-68,77,77,,4240226155342,
2026-08-18 23:51:16.228,pulse_batch,y,,,,,4,,3312,320,-61,4,4,,4240245859546,
2026-08-18 23:51:16.231,pulse_batch,x,,,,,4,,13940,770,-64,77,77,,4240248621364,
2026-08-18 23:51:16.249,pulse_batch,y,,,,,4,,3316,324,-57,4,4,,4240266780058,
2026-08-18 23:51:16.252,pulse_batch,x,,,,,4,,13944,774,-60,77,77,,4240269567579,
2026-08-18 23:51:16.270,pulse_batch,y,,,,,4,,3320,328,-53,4,4,,4240287354831,
2026-08-18 23:51:16.272,pulse_batch,x,,,,,4,,13948,778,-56,77,77,,4240290129723,
2026-08-18 23:51:16.290,pulse_batch,y,,,,,4,,3324,332,-49,4,4,,4240307911215,
2026-08-18 23:51:16.295,pulse_batch,x,,,,,4,,13952,782,-52,77,77,,4240312669929,
2026-08-18 23:51:16.311,pulse_batch,y,,,,,4,,3328,336,-45,4,4,,4240328633950,
2026-08-18 23:51:16.316,pulse_batch,x,,,,,4,,13956,786,-48,77,77,,4240333373701,
2026-08-18 23:51:16.332,pulse_batch,y,,,,,4,,3332,340,-41,4,4,,4240349601573,
2026-08-18 23:51:16.336,pulse_batch,x,,,,,4,,13960,790,-44,77,77,,4240353977956,
2026-08-18 23:51:16.352,pulse_batch,y,,,,,4,,3336,344,-37,4,4,,4240370258494,
2026-08-18 23:51:16.357,pulse_batch,x,,,,,4,,13964,794,-40,77,77,,4240374552544,
2026-08-18 23:51:16.375,pulse_batch,y,,,,,4,,3340,348,-33,4,4,,4240392267185,
2026-08-18 23:51:16.378,pulse_batch,x,,,,,4,,13968,798,-36,77,77,,4240395356871,
2026-08-18 23:51:16.395,pulse_batch,y,,,,,4,,3344,352,-29,4,4,,4240413017957,
2026-08-18 23:51:16.398,pulse_batch,x,,,,,4,,13972,802,-32,77,77,,4240415959162,
2026-08-18 23:51:16.416,pulse_batch,y,,,,,4,,3348,356,-25,4,4,,4240433589174,
2026-08-18 23:51:16.419,pulse_batch,x,,,,,4,,13976,806,-28,77,77,,4240436875082,
2026-08-18 23:51:16.436,pulse_batch,y,,,,,4,,3352,360,-21,4,4,,4240454241262,
2026-08-18 23:51:16.441,pulse_batch,x,,,,,4,,13980,810,-24,77,77,,4240458838940,
2026-08-18 23:51:16.457,pulse_batch,y,,,,,4,,3356,364,-17,4,4,,4240474855775,
2026-08-18 23:51:16.462,pulse_batch,x,,,,,4,,13984,814,-20,77,77,,4240479529416,
2026-08-18 23:51:16.475,pulse_batch,y,,,,,3,,3359,367,-14,4,4,,4240492805045,
2026-08-18 23:51:16.475,move_finish,y,,,19,,,,3359,367,-14,4,4,,4240492947414,
2026-08-18 23:51:16.482,pulse_batch,x,,,,,4,,13988,818,-16,77,77,,4240500070300,
2026-08-18 23:51:16.503,pulse_batch,x,,,,,4,,13992,822,-12,77,77,,4240520989997,
2026-08-18 23:51:16.524,pulse_batch,x,,,,,4,,13996,826,-8,77,77,,4240542072452,
2026-08-18 23:51:16.545,pulse_batch,x,,,,,4,,14000,830,-4,77,77,,4240562697059,
2026-08-18 23:51:16.568,pulse_batch,x,,,,,4,,14004,834,0,77,77,,4240585518523,
2026-08-18 23:51:16.592,pulse_batch,x,,,,,4,,14008,838,4,77,77,,4240609330166,
2026-08-18 23:51:16.599,pulse_batch,x,,,,,1,,14009,839,5,77,77,,4240617039197,
2026-08-18 23:51:16.599,move_finish,x,,,19,,,,14009,839,5,77,77,,4240617226733,
2026-08-18 23:51:16.753,approach_source_finish,x,0,stored,,,,1,,839,5,77,77,5,,
2026-08-18 23:51:16.753,approach_source_finish,y,0,stored,,,,1,,367,-14,4,4,-14,,
2026-08-18 23:51:16.758,move_start,y,,,20,14,,1,3359,367,-14,4,4,,4240775336213,
2026-08-18 23:51:16.758,move_start,x,,,20,87,,1,14009,839,5,77,77,,4240775280529,
2026-08-18 23:51:16.761,pulse_batch,y,,,,,1,,3360,368,-13,4,4,,4240778487640,
2026-08-18 23:51:16.761,pulse_batch,x,,,,,1,,14010,840,6,77,77,,4240778726694,
2026-08-18 23:51:16.781,pulse_batch,y,,,,,4,,3364,372,-9,4,4,,4240799233005,
2026-08-18 23:51:16.782,pulse_batch,x,,,,,4,,14014,844,10,77,77,,4240799429819,
2026-08-18 23:51:16.802,pulse_batch,y,,,,,4,,3368,376,-5,4,4,,4240819836759,
2026-08-18 23:51:16.802,pulse_batch,x,,,,,4,,14018,848,14,77,77,,4240820019684,
2026-08-18 23:51:16.823,pulse_batch,x,,,,,4,,14022,852,18,77,77,,4240840721401,
2026-08-18 23:51:16.823,pulse_batch,y,,,,,4,,3372,380,-1,4,4,,4240840778864,
2026-08-18 23:51:16.831,pulse_batch,y,,,,,1,,3373,381,0,4,4,,4240849173205,
2026-08-18 23:51:16.832,move_finish,y,,,20,,,,3373,381,0,4,4,,4240849532759,
2026-08-18 23:51:16.845,pulse_batch,x,,,,,4,,14026,856,22,77,77,,4240862232965,
2026-08-18 23:51:16.865,pulse_batch,x,,,,,4,,14030,860,26,77,77,,4240882843905,
2026-08-18 23:51:16.886,pulse_batch,x,,,,,4,,14034,864,30,77,77,,4240903434548,
2026-08-18 23:51:16.906,pulse_batch,x,,,,,4,,14038,868,34,77,77,,4240924223635,
2026-08-18 23:51:16.928,pulse_batch,x,,,,,4,,14042,872,38,77,77,,4240945317664,
2026-08-18 23:51:16.949,pulse_batch,x,,,,,4,,14046,876,42,77,77,,4240966291157,
2026-08-18 23:51:16.970,pulse_batch,x,,,,,4,,14050,880,46,77,77,,4240987764518,
2026-08-18 23:51:16.993,pulse_batch,x,,,,,4,,14054,884,50,77,77,,4241010499742,
2026-08-18 23:51:17.013,pulse_batch,x,,,,,4,,14058,888,54,77,77,,4241031157940,
2026-08-18 23:51:17.036,pulse_batch,x,,,,,4,,14062,892,58,77,77,,4241054116052,
2026-08-18 23:51:17.057,pulse_batch,x,,,,,4,,14066,896,62,77,77,,4241074894250,
2026-08-18 23:51:17.078,pulse_batch,x,,,,,4,,14070,900,66,77,77,,4241095450745,
2026-08-18 23:51:17.098,pulse_batch,x,,,,,4,,14074,904,70,77,77,,4241116161054,
2026-08-18 23:51:17.119,pulse_batch,x,,,,,4,,14078,908,74,77,77,,4241136801512,
2026-08-18 23:51:17.140,pulse_batch,x,,,,,4,,14082,912,78,77,77,,4241157360952,
2026-08-18 23:51:17.162,pulse_batch,x,,,,,4,,14086,916,82,77,77,,4241180100046,
2026-08-18 23:51:17.183,pulse_batch,x,,,,,4,,14090,920,86,77,77,,4241200851170,
2026-08-18 23:51:17.204,pulse_batch,x,,,,,4,,14094,924,90,77,77,,4241221422036,
2026-08-18 23:51:17.216,pulse_batch,x,,,,,2,,14096,926,92,77,77,,4241234270223,
2026-08-18 23:51:17.217,move_finish,x,,,20,,,,14096,926,92,77,77,,4241234472185,
2026-08-18 23:51:17.354,target_finish,x,0,stored,,,,,,926,92,77,77,92,,ok=True
2026-08-18 23:51:17.354,target_finish,y,0,stored,,,,,,381,0,4,4,0,,ok=True
2026-08-18 23:51:20.367,target_start,x,1,stored,,,,,,926,92,77,77,-303,,
2026-08-18 23:51:20.367,target_start,y,1,stored,,,,,,381,0,4,4,-374,,
2026-08-18 23:51:20.367,approach_source_start,x,1,stored,,,,-1,,926,92,77,77,-216,,
2026-08-18 23:51:20.367,approach_source_start,y,1,stored,,,,1,,381,0,4,4,-388,,
2026-08-18 23:51:20.372,move_start,x,,,21,-385,,-1,14096,926,92,77,77,,4244389728881,
2026-08-18 23:51:20.372,move_start,y,,,21,-392,,-1,3373,381,0,4,4,,4244389981954,
2026-08-18 23:51:20.375,pulse_batch,x,,,,,-1,,14097,925,92,76,77,,4244392580995,
2026-08-18 23:51:20.375,pulse_batch,y,,,,,-1,,3374,380,0,3,4,,4244392751346,
2026-08-18 23:51:20.396,pulse_batch,y,,,,,-4,,3378,376,-1,0,4,,4244413714358,
2026-08-18 23:51:20.396,pulse_batch,x,,,,,-4,,14101,921,92,72,77,,4244413558377,
2026-08-18 23:51:20.416,pulse_batch,x,,,,,-4,,14105,917,92,68,77,,4244434211279,
2026-08-18 23:51:20.417,pulse_batch,y,,,,,-4,,3382,372,-5,0,4,,4244434462908,
2026-08-18 23:51:20.438,pulse_batch,x,,,,,-4,,14109,913,92,64,77,,4244455336438,
2026-08-18 23:51:20.438,pulse_batch,y,,,,,-4,,3386,368,-9,0,4,,4244455937213,
2026-08-18 23:51:20.460,pulse_batch,x,,,,,-4,,14113,909,92,60,77,,4244477558628,
2026-08-18 23:51:20.460,pulse_batch,y,,,,,-4,,3390,364,-13,0,4,,4244477804331,
2026-08-18 23:51:20.480,pulse_batch,x,,,,,-4,,14117,905,92,56,77,,4244498211957,
2026-08-18 23:51:20.481,pulse_batch,y,,,,,-4,,3394,360,-17,0,4,,4244498392900,
2026-08-18 23:51:20.502,pulse_batch,x,,,,,-4,,14121,901,92,52,77,,4244519752965,
2026-08-18 23:51:20.505,pulse_batch,y,,,,,-4,,3398,356,-21,0,4,,4244522313654,
2026-08-18 23:51:20.523,pulse_batch,x,,,,,-4,,14125,897,92,48,77,,4244540528682,
2026-08-18 23:51:20.525,pulse_batch,y,,,,,-4,,3402,352,-25,0,4,,4244543015205,
2026-08-18 23:51:20.543,pulse_batch,x,,,,,-4,,14129,893,92,44,77,,4244561187140,
2026-08-18 23:51:20.546,pulse_batch,y,,,,,-4,,3406,348,-29,0,4,,4244563536515,
2026-08-18 23:51:20.565,pulse_batch,x,,,,,-4,,14133,889,92,40,77,,4244583107998,
2026-08-18 23:51:20.568,pulse_batch,y,,,,,-4,,3410,344,-33,0,4,,4244585997574,
2026-08-18 23:51:20.586,pulse_batch,x,,,,,-4,,14137,885,92,36,77,,4244603918844,
2026-08-18 23:51:20.590,pulse_batch,y,,,,,-4,,3414,340,-37,0,4,,4244608125135,
2026-08-18 23:51:20.609,pulse_batch,x,,,,,-4,,14141,881,92,32,77,,4244626587272,
2026-08-18 23:51:20.611,pulse_batch,y,,,,,-4,,3418,336,-41,0,4,,4244628851796,
2026-08-18 23:51:20.630,pulse_batch,x,,,,,-4,,14145,877,92,28,77,,4244647279415,
2026-08-18 23:51:20.633,pulse_batch,y,,,,,-4,,3422,332,-45,0,4,,4244650579600,
2026-08-18 23:51:20.651,pulse_batch,x,,,,,-4,,14149,873,92,24,77,,4244668820516,
2026-08-18 23:51:20.654,pulse_batch,y,,,,,-4,,3426,328,-49,0,4,,4244671310539,
2026-08-18 23:51:20.672,pulse_batch,x,,,,,-4,,14153,869,92,20,77,,4244689297253,
2026-08-18 23:51:20.674,pulse_batch,y,,,,,-4,,3430,324,-53,0,4,,4244691856146,
2026-08-18 23:51:20.692,pulse_batch,x,,,,,-4,,14157,865,92,16,77,,4244710145654,
2026-08-18 23:51:20.695,pulse_batch,y,,,,,-4,,3434,320,-57,0,4,,4244712785547,
2026-08-18 23:51:20.715,pulse_batch,x,,,,,-4,,14161,861,92,12,77,,4244732675620,
2026-08-18 23:51:20.717,pulse_batch,y,,,,,-4,,3438,316,-61,0,4,,4244735248717,
2026-08-18 23:51:20.736,pulse_batch,x,,,,,-4,,14165,857,92,8,77,,4244753446985,
2026-08-18 23:51:20.738,pulse_batch,y,,,,,-4,,3442,312,-65,0,4,,4244755836360,
2026-08-18 23:51:20.757,pulse_batch,x,,,,,-4,,14169,853,92,4,77,,4244774005943,
2026-08-18 23:51:20.759,pulse_batch,y,,,,,-4,,3446,308,-69,0,4,,4244776425448,
2026-08-18 23:51:20.777,pulse_batch,x,,,,,-4,,14173,849,92,0,77,,4244794891733,
2026-08-18 23:51:20.780,pulse_batch,y,,,,,-4,,3450,304,-73,0,4,,4244797208072,
2026-08-18 23:51:20.798,pulse_batch,x,,,,,-4,,14177,845,88,0,77,,4244815867745,
2026-08-18 23:51:20.800,pulse_batch,y,,,,,-4,,3454,300,-77,0,4,,4244817799438,
2026-08-18 23:51:20.819,pulse_batch,x,,,,,-4,,14181,841,84,0,77,,4244836453055,
2026-08-18 23:51:20.821,pulse_batch,y,,,,,-4,,3458,296,-81,0,4,,4244838561043,
2026-08-18 23:51:20.840,pulse_batch,x,,,,,-4,,14185,837,80,0,77,,4244858045415,
2026-08-18 23:51:20.843,pulse_batch,y,,,,,-4,,3462,292,-85,0,4,,4244860857103,
2026-08-18 23:51:20.861,pulse_batch,x,,,,,-4,,14189,833,76,0,77,,4244878730966,
2026-08-18 23:51:20.865,pulse_batch,y,,,,,-4,,3466,288,-89,0,4,,4244882945831,
2026-08-18 23:51:20.881,pulse_batch,x,,,,,-4,,14193,829,72,0,77,,4244899240813,
2026-08-18 23:51:20.886,pulse_batch,y,,,,,-4,,3470,284,-93,0,4,,4244903728510,
2026-08-18 23:51:20.902,pulse_batch,x,,,,,-4,,14197,825,68,0,77,,4244919862012,
2026-08-18 23:51:20.907,pulse_batch,y,,,,,-4,,3474,280,-97,0,4,,4244924686281,
2026-08-18 23:51:20.923,pulse_batch,x,,,,,-4,,14201,821,64,0,77,,4244940679802,
2026-08-18 23:51:20.928,pulse_batch,y,,,,,-4,,3478,276,-101,0,4,,4244945401146,
2026-08-18 23:51:20.943,pulse_batch,x,,,,,-4,,14205,817,60,0,77,,4244961160095,
2026-08-18 23:51:20.948,pulse_batch,y,,,,,-4,,3482,272,-105,0,4,,4244965945512,
2026-08-18 23:51:20.966,pulse_batch,x,,,,,-4,,14209,813,56,0,77,,4244984181706,
2026-08-18 23:51:20.969,pulse_batch,y,,,,,-4,,3486,268,-109,0,4,,4244986873913,
2026-08-18 23:51:20.987,pulse_batch,x,,,,,-4,,14213,809,52,0,77,,4245004965108,
2026-08-18 23:51:20.990,pulse_batch,y,,,,,-4,,3490,264,-113,0,4,,4245007804518,
2026-08-18 23:51:21.008,pulse_batch,x,,,,,-4,,14217,805,48,0,77,,4245025866805,
2026-08-18 23:51:21.011,pulse_batch,y,,,,,-4,,3494,260,-117,0,4,,4245028415698,
2026-08-18 23:51:21.029,pulse_batch,x,,,,,-4,,14221,801,44,0,77,,4245046736132,
2026-08-18 23:51:21.033,pulse_batch,y,,,,,-4,,3498,256,-121,0,4,,4245050686499,
2026-08-18 23:51:21.053,pulse_batch,x,,,,,-4,,14225,797,40,0,77,,4245070702331,
2026-08-18 23:51:21.054,pulse_batch,y,,,,,-4,,3502,252,-125,0,4,,4245071397012,
2026-08-18 23:51:21.074,pulse_batch,x,,,,,-4,,14229,793,36,0,77,,4245091258252,
2026-08-18 23:51:21.074,pulse_batch,y,,,,,-4,,3506,248,-129,0,4,,4245091969600,
2026-08-18 23:51:21.094,pulse_batch,x,,,,,-4,,14233,789,32,0,77,,4245111864766,
2026-08-18 23:51:21.095,pulse_batch,y,,,,,-4,,3510,244,-133,0,4,,4245112557336,
2026-08-18 23:51:21.115,pulse_batch,x,,,,,-4,,14237,785,28,0,77,,4245132941981,
2026-08-18 23:51:21.118,pulse_batch,y,,,,,-4,,3514,240,-137,0,4,,4245135542448,
2026-08-18 23:51:21.136,pulse_batch,x,,,,,-4,,14241,781,24,0,77,,4245153605217,
2026-08-18 23:51:21.138,pulse_batch,y,,,,,-4,,3518,236,-141,0,4,,4245156078888,
2026-08-18 23:51:21.157,pulse_batch,x,,,,,-4,,14245,777,20,0,77,,4245174207842,
2026-08-18 23:51:21.159,pulse_batch,y,,,,,-4,,3522,232,-145,0,4,,4245177282399,
2026-08-18 23:51:21.179,pulse_batch,x,,,,,-4,,14249,773,16,0,77,,4245196679975,
2026-08-18 23:51:21.182,pulse_batch,y,,,,,-4,,3526,228,-149,0,4,,4245199304997,
2026-08-18 23:51:21.200,pulse_batch,x,,,,,-4,,14253,769,12,0,77,,4245217556302,
2026-08-18 23:51:21.202,pulse_batch,y,,,,,-4,,3530,224,-153,0,4,,4245219875900,
2026-08-18 23:51:21.220,pulse_batch,x,,,,,-4,,14257,765,8,0,77,,4245238149056,
2026-08-18 23:51:21.223,pulse_batch,y,,,,,-4,,3534,220,-157,0,4,,4245240502173,
2026-08-18 23:51:21.243,pulse_batch,x,,,,,-4,,14261,761,4,0,77,,4245260663152,
2026-08-18 23:51:21.243,pulse_batch,y,,,,,-4,,3538,216,-161,0,4,,4245261135538,
2026-08-18 23:51:21.264,pulse_batch,x,,,,,-4,,14265,757,0,0,77,,4245281323351,
2026-08-18 23:51:21.264,pulse_batch,y,,,,,-4,,3542,212,-165,0,4,,4245281773737,
2026-08-18 23:51:21.284,pulse_batch,x,,,,,-4,,14269,753,-4,0,77,,4245301873754,
2026-08-18 23:51:21.284,pulse_batch,y,,,,,-4,,3546,208,-169,0,4,,4245302282122,
2026-08-18 23:51:21.305,pulse_batch,x,,,,,-4,,14273,749,-8,0,77,,4245322724711,
2026-08-18 23:51:21.305,pulse_batch,y,,,,,-4,,3550,204,-173,0,4,,4245323016598,
2026-08-18 23:51:21.326,pulse_batch,x,,,,,-4,,14277,745,-12,0,77,,4245343553297,
2026-08-18 23:51:21.326,pulse_batch,y,,,,,-4,,3554,200,-177,0,4,,4245343778130,
2026-08-18 23:51:21.346,pulse_batch,x,,,,,-4,,14281,741,-16,0,77,,4245364127034,
2026-08-18 23:51:21.347,pulse_batch,y,,,,,-4,,3558,196,-181,0,4,,4245364314847,
2026-08-18 23:51:21.369,pulse_batch,x,,,,,-4,,14285,737,-20,0,77,,4245386670185,
2026-08-18 23:51:21.369,pulse_batch,y,,,,,-4,,3562,192,-185,0,4,,4245386814980,
2026-08-18 23:51:21.390,pulse_batch,x,,,,,-4,,14289,733,-24,0,77,,4245407344957,
2026-08-18 23:51:21.391,pulse_batch,y,,,,,-4,,3566,188,-189,0,4,,4245409043059,
2026-08-18 23:51:21.410,pulse_batch,x,,,,,-4,,14293,729,-28,0,77,,4245427897323,
2026-08-18 23:51:21.412,pulse_batch,y,,,,,-4,,3570,184,-193,0,4,,4245429641684,
2026-08-18 23:51:21.431,pulse_batch,x,,,,,-4,,14297,725,-32,0,77,,4245448531541,
2026-08-18 23:51:21.433,pulse_batch,y,,,,,-4,,3574,180,-197,0,4,,4245450788936,
2026-08-18 23:51:21.451,pulse_batch,x,,,,,-4,,14301,721,-36,0,77,,4245469207332,
2026-08-18 23:51:21.454,pulse_batch,y,,,,,-4,,3578,176,-201,0,4,,4245471486060,
2026-08-18 23:51:21.472,pulse_batch,x,,,,,-4,,14305,717,-40,0,77,,4245489800124,
2026-08-18 23:51:21.474,pulse_batch,y,,,,,-4,,3582,172,-205,0,4,,4245492061222,
2026-08-18 23:51:21.493,pulse_batch,x,,,,,-4,,14309,713,-44,0,77,,4245510355712,
2026-08-18 23:51:21.495,pulse_batch,y,,,,,-4,,3586,168,-209,0,4,,4245512640032,
2026-08-18 23:51:21.515,pulse_batch,x,,,,,-4,,14313,709,-48,0,77,,4245533015659,
2026-08-18 23:51:21.518,pulse_batch,y,,,,,-4,,3590,164,-213,0,4,,4245535648273,
2026-08-18 23:51:21.536,pulse_batch,x,,,,,-4,,14317,705,-52,0,77,,4245553655061,
2026-08-18 23:51:21.539,pulse_batch,y,,,,,-4,,3594,160,-217,0,4,,4245556300935,
2026-08-18 23:51:21.556,pulse_batch,x,,,,,-4,,14321,701,-56,0,77,,4245574241612,
2026-08-18 23:51:21.559,pulse_batch,y,,,,,-4,,3598,156,-221,0,4,,4245577038411,
2026-08-18 23:51:21.577,pulse_batch,x,,,,,-4,,14325,697,-60,0,77,,4245594851644,
2026-08-18 23:51:21.582,pulse_batch,y,,,,,-4,,3602,152,-225,0,4,,4245599564081,
2026-08-18 23:51:21.598,pulse_batch,x,,,,,-4,,14329,693,-64,0,77,,4245615514195,
2026-08-18 23:51:21.602,pulse_batch,y,,,,,-4,,3606,148,-229,0,4,,4245620259242,
2026-08-18 23:51:21.618,pulse_batch,x,,,,,-4,,14333,689,-68,0,77,,4245636056542,
2026-08-18 23:51:21.623,pulse_batch,y,,,,,-4,,3610,144,-233,0,4,,4245640895478,
2026-08-18 23:51:21.641,pulse_batch,x,,,,,-4,,14337,685,-72,0,77,,4245658658193,
2026-08-18 23:51:21.644,pulse_batch,y,,,,,-4,,3614,140,-237,0,4,,4245661539621,
2026-08-18 23:51:21.662,pulse_batch,x,,,,,-4,,14341,681,-76,0,77,,4245679397540,
2026-08-18 23:51:21.664,pulse_batch,y,,,,,-4,,3618,136,-241,0,4,,4245682247153,
2026-08-18 23:51:21.682,pulse_batch,x,,,,,-4,,14345,677,-80,0,77,,4245699941258,
2026-08-18 23:51:21.685,pulse_batch,y,,,,,-4,,3622,132,-245,0,4,,4245702773964,
2026-08-18 23:51:21.703,pulse_batch,x,,,,,-4,,14349,673,-84,0,77,,4245720588641,
2026-08-18 23:51:21.708,pulse_batch,y,,,,,-4,,3626,128,-249,0,4,,4245725281948,
2026-08-18 23:51:21.724,pulse_batch,x,,,,,-4,,14353,669,-88,0,77,,4245741299784,
2026-08-18 23:51:21.728,pulse_batch,y,,,,,-4,,3630,124,-253,0,4,,4245746043924,
2026-08-18 23:51:21.744,pulse_batch,x,,,,,-4,,14357,665,-92,0,77,,4245761851650,
2026-08-18 23:51:21.749,pulse_batch,y,,,,,-4,,3634,120,-257,0,4,,4245766611068,
2026-08-18 23:51:21.766,pulse_batch,x,,,,,-4,,14361,661,-96,0,77,,4245784189228,
2026-08-18 23:51:21.770,pulse_batch,y,,,,,-4,,3638,116,-261,0,4,,4245787326766,
2026-08-18 23:51:21.787,pulse_batch,x,,,,,-4,,14365,657,-100,0,77,,4245804863946,
2026-08-18 23:51:21.790,pulse_batch,y,,,,,-4,,3642,112,-265,0,4,,4245808116020,
2026-08-18 23:51:21.808,pulse_batch,x,,,,,-4,,14369,653,-104,0,77,,4245825448145,
2026-08-18 23:51:21.811,pulse_batch,y,,,,,-4,,3646,108,-269,0,4,,4245828678830,
2026-08-18 23:51:21.828,pulse_batch,x,,,,,-4,,14373,649,-108,0,77,,4245846225750,
2026-08-18 23:51:21.832,pulse_batch,y,,,,,-4,,3650,104,-273,0,4,,4245849313881,
2026-08-18 23:51:21.850,pulse_batch,x,,,,,-4,,14377,645,-112,0,77,,4245867076800,
2026-08-18 23:51:21.853,pulse_batch,y,,,,,-4,,3654,100,-277,0,4,,4245870382744,
2026-08-18 23:51:21.870,pulse_batch,x,,,,,-4,,14381,641,-116,0,77,,4245887788535,
2026-08-18 23:51:21.873,pulse_batch,y,,,,,-4,,3658,96,-281,0,4,,4245891070980,
2026-08-18 23:51:21.891,pulse_batch,x,,,,,-4,,14385,637,-120,0,77,,4245908577344,
2026-08-18 23:51:21.894,pulse_batch,y,,,,,-4,,3662,92,-285,0,4,,4245911703160,
2026-08-18 23:51:21.914,pulse_batch,x,,,,,-4,,14389,633,-124,0,77,,4245931754677,
2026-08-18 23:51:21.917,pulse_batch,y,,,,,-4,,3666,88,-289,0,4,,4245934302792,
2026-08-18 23:51:21.935,pulse_batch,x,,,,,-4,,14393,629,-128,0,77,,4245952700115,
2026-08-18 23:51:21.937,pulse_batch,y,,,,,-4,,3670,84,-293,0,4,,4245954903047,
2026-08-18 23:51:21.956,pulse_batch,x,,,,,-4,,14397,625,-132,0,77,,4245973615664,
2026-08-18 23:51:21.959,pulse_batch,y,,,,,-4,,3674,80,-297,0,4,,4245976542110,
2026-08-18 23:51:21.977,pulse_batch,x,,,,,-4,,14401,621,-136,0,77,,4245994643786,
2026-08-18 23:51:21.980,pulse_batch,y,,,,,-4,,3678,76,-301,0,4,,4245997556233,
2026-08-18 23:51:21.998,pulse_batch,x,,,,,-4,,14405,617,-140,0,77,,4246015329300,
2026-08-18 23:51:22.001,pulse_batch,y,,,,,-4,,3682,72,-305,0,4,,4246018296191,
2026-08-18 23:51:22.018,pulse_batch,x,,,,,-4,,14409,613,-144,0,77,,4246035867610,
2026-08-18 23:51:22.021,pulse_batch,y,,,,,-4,,3686,68,-309,0,4,,4246038849242,
2026-08-18 23:51:22.039,pulse_batch,x,,,,,-4,,14413,609,-148,0,77,,4246056666864,
2026-08-18 23:51:22.042,pulse_batch,y,,,,,-4,,3690,64,-313,0,4,,4246059470607,
2026-08-18 23:51:22.060,pulse_batch,x,,,,,-4,,14417,605,-152,0,77,,4246077359155,
2026-08-18 23:51:22.062,pulse_batch,y,,,,,-4,,3694,60,-317,0,4,,4246080169806,
2026-08-18 23:51:22.080,pulse_batch,x,,,,,-4,,14421,601,-156,0,77,,4246097902836,
2026-08-18 23:51:22.083,pulse_batch,y,,,,,-4,,3698,56,-321,0,4,,4246100689024,
2026-08-18 23:51:22.101,pulse_batch,x,,,,,-4,,14425,597,-160,0,77,,4246118594905,
2026-08-18 23:51:22.105,pulse_batch,y,,,,,-4,,3702,52,-325,0,4,,4246123129213,
2026-08-18 23:51:22.122,pulse_batch,x,,,,,-4,,14429,593,-164,0,77,,4246139394436,
2026-08-18 23:51:22.126,pulse_batch,y,,,,,-4,,3706,48,-329,0,4,,4246144030484,
2026-08-18 23:51:22.142,pulse_batch,x,,,,,-4,,14433,589,-168,0,77,,4246159953154,
2026-08-18 23:51:22.147,pulse_batch,y,,,,,-4,,3710,44,-333,0,4,,4246164560906,
2026-08-18 23:51:22.163,pulse_batch,x,,,,,-4,,14437,585,-172,0,77,,4246180654371,
2026-08-18 23:51:22.169,pulse_batch,y,,,,,-4,,3714,40,-337,0,4,,4246187170834,
2026-08-18 23:51:22.185,pulse_batch,x,,,,,-4,,14441,581,-176,0,77,,4246202879209,
2026-08-18 23:51:22.190,pulse_batch,y,,,,,-4,,3718,36,-341,0,4,,4246207860792,
2026-08-18 23:51:22.206,pulse_batch,x,,,,,-4,,14445,577,-180,0,77,,4246223543112,
2026-08-18 23:51:22.211,pulse_batch,y,,,,,-4,,3722,32,-345,0,4,,4246228442788,
2026-08-18 23:51:22.227,pulse_batch,x,,,,,-4,,14449,573,-184,0,77,,4246244918899,
2026-08-18 23:51:22.231,pulse_batch,y,,,,,-4,,3726,28,-349,0,4,,4246249115060,
2026-08-18 23:51:22.250,pulse_batch,x,,,,,-4,,14453,569,-188,0,77,,4246267361051,
2026-08-18 23:51:22.252,pulse_batch,y,,,,,-4,,3730,24,-353,0,4,,4246269967647,
2026-08-18 23:51:22.270,pulse_batch,x,,,,,-4,,14457,565,-192,0,77,,4246288195248,
2026-08-18 23:51:22.273,pulse_batch,y,,,,,-4,,3734,20,-357,0,4,,4246290526143,
2026-08-18 23:51:22.293,pulse_batch,x,,,,,-4,,14461,561,-196,0,77,,4246310673844,
2026-08-18 23:51:22.293,pulse_batch,y,,,,,-4,,3738,16,-361,0,4,,4246311108620,
2026-08-18 23:51:22.314,pulse_batch,x,,,,,-4,,14465,557,-200,0,77,,4246331793707,
2026-08-18 23:51:22.316,pulse_batch,y,,,,,-4,,3742,12,-365,0,4,,4246333262569,
2026-08-18 23:51:22.335,pulse_batch,x,,,,,-4,,14469,553,-204,0,77,,4246352445369,
2026-08-18 23:51:22.336,pulse_batch,y,,,,,-4,,3746,8,-369,0,4,,4246353849176,
2026-08-18 23:51:22.357,pulse_batch,x,,,,,-4,,14473,549,-208,0,77,,4246374602744,
2026-08-18 23:51:22.357,pulse_batch,y,,,,,-4,,3750,4,-373,0,4,,4246374777762,
2026-08-18 23:51:22.378,pulse_batch,x,,,,,-4,,14477,545,-212,0,77,,4246395964921,
2026-08-18 23:51:22.378,pulse_batch,y,,,,,-4,,3754,0,-377,0,4,,4246396179327,
2026-08-18 23:51:22.399,pulse_batch,x,,,,,-4,,14481,541,-216,0,77,,4246416750304,
2026-08-18 23:51:22.399,pulse_batch,y,,,,,-4,,3758,-4,-381,0,4,,4246416957951,
2026-08-18 23:51:22.402,move_finish,x,,,21,,,,14481,541,-216,0,77,,4246419346363,
2026-08-18 23:51:22.420,pulse_batch,y,,,,,-4,,3762,-8,-385,0,4,,4246437511502,
2026-08-18 23:51:22.439,pulse_batch,y,,,,,-3,,3765,-11,-388,0,4,,4246457090633,
2026-08-18 23:51:22.440,move_finish,y,,,21,,,,3765,-11,-388,0,4,,4246457373520,
2026-08-18 23:51:22.625,approach_source_finish,x,1,stored,,,,-1,,541,-216,0,77,-216,,
2026-08-18 23:51:22.625,approach_source_finish,y,1,stored,,,,1,,-11,-388,0,4,-388,,
2026-08-18 23:51:22.630,move_start,x,,,22,-87,,-1,14481,541,-216,0,77,,4246647477285,
2026-08-18 23:51:22.630,move_start,y,,,22,18,,1,3765,-11,-388,0,4,,4246647388953,
2026-08-18 23:51:22.633,pulse_batch,x,,,,,-1,,14482,540,-217,0,77,,4246650962284,
2026-08-18 23:51:22.633,pulse_batch,y,,,,,1,,3766,-10,-388,1,4,,4246651271931,
2026-08-18 23:51:22.654,pulse_batch,x,,,,,-4,,14486,536,-221,0,77,,4246671582613,
2026-08-18 23:51:22.654,pulse_batch,y,,,,,4,,3770,-6,-387,4,4,,4246671976463,
2026-08-18 23:51:22.674,pulse_batch,x,,,,,-4,,14490,532,-225,0,77,,4246692156034,
2026-08-18 23:51:22.675,pulse_batch,y,,,,,4,,3774,-2,-383,4,4,,4246692554828,
2026-08-18 23:51:22.695,pulse_batch,x,,,,,-4,,14494,528,-229,0,77,,4246713226620,
2026-08-18 23:51:22.698,pulse_batch,y,,,,,4,,3778,2,-379,4,4,,4246715336126,
2026-08-18 23:51:22.717,pulse_batch,x,,,,,-4,,14498,524,-233,0,77,,4246734366131,
2026-08-18 23:51:22.719,pulse_batch,y,,,,,4,,3782,6,-375,4,4,,4246736945653,
2026-08-18 23:51:22.727,pulse_batch,y,,,,,1,,3783,7,-374,4,4,,4246744636628,
2026-08-18 23:51:22.727,move_finish,y,,,22,,,,3783,7,-374,4,4,,4246744845312,
2026-08-18 23:51:22.738,pulse_batch,x,,,,,-4,,14502,520,-237,0,77,,4246755293291,
2026-08-18 23:51:22.759,pulse_batch,x,,,,,-4,,14506,516,-241,0,77,,4246776305543,
2026-08-18 23:51:22.784,pulse_batch,x,,,,,-4,,14510,512,-245,0,77,,4246801488327,
2026-08-18 23:51:22.804,pulse_batch,x,,,,,-4,,14514,508,-249,0,77,,4246822173971,
2026-08-18 23:51:22.825,pulse_batch,x,,,,,-4,,14518,504,-253,0,77,,4246843195278,
2026-08-18 23:51:22.848,pulse_batch,x,,,,,-4,,14522,500,-257,0,77,,4246865431802,
2026-08-18 23:51:22.868,pulse_batch,x,,,,,-4,,14526,496,-261,0,77,,4246886136796,
2026-08-18 23:51:22.890,pulse_batch,x,,,,,-4,,14530,492,-265,0,77,,4246908078840,
2026-08-18 23:51:22.911,pulse_batch,x,,,,,-4,,14534,488,-269,0,77,,4246929224147,
2026-08-18 23:51:22.932,pulse_batch,x,,,,,-4,,14538,484,-273,0,77,,4246950029104,
2026-08-18 23:51:22.953,pulse_batch,x,,,,,-4,,14542,480,-277,0,77,,4246970599044,
2026-08-18 23:51:22.975,pulse_batch,x,,,,,-4,,14546,476,-281,0,77,,4246993016048,
2026-08-18 23:51:22.996,pulse_batch,x,,,,,-4,,14550,472,-285,0,77,,4247013759098,
2026-08-18 23:51:23.017,pulse_batch,x,,,,,-4,,14554,468,-289,0,77,,4247034303557,
2026-08-18 23:51:23.037,pulse_batch,x,,,,,-4,,14558,464,-293,0,77,,4247055107292,
2026-08-18 23:51:23.059,pulse_batch,x,,,,,-4,,14562,460,-297,0,77,,4247077022520,
2026-08-18 23:51:23.080,pulse_batch,x,,,,,-4,,14566,456,-301,0,77,,4247097627238,
2026-08-18 23:51:23.093,pulse_batch,x,,,,,-2,,14568,454,-303,0,77,,4247110632517,
2026-08-18 23:51:23.093,move_finish,x,,,22,,,,14568,454,-303,0,77,,4247110878219,
2026-08-18 23:51:23.292,target_finish,x,1,stored,,,,,,454,-303,0,77,-303,,ok=True
2026-08-18 23:51:23.292,target_finish,y,1,stored,,,,,,7,-374,4,4,-374,,ok=True
2026-08-18 23:51:36.179,target_start,x,0,stored,,,,,,454,-303,0,77,92,,
2026-08-18 23:51:36.179,target_start,y,0,stored,,,,,,7,-374,4,4,0,,
2026-08-18 23:51:36.179,approach_source_start,x,0,stored,,,,1,,454,-303,0,77,5,,
2026-08-18 23:51:36.179,approach_source_start,y,0,stored,,,,1,,7,-374,4,4,-14,,
2026-08-18 23:51:36.182,move_start,y,,,23,360,,1,3783,7,-374,4,4,,4260199441687,
2026-08-18 23:51:36.182,move_start,x,,,23,385,,1,14568,454,-303,0,77,,4260199815277,
2026-08-18 23:51:36.184,pulse_batch,y,,,,,1,,3784,8,-373,4,4,,4260202238949,
2026-08-18 23:51:36.185,pulse_batch,x,,,,,1,,14569,455,-303,1,77,,4260202557725,
2026-08-18 23:51:36.206,pulse_batch,y,,,,,4,,3788,12,-369,4,4,,4260223528886,
2026-08-18 23:51:36.208,pulse_batch,x,,,,,4,,14573,459,-303,5,77,,4260226174741,
2026-08-18 23:51:36.226,pulse_batch,y,,,,,4,,3792,16,-365,4,4,,4260244134937,
2026-08-18 23:51:36.229,pulse_batch,x,,,,,4,,14577,463,-303,9,77,,4260246917199,
2026-08-18 23:51:36.248,pulse_batch,y,,,,,4,,3796,20,-361,4,4,,4260265690816,
2026-08-18 23:51:36.253,pulse_batch,x,,,,,4,,14581,467,-303,13,77,,4260271084749,
2026-08-18 23:51:36.269,pulse_batch,y,,,,,4,,3800,24,-357,4,4,,4260286638866,
2026-08-18 23:51:36.274,pulse_batch,x,,,,,4,,14585,471,-303,17,77,,4260291805559,
2026-08-18 23:51:36.289,pulse_batch,y,,,,,4,,3804,28,-353,4,4,,4260307235047,
2026-08-18 23:51:36.295,pulse_batch,x,,,,,4,,14589,475,-303,21,77,,4260312548702,
2026-08-18 23:51:36.310,pulse_batch,y,,,,,4,,3808,32,-349,4,4,,4260327860191,
2026-08-18 23:51:36.317,pulse_batch,x,,,,,4,,14593,479,-303,25,77,,4260334232303,
2026-08-18 23:51:36.335,pulse_batch,y,,,,,4,,3812,36,-345,4,4,,4260352539238,
2026-08-18 23:51:36.337,pulse_batch,x,,,,,4,,14597,483,-303,29,77,,4260355092650,
2026-08-18 23:51:36.356,pulse_batch,y,,,,,4,,3816,40,-341,4,4,,4260373326048,
2026-08-18 23:51:36.358,pulse_batch,x,,,,,4,,14601,487,-303,33,77,,4260375697349,
2026-08-18 23:51:36.376,pulse_batch,y,,,,,4,,3820,44,-337,4,4,,4260393963451,
2026-08-18 23:51:36.379,pulse_batch,x,,,,,4,,14605,491,-303,37,77,,4260396397678,
2026-08-18 23:51:36.401,pulse_batch,x,,,,,4,,14609,495,-303,41,77,,4260418403314,
2026-08-18 23:51:36.401,pulse_batch,y,,,,,4,,3824,48,-333,4,4,,4260418647942,
2026-08-18 23:51:36.421,pulse_batch,x,,,,,4,,14613,499,-303,45,77,,4260439027199,
2026-08-18 23:51:36.421,pulse_batch,y,,,,,4,,3828,52,-329,4,4,,4260439255438,
2026-08-18 23:51:36.442,pulse_batch,x,,,,,4,,14617,503,-303,49,77,,4260459831675,
2026-08-18 23:51:36.442,pulse_batch,y,,,,,4,,3832,56,-325,4,4,,4260459979008,
2026-08-18 23:51:36.465,pulse_batch,y,,,,,4,,3836,60,-321,4,4,,4260482548529,
2026-08-18 23:51:36.465,pulse_batch,x,,,,,4,,14621,507,-303,53,77,,4260482912639,
2026-08-18 23:51:36.485,pulse_batch,y,,,,,4,,3840,64,-317,4,4,,4260503207544,
2026-08-18 23:51:36.486,pulse_batch,x,,,,,4,,14625,511,-303,57,77,,4260503465190,
2026-08-18 23:51:36.506,pulse_batch,x,,,,,4,,14629,515,-303,61,77,,4260524100871,
2026-08-18 23:51:36.506,pulse_batch,y,,,,,4,,3844,68,-313,4,4,,4260524280815,
2026-08-18 23:51:36.529,pulse_batch,y,,,,,4,,3848,72,-309,4,4,,4260546606838,
2026-08-18 23:51:36.529,pulse_batch,x,,,,,4,,14633,519,-303,65,77,,4260546698041,
2026-08-18 23:51:36.550,pulse_batch,x,,,,,4,,14637,523,-303,69,77,,4260567367055,
2026-08-18 23:51:36.550,pulse_batch,y,,,,,4,,3852,76,-305,4,4,,4260567277389,
2026-08-18 23:51:36.570,pulse_batch,x,,,,,4,,14641,527,-303,73,77,,4260588064532,
2026-08-18 23:51:36.571,pulse_batch,y,,,,,4,,3856,80,-301,4,4,,4260588707399,
2026-08-18 23:51:36.593,pulse_batch,y,,,,,4,,3860,84,-297,4,4,,4260610711405,
2026-08-18 23:51:36.593,pulse_batch,x,,,,,4,,14645,531,-303,77,77,,4260611051366,
2026-08-18 23:51:36.614,pulse_batch,y,,,,,4,,3864,88,-293,4,4,,4260631372438,
2026-08-18 23:51:36.614,pulse_batch,x,,,,,4,,14649,535,-299,77,77,,4260631743954,
2026-08-18 23:51:36.634,pulse_batch,y,,,,,4,,3868,92,-289,4,4,,4260651959045,
2026-08-18 23:51:36.635,pulse_batch,x,,,,,4,,14653,539,-295,77,77,,4260652476486,
2026-08-18 23:51:36.655,pulse_batch,y,,,,,4,,3872,96,-285,4,4,,4260672644800,
2026-08-18 23:51:36.657,pulse_batch,x,,,,,4,,14657,543,-291,77,77,,4260675124212,
2026-08-18 23:51:36.677,pulse_batch,y,,,,,4,,3876,100,-281,4,4,,4260694424493,
2026-08-18 23:51:36.678,pulse_batch,x,,,,,4,,14661,547,-287,77,77,,4260695853633,
2026-08-18 23:51:36.697,pulse_batch,y,,,,,4,,3880,104,-277,4,4,,4260715066599,
2026-08-18 23:51:36.699,pulse_batch,x,,,,,4,,14665,551,-283,77,77,,4260716441795,
2026-08-18 23:51:36.720,pulse_batch,y,,,,,4,,3884,108,-273,4,4,,4260737380882,
2026-08-18 23:51:36.722,pulse_batch,x,,,,,4,,14669,555,-279,77,77,,4260740212662,
2026-08-18 23:51:36.741,pulse_batch,y,,,,,4,,3888,112,-269,4,4,,4260758437875,
2026-08-18 23:51:36.743,pulse_batch,x,,,,,4,,14673,559,-275,77,77,,4260760969194,
2026-08-18 23:51:36.761,pulse_batch,y,,,,,4,,3892,116,-265,4,4,,4260779151759,
2026-08-18 23:51:36.764,pulse_batch,x,,,,,4,,14677,563,-271,77,77,,4260781598727,
2026-08-18 23:51:36.784,pulse_batch,y,,,,,4,,3896,120,-261,4,4,,4260801746707,
2026-08-18 23:51:36.787,pulse_batch,x,,,,,4,,14681,567,-267,77,77,,4260804340174,
2026-08-18 23:51:36.805,pulse_batch,y,,,,,4,,3900,124,-257,4,4,,4260822771478,
2026-08-18 23:51:36.807,pulse_batch,x,,,,,4,,14685,571,-263,77,77,,4260825117762,
2026-08-18 23:51:36.826,pulse_batch,y,,,,,4,,3904,128,-253,4,4,,4260843471677,
2026-08-18 23:51:36.828,pulse_batch,x,,,,,4,,14689,575,-259,77,77,,4260845702221,
2026-08-18 23:51:36.846,pulse_batch,y,,,,,4,,3908,132,-249,4,4,,4260864143303,
2026-08-18 23:51:36.853,pulse_batch,x,,,,,4,,14693,579,-255,77,77,,4260870628674,
2026-08-18 23:51:36.869,pulse_batch,y,,,,,4,,3912,136,-245,4,4,,4260886297290,
2026-08-18 23:51:36.874,pulse_batch,x,,,,,4,,14697,583,-251,77,77,,4260891476464,
2026-08-18 23:51:36.889,pulse_batch,y,,,,,4,,3916,140,-241,4,4,,4260907060692,
2026-08-18 23:51:36.895,pulse_batch,x,,,,,4,,14701,587,-247,77,77,,4260912302181,
2026-08-18 23:51:36.911,pulse_batch,y,,,,,4,,3920,144,-237,4,4,,4260928406758,
2026-08-18 23:51:36.917,pulse_batch,x,,,,,4,,14705,591,-243,77,77,,4260934562094,
2026-08-18 23:51:36.932,pulse_batch,y,,,,,4,,3924,148,-233,4,4,,4260949988526,
2026-08-18 23:51:36.937,pulse_batch,x,,,,,4,,14709,595,-239,77,77,,4260955247219,
2026-08-18 23:51:36.953,pulse_batch,y,,,,,4,,3928,152,-229,4,4,,4260970637059,
2026-08-18 23:51:36.958,pulse_batch,x,,,,,4,,14713,599,-235,77,77,,4260975855307,
2026-08-18 23:51:36.974,pulse_batch,y,,,,,4,,3932,156,-225,4,4,,4260991364295,
2026-08-18 23:51:36.979,pulse_batch,x,,,,,4,,14717,603,-231,77,77,,4260996877560,
2026-08-18 23:51:36.998,pulse_batch,y,,,,,4,,3936,160,-221,4,4,,4261015278013,
2026-08-18 23:51:37.002,pulse_batch,x,,,,,4,,14721,607,-227,77,77,,4261019301861,
2026-08-18 23:51:37.018,pulse_batch,y,,,,,4,,3940,164,-217,4,4,,4261035896694,
2026-08-18 23:51:37.022,pulse_batch,x,,,,,4,,14725,611,-223,77,77,,4261039938356,
2026-08-18 23:51:37.040,pulse_batch,y,,,,,4,,3944,168,-213,4,4,,4261058092144,
2026-08-18 23:51:37.043,pulse_batch,x,,,,,4,,14729,615,-219,77,77,,4261060642278,
2026-08-18 23:51:37.063,pulse_batch,y,,,,,4,,3948,172,-209,4,4,,4261080338908,
2026-08-18 23:51:37.065,pulse_batch,x,,,,,4,,14733,619,-215,77,77,,4261082956486,
2026-08-18 23:51:37.084,pulse_batch,y,,,,,4,,3952,176,-205,4,4,,4261101286273,
2026-08-18 23:51:37.086,pulse_batch,x,,,,,4,,14737,623,-211,77,77,,4261103723815,
2026-08-18 23:51:37.104,pulse_batch,y,,,,,4,,3956,180,-201,4,4,,4261121925639,
2026-08-18 23:51:37.107,pulse_batch,x,,,,,4,,14741,627,-207,77,77,,4261124722623,
2026-08-18 23:51:37.129,pulse_batch,y,,,,,4,,3960,184,-197,4,4,,4261147144035,
2026-08-18 23:51:37.130,pulse_batch,x,,,,,4,,14745,631,-203,77,77,,4261147401941,
2026-08-18 23:51:37.150,pulse_batch,y,,,,,4,,3964,188,-193,4,4,,4261167899474,
2026-08-18 23:51:37.150,pulse_batch,x,,,,,4,,14749,635,-199,77,77,,4261168140010,
2026-08-18 23:51:37.171,pulse_batch,y,,,,,4,,3968,192,-189,4,4,,4261188636692,
2026-08-18 23:51:37.171,pulse_batch,x,,,,,4,,14753,639,-195,77,77,,4261189170115,
2026-08-18 23:51:37.194,pulse_batch,y,,,,,4,,3972,196,-185,4,4,,4261211534341,
2026-08-18 23:51:37.194,pulse_batch,x,,,,,4,,14757,643,-191,77,77,,4261211739451,
2026-08-18 23:51:37.215,pulse_batch,y,,,,,4,,3976,200,-181,4,4,,4261232370521,
2026-08-18 23:51:37.216,pulse_batch,x,,,,,4,,14761,647,-187,77,77,,4261233339145,
2026-08-18 23:51:37.235,pulse_batch,y,,,,,4,,3980,204,-177,4,4,,4261253173479,
2026-08-18 23:51:37.237,pulse_batch,x,,,,,4,,14765,651,-183,77,77,,4261254562212,
2026-08-18 23:51:37.257,pulse_batch,y,,,,,4,,3984,208,-173,4,4,,4261274858247,
2026-08-18 23:51:37.260,pulse_batch,x,,,,,4,,14769,655,-179,77,77,,4261277360121,
2026-08-18 23:51:37.278,pulse_batch,y,,,,,4,,3988,212,-169,4,4,,4261295716852,
2026-08-18 23:51:37.281,pulse_batch,x,,,,,4,,14773,659,-175,77,77,,4261298614577,
2026-08-18 23:51:37.299,pulse_batch,y,,,,,4,,3992,216,-165,4,4,,4261316330811,
2026-08-18 23:51:37.302,pulse_batch,x,,,,,4,,14777,663,-171,77,77,,4261320121290,
2026-08-18 23:51:37.323,pulse_batch,y,,,,,4,,3996,220,-161,4,4,,4261340625453,
2026-08-18 23:51:37.326,pulse_batch,x,,,,,4,,14781,667,-167,77,77,,4261343296160,
2026-08-18 23:51:37.343,pulse_batch,y,,,,,4,,4000,224,-157,4,4,,4261361205801,
2026-08-18 23:51:37.349,pulse_batch,x,,,,,4,,14785,671,-163,77,77,,4261366289439,
2026-08-18 23:51:37.364,pulse_batch,y,,,,,4,,4004,228,-153,4,4,,4261381788852,
2026-08-18 23:51:37.369,pulse_batch,x,,,,,4,,14789,675,-159,77,77,,4261387009805,
2026-08-18 23:51:37.386,pulse_batch,y,,,,,4,,4008,232,-149,4,4,,4261404165172,
2026-08-18 23:51:37.392,pulse_batch,x,,,,,4,,14793,679,-155,77,77,,4261409670048,
2026-08-18 23:51:37.407,pulse_batch,y,,,,,4,,4012,236,-145,4,4,,4261425016833,
2026-08-18 23:51:37.413,pulse_batch,x,,,,,4,,14797,683,-151,77,77,,4261430402303,
2026-08-18 23:51:37.428,pulse_batch,y,,,,,4,,4016,240,-141,4,4,,4261445615236,
2026-08-18 23:51:37.433,pulse_batch,x,,,,,4,,14801,687,-147,77,77,,4261450986373,
2026-08-18 23:51:37.452,pulse_batch,y,,,,,4,,4020,244,-137,4,4,,4261469489992,
2026-08-18 23:51:37.456,pulse_batch,x,,,,,4,,14805,691,-143,77,77,,4261473548210,
2026-08-18 23:51:37.472,pulse_batch,y,,,,,4,,4024,248,-133,4,4,,4261490223672,
2026-08-18 23:51:37.476,pulse_batch,x,,,,,4,,14809,695,-139,77,77,,4261494258390,
2026-08-18 23:51:37.493,pulse_batch,y,,,,,4,,4028,252,-129,4,4,,4261510822853,
2026-08-18 23:51:37.497,pulse_batch,x,,,,,4,,14813,699,-135,77,77,,4261514815553,
2026-08-18 23:51:37.517,pulse_batch,y,,,,,4,,4032,256,-125,4,4,,4261534616553,
2026-08-18 23:51:37.520,pulse_batch,x,,,,,4,,14817,703,-131,77,77,,4261537396982,
2026-08-18 23:51:37.538,pulse_batch,y,,,,,4,,4036,260,-121,4,4,,4261555351752,
2026-08-18 23:51:37.543,pulse_batch,x,,,,,4,,14821,707,-127,77,77,,4261560523890,
2026-08-18 23:51:37.558,pulse_batch,y,,,,,4,,4040,264,-117,4,4,,4261575978359,
2026-08-18 23:51:37.563,pulse_batch,x,,,,,4,,14825,711,-123,77,77,,4261581114960,
2026-08-18 23:51:37.580,pulse_batch,y,,,,,4,,4044,268,-113,4,4,,4261597706053,
2026-08-18 23:51:37.587,pulse_batch,x,,,,,4,,14829,715,-119,77,77,,4261604337256,
2026-08-18 23:51:37.602,pulse_batch,y,,,,,4,,4048,272,-109,4,4,,4261620092872,
2026-08-18 23:51:37.607,pulse_batch,x,,,,,4,,14833,719,-115,77,77,,4261625020863,
2026-08-18 23:51:37.623,pulse_batch,y,,,,,4,,4052,276,-105,4,4,,4261640648146,
2026-08-18 23:51:37.628,pulse_batch,x,,,,,4,,14837,723,-111,77,77,,4261645629211,
2026-08-18 23:51:37.643,pulse_batch,y,,,,,4,,4056,280,-101,4,4,,4261661260549,
2026-08-18 23:51:37.649,pulse_batch,x,,,,,4,,14841,727,-107,77,77,,4261666324576,
2026-08-18 23:51:37.664,pulse_batch,y,,,,,4,,4060,284,-97,4,4,,4261682180802,
2026-08-18 23:51:37.670,pulse_batch,x,,,,,4,,14845,731,-103,77,77,,4261687580624,
2026-08-18 23:51:37.685,pulse_batch,y,,,,,4,,4064,288,-93,4,4,,4261703037315,
2026-08-18 23:51:37.690,pulse_batch,x,,,,,4,,14849,735,-99,77,77,,4261708191657,
2026-08-18 23:51:37.706,pulse_batch,y,,,,,4,,4068,292,-89,4,4,,4261723695589,
2026-08-18 23:51:37.711,pulse_batch,x,,,,,4,,14853,739,-95,77,77,,4261728857504,
2026-08-18 23:51:37.728,pulse_batch,y,,,,,4,,4072,296,-85,4,4,,4261745769817,
2026-08-18 23:51:37.733,pulse_batch,x,,,,,4,,14857,743,-91,77,77,,4261751128510,
2026-08-18 23:51:37.749,pulse_batch,y,,,,,4,,4076,300,-81,4,4,,4261766447942,
2026-08-18 23:51:37.754,pulse_batch,x,,,,,4,,14861,747,-87,77,77,,4261771780320,
2026-08-18 23:51:37.769,pulse_batch,y,,,,,4,,4080,304,-77,4,4,,4261787035438,
2026-08-18 23:51:37.775,pulse_batch,x,,,,,4,,14865,751,-83,77,77,,4261792516500,
2026-08-18 23:51:37.792,pulse_batch,y,,,,,4,,4084,308,-73,4,4,,4261809323703,
2026-08-18 23:51:37.797,pulse_batch,x,,,,,4,,14869,755,-79,77,77,,4261814434507,
2026-08-18 23:51:37.812,pulse_batch,y,,,,,4,,4088,312,-69,4,4,,4261830112031,
2026-08-18 23:51:37.818,pulse_batch,x,,,,,4,,14873,759,-75,77,77,,4261835269002,
2026-08-18 23:51:37.833,pulse_batch,y,,,,,4,,4092,316,-65,4,4,,4261850740730,
2026-08-18 23:51:37.838,pulse_batch,x,,,,,4,,14877,763,-71,77,77,,4261856086515,
2026-08-18 23:51:37.854,pulse_batch,y,,,,,4,,4096,320,-61,4,4,,4261871658854,
2026-08-18 23:51:37.859,pulse_batch,x,,,,,4,,14881,767,-67,77,77,,4261876923788,
2026-08-18 23:51:37.875,pulse_batch,y,,,,,4,,4100,324,-57,4,4,,4261892480756,
2026-08-18 23:51:37.880,pulse_batch,x,,,,,4,,14885,771,-63,77,77,,4261897935152,
2026-08-18 23:51:37.895,pulse_batch,y,,,,,4,,4104,328,-53,4,4,,4261913117530,
2026-08-18 23:51:37.901,pulse_batch,x,,,,,4,,14889,775,-59,77,77,,4261918531129,
2026-08-18 23:51:37.917,pulse_batch,y,,,,,4,,4108,332,-49,4,4,,4261934448188,
2026-08-18 23:51:37.922,pulse_batch,x,,,,,4,,14893,779,-55,77,77,,4261939668196,
2026-08-18 23:51:37.937,pulse_batch,y,,,,,4,,4112,336,-45,4,4,,4261955109573,
2026-08-18 23:51:37.943,pulse_batch,x,,,,,4,,14897,783,-51,77,77,,4261960998781,
2026-08-18 23:51:37.958,pulse_batch,y,,,,,4,,4116,340,-41,4,4,,4261975676976,
2026-08-18 23:51:37.964,pulse_batch,x,,,,,4,,14901,787,-47,77,77,,4261981575962,
2026-08-18 23:51:37.979,pulse_batch,y,,,,,4,,4120,344,-37,4,4,,4261996355472,
2026-08-18 23:51:37.987,pulse_batch,x,,,,,4,,14905,791,-43,77,77,,4262005158015,
2026-08-18 23:51:38.003,pulse_batch,y,,,,,4,,4124,348,-33,4,4,,4262020314967,
2026-08-18 23:51:38.008,pulse_batch,x,,,,,4,,14909,795,-39,77,77,,4262025727456,
2026-08-18 23:51:38.023,pulse_batch,y,,,,,4,,4128,352,-29,4,4,,4262040916760,
2026-08-18 23:51:38.028,pulse_batch,x,,,,,4,,14913,799,-35,77,77,,4262046224915,
2026-08-18 23:51:38.044,pulse_batch,y,,,,,4,,4132,356,-25,4,4,,4262061506589,
2026-08-18 23:51:38.049,pulse_batch,x,,,,,4,,14917,803,-31,77,77,,4262066881726,
2026-08-18 23:51:38.065,pulse_batch,y,,,,,4,,4136,360,-21,4,4,,4262082445657,
2026-08-18 23:51:38.070,pulse_batch,x,,,,,4,,14921,807,-27,77,77,,4262087690276,
2026-08-18 23:51:38.085,pulse_batch,y,,,,,4,,4140,364,-17,4,4,,4262103096412,
2026-08-18 23:51:38.091,pulse_batch,x,,,,,4,,14925,811,-23,77,77,,4262108540548,
2026-08-18 23:51:38.103,pulse_batch,y,,,,,3,,4143,367,-14,4,4,,4262121089700,
2026-08-18 23:51:38.104,move_finish,y,,,23,,,,4143,367,-14,4,4,,4262121284051,
2026-08-18 23:51:38.112,pulse_batch,x,,,,,4,,14929,815,-19,77,77,,4262129339302,
2026-08-18 23:51:38.134,pulse_batch,x,,,,,4,,14933,819,-15,77,77,,4262152151638,
2026-08-18 23:51:38.155,pulse_batch,x,,,,,4,,14937,823,-11,77,77,,4262172911429,
2026-08-18 23:51:38.176,pulse_batch,x,,,,,4,,14941,827,-7,77,77,,4262193751331,
2026-08-18 23:51:38.198,pulse_batch,x,,,,,4,,14945,831,-3,77,77,,4262215452173,
2026-08-18 23:51:38.220,pulse_batch,x,,,,,4,,14949,835,1,77,77,,4262238227731,
2026-08-18 23:51:38.241,pulse_batch,x,,,,,4,,14953,839,5,77,77,,4262258907300,
2026-08-18 23:51:38.244,move_finish,x,,,23,,,,14953,839,5,77,77,,4262261563841,
2026-08-18 23:51:38.440,approach_source_finish,x,0,stored,,,,1,,839,5,77,77,5,,
2026-08-18 23:51:38.440,approach_source_finish,y,0,stored,,,,1,,367,-14,4,4,-14,,
2026-08-18 23:51:38.445,move_start,x,,,24,87,,1,14953,839,5,77,77,,4262462355737,
2026-08-18 23:51:38.445,move_start,y,,,24,14,,1,4143,367,-14,4,4,,4262462418070,
2026-08-18 23:51:38.448,pulse_batch,x,,,,,1,,14954,840,6,77,77,,4262465454016,
2026-08-18 23:51:38.448,pulse_batch,y,,,,,1,,4144,368,-13,4,4,,4262465380294,
2026-08-18 23:51:38.468,pulse_batch,y,,,,,4,,4148,372,-9,4,4,,4262486029049,
2026-08-18 23:51:38.469,pulse_batch,x,,,,,4,,14958,844,10,77,77,,4262486690786,
2026-08-18 23:51:38.489,pulse_batch,y,,,,,4,,4152,376,-5,4,4,,4262506591953,
2026-08-18 23:51:38.489,pulse_batch,x,,,,,4,,14962,848,14,77,77,,4262507244005,
2026-08-18 23:51:38.509,pulse_batch,y,,,,,4,,4156,380,-1,4,4,,4262527203893,
2026-08-18 23:51:38.510,pulse_batch,x,,,,,4,,14966,852,18,77,77,,4262527903186,
2026-08-18 23:51:38.519,pulse_batch,y,,,,,1,,4157,381,0,4,4,,4262536312120,
2026-08-18 23:51:38.519,move_finish,y,,,24,,,,4157,381,0,4,4,,4262536693859,
2026-08-18 23:51:38.532,pulse_batch,x,,,,,4,,14970,856,22,77,77,,4262549335251,
2026-08-18 23:51:38.553,pulse_batch,x,,,,,4,,14974,860,26,77,77,,4262570312745,
2026-08-18 23:51:38.573,pulse_batch,x,,,,,4,,14978,864,30,77,77,,4262590976018,
2026-08-18 23:51:38.594,pulse_batch,x,,,,,4,,14982,868,34,77,77,,4262612055938,
2026-08-18 23:51:38.617,pulse_batch,x,,,,,4,,14986,872,38,77,77,,4262634714052,
2026-08-18 23:51:38.638,pulse_batch,x,,,,,4,,14990,876,42,77,77,,4262655447658,
2026-08-18 23:51:38.662,pulse_batch,x,,,,,4,,14994,880,46,77,77,,4262679632430,
2026-08-18 23:51:38.683,pulse_batch,x,,,,,4,,14998,884,50,77,77,,4262700545665,
2026-08-18 23:51:38.703,pulse_batch,x,,,,,4,,15002,888,54,77,77,,4262721176680,
2026-08-18 23:51:38.725,pulse_batch,x,,,,,4,,15006,892,58,77,77,,4262743216464,
2026-08-18 23:51:38.748,pulse_batch,x,,,,,4,,15010,896,62,77,77,,4262765529358,
2026-08-18 23:51:38.768,pulse_batch,x,,,,,4,,15014,900,66,77,77,,4262786084724,
2026-08-18 23:51:38.793,pulse_batch,x,,,,,4,,15018,904,70,77,77,,4262810611050,
2026-08-18 23:51:38.814,pulse_batch,x,,,,,4,,15022,908,74,77,77,,4262831597229,
2026-08-18 23:51:38.834,pulse_batch,x,,,,,4,,15026,912,78,77,77,,4262852158021,
2026-08-18 23:51:38.855,pulse_batch,x,,,,,4,,15030,916,82,77,77,,4262872972701,
2026-08-18 23:51:38.878,pulse_batch,x,,,,,4,,15034,920,86,77,77,,4262895677797,
2026-08-18 23:51:38.898,pulse_batch,x,,,,,4,,15038,924,90,77,77,,4262916227849,
2026-08-18 23:51:38.911,pulse_batch,x,,,,,2,,15040,926,92,77,77,,4262929117480,
2026-08-18 23:51:38.912,move_finish,x,,,24,,,,15040,926,92,77,77,,4262929336053,
2026-08-18 23:51:39.107,target_finish,x,0,stored,,,,,,926,92,77,77,92,,ok=True
2026-08-18 23:51:39.107,target_finish,y,0,stored,,,,,,381,0,4,4,0,,ok=True
2026-08-18 23:51:42.120,target_start,x,1,stored,,,,,,926,92,77,77,-303,,
2026-08-18 23:51:42.120,target_start,y,1,stored,,,,,,381,0,4,4,-374,,
2026-08-18 23:51:42.121,approach_source_start,x,1,stored,,,,-1,,926,92,77,77,-216,,
2026-08-18 23:51:42.121,approach_source_start,y,1,stored,,,,1,,381,0,4,4,-388,,
2026-08-18 23:51:42.125,move_start,x,,,25,-385,,-1,15040,926,92,77,77,,4266142313716,
2026-08-18 23:51:42.125,move_start,y,,,25,-392,,-1,4157,381,0,4,4,,4266142398401,
2026-08-18 23:51:42.128,pulse_batch,x,,,,,-1,,15041,925,92,76,77,,4266145372662,
2026-08-18 23:51:42.128,pulse_batch,y,,,,,-1,,4158,380,0,3,4,,4266145483514,
2026-08-18 23:51:42.149,pulse_batch,y,,,,,-4,,4162,376,-1,0,4,,4266166839117,
2026-08-18 23:51:42.150,pulse_batch,x,,,,,-4,,15045,921,92,72,77,,4266167812370,
2026-08-18 23:51:42.170,pulse_batch,y,,,,,-4,,4166,372,-5,0,4,,4266187573112,
2026-08-18 23:51:42.171,pulse_batch,x,,,,,-4,,15049,917,92,68,77,,4266188399033,
2026-08-18 23:51:42.193,pulse_batch,y,,,,,-4,,4170,368,-9,0,4,,4266210437725,
2026-08-18 23:51:42.195,pulse_batch,x,,,,,-4,,15053,913,92,64,77,,4266212963822,
2026-08-18 23:51:42.214,pulse_batch,y,,,,,-4,,4174,364,-13,0,4,,4266231419460,
2026-08-18 23:51:42.216,pulse_batch,x,,,,,-4,,15057,909,92,60,77,,4266233670410,
2026-08-18 23:51:42.235,pulse_batch,y,,,,,-4,,4178,360,-17,0,4,,4266252285917,
2026-08-18 23:51:42.237,pulse_batch,x,,,,,-4,,15061,905,92,56,77,,4266254386480,
2026-08-18 23:51:42.256,pulse_batch,y,,,,,-4,,4182,356,-21,0,4,,4266273346207,
2026-08-18 23:51:42.258,pulse_batch,x,,,,,-4,,15065,901,92,52,77,,4266275642176,
2026-08-18 23:51:42.276,pulse_batch,y,,,,,-4,,4186,352,-25,0,4,,4266293942777,
2026-08-18 23:51:42.279,pulse_batch,x,,,,,-4,,15069,897,92,48,77,,4266296356819,
2026-08-18 23:51:42.297,pulse_batch,y,,,,,-4,,4190,348,-29,0,4,,4266314634162,
2026-08-18 23:51:42.299,pulse_batch,x,,,,,-4,,15073,893,92,44,77,,4266316848094,
2026-08-18 23:51:42.319,pulse_batch,y,,,,,-4,,4194,344,-33,0,4,,4266337087499,
2026-08-18 23:51:42.320,pulse_batch,x,,,,,-4,,15077,889,92,40,77,,4266337484275,
2026-08-18 23:51:42.341,pulse_batch,y,,,,,-4,,4198,340,-37,0,4,,4266358255604,
2026-08-18 23:51:42.341,pulse_batch,x,,,,,-4,,15081,885,92,36,77,,4266358472139,
2026-08-18 23:51:42.361,pulse_batch,y,,,,,-4,,4202,336,-41,0,4,,4266378827489,
2026-08-18 23:51:42.361,pulse_batch,x,,,,,-4,,15085,881,92,32,77,,4266379030043,
2026-08-18 23:51:42.382,pulse_batch,x,,,,,-4,,15089,877,92,28,77,,4266400077352,
2026-08-18 23:51:42.383,pulse_batch,y,,,,,-4,,4206,332,-45,0,4,,4266400215369,
2026-08-18 23:51:42.405,pulse_batch,x,,,,,-4,,15093,873,92,24,77,,4266422355505,
2026-08-18 23:51:42.405,pulse_batch,y,,,,,-4,,4210,328,-49,0,4,,4266422432023,
2026-08-18 23:51:42.425,pulse_batch,x,,,,,-4,,15097,869,92,20,77,,4266442964297,
2026-08-18 23:51:42.425,pulse_batch,y,,,,,-4,,4214,324,-53,0,4,,4266443022019,
2026-08-18 23:51:42.446,pulse_batch,y,,,,,-4,,4218,320,-57,0,4,,4266464035883,
2026-08-18 23:51:42.446,pulse_batch,x,,,,,-4,,15101,865,92,16,77,,4266464106920,
2026-08-18 23:51:42.469,pulse_batch,x,,,,,-4,,15105,861,92,12,77,,4266486266259,
2026-08-18 23:51:42.469,pulse_batch,y,,,,,-4,,4222,316,-61,0,4,,4266486363055,
2026-08-18 23:51:42.489,pulse_batch,x,,,,,-4,,15109,857,92,8,77,,4266507120384,
2026-08-18 23:51:42.489,pulse_batch,y,,,,,-4,,4226,312,-65,0,4,,4266507049810,
2026-08-18 23:51:42.510,pulse_batch,y,,,,,-4,,4230,308,-69,0,4,,4266527630214,
2026-08-18 23:51:42.510,pulse_batch,x,,,,,-4,,15113,853,92,4,77,,4266528170655,
2026-08-18 23:51:42.533,pulse_batch,x,,,,,-4,,15117,849,92,0,77,,4266550129329,
2026-08-18 23:51:42.533,pulse_batch,y,,,,,-4,,4234,304,-73,0,4,,4266551091583,
2026-08-18 23:51:42.553,pulse_batch,x,,,,,-4,,15121,845,88,0,77,,4266570796750,
2026-08-18 23:51:42.554,pulse_batch,y,,,,,-4,,4238,300,-77,0,4,,4266571630116,
2026-08-18 23:51:42.574,pulse_batch,x,,,,,-4,,15125,841,84,0,77,,4266591369950,
2026-08-18 23:51:42.577,pulse_batch,y,,,,,-4,,4242,296,-81,0,4,,4266595033782,
2026-08-18 23:51:42.597,pulse_batch,x,,,,,-4,,15129,837,80,0,77,,4266614766912,
2026-08-18 23:51:42.600,pulse_batch,y,,,,,-4,,4246,292,-85,0,4,,4266617367620,
2026-08-18 23:51:42.618,pulse_batch,x,,,,,-4,,15133,833,76,0,77,,4266635485093,
2026-08-18 23:51:42.620,pulse_batch,y,,,,,-4,,4250,288,-89,0,4,,4266638137615,
2026-08-18 23:51:42.638,pulse_batch,x,,,,,-4,,15137,829,72,0,77,,4266656027293,
2026-08-18 23:51:42.641,pulse_batch,y,,,,,-4,,4254,284,-93,0,4,,4266658765704,
2026-08-18 23:51:42.661,pulse_batch,x,,,,,-4,,15141,825,68,0,77,,4266678446909,
2026-08-18 23:51:42.663,pulse_batch,y,,,,,-4,,4258,280,-97,0,4,,4266681279282,
2026-08-18 23:51:42.682,pulse_batch,x,,,,,-4,,15145,821,64,0,77,,4266699536735,
2026-08-18 23:51:42.684,pulse_batch,y,,,,,-4,,4262,276,-101,0,4,,4266702143073,
2026-08-18 23:51:42.703,pulse_batch,x,,,,,-4,,15149,817,60,0,77,,4266720395860,
2026-08-18 23:51:42.705,pulse_batch,y,,,,,-4,,4266,272,-105,0,4,,4266722653662,
2026-08-18 23:51:42.725,pulse_batch,x,,,,,-4,,15153,813,56,0,77,,4266742727994,
2026-08-18 23:51:42.725,pulse_batch,y,,,,,-4,,4270,268,-109,0,4,,4266743283139,
2026-08-18 23:51:42.746,pulse_batch,x,,,,,-4,,15157,809,52,0,77,,4266763384175,
2026-08-18 23:51:42.746,pulse_batch,y,,,,,-4,,4274,264,-113,0,4,,4266763945394,
2026-08-18 23:51:42.766,pulse_batch,x,,,,,-4,,15161,805,48,0,77,,4266783922801,
2026-08-18 23:51:42.767,pulse_batch,y,,,,,-4,,4278,260,-117,0,4,,4266784453039,
2026-08-18 23:51:42.787,pulse_batch,y,,,,,-3,,4281,257,-120,0,4,,4266804491557,
2026-08-18 23:51:42.790,pulse_batch,x,,,,,-4,,15165,801,44,0,77,,4266807272930,
2026-08-18 23:51:42.807,pulse_batch,y,,,,,-4,,4285,253,-124,0,4,,4266825132386,
2026-08-18 23:51:42.811,pulse_batch,x,,,,,-4,,15169,797,40,0,77,,4266829161604,
2026-08-18 23:51:42.828,pulse_batch,y,,,,,-4,,4289,249,-128,0,4,,4266845714808,
2026-08-18 23:51:42.832,pulse_batch,x,,,,,-4,,15173,793,36,0,77,,4266849725008,
2026-08-18 23:51:42.849,pulse_batch,y,,,,,-4,,4293,245,-132,0,4,,4266866296841,
2026-08-18 23:51:42.853,pulse_batch,x,,,,,-4,,15177,789,32,0,77,,4266870892538,
2026-08-18 23:51:42.870,pulse_batch,y,,,,,-4,,4297,241,-136,0,4,,4266887110929,
2026-08-18 23:51:42.875,pulse_batch,x,,,,,-4,,15181,785,28,0,77,,4266892287882,
2026-08-18 23:51:42.890,pulse_batch,y,,,,,-4,,4301,237,-140,0,4,,4266907822369,
2026-08-18 23:51:42.895,pulse_batch,x,,,,,-4,,15185,781,24,0,77,,4266913055636,
2026-08-18 23:51:42.911,pulse_batch,y,,,,,-4,,4305,233,-144,0,4,,4266928445420,
2026-08-18 23:51:42.916,pulse_batch,x,,,,,-4,,15189,777,20,0,77,,4266933722798,
2026-08-18 23:51:42.933,pulse_batch,y,,,,,-4,,4309,229,-148,0,4,,4266950982850,
2026-08-18 23:51:42.941,pulse_batch,x,,,,,-4,,15193,773,16,0,77,,4266958818899,
2026-08-18 23:51:42.954,pulse_batch,y,,,,,-4,,4313,225,-152,0,4,,4266972033288,
2026-08-18 23:51:42.962,pulse_batch,x,,,,,-4,,15197,769,12,0,77,,4266979552987,
2026-08-18 23:51:42.975,pulse_batch,y,,,,,-4,,4317,221,-156,0,4,,4266992638358,
2026-08-18 23:51:42.982,pulse_batch,x,,,,,-4,,15201,765,8,0,77,,4267000148372,
2026-08-18 23:51:42.998,pulse_batch,y,,,,,-4,,4321,217,-160,0,4,,4267016038839,
2026-08-18 23:51:43.004,pulse_batch,x,,,,,-4,,15205,761,4,0,77,,4267021388383,
2026-08-18 23:51:43.019,pulse_batch,y,,,,,-4,,4325,213,-164,0,4,,4267037130351,
2026-08-18 23:51:43.025,pulse_batch,x,,,,,-4,,15209,757,0,0,77,,4267042239156,
2026-08-18 23:51:43.040,pulse_batch,y,,,,,-4,,4329,209,-168,0,4,,4267057835606,
2026-08-18 23:51:43.045,pulse_batch,x,,,,,-4,,15213,753,-4,0,77,,4267062880670,
2026-08-18 23:51:43.061,pulse_batch,y,,,,,-4,,4333,205,-172,0,4,,4267079018395,
2026-08-18 23:51:43.067,pulse_batch,x,,,,,-4,,15217,749,-8,0,77,,4267084395957,
2026-08-18 23:51:43.083,pulse_batch,y,,,,,-4,,4337,201,-176,0,4,,4267101221512,
2026-08-18 23:51:43.088,pulse_batch,x,,,,,-4,,15221,745,-12,0,77,,4267105416914,
2026-08-18 23:51:43.104,pulse_batch,y,,,,,-4,,4341,197,-180,0,4,,4267121830156,
2026-08-18 23:51:43.108,pulse_batch,x,,,,,-4,,15225,741,-16,0,77,,4267126097891,
2026-08-18 23:51:43.125,pulse_batch,y,,,,,-4,,4345,193,-184,0,4,,4267142508577,
2026-08-18 23:51:43.130,pulse_batch,x,,,,,-4,,15229,737,-20,0,77,,4267147637327,
2026-08-18 23:51:43.145,pulse_batch,y,,,,,-4,,4349,189,-188,0,4,,4267163197795,
2026-08-18 23:51:43.151,pulse_batch,x,,,,,-4,,15233,733,-24,0,77,,4267168542154,
2026-08-18 23:51:43.166,pulse_batch,y,,,,,-4,,4353,185,-192,0,4,,4267183798699,
2026-08-18 23:51:43.171,pulse_batch,x,,,,,-4,,15237,729,-28,0,77,,4267189133058,
2026-08-18 23:51:43.189,pulse_batch,y,,,,,-4,,4357,181,-196,0,4,,4267206782885,
2026-08-18 23:51:43.194,pulse_batch,x,,,,,-4,,15241,725,-32,0,77,,4267212147818,
2026-08-18 23:51:43.210,pulse_batch,y,,,,,-4,,4361,177,-200,0,4,,4267227566732,
2026-08-18 23:51:43.215,pulse_batch,x,,,,,-4,,15245,721,-36,0,77,,4267232811925,
2026-08-18 23:51:43.230,pulse_batch,y,,,,,-4,,4365,173,-204,0,4,,4267248189617,
2026-08-18 23:51:43.236,pulse_batch,x,,,,,-4,,15249,717,-40,0,77,,4267253539884,
2026-08-18 23:51:43.251,pulse_batch,y,,,,,-4,,4369,169,-208,0,4,,4267268989427,
2026-08-18 23:51:43.259,pulse_batch,x,,,,,-4,,15253,713,-44,0,77,,4267276283979,
2026-08-18 23:51:43.274,pulse_batch,y,,,,,-4,,4373,165,-212,0,4,,4267291762170,
2026-08-18 23:51:43.279,pulse_batch,x,,,,,-4,,15257,709,-48,0,77,,4267297138122,
2026-08-18 23:51:43.295,pulse_batch,y,,,,,-4,,4377,161,-216,0,4,,4267312406685,
2026-08-18 23:51:43.300,pulse_batch,x,,,,,-4,,15261,705,-52,0,77,,4267317823432,
2026-08-18 23:51:43.315,pulse_batch,y,,,,,-4,,4381,157,-220,0,4,,4267333136069,
2026-08-18 23:51:43.322,pulse_batch,x,,,,,-4,,15265,701,-56,0,77,,4267340103975,
2026-08-18 23:51:43.338,pulse_batch,y,,,,,-4,,4385,153,-224,0,4,,4267355637092,
2026-08-18 23:51:43.344,pulse_batch,x,,,,,-4,,15269,697,-60,0,77,,4267361273468,
2026-08-18 23:51:43.359,pulse_batch,y,,,,,-4,,4389,149,-228,0,4,,4267376364272,
2026-08-18 23:51:43.364,pulse_batch,x,,,,,-4,,15273,693,-64,0,77,,4267381822686,
2026-08-18 23:51:43.380,pulse_batch,y,,,,,-4,,4393,145,-232,0,4,,4267397494914,
2026-08-18 23:51:43.385,pulse_batch,x,,,,,-4,,15277,689,-68,0,77,,4267402880791,
2026-08-18 23:51:43.403,pulse_batch,y,,,,,-4,,4397,141,-236,0,4,,4267420465304,
2026-08-18 23:51:43.408,pulse_batch,x,,,,,-4,,15281,685,-72,0,77,,4267425745145,
2026-08-18 23:51:43.424,pulse_batch,y,,,,,-4,,4401,137,-240,0,4,,4267441277540,
2026-08-18 23:51:43.429,pulse_batch,x,,,,,-4,,15285,681,-76,0,77,,4267446356067,
2026-08-18 23:51:43.444,pulse_batch,y,,,,,-4,,4405,133,-244,0,4,,4267462004702,
2026-08-18 23:51:43.449,pulse_batch,x,,,,,-4,,15289,677,-80,0,77,,4267466991230,
2026-08-18 23:51:43.467,pulse_batch,y,,,,,-4,,4409,129,-248,0,4,,4267484559354,
2026-08-18 23:51:43.471,pulse_batch,x,,,,,-4,,15293,673,-84,0,77,,4267488920496,
2026-08-18 23:51:43.488,pulse_batch,y,,,,,-4,,4413,125,-252,0,4,,4267505267034,
2026-08-18 23:51:43.492,pulse_batch,x,,,,,-4,,15297,669,-88,0,77,,4267509535400,
2026-08-18 23:51:43.510,pulse_batch,y,,,,,-4,,4417,121,-256,0,4,,4267527779798,
2026-08-18 23:51:43.513,pulse_batch,x,,,,,-4,,15301,665,-92,0,77,,4267530501616,
2026-08-18 23:51:43.533,pulse_batch,y,,,,,-4,,4421,117,-260,0,4,,4267550663189,
2026-08-18 23:51:43.536,pulse_batch,x,,,,,-4,,15305,661,-96,0,77,,4267553326544,
2026-08-18 23:51:43.554,pulse_batch,y,,,,,-4,,4425,113,-264,0,4,,4267571624349,
2026-08-18 23:51:43.556,pulse_batch,x,,,,,-4,,15309,657,-100,0,77,,4267574055465,
2026-08-18 23:51:43.575,pulse_batch,y,,,,,-4,,4429,109,-268,0,4,,4267592266956,
2026-08-18 23:51:43.577,pulse_batch,x,,,,,-4,,15313,653,-104,0,77,,4267595175422,
2026-08-18 23:51:43.597,pulse_batch,y,,,,,-4,,4433,105,-272,0,4,,4267614867497,
2026-08-18 23:51:43.600,pulse_batch,x,,,,,-4,,15317,649,-108,0,77,,4267617781073,
2026-08-18 23:51:43.618,pulse_batch,y,,,,,-4,,4437,101,-276,0,4,,4267636030249,
2026-08-18 23:51:43.621,pulse_batch,x,,,,,-4,,15321,645,-112,0,77,,4267638511124,
2026-08-18 23:51:43.639,pulse_batch,y,,,,,-4,,4441,97,-280,0,4,,4267656695893,
2026-08-18 23:51:43.642,pulse_batch,x,,,,,-4,,15325,641,-116,0,77,,4267659703895,
2026-08-18 23:51:43.663,pulse_batch,y,,,,,-4,,4445,93,-284,0,4,,4267680436686,
2026-08-18 23:51:43.665,pulse_batch,x,,,,,-4,,15329,637,-120,0,77,,4267682904451,
2026-08-18 23:51:43.684,pulse_batch,y,,,,,-4,,4449,89,-288,0,4,,4267701328922,
2026-08-18 23:51:43.686,pulse_batch,x,,,,,-4,,15333,633,-124,0,77,,4267704116628,
2026-08-18 23:51:43.704,pulse_batch,y,,,,,-4,,4453,85,-292,0,4,,4267721973047,
2026-08-18 23:51:43.707,pulse_batch,x,,,,,-4,,15337,629,-128,0,77,,4267724878698,
2026-08-18 23:51:43.726,pulse_batch,y,,,,,-4,,4457,81,-296,0,4,,4267743345021,
2026-08-18 23:51:43.728,pulse_batch,x,,,,,-4,,15341,625,-132,0,77,,4267746236671,
2026-08-18 23:51:43.746,pulse_batch,y,,,,,-4,,4461,77,-300,0,4,,4267763994146,
2026-08-18 23:51:43.749,pulse_batch,x,,,,,-4,,15345,621,-136,0,77,,4267766909000,
2026-08-18 23:51:43.767,pulse_batch,y,,,,,-4,,4465,73,-304,0,4,,4267784598846,
2026-08-18 23:51:43.770,pulse_batch,x,,,,,-4,,15349,617,-140,0,77,,4267787455978,
2026-08-18 23:51:43.790,pulse_batch,y,,,,,-4,,4469,69,-308,0,4,,4267807144776,
2026-08-18 23:51:43.792,pulse_batch,x,,,,,-4,,15353,613,-144,0,77,,4267809849149,
2026-08-18 23:51:43.810,pulse_batch,y,,,,,-4,,4473,65,-312,0,4,,4267828023122,
2026-08-18 23:51:43.813,pulse_batch,x,,,,,-4,,15357,609,-148,0,77,,4267830999902,
2026-08-18 23:51:43.831,pulse_batch,y,,,,,-4,,4477,61,-316,0,4,,4267848650433,
2026-08-18 23:51:43.834,pulse_batch,x,,,,,-4,,15361,605,-152,0,77,,4267851571454,
2026-08-18 23:51:43.852,pulse_batch,y,,,,,-4,,4481,57,-320,0,4,,4267869307947,
2026-08-18 23:51:43.858,pulse_batch,x,,,,,-4,,15365,601,-156,0,77,,4267875870096,
2026-08-18 23:51:43.874,pulse_batch,y,,,,,-4,,4485,53,-324,0,4,,4267891225436,
2026-08-18 23:51:43.881,pulse_batch,x,,,,,-4,,15369,597,-160,0,77,,4267898744320,
2026-08-18 23:51:43.894,pulse_batch,y,,,,,-4,,4489,49,-328,0,4,,4267912026135,
2026-08-18 23:51:43.902,pulse_batch,x,,,,,-4,,15373,593,-164,0,77,,4267919321427,
2026-08-18 23:51:43.915,pulse_batch,y,,,,,-4,,4493,45,-332,0,4,,4267932717797,
2026-08-18 23:51:43.924,pulse_batch,x,,,,,-4,,15377,589,-168,0,77,,4267941365101,
2026-08-18 23:51:43.937,pulse_batch,y,,,,,-4,,4497,41,-336,0,4,,4267954493601,
2026-08-18 23:51:43.944,pulse_batch,x,,,,,-4,,15381,585,-172,0,77,,4267962186447,
2026-08-18 23:51:43.957,pulse_batch,y,,,,,-4,,4501,37,-340,0,4,,4267975163764,
2026-08-18 23:51:43.965,pulse_batch,x,,,,,-4,,15385,581,-176,0,77,,4267982854665,
2026-08-18 23:51:43.978,pulse_batch,y,,,,,-4,,4505,33,-344,0,4,,4267996074703,
2026-08-18 23:51:43.986,pulse_batch,x,,,,,-4,,15389,577,-180,0,77,,4268003468439,
2026-08-18 23:51:44.000,pulse_batch,y,,,,,-4,,4509,29,-348,0,4,,4268017566583,
2026-08-18 23:51:44.008,pulse_batch,x,,,,,-4,,15393,573,-184,0,77,,4268025329132,
2026-08-18 23:51:44.021,pulse_batch,y,,,,,-4,,4513,25,-352,0,4,,4268038462651,
2026-08-18 23:51:44.028,pulse_batch,x,,,,,-4,,15397,569,-188,0,77,,4268046057405,
2026-08-18 23:51:44.041,pulse_batch,y,,,,,-4,,4517,21,-356,0,4,,4268059156073,
2026-08-18 23:51:44.049,pulse_batch,x,,,,,-4,,15401,565,-192,0,77,,4268066653309,
2026-08-18 23:51:44.062,pulse_batch,y,,,,,-4,,4521,17,-360,0,4,,4268079909642,
2026-08-18 23:51:44.070,pulse_batch,x,,,,,-4,,15405,561,-196,0,77,,4268087545933,
2026-08-18 23:51:44.083,pulse_batch,y,,,,,-4,,4525,13,-364,0,4,,4268100675267,
2026-08-18 23:51:44.091,pulse_batch,x,,,,,-4,,15409,557,-200,0,77,,4268108400539,
2026-08-18 23:51:44.104,pulse_batch,y,,,,,-4,,4529,9,-368,0,4,,4268121500410,
2026-08-18 23:51:44.111,pulse_batch,x,,,,,-4,,15413,553,-204,0,77,,4268129104812,
2026-08-18 23:51:44.126,pulse_batch,y,,,,,-4,,4533,5,-372,0,4,,4268143522176,
2026-08-18 23:51:44.133,pulse_batch,x,,,,,-4,,15417,549,-208,0,77,,4268151182930,
2026-08-18 23:51:44.149,pulse_batch,y,,,,,-4,,4537,1,-376,0,4,,4268166832991,
2026-08-18 23:51:44.154,pulse_batch,x,,,,,-4,,15421,545,-212,0,77,,4268172035777,
2026-08-18 23:51:44.170,pulse_batch,y,,,,,-4,,4541,-3,-380,0,4,,4268187436005,
2026-08-18 23:51:44.175,pulse_batch,x,,,,,-4,,15425,541,-216,0,77,,4268192817661,
2026-08-18 23:51:44.178,move_finish,x,,,25,,,,15425,541,-216,0,77,,4268195393924,
2026-08-18 23:51:44.193,pulse_batch,y,,,,,-4,,4545,-7,-384,0,4,,4268210321452,
2026-08-18 23:51:44.216,pulse_batch,y,,,,,-4,,4549,-11,-388,0,4,,4268233569489,
2026-08-18 23:51:44.218,move_finish,y,,,25,,,,4549,-11,-388,0,4,,4268236168641,
2026-08-18 23:51:44.381,approach_source_finish,x,1,stored,,,,-1,,541,-216,0,77,-216,,
2026-08-18 23:51:44.381,approach_source_finish,y,1,stored,,,,1,,-11,-388,0,4,-388,,
2026-08-18 23:51:44.384,move_start,x,,,26,-87,,-1,15425,541,-216,0,77,,4268401190868,
2026-08-18 23:51:44.384,move_start,y,,,26,18,,1,4549,-11,-388,0,4,,4268401291090,
2026-08-18 23:51:44.389,pulse_batch,x,,,,,-1,,15426,540,-217,0,77,,4268406543431,
2026-08-18 23:51:44.389,pulse_batch,y,,,,,1,,4550,-10,-388,1,4,,4268406677319,
2026-08-18 23:51:44.409,pulse_batch,x,,,,,-4,,15430,536,-221,0,77,,4268427175446,
2026-08-18 23:51:44.411,pulse_batch,y,,,,,4,,4554,-6,-387,4,4,,4268429063620,
2026-08-18 23:51:44.430,pulse_batch,x,,,,,-4,,15434,532,-225,0,77,,4268447796979,
2026-08-18 23:51:44.432,pulse_batch,y,,,,,4,,4558,-2,-383,4,4,,4268449643117,
2026-08-18 23:51:44.451,pulse_batch,x,,,,,-4,,15438,528,-229,0,77,,4268468417549,
2026-08-18 23:51:44.453,pulse_batch,y,,,,,4,,4562,2,-379,4,4,,4268470329612,
2026-08-18 23:51:44.473,pulse_batch,x,,,,,-4,,15442,524,-233,0,77,,4268490679351,
2026-08-18 23:51:44.476,pulse_batch,y,,,,,4,,4566,6,-375,4,4,,4268493571057,
2026-08-18 23:51:44.484,pulse_batch,y,,,,,1,,4567,7,-374,4,4,,4268501280236,
2026-08-18 23:51:44.484,move_finish,y,,,26,,,,4567,7,-374,4,4,,4268501485402,
2026-08-18 23:51:44.494,pulse_batch,x,,,,,-4,,15446,520,-237,0,77,,4268511343106,
2026-08-18 23:51:44.514,pulse_batch,x,,,,,-4,,15450,516,-241,0,77,,4268532012287,
2026-08-18 23:51:44.537,pulse_batch,x,,,,,-4,,15454,512,-245,0,77,,4268554921474,
2026-08-18 23:51:44.558,pulse_batch,x,,,,,-4,,15458,508,-249,0,77,,4268576033597,
2026-08-18 23:51:44.579,pulse_batch,x,,,,,-4,,15462,504,-253,0,77,,4268596686352,
2026-08-18 23:51:44.602,pulse_batch,x,,,,,-4,,15466,500,-257,0,77,,4268619612928,
2026-08-18 23:51:44.623,pulse_batch,x,,,,,-4,,15470,496,-261,0,77,,4268640417571,
2026-08-18 23:51:44.646,pulse_batch,x,,,,,-4,,15474,492,-265,0,77,,4268663565571,
2026-08-18 23:51:44.668,pulse_batch,x,,,,,-4,,15478,488,-269,0,77,,4268685484727,
2026-08-18 23:51:44.688,pulse_batch,x,,,,,-4,,15482,484,-273,0,77,,4268706234704,
2026-08-18 23:51:44.709,pulse_batch,x,,,,,-4,,15486,480,-277,0,77,,4268726896088,
2026-08-18 23:51:44.732,pulse_batch,x,,,,,-4,,15490,476,-281,0,77,,4268749778998,
2026-08-18 23:51:44.753,pulse_batch,x,,,,,-4,,15494,472,-285,0,77,,4268770466993,
2026-08-18 23:51:44.773,pulse_batch,x,,,,,-4,,15498,468,-289,0,77,,4268791087064,
2026-08-18 23:51:44.795,pulse_batch,x,,,,,-4,,15502,464,-293,0,77,,4268813083219,
2026-08-18 23:51:44.816,pulse_batch,x,,,,,-4,,15506,460,-297,0,77,,4268833830899,
2026-08-18 23:51:44.837,pulse_batch,x,,,,,-4,,15510,456,-301,0,77,,4268854493432,
2026-08-18 23:51:44.850,pulse_batch,x,,,,,-2,,15512,454,-303,0,77,,4268867693599,
2026-08-18 23:51:44.850,move_finish,x,,,26,,,,15512,454,-303,0,77,,4268867932746,
2026-08-18 23:51:45.048,target_finish,x,1,stored,,,,,,454,-303,0,77,-303,,ok=True
2026-08-18 23:51:45.048,target_finish,y,1,stored,,,,,,7,-374,4,4,-374,,ok=True
2026-08-18 23:52:15.747,target_start,x,0,stored,,,,,,454,-303,0,77,92,,
2026-08-18 23:52:15.747,target_start,y,0,stored,,,,,,7,-374,4,4,0,,
2026-08-18 23:52:15.747,approach_source_start,x,0,stored,,,,1,,454,-303,0,77,5,,
2026-08-18 23:52:15.747,approach_source_start,y,0,stored,,,,1,,7,-374,4,4,-14,,
2026-08-18 23:52:15.750,move_start,y,,,27,360,,1,4567,7,-374,4,4,,4299767447355,
2026-08-18 23:52:15.750,move_start,x,,,27,385,,1,15512,454,-303,0,77,,4299767665113,
2026-08-18 23:52:15.753,pulse_batch,y,,,,,1,,4568,8,-373,4,4,,4299770388746,
2026-08-18 23:52:15.753,pulse_batch,x,,,,,1,,15513,455,-303,1,77,,4299770520264,
2026-08-18 23:52:15.774,pulse_batch,x,,,,,4,,15517,459,-303,5,77,,4299791976460,
2026-08-18 23:52:15.775,pulse_batch,y,,,,,4,,4572,12,-369,4,4,,4299792310514,
2026-08-18 23:52:15.795,pulse_batch,x,,,,,4,,15521,463,-303,9,77,,4299812580884,
2026-08-18 23:52:15.795,pulse_batch,y,,,,,4,,4576,16,-365,4,4,,4299812941826,
2026-08-18 23:52:15.816,pulse_batch,x,,,,,4,,15525,467,-303,13,77,,4299833747822,
2026-08-18 23:52:15.817,pulse_batch,y,,,,,4,,4580,20,-361,4,4,,4299834754557,
2026-08-18 23:52:15.838,pulse_batch,x,,,,,4,,15529,471,-303,17,77,,4299855416777,
2026-08-18 23:52:15.838,pulse_batch,y,,,,,4,,4584,24,-357,4,4,,4299855514665,
2026-08-18 23:52:15.858,pulse_batch,x,,,,,4,,15533,475,-303,21,77,,4299876169773,
2026-08-18 23:52:15.861,pulse_batch,y,,,,,4,,4588,28,-353,4,4,,4299878730259,
2026-08-18 23:52:15.879,pulse_batch,x,,,,,4,,15537,479,-303,25,77,,4299897196897,
2026-08-18 23:52:15.882,pulse_batch,y,,,,,4,,4592,32,-349,4,4,,4299899967604,
2026-08-18 23:52:15.900,pulse_batch,x,,,,,4,,15541,483,-303,29,77,,4299918180819,
2026-08-18 23:52:15.903,pulse_batch,y,,,,,4,,4596,36,-345,4,4,,4299920798989,
2026-08-18 23:52:15.924,pulse_batch,x,,,,,4,,15545,487,-303,33,77,,4299941642281,
2026-08-18 23:52:15.924,pulse_batch,y,,,,,4,,4600,40,-341,4,4,,4299941839410,
2026-08-18 23:52:15.945,pulse_batch,x,,,,,4,,15549,491,-303,37,77,,4299962367130,
2026-08-18 23:52:15.945,pulse_batch,y,,,,,4,,4604,44,-337,4,4,,4299962587703,
2026-08-18 23:52:15.967,pulse_batch,y,,,,,4,,4608,48,-333,4,4,,4299984572359,
2026-08-18 23:52:15.967,pulse_batch,x,,,,,4,,15553,495,-303,41,77,,4299984779932,
2026-08-18 23:52:15.988,pulse_batch,y,,,,,4,,4612,52,-329,4,4,,4300005618483,
2026-08-18 23:52:15.989,pulse_batch,x,,,,,4,,15557,499,-303,45,77,,4300006659052,
2026-08-18 23:52:16.009,pulse_batch,y,,,,,4,,4616,56,-325,4,4,,4300026287591,
2026-08-18 23:52:16.009,pulse_batch,x,,,,,4,,15561,503,-303,49,77,,4300027247808,
2026-08-18 23:52:16.030,pulse_batch,y,,,,,4,,4620,60,-321,4,4,,4300047718973,
2026-08-18 23:52:16.030,pulse_batch,x,,,,,4,,15565,507,-303,53,77,,4300048024045,
2026-08-18 23:52:16.051,pulse_batch,x,,,,,4,,15569,511,-303,57,77,,4300068740172,
2026-08-18 23:52:16.051,pulse_batch,y,,,,,4,,4624,64,-317,4,4,,4300069008300,
2026-08-18 23:52:16.072,pulse_batch,x,,,,,4,,15573,515,-303,61,77,,4300089384243,
2026-08-18 23:52:16.072,pulse_batch,y,,,,,4,,4628,68,-313,4,4,,4300089884610,
2026-08-18 23:52:16.095,pulse_batch,y,,,,,4,,4632,72,-309,4,4,,4300112619781,
2026-08-18 23:52:16.095,pulse_batch,x,,,,,4,,15577,519,-303,65,77,,4300112944205,
2026-08-18 23:52:16.117,pulse_batch,x,,,,,4,,15581,523,-303,69,77,,4300134571530,
2026-08-18 23:52:16.117,pulse_batch,y,,,,,4,,4636,76,-305,4,4,,4300134493364,
2026-08-18 23:52:16.137,pulse_batch,y,,,,,4,,4640,80,-301,4,4,,4300155122306,
2026-08-18 23:52:16.138,pulse_batch,x,,,,,4,,15585,527,-303,73,77,,4300155202731,
2026-08-18 23:52:16.159,pulse_batch,x,,,,,4,,15589,531,-303,77,77,,4300177055499,
2026-08-18 23:52:16.159,pulse_batch,y,,,,,4,,4644,84,-297,4,4,,4300176962537,
2026-08-18 23:52:16.180,pulse_batch,y,,,,,4,,4648,88,-293,4,4,,4300197777237,
2026-08-18 23:52:16.181,pulse_batch,x,,,,,4,,15593,535,-299,77,77,,4300198385270,
2026-08-18 23:52:16.201,pulse_batch,y,,,,,4,,4652,92,-289,4,4,,4300218349586,
2026-08-18 23:52:16.201,pulse_batch,x,,,,,4,,15597,539,-295,77,77,,4300218941583,
2026-08-18 23:52:16.223,pulse_batch,y,,,,,4,,4656,96,-285,4,4,,4300240362186,
2026-08-18 23:52:16.223,pulse_batch,x,,,,,4,,15601,543,-291,77,77,,4300240264946,
2026-08-18 23:52:16.243,pulse_batch,x,,,,,4,,15605,547,-287,77,77,,4300261107350,
2026-08-18 23:52:16.244,pulse_batch,y,,,,,4,,4660,100,-281,4,4,,4300261345200,
2026-08-18 23:52:16.264,pulse_batch,x,,,,,4,,15609,551,-283,77,77,,4300281763643,
2026-08-18 23:52:16.264,pulse_batch,y,,,,,4,,4664,104,-277,4,4,,4300281944475,
2026-08-18 23:52:16.287,pulse_batch,y,,,,,4,,4668,108,-273,4,4,,4300304547369,
2026-08-18 23:52:16.288,pulse_batch,x,,,,,4,,15613,555,-279,77,77,,4300304473054,
2026-08-18 23:52:16.307,pulse_batch,x,,,,,4,,15617,559,-275,77,77,,4300325256143,
2026-08-18 23:52:16.308,pulse_batch,y,,,,,4,,4672,112,-269,4,4,,4300325402328,
2026-08-18 23:52:16.328,pulse_batch,x,,,,,4,,15621,563,-271,77,77,,4300345854659,
2026-08-18 23:52:16.328,pulse_batch,y,,,,,4,,4676,116,-265,4,4,,4300346076269,
2026-08-18 23:52:16.349,pulse_batch,y,,,,,4,,4680,120,-261,4,4,,4300367200819,
2026-08-18 23:52:16.350,pulse_batch,x,,,,,4,,15625,567,-267,77,77,,4300368168610,
2026-08-18 23:52:16.370,pulse_batch,y,,,,,4,,4684,124,-257,4,4,,4300387989852,
2026-08-18 23:52:16.373,pulse_batch,x,,,,,4,,15629,571,-263,77,77,,4300390555542,
2026-08-18 23:52:16.391,pulse_batch,y,,,,,4,,4688,128,-253,4,4,,4300408894607,
2026-08-18 23:52:16.393,pulse_batch,x,,,,,4,,15633,575,-259,77,77,,4300411256335,
2026-08-18 23:52:16.412,pulse_batch,y,,,,,4,,4692,132,-249,4,4,,4300429637974,
2026-08-18 23:52:16.414,pulse_batch,x,,,,,4,,15637,579,-255,77,77,,4300431894906,
2026-08-18 23:52:16.436,pulse_batch,y,,,,,4,,4696,136,-245,4,4,,4300453325769,
2026-08-18 23:52:16.437,pulse_batch,x,,,,,4,,15641,583,-251,77,77,,4300455126463,
2026-08-18 23:52:16.456,pulse_batch,y,,,,,4,,4700,140,-241,4,4,,4300473961192,
2026-08-18 23:52:16.458,pulse_batch,x,,,,,4,,15645,587,-247,77,77,,4300475760756,
2026-08-18 23:52:16.477,pulse_batch,y,,,,,4,,4704,144,-237,4,4,,4300494675781,
2026-08-18 23:52:16.479,pulse_batch,x,,,,,4,,15649,591,-243,77,77,,4300496687807,
2026-08-18 23:52:16.498,pulse_batch,y,,,,,4,,4708,148,-233,4,4,,4300515476315,
2026-08-18 23:52:16.500,pulse_batch,x,,,,,4,,15653,595,-239,77,77,,4300518150337,
2026-08-18 23:52:16.518,pulse_batch,y,,,,,4,,4712,152,-229,4,4,,4300536135330,
2026-08-18 23:52:16.521,pulse_batch,x,,,,,4,,15657,599,-235,77,77,,4300538983925,
2026-08-18 23:52:16.539,pulse_batch,y,,,,,4,,4716,156,-225,4,4,,4300556839956,
2026-08-18 23:52:16.542,pulse_batch,x,,,,,4,,15661,603,-231,77,77,,4300559790403,
2026-08-18 23:52:16.562,pulse_batch,y,,,,,4,,4720,160,-221,4,4,,4300579467054,
2026-08-18 23:52:16.564,pulse_batch,x,,,,,4,,15665,607,-227,77,77,,4300582043484,
2026-08-18 23:52:16.582,pulse_batch,y,,,,,4,,4724,164,-217,4,4,,4300600245754,
2026-08-18 23:52:16.585,pulse_batch,x,,,,,4,,15669,611,-223,77,77,,4300602673018,
2026-08-18 23:52:16.603,pulse_batch,y,,,,,4,,4728,168,-213,4,4,,4300620880566,
2026-08-18 23:52:16.605,pulse_batch,x,,,,,4,,15673,615,-219,77,77,,4300623268608,
2026-08-18 23:52:16.626,pulse_batch,y,,,,,4,,4732,172,-209,4,4,,4300644213122,
2026-08-18 23:52:16.627,pulse_batch,x,,,,,4,,15677,619,-215,77,77,,4300644125382,
2026-08-18 23:52:16.647,pulse_batch,x,,,,,4,,15681,623,-211,77,77,,4300664813193,
2026-08-18 23:52:16.647,pulse_batch,y,,,,,4,,4736,176,-205,4,4,,4300665072284,
2026-08-18 23:52:16.668,pulse_batch,x,,,,,4,,15685,627,-207,77,77,,4300685399431,
2026-08-18 23:52:16.668,pulse_batch,y,,,,,4,,4740,180,-201,4,4,,4300685613189,
2026-08-18 23:52:16.688,pulse_batch,x,,,,,4,,15689,631,-203,77,77,,4300706086836,
2026-08-18 23:52:16.690,pulse_batch,y,,,,,4,,4744,184,-197,4,4,,4300708061454,
2026-08-18 23:52:16.709,pulse_batch,x,,,,,4,,15693,635,-199,77,77,,4300726734092,
2026-08-18 23:52:16.712,pulse_batch,y,,,,,4,,4748,188,-193,4,4,,4300729312041,
2026-08-18 23:52:16.730,pulse_batch,x,,,,,4,,15697,639,-195,77,77,,4300747494088,
2026-08-18 23:52:16.732,pulse_batch,y,,,,,4,,4752,192,-189,4,4,,4300749835446,
2026-08-18 23:52:16.752,pulse_batch,x,,,,,4,,15701,643,-191,77,77,,4300770030778,
2026-08-18 23:52:16.755,pulse_batch,y,,,,,4,,4756,196,-185,4,4,,4300772608098,
2026-08-18 23:52:16.773,pulse_batch,x,,,,,4,,15705,647,-187,77,77,,4300790887219,
2026-08-18 23:52:16.776,pulse_batch,y,,,,,4,,4760,200,-181,4,4,,4300793452853,
2026-08-18 23:52:16.794,pulse_batch,x,,,,,4,,15709,651,-183,77,77,,4300811821825,
2026-08-18 23:52:16.796,pulse_batch,y,,,,,4,,4764,204,-177,4,4,,4300814065720,
2026-08-18 23:52:16.815,pulse_batch,x,,,,,4,,15713,655,-179,77,77,,4300832553415,
2026-08-18 23:52:16.819,pulse_batch,y,,,,,4,,4768,208,-173,4,4,,4300836540430,
2026-08-18 23:52:16.837,pulse_batch,x,,,,,4,,15717,659,-175,77,77,,4300854966883,
2026-08-18 23:52:16.840,pulse_batch,y,,,,,4,,4772,212,-169,4,4,,4300857890960,
2026-08-18 23:52:16.858,pulse_batch,x,,,,,4,,15721,663,-171,77,77,,4300876037971,
2026-08-18 23:52:16.861,pulse_batch,y,,,,,4,,4776,216,-165,4,4,,4300878480364,
2026-08-18 23:52:16.879,pulse_batch,x,,,,,4,,15725,667,-167,77,77,,4300896700930,
2026-08-18 23:52:16.882,pulse_batch,y,,,,,4,,4780,220,-161,4,4,,4300899487415,
2026-08-18 23:52:16.901,pulse_batch,x,,,,,4,,15729,671,-163,77,77,,4300918917548,
2026-08-18 23:52:16.904,pulse_batch,y,,,,,4,,4784,224,-157,4,4,,4300921875180,
2026-08-18 23:52:16.922,pulse_batch,x,,,,,4,,15733,675,-159,77,77,,4300939457472,
2026-08-18 23:52:16.925,pulse_batch,y,,,,,4,,4788,228,-153,4,4,,4300942416400,
2026-08-18 23:52:16.942,pulse_batch,x,,,,,4,,15737,679,-155,77,77,,4300960016025,
2026-08-18 23:52:16.945,pulse_batch,y,,,,,4,,4792,232,-149,4,4,,4300963272507,
2026-08-18 23:52:16.963,pulse_batch,x,,,,,4,,15741,683,-151,77,77,,4300980683578,
2026-08-18 23:52:16.968,pulse_batch,y,,,,,4,,4796,236,-145,4,4,,4300985963456,
2026-08-18 23:52:16.984,pulse_batch,x,,,,,4,,15745,687,-147,77,77,,4301001723017,
2026-08-18 23:52:16.989,pulse_batch,y,,,,,4,,4800,240,-141,4,4,,4301007061061,
2026-08-18 23:52:17.005,pulse_batch,x,,,,,4,,15749,691,-143,77,77,,4301022276811,
2026-08-18 23:52:17.010,pulse_batch,y,,,,,4,,4804,244,-137,4,4,,4301027683855,
2026-08-18 23:52:17.027,pulse_batch,x,,,,,4,,15753,695,-139,77,77,,4301044432725,
2026-08-18 23:52:17.032,pulse_batch,y,,,,,4,,4808,248,-133,4,4,,4301049744289,
2026-08-18 23:52:17.048,pulse_batch,x,,,,,4,,15757,699,-135,77,77,,4301065224574,
2026-08-18 23:52:17.053,pulse_batch,y,,,,,4,,4812,252,-129,4,4,,4301070643951,
2026-08-18 23:52:17.068,pulse_batch,x,,,,,4,,15761,703,-131,77,77,,4301085770942,
2026-08-18 23:52:17.073,pulse_batch,y,,,,,4,,4816,256,-125,4,4,,4301091162912,
2026-08-18 23:52:17.089,pulse_batch,x,,,,,4,,15765,707,-127,77,77,,4301106443235,
2026-08-18 23:52:17.096,pulse_batch,y,,,,,4,,4820,260,-121,4,4,,4301113429659,
2026-08-18 23:52:17.109,pulse_batch,x,,,,,4,,15769,711,-123,77,77,,4301127121954,
2026-08-18 23:52:17.116,pulse_batch,y,,,,,4,,4824,264,-117,4,4,,4301134023379,
2026-08-18 23:52:17.130,pulse_batch,x,,,,,4,,15773,715,-119,77,77,,4301147662563,
2026-08-18 23:52:17.137,pulse_batch,y,,,,,4,,4828,268,-113,4,4,,4301154551895,
2026-08-18 23:52:17.152,pulse_batch,x,,,,,4,,15777,719,-115,77,77,,4301170003161,
2026-08-18 23:52:17.158,pulse_batch,y,,,,,4,,4832,272,-109,4,4,,4301175344428,
2026-08-18 23:52:17.173,pulse_batch,x,,,,,4,,15781,723,-111,77,77,,4301190786787,
2026-08-18 23:52:17.178,pulse_batch,y,,,,,4,,4836,276,-105,4,4,,4301196174017,
2026-08-18 23:52:17.194,pulse_batch,x,,,,,4,,15785,727,-107,77,77,,4301211387414,
2026-08-18 23:52:17.199,pulse_batch,y,,,,,4,,4840,280,-101,4,4,,4301216709607,
2026-08-18 23:52:17.214,pulse_batch,x,,,,,4,,15789,731,-103,77,77,,4301231975078,
2026-08-18 23:52:17.221,pulse_batch,y,,,,,4,,4844,284,-97,4,4,,4301239175131,
2026-08-18 23:52:17.235,pulse_batch,x,,,,,4,,15793,735,-99,77,77,,4301252761001,
2026-08-18 23:52:17.242,pulse_batch,y,,,,,4,,4848,288,-93,4,4,,4301259904943,
2026-08-18 23:52:17.256,pulse_batch,x,,,,,4,,15797,739,-95,77,77,,4301273375961,
2026-08-18 23:52:17.263,pulse_batch,y,,,,,4,,4852,292,-89,4,4,,4301280526107,
2026-08-18 23:52:17.277,pulse_batch,x,,,,,4,,15801,743,-91,77,77,,4301294299586,
2026-08-18 23:52:17.283,pulse_batch,y,,,,,4,,4856,296,-85,4,4,,4301301115400,
2026-08-18 23:52:17.299,pulse_batch,x,,,,,4,,15805,747,-87,77,77,,4301316964905,
2026-08-18 23:52:17.304,pulse_batch,y,,,,,4,,4860,300,-81,4,4,,4301321998433,
2026-08-18 23:52:17.320,pulse_batch,x,,,,,4,,15809,751,-83,77,77,,4301337546069,
2026-08-18 23:52:17.325,pulse_batch,y,,,,,4,,4864,304,-77,4,4,,4301342618245,
2026-08-18 23:52:17.342,pulse_batch,x,,,,,4,,15813,755,-79,77,77,,4301360106297,
2026-08-18 23:52:17.347,pulse_batch,y,,,,,4,,4868,308,-73,4,4,,4301365269453,
2026-08-18 23:52:17.364,pulse_batch,x,,,,,4,,15817,759,-75,77,77,,4301381517178,
2026-08-18 23:52:17.368,pulse_batch,y,,,,,4,,4872,312,-69,4,4,,4301386163301,
2026-08-18 23:52:17.384,pulse_batch,x,,,,,4,,15821,763,-71,77,77,,4301402083268,
2026-08-18 23:52:17.389,pulse_batch,y,,,,,4,,4876,316,-65,4,4,,4301406839372,
2026-08-18 23:52:17.405,pulse_batch,x,,,,,4,,15825,767,-67,77,77,,4301422597340,
2026-08-18 23:52:17.410,pulse_batch,y,,,,,4,,4880,320,-61,4,4,,4301427779608,
2026-08-18 23:52:17.427,pulse_batch,x,,,,,4,,15829,771,-63,77,77,,4301444712533,
2026-08-18 23:52:17.433,pulse_batch,y,,,,,4,,4884,324,-57,4,4,,4301450224169,
2026-08-18 23:52:17.448,pulse_batch,x,,,,,4,,15833,775,-59,77,77,,4301465509511,
2026-08-18 23:52:17.453,pulse_batch,y,,,,,4,,4888,328,-53,4,4,,4301470898314,
2026-08-18 23:52:17.468,pulse_batch,x,,,,,4,,15837,779,-55,77,77,,4301486097341,
2026-08-18 23:52:17.474,pulse_batch,y,,,,,4,,4892,332,-49,4,4,,4301491857143,
2026-08-18 23:52:17.489,pulse_batch,x,,,,,4,,15841,783,-51,77,77,,4301506811634,
2026-08-18 23:52:17.496,pulse_batch,y,,,,,4,,4896,336,-45,4,4,,4301514141057,
2026-08-18 23:52:17.510,pulse_batch,x,,,,,4,,15845,787,-47,77,77,,4301527403187,
2026-08-18 23:52:17.517,pulse_batch,y,,,,,4,,4900,340,-41,4,4,,4301534801535,
2026-08-18 23:52:17.530,pulse_batch,x,,,,,4,,15849,791,-43,77,77,,4301547941259,
2026-08-18 23:52:17.538,pulse_batch,y,,,,,4,,4904,344,-37,4,4,,4301555327311,
2026-08-18 23:52:17.553,pulse_batch,x,,,,,4,,15853,795,-39,77,77,,4301570301099,
2026-08-18 23:52:17.558,pulse_batch,y,,,,,4,,4908,348,-33,4,4,,4301576018363,
2026-08-18 23:52:17.573,pulse_batch,x,,,,,4,,15857,799,-35,77,77,,4301591237687,
2026-08-18 23:52:17.582,pulse_batch,y,,,,,4,,4912,352,-29,4,4,,4301599292124,
2026-08-18 23:52:17.594,pulse_batch,x,,,,,4,,15861,803,-31,77,77,,4301611783888,
2026-08-18 23:52:17.602,pulse_batch,y,,,,,4,,4916,356,-25,4,4,,4301619805010,
2026-08-18 23:52:17.615,pulse_batch,x,,,,,4,,15865,807,-27,77,77,,4301633252973,
2026-08-18 23:52:17.624,pulse_batch,y,,,,,4,,4920,360,-21,4,4,,4301641462187,
2026-08-18 23:52:17.637,pulse_batch,x,,,,,4,,15869,811,-23,77,77,,4301654441208,
2026-08-18 23:52:17.644,pulse_batch,y,,,,,4,,4924,364,-17,4,4,,4301662152388,
2026-08-18 23:52:17.657,pulse_batch,x,,,,,4,,15873,815,-19,77,77,,4301675169630,
2026-08-18 23:52:17.662,pulse_batch,y,,,,,3,,4927,367,-14,4,4,,4301680132918,
2026-08-18 23:52:17.662,move_finish,y,,,27,,,,4927,367,-14,4,4,,4301680273121,
2026-08-18 23:52:17.678,pulse_batch,x,,,,,4,,15877,819,-15,77,77,,4301695930627,
2026-08-18 23:52:17.699,pulse_batch,x,,,,,4,,15881,823,-11,77,77,,4301716927400,
2026-08-18 23:52:17.720,pulse_batch,x,,,,,4,,15885,827,-7,77,77,,4301737861062,
2026-08-18 23:52:17.741,pulse_batch,x,,,,,4,,15889,831,-3,77,77,,4301758450837,
2026-08-18 23:52:17.763,pulse_batch,x,,,,,4,,15893,835,1,77,77,,4301780847584,
2026-08-18 23:52:17.784,pulse_batch,x,,,,,4,,15897,839,5,77,77,,4301801547673,
2026-08-18 23:52:17.786,move_finish,x,,,27,,,,15897,839,5,77,77,,4301804150937,
2026-08-18 23:52:17.944,approach_source_finish,x,0,stored,,,,1,,839,5,77,77,5,,
2026-08-18 23:52:17.944,approach_source_finish,y,0,stored,,,,1,,367,-14,4,4,-14,,
2026-08-18 23:52:17.949,move_start,y,,,28,14,,1,4927,367,-14,4,4,,4301966649558,
2026-08-18 23:52:17.949,move_start,x,,,28,87,,1,15897,839,5,77,77,,4301966995259,
2026-08-18 23:52:17.952,pulse_batch,y,,,,,1,,4928,368,-13,4,4,,4301969570412,
2026-08-18 23:52:17.952,pulse_batch,x,,,,,1,,15898,840,6,77,77,,4301969789651,
2026-08-18 23:52:17.973,pulse_batch,y,,,,,4,,4932,372,-9,4,4,,4301990385778,
2026-08-18 23:52:17.974,pulse_batch,x,,,,,4,,15902,844,10,77,77,,4301991948029,
2026-08-18 23:52:17.993,pulse_batch,y,,,,,4,,4936,376,-5,4,4,,4302010986850,
2026-08-18 23:52:17.995,pulse_batch,x,,,,,4,,15906,848,14,77,77,,4302012501841,
2026-08-18 23:52:18.016,pulse_batch,y,,,,,4,,4940,380,-1,4,4,,4302033431152,
2026-08-18 23:52:18.016,pulse_batch,x,,,,,4,,15910,852,18,77,77,,4302033347504,
2026-08-18 23:52:18.025,pulse_batch,y,,,,,1,,4941,381,0,4,4,,4302042878988,
2026-08-18 23:52:18.025,move_finish,y,,,28,,,,4941,381,0,4,4,,4302043160598,
2026-08-18 23:52:18.038,pulse_batch,x,,,,,4,,15914,856,22,77,77,,4302055813176,
2026-08-18 23:52:18.059,pulse_batch,x,,,,,4,,15918,860,26,77,77,,4302076434896,
2026-08-18 23:52:18.079,pulse_batch,x,,,,,4,,15922,864,30,77,77,,4302097091504,
2026-08-18 23:52:18.100,pulse_batch,x,,,,,4,,15926,868,34,77,77,,4302118001796,
2026-08-18 23:52:18.122,pulse_batch,x,,,,,4,,15930,872,38,77,77,,4302139333956,
2026-08-18 23:52:18.142,pulse_batch,x,,,,,4,,15934,876,42,77,77,,4302159954009,
2026-08-18 23:52:18.165,pulse_batch,x,,,,,4,,15938,880,46,77,77,,4302182298404,
2026-08-18 23:52:18.185,pulse_batch,x,,,,,4,,15942,884,50,77,77,,4302203024141,
2026-08-18 23:52:18.206,pulse_batch,x,,,,,4,,15946,888,54,77,77,,4302223629564,
2026-08-18 23:52:18.228,pulse_batch,x,,,,,4,,15950,892,58,77,77,,4302245321482,
2026-08-18 23:52:18.248,pulse_batch,x,,,,,4,,15954,896,62,77,77,,4302266056293,
2026-08-18 23:52:18.269,pulse_batch,x,,,,,4,,15958,900,66,77,77,,4302286605198,
2026-08-18 23:52:18.290,pulse_batch,x,,,,,4,,15962,904,70,77,77,,4302307402380,
2026-08-18 23:52:18.310,pulse_batch,x,,,,,4,,15966,908,74,77,77,,4302328050432,
2026-08-18 23:52:18.331,pulse_batch,x,,,,,4,,15970,912,78,77,77,,4302348635022,
2026-08-18 23:52:18.355,pulse_batch,x,,,,,4,,15974,916,82,77,77,,4302372213522,
2026-08-18 23:52:18.375,pulse_batch,x,,,,,4,,15978,920,86,77,77,,4302392945037,
2026-08-18 23:52:18.396,pulse_batch,x,,,,,4,,15982,924,90,77,77,,4302413497201,
2026-08-18 23:52:18.409,pulse_batch,x,,,,,2,,15984,926,92,77,77,,4302426360871,
2026-08-18 23:52:18.409,move_finish,x,,,28,,,,15984,926,92,77,77,,4302426553240,
2026-08-18 23:52:18.544,target_finish,x,0,stored,,,,,,926,92,77,77,92,,ok=True
2026-08-18 23:52:18.544,target_finish,y,0,stored,,,,,,381,0,4,4,0,,ok=True
2026-08-18 23:52:21.557,target_start,x,1,stored,,,,,,926,92,77,77,-303,,
2026-08-18 23:52:21.557,target_start,y,1,stored,,,,,,381,0,4,4,-374,,
2026-08-18 23:52:21.557,approach_source_start,x,1,stored,,,,-1,,926,92,77,77,-216,,
2026-08-18 23:52:21.557,approach_source_start,y,1,stored,,,,1,,381,0,4,4,-388,,
2026-08-18 23:52:21.562,move_start,x,,,29,-385,,-1,15984,926,92,77,77,,4305579263284,
2026-08-18 23:52:21.562,move_start,y,,,29,-392,,-1,4941,381,0,4,4,,4305579193765,
2026-08-18 23:52:21.565,pulse_batch,x,,,,,-1,,15985,925,92,76,77,,4305582432007,
2026-08-18 23:52:21.565,pulse_batch,y,,,,,-1,,4942,380,0,3,4,,4305582775764,
2026-08-18 23:52:21.586,pulse_batch,x,,,,,-4,,15989,921,92,72,77,,4305603528779,
2026-08-18 23:52:21.586,pulse_batch,y,,,,,-4,,4946,376,-1,0,4,,4305603862148,
2026-08-18 23:52:21.607,pulse_batch,x,,,,,-4,,15993,917,92,68,77,,4305624097147,
2026-08-18 23:52:21.607,pulse_batch,y,,,,,-4,,4950,372,-5,0,4,,4305624564256,
2026-08-18 23:52:21.628,pulse_batch,x,,,,,-4,,15997,913,92,64,77,,4305645073883,
2026-08-18 23:52:21.633,pulse_batch,y,,,,,-4,,4954,368,-9,0,4,,4305650694186,
2026-08-18 23:52:21.648,pulse_batch,x,,,,,-4,,16001,909,92,60,77,,4305666157989,
2026-08-18 23:52:21.654,pulse_batch,y,,,,,-4,,4958,364,-13,0,4,,4305671425294,
2026-08-18 23:52:21.669,pulse_batch,x,,,,,-4,,16005,905,92,56,77,,4305686809857,
2026-08-18 23:52:21.674,pulse_batch,y,,,,,-4,,4962,360,-17,0,4,,4305692090531,
2026-08-18 23:52:21.690,pulse_batch,x,,,,,-4,,16009,901,92,52,77,,4305707476410,
2026-08-18 23:52:21.696,pulse_batch,y,,,,,-4,,4966,356,-21,0,4,,4305713513543,
2026-08-18 23:52:21.711,pulse_batch,x,,,,,-4,,16013,897,92,48,77,,4305728964698,
2026-08-18 23:52:21.717,pulse_batch,y,,,,,-4,,4970,352,-25,0,4,,4305734410131,
2026-08-18 23:52:21.732,pulse_batch,x,,,,,-4,,16017,893,92,44,77,,4305749592992,
2026-08-18 23:52:21.737,pulse_batch,y,,,,,-4,,4974,348,-29,0,4,,4305755080017,
2026-08-18 23:52:21.752,pulse_batch,x,,,,,-4,,16021,889,92,40,77,,4305770187434,
2026-08-18 23:52:21.763,pulse_batch,y,,,,,-4,,4978,344,-33,0,4,,4305781162762,
2026-08-18 23:52:21.776,pulse_batch,x,,,,,-4,,16025,885,92,36,77,,4305794029080,
2026-08-18 23:52:21.784,pulse_batch,y,,,,,-4,,4982,340,-37,0,4,,4305801941370,
2026-08-18 23:52:21.797,pulse_batch,x,,,,,-4,,16029,881,92,32,77,,4305815084668,
2026-08-18 23:52:21.805,pulse_batch,y,,,,,-4,,4986,336,-41,0,4,,4305822712700,
2026-08-18 23:52:21.819,pulse_batch,x,,,,,-4,,16033,877,92,28,77,,4305836383217,
2026-08-18 23:52:21.829,pulse_batch,y,,,,,-4,,4990,332,-45,0,4,,4305846406736,
2026-08-18 23:52:21.844,pulse_batch,x,,,,,-4,,16037,873,92,24,77,,4305861412634,
2026-08-18 23:52:21.849,pulse_batch,y,,,,,-4,,4994,328,-49,0,4,,4305867138399,
2026-08-18 23:52:21.864,pulse_batch,x,,,,,-4,,16041,869,92,20,77,,4305882010687,
2026-08-18 23:52:21.870,pulse_batch,y,,,,,-4,,4998,324,-53,0,4,,4305887754989,
2026-08-18 23:52:21.885,pulse_batch,x,,,,,-4,,16045,865,92,16,77,,4305903111997,
2026-08-18 23:52:21.893,pulse_batch,y,,,,,-4,,5002,320,-57,0,4,,4305910269883,
2026-08-18 23:52:21.908,pulse_batch,x,,,,,-4,,16049,861,92,12,77,,4305925914612,
2026-08-18 23:52:21.913,pulse_batch,y,,,,,-4,,5006,316,-61,0,4,,4305931227934,
2026-08-18 23:52:21.929,pulse_batch,x,,,,,-4,,16053,857,92,8,77,,4305946536813,
2026-08-18 23:52:21.934,pulse_batch,y,,,,,-4,,5010,312,-65,0,4,,4305951948746,
2026-08-18 23:52:21.950,pulse_batch,x,,,,,-4,,16057,853,92,4,77,,4305967392253,
2026-08-18 23:52:21.955,pulse_batch,y,,,,,-4,,5014,308,-69,0,4,,4305972748390,
2026-08-18 23:52:21.973,pulse_batch,x,,,,,-4,,16061,849,92,0,77,,4305990364978,
2026-08-18 23:52:21.978,pulse_batch,y,,,,,-4,,5018,304,-73,0,4,,4305995782263,
2026-08-18 23:52:21.993,pulse_batch,x,,,,,-4,,16065,845,88,0,77,,4306011200475,
2026-08-18 23:52:21.999,pulse_batch,y,,,,,-4,,5022,300,-77,0,4,,4306016635445,
2026-08-18 23:52:22.014,pulse_batch,x,,,,,-4,,16069,841,84,0,77,,4306031859564,
2026-08-18 23:52:22.020,pulse_batch,y,,,,,-4,,5026,296,-81,0,4,,4306037348867,
2026-08-18 23:52:22.037,pulse_batch,x,,,,,-4,,16073,837,80,0,77,,4306054285718,
2026-08-18 23:52:22.042,pulse_batch,y,,,,,-4,,5030,292,-85,0,4,,4306059498060,
2026-08-18 23:52:22.058,pulse_batch,x,,,,,-4,,16077,833,76,0,77,,4306075317788,
2026-08-18 23:52:22.062,pulse_batch,y,,,,,-4,,5034,288,-89,0,4,,4306080270446,
2026-08-18 23:52:22.078,pulse_batch,x,,,,,-4,,16081,829,72,0,77,,4306095988803,
2026-08-18 23:52:22.083,pulse_batch,y,,,,,-4,,5038,284,-93,0,4,,4306100905406,
2026-08-18 23:52:22.102,pulse_batch,x,,,,,-4,,16085,825,68,0,77,,4306119525840,
2026-08-18 23:52:22.107,pulse_batch,y,,,,,-4,,5042,280,-97,0,4,,4306124835089,
2026-08-18 23:52:22.123,pulse_batch,x,,,,,-4,,16089,821,64,0,77,,4306140286633,
2026-08-18 23:52:22.128,pulse_batch,y,,,,,-4,,5046,276,-101,0,4,,4306145529086,
2026-08-18 23:52:22.143,pulse_batch,x,,,,,-4,,16093,817,60,0,77,,4306161106926,
2026-08-18 23:52:22.149,pulse_batch,y,,,,,-4,,5050,272,-105,0,4,,4306166766043,
2026-08-18 23:52:22.165,pulse_batch,x,,,,,-4,,16097,813,56,0,77,,4306182756769,
2026-08-18 23:52:22.172,pulse_batch,y,,,,,-4,,5054,268,-109,0,4,,4306189911378,
2026-08-18 23:52:22.186,pulse_batch,x,,,,,-4,,16101,809,52,0,77,,4306203422766,
2026-08-18 23:52:22.193,pulse_batch,y,,,,,-4,,5058,264,-113,0,4,,4306210594634,
2026-08-18 23:52:22.206,pulse_batch,x,,,,,-4,,16105,805,48,0,77,,4306224038819,
2026-08-18 23:52:22.214,pulse_batch,y,,,,,-4,,5062,260,-117,0,4,,4306231266502,
2026-08-18 23:52:22.228,pulse_batch,x,,,,,-4,,16109,801,44,0,77,,4306246180882,
2026-08-18 23:52:22.236,pulse_batch,y,,,,,-4,,5066,256,-121,0,4,,4306254016432,
2026-08-18 23:52:22.249,pulse_batch,x,,,,,-4,,16113,797,40,0,77,,4306267083860,
2026-08-18 23:52:22.257,pulse_batch,y,,,,,-4,,5070,252,-125,0,4,,4306274850854,
2026-08-18 23:52:22.270,pulse_batch,x,,,,,-4,,16117,793,36,0,77,,4306287828004,
2026-08-18 23:52:22.279,pulse_batch,y,,,,,-4,,5074,248,-129,0,4,,4306295657406,
2026-08-18 23:52:22.293,pulse_batch,x,,,,,-4,,16121,789,32,0,77,,4306310931247,
2026-08-18 23:52:22.301,pulse_batch,y,,,,,-4,,5078,244,-133,0,4,,4306318871167,
2026-08-18 23:52:22.314,pulse_batch,x,,,,,-4,,16125,785,28,0,77,,4306331796651,
2026-08-18 23:52:22.322,pulse_batch,y,,,,,-3,,5081,241,-136,0,4,,4306339996476,
2026-08-18 23:52:22.335,pulse_batch,x,,,,,-4,,16129,781,24,0,77,,4306352493815,
2026-08-18 23:52:22.343,pulse_batch,y,,,,,-4,,5085,237,-140,0,4,,4306360678473,
2026-08-18 23:52:22.356,pulse_batch,x,,,,,-4,,16133,777,20,0,77,,4306373404070,
2026-08-18 23:52:22.366,pulse_batch,y,,,,,-4,,5089,233,-144,0,4,,4306383399903,
2026-08-18 23:52:22.382,pulse_batch,x,,,,,-4,,16137,773,16,0,77,,4306400202274,
2026-08-18 23:52:22.390,pulse_batch,y,,,,,-4,,5093,229,-148,0,4,,4306407995490,
2026-08-18 23:52:22.403,pulse_batch,x,,,,,-4,,16141,769,12,0,77,,4306420811234,
2026-08-18 23:52:22.411,pulse_batch,y,,,,,-4,,5097,225,-152,0,4,,4306428653450,
2026-08-18 23:52:22.426,pulse_batch,x,,,,,-4,,16145,765,8,0,77,,4306444112809,
2026-08-18 23:52:22.434,pulse_batch,y,,,,,-4,,5101,221,-156,0,4,,4306452053895,
2026-08-18 23:52:22.448,pulse_batch,x,,,,,-4,,16149,761,4,0,77,,4306465639005,
2026-08-18 23:52:22.456,pulse_batch,y,,,,,-4,,5105,217,-160,0,4,,4306473330055,
2026-08-18 23:52:22.469,pulse_batch,x,,,,,-4,,16153,757,0,0,77,,4306486382909,
2026-08-18 23:52:22.476,pulse_batch,y,,,,,-4,,5109,213,-164,0,4,,4306493914997,
2026-08-18 23:52:22.489,pulse_batch,x,,,,,-4,,16157,753,-4,0,77,,4306506979351,
2026-08-18 23:52:22.498,pulse_batch,y,,,,,-4,,5113,209,-168,0,4,,4306516221597,
2026-08-18 23:52:22.512,pulse_batch,x,,,,,-4,,16161,749,-8,0,77,,4306529585060,
2026-08-18 23:52:22.520,pulse_batch,y,,,,,-4,,5117,205,-172,0,4,,4306537291777,
2026-08-18 23:52:22.533,pulse_batch,x,,,,,-4,,16165,745,-12,0,77,,4306550320946,
2026-08-18 23:52:22.540,pulse_batch,y,,,,,-4,,5121,201,-176,0,4,,4306557884978,
2026-08-18 23:52:22.553,pulse_batch,x,,,,,-4,,16169,741,-16,0,77,,4306570954017,
2026-08-18 23:52:22.564,pulse_batch,y,,,,,-4,,5125,197,-180,0,4,,4306582102770,
2026-08-18 23:52:22.577,pulse_batch,x,,,,,-4,,16173,737,-20,0,77,,4306595003458,
2026-08-18 23:52:22.585,pulse_batch,y,,,,,-4,,5129,193,-184,0,4,,4306602717231,
2026-08-18 23:52:22.598,pulse_batch,x,,,,,-4,,16177,733,-24,0,77,,4306615800547,
2026-08-18 23:52:22.605,pulse_batch,y,,,,,-4,,5133,189,-188,0,4,,4306623281765,
2026-08-18 23:52:22.619,pulse_batch,x,,,,,-4,,16181,729,-28,0,77,,4306636914913,
2026-08-18 23:52:22.629,pulse_batch,y,,,,,-4,,5137,185,-192,0,4,,4306646695933,
2026-08-18 23:52:22.644,pulse_batch,x,,,,,-4,,16185,725,-32,0,77,,4306661337852,
2026-08-18 23:52:22.650,pulse_batch,y,,,,,-4,,5141,181,-196,0,4,,4306667946852,
2026-08-18 23:52:22.664,pulse_batch,x,,,,,-4,,16189,721,-36,0,77,,4306681966516,
2026-08-18 23:52:22.671,pulse_batch,y,,,,,-4,,5145,177,-200,0,4,,4306688500961,
2026-08-18 23:52:22.685,pulse_batch,x,,,,,-4,,16193,717,-40,0,77,,4306702574402,
2026-08-18 23:52:22.694,pulse_batch,y,,,,,-4,,5149,173,-204,0,4,,4306711441131,
2026-08-18 23:52:22.707,pulse_batch,x,,,,,-4,,16197,713,-44,0,77,,4306724439522,
2026-08-18 23:52:22.714,pulse_batch,y,,,,,-4,,5153,169,-208,0,4,,4306732139832,
2026-08-18 23:52:22.728,pulse_batch,x,,,,,-4,,16201,709,-48,0,77,,4306745316685,
2026-08-18 23:52:22.735,pulse_batch,y,,,,,-4,,5157,165,-212,0,4,,4306752777088,
2026-08-18 23:52:22.748,pulse_batch,x,,,,,-4,,16205,705,-52,0,77,,4306765996867,
2026-08-18 23:52:22.756,pulse_batch,y,,,,,-4,,5161,161,-216,0,4,,4306773549029,
2026-08-18 23:52:22.772,pulse_batch,x,,,,,-4,,16209,701,-56,0,77,,4306789836569,
2026-08-18 23:52:22.779,pulse_batch,y,,,,,-4,,5165,157,-220,0,4,,4306796467607,
2026-08-18 23:52:22.793,pulse_batch,x,,,,,-4,,16213,697,-60,0,77,,4306810530270,
2026-08-18 23:52:22.799,pulse_batch,y,,,,,-4,,5169,153,-224,0,4,,4306817117715,
2026-08-18 23:52:22.814,pulse_batch,x,,,,,-4,,16217,693,-64,0,77,,4306831541617,
2026-08-18 23:52:22.820,pulse_batch,y,,,,,-4,,5173,149,-228,0,4,,4306837744360,
2026-08-18 23:52:22.837,pulse_batch,x,,,,,-4,,16221,689,-68,0,77,,4306854687434,
2026-08-18 23:52:22.842,pulse_batch,y,,,,,-4,,5177,145,-232,0,4,,4306860041737,
2026-08-18 23:52:22.858,pulse_batch,x,,,,,-4,,16225,685,-72,0,77,,4306875666485,
2026-08-18 23:52:22.864,pulse_batch,y,,,,,-4,,5181,141,-236,0,4,,4306882248393,
2026-08-18 23:52:22.879,pulse_batch,x,,,,,-4,,16229,681,-76,0,77,,4306896499647,
2026-08-18 23:52:22.885,pulse_batch,y,,,,,-4,,5185,137,-240,0,4,,4306902900223,
2026-08-18 23:52:22.900,pulse_batch,x,,,,,-4,,16233,677,-80,0,77,,4306917933751,
2026-08-18 23:52:22.908,pulse_batch,y,,,,,-4,,5189,133,-244,0,4,,4306925740431,
2026-08-18 23:52:22.921,pulse_batch,x,,,,,-4,,16237,673,-84,0,77,,4306939043431,
2026-08-18 23:52:22.929,pulse_batch,y,,,,,-4,,5193,129,-248,0,4,,4306946997795,
2026-08-18 23:52:22.942,pulse_batch,x,,,,,-4,,16241,669,-88,0,77,,4306959806372,
2026-08-18 23:52:22.951,pulse_batch,y,,,,,-4,,5197,125,-252,0,4,,4306968286696,
2026-08-18 23:52:22.963,pulse_batch,x,,,,,-4,,16245,665,-92,0,77,,4306980564017,
2026-08-18 23:52:22.973,pulse_batch,y,,,,,-4,,5201,121,-256,0,4,,4306991164477,
2026-08-18 23:52:22.984,pulse_batch,x,,,,,-4,,16249,661,-96,0,77,,4307001605271,
2026-08-18 23:52:22.994,pulse_batch,y,,,,,-4,,5205,117,-260,0,4,,4307012118102,
2026-08-18 23:52:23.004,pulse_batch,x,,,,,-4,,16253,657,-100,0,77,,4307022218899,
2026-08-18 23:52:23.017,pulse_batch,y,,,,,-4,,5209,113,-264,0,4,,4307034661108,
2026-08-18 23:52:23.027,pulse_batch,x,,,,,-4,,16257,653,-104,0,77,,4307044219740,
2026-08-18 23:52:23.040,pulse_batch,y,,,,,-4,,5213,109,-268,0,4,,4307057267446,
2026-08-18 23:52:23.047,pulse_batch,x,,,,,-4,,16261,649,-108,0,77,,4307064945033,
2026-08-18 23:52:23.060,pulse_batch,y,,,,,-4,,5217,105,-272,0,4,,4307078115609,
2026-08-18 23:52:23.068,pulse_batch,x,,,,,-4,,16265,645,-112,0,77,,4307085683919,
2026-08-18 23:52:23.081,pulse_batch,y,,,,,-4,,5221,101,-276,0,4,,4307098748810,
2026-08-18 23:52:23.089,pulse_batch,x,,,,,-4,,16269,641,-116,0,77,,4307106582285,
2026-08-18 23:52:23.104,pulse_batch,y,,,,,-4,,5225,97,-280,0,4,,4307121640980,
2026-08-18 23:52:23.112,pulse_batch,x,,,,,-4,,16273,637,-120,0,77,,4307129656936,
2026-08-18 23:52:23.125,pulse_batch,y,,,,,-4,,5229,93,-284,0,4,,4307142929659,
2026-08-18 23:52:23.132,pulse_batch,x,,,,,-4,,16277,633,-124,0,77,,4307150259100,
2026-08-18 23:52:23.146,pulse_batch,y,,,,,-4,,5233,89,-288,0,4,,4307163565823,
2026-08-18 23:52:23.154,pulse_batch,x,,,,,-4,,16281,629,-128,0,77,,4307171374187,
2026-08-18 23:52:23.167,pulse_batch,y,,,,,-4,,5237,85,-292,0,4,,4307184635984,
2026-08-18 23:52:23.174,pulse_batch,x,,,,,-4,,16285,625,-132,0,77,,4307192253905,
2026-08-18 23:52:23.188,pulse_batch,y,,,,,-4,,5241,81,-296,0,4,,4307205327333,
2026-08-18 23:52:23.195,pulse_batch,x,,,,,-4,,16289,621,-136,0,77,,4307212938662,
2026-08-18 23:52:23.208,pulse_batch,y,,,,,-4,,5245,77,-300,0,4,,4307226019775,
2026-08-18 23:52:23.216,pulse_batch,x,,,,,-4,,16293,617,-140,0,77,,4307234247563,
2026-08-18 23:52:23.232,pulse_batch,y,,,,,-4,,5249,73,-304,0,4,,4307250022754,
2026-08-18 23:52:23.240,pulse_batch,x,,,,,-4,,16297,613,-144,0,77,,4307258024821,
2026-08-18 23:52:23.253,pulse_batch,y,,,,,-4,,5253,69,-308,0,4,,4307270635640,
2026-08-18 23:52:23.261,pulse_batch,x,,,,,-4,,16301,609,-148,0,77,,4307278662633,
2026-08-18 23:52:23.273,pulse_batch,y,,,,,-4,,5257,65,-312,0,4,,4307291232656,
2026-08-18 23:52:23.282,pulse_batch,x,,,,,-4,,16305,605,-152,0,77,,4307300080552,
2026-08-18 23:52:23.296,pulse_batch,y,,,,,-4,,5261,61,-316,0,4,,4307313745254,
2026-08-18 23:52:23.304,pulse_batch,x,,,,,-4,,16309,601,-156,0,77,,4307321392675,
2026-08-18 23:52:23.318,pulse_batch,y,,,,,-4,,5265,57,-320,0,4,,4307335911428,
2026-08-18 23:52:23.324,pulse_batch,x,,,,,-4,,16313,597,-160,0,77,,4307342050839,
2026-08-18 23:52:23.339,pulse_batch,y,,,,,-4,,5269,53,-324,0,4,,4307356498463,
2026-08-18 23:52:23.345,pulse_batch,x,,,,,-4,,16317,593,-164,0,77,,4307362670058,
2026-08-18 23:52:23.361,pulse_batch,y,,,,,-4,,5273,49,-328,0,4,,4307378896839,
2026-08-18 23:52:23.366,pulse_batch,x,,,,,-4,,16321,589,-168,0,77,,4307383970885,
2026-08-18 23:52:23.382,pulse_batch,y,,,,,-4,,5277,45,-332,0,4,,4307399859242,
2026-08-18 23:52:23.387,pulse_batch,x,,,,,-4,,16325,585,-172,0,77,,4307404613901,
2026-08-18 23:52:23.403,pulse_batch,y,,,,,-4,,5281,41,-336,0,4,,4307420460295,
2026-08-18 23:52:23.407,pulse_batch,x,,,,,-4,,16329,581,-176,0,77,,4307425213362,
2026-08-18 23:52:23.424,pulse_batch,y,,,,,-4,,5285,37,-340,0,4,,4307441203477,
2026-08-18 23:52:23.432,pulse_batch,x,,,,,-4,,16333,577,-180,0,77,,4307449363136,
2026-08-18 23:52:23.448,pulse_batch,y,,,,,-4,,5289,33,-344,0,4,,4307465379437,
2026-08-18 23:52:23.453,pulse_batch,x,,,,,-4,,16337,573,-184,0,77,,4307470466131,
2026-08-18 23:52:23.468,pulse_batch,y,,,,,-4,,5293,29,-348,0,4,,4307486048082,
2026-08-18 23:52:23.473,pulse_batch,x,,,,,-4,,16341,569,-188,0,77,,4307491122387,
2026-08-18 23:52:23.490,pulse_batch,y,,,,,-4,,5297,25,-352,0,4,,4307507798999,
2026-08-18 23:52:23.494,pulse_batch,x,,,,,-4,,16345,565,-192,0,77,,4307512148568,
2026-08-18 23:52:23.512,pulse_batch,y,,,,,-4,,5301,21,-356,0,4,,4307530028136,
2026-08-18 23:52:23.517,pulse_batch,x,,,,,-4,,16349,561,-196,0,77,,4307534437908,
2026-08-18 23:52:23.533,pulse_batch,y,,,,,-4,,5305,17,-360,0,4,,4307550590578,
2026-08-18 23:52:23.537,pulse_batch,x,,,,,-4,,16353,557,-200,0,77,,4307555013313,
2026-08-18 23:52:23.553,pulse_batch,y,,,,,-4,,5309,13,-364,0,4,,4307571235945,
2026-08-18 23:52:23.560,pulse_batch,x,,,,,-4,,16357,553,-204,0,77,,4307578078611,
2026-08-18 23:52:23.576,pulse_batch,y,,,,,-4,,5313,9,-368,0,4,,4307593718914,
2026-08-18 23:52:23.581,pulse_batch,x,,,,,-4,,16361,549,-208,0,77,,4307598813108,
2026-08-18 23:52:23.597,pulse_batch,y,,,,,-4,,5317,5,-372,0,4,,4307614412578,
2026-08-18 23:52:23.602,pulse_batch,x,,,,,-4,,16365,545,-212,0,77,,4307619430476,
2026-08-18 23:52:23.618,pulse_batch,y,,,,,-4,,5321,1,-376,0,4,,4307635958348,
2026-08-18 23:52:23.624,pulse_batch,x,,,,,-4,,16369,541,-216,0,77,,4307641205115,
2026-08-18 23:52:23.628,move_finish,x,,,29,,,,16369,541,-216,0,77,,4307645563462,
2026-08-18 23:52:23.641,pulse_batch,y,,,,,-4,,5325,-3,-380,0,4,,4307658457650,
2026-08-18 23:52:23.661,pulse_batch,y,,,,,-4,,5329,-7,-384,0,4,,4307679186832,
2026-08-18 23:52:23.685,pulse_batch,y,,,,,-4,,5333,-11,-388,0,4,,4307702696980,
2026-08-18 23:52:23.687,move_finish,y,,,29,,,,5333,-11,-388,0,4,,4307705291836,
2026-08-18 23:52:23.885,approach_source_finish,x,1,stored,,,,-1,,541,-216,0,77,-216,,
2026-08-18 23:52:23.885,approach_source_finish,y,1,stored,,,,1,,-11,-388,0,4,-388,,
2026-08-18 23:52:23.888,move_start,x,,,30,-87,,-1,16369,541,-216,0,77,,4307905318029,
2026-08-18 23:52:23.888,move_start,y,,,30,18,,1,5333,-11,-388,0,4,,4307905245048,
2026-08-18 23:52:23.890,pulse_batch,y,,,,,1,,5334,-10,-388,1,4,,4307908217662,
2026-08-18 23:52:23.893,pulse_batch,x,,,,,-1,,16370,540,-217,0,77,,4307910778407,
2026-08-18 23:52:23.914,pulse_batch,x,,,,,-4,,16374,536,-221,0,77,,4307931416034,
2026-08-18 23:52:23.914,pulse_batch,y,,,,,4,,5338,-6,-387,4,4,,4307931662384,
2026-08-18 23:52:23.934,pulse_batch,x,,,,,-4,,16378,532,-225,0,77,,4307952010050,
2026-08-18 23:52:23.934,pulse_batch,y,,,,,4,,5342,-2,-383,4,4,,4307952293307,
2026-08-18 23:52:23.955,pulse_batch,x,,,,,-4,,16382,528,-229,0,77,,4307972589844,
2026-08-18 23:52:23.955,pulse_batch,y,,,,,4,,5346,2,-379,4,4,,4307972829583,
2026-08-18 23:52:23.976,pulse_batch,x,,,,,-4,,16386,524,-233,0,77,,4307994019096,
2026-08-18 23:52:23.977,pulse_batch,y,,,,,4,,5350,6,-375,4,4,,4307994512167,
2026-08-18 23:52:23.984,pulse_batch,y,,,,,1,,5351,7,-374,4,4,,4308002214310,
2026-08-18 23:52:23.985,move_finish,y,,,30,,,,5351,7,-374,4,4,,4308002473753,
2026-08-18 23:52:23.997,pulse_batch,x,,,,,-4,,16390,520,-237,0,77,,4308014627593,
2026-08-18 23:52:24.018,pulse_batch,x,,,,,-4,,16394,516,-241,0,77,,4308035567293,
2026-08-18 23:52:24.042,pulse_batch,x,,,,,-4,,16398,512,-245,0,77,,4308059308662,
2026-08-18 23:52:24.063,pulse_batch,x,,,,,-4,,16402,508,-249,0,77,,4308080361601,
2026-08-18 23:52:24.085,pulse_batch,x,,,,,-4,,16406,504,-253,0,77,,4308102767811,
2026-08-18 23:52:24.108,pulse_batch,x,,,,,-4,,16410,500,-257,0,77,,4308126227145,
2026-08-18 23:52:24.129,pulse_batch,x,,,,,-4,,16414,496,-261,0,77,,4308147112363,
2026-08-18 23:52:24.150,pulse_batch,x,,,,,-4,,16418,492,-265,0,77,,4308167804582,
2026-08-18 23:52:24.172,pulse_batch,x,,,,,-4,,16422,488,-269,0,77,,4308189832350,
2026-08-18 23:52:24.193,pulse_batch,x,,,,,-4,,16426,484,-273,0,77,,4308210659402,
2026-08-18 23:52:24.214,pulse_batch,x,,,,,-4,,16430,480,-277,0,77,,4308231299973,
2026-08-18 23:52:24.235,pulse_batch,x,,,,,-4,,16434,476,-281,0,77,,4308252726577,
2026-08-18 23:52:24.256,pulse_batch,x,,,,,-4,,16438,472,-285,0,77,,4308274230959,
2026-08-18 23:52:24.277,pulse_batch,x,,,,,-4,,16442,468,-289,0,77,,4308294824827,
2026-08-18 23:52:24.297,pulse_batch,x,,,,,-3,,16445,465,-292,0,77,,4308314867735,
2026-08-18 23:52:24.318,pulse_batch,x,,,,,-4,,16449,461,-296,0,77,,4308335556750,
2026-08-18 23:52:24.338,pulse_batch,x,,,,,-4,,16453,457,-300,0,77,,4308356271914,
2026-08-18 23:52:24.357,pulse_batch,x,,,,,-3,,16456,454,-303,0,77,,4308374695423,
2026-08-18 23:52:24.357,move_finish,x,,,30,,,,16456,454,-303,0,77,,4308374977181,
2026-08-18 23:52:24.550,target_finish,x,1,stored,,,,,,454,-303,0,77,-303,,ok=True
2026-08-18 23:52:24.550,target_finish,y,1,stored,,,,,,7,-374,4,4,-374,,ok=True
2026-08-19 00:01:52.496,continuous_start,y,,,,,,1,5351,7,-374,4,4,,4876514052926,
2026-08-19 00:01:52.499,pulse_batch,y,,,,,1,,5352,8,-373,4,4,,4876516961412,
2026-08-19 00:01:52.520,pulse_batch,y,,,,,4,,5356,12,-369,4,4,,4876537627661,
2026-08-19 00:01:52.540,pulse_batch,y,,,,,4,,5360,16,-365,4,4,,4876558261392,
2026-08-19 00:01:52.562,pulse_batch,y,,,,,4,,5364,20,-361,4,4,,4876579553212,
2026-08-19 00:01:52.582,pulse_batch,y,,,,,4,,5368,24,-357,4,4,,4876600190443,
2026-08-19 00:01:52.603,pulse_batch,y,,,,,4,,5372,28,-353,4,4,,4876620825322,
2026-08-19 00:01:52.624,pulse_batch,y,,,,,4,,5376,32,-349,4,4,,4876641426813,
2026-08-19 00:01:52.645,pulse_batch,y,,,,,4,,5380,36,-345,4,4,,4876662400079,
2026-08-19 00:01:52.665,pulse_batch,y,,,,,4,,5384,40,-341,4,4,,4876682984366,
2026-08-19 00:01:52.686,pulse_batch,y,,,,,4,,5388,44,-337,4,4,,4876703564912,
2026-08-19 00:01:52.708,pulse_batch,y,,,,,4,,5392,48,-333,4,4,,4876725752339,
2026-08-19 00:01:52.729,pulse_batch,y,,,,,4,,5396,52,-329,4,4,,4876746326941,
2026-08-19 00:01:52.749,pulse_batch,y,,,,,4,,5400,56,-325,4,4,,4876766894135,
2026-08-19 00:01:52.770,pulse_batch,y,,,,,4,,5404,60,-321,4,4,,4876787661199,
2026-08-19 00:01:52.791,pulse_batch,y,,,,,4,,5408,64,-317,4,4,,4876808416373,
2026-08-19 00:01:52.811,pulse_batch,y,,,,,4,,5412,68,-313,4,4,,4876828928235,
2026-08-19 00:01:52.834,pulse_batch,y,,,,,4,,5416,72,-309,4,4,,4876851450234,
2026-08-19 00:01:52.855,pulse_batch,y,,,,,4,,5420,76,-305,4,4,,4876872530648,
2026-08-19 00:01:52.875,pulse_batch,y,,,,,4,,5424,80,-301,4,4,,4876893093565,
2026-08-19 00:01:52.898,pulse_batch,y,,,,,4,,5428,84,-297,4,4,,4876915607416,
2026-08-19 00:01:52.919,pulse_batch,y,,,,,4,,5432,88,-293,4,4,,4876936280480,
2026-08-19 00:01:52.939,pulse_batch,y,,,,,4,,5436,92,-289,4,4,,4876956897211,
2026-08-19 00:01:52.960,pulse_batch,y,,,,,4,,5440,96,-285,4,4,,4876977626534,
2026-08-19 00:01:52.981,pulse_batch,y,,,,,4,,5444,100,-281,4,4,,4876998413487,
2026-08-19 00:01:53.001,pulse_batch,y,,,,,4,,5448,104,-277,4,4,,4877018996329,
2026-08-19 00:01:53.022,pulse_batch,y,,,,,4,,5452,108,-273,4,4,,4877039585819,
2026-08-19 00:01:53.045,pulse_batch,y,,,,,4,,5456,112,-269,4,4,,4877062321336,
2026-08-19 00:01:53.065,pulse_batch,y,,,,,4,,5460,116,-265,4,4,,4877082912068,
2026-08-19 00:01:53.086,pulse_batch,y,,,,,4,,5464,120,-261,4,4,,4877103461262,
2026-08-19 00:01:53.107,pulse_batch,y,,,,,4,,5468,124,-257,4,4,,4877124243288,
2026-08-19 00:01:53.127,pulse_batch,y,,,,,4,,5472,128,-253,4,4,,4877144870668,
2026-08-19 00:01:53.148,pulse_batch,y,,,,,4,,5476,132,-249,4,4,,4877165442936,
2026-08-19 00:01:53.170,pulse_batch,y,,,,,4,,5480,136,-245,4,4,,4877187956213,
2026-08-19 00:01:53.191,pulse_batch,y,,,,,4,,5484,140,-241,4,4,,4877208619222,
2026-08-19 00:01:53.211,pulse_batch,y,,,,,4,,5488,144,-237,4,4,,4877229145157,
2026-08-19 00:01:53.232,pulse_batch,y,,,,,4,,5492,148,-233,4,4,,4877249862795,
2026-08-19 00:01:53.253,pulse_batch,y,,,,,4,,5496,152,-229,4,4,,4877270686858,
2026-08-19 00:01:53.274,pulse_batch,y,,,,,4,,5500,156,-225,4,4,,4877291292404,
2026-08-19 00:01:53.296,pulse_batch,y,,,,,4,,5504,160,-221,4,4,,4877313515276,
2026-08-19 00:01:53.316,pulse_batch,y,,,,,4,,5508,164,-217,4,4,,4877334152581,
2026-08-19 00:01:53.337,pulse_batch,y,,,,,4,,5512,168,-213,4,4,,4877354729386,
2026-08-19 00:01:53.358,pulse_batch,y,,,,,4,,5516,172,-209,4,4,,4877375670097,
2026-08-19 00:01:53.379,pulse_batch,y,,,,,4,,5520,176,-205,4,4,,4877396491790,
2026-08-19 00:01:53.399,pulse_batch,y,,,,,4,,5524,180,-201,4,4,,4877417104688,
2026-08-19 00:01:53.420,pulse_batch,y,,,,,4,,5528,184,-197,4,4,,4877437651382,
2026-08-19 00:01:53.443,pulse_batch,y,,,,,4,,5532,188,-193,4,4,,4877460412510,
2026-08-19 00:01:53.463,pulse_batch,y,,,,,4,,5536,192,-189,4,4,,4877481078222,
2026-08-19 00:01:53.484,pulse_batch,y,,,,,4,,5540,196,-185,4,4,,4877501604195,
2026-08-19 00:01:53.507,pulse_batch,y,,,,,4,,5544,200,-181,4,4,,4877524091805,
2026-08-19 00:01:53.527,pulse_batch,y,,,,,4,,5548,204,-177,4,4,,4877544854702,
2026-08-19 00:01:53.548,pulse_batch,y,,,,,4,,5552,208,-173,4,4,,4877565410675,
2026-08-19 00:01:53.568,pulse_batch,y,,,,,4,,5556,212,-169,4,4,,4877586244293,
2026-08-19 00:01:53.589,pulse_batch,y,,,,,4,,5560,216,-165,4,4,,4877607025079,
2026-08-19 00:01:53.610,pulse_batch,y,,,,,4,,5564,220,-161,4,4,,4877627567496,
2026-08-19 00:01:53.632,pulse_batch,y,,,,,4,,5568,224,-157,4,4,,4877649489258,
2026-08-19 00:01:53.653,pulse_batch,y,,,,,4,,5572,228,-153,4,4,,4877670325247,
2026-08-19 00:01:53.673,pulse_batch,y,,,,,4,,5576,232,-149,4,4,,4877690916385,
2026-08-19 00:01:53.694,pulse_batch,y,,,,,4,,5580,236,-145,4,4,,4877711549098,
2026-08-19 00:01:53.715,pulse_batch,y,,,,,4,,5584,240,-141,4,4,,4877732453439,
2026-08-19 00:01:53.735,pulse_batch,y,,,,,4,,5588,244,-137,4,4,,4877753088984,
2026-08-19 00:01:53.756,pulse_batch,y,,,,,4,,5592,248,-133,4,4,,4877773721364,
2026-08-19 00:01:53.777,pulse_batch,y,,,,,4,,5596,252,-129,4,4,,4877794685963,
2026-08-19 00:01:53.798,pulse_batch,y,,,,,4,,5600,256,-125,4,4,,4877815325898,
2026-08-19 00:01:53.818,pulse_batch,y,,,,,4,,5604,260,-121,4,4,,4877835951536,
2026-08-19 00:01:53.840,pulse_batch,y,,,,,4,,5608,264,-117,4,4,,4877857675910,
2026-08-19 00:01:53.861,pulse_batch,y,,,,,4,,5612,268,-113,4,4,,4877878543788,
2026-08-19 00:01:53.881,pulse_batch,y,,,,,4,,5616,272,-109,4,4,,4877899075372,
2026-08-19 00:01:53.902,pulse_batch,y,,,,,4,,5620,276,-105,4,4,,4877919852954,
2026-08-19 00:01:53.923,pulse_batch,y,,,,,4,,5624,280,-101,4,4,,4877940644480,
2026-08-19 00:01:53.943,pulse_batch,y,,,,,4,,5628,284,-97,4,4,,4877961219952,
2026-08-19 00:01:53.964,pulse_batch,y,,,,,4,,5632,288,-93,4,4,,4877981968701,
2026-08-19 00:01:53.985,pulse_batch,y,,,,,4,,5636,292,-89,4,4,,4878002672710,
2026-08-19 00:01:54.006,pulse_batch,y,,,,,4,,5640,296,-85,4,4,,4878023371903,
2026-08-19 00:01:54.027,pulse_batch,y,,,,,4,,5644,300,-81,4,4,,4878044664964,
2026-08-19 00:01:54.048,pulse_batch,y,,,,,4,,5648,304,-77,4,4,,4878065395306,
2026-08-19 00:01:54.068,pulse_batch,y,,,,,4,,5652,308,-73,4,4,,4878086049055,
2026-08-19 00:01:54.089,pulse_batch,y,,,,,4,,5656,312,-69,4,4,,4878106642416,
2026-08-19 00:01:54.110,pulse_batch,y,,,,,4,,5660,316,-65,4,4,,4878127511516,
2026-08-19 00:01:54.130,pulse_batch,y,,,,,4,,5664,320,-61,4,4,,4878148140747,
2026-08-19 00:01:54.151,pulse_batch,y,,,,,4,,5668,324,-57,4,4,,4878168697794,
2026-08-19 00:01:54.172,pulse_batch,y,,,,,4,,5672,328,-53,4,4,,4878189487746,
2026-08-19 00:01:54.193,pulse_batch,y,,,,,4,,5676,332,-49,4,4,,4878210468587,
2026-08-19 00:01:54.213,pulse_batch,y,,,,,4,,5680,336,-45,4,4,,4878231050447,
2026-08-19 00:01:54.235,pulse_batch,y,,,,,4,,5684,340,-41,4,4,,4878252698507,
2026-08-19 00:01:54.257,pulse_batch,y,,,,,4,,5688,344,-37,4,4,,4878274309048,
2026-08-19 00:01:54.277,pulse_batch,y,,,,,4,,5692,348,-33,4,4,,4878294851964,
2026-08-19 00:01:54.302,pulse_batch,y,,,,,4,,5696,352,-29,4,4,,4878319663230,
2026-08-19 00:01:54.323,pulse_batch,y,,,,,4,,5700,356,-25,4,4,,4878340329017,
2026-08-19 00:01:54.343,pulse_batch,y,,,,,4,,5704,360,-21,4,4,,4878360891896,
2026-08-19 00:01:54.366,pulse_batch,y,,,,,4,,5708,364,-17,4,4,,4878384160559,
2026-08-19 00:01:54.387,pulse_batch,y,,,,,4,,5712,368,-13,4,4,,4878404873271,
2026-08-19 00:01:54.408,pulse_batch,y,,,,,4,,5716,372,-9,4,4,,4878425463335,
2026-08-19 00:01:54.431,pulse_batch,y,,,,,4,,5720,376,-5,4,4,,4878448601776,
2026-08-19 00:01:54.452,pulse_batch,y,,,,,4,,5724,380,-1,4,4,,4878469256840,
2026-08-19 00:01:54.472,pulse_batch,y,,,,,4,,5728,384,3,4,4,,4878489888905,
2026-08-19 00:01:54.497,pulse_batch,y,,,,,4,,5732,388,7,4,4,,4878514543634,
2026-08-19 00:01:54.517,pulse_batch,y,,,,,4,,5736,392,11,4,4,,4878535147976,
2026-08-19 00:01:54.540,pulse_batch,y,,,,,4,,5740,396,15,4,4,,4878557758549,
2026-08-19 00:01:54.561,pulse_batch,y,,,,,4,,5744,400,19,4,4,,4878578958815,
2026-08-19 00:01:54.584,pulse_batch,y,,,,,4,,5748,404,23,4,4,,4878601332148,
2026-08-19 00:01:54.604,pulse_batch,y,,,,,4,,5752,408,27,4,4,,4878621964583,
2026-08-19 00:01:54.625,pulse_batch,y,,,,,4,,5756,412,31,4,4,,4878642655980,
2026-08-19 00:01:54.646,pulse_batch,y,,,,,4,,5760,416,35,4,4,,4878663636117,
2026-08-19 00:01:54.667,pulse_batch,y,,,,,4,,5764,420,39,4,4,,4878684454903,
2026-08-19 00:01:54.687,pulse_batch,y,,,,,4,,5768,424,43,4,4,,4878705074356,
2026-08-19 00:01:54.709,pulse_batch,y,,,,,4,,5772,428,47,4,4,,4878726513768,
2026-08-19 00:01:54.729,pulse_batch,y,,,,,4,,5776,432,51,4,4,,4878747152018,
2026-08-19 00:01:54.750,pulse_batch,y,,,,,4,,5780,436,55,4,4,,4878768051914,
2026-08-19 00:01:54.764,pulse_batch,y,,,,,2,,5782,438,57,4,4,,4878781322145,
2026-08-19 00:01:54.764,continuous_stop,y,,,,,,1,5782,438,57,4,4,,4878781581310,
2026-08-19 00:01:55.631,continuous_start,x,,,,,,-1,16456,454,-303,0,77,,4879648787454,
2026-08-19 00:01:55.634,pulse_batch,x,,,,,-1,,16457,453,-304,0,77,,4879651703329,
2026-08-19 00:01:55.655,pulse_batch,x,,,,,-4,,16461,449,-308,0,77,,4879672381189,
2026-08-19 00:01:55.675,pulse_batch,x,,,,,-4,,16465,445,-312,0,77,,4879692939624,
2026-08-19 00:01:55.697,pulse_batch,x,,,,,-4,,16469,441,-316,0,77,,4879714739423,
2026-08-19 00:01:55.718,pulse_batch,x,,,,,-4,,16473,437,-320,0,77,,4879735456802,
2026-08-19 00:01:55.738,pulse_batch,x,,,,,-4,,16477,433,-324,0,77,,4879756026108,
2026-08-19 00:01:55.762,pulse_batch,x,,,,,-4,,16481,429,-328,0,77,,4879779915360,
2026-08-19 00:01:55.783,pulse_batch,x,,,,,-4,,16485,425,-332,0,77,,4879800728090,
2026-08-19 00:01:55.804,pulse_batch,x,,,,,-4,,16489,421,-336,0,77,,4879821286303,
2026-08-19 00:01:55.824,pulse_batch,x,,,,,-4,,16493,417,-340,0,77,,4879841844867,
2026-08-19 00:01:55.845,pulse_batch,x,,,,,-4,,16497,413,-344,0,77,,4879862732690,
2026-08-19 00:01:55.866,pulse_batch,x,,,,,-4,,16501,409,-348,0,77,,4879883381328,
2026-08-19 00:01:55.886,pulse_batch,x,,,,,-4,,16505,405,-352,0,77,,4879903959393,
2026-08-19 00:01:55.910,pulse_batch,x,,,,,-4,,16509,401,-356,0,77,,4879928044662,
2026-08-19 00:01:55.931,pulse_batch,x,,,,,-4,,16513,397,-360,0,77,,4879948717189,
2026-08-19 00:01:55.951,pulse_batch,x,,,,,-4,,16517,393,-364,0,77,,4879969238347,
2026-08-19 00:01:55.976,pulse_batch,x,,,,,-4,,16521,389,-368,0,77,,4879993471412,
2026-08-19 00:01:55.996,pulse_batch,x,,,,,-4,,16525,385,-372,0,77,,4880014143939,
2026-08-19 00:01:56.017,pulse_batch,x,,,,,-4,,16529,381,-376,0,77,,4880034659263,
2026-08-19 00:01:56.039,pulse_batch,x,,,,,-4,,16533,377,-380,0,77,,4880057108041,
2026-08-19 00:01:56.060,pulse_batch,x,,,,,-4,,16537,373,-384,0,77,,4880077815827,
2026-08-19 00:01:56.081,pulse_batch,x,,,,,-4,,16541,369,-388,0,77,,4880098331707,
2026-08-19 00:01:56.104,pulse_batch,x,,,,,-4,,16545,365,-392,0,77,,4880121603184,
2026-08-19 00:01:56.125,pulse_batch,x,,,,,-4,,16549,361,-396,0,77,,4880142301118,
2026-08-19 00:01:56.145,pulse_batch,x,,,,,-4,,16553,357,-400,0,77,,4880162855368,
2026-08-19 00:01:56.168,pulse_batch,x,,,,,-4,,16557,353,-404,0,77,,4880185413793,
2026-08-19 00:01:56.189,pulse_batch,x,,,,,-4,,16561,349,-408,0,77,,4880206316282,
2026-08-19 00:01:56.209,pulse_batch,x,,,,,-4,,16565,345,-412,0,77,,4880226860940,
2026-08-19 00:01:56.230,pulse_batch,x,,,,,-4,,16569,341,-416,0,77,,4880247520837,
2026-08-19 00:01:56.251,pulse_batch,x,,,,,-4,,16573,337,-420,0,77,,4880268394345,
2026-08-19 00:01:56.271,pulse_batch,x,,,,,-4,,16577,333,-424,0,77,,4880288967373,
2026-08-19 00:01:56.292,pulse_batch,x,,,,,-4,,16581,329,-428,0,77,,4880309571733,
2026-08-19 00:01:56.313,pulse_batch,x,,,,,-4,,16585,325,-432,0,77,,4880330446852,
2026-08-19 00:01:56.333,pulse_batch,x,,,,,-4,,16589,321,-436,0,77,,4880351069583,
2026-08-19 00:01:56.354,pulse_batch,x,,,,,-4,,16593,317,-440,0,77,,4880371622259,
2026-08-19 00:01:56.377,pulse_batch,x,,,,,-4,,16597,313,-444,0,77,,4880394711682,
2026-08-19 00:01:56.398,pulse_batch,x,,,,,-4,,16601,309,-448,0,77,,4880415475875,
2026-08-19 00:01:56.418,pulse_batch,x,,,,,-4,,16605,305,-452,0,77,,4880435987310,
2026-08-19 00:01:56.442,pulse_batch,x,,,,,-4,,16609,301,-456,0,77,,4880460025413,
2026-08-19 00:01:56.463,pulse_batch,x,,,,,-4,,16613,297,-460,0,77,,4880480620311,
2026-08-19 00:01:56.483,pulse_batch,x,,,,,-4,,16617,293,-464,0,77,,4880501129432,
2026-08-19 00:01:56.505,pulse_batch,x,,,,,-4,,16621,289,-468,0,77,,4880522910565,
2026-08-19 00:01:56.526,pulse_batch,x,,,,,-4,,16625,285,-472,0,77,,4880543613592,
2026-08-19 00:01:56.546,pulse_batch,x,,,,,-4,,16629,281,-476,0,77,,4880564175378,
2026-08-19 00:01:56.568,pulse_batch,x,,,,,-4,,16633,277,-480,0,77,,4880585701846,
2026-08-19 00:01:56.589,pulse_batch,x,,,,,-4,,16637,273,-484,0,77,,4880606466224,
2026-08-19 00:01:56.609,pulse_batch,x,,,,,-4,,16641,269,-488,0,77,,4880627085752,
2026-08-19 00:01:56.630,pulse_batch,x,,,,,-4,,16645,265,-492,0,77,,4880647732205,
2026-08-19 00:01:56.651,pulse_batch,x,,,,,-4,,16649,261,-496,0,77,,4880668586602,
2026-08-19 00:01:56.671,pulse_batch,x,,,,,-4,,16653,257,-500,0,77,,4880689170611,
2026-08-19 00:01:56.693,pulse_batch,x,,,,,-4,,16657,253,-504,0,77,,4880710499097,
2026-08-19 00:01:56.715,pulse_batch,x,,,,,-4,,16661,249,-508,0,77,,4880732865227,
2026-08-19 00:01:56.736,pulse_batch,x,,,,,-4,,16665,245,-512,0,77,,4880753604884,
2026-08-19 00:01:56.756,pulse_batch,x,,,,,-4,,16669,241,-516,0,77,,4880774249930,
2026-08-19 00:01:56.780,pulse_batch,x,,,,,-4,,16673,237,-520,0,77,,4880797224705,
2026-08-19 00:01:56.800,pulse_batch,x,,,,,-4,,16677,233,-524,0,77,,4880817852232,
2026-08-19 00:01:56.821,pulse_batch,x,,,,,-4,,16681,229,-528,0,77,,4880838371038,
2026-08-19 00:01:56.846,pulse_batch,x,,,,,-4,,16685,225,-532,0,77,,4880864112799,
2026-08-19 00:01:56.867,pulse_batch,x,,,,,-4,,16689,221,-536,0,77,,4880884914770,
2026-08-19 00:01:56.888,pulse_batch,x,,,,,-4,,16693,217,-540,0,77,,4880905484631,
2026-08-19 00:01:56.910,pulse_batch,x,,,,,-4,,16697,213,-544,0,77,,4880927973371,
2026-08-19 00:01:56.931,pulse_batch,x,,,,,-4,,16701,209,-548,0,77,,4880948964508,
2026-08-19 00:01:56.952,pulse_batch,x,,,,,-4,,16705,205,-552,0,77,,4880969521498,
2026-08-19 00:01:56.975,pulse_batch,x,,,,,-4,,16709,201,-556,0,77,,4880992270682,
2026-08-19 00:01:56.995,pulse_batch,x,,,,,-4,,16713,197,-560,0,77,,4881013139967,
2026-08-19 00:01:57.016,pulse_batch,x,,,,,-4,,16717,193,-564,0,77,,4881033724588,
2026-08-19 00:01:57.040,pulse_batch,x,,,,,-4,,16721,189,-568,0,77,,4881057912616,
2026-08-19 00:01:57.061,pulse_batch,x,,,,,-4,,16725,185,-572,0,77,,4881078546958,
2026-08-19 00:01:57.081,pulse_batch,x,,,,,-4,,16729,181,-576,0,77,,4881099067949,
2026-08-19 00:01:57.103,pulse_batch,x,,,,,-4,,16733,177,-580,0,77,,4881120561805,
2026-08-19 00:01:57.123,pulse_batch,x,,,,,-4,,16737,173,-584,0,77,,4881141202351,
2026-08-19 00:01:57.144,pulse_batch,x,,,,,-4,,16741,169,-588,0,77,,4881161768619,
2026-08-19 00:01:57.166,pulse_batch,x,,,,,-4,,16745,165,-592,0,77,,4881183743788,
2026-08-19 00:01:57.187,pulse_batch,x,,,,,-4,,16749,161,-596,0,77,,4881204444704,
2026-08-19 00:01:57.207,pulse_batch,x,,,,,-4,,16753,157,-600,0,77,,4881225070102,
2026-08-19 00:01:57.228,pulse_batch,x,,,,,-4,,16757,153,-604,0,77,,4881245682703,
2026-08-19 00:01:57.249,pulse_batch,x,,,,,-4,,16761,149,-608,0,77,,4881266438730,
2026-08-19 00:01:57.269,pulse_batch,x,,,,,-4,,16765,145,-612,0,77,,4881287124146,
2026-08-19 00:01:57.290,pulse_batch,x,,,,,-4,,16769,141,-616,0,77,,4881307694470,
2026-08-19 00:01:57.310,pulse_batch,x,,,,,-3,,16772,138,-619,0,77,,4881328120202,
2026-08-19 00:01:57.331,pulse_batch,x,,,,,-4,,16776,134,-623,0,77,,4881348807655,
2026-08-19 00:01:57.352,pulse_batch,x,,,,,-4,,16780,130,-627,0,77,,4881369320813,
2026-08-19 00:01:57.374,pulse_batch,x,,,,,-4,,16784,126,-631,0,77,,4881391627943,
2026-08-19 00:01:57.395,pulse_batch,x,,,,,-4,,16788,122,-635,0,77,,4881412328248,
2026-08-19 00:01:57.415,pulse_batch,x,,,,,-4,,16792,118,-639,0,77,,4881432920849,
2026-08-19 00:01:57.436,pulse_batch,x,,,,,-4,,16796,114,-643,0,77,,4881453647635,
2026-08-19 00:01:57.457,pulse_batch,x,,,,,-4,,16800,110,-647,0,77,,4881474409699,
2026-08-19 00:01:57.477,pulse_batch,x,,,,,-4,,16804,106,-651,0,77,,4881495017338,
2026-08-19 00:01:57.499,pulse_batch,x,,,,,-4,,16808,102,-655,0,77,,4881517171450,
2026-08-19 00:01:57.521,pulse_batch,x,,,,,-4,,16812,98,-659,0,77,,4881538697288,
2026-08-19 00:01:57.542,pulse_batch,x,,,,,-4,,16816,94,-663,0,77,,4881559349352,
2026-08-19 00:01:57.562,pulse_batch,x,,,,,-4,,16820,90,-667,0,77,,4881580159175,
2026-08-19 00:01:57.586,pulse_batch,x,,,,,-4,,16824,86,-671,0,77,,4881603991946,
2026-08-19 00:01:57.607,pulse_batch,x,,,,,-4,,16828,82,-675,0,77,,4881624881564,
2026-08-19 00:01:57.628,pulse_batch,x,,,,,-4,,16832,78,-679,0,77,,4881645477277,
2026-08-19 00:01:57.649,pulse_batch,x,,,,,-4,,16836,74,-683,0,77,,4881666525839,
2026-08-19 00:01:57.669,pulse_batch,x,,,,,-4,,16840,70,-687,0,77,,4881687213866,
2026-08-19 00:01:57.690,pulse_batch,x,,,,,-4,,16844,66,-691,0,77,,4881707873801,
2026-08-19 00:01:57.701,pulse_batch,x,,,,,-1,,16845,65,-692,0,77,,4881718774840,
2026-08-19 00:01:57.701,continuous_stop,x,,,,,,-1,16845,65,-692,0,77,,4881719129986,
2026-08-19 00:02:13.851,continuous_start,x,,,,,,1,16845,65,-692,0,77,,4897869027493,
2026-08-19 00:02:13.854,pulse_batch,x,,,,,1,,16846,66,-692,1,77,,4897871788294,
2026-08-19 00:02:13.875,pulse_batch,x,,,,,4,,16850,70,-692,5,77,,4897892454803,
2026-08-19 00:02:13.895,pulse_batch,x,,,,,4,,16854,74,-692,9,77,,4897913028757,
2026-08-19 00:02:13.918,pulse_batch,x,,,,,4,,16858,78,-692,13,77,,4897935507812,
2026-08-19 00:02:13.938,pulse_batch,x,,,,,4,,16862,82,-692,17,77,,4897956123580,
2026-08-19 00:02:13.959,pulse_batch,x,,,,,4,,16866,86,-692,21,77,,4897976746849,
2026-08-19 00:02:13.980,pulse_batch,x,,,,,4,,16870,90,-692,25,77,,4897997426802,
2026-08-19 00:02:14.001,pulse_batch,x,,,,,4,,16874,94,-692,29,77,,4898018286828,
2026-08-19 00:02:14.021,pulse_batch,x,,,,,4,,16878,98,-692,33,77,,4898038870597,
2026-08-19 00:02:14.042,pulse_batch,x,,,,,4,,16882,102,-692,37,77,,4898059852326,
2026-08-19 00:02:14.064,pulse_batch,x,,,,,4,,16886,106,-692,41,77,,4898081944402,
2026-08-19 00:02:14.085,pulse_batch,x,,,,,4,,16890,110,-692,45,77,,4898102553652,
2026-08-19 00:02:14.105,pulse_batch,x,,,,,4,,16894,114,-692,49,77,,4898123106124,
2026-08-19 00:02:14.126,pulse_batch,x,,,,,4,,16898,118,-692,53,77,,4898143886521,
2026-08-19 00:02:14.147,pulse_batch,x,,,,,4,,16902,122,-692,57,77,,4898164534493,
2026-08-19 00:02:14.167,pulse_batch,x,,,,,4,,16906,126,-692,61,77,,4898185113966,
2026-08-19 00:02:14.188,pulse_batch,x,,,,,4,,16910,130,-692,65,77,,4898205815511,
2026-08-19 00:02:14.209,pulse_batch,x,,,,,4,,16914,134,-692,69,77,,4898226643279,
2026-08-19 00:02:14.229,pulse_batch,x,,,,,4,,16918,138,-692,73,77,,4898247200695,
2026-08-19 00:02:14.252,pulse_batch,x,,,,,4,,16922,142,-692,77,77,,4898269193401,
2026-08-19 00:02:14.272,pulse_batch,x,,,,,4,,16926,146,-688,77,77,,4898289819114,
2026-08-19 00:02:14.293,pulse_batch,x,,,,,4,,16930,150,-684,77,77,,4898310387901,
2026-08-19 00:02:14.313,pulse_batch,x,,,,,4,,16934,154,-680,77,77,,4898331047317,
2026-08-19 00:02:14.334,pulse_batch,x,,,,,4,,16938,158,-676,77,77,,4898351812344,
2026-08-19 00:02:14.355,pulse_batch,x,,,,,4,,16942,162,-672,77,77,,4898372778204,
2026-08-19 00:02:14.376,pulse_batch,x,,,,,4,,16946,166,-668,77,77,,4898393558212,
2026-08-19 00:02:14.400,pulse_batch,x,,,,,4,,16950,170,-664,77,77,,4898417315335,
2026-08-19 00:02:14.420,pulse_batch,x,,,,,4,,16954,174,-660,77,77,,4898437944992,
2026-08-19 00:02:14.441,pulse_batch,x,,,,,4,,16958,178,-656,77,77,,4898458902370,
2026-08-19 00:02:14.462,pulse_batch,x,,,,,4,,16962,182,-652,77,77,,4898479992247,
2026-08-19 00:02:14.483,pulse_batch,x,,,,,4,,16966,186,-648,77,77,,4898500661293,
2026-08-19 00:02:14.503,pulse_batch,x,,,,,4,,16970,190,-644,77,77,,4898521193043,
2026-08-19 00:02:14.527,pulse_batch,x,,,,,4,,16974,194,-640,77,77,,4898544832167,
2026-08-19 00:02:14.548,pulse_batch,x,,,,,4,,16978,198,-636,77,77,,4898565485454,
2026-08-19 00:02:14.568,pulse_batch,x,,,,,4,,16982,202,-632,77,77,,4898586045889,
2026-08-19 00:02:14.590,pulse_batch,x,,,,,4,,16986,206,-628,77,77,,4898607990225,
2026-08-19 00:02:14.611,pulse_batch,x,,,,,4,,16990,210,-624,77,77,,4898628917158,
2026-08-19 00:02:14.632,pulse_batch,x,,,,,4,,16994,214,-620,77,77,,4898649448594,
2026-08-19 00:02:14.654,pulse_batch,x,,,,,4,,16998,218,-616,77,77,,4898672038037,
2026-08-19 00:02:14.675,pulse_batch,x,,,,,4,,17002,222,-612,77,77,,4898692775157,
2026-08-19 00:02:14.696,pulse_batch,x,,,,,4,,17006,226,-608,77,77,,4898713349981,
2026-08-19 00:02:14.716,pulse_batch,x,,,,,3,,17009,229,-605,77,77,,4898733343845,
2026-08-19 00:02:14.716,continuous_stop,x,,,,,,1,17009,229,-605,77,77,,4898733771213,
2026-08-19 00:02:15.116,continuous_start,x,,,,,,1,17009,229,-605,77,77,,4899133939992,
2026-08-19 00:02:15.119,pulse_batch,x,,,,,1,,17010,230,-604,77,77,,4899136748534,
2026-08-19 00:02:15.140,pulse_batch,x,,,,,4,,17014,234,-600,77,77,,4899157399450,
2026-08-19 00:02:15.160,pulse_batch,x,,,,,4,,17018,238,-596,77,77,,4899177923441,
2026-08-19 00:02:15.184,pulse_batch,x,,,,,4,,17022,242,-592,77,77,,4899201240585,
2026-08-19 00:02:15.204,pulse_batch,x,,,,,4,,17026,246,-588,77,77,,4899221876317,
2026-08-19 00:02:15.225,pulse_batch,x,,,,,4,,17030,250,-584,77,77,,4899242453196,
2026-08-19 00:02:15.248,pulse_batch,x,,,,,4,,17034,254,-580,77,77,,4899265601545,
2026-08-19 00:02:15.269,pulse_batch,x,,,,,4,,17038,258,-576,77,77,,4899286421386,
2026-08-19 00:02:15.289,pulse_batch,x,,,,,4,,17042,262,-572,77,77,,4899307008877,
2026-08-19 00:02:15.314,pulse_batch,x,,,,,4,,17046,266,-568,77,77,,4899331643570,
2026-08-19 00:02:15.337,pulse_batch,x,,,,,4,,17050,270,-564,77,77,,4899354467438,
2026-08-19 00:02:15.357,pulse_batch,x,,,,,4,,17054,274,-560,77,77,,4899375077244,
2026-08-19 00:02:15.378,pulse_batch,x,,,,,4,,17058,278,-556,77,77,,4899395794474,
2026-08-19 00:02:15.399,pulse_batch,x,,,,,4,,17062,282,-552,77,77,,4899417009944,
2026-08-19 00:02:15.420,pulse_batch,x,,,,,4,,17066,286,-548,77,77,,4899437649675,
2026-08-19 00:02:15.440,pulse_batch,x,,,,,4,,17070,290,-544,77,77,,4899458209147,
2026-08-19 00:02:15.463,pulse_batch,x,,,,,4,,17074,294,-540,77,77,,4899480641036,
2026-08-19 00:02:15.484,pulse_batch,x,,,,,4,,17078,298,-536,77,77,,4899501339489,
2026-08-19 00:02:15.504,pulse_batch,x,,,,,4,,17082,302,-532,77,77,,4899521886739,
2026-08-19 00:02:15.525,pulse_batch,x,,,,,4,,17086,306,-528,77,77,,4899542727377,
2026-08-19 00:02:15.546,pulse_batch,x,,,,,4,,17090,310,-524,77,77,,4899563527996,
2026-08-19 00:02:15.566,pulse_batch,x,,,,,4,,17094,314,-520,77,77,,4899584087543,
2026-08-19 00:02:15.582,pulse_batch,x,,,,,2,,17096,316,-518,77,77,,4899599913872,
2026-08-19 00:02:15.583,continuous_stop,x,,,,,,1,17096,316,-518,77,77,,4899600361740,
2026-08-19 00:02:15.985,continuous_start,x,,,,,,1,17096,316,-518,77,77,,4900002660749,
2026-08-19 00:02:15.988,pulse_batch,x,,,,,1,,17097,317,-517,77,77,,4900005608790,
2026-08-19 00:02:16.008,pulse_batch,x,,,,,4,,17101,321,-513,77,77,,4900026236892,
2026-08-19 00:02:16.029,pulse_batch,x,,,,,4,,17105,325,-509,77,77,,4900046746846,
2026-08-19 00:02:16.051,pulse_batch,x,,,,,4,,17109,329,-505,77,77,,4900068232758,
2026-08-19 00:02:16.071,pulse_batch,x,,,,,4,,17113,333,-501,77,77,,4900088860749,
2026-08-19 00:02:16.092,pulse_batch,x,,,,,4,,17117,337,-497,77,77,,4900109487350,
2026-08-19 00:02:16.112,pulse_batch,x,,,,,4,,17121,341,-493,77,77,,4900130044564,
2026-08-19 00:02:16.133,pulse_batch,x,,,,,4,,17125,345,-489,77,77,,4900150780683,
2026-08-19 00:02:16.154,pulse_batch,x,,,,,4,,17129,349,-485,77,77,,4900171350600,
2026-08-19 00:02:16.174,pulse_batch,x,,,,,4,,17133,353,-481,77,77,,4900191882702,
2026-08-19 00:02:16.195,pulse_batch,x,,,,,4,,17137,357,-477,77,77,,4900212648507,
2026-08-19 00:02:16.216,pulse_batch,x,,,,,4,,17141,361,-473,77,77,,4900233313608,
2026-08-19 00:02:16.236,pulse_batch,x,,,,,4,,17145,365,-469,77,77,,4900253828321,
2026-08-19 00:02:16.262,pulse_batch,x,,,,,4,,17149,369,-465,77,77,,4900280128617,
2026-08-19 00:02:16.283,pulse_batch,x,,,,,4,,17153,373,-461,77,77,,4900300934866,
2026-08-19 00:02:16.304,pulse_batch,x,,,,,4,,17157,377,-457,77,77,,4900321657560,
2026-08-19 00:02:16.326,pulse_batch,x,,,,,4,,17161,381,-453,77,77,,4900343734358,
2026-08-19 00:02:16.347,pulse_batch,x,,,,,4,,17165,385,-449,77,77,,4900365016123,
2026-08-19 00:02:16.368,pulse_batch,x,,,,,4,,17169,389,-445,77,77,,4900385552151,
2026-08-19 00:02:16.392,pulse_batch,x,,,,,4,,17173,393,-441,77,77,,4900409883549,
2026-08-19 00:02:16.413,pulse_batch,x,,,,,4,,17177,397,-437,77,77,,4900430699372,
2026-08-19 00:02:16.434,pulse_batch,x,,,,,4,,17181,401,-433,77,77,,4900451281900,
2026-08-19 00:02:16.456,pulse_batch,x,,,,,4,,17185,405,-429,77,77,,4900473654882,
2026-08-19 00:02:16.479,pulse_batch,x,,,,,4,,17189,409,-425,77,77,,4900497070896,
2026-08-19 00:02:16.500,pulse_batch,x,,,,,4,,17193,413,-421,77,77,,4900517640516,
2026-08-19 00:02:16.521,pulse_batch,x,,,,,4,,17197,417,-417,77,77,,4900538551894,
2026-08-19 00:02:16.545,pulse_batch,x,,,,,4,,17201,421,-413,77,77,,4900562288055,
2026-08-19 00:02:16.565,pulse_batch,x,,,,,4,,17205,425,-409,77,77,,4900582825212,
2026-08-19 00:02:16.587,pulse_batch,x,,,,,4,,17209,429,-405,77,77,,4900604682715,
2026-08-19 00:02:16.608,pulse_batch,x,,,,,4,,17213,433,-401,77,77,,4900625455816,
2026-08-19 00:02:16.628,pulse_batch,x,,,,,4,,17217,437,-397,77,77,,4900646151195,
2026-08-19 00:02:16.651,pulse_batch,x,,,,,4,,17221,441,-393,77,77,,4900668630825,
2026-08-19 00:02:16.672,pulse_batch,x,,,,,4,,17225,445,-389,77,77,,4900689328908,
2026-08-19 00:02:16.692,pulse_batch,x,,,,,4,,17229,449,-385,77,77,,4900709961046,
2026-08-19 00:02:16.716,pulse_batch,x,,,,,4,,17233,453,-381,77,77,,4900734054020,
2026-08-19 00:02:16.737,pulse_batch,x,,,,,4,,17237,457,-377,77,77,,4900754867898,
2026-08-19 00:02:16.758,pulse_batch,x,,,,,4,,17241,461,-373,77,77,,4900775486222,
2026-08-19 00:02:16.779,pulse_batch,x,,,,,4,,17245,465,-369,77,77,,4900796371952,
2026-08-19 00:02:16.801,pulse_batch,x,,,,,4,,17249,469,-365,77,77,,4900818727175,
2026-08-19 00:02:16.822,pulse_batch,x,,,,,4,,17253,473,-361,77,77,,4900839368924,
2026-08-19 00:02:16.842,pulse_batch,x,,,,,4,,17257,477,-357,77,77,,4900859946749,
2026-08-19 00:02:16.865,pulse_batch,x,,,,,4,,17261,481,-353,77,77,,4900882488322,
2026-08-19 00:02:16.889,pulse_batch,x,,,,,4,,17265,485,-349,77,77,,4900906269890,
2026-08-19 00:02:16.909,pulse_batch,x,,,,,4,,17269,489,-345,77,77,,4900926880788,
2026-08-19 00:02:16.932,pulse_batch,x,,,,,4,,17273,493,-341,77,77,,4900949303288,
2026-08-19 00:02:16.952,pulse_batch,x,,,,,4,,17277,497,-337,77,77,,4900970072981,
2026-08-19 00:02:16.973,pulse_batch,x,,,,,4,,17281,501,-333,77,77,,4900990635509,
2026-08-19 00:02:16.995,pulse_batch,x,,,,,4,,17285,505,-329,77,77,,4901012704993,
2026-08-19 00:02:17.016,pulse_batch,x,,,,,4,,17289,509,-325,77,77,,4901033411335,
2026-08-19 00:02:17.036,pulse_batch,x,,,,,4,,17293,513,-321,77,77,,4901053925159,
2026-08-19 00:02:17.057,pulse_batch,x,,,,,4,,17297,517,-317,77,77,,4901074654483,
2026-08-19 00:02:17.078,pulse_batch,x,,,,,4,,17301,521,-313,77,77,,4901095391250,
2026-08-19 00:02:17.098,pulse_batch,x,,,,,4,,17305,525,-309,77,77,,4901115983537,
2026-08-19 00:02:17.119,pulse_batch,x,,,,,4,,17309,529,-305,77,77,,4901136785860,
2026-08-19 00:02:17.140,pulse_batch,x,,,,,4,,17313,533,-301,77,77,,4901157430573,
2026-08-19 00:02:17.160,pulse_batch,x,,,,,4,,17317,537,-297,77,77,,4901178016897,
2026-08-19 00:02:17.182,pulse_batch,x,,,,,4,,17321,541,-293,77,77,,4901199983585,
2026-08-19 00:02:17.203,pulse_batch,x,,,,,4,,17325,545,-289,77,77,,4901220859667,
2026-08-19 00:02:17.224,pulse_batch,x,,,,,4,,17329,549,-285,77,77,,4901241447398,
2026-08-19 00:02:17.244,pulse_batch,x,,,,,4,,17333,553,-281,77,77,,4901262054241,
2026-08-19 00:02:17.265,pulse_batch,x,,,,,4,,17337,557,-277,77,77,,4901282914952,
2026-08-19 00:02:17.286,pulse_batch,x,,,,,4,,17341,561,-273,77,77,,4901303492925,
2026-08-19 00:02:17.306,pulse_batch,x,,,,,4,,17345,565,-269,77,77,,4901324056971,
2026-08-19 00:02:17.327,pulse_batch,x,,,,,4,,17349,569,-265,77,77,,4901344870961,
2026-08-19 00:02:17.348,pulse_batch,x,,,,,4,,17353,573,-261,77,77,,4901365701969,
2026-08-19 00:02:17.368,pulse_batch,x,,,,,4,,17357,577,-257,77,77,,4901386248256,
2026-08-19 00:02:17.391,pulse_batch,x,,,,,4,,17361,581,-253,77,77,,4901408688386,
2026-08-19 00:02:17.412,pulse_batch,x,,,,,4,,17365,585,-249,77,77,,4901429481857,
2026-08-19 00:02:17.432,pulse_batch,x,,,,,4,,17369,589,-245,77,77,,4901450064773,
2026-08-19 00:02:17.454,pulse_batch,x,,,,,4,,17373,593,-241,77,77,,4901472194738,
2026-08-19 00:02:17.475,pulse_batch,x,,,,,4,,17377,597,-237,77,77,,4901492891562,
2026-08-19 00:02:17.496,pulse_batch,x,,,,,4,,17381,601,-233,77,77,,4901513474201,
2026-08-19 00:02:17.518,pulse_batch,x,,,,,4,,17385,605,-229,77,77,,4901535957534,
2026-08-19 00:02:17.521,continuous_stop,x,,,,,,1,17385,605,-229,77,77,,4901538582058,
2026-08-19 00:02:18.253,continuous_start,y,,,,,,-1,5782,438,57,4,4,,4902270747917,
2026-08-19 00:02:18.256,pulse_batch,y,,,,,-1,,5783,437,57,3,4,,4902273633810,
2026-08-19 00:02:18.277,pulse_batch,y,,,,,-4,,5787,433,56,0,4,,4902294618818,
2026-08-19 00:02:18.297,pulse_batch,y,,,,,-4,,5791,429,52,0,4,,4902315217957,
2026-08-19 00:02:18.322,pulse_batch,y,,,,,-4,,5795,425,48,0,4,,4902340197574,
2026-08-19 00:02:18.325,continuous_stop,y,,,,,,-1,5795,425,48,0,4,,4902342832727,
2026-08-19 00:02:19.457,continuous_start,x,,,,,,-1,17385,605,-229,77,77,,4903474719184,
2026-08-19 00:02:19.460,pulse_batch,x,,,,,-1,,17386,604,-229,76,77,,4903477542652,
2026-08-19 00:02:19.480,pulse_batch,x,,,,,-4,,17390,600,-229,72,77,,4903498243420,
2026-08-19 00:02:19.501,pulse_batch,x,,,,,-4,,17394,596,-229,68,77,,4903518835558,
2026-08-19 00:02:19.522,pulse_batch,x,,,,,-4,,17398,592,-229,64,77,,4903540121824,
2026-08-19 00:02:19.543,pulse_batch,x,,,,,-4,,17402,588,-229,60,77,,4903560907147,
2026-08-19 00:02:19.564,pulse_batch,x,,,,,-4,,17406,584,-229,56,77,,4903581532119,
2026-08-19 00:02:19.587,pulse_batch,x,,,,,-4,,17410,580,-229,52,77,,4903604478579,
2026-08-19 00:02:19.608,pulse_batch,x,,,,,-4,,17414,576,-229,48,77,,4903625266014,
2026-08-19 00:02:19.628,pulse_batch,x,,,,,-4,,17418,572,-229,44,77,,4903645920041,
2026-08-19 00:02:19.649,pulse_batch,x,,,,,-4,,17422,568,-229,40,77,,4903666667105,
2026-08-19 00:02:19.670,pulse_batch,x,,,,,-4,,17426,564,-229,36,77,,4903687746964,
2026-08-19 00:02:19.691,pulse_batch,x,,,,,-4,,17430,560,-229,32,77,,4903708428380,
2026-08-19 00:02:19.711,pulse_batch,x,,,,,-4,,17434,556,-229,28,77,,4903729028945,
2026-08-19 00:02:19.733,pulse_batch,x,,,,,-4,,17438,552,-229,24,77,,4903750559820,
2026-08-19 00:02:19.754,pulse_batch,x,,,,,-4,,17442,548,-229,20,77,,4903771404050,
2026-08-19 00:02:19.774,pulse_batch,x,,,,,-4,,17446,544,-229,16,77,,4903792074577,
2026-08-19 00:02:19.798,pulse_batch,x,,,,,-4,,17450,540,-229,12,77,,4903816078736,
2026-08-19 00:02:19.819,pulse_batch,x,,,,,-4,,17454,536,-229,8,77,,4903836777375,
2026-08-19 00:02:19.840,pulse_batch,x,,,,,-4,,17458,532,-229,4,77,,4903857377810,
2026-08-19 00:02:19.862,pulse_batch,x,,,,,-4,,17462,528,-229,0,77,,4903879956365,
2026-08-19 00:02:19.883,pulse_batch,x,,,,,-4,,17466,524,-233,0,77,,4903900677485,
2026-08-19 00:02:19.904,pulse_batch,x,,,,,-4,,17470,520,-237,0,77,,4903921290809,
2026-08-19 00:02:19.926,pulse_batch,x,,,,,-4,,17474,516,-241,0,77,,4903943509736,
2026-08-19 00:02:19.947,pulse_batch,x,,,,,-4,,17478,512,-245,0,77,,4903964249504,
2026-08-19 00:02:19.967,pulse_batch,x,,,,,-4,,17482,508,-249,0,77,,4903984868642,
2026-08-19 00:02:19.990,pulse_batch,x,,,,,-4,,17486,504,-253,0,77,,4904007427160,
2026-08-19 00:02:20.014,pulse_batch,x,,,,,-4,,17490,500,-257,0,77,,4904031959372,
2026-08-19 00:02:20.035,pulse_batch,x,,,,,-4,,17494,496,-261,0,77,,4904052619807,
2026-08-19 00:02:20.057,pulse_batch,x,,,,,-4,,17498,492,-265,0,77,,4904074431125,
2026-08-19 00:02:20.077,pulse_batch,x,,,,,-4,,17502,488,-269,0,77,,4904095075023,
2026-08-19 00:02:20.098,pulse_batch,x,,,,,-4,,17506,484,-273,0,77,,4904115693569,
2026-08-19 00:02:20.120,pulse_batch,x,,,,,-4,,17510,480,-277,0,77,,4904138110199,
2026-08-19 00:02:20.141,pulse_batch,x,,,,,-4,,17514,476,-281,0,77,,4904158848208,
2026-08-19 00:02:20.162,pulse_batch,x,,,,,-4,,17518,472,-285,0,77,,4904179542439,
2026-08-19 00:02:20.184,pulse_batch,x,,,,,-4,,17522,468,-289,0,77,,4904201418275,
2026-08-19 00:02:20.207,pulse_batch,x,,,,,-4,,17526,464,-293,0,77,,4904224285884,
2026-08-19 00:02:20.227,pulse_batch,x,,,,,-4,,17530,460,-297,0,77,,4904244958300,
2026-08-19 00:02:20.249,pulse_batch,x,,,,,-4,,17534,456,-301,0,77,,4904266752063,
2026-08-19 00:02:20.272,pulse_batch,x,,,,,-4,,17538,452,-305,0,77,,4904289299470,
2026-08-19 00:02:20.292,pulse_batch,x,,,,,-4,,17542,448,-309,0,77,,4904310007664,
2026-08-19 00:02:20.313,pulse_batch,x,,,,,-4,,17546,444,-313,0,77,,4904330628043,
2026-08-19 00:02:20.334,pulse_batch,x,,,,,-4,,17550,440,-317,0,77,,4904351404478,
2026-08-19 00:02:20.354,pulse_batch,x,,,,,-4,,17554,436,-321,0,77,,4904372163005,
2026-08-19 00:02:20.375,pulse_batch,x,,,,,-4,,17558,432,-325,0,77,,4904392737181,
2026-08-19 00:02:20.398,pulse_batch,x,,,,,-4,,17562,428,-329,0,77,,4904415581549,
2026-08-19 00:02:20.419,pulse_batch,x,,,,,-4,,17566,424,-333,0,77,,4904436322558,
2026-08-19 00:02:20.439,pulse_batch,x,,,,,-4,,17570,420,-337,0,77,,4904456912493,
2026-08-19 00:02:20.463,pulse_batch,x,,,,,-4,,17574,416,-341,0,77,,4904480841208,
2026-08-19 00:02:20.484,pulse_batch,x,,,,,-4,,17578,412,-345,0,77,,4904501563531,
2026-08-19 00:02:20.504,pulse_batch,x,,,,,-4,,17582,408,-349,0,77,,4904522180985,
2026-08-19 00:02:20.526,pulse_batch,x,,,,,-4,,17586,404,-353,0,77,,4904544013007,
2026-08-19 00:02:20.547,pulse_batch,x,,,,,-4,,17590,400,-357,0,77,,4904564692978,
2026-08-19 00:02:20.568,pulse_batch,x,,,,,-4,,17594,396,-361,0,77,,4904585351784,
2026-08-19 00:02:20.590,pulse_batch,x,,,,,-4,,17598,392,-365,0,77,,4904607854228,
2026-08-19 00:02:20.614,pulse_batch,x,,,,,-4,,17602,388,-369,0,77,,4904631981553,
2026-08-19 00:02:20.635,pulse_batch,x,,,,,-4,,17606,384,-373,0,77,,4904652606988,
2026-08-19 00:02:20.659,pulse_batch,x,,,,,-4,,17610,380,-377,0,77,,4904676447629,
2026-08-19 00:02:20.684,pulse_batch,x,,,,,-4,,17614,376,-381,0,77,,4904701361802,
2026-08-19 00:02:20.704,pulse_batch,x,,,,,-4,,17618,372,-385,0,77,,4904721980849,
2026-08-19 00:02:20.726,pulse_batch,x,,,,,-4,,17622,368,-389,0,77,,4904744128202,
2026-08-19 00:02:20.749,pulse_batch,x,,,,,-4,,17626,364,-393,0,77,,4904766460369,
2026-08-19 00:02:20.769,pulse_batch,x,,,,,-4,,17630,360,-397,0,77,,4904787108619,
2026-08-19 00:02:20.790,pulse_batch,x,,,,,-4,,17634,356,-401,0,77,,4904808049590,
2026-08-19 00:02:20.811,pulse_batch,x,,,,,-4,,17638,352,-405,0,77,,4904828760321,
2026-08-19 00:02:20.832,pulse_batch,x,,,,,-4,,17642,348,-409,0,77,,4904849383404,
2026-08-19 00:02:20.852,pulse_batch,x,,,,,-4,,17646,344,-413,0,77,,4904870059227,
2026-08-19 00:02:20.874,pulse_batch,x,,,,,-4,,17650,340,-417,0,77,,4904891245234,
2026-08-19 00:02:20.894,pulse_batch,x,,,,,-4,,17654,336,-421,0,77,,4904911898817,
2026-08-19 00:02:20.915,pulse_batch,x,,,,,-4,,17658,332,-425,0,77,,4904932526678,
2026-08-19 00:02:20.937,pulse_batch,x,,,,,-4,,17662,328,-429,0,77,,4904954702031,
2026-08-19 00:02:20.958,pulse_batch,x,,,,,-4,,17666,324,-433,0,77,,4904975343651,
2026-08-19 00:02:20.978,pulse_batch,x,,,,,-4,,17670,320,-437,0,77,,4904996109141,
2026-08-19 00:02:21.001,pulse_batch,x,,,,,-4,,17674,316,-441,0,77,,4905018812418,
2026-08-19 00:02:21.022,pulse_batch,x,,,,,-4,,17678,312,-445,0,77,,4905039561315,
2026-08-19 00:02:21.042,pulse_batch,x,,,,,-4,,17682,308,-449,0,77,,4905060169250,
2026-08-19 00:02:21.065,pulse_batch,x,,,,,-4,,17686,304,-453,0,77,,4905082962897,
2026-08-19 00:02:21.086,pulse_batch,x,,,,,-4,,17690,300,-457,0,77,,4905103643831,
2026-08-19 00:02:21.106,pulse_batch,x,,,,,-4,,17694,296,-461,0,77,,4905124213841,
2026-08-19 00:02:21.129,pulse_batch,x,,,,,-4,,17698,292,-465,0,77,,4905147014265,
2026-08-19 00:02:21.150,pulse_batch,x,,,,,-4,,17702,288,-469,0,77,,4905167768070,
2026-08-19 00:02:21.171,pulse_batch,x,,,,,-4,,17706,284,-473,0,77,,4905188421616,
2026-08-19 00:02:21.194,pulse_batch,x,,,,,-4,,17710,280,-477,0,77,,4905211768908,
2026-08-19 00:02:21.217,pulse_batch,x,,,,,-4,,17714,276,-481,0,77,,4905234563740,
2026-08-19 00:02:21.237,pulse_batch,x,,,,,-4,,17718,272,-485,0,77,,4905255234100,
2026-08-19 00:02:21.262,pulse_batch,x,,,,,-4,,17722,268,-489,0,77,,4905279409296,
2026-08-19 00:02:21.282,pulse_batch,x,,,,,-4,,17726,264,-493,0,77,,4905300161582,
2026-08-19 00:02:21.303,pulse_batch,x,,,,,-4,,17730,260,-497,0,77,,4905320808961,
2026-08-19 00:02:21.325,pulse_batch,x,,,,,-4,,17734,256,-501,0,77,,4905342862334,
2026-08-19 00:02:21.346,pulse_batch,x,,,,,-4,,17738,252,-505,0,77,,4905363636731,
2026-08-19 00:02:21.366,pulse_batch,x,,,,,-4,,17742,248,-509,0,77,,4905384212907,
2026-08-19 00:02:21.389,pulse_batch,x,,,,,-4,,17746,244,-513,0,77,,4905406814888,
2026-08-19 00:02:21.411,pulse_batch,x,,,,,-4,,17750,240,-517,0,77,,4905429016315,
2026-08-19 00:02:21.432,pulse_batch,x,,,,,-4,,17754,236,-521,0,77,,4905449625435,
2026-08-19 00:02:21.453,pulse_batch,x,,,,,-4,,17758,232,-525,0,77,,4905470906367,
2026-08-19 00:02:21.474,pulse_batch,x,,,,,-4,,17762,228,-529,0,77,,4905491928078,
2026-08-19 00:02:21.495,pulse_batch,x,,,,,-4,,17766,224,-533,0,77,,4905512518365,
2026-08-19 00:02:21.517,pulse_batch,x,,,,,-4,,17770,220,-537,0,77,,4905534807218,
2026-08-19 00:02:21.539,pulse_batch,x,,,,,-4,,17774,216,-541,0,77,,4905557169607,
2026-08-19 00:02:21.560,pulse_batch,x,,,,,-4,,17778,212,-545,0,77,,4905577809690,
2026-08-19 00:02:21.581,pulse_batch,x,,,,,-4,,17782,208,-549,0,77,,4905598726494,
2026-08-19 00:02:21.602,pulse_batch,x,,,,,-4,,17786,204,-553,0,77,,4905620114833,
2026-08-19 00:02:21.623,pulse_batch,x,,,,,-4,,17790,200,-557,0,77,,4905640894267,
2026-08-19 00:02:21.644,pulse_batch,x,,,,,-4,,17794,196,-561,0,77,,4905661462499,
2026-08-19 00:02:21.667,pulse_batch,x,,,,,-4,,17798,192,-565,0,77,,4905684932290,
2026-08-19 00:02:21.688,pulse_batch,x,,,,,-4,,17802,188,-569,0,77,,4905705634410,
2026-08-19 00:02:21.708,pulse_batch,x,,,,,-4,,17806,184,-573,0,77,,4905726148735,
2026-08-19 00:02:21.730,pulse_batch,x,,,,,-4,,17810,180,-577,0,77,,4905747975627,
2026-08-19 00:02:21.751,pulse_batch,x,,,,,-4,,17814,176,-581,0,77,,4905768775376,
2026-08-19 00:02:21.772,pulse_batch,x,,,,,-4,,17818,172,-585,0,77,,4905789310996,
2026-08-19 00:02:21.792,pulse_batch,x,,,,,-4,,17822,168,-589,0,77,,4905810107560,
2026-08-19 00:02:21.813,pulse_batch,x,,,,,-4,,17826,164,-593,0,77,,4905830890587,
2026-08-19 00:02:21.834,pulse_batch,x,,,,,-4,,17830,160,-597,0,77,,4905851447948,
2026-08-19 00:02:21.856,pulse_batch,x,,,,,-4,,17834,156,-601,0,77,,4905873640394,
2026-08-19 00:02:21.879,pulse_batch,x,,,,,-4,,17838,152,-605,0,77,,4905897218333,
2026-08-19 00:02:21.900,pulse_batch,x,,,,,-4,,17842,148,-609,0,77,,4905917775028,
2026-08-19 00:02:21.921,pulse_batch,x,,,,,-4,,17846,144,-613,0,77,,4905938490425,
2026-08-19 00:02:21.942,pulse_batch,x,,,,,-4,,17850,140,-617,0,77,,4905959874708,
2026-08-19 00:02:21.963,pulse_batch,x,,,,,-4,,17854,136,-621,0,77,,4905980529384,
2026-08-19 00:02:21.983,pulse_batch,x,,,,,-4,,17858,132,-625,0,77,,4906001249189,
2026-08-19 00:02:22.005,pulse_batch,x,,,,,-4,,17862,128,-629,0,77,,4906022941156,
2026-08-19 00:02:22.026,pulse_batch,x,,,,,-4,,17866,124,-633,0,77,,4906043577572,
2026-08-19 00:02:22.047,pulse_batch,x,,,,,-4,,17870,120,-637,0,77,,4906064597839,
2026-08-19 00:02:22.070,pulse_batch,x,,,,,-4,,17874,116,-641,0,77,,4906088110537,
2026-08-19 00:02:22.091,pulse_batch,x,,,,,-4,,17878,112,-645,0,77,,4906108920675,
2026-08-19 00:02:22.112,pulse_batch,x,,,,,-4,,17882,108,-649,0,77,,4906129524332,
2026-08-19 00:02:22.125,pulse_batch,x,,,,,-2,,17884,106,-651,0,77,,4906142810230,
2026-08-19 00:02:22.125,continuous_stop,x,,,,,,-1,17884,106,-651,0,77,,4906143121080,
2026-08-19 00:02:22.591,continuous_start,x,,,,,,-1,17884,106,-651,0,77,,4906608727093,
2026-08-19 00:02:22.594,pulse_batch,x,,,,,-1,,17885,105,-652,0,77,,4906611568893,
2026-08-19 00:02:22.615,pulse_batch,x,,,,,-4,,17889,101,-656,0,77,,4906632312309,
2026-08-19 00:02:22.635,pulse_batch,x,,,,,-4,,17893,97,-660,0,77,,4906652888004,
2026-08-19 00:02:22.656,pulse_batch,x,,,,,-4,,17897,93,-664,0,77,,4906674058418,
2026-08-19 00:02:22.659,continuous_stop,x,,,,,,-1,17897,93,-664,0,77,,4906676666794,
2026-08-19 00:02:23.324,continuous_start,x,,,,,,-1,17897,93,-664,0,77,,4907341773579,
2026-08-19 00:02:23.327,pulse_batch,x,,,,,-1,,17898,92,-665,0,77,,4907344542028,
2026-08-19 00:02:23.348,pulse_batch,x,,,,,-4,,17902,88,-669,0,77,,4907365298518,
2026-08-19 00:02:23.368,pulse_batch,x,,,,,-4,,17906,84,-673,0,77,,4907385933953,
2026-08-19 00:02:23.389,pulse_batch,x,,,,,-3,,17909,81,-676,0,77,,4907406954887,
2026-08-19 00:02:23.390,continuous_stop,x,,,,,,-1,17909,81,-676,0,77,,4907407385773,
2026-08-19 00:02:25.192,continuous_start,y,,,,,,-1,5795,425,48,0,4,,4909210121509,
2026-08-19 00:02:25.195,pulse_batch,y,,,,,-1,,5796,424,47,0,4,,4909213030569,
2026-08-19 00:02:25.216,pulse_batch,y,,,,,-4,,5800,420,43,0,4,,4909233694911,
2026-08-19 00:02:25.237,pulse_batch,y,,,,,-4,,5804,416,39,0,4,,4909254406716,
2026-08-19 00:02:25.259,pulse_batch,y,,,,,-4,,5808,412,35,0,4,,4909276453626,
2026-08-19 00:02:25.261,continuous_stop,y,,,,,,-1,5808,412,35,0,4,,4909279076335,
2026-08-19 00:02:26.598,continuous_start,x,,,,,,-1,17909,81,-676,0,77,,4910615224860,
2026-08-19 00:02:26.600,pulse_batch,x,,,,,-1,,17910,80,-677,0,77,,4910618150531,
2026-08-19 00:02:26.623,pulse_batch,x,,,,,-4,,17914,76,-681,0,77,,4910640835659,
2026-08-19 00:02:26.644,pulse_batch,x,,,,,-4,,17918,72,-685,0,77,,4910661972425,
2026-08-19 00:02:26.663,pulse_batch,x,,,,,-3,,17921,69,-688,0,77,,4910681079831,
2026-08-19 00:02:26.664,continuous_stop,x,,,,,,-1,17921,69,-688,0,77,,4910681768716,
2026-08-19 00:02:42.611,continuous_start,x,,,,,,-1,17921,69,-688,0,77,,4926628275295,
2026-08-19 00:02:42.613,pulse_batch,x,,,,,-1,,17922,68,-689,0,77,,4926631186707,
2026-08-19 00:02:42.634,pulse_batch,x,,,,,-4,,17926,64,-693,0,77,,4926651959289,
2026-08-19 00:02:42.655,pulse_batch,x,,,,,-4,,17930,60,-697,0,77,,4926672561540,
2026-08-19 00:02:42.678,pulse_batch,x,,,,,-4,,17934,56,-701,0,77,,4926695471223,
2026-08-19 00:02:42.698,pulse_batch,x,,,,,-4,,17938,52,-705,0,77,,4926716137788,
2026-08-19 00:02:42.719,pulse_batch,x,,,,,-4,,17942,48,-709,0,77,,4926736898259,
2026-08-19 00:02:42.742,pulse_batch,x,,,,,-4,,17946,44,-713,0,77,,4926759658406,
2026-08-19 00:02:42.763,pulse_batch,x,,,,,-4,,17950,40,-717,0,77,,4926780400656,
2026-08-19 00:02:42.783,pulse_batch,x,,,,,-4,,17954,36,-721,0,77,,4926801141572,
2026-08-19 00:02:42.804,pulse_batch,x,,,,,-4,,17958,32,-725,0,77,,4926821796137,
2026-08-19 00:02:42.827,pulse_batch,x,,,,,-4,,17962,28,-729,0,77,,4926844562043,
2026-08-19 00:02:42.848,pulse_batch,x,,,,,-4,,17966,24,-733,0,77,,4926865273552,
2026-08-19 00:02:42.868,pulse_batch,x,,,,,-4,,17970,20,-737,0,77,,4926885903135,
2026-08-19 00:02:42.891,pulse_batch,x,,,,,-4,,17974,16,-741,0,77,,4926908568060,
2026-08-19 00:02:42.912,pulse_batch,x,,,,,-4,,17978,12,-745,0,77,,4926929307662,
2026-08-19 00:02:42.932,pulse_batch,x,,,,,-4,,17982,8,-749,0,77,,4926949986800,
2026-08-19 00:02:42.956,pulse_batch,x,,,,,-4,,17986,4,-753,0,77,,4926973343648,
2026-08-19 00:02:42.976,pulse_batch,x,,,,,-4,,17990,0,-757,0,77,,4926994075768,
2026-08-19 00:02:42.997,pulse_batch,x,,,,,-4,,17994,-4,-761,0,77,,4927014645574,
2026-08-19 00:02:43.019,pulse_batch,x,,,,,-4,,17998,-8,-765,0,77,,4927036754502,
2026-08-19 00:02:43.040,pulse_batch,x,,,,,-4,,18002,-12,-769,0,77,,4927057588343,
2026-08-19 00:02:43.060,pulse_batch,x,,,,,-4,,18006,-16,-773,0,77,,4927078190834,
2026-08-19 00:02:43.083,pulse_batch,x,,,,,-4,,18010,-20,-777,0,77,,4927100852148,
2026-08-19 00:02:43.104,pulse_batch,x,,,,,-4,,18014,-24,-781,0,77,,4927121565361,
2026-08-19 00:02:43.124,pulse_batch,x,,,,,-4,,18018,-28,-785,0,77,,4927142180444,
2026-08-19 00:02:43.148,pulse_batch,x,,,,,-4,,18022,-32,-789,0,77,,4927165227090,
2026-08-19 00:02:43.168,pulse_batch,x,,,,,-4,,18026,-36,-793,0,77,,4927186242190,
2026-08-19 00:02:43.189,pulse_batch,x,,,,,-4,,18030,-40,-797,0,77,,4927206830570,
2026-08-19 00:02:43.212,pulse_batch,x,,,,,-4,,18034,-44,-801,0,77,,4927229253181,
2026-08-19 00:02:43.235,pulse_batch,x,,,,,-4,,18038,-48,-805,0,77,,4927253143545,
2026-08-19 00:02:43.256,pulse_batch,x,,,,,-4,,18042,-52,-809,0,77,,4927273766091,
2026-08-19 00:02:43.278,pulse_batch,x,,,,,-4,,18046,-56,-813,0,77,,4927296111203,
2026-08-19 00:02:43.299,pulse_batch,x,,,,,-4,,18050,-60,-817,0,77,,4927316758027,
2026-08-19 00:02:43.320,pulse_batch,x,,,,,-4,,18054,-64,-821,0,77,,4927337407203,
2026-08-19 00:02:43.343,pulse_batch,x,,,,,-4,,18058,-68,-825,0,77,,4927360234517,
2026-08-19 00:02:43.363,pulse_batch,x,,,,,-4,,18062,-72,-829,0,77,,4927380916415,
2026-08-19 00:02:43.384,pulse_batch,x,,,,,-4,,18066,-76,-833,0,77,,4927401591257,
2026-08-19 00:02:43.405,pulse_batch,x,,,,,-4,,18070,-80,-837,0,77,,4927422312044,
2026-08-19 00:02:43.429,pulse_batch,x,,,,,-4,,18074,-84,-841,0,77,,4927446704405,
2026-08-19 00:02:43.450,pulse_batch,x,,,,,-4,,18078,-88,-845,0,77,,4927467400321,
2026-08-19 00:02:43.470,pulse_batch,x,,,,,-4,,18082,-92,-849,0,77,,4927488028053,
2026-08-19 00:02:43.494,pulse_batch,x,,,,,-4,,18086,-96,-853,0,77,,4927511257234,
2026-08-19 00:02:43.514,pulse_batch,x,,,,,-4,,18090,-100,-857,0,77,,4927531950206,
2026-08-19 00:02:43.536,pulse_batch,x,,,,,-4,,18094,-104,-861,0,77,,4927553347786,
2026-08-19 00:02:43.562,pulse_batch,x,,,,,-4,,18098,-108,-865,0,77,,4927580088284,
2026-08-19 00:02:43.583,pulse_batch,x,,,,,-4,,18102,-112,-869,0,77,,4927600734682,
2026-08-19 00:02:43.605,pulse_batch,x,,,,,-4,,18106,-116,-873,0,77,,4927622732981,
2026-08-19 00:02:43.628,pulse_batch,x,,,,,-4,,18110,-120,-877,0,77,,4927645324462,
2026-08-19 00:02:43.649,pulse_batch,x,,,,,-4,,18114,-124,-881,0,77,,4927666242451,
2026-08-19 00:02:43.669,pulse_batch,x,,,,,-4,,18118,-128,-885,0,77,,4927686908405,
2026-08-19 00:02:43.692,pulse_batch,x,,,,,-4,,18122,-132,-889,0,77,,4927709423257,
2026-08-19 00:02:43.712,pulse_batch,x,,,,,-4,,18126,-136,-893,0,77,,4927730220580,
2026-08-19 00:02:43.733,pulse_batch,x,,,,,-4,,18130,-140,-897,0,77,,4927750791367,
2026-08-19 00:02:43.755,pulse_batch,x,,,,,-4,,18134,-144,-901,0,77,,4927772054281,
2026-08-19 00:02:43.775,pulse_batch,x,,,,,-4,,18138,-148,-905,0,77,,4927792718290,
2026-08-19 00:02:43.795,pulse_batch,x,,,,,-4,,18142,-152,-909,0,77,,4927813233670,
2026-08-19 00:02:43.818,pulse_batch,x,,,,,-4,,18146,-156,-913,0,77,,4927835865633,
2026-08-19 00:02:43.839,pulse_batch,x,,,,,-4,,18150,-160,-917,0,77,,4927856690623,
2026-08-19 00:02:43.859,pulse_batch,x,,,,,-4,,18154,-164,-921,0,77,,4927877223206,
2026-08-19 00:02:43.882,pulse_batch,x,,,,,-4,,18158,-168,-925,0,77,,4927899946779,
2026-08-19 00:02:43.903,pulse_batch,x,,,,,-4,,18162,-172,-929,0,77,,4927920706677,
2026-08-19 00:02:43.923,pulse_batch,x,,,,,-4,,18166,-176,-933,0,77,,4927941271501,
2026-08-19 00:02:43.944,pulse_batch,x,,,,,-4,,18170,-180,-937,0,77,,4927962063714,
2026-08-19 00:02:43.965,pulse_batch,x,,,,,-4,,18174,-184,-941,0,77,,4927982772834,
2026-08-19 00:02:43.986,pulse_batch,x,,,,,-4,,18178,-188,-945,0,77,,4928003352214,
2026-08-19 00:02:44.008,pulse_batch,x,,,,,-4,,18182,-192,-949,0,77,,4928025283735,
2026-08-19 00:02:44.028,pulse_batch,x,,,,,-4,,18186,-196,-953,0,77,,4928046076725,
2026-08-19 00:02:44.049,pulse_batch,x,,,,,-4,,18190,-200,-957,0,77,,4928066714771,
2026-08-19 00:02:44.070,pulse_batch,x,,,,,-4,,18194,-204,-961,0,77,,4928087912537,
2026-08-19 00:02:44.093,pulse_batch,x,,,,,-4,,18198,-208,-965,0,77,,4928110312834,
2026-08-19 00:02:44.113,pulse_batch,x,,,,,-4,,18202,-212,-969,0,77,,4928130944695,
2026-08-19 00:02:44.134,pulse_batch,x,,,,,-4,,18206,-216,-973,0,77,,4928151636482,
2026-08-19 00:02:44.155,pulse_batch,x,,,,,-4,,18210,-220,-977,0,77,,4928172486083,
2026-08-19 00:02:44.176,pulse_batch,x,,,,,-4,,18214,-224,-981,0,77,,4928194205309,
2026-08-19 00:02:44.197,pulse_batch,x,,,,,-4,,18218,-228,-985,0,77,,4928214726708,
2026-08-19 00:02:44.218,pulse_batch,x,,,,,-4,,18222,-232,-989,0,77,,4928235987103,
2026-08-19 00:02:44.239,pulse_batch,x,,,,,-4,,18226,-236,-993,0,77,,4928256665982,
2026-08-19 00:02:44.259,pulse_batch,x,,,,,-4,,18230,-240,-997,0,77,,4928277243029,
2026-08-19 00:02:44.280,pulse_batch,x,,,,,-4,,18234,-244,-1001,0,77,,4928297935705,
2026-08-19 00:02:44.301,pulse_batch,x,,,,,-4,,18238,-248,-1005,0,77,,4928318666639,
2026-08-19 00:02:44.321,pulse_batch,x,,,,,-4,,18242,-252,-1009,0,77,,4928339242112,
2026-08-19 00:02:44.344,pulse_batch,x,,,,,-4,,18246,-256,-1013,0,77,,4928361889185,
2026-08-19 00:02:44.365,pulse_batch,x,,,,,-4,,18250,-260,-1017,0,77,,4928382569546,
2026-08-19 00:02:44.385,pulse_batch,x,,,,,-4,,18254,-264,-1021,0,77,,4928403139389,
2026-08-19 00:02:44.408,pulse_batch,x,,,,,-4,,18258,-268,-1025,0,77,,4928423758862,
2026-08-19 00:02:44.428,pulse_batch,x,,,,,-4,,18262,-272,-1029,0,77,,4928445311459,
2026-08-19 00:02:44.448,pulse_batch,x,,,,,-4,,18266,-276,-1033,0,77,,4928466010746,
2026-08-19 00:02:44.469,pulse_batch,x,,,,,-4,,18270,-280,-1037,0,77,,4928486556515,
2026-08-19 00:02:44.490,pulse_batch,x,,,,,-4,,18274,-284,-1041,0,77,,4928508133982,
2026-08-19 00:02:44.511,pulse_batch,x,,,,,-4,,18278,-288,-1045,0,77,,4928528720122,
2026-08-19 00:02:44.531,pulse_batch,x,,,,,-4,,18282,-292,-1049,0,77,,4928549259854,
2026-08-19 00:02:44.552,pulse_batch,x,,,,,-4,,18286,-296,-1053,0,77,,4928570214880,
2026-08-19 00:02:44.574,pulse_batch,x,,,,,-4,,18290,-300,-1057,0,77,,4928591590848,
2026-08-19 00:02:44.594,pulse_batch,x,,,,,-4,,18294,-304,-1061,0,77,,4928612083432,
2026-08-19 00:02:44.613,pulse_batch,x,,,,,-3,,18297,-307,-1064,0,77,,4928630598045,
2026-08-19 00:02:44.613,continuous_stop,x,,,,,,-1,18297,-307,-1064,0,77,,4928630907951,
2026-08-19 00:02:45.279,continuous_start,x,,,,,,1,18297,-307,-1064,0,77,,4929296452963,
2026-08-19 00:02:45.282,pulse_batch,x,,,,,1,,18298,-306,-1064,1,77,,4929299308431,
2026-08-19 00:02:45.302,pulse_batch,x,,,,,4,,18302,-302,-1064,5,77,,4929319962644,
2026-08-19 00:02:45.323,pulse_batch,x,,,,,4,,18306,-298,-1064,9,77,,4929340491468,
2026-08-19 00:02:45.345,pulse_batch,x,,,,,4,,18310,-294,-1064,13,77,,4929362909136,
2026-08-19 00:02:45.366,pulse_batch,x,,,,,4,,18314,-290,-1064,17,77,,4929383621922,
2026-08-19 00:02:45.386,pulse_batch,x,,,,,4,,18318,-286,-1064,21,77,,4929404202487,
2026-08-19 00:02:45.409,pulse_batch,x,,,,,4,,18322,-282,-1064,25,77,,4929426704747,
2026-08-19 00:02:45.433,pulse_batch,x,,,,,4,,18326,-278,-1064,29,77,,4929450348593,
2026-08-19 00:02:45.453,pulse_batch,x,,,,,4,,18330,-274,-1064,33,77,,4929470963436,
2026-08-19 00:02:45.476,pulse_batch,x,,,,,4,,18334,-270,-1064,37,77,,4929491641463,
2026-08-19 00:02:45.495,pulse_batch,x,,,,,4,,18338,-266,-1064,41,77,,4929512406287,
2026-08-19 00:02:45.515,pulse_batch,x,,,,,4,,18342,-262,-1064,45,77,,4929533030889,
2026-08-19 00:02:45.536,pulse_batch,x,,,,,4,,18346,-258,-1064,49,77,,4929553596936,
2026-08-19 00:02:45.558,pulse_batch,x,,,,,4,,18350,-254,-1064,53,77,,4929575940418,
2026-08-19 00:02:45.579,pulse_batch,x,,,,,4,,18354,-250,-1064,57,77,,4929596606316,
2026-08-19 00:02:45.599,pulse_batch,x,,,,,4,,18358,-246,-1064,61,77,,4929617140289,
2026-08-19 00:02:45.620,pulse_batch,x,,,,,4,,18362,-242,-1064,65,77,,4929637940612,
2026-08-19 00:02:45.641,pulse_batch,x,,,,,4,,18366,-238,-1064,69,77,,4929658700528,
2026-08-19 00:02:45.662,pulse_batch,x,,,,,4,,18370,-234,-1064,73,77,,4929679271982,
2026-08-19 00:02:45.684,pulse_batch,x,,,,,4,,18374,-230,-1064,77,77,,4929701465817,
2026-08-19 00:02:45.704,pulse_batch,x,,,,,4,,18378,-226,-1060,77,77,,4929722201604,
2026-08-19 00:02:45.725,pulse_batch,x,,,,,4,,18382,-222,-1056,77,77,,4929742735910,
2026-08-19 00:02:45.746,pulse_batch,x,,,,,4,,18386,-218,-1052,77,77,,4929763575585,
2026-08-19 00:02:45.767,pulse_batch,x,,,,,4,,18390,-214,-1048,77,77,,4929784297057,
2026-08-19 00:02:45.787,pulse_batch,x,,,,,4,,18394,-210,-1044,77,77,,4929804856714,
2026-08-19 00:02:45.810,pulse_batch,x,,,,,4,,18398,-206,-1040,77,77,,4929827974619,
2026-08-19 00:02:45.831,pulse_batch,x,,,,,4,,18402,-202,-1036,77,77,,4929848728461,
2026-08-19 00:02:45.852,pulse_batch,x,,,,,4,,18406,-198,-1032,77,77,,4929869332582,
2026-08-19 00:02:45.872,pulse_batch,x,,,,,4,,18410,-194,-1028,77,77,,4929889951943,
2026-08-19 00:02:45.893,pulse_batch,x,,,,,3,,18413,-191,-1025,77,77,,4929910766803,
2026-08-19 00:02:45.914,pulse_batch,x,,,,,4,,18417,-187,-1021,77,77,,4929931757662,
2026-08-19 00:02:45.938,pulse_batch,x,,,,,4,,18421,-183,-1017,77,77,,4929952871114,
2026-08-19 00:02:45.958,pulse_batch,x,,,,,4,,18425,-179,-1013,77,77,,4929976127832,
2026-08-19 00:02:45.979,pulse_batch,x,,,,,4,,18429,-175,-1009,77,77,,4929996791916,
2026-08-19 00:02:46.000,pulse_batch,x,,,,,4,,18433,-171,-1005,77,77,,4930017330814,
2026-08-19 00:02:46.020,pulse_batch,x,,,,,4,,18437,-167,-1001,77,77,,4930038043212,
2026-08-19 00:02:46.041,pulse_batch,x,,,,,4,,18441,-163,-997,77,77,,4930058828443,
2026-08-19 00:02:46.062,pulse_batch,x,,,,,4,,18445,-159,-993,77,77,,4930079352194,
2026-08-19 00:02:46.082,pulse_batch,x,,,,,4,,18449,-155,-989,77,77,,4930100060647,
2026-08-19 00:02:46.103,pulse_batch,x,,,,,4,,18453,-151,-985,77,77,,4930120746897,
2026-08-19 00:02:46.124,pulse_batch,x,,,,,4,,18457,-147,-981,77,77,,4930141298925,
2026-08-19 00:02:46.147,pulse_batch,x,,,,,4,,18461,-143,-977,77,77,,4930164229830,
2026-08-19 00:02:46.170,pulse_batch,x,,,,,4,,18465,-139,-973,77,77,,4930187346883,
2026-08-19 00:02:46.190,pulse_batch,x,,,,,4,,18469,-135,-969,77,77,,4930207911189,
2026-08-19 00:02:46.212,pulse_batch,x,,,,,4,,18473,-131,-965,77,77,,4930229902858,
2026-08-19 00:02:46.233,pulse_batch,x,,,,,4,,18477,-127,-961,77,77,,4930250522053,
2026-08-19 00:02:46.253,pulse_batch,x,,,,,4,,18481,-123,-957,77,77,,4930271102137,
2026-08-19 00:02:46.274,pulse_batch,x,,,,,4,,18485,-119,-953,77,77,,4930291818516,
2026-08-19 00:02:46.295,pulse_batch,x,,,,,4,,18489,-115,-949,77,77,,4930313055948,
2026-08-19 00:02:46.316,pulse_batch,x,,,,,4,,18493,-111,-945,77,77,,4930333661291,
2026-08-19 00:02:46.336,pulse_batch,x,,,,,4,,18497,-107,-941,77,77,,4930354204690,
2026-08-19 00:02:46.359,pulse_batch,x,,,,,4,,18501,-103,-937,77,77,,4930376886967,
2026-08-19 00:02:46.380,pulse_batch,x,,,,,4,,18505,-99,-933,77,77,,4930397547531,
2026-08-19 00:02:46.400,pulse_batch,x,,,,,4,,18509,-95,-929,77,77,,4930418121522,
2026-08-19 00:02:46.423,pulse_batch,x,,,,,4,,18513,-91,-925,77,77,,4930440581801,
2026-08-19 00:02:46.444,pulse_batch,x,,,,,4,,18517,-87,-921,77,77,,4930461313013,
2026-08-19 00:02:46.464,pulse_batch,x,,,,,4,,18521,-83,-917,77,77,,4930481847375,
2026-08-19 00:02:46.485,pulse_batch,x,,,,,4,,18525,-79,-913,77,77,,4930502826994,
2026-08-19 00:02:46.507,pulse_batch,x,,,,,4,,18529,-75,-909,77,77,,4930525200217,
2026-08-19 00:02:46.528,pulse_batch,x,,,,,4,,18533,-71,-905,77,77,,4930545733282,
2026-08-19 00:02:46.549,pulse_batch,x,,,,,4,,18537,-67,-901,77,77,,4930566634086,
2026-08-19 00:02:46.570,pulse_batch,x,,,,,4,,18541,-63,-897,77,77,,4930587366576,
2026-08-19 00:02:46.590,pulse_batch,x,,,,,4,,18545,-59,-893,77,77,,4930608034660,
2026-08-19 00:02:46.613,pulse_batch,x,,,,,4,,18549,-55,-889,77,77,,4930630762770,
2026-08-19 00:02:46.634,pulse_batch,x,,,,,4,,18553,-51,-885,77,77,,4930651466575,
2026-08-19 00:02:46.654,pulse_batch,x,,,,,4,,18557,-47,-881,77,77,,4930672060362,
2026-08-19 00:02:46.675,pulse_batch,x,,,,,4,,18561,-43,-877,77,77,,4930692638761,
2026-08-19 00:02:46.696,pulse_batch,x,,,,,4,,18565,-39,-873,77,77,,4930713519454,
2026-08-19 00:02:46.716,pulse_batch,x,,,,,4,,18569,-35,-869,77,77,,4930734076131,
2026-08-19 00:02:46.738,pulse_batch,x,,,,,4,,18573,-31,-865,77,77,,4930756091429,
2026-08-19 00:02:46.760,pulse_batch,x,,,,,4,,18577,-27,-861,77,77,,4930777414732,
2026-08-19 00:02:46.780,pulse_batch,x,,,,,4,,18581,-23,-857,77,77,,4930798079537,
2026-08-19 00:02:46.801,pulse_batch,x,,,,,4,,18585,-19,-853,77,77,,4930818610695,
2026-08-19 00:02:46.826,pulse_batch,x,,,,,4,,18589,-15,-849,77,77,,4930843585905,
2026-08-19 00:02:46.846,pulse_batch,x,,,,,4,,18593,-11,-845,77,77,,4930864188322,
2026-08-19 00:02:46.867,pulse_batch,x,,,,,4,,18597,-7,-841,77,77,,4930884730202,
2026-08-19 00:02:46.893,pulse_batch,x,,,,,4,,18601,-3,-837,77,77,,4930910866629,
2026-08-19 00:02:46.914,pulse_batch,x,,,,,4,,18605,1,-833,77,77,,4930931610341,
2026-08-19 00:02:46.934,pulse_batch,x,,,,,4,,18609,5,-829,77,77,,4930952155444,
2026-08-19 00:02:46.957,pulse_batch,x,,,,,4,,18613,9,-825,77,77,,4930974668277,
2026-08-19 00:02:46.978,pulse_batch,x,,,,,4,,18617,13,-821,77,77,,4930995351249,
2026-08-19 00:02:46.998,pulse_batch,x,,,,,4,,18621,17,-817,77,77,,4931015896259,
2026-08-19 00:02:47.023,pulse_batch,x,,,,,4,,18625,21,-813,77,77,,4931041029839,
2026-08-19 00:02:47.044,pulse_batch,x,,,,,4,,18629,25,-809,77,77,,4931061693163,
2026-08-19 00:02:47.064,pulse_batch,x,,,,,4,,18633,29,-805,77,77,,4931082227598,
2026-08-19 00:02:47.085,pulse_batch,x,,,,,4,,18637,33,-801,77,77,,4931103009274,
2026-08-19 00:02:47.106,pulse_batch,x,,,,,4,,18641,37,-797,77,77,,4931123694172,
2026-08-19 00:02:47.126,pulse_batch,x,,,,,4,,18645,41,-793,77,77,,4931144250552,
2026-08-19 00:02:47.147,pulse_batch,x,,,,,4,,18649,45,-789,77,77,,4931164988023,
2026-08-19 00:02:47.168,pulse_batch,x,,,,,4,,18653,49,-785,77,77,,4931185693847,
2026-08-19 00:02:47.189,pulse_batch,x,,,,,4,,18657,53,-781,77,77,,4931206308875,
2026-08-19 00:02:47.212,pulse_batch,x,,,,,4,,18661,57,-777,77,77,,4931229215670,
2026-08-19 00:02:47.232,pulse_batch,x,,,,,4,,18665,61,-773,77,77,,4931250029271,
2026-08-19 00:02:47.253,pulse_batch,x,,,,,4,,18669,65,-769,77,77,,4931270629114,
2026-08-19 00:02:47.274,pulse_batch,x,,,,,4,,18673,69,-765,77,77,,4931291911953,
2026-08-19 00:02:47.296,pulse_batch,x,,,,,4,,18677,73,-761,77,77,,4931313390477,
2026-08-19 00:02:47.316,pulse_batch,x,,,,,4,,18681,77,-757,77,77,,4931333998782,
2026-08-19 00:02:47.337,pulse_batch,x,,,,,4,,18685,81,-753,77,77,,4931354719865,
2026-08-19 00:02:47.358,pulse_batch,x,,,,,4,,18689,85,-749,77,77,,4931375591966,
2026-08-19 00:02:47.379,pulse_batch,x,,,,,4,,18693,89,-745,77,77,,4931396370827,
2026-08-19 00:02:47.399,pulse_batch,x,,,,,4,,18697,93,-741,77,77,,4931416986614,
2026-08-19 00:02:47.421,pulse_batch,x,,,,,4,,18701,97,-737,77,77,,4931438867950,
2026-08-19 00:02:47.442,pulse_batch,x,,,,,4,,18705,101,-733,77,77,,4931459591219,
2026-08-19 00:02:47.462,pulse_batch,x,,,,,4,,18709,105,-729,77,77,,4931480117728,
2026-08-19 00:02:47.483,pulse_batch,x,,,,,4,,18713,109,-725,77,77,,4931500842293,
2026-08-19 00:02:47.505,pulse_batch,x,,,,,4,,18717,113,-721,77,77,,4931522491871,
2026-08-19 00:02:47.525,pulse_batch,x,,,,,4,,18721,117,-717,77,77,,4931543029770,
2026-08-19 00:02:47.547,pulse_batch,x,,,,,4,,18725,121,-713,77,77,,4931564813514,
2026-08-19 00:02:47.570,pulse_batch,x,,,,,4,,18729,125,-709,77,77,,4931587949141,
2026-08-19 00:02:47.591,pulse_batch,x,,,,,4,,18733,129,-705,77,77,,4931608560187,
2026-08-19 00:02:47.612,pulse_batch,x,,,,,3,,18736,132,-702,77,77,,4931629527547,
2026-08-19 00:02:47.612,continuous_stop,x,,,,,,1,18736,132,-702,77,77,,4931630235914,
2026-08-19 00:02:48.215,continuous_start,x,,,,,,1,18736,132,-702,77,77,,4932233019459,
2026-08-19 00:02:48.218,pulse_batch,x,,,,,1,,18737,133,-701,77,77,,4932235854482,
2026-08-19 00:02:48.239,pulse_batch,x,,,,,4,,18741,137,-697,77,77,,4932256569639,
2026-08-19 00:02:48.259,pulse_batch,x,,,,,4,,18745,141,-693,77,77,,4932277132001,
2026-08-19 00:02:48.281,pulse_batch,x,,,,,4,,18749,145,-689,77,77,,4932298724043,
2026-08-19 00:02:48.304,pulse_batch,x,,,,,4,,18753,149,-685,77,77,,4932321340116,
2026-08-19 00:02:48.324,pulse_batch,x,,,,,4,,18757,153,-681,77,77,,4932342035810,
2026-08-19 00:02:48.345,pulse_batch,x,,,,,4,,18761,157,-677,77,77,,4932362753060,
2026-08-19 00:02:48.348,continuous_stop,x,,,,,,1,18761,157,-677,77,77,,4932365594213,
2026-08-19 00:02:48.819,continuous_start,x,,,,,,1,18761,157,-677,77,77,,4932836759611,
2026-08-19 00:02:48.822,pulse_batch,x,,,,,1,,18762,158,-676,77,77,,4932839554227,
2026-08-19 00:02:48.844,pulse_batch,x,,,,,4,,18766,162,-672,77,77,,4932861811747,
2026-08-19 00:02:48.865,pulse_batch,x,,,,,4,,18770,166,-668,77,77,,4932882380220,
2026-08-19 00:02:48.887,pulse_batch,x,,,,,4,,18774,170,-664,77,77,,4932905168255,
2026-08-19 00:02:48.908,pulse_batch,x,,,,,4,,18778,174,-660,77,77,,4932925957116,
2026-08-19 00:02:48.929,pulse_batch,x,,,,,4,,18782,178,-656,77,77,,4932946743661,
2026-08-19 00:02:48.950,pulse_batch,x,,,,,4,,18786,182,-652,77,77,,4932967976760,
2026-08-19 00:02:48.953,continuous_stop,x,,,,,,1,18786,182,-652,77,77,,4932970592285,
2026-08-19 00:02:49.417,continuous_start,x,,,,,,1,18786,182,-652,77,77,,4933434974494,
2026-08-19 00:02:49.420,pulse_batch,x,,,,,1,,18787,183,-651,77,77,,4933437886221,
2026-08-19 00:02:49.441,pulse_batch,x,,,,,4,,18791,187,-647,77,77,,4933458657285,
2026-08-19 00:02:49.461,pulse_batch,x,,,,,4,,18795,191,-643,77,77,,4933479267387,
2026-08-19 00:02:49.484,pulse_batch,x,,,,,4,,18799,195,-639,77,77,,4933501700110,
2026-08-19 00:02:49.487,continuous_stop,x,,,,,,1,18799,195,-639,77,77,,4933504345245,
2026-08-19 00:02:50.018,continuous_start,x,,,,,,1,18799,195,-639,77,77,,4934035651254,
2026-08-19 00:02:50.021,pulse_batch,x,,,,,1,,18800,196,-638,77,77,,4934038579981,
2026-08-19 00:02:50.042,pulse_batch,x,,,,,4,,18804,200,-634,77,77,,4934059547081,
2026-08-19 00:02:50.062,pulse_batch,x,,,,,4,,18808,204,-630,77,77,,4934080255109,
2026-08-19 00:02:50.084,pulse_batch,x,,,,,4,,18812,208,-626,77,77,,4934101821095,
2026-08-19 00:02:50.087,continuous_stop,x,,,,,,1,18812,208,-626,77,77,,4934104449286,
2026-08-19 00:02:50.619,continuous_start,x,,,,,,1,18812,208,-626,77,77,,4934636277645,
2026-08-19 00:02:50.621,pulse_batch,x,,,,,1,,18813,209,-625,77,77,,4934639123408,
2026-08-19 00:02:50.643,pulse_batch,x,,,,,4,,18817,213,-621,77,77,,4934660968949,
2026-08-19 00:02:50.664,pulse_batch,x,,,,,4,,18821,217,-617,77,77,,4934681602217,
2026-08-19 00:02:50.685,pulse_batch,x,,,,,4,,18825,221,-613,77,77,,4934703067112,
2026-08-19 00:02:50.688,continuous_stop,x,,,,,,1,18825,221,-613,77,77,,4934705701802,
2026-08-19 00:02:51.220,continuous_start,x,,,,,,1,18825,221,-613,77,77,,4935237601976,
2026-08-19 00:02:51.223,pulse_batch,x,,,,,1,,18826,222,-612,77,77,,4935240581424,
2026-08-19 00:02:51.244,pulse_batch,x,,,,,4,,18830,226,-608,77,77,,4935261268192,
2026-08-19 00:02:51.264,pulse_batch,x,,,,,4,,18834,230,-604,77,77,,4935281915535,
2026-08-19 00:02:51.285,pulse_batch,x,,,,,4,,18838,234,-600,77,77,,4935303022357,
2026-08-19 00:02:51.288,continuous_stop,x,,,,,,1,18838,234,-600,77,77,,4935305647659,
2026-08-19 00:02:54.286,continuous_start,x,,,,,,1,18838,234,-600,77,77,,4938304264672,
2026-08-19 00:02:54.289,pulse_batch,x,,,,,1,,18839,235,-599,77,77,,4938307053492,
2026-08-19 00:02:54.292,continuous_stop,x,,,,,,1,18839,235,-599,77,77,,4938309641349,
2026-08-19 00:02:57.225,continuous_start,x,,,,,,1,18839,235,-599,77,77,,4941242680023,
2026-08-19 00:02:57.228,pulse_batch,x,,,,,1,,18840,236,-598,77,77,,4941245566361,
2026-08-19 00:02:57.230,continuous_stop,x,,,,,,1,18840,236,-598,77,77,,4941248158015,
2026-08-19 00:03:00.893,continuous_start,x,,,,,,1,18840,236,-598,77,77,,4944910543803,
2026-08-19 00:03:00.896,pulse_batch,x,,,,,1,,18841,237,-597,77,77,,4944913594437,
2026-08-19 00:03:00.898,continuous_stop,x,,,,,,1,18841,237,-597,77,77,,4944916173628,
2026-08-19 00:03:02.697,continuous_start,x,,,,,,1,18841,237,-597,77,77,,4946714914045,
2026-08-19 00:03:02.700,pulse_batch,x,,,,,1,,18842,238,-596,77,77,,4946717669717,
2026-08-19 00:03:02.721,pulse_batch,x,,,,,4,,18846,242,-592,77,77,,4946738367448,
2026-08-19 00:03:02.741,pulse_batch,x,,,,,4,,18850,246,-588,77,77,,4946759030458,
2026-08-19 00:03:02.764,pulse_batch,x,,,,,4,,18854,250,-584,77,77,,4946781392366,
2026-08-19 00:03:02.766,continuous_stop,x,,,,,,1,18854,250,-584,77,77,,4946783991075,
2026-08-19 00:03:07.966,continuous_start,x,,,,,,-1,18854,250,-584,77,77,,4951984089266,
2026-08-19 00:03:07.969,pulse_batch,x,,,,,-1,,18855,249,-584,76,77,,4951986978789,
2026-08-19 00:03:07.991,pulse_batch,x,,,,,-4,,18859,245,-584,72,77,,4952008620108,
2026-08-19 00:03:08.011,pulse_batch,x,,,,,-4,,18863,241,-584,68,77,,4952029167396,
2026-08-19 00:03:08.033,pulse_batch,x,,,,,-4,,18867,237,-584,64,77,,4952050938992,
2026-08-19 00:03:08.054,pulse_batch,x,,,,,-4,,18871,233,-584,60,77,,4952071545761,
2026-08-19 00:03:08.074,pulse_batch,x,,,,,-4,,18875,229,-584,56,77,,4952092124067,
2026-08-19 00:03:08.097,pulse_batch,x,,,,,-4,,18879,225,-584,52,77,,4952114182662,
2026-08-19 00:03:08.099,continuous_stop,x,,,,,,-1,18879,225,-584,52,77,,4952116900279,
2026-08-19 00:03:08.835,continuous_start,x,,,,,,1,18879,225,-584,52,77,,4952852748119,
2026-08-19 00:03:08.838,pulse_batch,x,,,,,1,,18880,226,-584,53,77,,4952855810660,
2026-08-19 00:03:08.859,pulse_batch,x,,,,,4,,18884,230,-584,57,77,,4952876460966,
2026-08-19 00:03:08.879,pulse_batch,x,,,,,4,,18888,234,-584,61,77,,4952896986976,
2026-08-19 00:03:08.901,pulse_batch,x,,,,,4,,18892,238,-584,65,77,,4952918787535,
2026-08-19 00:03:08.922,pulse_batch,x,,,,,4,,18896,242,-584,69,77,,4952939585229,
2026-08-19 00:03:08.942,pulse_batch,x,,,,,4,,18900,246,-584,73,77,,4952960197016,
2026-08-19 00:03:08.965,pulse_batch,x,,,,,4,,18904,250,-584,77,77,,4952982370759,
2026-08-19 00:03:08.988,pulse_batch,x,,,,,4,,18908,254,-580,77,77,,4953005270757,
2026-08-19 00:03:09.008,pulse_batch,x,,,,,4,,18912,258,-576,77,77,,4953025886693,
2026-08-19 00:03:09.029,pulse_batch,x,,,,,4,,18916,262,-572,77,77,,4953046562184,
2026-08-19 00:03:09.052,pulse_batch,x,,,,,4,,18920,266,-568,77,77,,4953069460941,
2026-08-19 00:03:09.072,pulse_batch,x,,,,,4,,18924,270,-564,77,77,,4953090180154,
2026-08-19 00:03:09.093,pulse_batch,x,,,,,4,,18928,274,-560,77,77,,4953110790719,
2026-08-19 00:03:09.114,pulse_batch,x,,,,,4,,18932,278,-556,77,77,,4953131788486,
2026-08-19 00:03:09.135,pulse_batch,x,,,,,4,,18936,282,-552,77,77,,4953152441422,
2026-08-19 00:03:09.155,pulse_batch,x,,,,,4,,18940,286,-548,77,77,,4953173047228,
2026-08-19 00:03:09.176,pulse_batch,x,,,,,4,,18944,290,-544,77,77,,4953194248068,
2026-08-19 00:03:09.197,pulse_batch,x,,,,,4,,18948,294,-540,77,77,,4953215049410,
2026-08-19 00:03:09.218,pulse_batch,x,,,,,4,,18952,298,-536,77,77,,4953235569290,
2026-08-19 00:03:09.239,pulse_batch,x,,,,,4,,18956,302,-532,77,77,,4953256988518,
2026-08-19 00:03:09.260,pulse_batch,x,,,,,4,,18960,306,-528,77,77,,4953277733138,
2026-08-19 00:03:09.280,pulse_batch,x,,,,,4,,18964,310,-524,77,77,,4953298266519,
2026-08-19 00:03:09.301,pulse_batch,x,,,,,4,,18968,314,-520,77,77,,4953319014657,
2026-08-19 00:03:09.322,pulse_batch,x,,,,,4,,18972,318,-516,77,77,,4953339651111,
2026-08-19 00:03:09.343,pulse_batch,x,,,,,4,,18976,322,-512,77,77,,4953360278584,
2026-08-19 00:03:09.363,pulse_batch,x,,,,,4,,18980,326,-508,77,77,,4953380881334,
2026-08-19 00:03:09.384,pulse_batch,x,,,,,4,,18984,330,-504,77,77,,4953401678232,
2026-08-19 00:03:09.405,pulse_batch,x,,,,,4,,18988,334,-500,77,77,,4953422280945,
2026-08-19 00:03:09.425,pulse_batch,x,,,,,4,,18992,338,-496,77,77,,4953442845826,
2026-08-19 00:03:09.447,pulse_batch,x,,,,,4,,18996,342,-492,77,77,,4953465024383,
2026-08-19 00:03:09.468,pulse_batch,x,,,,,4,,19000,346,-488,77,77,,4953485634671,
2026-08-19 00:03:09.488,pulse_batch,x,,,,,4,,19004,350,-484,77,77,,4953506157070,
2026-08-19 00:03:09.509,pulse_batch,x,,,,,4,,19008,354,-480,77,77,,4953527030467,
2026-08-19 00:03:09.530,pulse_batch,x,,,,,4,,19012,358,-476,77,77,,4953547697810,
2026-08-19 00:03:09.551,pulse_batch,x,,,,,4,,19016,362,-472,77,77,,4953568276505,
2026-08-19 00:03:09.573,pulse_batch,x,,,,,4,,19020,366,-468,77,77,,4953590788486,
2026-08-19 00:03:09.594,pulse_batch,x,,,,,4,,19024,370,-464,77,77,,4953611542569,
2026-08-19 00:03:09.614,pulse_batch,x,,,,,4,,19028,374,-460,77,77,,4953632073931,
2026-08-19 00:03:09.637,pulse_batch,x,,,,,4,,19032,378,-456,77,77,,4953654668783,
2026-08-19 00:03:09.658,pulse_batch,x,,,,,4,,19036,382,-452,77,77,,4953675507347,
2026-08-19 00:03:09.678,pulse_batch,x,,,,,4,,19040,386,-448,77,77,,4953696080857,
2026-08-19 00:03:09.699,pulse_batch,x,,,,,4,,19044,390,-444,77,77,,4953716788274,
2026-08-19 00:03:09.720,pulse_batch,x,,,,,4,,19048,394,-440,77,77,,4953737643097,
2026-08-19 00:03:09.740,pulse_batch,x,,,,,4,,19052,398,-436,77,77,,4953758241125,
2026-08-19 00:03:09.762,pulse_batch,x,,,,,4,,19056,402,-432,77,77,,4953779225744,
2026-08-19 00:03:09.784,pulse_batch,x,,,,,4,,19060,406,-428,77,77,,4953801522079,
2026-08-19 00:03:09.804,pulse_batch,x,,,,,4,,19064,410,-424,77,77,,4953822094292,
2026-08-19 00:03:09.825,pulse_batch,x,,,,,4,,19068,414,-420,77,77,,4953842634969,
2026-08-19 00:03:09.848,pulse_batch,x,,,,,4,,19072,418,-416,77,77,,4953865309969,
2026-08-19 00:03:09.868,pulse_batch,x,,,,,4,,19076,422,-412,77,77,,4953886017681,
2026-08-19 00:03:09.889,pulse_batch,x,,,,,4,,19080,426,-408,77,77,,4953906536266,
2026-08-19 00:03:09.913,pulse_batch,x,,,,,4,,19084,430,-404,77,77,,4953930712091,
2026-08-19 00:03:09.934,pulse_batch,x,,,,,4,,19088,434,-400,77,77,,4953951606451,
2026-08-19 00:03:09.955,pulse_batch,x,,,,,4,,19092,438,-396,77,77,,4953972587922,
2026-08-19 00:03:09.977,pulse_batch,x,,,,,4,,19096,442,-392,77,77,,4953994583869,
2026-08-19 00:03:09.998,pulse_batch,x,,,,,4,,19100,446,-388,77,77,,4954015373822,
2026-08-19 00:03:10.018,pulse_batch,x,,,,,4,,19104,450,-384,77,77,,4954035926555,
2026-08-19 00:03:10.040,pulse_batch,x,,,,,4,,19108,454,-380,77,77,,4954057669522,
2026-08-19 00:03:10.061,pulse_batch,x,,,,,4,,19112,458,-376,77,77,,4954078365772,
2026-08-19 00:03:10.081,pulse_batch,x,,,,,4,,19116,462,-372,77,77,,4954098892393,
2026-08-19 00:03:10.102,pulse_batch,x,,,,,4,,19120,466,-368,77,77,,4954119625809,
2026-08-19 00:03:10.123,pulse_batch,x,,,,,4,,19124,470,-364,77,77,,4954140274689,
2026-08-19 00:03:10.143,pulse_batch,x,,,,,4,,19128,474,-360,77,77,,4954160843921,
2026-08-19 00:03:10.164,pulse_batch,x,,,,,4,,19132,478,-356,77,77,,4954181585171,
2026-08-19 00:03:10.185,pulse_batch,x,,,,,4,,19136,482,-352,77,77,,4954202317699,
2026-08-19 00:03:10.205,pulse_batch,x,,,,,4,,19140,486,-348,77,77,,4954222904523,
2026-08-19 00:03:10.226,pulse_batch,x,,,,,4,,19144,490,-344,77,77,,4954243432348,
2026-08-19 00:03:10.248,pulse_batch,x,,,,,4,,19148,494,-340,77,77,,4954265639868,
2026-08-19 00:03:10.269,pulse_batch,x,,,,,4,,19152,498,-336,77,77,,4954286325322,
2026-08-19 00:03:10.289,pulse_batch,x,,,,,4,,19156,502,-332,77,77,,4954306897277,
2026-08-19 00:03:10.310,pulse_batch,x,,,,,4,,19160,506,-328,77,77,,4954327834618,
2026-08-19 00:03:10.331,pulse_batch,x,,,,,4,,19164,510,-324,77,77,,4954348565497,
2026-08-19 00:03:10.351,pulse_batch,x,,,,,4,,19168,514,-320,77,77,,4954369162748,
2026-08-19 00:03:10.375,pulse_batch,x,,,,,4,,19172,518,-316,77,77,,4954392322745,
2026-08-19 00:03:10.395,pulse_batch,x,,,,,4,,19176,522,-312,77,77,,4954413002458,
2026-08-19 00:03:10.416,pulse_batch,x,,,,,4,,19180,526,-308,77,77,,4954433589616,
2026-08-19 00:03:10.438,pulse_batch,x,,,,,4,,19184,530,-304,77,77,,4954455606952,
2026-08-19 00:03:10.459,pulse_batch,x,,,,,4,,19188,534,-300,77,77,,4954477181568,
2026-08-19 00:03:10.480,pulse_batch,x,,,,,4,,19192,538,-296,77,77,,4954497878670,
2026-08-19 00:03:10.502,pulse_batch,x,,,,,4,,19196,542,-292,77,77,,4954520076172,
2026-08-19 00:03:10.523,pulse_batch,x,,,,,4,,19200,546,-288,77,77,,4954540700126,
2026-08-19 00:03:10.544,pulse_batch,x,,,,,4,,19204,550,-284,77,77,,4954561285950,
2026-08-19 00:03:10.564,pulse_batch,x,,,,,4,,19208,554,-280,77,77,,4954581932497,
2026-08-19 00:03:10.585,pulse_batch,x,,,,,4,,19212,558,-276,77,77,,4954602720913,
2026-08-19 00:03:10.606,pulse_batch,x,,,,,4,,19216,562,-272,77,77,,4954623312238,
2026-08-19 00:03:10.626,pulse_batch,x,,,,,4,,19220,566,-268,77,77,,4954643866711,
2026-08-19 00:03:10.649,pulse_batch,x,,,,,4,,19224,570,-264,77,77,,4954667094819,
2026-08-19 00:03:10.670,pulse_batch,x,,,,,4,,19228,574,-260,77,77,,4954687741754,
2026-08-19 00:03:10.691,pulse_batch,x,,,,,4,,19232,578,-256,77,77,,4954708292116,
2026-08-19 00:03:10.713,pulse_batch,x,,,,,4,,19236,582,-252,77,77,,4954730946264,
2026-08-19 00:03:10.734,pulse_batch,x,,,,,4,,19240,586,-248,77,77,,4954751610662,
2026-08-19 00:03:10.754,pulse_batch,x,,,,,4,,19244,590,-244,77,77,,4954772146246,
2026-08-19 00:03:10.777,pulse_batch,x,,,,,4,,19248,594,-240,77,77,,4954795051911,
2026-08-19 00:03:10.798,pulse_batch,x,,,,,4,,19252,598,-236,77,77,,4954815771920,
2026-08-19 00:03:10.818,pulse_batch,x,,,,,4,,19256,602,-232,77,77,,4954836288653,
2026-08-19 00:03:10.841,pulse_batch,x,,,,,4,,19260,606,-228,77,77,,4954858645135,
2026-08-19 00:03:10.865,pulse_batch,x,,,,,4,,19264,610,-224,77,77,,4954882393092,
2026-08-19 00:03:10.885,pulse_batch,x,,,,,4,,19268,614,-220,77,77,,4954902979287,
2026-08-19 00:03:10.910,pulse_batch,x,,,,,4,,19272,618,-216,77,77,,4954927208316,
2026-08-19 00:03:10.932,pulse_batch,x,,,,,4,,19276,622,-212,77,77,,4954949273633,
2026-08-19 00:03:10.952,pulse_batch,x,,,,,4,,19280,626,-208,77,77,,4954969917161,
2026-08-19 00:03:10.974,pulse_batch,x,,,,,4,,19284,630,-204,77,77,,4954992183737,
2026-08-19 00:03:10.995,pulse_batch,x,,,,,4,,19288,634,-200,77,77,,4955012879432,
2026-08-19 00:03:11.016,pulse_batch,x,,,,,4,,19292,638,-196,77,77,,4955033442738,
2026-08-19 00:03:11.036,pulse_batch,x,,,,,4,,19296,642,-192,77,77,,4955054169821,
2026-08-19 00:03:11.057,pulse_batch,x,,,,,4,,19300,646,-188,77,77,,4955074889182,
2026-08-19 00:03:11.078,pulse_batch,x,,,,,4,,19304,650,-184,77,77,,4955095499766,
2026-08-19 00:03:11.100,pulse_batch,x,,,,,4,,19308,654,-180,77,77,,4955117801786,
2026-08-19 00:03:11.121,pulse_batch,x,,,,,4,,19312,658,-176,77,77,,4955138658998,
2026-08-19 00:03:11.142,pulse_batch,x,,,,,4,,19316,662,-172,77,77,,4955159284544,
2026-08-19 00:03:11.162,pulse_batch,x,,,,,4,,19320,666,-168,77,77,,4955179879739,
2026-08-19 00:03:11.185,pulse_batch,x,,,,,4,,19324,670,-164,77,77,,4955202627701,
2026-08-19 00:03:11.206,pulse_batch,x,,,,,4,,19328,674,-160,77,77,,4955223281174,
2026-08-19 00:03:11.226,pulse_batch,x,,,,,4,,19332,678,-156,77,77,,4955243866147,
2026-08-19 00:03:11.247,pulse_batch,x,,,,,4,,19336,682,-152,77,77,,4955264679211,
2026-08-19 00:03:11.268,pulse_batch,x,,,,,4,,19340,686,-148,77,77,,4955285341017,
2026-08-19 00:03:11.288,pulse_batch,x,,,,,4,,19344,690,-144,77,77,,4955305947230,
2026-08-19 00:03:11.311,pulse_batch,x,,,,,4,,19348,694,-140,77,77,,4955328283083,
2026-08-19 00:03:11.331,pulse_batch,x,,,,,4,,19352,698,-136,77,77,,4955349074518,
2026-08-19 00:03:11.352,pulse_batch,x,,,,,4,,19356,702,-132,77,77,,4955369613676,
2026-08-19 00:03:11.373,pulse_batch,x,,,,,4,,19360,706,-128,77,77,,4955390392240,
2026-08-19 00:03:11.393,pulse_batch,x,,,,,4,,19364,710,-124,77,77,,4955411149601,
2026-08-19 00:03:11.414,pulse_batch,x,,,,,4,,19368,714,-120,77,77,,4955431736574,
2026-08-19 00:03:11.436,pulse_batch,x,,,,,4,,19372,718,-116,77,77,,4955454021538,
2026-08-19 00:03:11.457,pulse_batch,x,,,,,4,,19376,722,-112,77,77,,4955474687437,
2026-08-19 00:03:11.478,pulse_batch,x,,,,,4,,19380,726,-108,77,77,,4955495314020,
2026-08-19 00:03:11.498,pulse_batch,x,,,,,4,,19384,730,-104,77,77,,4955515967789,
2026-08-19 00:03:11.519,pulse_batch,x,,,,,4,,19388,734,-100,77,77,,4955536736020,
2026-08-19 00:03:11.540,pulse_batch,x,,,,,4,,19392,738,-96,77,77,,4955557387807,
2026-08-19 00:03:11.560,pulse_batch,x,,,,,4,,19396,742,-92,77,77,,4955577977058,
2026-08-19 00:03:11.583,pulse_batch,x,,,,,4,,19400,746,-88,77,77,,4955600230208,
2026-08-19 00:03:11.603,pulse_batch,x,,,,,4,,19404,750,-84,77,77,,4955620867032,
2026-08-19 00:03:11.624,pulse_batch,x,,,,,4,,19408,754,-80,77,77,,4955641403931,
2026-08-19 00:03:11.644,pulse_batch,x,,,,,4,,19412,758,-76,77,77,,4955662124996,
2026-08-19 00:03:11.665,pulse_batch,x,,,,,4,,19416,762,-72,77,77,,4955682971060,
2026-08-19 00:03:11.686,pulse_batch,x,,,,,4,,19420,766,-68,77,77,,4955703557014,
2026-08-19 00:03:11.702,pulse_batch,x,,,,,2,,19422,768,-66,77,77,,4955719426417,
2026-08-19 00:03:11.702,continuous_stop,x,,,,,,1,19422,768,-66,77,77,,4955719857137,
2026-08-19 00:03:12.438,continuous_start,x,,,,,,-1,19422,768,-66,77,77,,4956456196569,
2026-08-19 00:03:12.441,pulse_batch,x,,,,,-1,,19423,767,-66,76,77,,4956458956482,
2026-08-19 00:03:12.462,pulse_batch,x,,,,,-4,,19427,763,-66,72,77,,4956479613547,
2026-08-19 00:03:12.482,pulse_batch,x,,,,,-4,,19431,759,-66,68,77,,4956500172909,
2026-08-19 00:03:12.507,pulse_batch,x,,,,,-4,,19435,755,-66,64,77,,4956524596455,
2026-08-19 00:03:12.529,pulse_batch,x,,,,,-4,,19439,751,-66,60,77,,4956546555254,
2026-08-19 00:03:12.549,pulse_batch,x,,,,,-4,,19443,747,-66,56,77,,4956567131968,
2026-08-19 00:03:12.572,pulse_batch,x,,,,,-4,,19447,743,-66,52,77,,4956589145249,
2026-08-19 00:03:12.592,pulse_batch,x,,,,,-4,,19451,739,-66,48,77,,4956610090442,
2026-08-19 00:03:12.613,pulse_batch,x,,,,,-4,,19455,735,-66,44,77,,4956630675396,
2026-08-19 00:03:12.636,pulse_batch,x,,,,,-4,,19459,731,-66,40,77,,4956653359581,
2026-08-19 00:03:12.657,pulse_batch,x,,,,,-4,,19463,727,-66,36,77,,4956674511495,
2026-08-19 00:03:12.677,pulse_batch,x,,,,,-4,,19467,723,-66,32,77,,4956695093357,
2026-08-19 00:03:12.698,pulse_batch,x,,,,,-4,,19471,719,-66,28,77,,4956715976069,
2026-08-19 00:03:12.720,pulse_batch,x,,,,,-4,,19475,715,-66,24,77,,4956738160867,
2026-08-19 00:03:12.741,pulse_batch,x,,,,,-4,,19479,711,-66,20,77,,4956758744877,
2026-08-19 00:03:12.762,pulse_batch,x,,,,,-4,,19483,707,-66,16,77,,4956779323350,
2026-08-19 00:03:12.784,pulse_batch,x,,,,,-4,,19487,703,-66,12,77,,4956801322927,
2026-08-19 00:03:12.804,pulse_batch,x,,,,,-4,,19491,699,-66,8,77,,4956821978177,
2026-08-19 00:03:12.825,pulse_batch,x,,,,,-4,,19495,695,-66,4,77,,4956842509613,
2026-08-19 00:03:12.849,pulse_batch,x,,,,,-4,,19499,691,-66,0,77,,4956866305644,
2026-08-19 00:03:12.869,pulse_batch,x,,,,,-4,,19503,687,-70,0,77,,4956886929487,
2026-08-19 00:03:12.890,pulse_batch,x,,,,,-4,,19507,683,-74,0,77,,4956907448497,
2026-08-19 00:03:12.912,pulse_batch,x,,,,,-4,,19511,679,-78,0,77,,4956929913868,
2026-08-19 00:03:12.933,pulse_batch,x,,,,,-4,,19515,675,-82,0,77,,4956950564137,
2026-08-19 00:03:12.953,pulse_batch,x,,,,,-4,,19519,671,-86,0,77,,4956971106221,
2026-08-19 00:03:12.976,pulse_batch,x,,,,,-4,,19523,667,-90,0,77,,4956993670295,
2026-08-19 00:03:12.997,pulse_batch,x,,,,,-4,,19527,663,-94,0,77,,4957014416656,
2026-08-19 00:03:13.017,pulse_batch,x,,,,,-4,,19531,659,-98,0,77,,4957035029425,
2026-08-19 00:03:13.038,pulse_batch,x,,,,,-4,,19535,655,-102,0,77,,4957055782545,
2026-08-19 00:03:13.059,pulse_batch,x,,,,,-4,,19539,651,-106,0,77,,4957076476888,
2026-08-19 00:03:13.079,pulse_batch,x,,,,,-4,,19543,647,-110,0,77,,4957097086249,
2026-08-19 00:03:13.100,pulse_batch,x,,,,,-4,,19547,643,-114,0,77,,4957117801406,
2026-08-19 00:03:13.121,pulse_batch,x,,,,,-4,,19551,639,-118,0,77,,4957138697859,
2026-08-19 00:03:13.142,pulse_batch,x,,,,,-4,,19555,635,-122,0,77,,4957159331406,
2026-08-19 00:03:13.162,pulse_batch,x,,,,,-4,,19559,631,-126,0,77,,4957179925379,
2026-08-19 00:03:13.186,pulse_batch,x,,,,,-4,,19563,627,-130,0,77,,4957203253042,
2026-08-19 00:03:13.206,pulse_batch,x,,,,,-4,,19567,623,-134,0,77,,4957223891533,
2026-08-19 00:03:13.228,pulse_batch,x,,,,,-4,,19571,619,-138,0,77,,4957245406408,
2026-08-19 00:03:13.252,pulse_batch,x,,,,,-4,,19575,615,-142,0,77,,4957269439901,
2026-08-19 00:03:13.272,pulse_batch,x,,,,,-4,,19579,611,-146,0,77,,4957290066596,
2026-08-19 00:03:13.293,pulse_batch,x,,,,,-4,,19583,607,-150,0,77,,4957310615087,
2026-08-19 00:03:13.315,pulse_batch,x,,,,,-4,,19587,603,-154,0,77,,4957333102069,
2026-08-19 00:03:13.336,pulse_batch,x,,,,,-4,,19591,599,-158,0,77,,4957353776745,
2026-08-19 00:03:13.357,pulse_batch,x,,,,,-4,,19595,595,-162,0,77,,4957374304996,
2026-08-19 00:03:13.382,pulse_batch,x,,,,,-4,,19599,591,-166,0,77,,4957400131665,
2026-08-19 00:03:13.403,pulse_batch,x,,,,,-4,,19603,587,-170,0,77,,4957420783619,
2026-08-19 00:03:13.424,pulse_batch,x,,,,,-4,,19607,583,-174,0,77,,4957441345833,
2026-08-19 00:03:13.445,pulse_batch,x,,,,,-4,,19611,579,-178,0,77,,4957462809635,
2026-08-19 00:03:13.466,pulse_batch,x,,,,,-4,,19615,575,-182,0,77,,4957483802383,
2026-08-19 00:03:13.487,pulse_batch,x,,,,,-4,,19619,571,-186,0,77,,4957504397449,
2026-08-19 00:03:13.508,pulse_batch,x,,,,,-4,,19623,567,-190,0,77,,4957525578419,
2026-08-19 00:03:13.530,pulse_batch,x,,,,,-4,,19627,563,-194,0,77,,4957547296312,
2026-08-19 00:03:13.550,pulse_batch,x,,,,,-4,,19631,559,-198,0,77,,4957567842562,
2026-08-19 00:03:13.574,pulse_batch,x,,,,,-4,,19635,555,-202,0,77,,4957591787519,
2026-08-19 00:03:13.595,pulse_batch,x,,,,,-4,,19639,551,-206,0,77,,4957612531602,
2026-08-19 00:03:13.615,pulse_batch,x,,,,,-4,,19643,547,-210,0,77,,4957633150463,
2026-08-19 00:03:13.636,pulse_batch,x,,,,,-4,,19647,543,-214,0,77,,4957653787269,
2026-08-19 00:03:13.657,pulse_batch,x,,,,,-4,,19651,539,-218,0,77,,4957674657944,
2026-08-19 00:03:13.677,pulse_batch,x,,,,,-4,,19655,535,-222,0,77,,4957695280046,
2026-08-19 00:03:13.698,pulse_batch,x,,,,,-4,,19659,531,-226,0,77,,4957716148092,
2026-08-19 00:03:13.721,pulse_batch,x,,,,,-4,,19663,527,-230,0,77,,4957738770462,
2026-08-19 00:03:13.742,pulse_batch,x,,,,,-4,,19667,523,-234,0,77,,4957759378453,
2026-08-19 00:03:13.762,pulse_batch,x,,,,,-4,,19671,519,-238,0,77,,4957779934889,
2026-08-19 00:03:13.785,pulse_batch,x,,,,,-4,,19675,515,-242,0,77,,4957802381964,
2026-08-19 00:03:13.805,pulse_batch,x,,,,,-4,,19679,511,-246,0,77,,4957823038159,
2026-08-19 00:03:13.826,pulse_batch,x,,,,,-4,,19683,507,-250,0,77,,4957843610687,
2026-08-19 00:03:13.847,pulse_batch,x,,,,,-4,,19687,503,-254,0,77,,4957864364807,
2026-08-19 00:03:13.867,pulse_batch,x,,,,,-4,,19691,499,-258,0,77,,4957885176779,
2026-08-19 00:03:13.888,pulse_batch,x,,,,,-4,,19695,495,-262,0,77,,4957905710307,
2026-08-19 00:03:13.910,pulse_batch,x,,,,,-4,,19699,491,-266,0,77,,4957928098808,
2026-08-19 00:03:13.931,pulse_batch,x,,,,,-4,,19703,487,-270,0,77,,4957948885836,
2026-08-19 00:03:13.952,pulse_batch,x,,,,,-4,,19707,483,-274,0,77,,4957969460734,
2026-08-19 00:03:13.973,pulse_batch,x,,,,,-4,,19711,479,-278,0,77,,4957990252151,
2026-08-19 00:03:13.993,pulse_batch,x,,,,,-4,,19715,475,-282,0,77,,4958010955308,
2026-08-19 00:03:14.014,pulse_batch,x,,,,,-4,,19719,471,-286,0,77,,4958031575540,
2026-08-19 00:03:14.036,pulse_batch,x,,,,,-4,,19723,467,-290,0,77,,4958053770875,
2026-08-19 00:03:14.057,pulse_batch,x,,,,,-4,,19727,463,-294,0,77,,4958074580477,
2026-08-19 00:03:14.077,pulse_batch,x,,,,,-4,,19731,459,-298,0,77,,4958095282412,
2026-08-19 00:03:14.099,pulse_batch,x,,,,,-4,,19735,455,-302,0,77,,4958116713195,
2026-08-19 00:03:14.122,pulse_batch,x,,,,,-4,,19739,451,-306,0,77,,4958140141135,
2026-08-19 00:03:14.143,pulse_batch,x,,,,,-4,,19743,447,-310,0,77,,4958160756997,
2026-08-19 00:03:14.164,pulse_batch,x,,,,,-4,,19747,443,-314,0,77,,4958181319988,
2026-08-19 00:03:14.185,pulse_batch,x,,,,,-4,,19751,439,-318,0,77,,4958202767512,
2026-08-19 00:03:14.206,pulse_batch,x,,,,,-4,,19755,435,-322,0,77,,4958223509596,
2026-08-19 00:03:14.226,pulse_batch,x,,,,,-4,,19759,431,-326,0,77,,4958244053902,
2026-08-19 00:03:14.249,pulse_batch,x,,,,,-4,,19763,427,-330,0,77,,4958266695957,
2026-08-19 00:03:14.270,pulse_batch,x,,,,,-4,,19767,423,-334,0,77,,4958287352596,
2026-08-19 00:03:14.290,pulse_batch,x,,,,,-4,,19771,419,-338,0,77,,4958307868236,
2026-08-19 00:03:14.311,pulse_batch,x,,,,,-4,,19775,415,-342,0,77,,4958328704245,
2026-08-19 00:03:14.332,pulse_batch,x,,,,,-4,,19779,411,-346,0,77,,4958349497679,
2026-08-19 00:03:14.352,pulse_batch,x,,,,,-4,,19783,407,-350,0,77,,4958370191355,
2026-08-19 00:03:14.375,pulse_batch,x,,,,,-4,,19787,403,-354,0,77,,4958392517468,
2026-08-19 00:03:14.398,pulse_batch,x,,,,,-4,,19791,399,-358,0,77,,4958415698409,
2026-08-19 00:03:14.418,pulse_batch,x,,,,,-4,,19795,395,-362,0,77,,4958436247919,
2026-08-19 00:03:14.442,pulse_batch,x,,,,,-4,,19799,391,-366,0,77,,4958459560138,
2026-08-19 00:03:14.463,pulse_batch,x,,,,,-4,,19803,387,-370,0,77,,4958480426906,
2026-08-19 00:03:14.483,pulse_batch,x,,,,,-4,,19807,383,-374,0,77,,4958501026175,
2026-08-19 00:03:14.507,pulse_batch,x,,,,,-4,,19811,379,-378,0,77,,4958524419837,
2026-08-19 00:03:14.527,pulse_batch,x,,,,,-4,,19815,375,-382,0,77,,4958545190661,
2026-08-19 00:03:14.548,pulse_batch,x,,,,,-4,,19819,371,-386,0,77,,4958565756634,
2026-08-19 00:03:14.572,pulse_batch,x,,,,,-4,,19823,367,-390,0,77,,4958590068848,
2026-08-19 00:03:14.593,pulse_batch,x,,,,,-4,,19827,363,-394,0,77,,4958610695765,
2026-08-19 00:03:14.614,pulse_batch,x,,,,,-4,,19831,359,-398,0,77,,4958631272238,
2026-08-19 00:03:14.634,pulse_batch,x,,,,,-4,,19835,355,-402,0,77,,4958651924729,
2026-08-19 00:03:14.655,pulse_batch,x,,,,,-4,,19839,351,-406,0,77,,4958672958033,
2026-08-19 00:03:14.676,pulse_batch,x,,,,,-4,,19843,347,-410,0,77,,4958693557227,
2026-08-19 00:03:14.696,pulse_batch,x,,,,,-4,,19847,343,-414,0,77,,4958714137534,
2026-08-19 00:03:14.719,pulse_batch,x,,,,,-4,,19851,339,-418,0,77,,4958736654312,
2026-08-19 00:03:14.740,pulse_batch,x,,,,,-4,,19855,335,-422,0,77,,4958757333710,
2026-08-19 00:03:14.760,pulse_batch,x,,,,,-4,,19859,331,-426,0,77,,4958777889720,
2026-08-19 00:03:14.781,pulse_batch,x,,,,,-4,,19863,327,-430,0,77,,4958798713062,
2026-08-19 00:03:14.802,pulse_batch,x,,,,,-4,,19867,323,-434,0,77,,4958819401405,
2026-08-19 00:03:14.822,pulse_batch,x,,,,,-4,,19871,319,-438,0,77,,4958839922396,
2026-08-19 00:03:14.843,pulse_batch,x,,,,,-4,,19875,315,-442,0,77,,4958860748794,
2026-08-19 00:03:14.864,pulse_batch,x,,,,,-4,,19879,311,-446,0,77,,4958882221151,
2026-08-19 00:03:14.885,pulse_batch,x,,,,,-4,,19883,307,-450,0,77,,4958902771661,
2026-08-19 00:03:14.907,pulse_batch,x,,,,,-4,,19887,303,-454,0,77,,4958924270315,
2026-08-19 00:03:14.927,pulse_batch,x,,,,,-4,,19891,299,-458,0,77,,4958945124527,
2026-08-19 00:03:14.948,pulse_batch,x,,,,,-4,,19895,295,-462,0,77,,4958965721963,
2026-08-19 00:03:14.970,pulse_batch,x,,,,,-4,,19899,291,-466,0,77,,4958988119315,
2026-08-19 00:03:14.991,pulse_batch,x,,,,,-4,,19903,287,-470,0,77,,4959008948583,
2026-08-19 00:03:15.012,pulse_batch,x,,,,,-4,,19907,283,-474,0,77,,4959029607796,
2026-08-19 00:03:15.032,pulse_batch,x,,,,,-4,,19911,279,-478,0,77,,4959050209862,
2026-08-19 00:03:15.053,pulse_batch,x,,,,,-4,,19915,275,-482,0,77,,4959071095944,
2026-08-19 00:03:15.074,pulse_batch,x,,,,,-4,,19919,271,-486,0,77,,4959091769602,
2026-08-19 00:03:15.095,pulse_batch,x,,,,,-4,,19923,267,-490,0,77,,4959112301056,
2026-08-19 00:03:15.117,pulse_batch,x,,,,,-4,,19927,263,-494,0,77,,4959134577428,
2026-08-19 00:03:15.138,pulse_batch,x,,,,,-4,,19931,259,-498,0,77,,4959155282030,
2026-08-19 00:03:15.158,pulse_batch,x,,,,,-4,,19935,255,-502,0,77,,4959175809225,
2026-08-19 00:03:15.179,pulse_batch,x,,,,,-4,,19939,251,-506,0,77,,4959196518846,
2026-08-19 00:03:15.200,pulse_batch,x,,,,,-4,,19943,247,-510,0,77,,4959217288151,
2026-08-19 00:03:15.220,pulse_batch,x,,,,,-4,,19947,243,-514,0,77,,4959237846253,
2026-08-19 00:03:15.243,pulse_batch,x,,,,,-4,,19951,239,-518,0,77,,4959260302180,
2026-08-19 00:03:15.263,pulse_batch,x,,,,,-4,,19955,235,-522,0,77,,4959281081004,
2026-08-19 00:03:15.284,pulse_batch,x,,,,,-4,,19959,231,-526,0,77,,4959301636717,
2026-08-19 00:03:15.305,pulse_batch,x,,,,,-4,,19963,227,-530,0,77,,4959322324727,
2026-08-19 00:03:15.325,pulse_batch,x,,,,,-4,,19967,223,-534,0,77,,4959343228402,
2026-08-19 00:03:15.346,pulse_batch,x,,,,,-4,,19971,219,-538,0,77,,4959363885319,
2026-08-19 00:03:15.367,pulse_batch,x,,,,,-4,,19975,215,-542,0,77,,4959384507180,
2026-08-19 00:03:15.390,pulse_batch,x,,,,,-4,,19979,211,-546,0,77,,4959407974657,
2026-08-19 00:03:15.411,pulse_batch,x,,,,,-4,,19983,207,-550,0,77,,4959428540945,
2026-08-19 00:03:15.432,pulse_batch,x,,,,,-4,,19987,203,-554,0,77,,4959449245547,
2026-08-19 00:03:15.456,pulse_batch,x,,,,,-4,,19991,199,-558,0,77,,4959473329447,
2026-08-19 00:03:15.476,pulse_batch,x,,,,,-4,,19995,195,-562,0,77,,4959493941845,
2026-08-19 00:03:15.497,pulse_batch,x,,,,,-4,,19999,191,-566,0,77,,4959514522096,
2026-08-19 00:03:15.518,pulse_batch,x,,,,,-4,,20003,187,-570,0,77,,4959536071453,
2026-08-19 00:03:15.539,pulse_batch,x,,,,,-4,,20007,183,-574,0,77,,4959556879499,
2026-08-19 00:03:15.560,pulse_batch,x,,,,,-4,,20011,179,-578,0,77,,4959577950969,
2026-08-19 00:03:15.581,pulse_batch,x,,,,,-4,,20015,175,-582,0,77,,4959598888607,
2026-08-19 00:03:15.602,pulse_batch,x,,,,,-4,,20019,171,-586,0,77,,4959619638597,
2026-08-19 00:03:15.622,pulse_batch,x,,,,,-4,,20023,167,-590,0,77,,4959640237015,
2026-08-19 00:03:15.645,pulse_batch,x,,,,,-4,,20027,163,-594,0,77,,4959662615960,
2026-08-19 00:03:15.666,pulse_batch,x,,,,,-4,,20031,159,-598,0,77,,4959683836300,
2026-08-19 00:03:15.687,pulse_batch,x,,,,,-4,,20035,155,-602,0,77,,4959704497106,
2026-08-19 00:03:15.711,pulse_batch,x,,,,,-4,,20039,151,-606,0,77,,4959728337377,
2026-08-19 00:03:15.734,pulse_batch,x,,,,,-4,,20043,147,-610,0,77,,4959751965669,
2026-08-19 00:03:15.755,pulse_batch,x,,,,,-4,,20047,143,-614,0,77,,4959772672456,
2026-08-19 00:03:15.775,pulse_batch,x,,,,,-3,,20050,140,-617,0,77,,4959792901893,
2026-08-19 00:03:15.776,continuous_stop,x,,,,,,-1,20050,140,-617,0,77,,4959793358724,
2026-08-19 00:03:16.174,continuous_start,x,,,,,,-1,20050,140,-617,0,77,,4960191998726,
2026-08-19 00:03:16.177,pulse_batch,x,,,,,-1,,20051,139,-618,0,77,,4960194972082,
2026-08-19 00:03:16.198,pulse_batch,x,,,,,-4,,20055,135,-622,0,77,,4960215771072,
2026-08-19 00:03:16.219,pulse_batch,x,,,,,-4,,20059,131,-626,0,77,,4960236315693,
2026-08-19 00:03:16.241,pulse_batch,x,,,,,-4,,20063,127,-630,0,77,,4960258540195,
2026-08-19 00:03:16.262,pulse_batch,x,,,,,-4,,20067,123,-634,0,77,,4960279452592,
2026-08-19 00:03:16.282,pulse_batch,x,,,,,-4,,20071,119,-638,0,77,,4960300010658,
2026-08-19 00:03:16.304,pulse_batch,x,,,,,-4,,20075,115,-642,0,77,,4960321987309,
2026-08-19 00:03:16.307,continuous_stop,x,,,,,,-1,20075,115,-642,0,77,,4960324810647,
2026-08-19 00:03:16.709,continuous_start,x,,,,,,-1,20075,115,-642,0,77,,4960726266506,
2026-08-19 00:03:16.711,pulse_batch,x,,,,,-1,,20076,114,-643,0,77,,4960729121343,
2026-08-19 00:03:16.732,pulse_batch,x,,,,,-4,,20080,110,-647,0,77,,4960750220851,
2026-08-19 00:03:16.753,pulse_batch,x,,,,,-4,,20084,106,-651,0,77,,4960770772342,
2026-08-19 00:03:16.775,pulse_batch,x,,,,,-4,,20088,102,-655,0,77,,4960792986066,
2026-08-19 00:03:16.778,continuous_stop,x,,,,,,-1,20088,102,-655,0,77,,4960795545128,
2026-08-19 00:03:17.376,continuous_start,x,,,,,,-1,20088,102,-655,0,77,,4961394180461,
2026-08-19 00:03:17.379,pulse_batch,x,,,,,-1,,20089,101,-656,0,77,,4961396927466,
2026-08-19 00:03:17.400,pulse_batch,x,,,,,-4,,20093,97,-660,0,77,,4961417654401,
2026-08-19 00:03:17.420,pulse_batch,x,,,,,-4,,20097,93,-664,0,77,,4961438228170,
2026-08-19 00:03:17.442,pulse_batch,x,,,,,-4,,20101,89,-668,0,77,,4961459150604,
2026-08-19 00:03:17.444,continuous_stop,x,,,,,,-1,20101,89,-668,0,77,,4961461765869,
2026-08-19 00:03:18.042,continuous_start,x,,,,,,-1,20101,89,-668,0,77,,4962059878113,
2026-08-19 00:03:18.045,pulse_batch,x,,,,,-1,,20102,88,-669,0,77,,4962062819876,
2026-08-19 00:03:18.066,pulse_batch,x,,,,,-4,,20106,84,-673,0,77,,4962083632385,
2026-08-19 00:03:18.086,pulse_batch,x,,,,,-4,,20110,80,-677,0,77,,4962104224913,
2026-08-19 00:03:18.109,pulse_batch,x,,,,,-4,,20114,76,-681,0,77,,4962126400508,
2026-08-19 00:03:18.111,continuous_stop,x,,,,,,-1,20114,76,-681,0,77,,4962129017495,
2026-08-19 00:03:19.978,continuous_start,x,,,,,,-1,20114,76,-681,0,77,,4963995534834,
2026-08-19 00:03:19.981,pulse_batch,x,,,,,-1,,20115,75,-682,0,77,,4963998390283,
2026-08-19 00:03:20.001,pulse_batch,x,,,,,-4,,20119,71,-686,0,77,,4964019082311,
2026-08-19 00:03:20.022,pulse_batch,x,,,,,-4,,20123,67,-690,0,77,,4964039700098,
2026-08-19 00:03:20.043,pulse_batch,x,,,,,-3,,20126,64,-693,0,77,,4964060190479,
2026-08-19 00:03:20.043,continuous_stop,x,,,,,,-1,20126,64,-693,0,77,,4964060915327,
2026-08-19 00:03:22.781,continuous_start,x,,,,,,1,20126,64,-693,0,77,,4966798506404,
2026-08-19 00:03:22.784,pulse_batch,x,,,,,1,,20127,65,-693,1,77,,4966801359686,
2026-08-19 00:03:22.804,pulse_batch,x,,,,,4,,20131,69,-693,5,77,,4966822038862,
2026-08-19 00:03:22.825,pulse_batch,x,,,,,4,,20135,73,-693,9,77,,4966842589613,
2026-08-19 00:03:22.847,pulse_batch,x,,,,,4,,20139,77,-693,13,77,,4966864722560,
2026-08-19 00:03:22.870,pulse_batch,x,,,,,4,,20143,81,-693,17,77,,4966887901965,
2026-08-19 00:03:22.891,pulse_batch,x,,,,,4,,20147,85,-693,21,77,,4966908442678,
2026-08-19 00:03:22.911,pulse_batch,x,,,,,4,,20151,89,-693,25,77,,4966929125077,
2026-08-19 00:03:22.933,pulse_batch,x,,,,,4,,20155,93,-693,29,77,,4966950537694,
2026-08-19 00:03:22.953,pulse_batch,x,,,,,4,,20159,97,-693,33,77,,4966971178611,
2026-08-19 00:03:22.975,pulse_batch,x,,,,,4,,20163,101,-693,37,77,,4966992430765,
2026-08-19 00:03:22.998,pulse_batch,x,,,,,4,,20167,105,-693,41,77,,4967016035612,
2026-08-19 00:03:23.019,pulse_batch,x,,,,,4,,20171,109,-693,45,77,,4967036599845,
2026-08-19 00:03:23.039,pulse_batch,x,,,,,4,,20175,113,-693,49,77,,4967057154281,
2026-08-19 00:03:23.061,pulse_batch,x,,,,,4,,20179,117,-693,53,77,,4967078992247,
2026-08-19 00:03:23.082,pulse_batch,x,,,,,4,,20183,121,-693,57,77,,4967099704571,
2026-08-19 00:03:23.102,pulse_batch,x,,,,,4,,20187,125,-693,61,77,,4967120246452,
2026-08-19 00:03:23.127,pulse_batch,x,,,,,4,,20191,129,-693,65,77,,4967144732609,
2026-08-19 00:03:23.148,pulse_batch,x,,,,,4,,20195,133,-693,69,77,,4967165381119,
2026-08-19 00:03:23.168,pulse_batch,x,,,,,4,,20199,137,-693,73,77,,4967185961573,
2026-08-19 00:03:23.189,pulse_batch,x,,,,,4,,20203,141,-693,77,77,,4967206680083,
2026-08-19 00:03:23.210,pulse_batch,x,,,,,4,,20207,145,-689,77,77,,4967227619683,
2026-08-19 00:03:23.230,pulse_batch,x,,,,,4,,20211,149,-685,77,77,,4967248143545,
2026-08-19 00:03:23.253,pulse_batch,x,,,,,4,,20215,153,-681,77,77,,4967270250215,
2026-08-19 00:03:23.275,pulse_batch,x,,,,,4,,20219,157,-677,77,77,,4967293083713,
2026-08-19 00:03:23.296,pulse_batch,x,,,,,4,,20223,161,-673,77,77,,4967313608001,
2026-08-19 00:03:23.317,pulse_batch,x,,,,,4,,20227,165,-669,77,77,,4967334672120,
2026-08-19 00:03:23.338,pulse_batch,x,,,,,4,,20231,169,-665,77,77,,4967355409111,
2026-08-19 00:03:23.358,pulse_batch,x,,,,,4,,20235,173,-661,77,77,,4967375977787,
2026-08-19 00:03:23.379,pulse_batch,x,,,,,4,,20239,177,-657,77,77,,4967396715945,
2026-08-19 00:03:23.400,pulse_batch,x,,,,,4,,20243,181,-653,77,77,,4967417504694,
2026-08-19 00:03:23.420,pulse_batch,x,,,,,4,,20247,185,-649,77,77,,4967438167315,
2026-08-19 00:03:23.441,pulse_batch,x,,,,,4,,20251,189,-645,77,77,,4967458957694,
2026-08-19 00:03:23.464,pulse_batch,x,,,,,4,,20255,193,-641,77,77,,4967481313270,
2026-08-19 00:03:23.484,pulse_batch,x,,,,,4,,20259,197,-637,77,77,,4967501962446,
2026-08-19 00:03:23.505,pulse_batch,x,,,,,4,,20263,201,-633,77,77,,4967522508011,
2026-08-19 00:03:23.527,pulse_batch,x,,,,,4,,20267,205,-629,77,77,,4967544934420,
2026-08-19 00:03:23.548,pulse_batch,x,,,,,4,,20271,209,-625,77,77,,4967565571300,
2026-08-19 00:03:23.568,pulse_batch,x,,,,,4,,20275,213,-621,77,77,,4967586175050,
2026-08-19 00:03:23.590,pulse_batch,x,,,,,4,,20279,217,-617,77,77,,4967607975036,
2026-08-19 00:03:23.611,pulse_batch,x,,,,,4,,20283,221,-613,77,77,,4967628831692,
2026-08-19 00:03:23.632,pulse_batch,x,,,,,4,,20287,225,-609,77,77,,4967649356999,
2026-08-19 00:03:23.653,pulse_batch,x,,,,,4,,20291,229,-605,77,77,,4967670866930,
2026-08-19 00:03:23.677,pulse_batch,x,,,,,4,,20295,233,-601,77,77,,4967694472111,
2026-08-19 00:03:23.697,pulse_batch,x,,,,,4,,20299,237,-597,77,77,,4967714990639,
2026-08-19 00:03:23.720,pulse_batch,x,,,,,4,,20303,241,-593,77,77,,4967737372122,
2026-08-19 00:03:23.740,pulse_batch,x,,,,,4,,20307,245,-589,77,77,,4967758079742,
2026-08-19 00:03:23.761,pulse_batch,x,,,,,4,,20311,249,-585,77,77,,4967778605104,
2026-08-19 00:03:23.782,pulse_batch,x,,,,,4,,20315,253,-581,77,77,,4967799476557,
2026-08-19 00:03:23.802,pulse_batch,x,,,,,4,,20319,257,-577,77,77,,4967820184844,
2026-08-19 00:03:23.823,pulse_batch,x,,,,,4,,20323,261,-573,77,77,,4967840786854,
2026-08-19 00:03:23.845,pulse_batch,x,,,,,4,,20327,265,-569,77,77,,4967863003541,
2026-08-19 00:03:23.866,pulse_batch,x,,,,,4,,20331,269,-565,77,77,,4967883730810,
2026-08-19 00:03:23.887,pulse_batch,x,,,,,4,,20335,273,-561,77,77,,4967904386893,
2026-08-19 00:03:23.907,pulse_batch,x,,,,,4,,20339,277,-557,77,77,,4967924970107,
2026-08-19 00:03:23.928,pulse_batch,x,,,,,4,,20343,281,-553,77,77,,4967945808134,
2026-08-19 00:03:23.949,pulse_batch,x,,,,,4,,20347,285,-549,77,77,,4967966496829,
2026-08-19 00:03:23.969,pulse_batch,x,,,,,4,,20351,289,-545,77,77,,4967987040932,
2026-08-19 00:03:23.992,pulse_batch,x,,,,,4,,20355,293,-541,77,77,,4968009755746,
2026-08-19 00:03:24.013,pulse_batch,x,,,,,4,,20359,297,-537,77,77,,4968030368774,
2026-08-19 00:03:24.033,pulse_batch,x,,,,,4,,20363,301,-533,77,77,,4968050922840,
2026-08-19 00:03:24.056,pulse_batch,x,,,,,4,,20367,305,-529,77,77,,4968073442766,
2026-08-19 00:03:24.077,pulse_batch,x,,,,,4,,20371,309,-525,77,77,,4968094320404,
2026-08-19 00:03:24.097,pulse_batch,x,,,,,4,,20375,313,-521,77,77,,4968114892636,
2026-08-19 00:03:24.118,pulse_batch,x,,,,,4,,20379,317,-517,77,77,,4968135973607,
2026-08-19 00:03:24.141,pulse_batch,x,,,,,4,,20383,321,-513,77,77,,4968158513996,
2026-08-19 00:03:24.161,pulse_batch,x,,,,,4,,20387,325,-509,77,77,,4968179104950,
2026-08-19 00:03:24.184,pulse_batch,x,,,,,4,,20391,329,-505,77,77,,4968201756876,
2026-08-19 00:03:24.206,pulse_batch,x,,,,,4,,20395,333,-501,77,77,,4968223727083,
2026-08-19 00:03:24.227,pulse_batch,x,,,,,4,,20399,337,-497,77,77,,4968244305871,
2026-08-19 00:03:24.249,pulse_batch,x,,,,,4,,20403,341,-493,77,77,,4968266229411,
2026-08-19 00:03:24.269,pulse_batch,x,,,,,4,,20407,345,-489,77,77,,4968287067975,
2026-08-19 00:03:24.290,pulse_batch,x,,,,,4,,20411,349,-485,77,77,,4968307678578,
2026-08-19 00:03:24.312,pulse_batch,x,,,,,4,,20415,353,-481,77,77,,4968330032949,
2026-08-19 00:03:24.333,pulse_batch,x,,,,,4,,20419,357,-477,77,77,,4968350707255,
2026-08-19 00:03:24.354,pulse_batch,x,,,,,4,,20423,361,-473,77,77,,4968371303913,
2026-08-19 00:03:24.374,pulse_batch,x,,,,,4,,20427,365,-469,77,77,,4968391931164,
2026-08-19 00:03:24.396,pulse_batch,x,,,,,4,,20431,369,-465,77,77,,4968413063078,
2026-08-19 00:03:24.416,pulse_batch,x,,,,,4,,20435,373,-461,77,77,,4968433666440,
2026-08-19 00:03:24.436,pulse_batch,x,,,,,4,,20439,377,-457,77,77,,4968454207820,
2026-08-19 00:03:24.459,pulse_batch,x,,,,,4,,20443,381,-453,77,77,,4968476641543,
2026-08-19 00:03:24.480,pulse_batch,x,,,,,4,,20447,385,-449,77,77,,4968497285423,
2026-08-19 00:03:24.500,pulse_batch,x,,,,,4,,20451,389,-445,77,77,,4968517852656,
2026-08-19 00:03:24.521,pulse_batch,x,,,,,4,,20455,393,-441,77,77,,4968538552776,
2026-08-19 00:03:24.542,pulse_batch,x,,,,,4,,20459,397,-437,77,77,,4968559328785,
2026-08-19 00:03:24.562,pulse_batch,x,,,,,4,,20463,401,-433,77,77,,4968579891443,
2026-08-19 00:03:24.585,pulse_batch,x,,,,,4,,20467,405,-429,77,77,,4968602306963,
2026-08-19 00:03:24.605,pulse_batch,x,,,,,4,,20471,409,-425,77,77,,4968623123323,
2026-08-19 00:03:24.626,pulse_batch,x,,,,,4,,20475,413,-421,77,77,,4968643691278,
2026-08-19 00:03:24.647,pulse_batch,x,,,,,4,,20479,417,-417,77,77,,4968664366695,
2026-08-19 00:03:24.668,pulse_batch,x,,,,,4,,20483,421,-413,77,77,,4968685264648,
2026-08-19 00:03:24.688,pulse_batch,x,,,,,4,,20487,425,-409,77,77,,4968705887917,
2026-08-19 00:03:24.709,pulse_batch,x,,,,,4,,20491,429,-405,77,77,,4968726701370,
2026-08-19 00:03:24.732,pulse_batch,x,,,,,4,,20495,433,-401,77,77,,4968749833571,
2026-08-19 00:03:24.753,pulse_batch,x,,,,,4,,20499,437,-397,77,77,,4968770434766,
2026-08-19 00:03:24.774,pulse_batch,x,,,,,4,,20503,441,-393,77,77,,4968792115030,
2026-08-19 00:03:24.782,pulse_batch,x,,,,,1,,20504,442,-392,77,77,,4968799993324,
2026-08-19 00:03:24.783,continuous_stop,x,,,,,,1,20504,442,-392,77,77,,4968800628544,
2026-08-19 00:03:25.450,continuous_start,x,,,,,,-1,20504,442,-392,77,77,,4969467958412,
2026-08-19 00:03:25.453,pulse_batch,x,,,,,-1,,20505,441,-392,76,77,,4969470824231,
2026-08-19 00:03:25.474,pulse_batch,x,,,,,-4,,20509,437,-392,72,77,,4969491465926,
2026-08-19 00:03:25.494,pulse_batch,x,,,,,-4,,20513,433,-392,68,77,,4969511995862,
2026-08-19 00:03:25.517,pulse_batch,x,,,,,-4,,20517,429,-392,64,77,,4969535185729,
2026-08-19 00:03:25.538,pulse_batch,x,,,,,-4,,20521,425,-392,60,77,,4969556033312,
2026-08-19 00:03:25.559,pulse_batch,x,,,,,-4,,20525,421,-392,56,77,,4969576681099,
2026-08-19 00:03:25.581,pulse_batch,x,,,,,-4,,20529,417,-392,52,77,,4969598373289,
2026-08-19 00:03:25.601,pulse_batch,x,,,,,-4,,20533,413,-392,48,77,,4969619155039,
2026-08-19 00:03:25.622,pulse_batch,x,,,,,-4,,20537,409,-392,44,77,,4969639817900,
2026-08-19 00:03:25.643,pulse_batch,x,,,,,-4,,20541,405,-392,40,77,,4969660749983,
2026-08-19 00:03:25.665,pulse_batch,x,,,,,-4,,20545,401,-392,36,77,,4969682967373,
2026-08-19 00:03:25.686,pulse_batch,x,,,,,-4,,20549,397,-392,32,77,,4969703578142,
2026-08-19 00:03:25.706,pulse_batch,x,,,,,-4,,20553,393,-392,28,77,,4969724162134,
2026-08-19 00:03:25.727,pulse_batch,x,,,,,-4,,20557,389,-392,24,77,,4969744997309,
2026-08-19 00:03:25.748,pulse_batch,x,,,,,-4,,20561,385,-392,20,77,,4969765640356,
2026-08-19 00:03:25.768,pulse_batch,x,,,,,-4,,20565,381,-392,16,77,,4969786162348,
2026-08-19 00:03:25.792,pulse_batch,x,,,,,-4,,20569,377,-392,12,77,,4969809267512,
2026-08-19 00:03:25.812,pulse_batch,x,,,,,-4,,20573,373,-392,8,77,,4969830153576,
2026-08-19 00:03:25.833,pulse_batch,x,,,,,-4,,20577,369,-392,4,77,,4969850681605,
2026-08-19 00:03:25.855,pulse_batch,x,,,,,-4,,20581,365,-392,0,77,,4969872592775,
2026-08-19 00:03:25.876,pulse_batch,x,,,,,-4,,20585,361,-396,0,77,,4969893330895,
2026-08-19 00:03:25.896,pulse_batch,x,,,,,-4,,20589,357,-400,0,77,,4969913899405,
2026-08-19 00:03:25.917,pulse_batch,x,,,,,-4,,20593,353,-404,0,77,,4969934684877,
2026-08-19 00:03:25.938,pulse_batch,x,,,,,-4,,20597,349,-408,0,77,,4969955426386,
2026-08-19 00:03:25.958,pulse_batch,x,,,,,-4,,20601,345,-412,0,77,,4969976037359,
2026-08-19 00:03:25.981,pulse_batch,x,,,,,-4,,20605,341,-416,0,77,,4969998365749,
2026-08-19 00:03:26.001,pulse_batch,x,,,,,-4,,20609,337,-420,0,77,,4970019050536,
2026-08-19 00:03:26.022,pulse_batch,x,,,,,-4,,20613,333,-424,0,77,,4970039674991,
2026-08-19 00:03:26.043,pulse_batch,x,,,,,-4,,20617,329,-428,0,77,,4970060277056,
2026-08-19 00:03:26.063,pulse_batch,x,,,,,-4,,20621,325,-432,0,77,,4970081136305,
2026-08-19 00:03:26.084,pulse_batch,x,,,,,-4,,20625,321,-436,0,77,,4970101823518,
2026-08-19 00:03:26.105,pulse_batch,x,,,,,-4,,20629,317,-440,0,77,,4970122362158,
2026-08-19 00:03:26.128,pulse_batch,x,,,,,-4,,20633,313,-444,0,77,,4970145434749,
2026-08-19 00:03:26.148,pulse_batch,x,,,,,-4,,20637,309,-448,0,77,,4970166168147,
2026-08-19 00:03:26.169,pulse_batch,x,,,,,-4,,20641,305,-452,0,77,,4970186699990,
2026-08-19 00:03:26.192,pulse_batch,x,,,,,-4,,20645,301,-456,0,77,,4970209587137,
2026-08-19 00:03:26.213,pulse_batch,x,,,,,-4,,20649,297,-460,0,77,,4970230345609,
2026-08-19 00:03:26.233,pulse_batch,x,,,,,-4,,20653,293,-464,0,77,,4970251035878,
2026-08-19 00:03:26.257,pulse_batch,x,,,,,-4,,20657,289,-468,0,77,,4970274645169,
2026-08-19 00:03:26.278,pulse_batch,x,,,,,-4,,20661,285,-472,0,77,,4970295390530,
2026-08-19 00:03:26.298,pulse_batch,x,,,,,-4,,20665,281,-476,0,77,,4970315970762,
2026-08-19 00:03:26.319,pulse_batch,x,,,,,-4,,20669,277,-480,0,77,,4970336897474,
2026-08-19 00:03:26.343,pulse_batch,x,,,,,-4,,20673,273,-484,0,77,,4970361112966,
2026-08-19 00:03:26.364,pulse_batch,x,,,,,-4,,20677,269,-488,0,77,,4970381706532,
2026-08-19 00:03:26.386,pulse_batch,x,,,,,-4,,20681,265,-492,0,77,,4970403421277,
2026-08-19 00:03:26.406,pulse_batch,x,,,,,-4,,20685,261,-496,0,77,,4970424177712,
2026-08-19 00:03:26.427,pulse_batch,x,,,,,-4,,20689,257,-500,0,77,,4970444857925,
2026-08-19 00:03:26.450,pulse_batch,x,,,,,-4,,20693,253,-504,0,77,,4970467240297,
2026-08-19 00:03:26.470,pulse_batch,x,,,,,-4,,20697,249,-508,0,77,,4970487916806,
2026-08-19 00:03:26.491,pulse_batch,x,,,,,-4,,20701,245,-512,0,77,,4970508505427,
2026-08-19 00:03:26.512,pulse_batch,x,,,,,-4,,20705,241,-516,0,77,,4970529344714,
2026-08-19 00:03:26.536,pulse_batch,x,,,,,-4,,20709,237,-520,0,77,,4970553320577,
2026-08-19 00:03:26.556,pulse_batch,x,,,,,-4,,20713,233,-524,0,77,,4970573946235,
2026-08-19 00:03:26.577,pulse_batch,x,,,,,-4,,20717,229,-528,0,77,,4970594516616,
2026-08-19 00:03:26.602,pulse_batch,x,,,,,-4,,20721,225,-532,0,77,,4970620129082,
2026-08-19 00:03:26.623,pulse_batch,x,,,,,-4,,20725,221,-536,0,77,,4970640758240,
2026-08-19 00:03:26.644,pulse_batch,x,,,,,-4,,20729,217,-540,0,77,,4970661352694,
2026-08-19 00:03:26.665,pulse_batch,x,,,,,-4,,20733,213,-544,0,77,,4970682990681,
2026-08-19 00:03:26.686,pulse_batch,x,,,,,-4,,20737,209,-548,0,77,,4970703618950,
2026-08-19 00:03:26.707,pulse_batch,x,,,,,-4,,20741,205,-552,0,77,,4970724333959,
2026-08-19 00:03:26.729,pulse_batch,x,,,,,-4,,20745,201,-556,0,77,,4970746487072,
2026-08-19 00:03:26.750,pulse_batch,x,,,,,-4,,20749,197,-560,0,77,,4970767620580,
2026-08-19 00:03:26.771,pulse_batch,x,,,,,-4,,20753,193,-564,0,77,,4970788393403,
2026-08-19 00:03:26.795,pulse_batch,x,,,,,-4,,20757,189,-568,0,77,,4970812297582,
2026-08-19 00:03:26.818,pulse_batch,x,,,,,-4,,20761,185,-572,0,77,,4970835673467,
2026-08-19 00:03:26.839,pulse_batch,x,,,,,-4,,20765,181,-576,0,77,,4970856325070,
2026-08-19 00:03:26.862,pulse_batch,x,,,,,-4,,20769,177,-580,0,77,,4970880073657,
2026-08-19 00:03:26.883,pulse_batch,x,,,,,-4,,20773,173,-584,0,77,,4970900888036,
2026-08-19 00:03:26.904,pulse_batch,x,,,,,-4,,20777,169,-588,0,77,,4970921488398,
2026-08-19 00:03:26.926,pulse_batch,x,,,,,-4,,20781,165,-592,0,77,,4970943794158,
2026-08-19 00:03:26.949,pulse_batch,x,,,,,-4,,20785,161,-596,0,77,,4970966443214,
2026-08-19 00:03:26.969,pulse_batch,x,,,,,-4,,20789,157,-600,0,77,,4970987124816,
2026-08-19 00:03:26.992,pulse_batch,x,,,,,-4,,20793,153,-604,0,77,,4971009274929,
2026-08-19 00:03:27.015,pulse_batch,x,,,,,-4,,20797,149,-608,0,77,,4971033131071,
2026-08-19 00:03:27.036,pulse_batch,x,,,,,-4,,20801,145,-612,0,77,,4971053757766,
2026-08-19 00:03:27.058,pulse_batch,x,,,,,-4,,20805,141,-616,0,77,,4971075774399,
2026-08-19 00:03:27.079,pulse_batch,x,,,,,-4,,20809,137,-620,0,77,,4971097080368,
2026-08-19 00:03:27.100,pulse_batch,x,,,,,-4,,20813,133,-624,0,77,,4971117657415,
2026-08-19 00:03:27.124,pulse_batch,x,,,,,-4,,20817,129,-628,0,77,,4971141342317,
2026-08-19 00:03:27.144,pulse_batch,x,,,,,-4,,20821,125,-632,0,77,,4971162108289,
2026-08-19 00:03:27.165,pulse_batch,x,,,,,-4,,20825,121,-636,0,77,,4971182729540,
2026-08-19 00:03:27.188,pulse_batch,x,,,,,-4,,20829,117,-640,0,77,,4971205845482,
2026-08-19 00:03:27.209,pulse_batch,x,,,,,-4,,20833,113,-644,0,77,,4971226537287,
2026-08-19 00:03:27.229,pulse_batch,x,,,,,-4,,20837,109,-648,0,77,,4971247148982,
2026-08-19 00:03:27.250,pulse_batch,x,,,,,-4,,20841,105,-652,0,77,,4971268205971,
2026-08-19 00:03:27.273,pulse_batch,x,,,,,-4,,20845,101,-656,0,77,,4971290654602,
2026-08-19 00:03:27.294,pulse_batch,x,,,,,-4,,20849,97,-660,0,77,,4971311264056,
2026-08-19 00:03:27.318,pulse_batch,x,,,,,-4,,20853,93,-664,0,77,,4971335594288,
2026-08-19 00:03:27.321,continuous_stop,x,,,,,,-1,20853,93,-664,0,77,,4971338335608,
2026-08-19 00:03:27.789,continuous_start,x,,,,,,-1,20853,93,-664,0,77,,4971806337586,
2026-08-19 00:03:27.791,pulse_batch,x,,,,,-1,,20854,92,-665,0,77,,4971809153943,
2026-08-19 00:03:27.813,pulse_batch,x,,,,,-4,,20858,88,-669,0,77,,4971830337061,
2026-08-19 00:03:27.833,pulse_batch,x,,,,,-4,,20862,84,-673,0,77,,4971850956737,
2026-08-19 00:03:27.854,pulse_batch,x,,,,,-3,,20865,81,-676,0,77,,4971871580562,
2026-08-19 00:03:27.856,continuous_stop,x,,,,,,-1,20865,81,-676,0,77,,4971874218753,
2026-08-19 00:03:28.922,continuous_start,x,,,,,,-1,20865,81,-676,0,77,,4972939577166,
2026-08-19 00:03:28.925,pulse_batch,x,,,,,-1,,20866,80,-677,0,77,,4972942506781,
2026-08-19 00:03:28.945,pulse_batch,x,,,,,-4,,20870,76,-681,0,77,,4972963240327,
2026-08-19 00:03:28.966,pulse_batch,x,,,,,-4,,20874,72,-685,0,77,,4972983922207,
2026-08-19 00:03:28.988,pulse_batch,x,,,,,-4,,20878,68,-689,0,77,,4973005661137,
2026-08-19 00:03:28.990,continuous_stop,x,,,,,,-1,20878,68,-689,0,77,,4973008251180,
2026-08-19 00:03:37.395,continuous_start,x,,,,,,-1,20878,68,-689,0,77,,4981412705734,
2026-08-19 00:03:37.398,pulse_batch,x,,,,,-1,,20879,67,-690,0,77,,4981415481165,
2026-08-19 00:03:37.419,pulse_batch,x,,,,,-4,,20883,63,-694,0,77,,4981437065929,
2026-08-19 00:03:37.440,pulse_batch,x,,,,,-4,,20887,59,-698,0,77,,4981457645569,
2026-08-19 00:03:37.461,pulse_batch,x,,,,,-4,,20891,55,-702,0,77,,4981478937798,
2026-08-19 00:03:37.482,pulse_batch,x,,,,,-4,,20895,51,-706,0,77,,4981499741566,
2026-08-19 00:03:37.503,pulse_batch,x,,,,,-4,,20899,47,-710,0,77,,4981520316632,
2026-08-19 00:03:37.525,pulse_batch,x,,,,,-4,,20903,43,-714,0,77,,4981542674170,
2026-08-19 00:03:37.548,pulse_batch,x,,,,,-4,,20907,39,-718,0,77,,4981565327911,
2026-08-19 00:03:37.568,pulse_batch,x,,,,,-4,,20911,35,-722,0,77,,4981585958717,
2026-08-19 00:03:37.589,pulse_batch,x,,,,,-4,,20915,31,-726,0,77,,4981606653596,
2026-08-19 00:03:37.610,pulse_batch,x,,,,,-4,,20919,27,-730,0,77,,4981627819530,
2026-08-19 00:03:37.631,pulse_batch,x,,,,,-4,,20923,23,-734,0,77,,4981648393614,
2026-08-19 00:03:37.651,pulse_batch,x,,,,,-4,,20927,19,-738,0,77,,4981669243067,
2026-08-19 00:03:37.674,pulse_batch,x,,,,,-4,,20931,15,-742,0,77,,4981691993196,
2026-08-19 00:03:37.695,pulse_batch,x,,,,,-4,,20935,11,-746,0,77,,4981712655298,
2026-08-19 00:03:37.715,pulse_batch,x,,,,,-4,,20939,7,-750,0,77,,4981733251012,
2026-08-19 00:03:37.738,pulse_batch,x,,,,,-4,,20943,3,-754,0,77,,4981755767124,
2026-08-19 00:03:37.759,pulse_batch,x,,,,,-4,,20947,-1,-758,0,77,,4981776413411,
2026-08-19 00:03:37.779,pulse_batch,x,,,,,-4,,20951,-5,-762,0,77,,4981796950236,
2026-08-19 00:03:37.800,pulse_batch,x,,,,,-4,,20955,-9,-766,0,77,,4981817682968,
2026-08-19 00:03:37.821,pulse_batch,x,,,,,-4,,20959,-13,-770,0,77,,4981838502662,
2026-08-19 00:03:37.841,pulse_batch,x,,,,,-4,,20963,-17,-774,0,77,,4981859032691,
2026-08-19 00:03:37.864,pulse_batch,x,,,,,-4,,20967,-21,-778,0,77,,4981881666913,
2026-08-19 00:03:37.885,pulse_batch,x,,,,,-4,,20971,-25,-782,0,77,,4981902400700,
2026-08-19 00:03:37.905,pulse_batch,x,,,,,-4,,20975,-29,-786,0,77,,4981922978192,
2026-08-19 00:03:37.928,pulse_batch,x,,,,,-4,,20979,-33,-790,0,77,,4981946232892,
2026-08-19 00:03:37.949,pulse_batch,x,,,,,-4,,20983,-37,-794,0,77,,4981966950235,
2026-08-19 00:03:37.970,pulse_batch,x,,,,,-4,,20987,-41,-798,0,77,,4981987603393,
2026-08-19 00:03:37.991,pulse_batch,x,,,,,-4,,20991,-45,-802,0,77,,4982008546142,
2026-08-19 00:03:38.014,pulse_batch,x,,,,,-4,,20995,-49,-806,0,77,,4982032069749,
2026-08-19 00:03:38.035,pulse_batch,x,,,,,-4,,20999,-53,-810,0,77,,4982052700332,
2026-08-19 00:03:38.056,pulse_batch,x,,,,,-4,,21003,-57,-814,0,77,,4982073316342,
2026-08-19 00:03:38.078,pulse_batch,x,,,,,-4,,21007,-61,-818,0,77,,4982095289883,
2026-08-19 00:03:38.098,pulse_batch,x,,,,,-4,,21011,-65,-822,0,77,,4982115945263,
2026-08-19 00:03:38.119,pulse_batch,x,,,,,-4,,21015,-69,-826,0,77,,4982136717550,
2026-08-19 00:03:38.140,pulse_batch,x,,,,,-4,,21019,-73,-830,0,77,,4982158201481,
2026-08-19 00:03:38.161,pulse_batch,x,,,,,-4,,21023,-77,-834,0,77,,4982178943139,
2026-08-19 00:03:38.182,pulse_batch,x,,,,,-4,,21027,-81,-838,0,77,,4982199556093,
2026-08-19 00:03:38.204,pulse_batch,x,,,,,-4,,21031,-85,-842,0,77,,4982222200241,
2026-08-19 00:03:38.225,pulse_batch,x,,,,,-4,,21035,-89,-846,0,77,,4982243167768,
2026-08-19 00:03:38.246,pulse_batch,x,,,,,-4,,21039,-93,-850,0,77,,4982263773944,
2026-08-19 00:03:38.269,pulse_batch,x,,,,,-4,,21043,-97,-854,0,77,,4982286962164,
2026-08-19 00:03:38.290,pulse_batch,x,,,,,-4,,21047,-101,-858,0,77,,4982307718210,
2026-08-19 00:03:38.311,pulse_batch,x,,,,,-4,,21051,-105,-862,0,77,,4982328317053,
2026-08-19 00:03:38.333,pulse_batch,x,,,,,-4,,21055,-109,-866,0,77,,4982350751740,
2026-08-19 00:03:38.354,pulse_batch,x,,,,,-4,,21059,-113,-870,0,77,,4982371438749,
2026-08-19 00:03:38.374,pulse_batch,x,,,,,-4,,21063,-117,-874,0,77,,4982392035426,
2026-08-19 00:03:38.397,pulse_batch,x,,,,,-4,,21067,-121,-878,0,77,,4982414958202,
2026-08-19 00:03:38.419,pulse_batch,x,,,,,-4,,21071,-125,-882,0,77,,4982437227982,
2026-08-19 00:03:38.440,pulse_batch,x,,,,,-4,,21075,-129,-886,0,77,,4982457871510,
2026-08-19 00:03:38.462,pulse_batch,x,,,,,-4,,21079,-133,-890,0,77,,4982479444756,
2026-08-19 00:03:38.483,pulse_batch,x,,,,,-4,,21083,-137,-894,0,77,,4982500322283,
2026-08-19 00:03:38.503,pulse_batch,x,,,,,-4,,21087,-141,-898,0,77,,4982520989608,
2026-08-19 00:03:38.526,pulse_batch,x,,,,,-4,,21091,-145,-902,0,77,,4982541718895,
2026-08-19 00:03:38.545,pulse_batch,x,,,,,-4,,21095,-149,-906,0,77,,4982562523644,
2026-08-19 00:03:38.565,pulse_batch,x,,,,,-4,,21099,-153,-910,0,77,,4982583119099,
2026-08-19 00:03:38.586,pulse_batch,x,,,,,-4,,21103,-157,-914,0,77,,4982603676702,
2026-08-19 00:03:38.608,pulse_batch,x,,,,,-4,,21107,-161,-918,0,77,,4982625766797,
2026-08-19 00:03:38.629,pulse_batch,x,,,,,-4,,21111,-165,-922,0,77,,4982646629435,
2026-08-19 00:03:38.649,pulse_batch,x,,,,,-4,,21115,-169,-926,0,77,,4982667198334,
2026-08-19 00:03:38.670,pulse_batch,x,,,,,-4,,21119,-173,-930,0,77,,4982688016769,
2026-08-19 00:03:38.691,pulse_batch,x,,,,,-4,,21123,-177,-934,0,77,,4982708966407,
2026-08-19 00:03:38.712,pulse_batch,x,,,,,-4,,21127,-181,-938,0,77,,4982729496325,
2026-08-19 00:03:38.734,pulse_batch,x,,,,,-4,,21131,-185,-942,0,77,,4982751774123,
2026-08-19 00:03:38.755,pulse_batch,x,,,,,-4,,21135,-189,-946,0,77,,4982772442280,
2026-08-19 00:03:38.775,pulse_batch,x,,,,,-4,,21139,-193,-950,0,77,,4982792984902,
2026-08-19 00:03:38.798,pulse_batch,x,,,,,-4,,21143,-197,-954,0,77,,4982815651939,
2026-08-19 00:03:38.819,pulse_batch,x,,,,,-4,,21147,-201,-958,0,77,,4982836333689,
2026-08-19 00:03:38.839,pulse_batch,x,,,,,-4,,21151,-205,-962,0,77,,4982857035606,
2026-08-19 00:03:38.861,pulse_batch,x,,,,,-4,,21155,-209,-966,0,77,,4982878586537,
2026-08-19 00:03:38.882,pulse_batch,x,,,,,-4,,21159,-213,-970,0,77,,4982899279769,
2026-08-19 00:03:38.902,pulse_batch,x,,,,,-4,,21163,-217,-974,0,77,,4982919849742,
2026-08-19 00:03:38.926,pulse_batch,x,,,,,-4,,21167,-221,-978,0,77,,4982943998957,
2026-08-19 00:03:38.947,pulse_batch,x,,,,,-4,,21171,-225,-982,0,77,,4982964825743,
2026-08-19 00:03:38.968,pulse_batch,x,,,,,-4,,21175,-229,-986,0,77,,4982985492031,
2026-08-19 00:03:38.988,pulse_batch,x,,,,,-4,,21179,-233,-990,0,77,,4983006101633,
2026-08-19 00:03:39.009,pulse_batch,x,,,,,-4,,21183,-237,-994,0,77,,4983027063012,
2026-08-19 00:03:39.030,pulse_batch,x,,,,,-4,,21187,-241,-998,0,77,,4983047830262,
2026-08-19 00:03:39.051,pulse_batch,x,,,,,-4,,21191,-245,-1002,0,77,,4983068418402,
2026-08-19 00:03:39.073,pulse_batch,x,,,,,-4,,21195,-249,-1006,0,77,,4983090405479,
2026-08-19 00:03:39.093,pulse_batch,x,,,,,-4,,21199,-253,-1010,0,77,,4983111057044,
2026-08-19 00:03:39.114,pulse_batch,x,,,,,-4,,21203,-257,-1014,0,77,,4983131567147,
2026-08-19 00:03:39.135,pulse_batch,x,,,,,-4,,21207,-261,-1018,0,77,,4983152338286,
2026-08-19 00:03:39.155,pulse_batch,x,,,,,-4,,21211,-265,-1022,0,77,,4983173115554,
2026-08-19 00:03:39.176,pulse_batch,x,,,,,-4,,21215,-269,-1026,0,77,,4983193671731,
2026-08-19 00:03:39.198,pulse_batch,x,,,,,-4,,21219,-273,-1030,0,77,,4983215939603,
2026-08-19 00:03:39.219,pulse_batch,x,,,,,-4,,21223,-277,-1034,0,77,,4983236631779,
2026-08-19 00:03:39.239,pulse_batch,x,,,,,-4,,21227,-281,-1038,0,77,,4983257220938,
2026-08-19 00:03:39.260,pulse_batch,x,,,,,-4,,21231,-285,-1042,0,77,,4983277907429,
2026-08-19 00:03:39.281,pulse_batch,x,,,,,-4,,21235,-289,-1046,0,77,,4983298696104,
2026-08-19 00:03:39.302,pulse_batch,x,,,,,-4,,21239,-293,-1050,0,77,,4983319304151,
2026-08-19 00:03:39.322,pulse_batch,x,,,,,-4,,21243,-297,-1054,0,77,,4983339874513,
2026-08-19 00:03:39.345,pulse_batch,x,,,,,-4,,21247,-301,-1058,0,77,,4983362510625,
2026-08-19 00:03:39.365,pulse_batch,x,,,,,-4,,21251,-305,-1062,0,77,,4983383133227,
2026-08-19 00:03:39.386,pulse_batch,x,,,,,-4,,21255,-309,-1066,0,77,,4983403686108,
2026-08-19 00:03:39.407,pulse_batch,x,,,,,-4,,21259,-313,-1070,0,77,,4983424386839,
2026-08-19 00:03:39.427,pulse_batch,x,,,,,-4,,21263,-317,-1074,0,77,,4983445209052,
2026-08-19 00:03:39.448,pulse_batch,x,,,,,-4,,21267,-321,-1078,0,77,,4983465854395,
2026-08-19 00:03:39.469,pulse_batch,x,,,,,-4,,21271,-325,-1082,0,77,,4983486756033,
2026-08-19 00:03:39.490,pulse_batch,x,,,,,-4,,21275,-329,-1086,0,77,,4983507495042,
2026-08-19 00:03:39.510,pulse_batch,x,,,,,-4,,21279,-333,-1090,0,77,,4983528160256,
2026-08-19 00:03:39.532,pulse_batch,x,,,,,-4,,21283,-337,-1094,0,77,,4983549650261,
2026-08-19 00:03:39.553,pulse_batch,x,,,,,-4,,21287,-341,-1098,0,77,,4983570354141,
2026-08-19 00:03:39.573,pulse_batch,x,,,,,-4,,21291,-345,-1102,0,77,,4983590939207,
2026-08-19 00:03:39.596,pulse_batch,x,,,,,-4,,21295,-349,-1106,0,77,,4983613353856,
2026-08-19 00:03:39.598,continuous_stop,x,,,,,,-1,21295,-349,-1106,0,77,,4983615980936,
2026-08-19 00:03:40.064,continuous_start,x,,,,,,1,21295,-349,-1106,0,77,,4984081952630,
2026-08-19 00:03:40.067,pulse_batch,x,,,,,1,,21296,-348,-1106,1,77,,4984084794783,
2026-08-19 00:03:40.088,pulse_batch,x,,,,,4,,21300,-344,-1106,5,77,,4984105444644,
2026-08-19 00:03:40.108,pulse_batch,x,,,,,4,,21304,-340,-1106,9,77,,4984126004414,
2026-08-19 00:03:40.130,pulse_batch,x,,,,,4,,21308,-336,-1106,13,77,,4984147707863,
2026-08-19 00:03:40.151,pulse_batch,x,,,,,4,,21312,-332,-1106,17,77,,4984168445705,
2026-08-19 00:03:40.171,pulse_batch,x,,,,,4,,21316,-328,-1106,21,77,,4984189037364,
2026-08-19 00:03:40.192,pulse_batch,x,,,,,4,,21320,-324,-1106,25,77,,4984209619781,
2026-08-19 00:03:40.213,pulse_batch,x,,,,,4,,21324,-320,-1106,29,77,,4984230408772,
2026-08-19 00:03:40.233,pulse_batch,x,,,,,4,,21328,-316,-1106,33,77,,4984250996911,
2026-08-19 00:03:40.254,pulse_batch,x,,,,,4,,21332,-312,-1106,37,77,,4984271608625,
2026-08-19 00:03:40.275,pulse_batch,x,,,,,4,,21336,-308,-1106,41,77,,4984292411764,
2026-08-19 00:03:40.295,pulse_batch,x,,,,,4,,21340,-304,-1106,45,77,,4984313066773,
2026-08-19 00:03:40.316,pulse_batch,x,,,,,4,,21344,-300,-1106,49,77,,4984333580006,
2026-08-19 00:03:40.338,pulse_batch,x,,,,,4,,21348,-296,-1106,53,77,,4984355536028,
2026-08-19 00:03:40.362,pulse_batch,x,,,,,4,,21352,-292,-1106,57,77,,4984379501392,
2026-08-19 00:03:40.382,pulse_batch,x,,,,,4,,21356,-288,-1106,61,77,,4984400029124,
2026-08-19 00:03:40.403,pulse_batch,x,,,,,4,,21360,-284,-1106,65,77,,4984420732282,
2026-08-19 00:03:40.424,pulse_batch,x,,,,,4,,21364,-280,-1106,69,77,,4984441513902,
2026-08-19 00:03:40.444,pulse_batch,x,,,,,4,,21368,-276,-1106,73,77,,4984462082653,
2026-08-19 00:03:40.466,pulse_batch,x,,,,,4,,21372,-272,-1106,77,77,,4984484188156,
2026-08-19 00:03:40.489,pulse_batch,x,,,,,4,,21376,-268,-1102,77,77,,4984506527675,
2026-08-19 00:03:40.509,pulse_batch,x,,,,,4,,21380,-264,-1098,77,77,,4984527092926,
2026-08-19 00:03:40.531,pulse_batch,x,,,,,4,,21384,-260,-1094,77,77,,4984548416470,
2026-08-19 00:03:40.554,pulse_batch,x,,,,,4,,21388,-256,-1090,77,77,,4984571958540,
2026-08-19 00:03:40.575,pulse_batch,x,,,,,4,,21392,-252,-1086,77,77,,4984592538050,
2026-08-19 00:03:40.597,pulse_batch,x,,,,,4,,21396,-248,-1082,77,77,,4984615020569,
2026-08-19 00:03:40.619,pulse_batch,x,,,,,4,,21400,-244,-1078,77,77,,4984637083368,
2026-08-19 00:03:40.640,pulse_batch,x,,,,,4,,21404,-240,-1074,77,77,,4984657657415,
2026-08-19 00:03:40.662,pulse_batch,x,,,,,4,,21408,-236,-1070,77,77,,4984679370605,
2026-08-19 00:03:40.685,pulse_batch,x,,,,,4,,21412,-232,-1066,77,77,,4984702536602,
2026-08-19 00:03:40.705,pulse_batch,x,,,,,4,,21416,-228,-1062,77,77,,4984723103483,
2026-08-19 00:03:40.728,pulse_batch,x,,,,,4,,21420,-224,-1058,77,77,,4984743669215,
2026-08-19 00:03:40.747,pulse_batch,x,,,,,4,,21424,-220,-1054,77,77,,4984764536798,
2026-08-19 00:03:40.767,pulse_batch,x,,,,,4,,21428,-216,-1050,77,77,,4984785171900,
2026-08-19 00:03:40.788,pulse_batch,x,,,,,4,,21432,-212,-1046,77,77,,4984805731503,
2026-08-19 00:03:40.811,pulse_batch,x,,,,,4,,21436,-208,-1042,77,77,,4984828446855,
2026-08-19 00:03:40.831,pulse_batch,x,,,,,4,,21440,-204,-1038,77,77,,4984849062124,
2026-08-19 00:03:40.852,pulse_batch,x,,,,,4,,21444,-200,-1034,77,77,,4984869592653,
2026-08-19 00:03:40.873,pulse_batch,x,,,,,4,,21448,-196,-1030,77,77,,4984890411736,
2026-08-19 00:03:40.893,pulse_batch,x,,,,,4,,21452,-192,-1026,77,77,,4984911140412,
2026-08-19 00:03:40.914,pulse_batch,x,,,,,4,,21456,-188,-1022,77,77,,4984931680885,
2026-08-19 00:03:40.936,pulse_batch,x,,,,,4,,21460,-184,-1018,77,77,,4984953452297,
2026-08-19 00:03:40.956,pulse_batch,x,,,,,4,,21464,-180,-1014,77,77,,4984974181491,
2026-08-19 00:03:40.977,pulse_batch,x,,,,,4,,21468,-176,-1010,77,77,,4984994734501,
2026-08-19 00:03:40.998,pulse_batch,x,,,,,4,,21472,-172,-1006,77,77,,4985015415585,
2026-08-19 00:03:41.018,pulse_batch,x,,,,,4,,21476,-168,-1002,77,77,,4985036090206,
2026-08-19 00:03:41.039,pulse_batch,x,,,,,4,,21480,-164,-998,77,77,,4985056668290,
2026-08-19 00:03:41.060,pulse_batch,x,,,,,4,,21484,-160,-994,77,77,,4985077284504,
2026-08-19 00:03:41.080,pulse_batch,x,,,,,4,,21488,-156,-990,77,77,,4985098049124,
2026-08-19 00:03:41.101,pulse_batch,x,,,,,4,,21492,-152,-986,77,77,,4985118657393,
2026-08-19 00:03:41.121,pulse_batch,x,,,,,4,,21496,-148,-982,77,77,,4985139235014,
2026-08-19 00:03:41.145,pulse_batch,x,,,,,4,,21500,-144,-978,77,77,,4985162560029,
2026-08-19 00:03:41.165,pulse_batch,x,,,,,4,,21504,-140,-974,77,77,,4985183236243,
2026-08-19 00:03:41.186,pulse_batch,x,,,,,4,,21508,-136,-970,77,77,,4985203750605,
2026-08-19 00:03:41.209,pulse_batch,x,,,,,4,,21512,-132,-966,77,77,,4985226792177,
2026-08-19 00:03:41.230,pulse_batch,x,,,,,4,,21516,-128,-962,77,77,,4985247408780,
2026-08-19 00:03:41.250,pulse_batch,x,,,,,4,,21520,-124,-958,77,77,,4985267922586,
2026-08-19 00:03:41.272,pulse_batch,x,,,,,4,,21524,-120,-954,77,77,,4985290211236,
2026-08-19 00:03:41.293,pulse_batch,x,,,,,4,,21528,-116,-950,77,77,,4985310874005,
2026-08-19 00:03:41.314,pulse_batch,x,,,,,4,,21532,-112,-946,77,77,,4985331425423,
2026-08-19 00:03:41.337,pulse_batch,x,,,,,4,,21536,-108,-942,77,77,,4985354852697,
2026-08-19 00:03:41.358,pulse_batch,x,,,,,4,,21540,-104,-938,77,77,,4985375649798,
2026-08-19 00:03:41.378,pulse_batch,x,,,,,4,,21544,-100,-934,77,77,,4985396215938,
2026-08-19 00:03:41.401,pulse_batch,x,,,,,4,,21548,-96,-930,77,77,,4985418584477,
2026-08-19 00:03:41.421,pulse_batch,x,,,,,4,,21552,-92,-926,77,77,,4985439245746,
2026-08-19 00:03:41.442,pulse_batch,x,,,,,4,,21556,-88,-922,77,77,,4985459807330,
2026-08-19 00:03:41.465,pulse_batch,x,,,,,4,,21560,-84,-918,77,77,,4985482333164,
2026-08-19 00:03:41.485,pulse_batch,x,,,,,4,,21564,-80,-914,77,77,,4985502971729,
2026-08-19 00:03:41.506,pulse_batch,x,,,,,4,,21568,-76,-910,77,77,,4985523527258,
2026-08-19 00:03:41.529,pulse_batch,x,,,,,4,,21572,-72,-906,77,77,,4985546331720,
2026-08-19 00:03:41.549,pulse_batch,x,,,,,4,,21576,-68,-902,77,77,,4985567073600,
2026-08-19 00:03:41.570,pulse_batch,x,,,,,4,,21580,-64,-898,77,77,,4985587746498,
2026-08-19 00:03:41.591,pulse_batch,x,,,,,4,,21584,-60,-894,77,77,,4985608319545,
2026-08-19 00:03:41.612,pulse_batch,x,,,,,4,,21588,-56,-890,77,77,,4985629298257,
2026-08-19 00:03:41.632,pulse_batch,x,,,,,4,,21592,-52,-886,77,77,,4985649959582,
2026-08-19 00:03:41.653,pulse_batch,x,,,,,4,,21596,-48,-882,77,77,,4985670508648,
2026-08-19 00:03:41.675,pulse_batch,x,,,,,4,,21600,-44,-878,77,77,,4985692798686,
2026-08-19 00:03:41.696,pulse_batch,x,,,,,4,,21604,-40,-874,77,77,,4985713533473,
2026-08-19 00:03:41.716,pulse_batch,x,,,,,4,,21608,-36,-870,77,77,,4985734061299,
2026-08-19 00:03:41.737,pulse_batch,x,,,,,4,,21612,-32,-866,77,77,,4985754790401,
2026-08-19 00:03:41.758,pulse_batch,x,,,,,4,,21616,-28,-862,77,77,,4985775710798,
2026-08-19 00:03:41.779,pulse_batch,x,,,,,4,,21620,-24,-858,77,77,,4985796309938,
2026-08-19 00:03:41.801,pulse_batch,x,,,,,4,,21624,-20,-854,77,77,,4985818840568,
2026-08-19 00:03:41.822,pulse_batch,x,,,,,4,,21628,-16,-850,77,77,,4985839508151,
2026-08-19 00:03:41.842,pulse_batch,x,,,,,4,,21632,-12,-846,77,77,,4985860083680,
2026-08-19 00:03:41.863,pulse_batch,x,,,,,4,,21636,-8,-842,77,77,,4985880752116,
2026-08-19 00:03:41.884,pulse_batch,x,,,,,4,,21640,-4,-838,77,77,,4985901556365,
2026-08-19 00:03:41.904,pulse_batch,x,,,,,4,,21644,0,-834,77,77,,4985922148690,
2026-08-19 00:03:41.925,pulse_batch,x,,,,,4,,21648,4,-830,77,77,,4985942875644,
2026-08-19 00:03:41.950,pulse_batch,x,,,,,4,,21652,8,-826,77,77,,4985968074039,
2026-08-19 00:03:41.971,pulse_batch,x,,,,,4,,21656,12,-822,77,77,,4985988616475,
2026-08-19 00:03:41.992,pulse_batch,x,,,,,4,,21660,16,-818,77,77,,4986009262355,
2026-08-19 00:03:42.012,pulse_batch,x,,,,,4,,21664,20,-814,77,77,,4986030015383,
2026-08-19 00:03:42.033,pulse_batch,x,,,,,4,,21668,24,-810,77,77,,4986050621782,
2026-08-19 00:03:42.053,pulse_batch,x,,,,,4,,21672,28,-806,77,77,,4986071156255,
2026-08-19 00:03:42.076,pulse_batch,x,,,,,4,,21676,32,-802,77,77,,4986093271110,
2026-08-19 00:03:42.096,pulse_batch,x,,,,,4,,21680,36,-798,77,77,,4986113937230,
2026-08-19 00:03:42.117,pulse_batch,x,,,,,4,,21684,40,-794,77,77,,4986134461537,
2026-08-19 00:03:42.140,pulse_batch,x,,,,,4,,21688,44,-790,77,77,,4986157773164,
2026-08-19 00:03:42.161,pulse_batch,x,,,,,4,,21692,48,-786,77,77,,4986178432710,
2026-08-19 00:03:42.181,pulse_batch,x,,,,,4,,21696,52,-782,77,77,,4986198998720,
2026-08-19 00:03:42.204,pulse_batch,x,,,,,4,,21700,56,-778,77,77,,4986221547517,
2026-08-19 00:03:42.224,pulse_batch,x,,,,,4,,21704,60,-774,77,77,,4986242248527,
2026-08-19 00:03:42.245,pulse_batch,x,,,,,4,,21708,64,-770,77,77,,4986262898314,
2026-08-19 00:03:42.268,pulse_batch,x,,,,,4,,21712,68,-766,77,77,,4986285592388,
2026-08-19 00:03:42.289,pulse_batch,x,,,,,4,,21716,72,-762,77,77,,4986306425193,
2026-08-19 00:03:42.309,pulse_batch,x,,,,,4,,21720,76,-758,77,77,,4986326991555,
2026-08-19 00:03:42.330,pulse_batch,x,,,,,4,,21724,80,-754,77,77,,4986347650602,
2026-08-19 00:03:42.351,pulse_batch,x,,,,,4,,21728,84,-750,77,77,,4986368483278,
2026-08-19 00:03:42.371,pulse_batch,x,,,,,4,,21732,88,-746,77,77,,4986389068177,
2026-08-19 00:03:42.392,pulse_batch,x,,,,,4,,21736,92,-742,77,77,,4986409994315,
2026-08-19 00:03:42.416,pulse_batch,x,,,,,4,,21740,96,-738,77,77,,4986433392015,
2026-08-19 00:03:42.436,pulse_batch,x,,,,,4,,21744,100,-734,77,77,,4986454023395,
2026-08-19 00:03:42.457,pulse_batch,x,,,,,4,,21748,104,-730,77,77,,4986474614757,
2026-08-19 00:03:42.481,pulse_batch,x,,,,,4,,21752,108,-726,77,77,,4986498511862,
2026-08-19 00:03:42.501,pulse_batch,x,,,,,4,,21756,112,-722,77,77,,4986519171242,
2026-08-19 00:03:42.522,pulse_batch,x,,,,,4,,21760,116,-718,77,77,,4986540052954,
2026-08-19 00:03:42.545,pulse_batch,x,,,,,4,,21764,120,-714,77,77,,4986562847583,
2026-08-19 00:03:42.566,pulse_batch,x,,,,,4,,21768,124,-710,77,77,,4986583686592,
2026-08-19 00:03:42.587,pulse_batch,x,,,,,4,,21772,128,-706,77,77,,4986604288565,
2026-08-19 00:03:42.608,pulse_batch,x,,,,,4,,21776,132,-702,77,77,,4986625929477,
2026-08-19 00:03:42.630,pulse_batch,x,,,,,4,,21780,136,-698,77,77,,4986647256835,
2026-08-19 00:03:42.650,pulse_batch,x,,,,,4,,21784,140,-694,77,77,,4986667908086,
2026-08-19 00:03:42.672,pulse_batch,x,,,,,4,,21788,144,-690,77,77,,4986690202939,
2026-08-19 00:03:42.693,pulse_batch,x,,,,,4,,21792,148,-686,77,77,,4986710860560,
2026-08-19 00:03:42.714,pulse_batch,x,,,,,4,,21796,152,-682,77,77,,4986731411719,
2026-08-19 00:03:42.735,pulse_batch,x,,,,,4,,21800,156,-678,77,77,,4986753089427,
2026-08-19 00:03:42.756,pulse_batch,x,,,,,4,,21804,160,-674,77,77,,4986773796381,
2026-08-19 00:03:42.777,pulse_batch,x,,,,,4,,21808,164,-670,77,77,,4986794354854,
2026-08-19 00:03:42.800,pulse_batch,x,,,,,4,,21812,168,-666,77,77,,4986817637981,
2026-08-19 00:03:42.821,pulse_batch,x,,,,,4,,21816,172,-662,77,77,,4986838311564,
2026-08-19 00:03:42.841,pulse_batch,x,,,,,4,,21820,176,-658,77,77,,4986858964000,
2026-08-19 00:03:42.863,pulse_batch,x,,,,,4,,21824,180,-654,77,77,,4986880500968,
2026-08-19 00:03:42.865,continuous_stop,x,,,,,,1,21824,180,-654,77,77,,4986883247918,
2026-08-19 00:03:43.401,continuous_start,x,,,,,,1,21824,180,-654,77,77,,4987418926937,
2026-08-19 00:03:43.404,pulse_batch,x,,,,,1,,21825,181,-653,77,77,,4987421752609,
2026-08-19 00:03:43.425,pulse_batch,x,,,,,4,,21829,185,-649,77,77,,4987442445007,
2026-08-19 00:03:43.445,pulse_batch,x,,,,,4,,21833,189,-645,77,77,,4987462997369,
2026-08-19 00:03:43.467,pulse_batch,x,,,,,4,,21837,193,-641,77,77,,4987484428727,
2026-08-19 00:03:43.487,pulse_batch,x,,,,,4,,21841,197,-637,77,77,,4987504962441,
2026-08-19 00:03:43.508,pulse_batch,x,,,,,4,,21845,201,-633,77,77,,4987525482766,
2026-08-19 00:03:43.529,pulse_batch,x,,,,,4,,21849,205,-629,77,77,,4987546107610,
2026-08-19 00:03:43.549,pulse_batch,x,,,,,4,,21853,209,-625,77,77,,4987567007470,
2026-08-19 00:03:43.570,pulse_batch,x,,,,,4,,21857,213,-621,77,77,,4987587817053,
2026-08-19 00:03:43.591,pulse_batch,x,,,,,4,,21861,217,-617,77,77,,4987608597655,
2026-08-19 00:03:43.605,pulse_batch,x,,,,,2,,21863,219,-615,77,77,,4987622745085,
2026-08-19 00:03:43.605,continuous_stop,x,,,,,,1,21863,219,-615,77,77,,4987623073195,
2026-08-19 00:03:44.402,continuous_start,x,,,,,,1,21863,219,-615,77,77,,4988419525990,
2026-08-19 00:03:44.405,pulse_batch,x,,,,,1,,21864,220,-614,77,77,,4988422353810,
2026-08-19 00:03:44.429,pulse_batch,x,,,,,4,,21868,224,-610,77,77,,4988446292655,
2026-08-19 00:03:44.449,pulse_batch,x,,,,,4,,21872,228,-606,77,77,,4988466830980,
2026-08-19 00:03:44.468,pulse_batch,x,,,,,3,,21875,231,-603,77,77,,4988485526018,
2026-08-19 00:03:44.468,continuous_stop,x,,,,,,1,21875,231,-603,77,77,,4988485763443,
2026-08-19 00:03:45.602,continuous_start,x,,,,,,1,21875,231,-603,77,77,,4989619776323,
2026-08-19 00:03:45.605,pulse_batch,x,,,,,1,,21876,232,-602,77,77,,4989622558532,
2026-08-19 00:03:45.607,continuous_stop,x,,,,,,1,21876,232,-602,77,77,,4989625131038,
2026-08-19 00:03:46.803,continuous_start,x,,,,,,1,21876,232,-602,77,77,,4990820821913,
2026-08-19 00:03:46.806,pulse_batch,x,,,,,1,,21877,233,-601,77,77,,4990823577140,
2026-08-19 00:03:46.827,pulse_batch,x,,,,,4,,21881,237,-597,77,77,,4990844275909,
2026-08-19 00:03:46.847,pulse_batch,x,,,,,4,,21885,241,-593,77,77,,4990864829271,
2026-08-19 00:03:46.869,pulse_batch,x,,,,,4,,21889,245,-589,77,77,,4990886802385,
2026-08-19 00:03:46.872,continuous_stop,x,,,,,,1,21889,245,-589,77,77,,4990889411965,
2026-08-19 00:03:52.476,backlash_initialize,x,,,,,,1,21889,245,0,77,77,,4996493988699,logical_zero=0
2026-08-19 00:03:52.478,backlash_initialize,y,,,,,,-1,5808,412,0,0,4,,4996494138143,logical_zero=0
2026-08-19 00:04:18.970,continuous_start,x,,,,,,-1,21889,245,0,77,77,,5022987491565,
2026-08-19 00:04:18.973,pulse_batch,x,,,,,-1,,21890,244,0,76,77,,5022990375884,
2026-08-19 00:04:18.993,pulse_batch,x,,,,,-4,,21894,240,0,72,77,,5023011151671,
2026-08-19 00:04:19.014,pulse_batch,x,,,,,-4,,21898,236,0,68,77,,5023031760459,
2026-08-19 00:04:19.035,pulse_batch,x,,,,,-4,,21902,232,0,64,77,,5023053129670,
2026-08-19 00:04:19.059,pulse_batch,x,,,,,-4,,21906,228,0,60,77,,5023077163552,
2026-08-19 00:04:19.080,pulse_batch,x,,,,,-4,,21910,224,0,56,77,,5023097767618,
2026-08-19 00:04:19.105,pulse_batch,x,,,,,-4,,21914,220,0,52,77,,5023122750403,
2026-08-19 00:04:19.126,pulse_batch,x,,,,,-4,,21918,216,0,48,77,,5023143498690,
2026-08-19 00:04:19.146,pulse_batch,x,,,,,-4,,21922,212,0,44,77,,5023164113793,
2026-08-19 00:04:19.167,pulse_batch,x,,,,,-3,,21925,209,0,41,77,,5023185158246,
2026-08-19 00:04:19.192,pulse_batch,x,,,,,-4,,21929,205,0,37,77,,5023209364276,
2026-08-19 00:04:19.212,pulse_batch,x,,,,,-4,,21933,201,0,33,77,,5023230139637,
2026-08-19 00:04:19.236,pulse_batch,x,,,,,-4,,21937,197,0,29,77,,5023253684040,
2026-08-19 00:04:19.259,pulse_batch,x,,,,,-4,,21941,193,0,25,77,,5023277107759,
2026-08-19 00:04:19.280,pulse_batch,x,,,,,-4,,21945,189,0,21,77,,5023297700899,
2026-08-19 00:04:19.304,pulse_batch,x,,,,,-4,,21949,185,0,17,77,,5023321661578,
2026-08-19 00:04:19.326,pulse_batch,x,,,,,-4,,21953,181,0,13,77,,5023344045228,
2026-08-19 00:04:19.347,pulse_batch,x,,,,,-4,,21957,177,0,9,77,,5023364701941,
2026-08-19 00:04:19.370,pulse_batch,x,,,,,-4,,21961,173,0,5,77,,5023387462386,
2026-08-19 00:04:19.392,pulse_batch,x,,,,,-4,,21965,169,0,1,77,,5023409297686,
2026-08-19 00:04:19.412,pulse_batch,x,,,,,-4,,21969,165,-3,0,77,,5023429990974,
2026-08-19 00:04:19.434,pulse_batch,x,,,,,-4,,21973,161,-7,0,77,,5023451245425,
2026-08-19 00:04:19.454,pulse_batch,x,,,,,-4,,21977,157,-11,0,77,,5023472043583,
2026-08-19 00:04:19.475,pulse_batch,x,,,,,-4,,21981,153,-15,0,77,,5023492671982,
2026-08-19 00:04:19.496,pulse_batch,x,,,,,-4,,21985,149,-19,0,77,,5023513419677,
2026-08-19 00:04:19.518,pulse_batch,x,,,,,-4,,21989,145,-23,0,77,,5023536039492,
2026-08-19 00:04:19.539,pulse_batch,x,,,,,-4,,21993,141,-27,0,77,,5023556728280,
2026-08-19 00:04:19.560,pulse_batch,x,,,,,-4,,21997,137,-31,0,77,,5023577344994,
2026-08-19 00:04:19.582,pulse_batch,x,,,,,-4,,22001,133,-35,0,77,,5023599901846,
2026-08-19 00:04:19.603,pulse_batch,x,,,,,-4,,22005,129,-39,0,77,,5023620605578,
2026-08-19 00:04:19.624,pulse_batch,x,,,,,-4,,22009,125,-43,0,77,,5023641386736,
2026-08-19 00:04:19.647,pulse_batch,x,,,,,-4,,22013,121,-47,0,77,,5023664314105,
2026-08-19 00:04:19.667,pulse_batch,x,,,,,-4,,22017,117,-51,0,77,,5023685050189,
2026-08-19 00:04:19.688,pulse_batch,x,,,,,-4,,22021,113,-55,0,77,,5023705679847,
2026-08-19 00:04:19.711,pulse_batch,x,,,,,-4,,22025,109,-59,0,77,,5023729205214,
2026-08-19 00:04:19.734,pulse_batch,x,,,,,-4,,22029,105,-63,0,77,,5023751690900,
2026-08-19 00:04:19.755,pulse_batch,x,,,,,-4,,22033,101,-67,0,77,,5023772320336,
2026-08-19 00:04:19.776,pulse_batch,x,,,,,-4,,22037,97,-71,0,77,,5023793599251,
2026-08-19 00:04:19.797,pulse_batch,x,,,,,-4,,22041,93,-75,0,77,,5023814378075,
2026-08-19 00:04:19.817,pulse_batch,x,,,,,-4,,22045,89,-79,0,77,,5023834966326,
2026-08-19 00:04:19.839,pulse_batch,x,,,,,-4,,22049,85,-83,0,77,,5023856728368,
2026-08-19 00:04:19.863,pulse_batch,x,,,,,-4,,22053,81,-87,0,77,,5023881048249,
2026-08-19 00:04:19.884,pulse_batch,x,,,,,-4,,22057,77,-91,0,77,,5023901638352,
2026-08-19 00:04:19.906,pulse_batch,x,,,,,-4,,22061,73,-95,0,77,,5023923315486,
2026-08-19 00:04:19.927,pulse_batch,x,,,,,-4,,22065,69,-99,0,77,,5023944847270,
2026-08-19 00:04:19.948,pulse_batch,x,,,,,-4,,22069,65,-103,0,77,,5023965521780,
2026-08-19 00:04:19.970,pulse_batch,x,,,,,-4,,22073,61,-107,0,77,,5023987424376,
2026-08-19 00:04:19.994,pulse_batch,x,,,,,-4,,22077,57,-111,0,77,,5024011949608,
2026-08-19 00:04:20.015,pulse_batch,x,,,,,-4,,22081,53,-115,0,77,,5024032584230,
2026-08-19 00:04:20.036,pulse_batch,x,,,,,-4,,22085,49,-119,0,77,,5024053999810,
2026-08-19 00:04:20.058,pulse_batch,x,,,,,-4,,22089,45,-123,0,77,,5024075913110,
2026-08-19 00:04:20.079,pulse_batch,x,,,,,-4,,22093,41,-127,0,77,,5024096492417,
2026-08-19 00:04:20.101,pulse_batch,x,,,,,-4,,22097,37,-131,0,77,,5024118254255,
2026-08-19 00:04:20.121,pulse_batch,x,,,,,-4,,22101,33,-135,0,77,,5024138984339,
2026-08-19 00:04:20.142,pulse_batch,x,,,,,-4,,22105,29,-139,0,77,,5024159676423,
2026-08-19 00:04:20.163,pulse_batch,x,,,,,-4,,22109,25,-143,0,77,,5024180260303,
2026-08-19 00:04:20.184,pulse_batch,x,,,,,-4,,22113,21,-147,0,77,,5024201632421,
2026-08-19 00:04:20.204,pulse_batch,x,,,,,-4,,22117,17,-151,0,77,,5024222256635,
2026-08-19 00:04:20.225,pulse_batch,x,,,,,-4,,22121,13,-155,0,77,,5024242795442,
2026-08-19 00:04:20.248,pulse_batch,x,,,,,-4,,22125,9,-159,0,77,,5024265397905,
2026-08-19 00:04:20.268,pulse_batch,x,,,,,-4,,22129,5,-163,0,77,,5024286061008,
2026-08-19 00:04:20.289,pulse_batch,x,,,,,-4,,22133,1,-167,0,77,,5024306611667,
2026-08-19 00:04:20.313,pulse_batch,x,,,,,-4,,22137,-3,-171,0,77,,5024330771215,
2026-08-19 00:04:20.334,pulse_batch,x,,,,,-4,,22141,-7,-175,0,77,,5024351347929,
2026-08-19 00:04:20.354,pulse_batch,x,,,,,-4,,22145,-11,-179,0,77,,5024371889384,
2026-08-19 00:04:20.378,pulse_batch,x,,,,,-4,,22149,-15,-183,0,77,,5024396127062,
2026-08-19 00:04:20.399,pulse_batch,x,,,,,-4,,22153,-19,-187,0,77,,5024416866442,
2026-08-19 00:04:20.420,pulse_batch,x,,,,,-4,,22157,-23,-191,0,77,,5024437395768,
2026-08-19 00:04:20.442,pulse_batch,x,,,,,-4,,22161,-27,-195,0,77,,5024460231600,
2026-08-19 00:04:20.466,pulse_batch,x,,,,,-4,,22165,-31,-199,0,77,,5024483611338,
2026-08-19 00:04:20.486,pulse_batch,x,,,,,-4,,22169,-35,-203,0,77,,5024504146219,
2026-08-19 00:04:20.510,pulse_batch,x,,,,,-4,,22173,-39,-207,0,77,,5024528078213,
2026-08-19 00:04:20.531,pulse_batch,x,,,,,-4,,22177,-43,-211,0,77,,5024548853797,
2026-08-19 00:04:20.552,pulse_batch,x,,,,,-4,,22181,-47,-215,0,77,,5024569425011,
2026-08-19 00:04:20.573,pulse_batch,x,,,,,-4,,22185,-51,-219,0,77,,5024591132238,
2026-08-19 00:04:20.594,pulse_batch,x,,,,,-4,,22189,-55,-223,0,77,,5024611780322,
2026-08-19 00:04:20.615,pulse_batch,x,,,,,-4,,22193,-59,-227,0,77,,5024632331036,
2026-08-19 00:04:20.635,pulse_batch,x,,,,,-4,,22197,-63,-231,0,77,,5024653062787,
2026-08-19 00:04:20.658,pulse_batch,x,,,,,-4,,22201,-67,-235,0,77,,5024675714491,
2026-08-19 00:04:20.679,pulse_batch,x,,,,,-4,,22205,-71,-239,0,77,,5024696297186,
2026-08-19 00:04:20.702,pulse_batch,x,,,,,-4,,22209,-75,-243,0,77,,5024719989385,
2026-08-19 00:04:20.723,pulse_batch,x,,,,,-4,,22213,-79,-247,0,77,,5024740741450,
2026-08-19 00:04:20.744,pulse_batch,x,,,,,-4,,22217,-83,-251,0,77,,5024761347868,
2026-08-19 00:04:20.766,pulse_batch,x,,,,,-4,,22221,-87,-255,0,77,,5024783400501,
2026-08-19 00:04:20.788,pulse_batch,x,,,,,-4,,22225,-91,-259,0,77,,5024805268561,
2026-08-19 00:04:20.808,pulse_batch,x,,,,,-4,,22229,-95,-263,0,77,,5024825876719,
2026-08-19 00:04:20.829,pulse_batch,x,,,,,-4,,22233,-99,-267,0,77,,5024846651858,
2026-08-19 00:04:20.851,pulse_batch,x,,,,,-4,,22237,-103,-271,0,77,,5024869196841,
2026-08-19 00:04:20.872,pulse_batch,x,,,,,-4,,22241,-107,-275,0,77,,5024889780369,
2026-08-19 00:04:20.893,pulse_batch,x,,,,,-4,,22245,-111,-279,0,77,,5024910339343,
2026-08-19 00:04:20.916,pulse_batch,x,,,,,-4,,22249,-115,-283,0,77,,5024932802807,
2026-08-19 00:04:20.936,pulse_batch,x,,,,,-4,,22253,-119,-287,0,77,,5024953431188,
2026-08-19 00:04:20.956,pulse_batch,x,,,,,-4,,22257,-123,-291,0,77,,5024974008680,
2026-08-19 00:04:20.977,pulse_batch,x,,,,,-4,,22261,-127,-295,0,77,,5024994746023,
2026-08-19 00:04:20.998,pulse_batch,x,,,,,-4,,22265,-131,-299,0,77,,5025015611272,
2026-08-19 00:04:21.018,pulse_batch,x,,,,,-4,,22269,-135,-303,0,77,,5025036139431,
2026-08-19 00:04:21.040,pulse_batch,x,,,,,-4,,22273,-139,-307,0,77,,5025058126416,
2026-08-19 00:04:21.065,pulse_batch,x,,,,,-4,,22277,-143,-311,0,77,,5025082420409,
2026-08-19 00:04:21.085,pulse_batch,x,,,,,-4,,22281,-147,-315,0,77,,5025102926216,
2026-08-19 00:04:21.108,pulse_batch,x,,,,,-4,,22285,-151,-319,0,77,,5025125752660,
2026-08-19 00:04:21.132,pulse_batch,x,,,,,-4,,22289,-155,-323,0,77,,5025149317655,
2026-08-19 00:04:21.152,pulse_batch,x,,,,,-4,,22293,-159,-327,0,77,,5025169917166,
2026-08-19 00:04:21.174,pulse_batch,x,,,,,-4,,22297,-163,-331,0,77,,5025191584097,
2026-08-19 00:04:21.195,pulse_batch,x,,,,,-4,,22301,-167,-335,0,77,,5025213031047,
2026-08-19 00:04:21.216,pulse_batch,x,,,,,-4,,22305,-171,-339,0,77,,5025233580836,
2026-08-19 00:04:21.239,pulse_batch,x,,,,,-4,,22309,-175,-343,0,77,,5025256744667,
2026-08-19 00:04:21.260,pulse_batch,x,,,,,-4,,22313,-179,-347,0,77,,5025277556880,
2026-08-19 00:04:21.280,pulse_batch,x,,,,,-4,,22317,-183,-351,0,77,,5025298131113,
2026-08-19 00:04:21.303,pulse_batch,x,,,,,-4,,22321,-187,-355,0,77,,5025320453355,
2026-08-19 00:04:21.323,pulse_batch,x,,,,,-4,,22325,-191,-359,0,77,,5025341109643,
2026-08-19 00:04:21.344,pulse_batch,x,,,,,-4,,22329,-195,-363,0,77,,5025361682524,
2026-08-19 00:04:21.365,pulse_batch,x,,,,,-4,,22333,-199,-367,0,77,,5025382382775,
2026-08-19 00:04:21.386,pulse_batch,x,,,,,-4,,22337,-203,-371,0,77,,5025403273876,
2026-08-19 00:04:21.406,pulse_batch,x,,,,,-4,,22341,-207,-375,0,77,,5025423899609,
2026-08-19 00:04:21.427,pulse_batch,x,,,,,-4,,22345,-211,-379,0,77,,5025444483360,
2026-08-19 00:04:21.450,pulse_batch,x,,,,,-4,,22349,-215,-383,0,77,,5025467388100,
2026-08-19 00:04:21.470,pulse_batch,x,,,,,-4,,22353,-219,-387,0,77,,5025488096554,
2026-08-19 00:04:21.491,pulse_batch,x,,,,,-4,,22357,-223,-391,0,77,,5025508670249,
2026-08-19 00:04:21.513,pulse_batch,x,,,,,-4,,22361,-227,-395,0,77,,5025530808956,
2026-08-19 00:04:21.534,pulse_batch,x,,,,,-4,,22365,-231,-399,0,77,,5025551422596,
2026-08-19 00:04:21.554,pulse_batch,x,,,,,-4,,22369,-235,-403,0,77,,5025571943551,
2026-08-19 00:04:21.575,pulse_batch,x,,,,,-4,,22373,-239,-407,0,77,,5025592734505,
2026-08-19 00:04:21.596,pulse_batch,x,,,,,-4,,22377,-243,-411,0,77,,5025613493070,
2026-08-19 00:04:21.616,pulse_batch,x,,,,,-4,,22381,-247,-415,0,77,,5025634039895,
2026-08-19 00:04:21.638,pulse_batch,x,,,,,-4,,22385,-251,-419,0,77,,5025656245028,
2026-08-19 00:04:21.659,pulse_batch,x,,,,,-4,,22389,-255,-423,0,77,,5025677028370,
2026-08-19 00:04:21.680,pulse_batch,x,,,,,-4,,22393,-259,-427,0,77,,5025697596603,
2026-08-19 00:04:21.701,pulse_batch,x,,,,,-4,,22397,-263,-431,0,77,,5025718297298,
2026-08-19 00:04:21.721,pulse_batch,x,,,,,-4,,22401,-267,-435,0,77,,5025739104641,
2026-08-19 00:04:21.742,pulse_batch,x,,,,,-4,,22405,-271,-439,0,77,,5025759698077,
2026-08-19 00:04:21.763,pulse_batch,x,,,,,-4,,22409,-275,-443,0,77,,5025780697456,
2026-08-19 00:04:21.785,pulse_batch,x,,,,,-4,,22413,-279,-447,0,77,,5025802904810,
2026-08-19 00:04:21.806,pulse_batch,x,,,,,-4,,22417,-283,-451,0,77,,5025823514191,
2026-08-19 00:04:21.826,pulse_batch,x,,,,,-4,,22421,-287,-455,0,77,,5025844102572,
2026-08-19 00:04:21.849,pulse_batch,x,,,,,-4,,22425,-291,-459,0,77,,5025866741424,
2026-08-19 00:04:21.870,pulse_batch,x,,,,,-4,,22429,-295,-463,0,77,,5025887404101,
2026-08-19 00:04:21.890,pulse_batch,x,,,,,-4,,22433,-299,-467,0,77,,5025907956130,
2026-08-19 00:04:21.911,pulse_batch,x,,,,,-4,,22437,-303,-471,0,77,,5025928692547,
2026-08-19 00:04:21.932,pulse_batch,x,,,,,-4,,22441,-307,-475,0,77,,5025949416612,
2026-08-19 00:04:21.952,pulse_batch,x,,,,,-4,,22445,-311,-479,0,77,,5025969949660,
2026-08-19 00:04:21.975,pulse_batch,x,,,,,-4,,22449,-315,-483,0,77,,5025992764733,
2026-08-19 00:04:21.996,pulse_batch,x,,,,,-4,,22453,-319,-487,0,77,,5026013498928,
2026-08-19 00:04:22.016,pulse_batch,x,,,,,-4,,22457,-323,-491,0,77,,5026034060531,
2026-08-19 00:04:22.039,pulse_batch,x,,,,,-4,,22461,-327,-495,0,77,,5026056662810,
2026-08-19 00:04:22.060,pulse_batch,x,,,,,-4,,22465,-331,-499,0,77,,5026077430393,
2026-08-19 00:04:22.080,pulse_batch,x,,,,,-4,,22469,-335,-503,0,77,,5026098143755,
2026-08-19 00:04:22.101,pulse_batch,x,,,,,-4,,22473,-339,-507,0,77,,5026118811543,
2026-08-19 00:04:22.122,pulse_batch,x,,,,,-4,,22477,-343,-511,0,77,,5026139724589,
2026-08-19 00:04:22.143,pulse_batch,x,,,,,-4,,22481,-347,-515,0,77,,5026160387210,
2026-08-19 00:04:22.163,pulse_batch,x,,,,,-4,,22485,-351,-519,0,77,,5026181003331,
2026-08-19 00:04:22.189,pulse_batch,x,,,,,-4,,22489,-355,-523,0,77,,5026207027778,
2026-08-19 00:04:22.210,pulse_batch,x,,,,,-4,,22493,-359,-527,0,77,,5026227642640,
2026-08-19 00:04:22.230,pulse_batch,x,,,,,-4,,22497,-363,-531,0,77,,5026248220910,
2026-08-19 00:04:22.252,pulse_batch,x,,,,,-4,,22501,-367,-535,0,77,,5026269712360,
2026-08-19 00:04:22.273,pulse_batch,x,,,,,-4,,22505,-371,-539,0,77,,5026290419314,
2026-08-19 00:04:22.293,pulse_batch,x,,,,,-4,,22509,-375,-543,0,77,,5026310992566,
2026-08-19 00:04:22.314,pulse_batch,x,,,,,-4,,22513,-379,-547,0,77,,5026331877538,
2026-08-19 00:04:22.335,pulse_batch,x,,,,,-4,,22517,-383,-551,0,77,,5026352525474,
2026-08-19 00:04:22.355,pulse_batch,x,,,,,-4,,22521,-387,-555,0,77,,5026373053892,
2026-08-19 00:04:22.378,pulse_batch,x,,,,,-4,,22525,-391,-559,0,77,,5026395303950,
2026-08-19 00:04:22.398,pulse_batch,x,,,,,-4,,22529,-395,-563,0,77,,5026416127292,
2026-08-19 00:04:22.419,pulse_batch,x,,,,,-4,,22533,-399,-567,0,77,,5026436676618,
2026-08-19 00:04:22.439,pulse_batch,x,,,,,-3,,22536,-402,-570,0,77,,5026456990815,
2026-08-19 00:04:22.460,pulse_batch,x,,,,,-4,,22540,-406,-574,0,77,,5026477630788,
2026-08-19 00:04:22.481,pulse_batch,x,,,,,-4,,22544,-410,-578,0,77,,5026498373057,
2026-08-19 00:04:22.501,pulse_batch,x,,,,,-4,,22548,-414,-582,0,77,,5026519046826,
2026-08-19 00:04:22.524,pulse_batch,x,,,,,-4,,22552,-418,-586,0,77,,5026541299643,
2026-08-19 00:04:22.544,pulse_batch,x,,,,,-4,,22556,-422,-590,0,77,,5026561857746,
2026-08-19 00:04:22.567,pulse_batch,x,,,,,-4,,22560,-426,-594,0,77,,5026585114262,
2026-08-19 00:04:22.592,pulse_batch,x,,,,,-4,,22564,-430,-598,0,77,,5026609259477,
2026-08-19 00:04:22.612,pulse_batch,x,,,,,-4,,22568,-434,-602,0,77,,5026629843302,
2026-08-19 00:04:22.634,pulse_batch,x,,,,,-4,,22572,-438,-606,0,77,,5026651826436,
2026-08-19 00:04:22.655,pulse_batch,x,,,,,-4,,22576,-442,-610,0,77,,5026672593371,
2026-08-19 00:04:22.675,pulse_batch,x,,,,,-4,,22580,-446,-614,0,77,,5026693164215,
2026-08-19 00:04:22.696,pulse_batch,x,,,,,-4,,22584,-450,-618,0,77,,5026713801336,
2026-08-19 00:04:22.718,pulse_batch,x,,,,,-4,,22588,-454,-622,0,77,,5026735861228,
2026-08-19 00:04:22.739,pulse_batch,x,,,,,-4,,22592,-458,-626,0,77,,5026756440813,
2026-08-19 00:04:22.759,pulse_batch,x,,,,,-4,,22596,-462,-630,0,77,,5026777097693,
2026-08-19 00:04:22.782,pulse_batch,x,,,,,-4,,22600,-466,-634,0,77,,5026799554139,
2026-08-19 00:04:22.804,pulse_batch,x,,,,,-4,,22604,-470,-638,0,77,,5026822160862,
2026-08-19 00:04:22.825,pulse_batch,x,,,,,-4,,22608,-474,-642,0,77,,5026842710891,
2026-08-19 00:04:22.848,pulse_batch,x,,,,,-4,,22612,-478,-646,0,77,,5026865271003,
2026-08-19 00:04:22.868,pulse_batch,x,,,,,-4,,22616,-482,-650,0,77,,5026885924791,
2026-08-19 00:04:22.889,pulse_batch,x,,,,,-4,,22620,-486,-654,0,77,,5026906499894,
2026-08-19 00:04:22.910,pulse_batch,x,,,,,-4,,22624,-490,-658,0,77,,5026927892400,
2026-08-19 00:04:22.931,pulse_batch,x,,,,,-4,,22628,-494,-662,0,77,,5026948601966,
2026-08-19 00:04:22.951,pulse_batch,x,,,,,-4,,22632,-498,-666,0,77,,5026969145272,
2026-08-19 00:04:22.973,pulse_batch,x,,,,,-4,,22636,-502,-670,0,77,,5026990571279,
2026-08-19 00:04:22.997,pulse_batch,x,,,,,-4,,22640,-506,-674,0,77,,5027014502421,
2026-08-19 00:04:23.017,pulse_batch,x,,,,,-4,,22644,-510,-678,0,77,,5027035061765,
2026-08-19 00:04:23.040,pulse_batch,x,,,,,-4,,22648,-514,-682,0,77,,5027058244059,
2026-08-19 00:04:23.061,pulse_batch,x,,,,,-4,,22652,-518,-686,0,77,,5027079006106,
2026-08-19 00:04:23.082,pulse_batch,x,,,,,-4,,22656,-522,-690,0,77,,5027099565320,
2026-08-19 00:04:23.105,pulse_batch,x,,,,,-4,,22660,-526,-694,0,77,,5027122610448,
2026-08-19 00:04:23.126,pulse_batch,x,,,,,-4,,22664,-530,-698,0,77,,5027143324439,
2026-08-19 00:04:23.146,pulse_batch,x,,,,,-4,,22668,-534,-702,0,77,,5027163905227,
2026-08-19 00:04:23.169,pulse_batch,x,,,,,-4,,22672,-538,-706,0,77,,5027186239303,
2026-08-19 00:04:23.190,pulse_batch,x,,,,,-4,,22676,-542,-710,0,77,,5027207267367,
2026-08-19 00:04:23.210,pulse_batch,x,,,,,-4,,22680,-546,-714,0,77,,5027227920822,
2026-08-19 00:04:23.233,pulse_batch,x,,,,,-4,,22684,-550,-718,0,77,,5027250709618,
2026-08-19 00:04:23.254,pulse_batch,x,,,,,-4,,22688,-554,-722,0,77,,5027271454609,
2026-08-19 00:04:23.274,pulse_batch,x,,,,,-4,,22692,-558,-726,0,77,,5027292133730,
2026-08-19 00:04:23.296,pulse_batch,x,,,,,-4,,22696,-562,-730,0,77,,5027313323608,
2026-08-19 00:04:23.317,pulse_batch,x,,,,,-4,,22700,-566,-734,0,77,,5027335157631,
2026-08-19 00:04:23.338,pulse_batch,x,,,,,-4,,22704,-570,-738,0,77,,5027355771215,
2026-08-19 00:04:23.359,pulse_batch,x,,,,,-4,,22708,-574,-742,0,77,,5027376323318,
2026-08-19 00:04:23.385,pulse_batch,x,,,,,-4,,22712,-578,-746,0,77,,5027402785726,
2026-08-19 00:04:23.406,pulse_batch,x,,,,,-4,,22716,-582,-750,0,77,,5027423484773,
2026-08-19 00:04:23.426,pulse_batch,x,,,,,-4,,22720,-586,-754,0,77,,5027444117412,
2026-08-19 00:04:23.449,pulse_batch,x,,,,,-4,,22724,-590,-758,0,77,,5027466809042,
2026-08-19 00:04:23.470,pulse_batch,x,,,,,-4,,22728,-594,-762,0,77,,5027487398867,
2026-08-19 00:04:23.490,pulse_batch,x,,,,,-4,,22732,-598,-766,0,77,,5027507918489,
2026-08-19 00:04:23.513,pulse_batch,x,,,,,-4,,22736,-602,-770,0,77,,5027530295713,
2026-08-19 00:04:23.533,pulse_batch,x,,,,,-4,,22740,-606,-774,0,77,,5027551129315,
2026-08-19 00:04:23.554,pulse_batch,x,,,,,-4,,22744,-610,-778,0,77,,5027571668178,
2026-08-19 00:04:23.576,pulse_batch,x,,,,,-4,,22748,-614,-782,0,77,,5027593806791,
2026-08-19 00:04:23.601,pulse_batch,x,,,,,-4,,22752,-618,-786,0,77,,5027618379894,
2026-08-19 00:04:23.621,pulse_batch,x,,,,,-4,,22756,-622,-790,0,77,,5027638886719,
2026-08-19 00:04:23.643,pulse_batch,x,,,,,-4,,22760,-626,-794,0,77,,5027660659483,
2026-08-19 00:04:23.665,pulse_batch,x,,,,,-4,,22764,-630,-798,0,77,,5027682293655,
2026-08-19 00:04:23.685,pulse_batch,x,,,,,-4,,22768,-634,-802,0,77,,5027702846980,
2026-08-19 00:04:23.707,pulse_batch,x,,,,,-4,,22772,-638,-806,0,77,,5027724925502,
2026-08-19 00:04:23.728,pulse_batch,x,,,,,-4,,22776,-642,-810,0,77,,5027745707234,
2026-08-19 00:04:23.749,pulse_batch,x,,,,,-4,,22780,-646,-814,0,77,,5027766281689,
2026-08-19 00:04:23.773,pulse_batch,x,,,,,-4,,22784,-650,-818,0,77,,5027790777921,
2026-08-19 00:04:23.794,pulse_batch,x,,,,,-4,,22788,-654,-822,0,77,,5027811602041,
2026-08-19 00:04:23.815,pulse_batch,x,,,,,-4,,22792,-658,-826,0,77,,5027832295644,
2026-08-19 00:04:23.835,pulse_batch,x,,,,,-4,,22796,-662,-830,0,77,,5027853212338,
2026-08-19 00:04:23.838,continuous_stop,x,,,,,,-1,22796,-662,-830,0,77,,5027855920880,
2026-08-19 00:04:28.242,continuous_start,x,,,,,,1,22796,-662,-830,0,77,,5032259879197,
2026-08-19 00:04:28.245,pulse_batch,x,,,,,1,,22797,-661,-830,1,77,,5032262796590,
2026-08-19 00:04:28.266,pulse_batch,x,,,,,4,,22801,-657,-830,5,77,,5032283560267,
2026-08-19 00:04:28.286,pulse_batch,x,,,,,4,,22805,-653,-830,9,77,,5032304165999,
2026-08-19 00:04:28.309,pulse_batch,x,,,,,4,,22809,-649,-830,13,77,,5032326408446,
2026-08-19 00:04:28.329,pulse_batch,x,,,,,4,,22813,-645,-830,17,77,,5032347058956,
2026-08-19 00:04:28.350,pulse_batch,x,,,,,4,,22817,-641,-830,21,77,,5032367654707,
2026-08-19 00:04:28.371,pulse_batch,x,,,,,4,,22821,-637,-830,25,77,,5032388428717,
2026-08-19 00:04:28.392,pulse_batch,x,,,,,4,,22825,-633,-830,29,77,,5032409747761,
2026-08-19 00:04:28.413,pulse_batch,x,,,,,4,,22829,-629,-830,33,77,,5032430423123,
2026-08-19 00:04:28.433,pulse_batch,x,,,,,4,,22833,-625,-830,37,77,,5032450997337,
2026-08-19 00:04:28.456,pulse_batch,x,,,,,4,,22837,-621,-830,41,77,,5032473321950,
2026-08-19 00:04:28.476,pulse_batch,x,,,,,4,,22841,-617,-830,45,77,,5032493977386,
2026-08-19 00:04:28.497,pulse_batch,x,,,,,4,,22845,-613,-830,49,77,,5032514521489,
2026-08-19 00:04:28.517,pulse_batch,x,,,,,3,,22848,-610,-830,52,77,,5032534521707,
2026-08-19 00:04:28.538,pulse_batch,x,,,,,4,,22852,-606,-830,56,77,,5032555601826,
2026-08-19 00:04:28.558,pulse_batch,x,,,,,4,,22856,-602,-830,60,77,,5032576131744,
2026-08-19 00:04:28.579,pulse_batch,x,,,,,4,,22860,-598,-830,64,77,,5032597128549,
2026-08-19 00:04:28.600,pulse_batch,x,,,,,4,,22864,-594,-830,68,77,,5032617856503,
2026-08-19 00:04:28.621,pulse_batch,x,,,,,4,,22868,-590,-830,72,77,,5032638410976,
2026-08-19 00:04:28.644,pulse_batch,x,,,,,4,,22872,-586,-830,76,77,,5032661374623,
2026-08-19 00:04:28.664,pulse_batch,x,,,,,4,,22876,-582,-827,77,77,,5032682237540,
2026-08-19 00:04:28.685,pulse_batch,x,,,,,4,,22880,-578,-823,77,77,,5032702849624,
2026-08-19 00:04:28.709,pulse_batch,x,,,,,4,,22884,-574,-819,77,77,,5032726883711,
2026-08-19 00:04:28.730,pulse_batch,x,,,,,4,,22888,-570,-815,77,77,,5032747872200,
2026-08-19 00:04:28.751,pulse_batch,x,,,,,4,,22892,-566,-811,77,77,,5032768509600,
2026-08-19 00:04:28.773,pulse_batch,x,,,,,4,,22896,-562,-807,77,77,,5032790970786,
2026-08-19 00:04:28.794,pulse_batch,x,,,,,4,,22900,-558,-803,77,77,,5032811790629,
2026-08-19 00:04:28.815,pulse_batch,x,,,,,4,,22904,-554,-799,77,77,,5032832437120,
2026-08-19 00:04:28.837,pulse_batch,x,,,,,4,,22908,-550,-795,77,77,,5032854702789,
2026-08-19 00:04:28.861,pulse_batch,x,,,,,4,,22912,-546,-791,77,77,,5032878712079,
2026-08-19 00:04:28.882,pulse_batch,x,,,,,4,,22916,-542,-787,77,77,,5032899336293,
2026-08-19 00:04:28.902,pulse_batch,x,,,,,4,,22920,-538,-783,77,77,,5032919875508,
2026-08-19 00:04:28.923,pulse_batch,x,,,,,4,,22924,-534,-779,77,77,,5032940673462,
2026-08-19 00:04:28.944,pulse_batch,x,,,,,4,,22928,-530,-775,77,77,,5032961300250,
2026-08-19 00:04:28.964,pulse_batch,x,,,,,4,,22932,-526,-771,77,77,,5032981802316,
2026-08-19 00:04:28.986,pulse_batch,x,,,,,4,,22936,-522,-767,77,77,,5033004164688,
2026-08-19 00:04:29.007,pulse_batch,x,,,,,4,,22940,-518,-763,77,77,,5033024844809,
2026-08-19 00:04:29.028,pulse_batch,x,,,,,4,,22944,-514,-759,77,77,,5033045357746,
2026-08-19 00:04:29.048,pulse_batch,x,,,,,4,,22948,-510,-755,77,77,,5033066052219,
2026-08-19 00:04:29.069,pulse_batch,x,,,,,4,,22952,-506,-751,77,77,,5033086766266,
2026-08-19 00:04:29.090,pulse_batch,x,,,,,4,,22956,-502,-747,77,77,,5033107347813,
2026-08-19 00:04:29.112,pulse_batch,x,,,,,4,,22960,-498,-743,77,77,,5033129819018,
2026-08-19 00:04:29.133,pulse_batch,x,,,,,4,,22964,-494,-739,77,77,,5033150529917,
2026-08-19 00:04:29.153,pulse_batch,x,,,,,4,,22968,-490,-735,77,77,,5033171114465,
2026-08-19 00:04:29.174,pulse_batch,x,,,,,4,,22972,-486,-731,77,77,,5033191875863,
2026-08-19 00:04:29.195,pulse_batch,x,,,,,4,,22976,-482,-727,77,77,,5033212855150,
2026-08-19 00:04:29.216,pulse_batch,x,,,,,4,,22980,-478,-723,77,77,,5033233482956,
2026-08-19 00:04:29.236,pulse_batch,x,,,,,4,,22984,-474,-719,77,77,,5033254063467,
2026-08-19 00:04:29.258,pulse_batch,x,,,,,4,,22988,-470,-715,77,77,,5033276105174,
2026-08-19 00:04:29.279,pulse_batch,x,,,,,4,,22992,-466,-711,77,77,,5033296760721,
2026-08-19 00:04:29.302,pulse_batch,x,,,,,4,,22996,-462,-707,77,77,,5033320113533,
2026-08-19 00:04:29.323,pulse_batch,x,,,,,4,,23000,-458,-703,77,77,,5033341147152,
2026-08-19 00:04:29.344,pulse_batch,x,,,,,4,,23004,-454,-699,77,77,,5033361750348,
2026-08-19 00:04:29.365,pulse_batch,x,,,,,4,,23008,-450,-695,77,77,,5033382294469,
2026-08-19 00:04:29.388,pulse_batch,x,,,,,4,,23012,-446,-691,77,77,,5033405222413,
2026-08-19 00:04:29.408,pulse_batch,x,,,,,4,,23016,-442,-687,77,77,,5033426096070,
2026-08-19 00:04:29.429,pulse_batch,x,,,,,4,,23020,-438,-683,77,77,,5033446607822,
2026-08-19 00:04:29.453,pulse_batch,x,,,,,4,,23024,-434,-679,77,77,,5033470415594,
2026-08-19 00:04:29.474,pulse_batch,x,,,,,4,,23028,-430,-675,77,77,,5033491580472,
2026-08-19 00:04:29.494,pulse_batch,x,,,,,4,,23032,-426,-671,77,77,,5033512150075,
2026-08-19 00:04:29.515,pulse_batch,x,,,,,4,,23036,-422,-667,77,77,,5033533074010,
2026-08-19 00:04:29.536,pulse_batch,x,,,,,4,,23040,-418,-663,77,77,,5033553861760,
2026-08-19 00:04:29.557,pulse_batch,x,,,,,4,,23044,-414,-659,77,77,,5033574432178,
2026-08-19 00:04:29.579,pulse_batch,x,,,,,4,,23048,-410,-655,77,77,,5033596971550,
2026-08-19 00:04:29.600,pulse_batch,x,,,,,4,,23052,-406,-651,77,77,,5033617852262,
2026-08-19 00:04:29.621,pulse_batch,x,,,,,4,,23056,-402,-647,77,77,,5033638415217,
2026-08-19 00:04:29.641,pulse_batch,x,,,,,4,,23060,-398,-643,77,77,,5033659117913,
2026-08-19 00:04:29.662,pulse_batch,x,,,,,4,,23064,-394,-639,77,77,,5033679969959,
2026-08-19 00:04:29.683,pulse_batch,x,,,,,4,,23068,-390,-635,77,77,,5033700572728,
2026-08-19 00:04:29.704,pulse_batch,x,,,,,4,,23072,-386,-631,77,77,,5033721406256,
2026-08-19 00:04:29.729,pulse_batch,x,,,,,4,,23076,-382,-627,77,77,,5033746720169,
2026-08-19 00:04:29.750,pulse_batch,x,,,,,4,,23080,-378,-623,77,77,,5033767300828,
2026-08-19 00:04:29.770,pulse_batch,x,,,,,4,,23084,-374,-619,77,77,,5033787997301,
2026-08-19 00:04:29.793,pulse_batch,x,,,,,4,,23088,-370,-615,77,77,,5033810697542,
2026-08-19 00:04:29.814,pulse_batch,x,,,,,4,,23092,-366,-611,77,77,,5033831314960,
2026-08-19 00:04:29.834,pulse_batch,x,,,,,4,,23096,-362,-607,77,77,,5033851858693,
2026-08-19 00:04:29.858,pulse_batch,x,,,,,4,,23100,-358,-603,77,77,,5033875765816,
2026-08-19 00:04:29.879,pulse_batch,x,,,,,4,,23104,-354,-599,77,77,,5033896349734,
2026-08-19 00:04:29.900,pulse_batch,x,,,,,4,,23108,-350,-595,77,77,,5033917316854,
2026-08-19 00:04:29.921,pulse_batch,x,,,,,4,,23112,-346,-591,77,77,,5033938441880,
2026-08-19 00:04:29.941,pulse_batch,x,,,,,4,,23116,-342,-587,77,77,,5033959263390,
2026-08-19 00:04:29.962,pulse_batch,x,,,,,4,,23120,-338,-583,77,77,,5033979802104,
2026-08-19 00:04:29.985,pulse_batch,x,,,,,4,,23124,-334,-579,77,77,,5034002450901,
2026-08-19 00:04:30.006,pulse_batch,x,,,,,4,,23128,-330,-575,77,77,,5034023281540,
2026-08-19 00:04:30.026,pulse_batch,x,,,,,4,,23132,-326,-571,77,77,,5034043821162,
2026-08-19 00:04:30.047,pulse_batch,x,,,,,4,,23136,-322,-567,77,77,,5034064620430,
2026-08-19 00:04:30.068,pulse_batch,x,,,,,4,,23140,-318,-563,77,77,,5034085412329,
2026-08-19 00:04:30.088,pulse_batch,x,,,,,4,,23144,-314,-559,77,77,,5034105952154,
2026-08-19 00:04:30.111,pulse_batch,x,,,,,4,,23148,-310,-555,77,77,,5034128208990,
2026-08-19 00:04:30.131,pulse_batch,x,,,,,4,,23152,-306,-551,77,77,,5034148850407,
2026-08-19 00:04:30.152,pulse_batch,x,,,,,4,,23156,-302,-547,77,77,,5034169431418,
2026-08-19 00:04:30.172,pulse_batch,x,,,,,4,,23160,-298,-543,77,77,,5034190038262,
2026-08-19 00:04:30.193,pulse_batch,x,,,,,4,,23164,-294,-539,77,77,,5034210784790,
2026-08-19 00:04:30.214,pulse_batch,x,,,,,4,,23168,-290,-535,77,77,,5034231468263,
2026-08-19 00:04:30.234,pulse_batch,x,,,,,4,,23172,-286,-531,77,77,,5034252036588,
2026-08-19 00:04:30.257,pulse_batch,x,,,,,4,,23176,-282,-527,77,77,,5034274678459,
2026-08-19 00:04:30.278,pulse_batch,x,,,,,4,,23180,-278,-523,77,77,,5034295329877,
2026-08-19 00:04:30.298,pulse_batch,x,,,,,4,,23184,-274,-519,77,77,,5034315999146,
2026-08-19 00:04:30.321,pulse_batch,x,,,,,4,,23188,-270,-515,77,77,,5034338709628,
2026-08-19 00:04:30.342,pulse_batch,x,,,,,4,,23192,-266,-511,77,77,,5034359386619,
2026-08-19 00:04:30.362,pulse_batch,x,,,,,4,,23196,-262,-507,77,77,,5034379925648,
2026-08-19 00:04:30.383,pulse_batch,x,,,,,4,,23200,-258,-503,77,77,,5034400659751,
2026-08-19 00:04:30.404,pulse_batch,x,,,,,4,,23204,-254,-499,77,77,,5034421503982,
2026-08-19 00:04:30.424,pulse_batch,x,,,,,4,,23208,-250,-495,77,77,,5034442036252,
2026-08-19 00:04:30.447,pulse_batch,x,,,,,4,,23212,-246,-491,77,77,,5034464506679,
2026-08-19 00:04:30.468,pulse_batch,x,,,,,4,,23216,-242,-487,77,77,,5034485324226,
2026-08-19 00:04:30.488,pulse_batch,x,,,,,4,,23220,-238,-483,77,77,,5034505914995,
2026-08-19 00:04:30.509,pulse_batch,x,,,,,4,,23224,-234,-479,77,77,,5034526784597,
2026-08-19 00:04:30.533,pulse_batch,x,,,,,4,,23228,-230,-475,77,77,,5034550494852,
2026-08-19 00:04:30.553,pulse_batch,x,,,,,4,,23232,-226,-471,77,77,,5034571062677,
2026-08-19 00:04:30.575,pulse_batch,x,,,,,4,,23236,-222,-467,77,77,,5034592843496,
2026-08-19 00:04:30.596,pulse_batch,x,,,,,4,,23240,-218,-463,77,77,,5034613557691,
2026-08-19 00:04:30.616,pulse_batch,x,,,,,4,,23244,-214,-459,77,77,,5034634188072,
2026-08-19 00:04:30.637,pulse_batch,x,,,,,4,,23248,-210,-455,77,77,,5034654739972,
2026-08-19 00:04:30.658,pulse_batch,x,,,,,4,,23252,-206,-451,77,77,,5034675997497,
2026-08-19 00:04:30.679,pulse_batch,x,,,,,4,,23256,-202,-447,77,77,,5034696611304,
2026-08-19 00:04:30.699,pulse_batch,x,,,,,4,,23260,-198,-443,77,77,,5034717155222,
2026-08-19 00:04:30.722,pulse_batch,x,,,,,4,,23264,-194,-439,77,77,,5034739255151,
2026-08-19 00:04:30.742,pulse_batch,x,,,,,4,,23268,-190,-435,77,77,,5034759906865,
2026-08-19 00:04:30.763,pulse_batch,x,,,,,4,,23272,-186,-431,77,77,,5034780437265,
2026-08-19 00:04:30.783,pulse_batch,x,,,,,4,,23276,-182,-427,77,77,,5034801161386,
2026-08-19 00:04:30.804,pulse_batch,x,,,,,4,,23280,-178,-423,77,77,,5034821970080,
2026-08-19 00:04:30.825,pulse_batch,x,,,,,4,,23284,-174,-419,77,77,,5034842545035,
2026-08-19 00:04:30.848,pulse_batch,x,,,,,4,,23288,-170,-415,77,77,,5034865248146,
2026-08-19 00:04:30.869,pulse_batch,x,,,,,4,,23292,-166,-411,77,77,,5034886282340,
2026-08-19 00:04:30.889,pulse_batch,x,,,,,4,,23296,-162,-407,77,77,,5034906908054,
2026-08-19 00:04:30.911,pulse_batch,x,,,,,4,,23300,-158,-403,77,77,,5034928996927,
2026-08-19 00:04:30.932,pulse_batch,x,,,,,4,,23304,-154,-399,77,77,,5034949831048,
2026-08-19 00:04:30.953,pulse_batch,x,,,,,4,,23308,-150,-395,77,77,,5034970511539,
2026-08-19 00:04:30.974,pulse_batch,x,,,,,4,,23312,-146,-391,77,77,,5034991330067,
2026-08-19 00:04:30.997,pulse_batch,x,,,,,4,,23316,-142,-387,77,77,,5035014465250,
2026-08-19 00:04:31.017,pulse_batch,x,,,,,4,,23320,-138,-383,77,77,,5035035167186,
2026-08-19 00:04:31.038,pulse_batch,x,,,,,4,,23324,-134,-379,77,77,,5035056153084,
2026-08-19 00:04:31.061,pulse_batch,x,,,,,4,,23328,-130,-375,77,77,,5035078425160,
2026-08-19 00:04:31.081,pulse_batch,x,,,,,4,,23332,-126,-371,77,77,,5035099044170,
2026-08-19 00:04:31.102,pulse_batch,x,,,,,4,,23336,-122,-367,77,77,,5035119633125,
2026-08-19 00:04:31.123,pulse_batch,x,,,,,4,,23340,-118,-363,77,77,,5035140471171,
2026-08-19 00:04:31.143,pulse_batch,x,,,,,4,,23344,-114,-359,77,77,,5035161157737,
2026-08-19 00:04:31.164,pulse_batch,x,,,,,4,,23348,-110,-355,77,77,,5035181755340,
2026-08-19 00:04:31.186,pulse_batch,x,,,,,4,,23352,-106,-351,77,77,,5035203768214,
2026-08-19 00:04:31.207,pulse_batch,x,,,,,4,,23356,-102,-347,77,77,,5035224616353,
2026-08-19 00:04:31.227,pulse_batch,x,,,,,4,,23360,-98,-343,77,77,,5035245171271,
2026-08-19 00:04:31.250,pulse_batch,x,,,,,4,,23364,-94,-339,77,77,,5035267830142,
2026-08-19 00:04:31.271,pulse_batch,x,,,,,4,,23368,-90,-335,77,77,,5035288746354,
2026-08-19 00:04:31.292,pulse_batch,x,,,,,4,,23372,-86,-331,77,77,,5035309303346,
2026-08-19 00:04:31.312,pulse_batch,x,,,,,4,,23376,-82,-327,77,77,,5035330188763,
2026-08-19 00:04:31.333,pulse_batch,x,,,,,4,,23380,-78,-323,77,77,,5035350937328,
2026-08-19 00:04:31.354,pulse_batch,x,,,,,4,,23384,-74,-319,77,77,,5035371519227,
2026-08-19 00:04:31.377,pulse_batch,x,,,,,4,,23388,-70,-315,77,77,,5035395188556,
2026-08-19 00:04:31.398,pulse_batch,x,,,,,4,,23392,-66,-311,77,77,,5035415881381,
2026-08-19 00:04:31.419,pulse_batch,x,,,,,4,,23396,-62,-307,77,77,,5035436526780,
2026-08-19 00:04:31.442,pulse_batch,x,,,,,4,,23400,-58,-303,77,77,,5035460249016,
2026-08-19 00:04:31.463,pulse_batch,x,,,,,4,,23404,-54,-299,77,77,,5035480952730,
2026-08-19 00:04:31.484,pulse_batch,x,,,,,4,,23408,-50,-295,77,77,,5035501522777,
2026-08-19 00:04:31.505,pulse_batch,x,,,,,4,,23412,-46,-291,77,77,,5035522653655,
2026-08-19 00:04:31.528,pulse_batch,x,,,,,4,,23416,-42,-287,77,77,,5035545270897,
2026-08-19 00:04:31.548,pulse_batch,x,,,,,4,,23420,-38,-283,77,77,,5035565903518,
2026-08-19 00:04:31.569,pulse_batch,x,,,,,4,,23424,-34,-279,77,77,,5035586474029,
2026-08-19 00:04:31.590,pulse_batch,x,,,,,4,,23428,-30,-275,77,77,,5035607401223,
2026-08-19 00:04:31.610,pulse_batch,x,,,,,4,,23432,-26,-271,77,77,,5035628089399,
2026-08-19 00:04:31.631,pulse_batch,x,,,,,4,,23436,-22,-267,77,77,,5035648669873,
2026-08-19 00:04:31.653,pulse_batch,x,,,,,4,,23440,-18,-263,77,77,,5035671016875,
2026-08-19 00:04:31.674,pulse_batch,x,,,,,4,,23444,-14,-259,77,77,,5035691810310,
2026-08-19 00:04:31.695,pulse_batch,x,,,,,4,,23448,-10,-255,77,77,,5035712375247,
2026-08-19 00:04:31.717,pulse_batch,x,,,,,4,,23452,-6,-251,77,77,,5035734761582,
2026-08-19 00:04:31.741,pulse_batch,x,,,,,4,,23456,-2,-247,77,77,,5035758261115,
2026-08-19 00:04:31.761,pulse_batch,x,,,,,4,,23460,2,-243,77,77,,5035778779126,
2026-08-19 00:04:31.782,pulse_batch,x,,,,,4,,23464,6,-239,77,77,,5035799592209,
2026-08-19 00:04:31.802,pulse_batch,x,,,,,3,,23467,9,-236,77,77,,5035819949943,
2026-08-19 00:04:31.823,pulse_batch,x,,,,,4,,23471,13,-232,77,77,,5035840527898,
2026-08-19 00:04:31.845,pulse_batch,x,,,,,4,,23475,17,-228,77,77,,5035863156547,
2026-08-19 00:04:31.867,pulse_batch,x,,,,,4,,23479,21,-224,77,77,,5035884590794,
2026-08-19 00:04:31.887,pulse_batch,x,,,,,4,,23483,25,-220,77,77,,5035905189026,
2026-08-19 00:04:31.909,pulse_batch,x,,,,,4,,23487,29,-216,77,77,,5035927223993,
2026-08-19 00:04:31.933,pulse_batch,x,,,,,4,,23491,33,-212,77,77,,5035950532508,
2026-08-19 00:04:31.953,pulse_batch,x,,,,,4,,23495,37,-208,77,77,,5035971137130,
2026-08-19 00:04:31.978,pulse_batch,x,,,,,4,,23499,41,-204,77,77,,5035994525071,
2026-08-19 00:04:31.997,pulse_batch,x,,,,,4,,23503,45,-200,77,77,,5036015225285,
2026-08-19 00:04:32.018,pulse_batch,x,,,,,4,,23507,49,-196,77,77,,5036035826314,
2026-08-19 00:04:32.041,pulse_batch,x,,,,,4,,23511,53,-192,77,77,,5036058739554,
2026-08-19 00:04:32.062,pulse_batch,x,,,,,4,,23515,57,-188,77,77,,5036079661285,
2026-08-19 00:04:32.082,pulse_batch,x,,,,,4,,23519,61,-184,77,77,,5036100252666,
2026-08-19 00:04:32.106,pulse_batch,x,,,,,4,,23523,65,-180,77,77,,5036124142364,
2026-08-19 00:04:32.129,pulse_batch,x,,,,,4,,23527,69,-176,77,77,,5036146382829,
2026-08-19 00:04:32.149,pulse_batch,x,,,,,4,,23531,73,-172,77,77,,5036166949154,
2026-08-19 00:04:32.170,pulse_batch,x,,,,,4,,23535,77,-168,77,77,,5036187537720,
2026-08-19 00:04:32.191,pulse_batch,x,,,,,4,,23539,81,-164,77,77,,5036208424730,
2026-08-19 00:04:32.211,pulse_batch,x,,,,,4,,23543,85,-160,77,77,,5036229046073,
2026-08-19 00:04:32.232,pulse_batch,x,,,,,4,,23547,89,-156,77,77,,5036250133489,
2026-08-19 00:04:32.254,pulse_batch,x,,,,,4,,23551,93,-152,77,77,,5036271441236,
2026-08-19 00:04:32.274,pulse_batch,x,,,,,4,,23555,97,-148,77,77,,5036292044099,
2026-08-19 00:04:32.295,pulse_batch,x,,,,,4,,23559,101,-144,77,77,,5036312567128,
2026-08-19 00:04:32.316,pulse_batch,x,,,,,4,,23563,105,-140,77,77,,5036333329508,
2026-08-19 00:04:32.336,pulse_batch,x,,,,,4,,23567,109,-136,77,77,,5036354126054,
2026-08-19 00:04:32.357,pulse_batch,x,,,,,4,,23571,113,-132,77,77,,5036374687343,
2026-08-19 00:04:32.378,pulse_batch,x,,,,,4,,23575,117,-128,77,77,,5036395415501,
2026-08-19 00:04:32.398,pulse_batch,x,,,,,4,,23579,121,-124,77,77,,5036416215566,
2026-08-19 00:04:32.419,pulse_batch,x,,,,,4,,23583,125,-120,77,77,,5036436914168,
2026-08-19 00:04:32.440,pulse_batch,x,,,,,4,,23587,129,-116,77,77,,5036457901881,
2026-08-19 00:04:32.462,pulse_batch,x,,,,,4,,23591,133,-112,77,77,,5036479873088,
2026-08-19 00:04:32.483,pulse_batch,x,,,,,4,,23595,137,-108,77,77,,5036500480895,
2026-08-19 00:04:32.503,pulse_batch,x,,,,,4,,23599,141,-104,77,77,,5036521061665,
2026-08-19 00:04:32.526,pulse_batch,x,,,,,4,,23603,145,-100,77,77,,5036543304148,
2026-08-19 00:04:32.546,pulse_batch,x,,,,,4,,23607,149,-96,77,77,,5036563984640,
2026-08-19 00:04:32.567,pulse_batch,x,,,,,4,,23611,153,-92,77,77,,5036584566836,
2026-08-19 00:04:32.588,pulse_batch,x,,,,,4,,23615,157,-88,77,77,,5036605308864,
2026-08-19 00:04:32.608,pulse_batch,x,,,,,4,,23619,161,-84,77,77,,5036626069077,
2026-08-19 00:04:32.629,pulse_batch,x,,,,,4,,23623,165,-80,77,77,,5036646589662,
2026-08-19 00:04:32.650,pulse_batch,x,,,,,4,,23627,169,-76,77,77,,5036667362690,
2026-08-19 00:04:32.670,pulse_batch,x,,,,,4,,23631,173,-72,77,77,,5036688144552,
2026-08-19 00:04:32.691,pulse_batch,x,,,,,4,,23635,177,-68,77,77,,5036708690507,
2026-08-19 00:04:32.713,pulse_batch,x,,,,,4,,23639,181,-64,77,77,,5036730774677,
2026-08-19 00:04:32.735,pulse_batch,x,,,,,4,,23643,185,-60,77,77,,5036753168104,
2026-08-19 00:04:32.756,pulse_batch,x,,,,,4,,23647,189,-56,77,77,,5036773735967,
2026-08-19 00:04:32.777,pulse_batch,x,,,,,4,,23651,193,-52,77,77,,5036794773105,
2026-08-19 00:04:32.780,continuous_stop,x,,,,,,1,23651,193,-52,77,77,,5036797525017,
2026-08-19 00:04:33.448,continuous_start,x,,,,,,1,23651,193,-52,77,77,,5037465538290,
2026-08-19 00:04:33.451,pulse_batch,x,,,,,1,,23652,194,-51,77,77,,5037468353924,
2026-08-19 00:04:33.472,pulse_batch,x,,,,,4,,23656,198,-47,77,77,,5037489659561,
2026-08-19 00:04:33.492,pulse_batch,x,,,,,4,,23660,202,-43,77,77,,5037510193516,
2026-08-19 00:04:33.514,pulse_batch,x,,,,,4,,23664,206,-39,77,77,,5037531953632,
2026-08-19 00:04:33.535,pulse_batch,x,,,,,4,,23668,210,-35,77,77,,5037552608012,
2026-08-19 00:04:33.555,pulse_batch,x,,,,,4,,23672,214,-31,77,77,,5037573228152,
2026-08-19 00:04:33.577,pulse_batch,x,,,,,4,,23676,218,-27,77,77,,5037595143712,
2026-08-19 00:04:33.580,continuous_stop,x,,,,,,1,23676,218,-27,77,77,,5037597877884,
2026-08-19 00:04:34.182,continuous_start,x,,,,,,1,23676,218,-27,77,77,,5038199669684,
2026-08-19 00:04:34.185,pulse_batch,x,,,,,1,,23677,219,-26,77,77,,5038202506670,
2026-08-19 00:04:34.206,pulse_batch,x,,,,,4,,23681,223,-22,77,77,,5038223275068,
2026-08-19 00:04:34.226,pulse_batch,x,,,,,4,,23685,227,-18,77,77,,5038243872042,
2026-08-19 00:04:34.247,pulse_batch,x,,,,,4,,23689,231,-14,77,77,,5038265017457,
2026-08-19 00:04:34.250,continuous_stop,x,,,,,,1,23689,231,-14,77,77,,5038267628222,
2026-08-19 00:04:35.517,continuous_start,x,,,,,,1,23689,231,-14,77,77,,5039534574624,
2026-08-19 00:04:35.520,pulse_batch,x,,,,,1,,23690,232,-13,77,77,,5039537428036,
2026-08-19 00:04:35.540,pulse_batch,x,,,,,4,,23694,236,-9,77,77,,5039558184397,
2026-08-19 00:04:35.561,pulse_batch,x,,,,,4,,23698,240,-5,77,77,,5039578730278,
2026-08-19 00:04:35.582,pulse_batch,x,,,,,4,,23702,244,-1,77,77,,5039599632954,
2026-08-19 00:04:35.584,continuous_stop,x,,,,,,1,23702,244,-1,77,77,,5039602218312,
2026-08-19 00:04:38.380,point_saved,x,0,stored,,,,1,,244,-1,77,77,-1,,
2026-08-19 00:04:38.380,point_saved,y,0,stored,,,,-1,,412,0,0,4,0,,
2026-08-19 00:04:42.927,continuous_start,x,,,,,,1,23702,244,-1,77,77,,5046944808501,
2026-08-19 00:04:42.930,pulse_batch,x,,,,,1,,23703,245,0,77,77,,5046947569451,
2026-08-19 00:04:42.950,pulse_batch,x,,,,,4,,23707,249,4,77,77,,5046968218609,
2026-08-19 00:04:42.971,pulse_batch,x,,,,,4,,23711,253,8,77,77,,5046988795638,
2026-08-19 00:04:42.993,pulse_batch,x,,,,,4,,23715,257,12,77,77,,5047010484310,
2026-08-19 00:04:43.013,pulse_batch,x,,,,,4,,23719,261,16,77,77,,5047031160524,
2026-08-19 00:04:43.034,pulse_batch,x,,,,,4,,23723,265,20,77,77,,5047051772923,
2026-08-19 00:04:43.057,pulse_batch,x,,,,,4,,23727,269,24,77,77,,5047074322480,
2026-08-19 00:04:43.078,pulse_batch,x,,,,,4,,23731,273,28,77,77,,5047095512617,
2026-08-19 00:04:43.098,pulse_batch,x,,,,,4,,23735,277,32,77,77,,5047116205405,
2026-08-19 00:04:43.120,pulse_batch,x,,,,,4,,23739,281,36,77,77,,5047137399561,
2026-08-19 00:04:43.141,pulse_batch,x,,,,,4,,23743,285,40,77,77,,5047158875197,
2026-08-19 00:04:43.162,pulse_batch,x,,,,,4,,23747,289,44,77,77,,5047179527318,
2026-08-19 00:04:43.182,pulse_batch,x,,,,,4,,23751,293,48,77,77,,5047200212439,
2026-08-19 00:04:43.206,pulse_batch,x,,,,,4,,23755,297,52,77,77,,5047224129600,
2026-08-19 00:04:43.227,pulse_batch,x,,,,,4,,23759,301,56,77,77,,5047244776092,
2026-08-19 00:04:43.248,pulse_batch,x,,,,,4,,23763,305,60,77,77,,5047265348584,
2026-08-19 00:04:43.269,pulse_batch,x,,,,,4,,23767,309,64,77,77,,5047286647647,
2026-08-19 00:04:43.290,pulse_batch,x,,,,,4,,23771,313,68,77,77,,5047307381582,
2026-08-19 00:04:43.310,pulse_batch,x,,,,,4,,23775,317,72,77,77,,5047328040056,
2026-08-19 00:04:43.333,pulse_batch,x,,,,,4,,23779,321,76,77,77,,5047350622705,
2026-08-19 00:04:43.354,pulse_batch,x,,,,,4,,23783,325,80,77,77,,5047371618732,
2026-08-19 00:04:43.374,pulse_batch,x,,,,,4,,23787,329,84,77,77,,5047392190742,
2026-08-19 00:04:43.398,pulse_batch,x,,,,,4,,23791,333,88,77,77,,5047415276315,
2026-08-19 00:04:43.421,pulse_batch,x,,,,,4,,23795,337,92,77,77,,5047438414665,
2026-08-19 00:04:43.441,pulse_batch,x,,,,,4,,23799,341,96,77,77,,5047458992620,
2026-08-19 00:04:43.465,pulse_batch,x,,,,,4,,23803,345,100,77,77,,5047482269636,
2026-08-19 00:04:43.485,pulse_batch,x,,,,,4,,23807,349,104,77,77,,5047503008016,
2026-08-19 00:04:43.506,pulse_batch,x,,,,,4,,23811,353,108,77,77,,5047523638786,
2026-08-19 00:04:43.529,pulse_batch,x,,,,,4,,23815,357,112,77,77,,5047546245212,
2026-08-19 00:04:43.549,pulse_batch,x,,,,,4,,23819,361,116,77,77,,5047566903612,
2026-08-19 00:04:43.570,pulse_batch,x,,,,,4,,23823,365,120,77,77,,5047587480770,
2026-08-19 00:04:43.592,pulse_batch,x,,,,,4,,23827,369,124,77,77,,5047610043975,
2026-08-19 00:04:43.614,pulse_batch,x,,,,,4,,23831,373,128,77,77,,5047631333464,
2026-08-19 00:04:43.634,pulse_batch,x,,,,,4,,23835,377,132,77,77,,5047652010381,
2026-08-19 00:04:43.656,pulse_batch,x,,,,,4,,23839,381,136,77,77,,5047673972996,
2026-08-19 00:04:43.678,pulse_batch,x,,,,,4,,23843,385,140,77,77,,5047695346355,
2026-08-19 00:04:43.698,pulse_batch,x,,,,,4,,23847,389,144,77,77,,5047715949569,
2026-08-19 00:04:43.719,pulse_batch,x,,,,,4,,23851,393,148,77,77,,5047736675060,
2026-08-19 00:04:43.741,pulse_batch,x,,,,,4,,23855,397,152,77,77,,5047758986303,
2026-08-19 00:04:43.762,pulse_batch,x,,,,,4,,23859,401,156,77,77,,5047779640388,
2026-08-19 00:04:43.783,pulse_batch,x,,,,,4,,23863,405,160,77,77,,5047800303305,
2026-08-19 00:04:43.806,pulse_batch,x,,,,,4,,23867,409,164,77,77,,5047823267045,
2026-08-19 00:04:43.826,pulse_batch,x,,,,,4,,23871,413,168,77,77,,5047844029240,
2026-08-19 00:04:43.847,pulse_batch,x,,,,,4,,23875,417,172,77,77,,5047864624473,
2026-08-19 00:04:43.870,pulse_batch,x,,,,,4,,23879,421,176,77,77,,5047887581712,
2026-08-19 00:04:43.891,pulse_batch,x,,,,,4,,23883,425,180,77,77,,5047908385222,
2026-08-19 00:04:43.911,pulse_batch,x,,,,,4,,23887,429,184,77,77,,5047929030936,
2026-08-19 00:04:43.935,pulse_batch,x,,,,,4,,23891,433,188,77,77,,5047952760875,
2026-08-19 00:04:43.959,pulse_batch,x,,,,,4,,23895,437,192,77,77,,5047977160460,
2026-08-19 00:04:43.980,pulse_batch,x,,,,,4,,23899,441,196,77,77,,5047997985210,
2026-08-19 00:04:44.001,pulse_batch,x,,,,,4,,23903,445,200,77,77,,5048018857275,
2026-08-19 00:04:44.022,pulse_batch,x,,,,,4,,23907,449,204,77,77,,5048039670303,
2026-08-19 00:04:44.042,pulse_batch,x,,,,,4,,23911,453,208,77,77,,5048060241073,
2026-08-19 00:04:44.065,pulse_batch,x,,,,,4,,23915,457,212,77,77,,5048082598760,
2026-08-19 00:04:44.086,pulse_batch,x,,,,,4,,23919,461,216,77,77,,5048103412232,
2026-08-19 00:04:44.106,pulse_batch,x,,,,,4,,23923,465,220,77,77,,5048123949558,
2026-08-19 00:04:44.127,pulse_batch,x,,,,,4,,23927,469,224,77,77,,5048144811808,
2026-08-19 00:04:44.148,pulse_batch,x,,,,,4,,23931,473,228,77,77,,5048165567873,
2026-08-19 00:04:44.168,pulse_batch,x,,,,,4,,23935,477,232,77,77,,5048186141217,
2026-08-19 00:04:44.190,pulse_batch,x,,,,,4,,23939,481,236,77,77,,5048207588020,
2026-08-19 00:04:44.192,continuous_stop,x,,,,,,1,23939,481,236,77,77,,5048210249081,
2026-08-19 00:04:44.726,continuous_start,y,,,,,,-1,5808,412,0,0,4,,5048743686791,
2026-08-19 00:04:44.729,pulse_batch,y,,,,,-1,,5809,411,-1,0,4,,5048746582981,
2026-08-19 00:04:44.750,pulse_batch,y,,,,,-4,,5813,407,-5,0,4,,5048767269380,
2026-08-19 00:04:44.770,pulse_batch,y,,,,,-4,,5817,403,-9,0,4,,5048787842076,
2026-08-19 00:04:44.791,pulse_batch,y,,,,,-4,,5821,399,-13,0,4,,5048808774955,
2026-08-19 00:04:44.812,pulse_batch,y,,,,,-4,,5825,395,-17,0,4,,5048829437817,
2026-08-19 00:04:44.832,pulse_batch,y,,,,,-4,,5829,391,-21,0,4,,5048850069179,
2026-08-19 00:04:44.853,pulse_batch,y,,,,,-4,,5833,387,-25,0,4,,5048870680412,
2026-08-19 00:04:44.874,pulse_batch,y,,,,,-4,,5837,383,-29,0,4,,5048891494625,
2026-08-19 00:04:44.894,pulse_batch,y,,,,,-4,,5841,379,-33,0,4,,5048912116543,
2026-08-19 00:04:44.915,pulse_batch,y,,,,,-4,,5845,375,-37,0,4,,5048932692887,
2026-08-19 00:04:44.938,pulse_batch,y,,,,,-4,,5849,371,-41,0,4,,5048956138402,
2026-08-19 00:04:44.959,pulse_batch,y,,,,,-4,,5853,367,-45,0,4,,5048976730950,
2026-08-19 00:04:44.979,pulse_batch,y,,,,,-4,,5857,363,-49,0,4,,5048997272590,
2026-08-19 00:04:45.002,pulse_batch,y,,,,,-4,,5861,359,-53,0,4,,5049019311890,
2026-08-19 00:04:45.022,pulse_batch,y,,,,,-4,,5865,355,-57,0,4,,5049039945234,
2026-08-19 00:04:45.043,pulse_batch,y,,,,,-4,,5869,351,-61,0,4,,5049060519967,
2026-08-19 00:04:45.063,pulse_batch,y,,,,,-4,,5873,347,-65,0,4,,5049081246384,
2026-08-19 00:04:45.084,pulse_batch,y,,,,,-4,,5877,343,-69,0,4,,5049101953135,
2026-08-19 00:04:45.105,pulse_batch,y,,,,,-4,,5881,339,-73,0,4,,5049122510145,
2026-08-19 00:04:45.128,pulse_batch,y,,,,,-4,,5885,335,-77,0,4,,5049145467552,
2026-08-19 00:04:45.150,pulse_batch,y,,,,,-4,,5889,331,-81,0,4,,5049167304482,
2026-08-19 00:04:45.170,pulse_batch,y,,,,,-4,,5893,327,-85,0,4,,5049187866678,
2026-08-19 00:04:45.191,pulse_batch,y,,,,,-4,,5897,323,-89,0,4,,5049209025223,
2026-08-19 00:04:45.212,pulse_batch,y,,,,,-4,,5901,319,-93,0,4,,5049229747400,
2026-08-19 00:04:45.233,pulse_batch,y,,,,,-4,,5905,315,-97,0,4,,5049250365855,
2026-08-19 00:04:45.253,pulse_batch,y,,,,,-4,,5909,311,-101,0,4,,5049270997365,
2026-08-19 00:04:45.274,pulse_batch,y,,,,,-4,,5913,307,-105,0,4,,5049291833282,
2026-08-19 00:04:45.295,pulse_batch,y,,,,,-4,,5917,303,-109,0,4,,5049312477977,
2026-08-19 00:04:45.315,pulse_batch,y,,,,,-4,,5921,299,-113,0,4,,5049333071803,
2026-08-19 00:04:45.338,pulse_batch,y,,,,,-4,,5925,295,-117,0,4,,5049355626693,
2026-08-19 00:04:45.359,pulse_batch,y,,,,,-4,,5929,291,-121,0,4,,5049376275888,
2026-08-19 00:04:45.379,pulse_batch,y,,,,,-4,,5933,287,-125,0,4,,5049396840973,
2026-08-19 00:04:45.400,pulse_batch,y,,,,,-4,,5937,283,-129,0,4,,5049417533613,
2026-08-19 00:04:45.421,pulse_batch,y,,,,,-4,,5941,279,-133,0,4,,5049438334900,
2026-08-19 00:04:45.441,pulse_batch,y,,,,,-4,,5945,275,-137,0,4,,5049458922059,
2026-08-19 00:04:45.465,pulse_batch,y,,,,,-4,,5949,271,-141,0,4,,5049482371018,
2026-08-19 00:04:45.485,pulse_batch,y,,,,,-4,,5953,267,-145,0,4,,5049503112380,
2026-08-19 00:04:45.506,pulse_batch,y,,,,,-4,,5957,263,-149,0,4,,5049523658354,
2026-08-19 00:04:45.530,pulse_batch,y,,,,,-4,,5961,259,-153,0,4,,5049547934068,
2026-08-19 00:04:45.551,pulse_batch,y,,,,,-4,,5965,255,-157,0,4,,5049568777485,
2026-08-19 00:04:45.572,pulse_batch,y,,,,,-4,,5969,251,-161,0,4,,5049589346866,
2026-08-19 00:04:45.592,pulse_batch,y,,,,,-4,,5973,247,-165,0,4,,5049610034284,
2026-08-19 00:04:45.613,pulse_batch,y,,,,,-4,,5977,243,-169,0,4,,5049630733683,
2026-08-19 00:04:45.634,pulse_batch,y,,,,,-4,,5981,239,-173,0,4,,5049651327304,
2026-08-19 00:04:45.656,pulse_batch,y,,,,,-4,,5985,235,-177,0,4,,5049673723973,
2026-08-19 00:04:45.677,pulse_batch,y,,,,,-4,,5989,231,-181,0,4,,5049694539982,
2026-08-19 00:04:45.697,pulse_batch,y,,,,,-4,,5993,227,-185,0,4,,5049715138678,
2026-08-19 00:04:45.718,pulse_batch,y,,,,,-4,,5997,223,-189,0,4,,5049735711429,
2026-08-19 00:04:45.739,pulse_batch,y,,,,,-4,,6001,219,-193,0,4,,5049756689253,
2026-08-19 00:04:45.760,pulse_batch,y,,,,,-4,,6005,215,-197,0,4,,5049777468096,
2026-08-19 00:04:45.780,pulse_batch,y,,,,,-4,,6009,211,-201,0,4,,5049798034588,
2026-08-19 00:04:45.802,pulse_batch,y,,,,,-4,,6013,207,-205,0,4,,5049819952629,
2026-08-19 00:04:45.823,pulse_batch,y,,,,,-4,,6017,203,-209,0,4,,5049840627510,
2026-08-19 00:04:45.844,pulse_batch,y,,,,,-4,,6021,199,-213,0,4,,5049861308131,
2026-08-19 00:04:45.864,pulse_batch,y,,,,,-4,,6025,195,-217,0,4,,5049882086030,
2026-08-19 00:04:45.889,pulse_batch,y,,,,,-4,,6029,191,-221,0,4,,5049906274597,
2026-08-19 00:04:45.909,pulse_batch,y,,,,,-4,,6033,187,-225,0,4,,5049926857404,
2026-08-19 00:04:45.931,pulse_batch,y,,,,,-4,,6037,183,-229,0,4,,5049949185295,
2026-08-19 00:04:45.952,pulse_batch,y,,,,,-4,,6041,179,-233,0,4,,5049969919101,
2026-08-19 00:04:45.973,pulse_batch,y,,,,,-4,,6045,175,-237,0,4,,5049990455408,
2026-08-19 00:04:45.996,pulse_batch,y,,,,,-4,,6049,171,-241,0,4,,5050013382259,
2026-08-19 00:04:46.016,pulse_batch,y,,,,,-4,,6053,167,-245,0,4,,5050034162417,
2026-08-19 00:04:46.037,pulse_batch,y,,,,,-4,,6057,163,-249,0,4,,5050054718057,
2026-08-19 00:04:46.059,pulse_batch,y,,,,,-4,,6061,159,-253,0,4,,5050077206781,
2026-08-19 00:04:46.080,pulse_batch,y,,,,,-4,,6065,155,-257,0,4,,5050097882476,
2026-08-19 00:04:46.101,pulse_batch,y,,,,,-4,,6069,151,-261,0,4,,5050118469301,
2026-08-19 00:04:46.123,pulse_batch,y,,,,,-4,,6073,147,-265,0,4,,5050140741600,
2026-08-19 00:04:46.144,pulse_batch,y,,,,,-4,,6077,143,-269,0,4,,5050161466943,
2026-08-19 00:04:46.164,pulse_batch,y,,,,,-4,,6081,139,-273,0,4,,5050182133954,
2026-08-19 00:04:46.190,pulse_batch,y,,,,,-4,,6085,135,-277,0,4,,5050207656885,
2026-08-19 00:04:46.211,pulse_batch,y,,,,,-4,,6089,131,-281,0,4,,5050228342821,
2026-08-19 00:04:46.231,pulse_batch,y,,,,,-4,,6093,127,-285,0,4,,5050248900591,
2026-08-19 00:04:46.252,pulse_batch,y,,,,,-4,,6097,123,-289,0,4,,5050269839618,
2026-08-19 00:04:46.276,pulse_batch,y,,,,,-4,,6101,119,-293,0,4,,5050293376540,
2026-08-19 00:04:46.296,pulse_batch,y,,,,,-4,,6105,115,-297,0,4,,5050313986495,
2026-08-19 00:04:46.317,pulse_batch,y,,,,,-4,,6109,111,-301,0,4,,5050334563469,
2026-08-19 00:04:46.340,pulse_batch,y,,,,,-4,,6113,107,-305,0,4,,5050357614449,
2026-08-19 00:04:46.361,pulse_batch,y,,,,,-4,,6117,103,-309,0,4,,5050378305403,
2026-08-19 00:04:46.381,pulse_batch,y,,,,,-4,,6121,99,-313,0,4,,5050398857210,
2026-08-19 00:04:46.406,pulse_batch,y,,,,,-4,,6125,95,-317,0,4,,5050423339517,
2026-08-19 00:04:46.428,pulse_batch,y,,,,,-4,,6129,91,-321,0,4,,5050446201294,
2026-08-19 00:04:46.449,pulse_batch,y,,,,,-4,,6133,87,-325,0,4,,5050466808323,
2026-08-19 00:04:46.470,pulse_batch,y,,,,,-4,,6137,83,-329,0,4,,5050487839369,
2026-08-19 00:04:46.491,pulse_batch,y,,,,,-4,,6141,79,-333,0,4,,5050508520564,
2026-08-19 00:04:46.511,pulse_batch,y,,,,,-4,,6145,75,-337,0,4,,5050529056130,
2026-08-19 00:04:46.534,pulse_batch,y,,,,,-4,,6149,71,-341,0,4,,5050551542465,
2026-08-19 00:04:46.555,pulse_batch,y,,,,,-4,,6153,67,-345,0,4,,5050572213420,
2026-08-19 00:04:46.575,pulse_batch,y,,,,,-4,,6157,63,-349,0,4,,5050592757264,
2026-08-19 00:04:46.595,pulse_batch,y,,,,,-3,,6160,60,-352,0,4,,5050613029776,
2026-08-19 00:04:46.617,pulse_batch,y,,,,,-4,,6164,56,-356,0,4,,5050634435671,
2026-08-19 00:04:46.637,pulse_batch,y,,,,,-4,,6168,52,-360,0,4,,5050654989867,
2026-08-19 00:04:46.660,pulse_batch,y,,,,,-4,,6172,48,-364,0,4,,5050677119759,
2026-08-19 00:04:46.662,continuous_stop,y,,,,,,-1,6172,48,-364,0,4,,5050679733413,
2026-08-19 00:04:46.927,continuous_start,y,,,,,,-1,6172,48,-364,0,4,,5050944836619,
2026-08-19 00:04:46.930,pulse_batch,y,,,,,-1,,6173,47,-365,0,4,,5050947625180,
2026-08-19 00:04:46.951,pulse_batch,y,,,,,-4,,6177,43,-369,0,4,,5050968789058,
2026-08-19 00:04:46.972,pulse_batch,y,,,,,-4,,6181,39,-373,0,4,,5050989369198,
2026-08-19 00:04:46.996,pulse_batch,y,,,,,-4,,6185,35,-377,0,4,,5051013961856,
2026-08-19 00:04:47.018,pulse_batch,y,,,,,-4,,6189,31,-381,0,4,,5051035673546,
2026-08-19 00:04:47.038,pulse_batch,y,,,,,-4,,6193,27,-385,0,4,,5051056230927,
2026-08-19 00:04:47.063,pulse_batch,y,,,,,-4,,6197,23,-389,0,4,,5051080424865,
2026-08-19 00:04:47.087,pulse_batch,y,,,,,-4,,6201,19,-393,0,4,,5051104275989,
2026-08-19 00:04:47.107,pulse_batch,y,,,,,-4,,6205,15,-397,0,4,,5051124952055,
2026-08-19 00:04:47.126,pulse_batch,y,,,,,-3,,6208,12,-400,0,4,,5051143684297,
2026-08-19 00:04:47.126,continuous_stop,y,,,,,,-1,6208,12,-400,0,4,,5051144184998,
2026-08-19 00:04:47.927,continuous_start,y,,,,,,-1,6208,12,-400,0,4,,5051945096292,
2026-08-19 00:04:47.930,pulse_batch,y,,,,,-1,,6209,11,-401,0,4,,5051947866612,
2026-08-19 00:04:47.951,pulse_batch,y,,,,,-4,,6213,7,-405,0,4,,5051968527474,
2026-08-19 00:04:47.971,pulse_batch,y,,,,,-4,,6217,3,-409,0,4,,5051989059429,
2026-08-19 00:04:47.994,pulse_batch,y,,,,,-4,,6221,-1,-413,0,4,,5052011292117,
2026-08-19 00:04:47.996,continuous_stop,y,,,,,,-1,6221,-1,-413,0,4,,5052013873271,
2026-08-19 00:04:48.863,continuous_start,x,,,,,,1,23939,481,236,77,77,,5052880389856,
2026-08-19 00:04:48.866,pulse_batch,x,,,,,1,,23940,482,237,77,77,,5052883322008,
2026-08-19 00:04:48.886,pulse_batch,x,,,,,4,,23944,486,241,77,77,,5052904011278,
2026-08-19 00:04:48.907,pulse_batch,x,,,,,4,,23948,490,245,77,77,,5052924625418,
2026-08-19 00:04:48.928,pulse_batch,x,,,,,4,,23952,494,249,77,77,,5052945869574,
2026-08-19 00:04:48.951,pulse_batch,x,,,,,4,,23956,498,253,77,77,,5052969052905,
2026-08-19 00:04:48.972,pulse_batch,x,,,,,4,,23960,502,257,77,77,,5052989595471,
2026-08-19 00:04:48.993,pulse_batch,x,,,,,4,,23964,506,261,77,77,,5053010287259,
2026-08-19 00:04:49.013,pulse_batch,x,,,,,4,,23968,510,265,77,77,,5053031028380,
2026-08-19 00:04:49.034,pulse_batch,x,,,,,4,,23972,514,269,77,77,,5053051616020,
2026-08-19 00:04:49.054,pulse_batch,x,,,,,4,,23976,518,273,77,77,,5053072209179,
2026-08-19 00:04:49.075,pulse_batch,x,,,,,4,,23980,522,277,77,77,,5053093024596,
2026-08-19 00:04:49.096,pulse_batch,x,,,,,4,,23984,526,281,77,77,,5053113762439,
2026-08-19 00:04:49.117,pulse_batch,x,,,,,4,,23988,530,285,77,77,,5053134397542,
2026-08-19 00:04:49.142,pulse_batch,x,,,,,4,,23992,534,289,77,77,,5053160085621,
2026-08-19 00:04:49.163,pulse_batch,x,,,,,4,,23996,538,293,77,77,,5053180902352,
2026-08-19 00:04:49.184,pulse_batch,x,,,,,4,,24000,542,297,77,77,,5053201524307,
2026-08-19 00:04:49.210,pulse_batch,x,,,,,4,,24004,546,301,77,77,,5053228103659,
2026-08-19 00:04:49.231,pulse_batch,x,,,,,4,,24008,550,305,77,77,,5053248870224,
2026-08-19 00:04:49.253,pulse_batch,x,,,,,4,,24012,554,309,77,77,,5053270237342,
2026-08-19 00:04:49.267,pulse_batch,x,,,,,2,,24014,556,311,77,77,,5053284997622,
2026-08-19 00:04:49.268,continuous_stop,x,,,,,,1,24014,556,311,77,77,,5053285332972,
2026-08-19 00:04:49.798,continuous_start,x,,,,,,1,24014,556,311,77,77,,5053815996623,
2026-08-19 00:04:49.801,pulse_batch,x,,,,,1,,24015,557,312,77,77,,5053818859257,
2026-08-19 00:04:49.822,pulse_batch,x,,,,,4,,24019,561,316,77,77,,5053839665878,
2026-08-19 00:04:49.842,pulse_batch,x,,,,,4,,24023,565,320,77,77,,5053860222351,
2026-08-19 00:04:49.862,pulse_batch,x,,,,,3,,24026,568,323,77,77,,5053879674516,
2026-08-19 00:04:49.862,continuous_stop,x,,,,,,1,24026,568,323,77,77,,5053880132217,
2026-08-19 00:04:50.396,continuous_start,x,,,,,,1,24026,568,323,77,77,,5054413792335,
2026-08-19 00:04:50.399,pulse_batch,x,,,,,1,,24027,569,324,77,77,,5054416762635,
2026-08-19 00:04:50.420,pulse_batch,x,,,,,4,,24031,573,328,77,77,,5054437561719,
2026-08-19 00:04:50.440,pulse_batch,x,,,,,4,,24035,577,332,77,77,,5054458114600,
2026-08-19 00:04:50.463,pulse_batch,x,,,,,4,,24039,581,336,77,77,,5054480237918,
2026-08-19 00:04:50.465,continuous_stop,x,,,,,,1,24039,581,336,77,77,,5054482813591,
2026-08-19 00:04:50.864,continuous_start,x,,,,,,1,24039,581,336,77,77,,5054881852977,
2026-08-19 00:04:50.867,pulse_batch,x,,,,,1,,24040,582,337,77,77,,5054884714888,
2026-08-19 00:04:50.888,pulse_batch,x,,,,,4,,24044,586,341,77,77,,5054905460991,
2026-08-19 00:04:50.908,pulse_batch,x,,,,,4,,24048,590,345,77,77,,5054926044279,
2026-08-19 00:04:50.930,pulse_batch,x,,,,,4,,24052,594,349,77,77,,5054947495675,
2026-08-19 00:04:50.932,continuous_stop,x,,,,,,1,24052,594,349,77,77,,5054950070736,
2026-08-19 00:04:51.397,continuous_start,x,,,,,,1,24052,594,349,77,77,,5055415090967,
2026-08-19 00:04:51.400,pulse_batch,x,,,,,1,,24053,595,350,77,77,,5055418045934,
2026-08-19 00:04:51.421,pulse_batch,x,,,,,4,,24057,599,354,77,77,,5055438807129,
2026-08-19 00:04:51.442,pulse_batch,x,,,,,4,,24061,603,358,77,77,,5055459463121,
2026-08-19 00:04:51.464,pulse_batch,x,,,,,4,,24065,607,362,77,77,,5055481555254,
2026-08-19 00:04:51.466,continuous_stop,x,,,,,,1,24065,607,362,77,77,,5055484131241,
2026-08-19 00:04:51.931,continuous_start,x,,,,,,1,24065,607,362,77,77,,5055949062583,
2026-08-19 00:04:51.934,pulse_batch,x,,,,,1,,24066,608,363,77,77,,5055952032865,
2026-08-19 00:04:51.955,pulse_batch,x,,,,,4,,24070,612,367,77,77,,5055972838060,
2026-08-19 00:04:51.976,pulse_batch,x,,,,,4,,24074,616,371,77,77,,5055993390108,
2026-08-19 00:04:51.998,pulse_batch,x,,,,,4,,24078,620,375,77,77,,5056015160131,
2026-08-19 00:04:52.000,continuous_stop,x,,,,,,1,24078,620,375,77,77,,5056017775544,
2026-08-19 00:04:57.866,point_saved,x,1,stored,,,,1,,620,375,77,77,375,,
2026-08-19 00:04:57.866,point_saved,y,1,stored,,,,-1,,-1,-413,0,4,-413,,
2026-08-19 00:05:00.806,target_start,x,0,stored,,,,,,620,375,77,77,-1,,
2026-08-19 00:05:00.806,target_start,y,0,stored,,,,,,-1,-413,0,4,0,,
2026-08-19 00:05:00.806,approach_source_start,x,0,stored,,,,1,,620,375,77,77,-88,,
2026-08-19 00:05:00.806,approach_source_start,y,0,stored,,,,-1,,-1,-413,0,4,14,,
2026-08-19 00:05:00.809,move_start,y,,,31,431,,1,6221,-1,-413,0,4,,5064827198940,
2026-08-19 00:05:00.810,move_start,x,,,31,-540,,-1,24078,620,375,77,77,,5064827384717,
2026-08-19 00:05:00.812,pulse_batch,y,,,,,1,,6222,0,-413,1,4,,5064830083371,
2026-08-19 00:05:00.812,pulse_batch,x,,,,,-1,,24079,619,375,76,77,,5064830229611,
2026-08-19 00:05:00.833,pulse_batch,y,,,,,4,,6226,4,-412,4,4,,5064850832066,
2026-08-19 00:05:00.834,pulse_batch,x,,,,,-4,,24083,615,375,72,77,,5064851566710,
2026-08-19 00:05:00.854,pulse_batch,y,,,,,4,,6230,8,-408,4,4,,5064871500224,
2026-08-19 00:05:00.854,pulse_batch,x,,,,,-4,,24087,611,375,68,77,,5064872157499,
2026-08-19 00:05:00.876,pulse_batch,y,,,,,4,,6234,12,-404,4,4,,5064892202586,
2026-08-19 00:05:00.877,pulse_batch,x,,,,,-4,,24091,607,375,64,77,,5064894515816,
2026-08-19 00:05:00.895,pulse_batch,y,,,,,4,,6238,16,-400,4,4,,5064912977207,
2026-08-19 00:05:00.898,pulse_batch,x,,,,,-4,,24095,603,375,60,77,,5064915289844,
2026-08-19 00:05:00.916,pulse_batch,y,,,,,4,,6242,20,-396,4,4,,5064933582848,
2026-08-19 00:05:00.918,pulse_batch,x,,,,,-4,,24099,599,375,56,77,,5064935826133,
2026-08-19 00:05:00.937,pulse_batch,y,,,,,4,,6246,24,-392,4,4,,5064954898892,
2026-08-19 00:05:00.939,pulse_batch,x,,,,,-4,,24103,595,375,52,77,,5064956479421,
2026-08-19 00:05:00.958,pulse_batch,y,,,,,4,,6250,28,-388,4,4,,5064975791179,
2026-08-19 00:05:00.961,pulse_batch,x,,,,,-4,,24107,591,375,48,77,,5064978365129,
2026-08-19 00:05:00.979,pulse_batch,y,,,,,4,,6254,32,-384,4,4,,5064996532189,
2026-08-19 00:05:00.981,pulse_batch,x,,,,,-4,,24111,587,375,44,77,,5064998921140,
2026-08-19 00:05:00.999,pulse_batch,y,,,,,4,,6258,36,-380,4,4,,5065017204106,
2026-08-19 00:05:01.002,pulse_batch,x,,,,,-4,,24115,583,375,40,77,,5065019522836,
2026-08-19 00:05:01.021,pulse_batch,y,,,,,4,,6262,40,-376,4,4,,5065039048018,
2026-08-19 00:05:01.024,pulse_batch,x,,,,,-4,,24119,579,375,36,77,,5065041629580,
2026-08-19 00:05:01.042,pulse_batch,y,,,,,4,,6266,44,-372,4,4,,5065059858565,
2026-08-19 00:05:01.045,pulse_batch,x,,,,,-4,,24123,575,375,32,77,,5065062531108,
2026-08-19 00:05:01.063,pulse_batch,y,,,,,4,,6270,48,-368,4,4,,5065080634501,
2026-08-19 00:05:01.065,pulse_batch,x,,,,,-4,,24127,571,375,28,77,,5065083184192,
2026-08-19 00:05:01.085,pulse_batch,y,,,,,4,,6274,52,-364,4,4,,5065102407746,
2026-08-19 00:05:01.087,pulse_batch,x,,,,,-4,,24131,567,375,24,77,,5065104942142,
2026-08-19 00:05:01.105,pulse_batch,y,,,,,4,,6278,56,-360,4,4,,5065123148460,
2026-08-19 00:05:01.108,pulse_batch,x,,,,,-4,,24135,563,375,20,77,,5065125683577,
2026-08-19 00:05:01.126,pulse_batch,y,,,,,4,,6282,60,-356,4,4,,5065143767989,
2026-08-19 00:05:01.128,pulse_batch,x,,,,,-4,,24139,559,375,16,77,,5065146232329,
2026-08-19 00:05:01.148,pulse_batch,y,,,,,4,,6286,64,-352,4,4,,5065165780400,
2026-08-19 00:05:01.154,pulse_batch,x,,,,,-4,,24143,555,375,12,77,,5065171517372,
2026-08-19 00:05:01.169,pulse_batch,y,,,,,4,,6290,68,-348,4,4,,5065186491744,
2026-08-19 00:05:01.174,pulse_batch,x,,,,,-4,,24147,551,375,8,77,,5065192147050,
2026-08-19 00:05:01.189,pulse_batch,y,,,,,4,,6294,72,-344,4,4,,5065207067829,
2026-08-19 00:05:01.195,pulse_batch,x,,,,,-4,,24151,547,375,4,77,,5065212907930,
2026-08-19 00:05:01.210,pulse_batch,y,,,,,4,,6298,76,-340,4,4,,5065227771283,
2026-08-19 00:05:01.218,pulse_batch,x,,,,,-4,,24155,543,375,0,77,,5065235338006,
2026-08-19 00:05:01.231,pulse_batch,y,,,,,4,,6302,80,-336,4,4,,5065248516830,
2026-08-19 00:05:01.238,pulse_batch,x,,,,,-4,,24159,539,371,0,77,,5065255990238,
2026-08-19 00:05:01.251,pulse_batch,y,,,,,4,,6306,84,-332,4,4,,5065269115434,
2026-08-19 00:05:01.259,pulse_batch,x,,,,,-4,,24163,535,367,0,77,,5065276532194,
2026-08-19 00:05:01.272,pulse_batch,y,,,,,4,,6310,88,-328,4,4,,5065289707648,
2026-08-19 00:05:01.283,pulse_batch,x,,,,,-4,,24167,531,363,0,77,,5065300993556,
2026-08-19 00:05:01.295,pulse_batch,y,,,,,4,,6314,92,-324,4,4,,5065312857294,
2026-08-19 00:05:01.304,pulse_batch,x,,,,,-4,,24171,527,359,0,77,,5065321849269,
2026-08-19 00:05:01.316,pulse_batch,y,,,,,4,,6318,96,-320,4,4,,5065333480397,
2026-08-19 00:05:01.325,pulse_batch,x,,,,,-4,,24175,523,355,0,77,,5065342382187,
2026-08-19 00:05:01.336,pulse_batch,y,,,,,4,,6322,100,-316,4,4,,5065354067223,
2026-08-19 00:05:01.348,pulse_batch,x,,,,,-4,,24179,519,351,0,77,,5065365898202,
2026-08-19 00:05:01.359,pulse_batch,y,,,,,4,,6326,104,-312,4,4,,5065376283059,
2026-08-19 00:05:01.369,pulse_batch,x,,,,,-4,,24183,515,347,0,77,,5065386524213,
2026-08-19 00:05:01.379,pulse_batch,y,,,,,4,,6330,108,-308,4,4,,5065396929644,
2026-08-19 00:05:01.389,pulse_batch,x,,,,,-4,,24187,511,343,0,77,,5065407129835,
2026-08-19 00:05:01.400,pulse_batch,y,,,,,4,,6334,112,-304,4,4,,5065418070318,
2026-08-19 00:05:01.412,pulse_batch,x,,,,,-4,,24191,507,339,0,77,,5065429749817,
2026-08-19 00:05:01.425,pulse_batch,y,,,,,4,,6338,116,-300,4,4,,5065442808605,
2026-08-19 00:05:01.433,pulse_batch,x,,,,,-4,,24195,503,335,0,77,,5065450714030,
2026-08-19 00:05:01.446,pulse_batch,y,,,,,4,,6342,120,-296,4,4,,5065463405282,
2026-08-19 00:05:01.454,pulse_batch,x,,,,,-4,,24199,499,331,0,77,,5065471310022,
2026-08-19 00:05:01.467,pulse_batch,y,,,,,4,,6346,124,-292,4,4,,5065484661068,
2026-08-19 00:05:01.476,pulse_batch,x,,,,,-4,,24203,495,327,0,77,,5065493738801,
2026-08-19 00:05:01.489,pulse_batch,y,,,,,4,,6350,128,-288,4,4,,5065506714016,
2026-08-19 00:05:01.497,pulse_batch,x,,,,,-4,,24207,491,323,0,77,,5065514430885,
2026-08-19 00:05:01.510,pulse_batch,y,,,,,4,,6354,132,-284,4,4,,5065527524414,
2026-08-19 00:05:01.517,pulse_batch,x,,,,,-4,,24211,487,319,0,77,,5065535064563,
2026-08-19 00:05:01.530,pulse_batch,y,,,,,4,,6358,136,-280,4,4,,5065548088740,
2026-08-19 00:05:01.538,pulse_batch,x,,,,,-4,,24215,483,315,0,77,,5065555882980,
2026-08-19 00:05:01.551,pulse_batch,y,,,,,4,,6362,140,-276,4,4,,5065568895046,
2026-08-19 00:05:01.559,pulse_batch,x,,,,,-4,,24219,479,311,0,77,,5065576710952,
2026-08-19 00:05:01.572,pulse_batch,y,,,,,4,,6366,144,-272,4,4,,5065589578667,
2026-08-19 00:05:01.579,pulse_batch,x,,,,,-4,,24223,475,307,0,77,,5065597278648,
2026-08-19 00:05:01.592,pulse_batch,y,,,,,4,,6370,148,-268,4,4,,5065610114604,
2026-08-19 00:05:01.601,pulse_batch,x,,,,,-4,,24227,471,303,0,77,,5065618295268,
2026-08-19 00:05:01.615,pulse_batch,y,,,,,4,,6374,152,-264,4,4,,5065632629420,
2026-08-19 00:05:01.625,pulse_batch,x,,,,,-4,,24231,467,299,0,77,,5065642710982,
2026-08-19 00:05:01.636,pulse_batch,y,,,,,4,,6378,156,-260,4,4,,5065653312097,
2026-08-19 00:05:01.646,pulse_batch,x,,,,,-4,,24235,463,295,0,77,,5065663313289,
2026-08-19 00:05:01.656,pulse_batch,y,,,,,4,,6382,160,-256,4,4,,5065673810164,
2026-08-19 00:05:01.669,pulse_batch,x,,,,,-4,,24239,459,291,0,77,,5065686722156,
2026-08-19 00:05:01.679,pulse_batch,y,,,,,4,,6386,164,-252,4,4,,5065697181198,
2026-08-19 00:05:01.690,pulse_batch,x,,,,,-4,,24243,455,287,0,77,,5065707527129,
2026-08-19 00:05:01.701,pulse_batch,y,,,,,4,,6390,168,-248,4,4,,5065718453150,
2026-08-19 00:05:01.711,pulse_batch,x,,,,,-4,,24247,451,283,0,77,,5065728303583,
2026-08-19 00:05:01.721,pulse_batch,y,,,,,4,,6394,172,-244,4,4,,5065739034605,
2026-08-19 00:05:01.731,pulse_batch,x,,,,,-4,,24251,447,279,0,77,,5065748864927,
2026-08-19 00:05:01.743,pulse_batch,y,,,,,4,,6398,176,-240,4,4,,5065760742777,
2026-08-19 00:05:01.753,pulse_batch,x,,,,,-4,,24255,443,275,0,77,,5065771154634,
2026-08-19 00:05:01.766,pulse_batch,y,,,,,4,,6402,180,-236,4,4,,5065784147237,
2026-08-19 00:05:01.774,pulse_batch,x,,,,,-4,,24259,439,271,0,77,,5065792170939,
2026-08-19 00:05:01.787,pulse_batch,y,,,,,4,,6406,184,-232,4,4,,5065804737840,
2026-08-19 00:05:01.795,pulse_batch,x,,,,,-4,,24263,435,267,0,77,,5065812724672,
2026-08-19 00:05:01.809,pulse_batch,y,,,,,4,,6410,188,-228,4,4,,5065825377480,
2026-08-19 00:05:01.818,pulse_batch,x,,,,,-4,,24267,431,263,0,77,,5065835329858,
2026-08-19 00:05:01.829,pulse_batch,y,,,,,4,,6414,192,-224,4,4,,5065846685191,
2026-08-19 00:05:01.839,pulse_batch,x,,,,,-4,,24271,427,259,0,77,,5065856486977,
2026-08-19 00:05:01.849,pulse_batch,y,,,,,4,,6418,196,-220,4,4,,5065867270424,
2026-08-19 00:05:01.859,pulse_batch,x,,,,,-4,,24275,423,255,0,77,,5065877044117,
2026-08-19 00:05:01.871,pulse_batch,y,,,,,4,,6422,200,-216,4,4,,5065889262169,
2026-08-19 00:05:01.882,pulse_batch,x,,,,,-4,,24279,419,251,0,77,,5065899771229,
2026-08-19 00:05:01.893,pulse_batch,y,,,,,4,,6426,204,-212,4,4,,5065910162493,
2026-08-19 00:05:01.904,pulse_batch,x,,,,,-4,,24283,415,247,0,77,,5065921272309,
2026-08-19 00:05:01.913,pulse_batch,y,,,,,4,,6430,208,-208,4,4,,5065930917262,
2026-08-19 00:05:01.924,pulse_batch,x,,,,,-4,,24287,411,243,0,77,,5065941833912,
2026-08-19 00:05:01.935,pulse_batch,y,,,,,4,,6434,212,-204,4,4,,5065952686304,
2026-08-19 00:05:01.948,pulse_batch,x,,,,,-4,,24291,407,239,0,77,,5065966174386,
2026-08-19 00:05:01.956,pulse_batch,y,,,,,4,,6438,216,-200,4,4,,5065973876849,
2026-08-19 00:05:01.969,pulse_batch,x,,,,,-4,,24295,403,235,0,77,,5065986895045,
2026-08-19 00:05:01.977,pulse_batch,y,,,,,4,,6442,220,-196,4,4,,5065994648710,
2026-08-19 00:05:01.990,pulse_batch,x,,,,,-4,,24299,399,231,0,77,,5066007513296,
2026-08-19 00:05:01.997,pulse_batch,y,,,,,4,,6446,224,-192,4,4,,5066015211036,
2026-08-19 00:05:02.011,pulse_batch,x,,,,,-4,,24303,395,227,0,77,,5066028251232,
2026-08-19 00:05:02.018,pulse_batch,y,,,,,4,,6450,228,-188,4,4,,5066035947602,
2026-08-19 00:05:02.035,pulse_batch,x,,,,,-4,,24307,391,223,0,77,,5066053083944,
2026-08-19 00:05:02.041,pulse_batch,y,,,,,4,,6454,232,-184,4,4,,5066058394714,
2026-08-19 00:05:02.056,pulse_batch,x,,,,,-4,,24311,387,219,0,77,,5066073642085,
2026-08-19 00:05:02.061,pulse_batch,y,,,,,4,,6458,236,-180,4,4,,5066078931374,
2026-08-19 00:05:02.077,pulse_batch,x,,,,,-4,,24315,383,215,0,77,,5066094844722,
2026-08-19 00:05:02.082,pulse_batch,y,,,,,4,,6462,240,-176,4,4,,5066099948753,
2026-08-19 00:05:02.098,pulse_batch,x,,,,,-4,,24319,379,211,0,77,,5066115679861,
2026-08-19 00:05:02.103,pulse_batch,y,,,,,4,,6466,244,-172,4,4,,5066120830503,
2026-08-19 00:05:02.119,pulse_batch,x,,,,,-4,,24323,375,207,0,77,,5066136391149,
2026-08-19 00:05:02.124,pulse_batch,y,,,,,4,,6470,248,-168,4,4,,5066141462161,
2026-08-19 00:05:02.139,pulse_batch,x,,,,,-4,,24327,371,203,0,77,,5066157131677,
2026-08-19 00:05:02.146,pulse_batch,y,,,,,4,,6474,252,-164,4,4,,5066164038292,
2026-08-19 00:05:02.162,pulse_batch,x,,,,,-4,,24331,367,199,0,77,,5066179610438,
2026-08-19 00:05:02.167,pulse_batch,y,,,,,4,,6478,256,-160,4,4,,5066185024245,
2026-08-19 00:05:02.182,pulse_batch,x,,,,,-4,,24335,363,195,0,77,,5066200224190,
2026-08-19 00:05:02.188,pulse_batch,y,,,,,4,,6482,260,-156,4,4,,5066205598330,
2026-08-19 00:05:02.203,pulse_batch,x,,,,,-4,,24339,359,191,0,77,,5066220914978,
2026-08-19 00:05:02.211,pulse_batch,y,,,,,4,,6486,264,-152,4,4,,5066228527403,
2026-08-19 00:05:02.225,pulse_batch,x,,,,,-4,,24343,355,187,0,77,,5066242798741,
2026-08-19 00:05:02.231,pulse_batch,y,,,,,4,,6490,268,-148,4,4,,5066249155266,
2026-08-19 00:05:02.246,pulse_batch,x,,,,,-4,,24347,351,183,0,77,,5066263373289,
2026-08-19 00:05:02.252,pulse_batch,y,,,,,4,,6494,272,-144,4,4,,5066269749480,
2026-08-19 00:05:02.266,pulse_batch,x,,,,,-4,,24351,347,179,0,77,,5066284026948,
2026-08-19 00:05:02.272,pulse_batch,y,,,,,4,,6498,276,-140,4,4,,5066290288658,
2026-08-19 00:05:02.287,pulse_batch,x,,,,,-4,,24355,343,175,0,77,,5066305183993,
2026-08-19 00:05:02.293,pulse_batch,y,,,,,4,,6502,280,-136,4,4,,5066310972446,
2026-08-19 00:05:02.308,pulse_batch,x,,,,,-4,,24359,339,171,0,77,,5066325992113,
2026-08-19 00:05:02.314,pulse_batch,y,,,,,4,,6506,284,-132,4,4,,5066331558901,
2026-08-19 00:05:02.329,pulse_batch,x,,,,,-4,,24363,335,167,0,77,,5066346567513,
2026-08-19 00:05:02.334,pulse_batch,y,,,,,4,,6510,288,-128,4,4,,5066352167708,
2026-08-19 00:05:02.351,pulse_batch,x,,,,,-4,,24367,331,163,0,77,,5066368970885,
2026-08-19 00:05:02.357,pulse_batch,y,,,,,4,,6514,292,-124,4,4,,5066374565599,
2026-08-19 00:05:02.372,pulse_batch,x,,,,,-4,,24371,327,159,0,77,,5066389630322,
2026-08-19 00:05:02.377,pulse_batch,y,,,,,4,,6518,296,-120,4,4,,5066395104684,
2026-08-19 00:05:02.392,pulse_batch,x,,,,,-4,,24375,323,155,0,77,,5066410157870,
2026-08-19 00:05:02.398,pulse_batch,y,,,,,4,,6522,300,-116,4,4,,5066415673658,
2026-08-19 00:05:02.413,pulse_batch,x,,,,,-4,,24379,319,151,0,77,,5066431069119,
2026-08-19 00:05:02.419,pulse_batch,y,,,,,4,,6526,304,-112,4,4,,5066436328335,
2026-08-19 00:05:02.434,pulse_batch,x,,,,,-4,,24383,315,147,0,77,,5066451801389,
2026-08-19 00:05:02.439,pulse_batch,y,,,,,4,,6530,308,-108,4,4,,5066457038252,
2026-08-19 00:05:02.455,pulse_batch,x,,,,,-4,,24387,311,143,0,77,,5066472401122,
2026-08-19 00:05:02.460,pulse_batch,y,,,,,4,,6534,312,-104,4,4,,5066477614818,
2026-08-19 00:05:02.477,pulse_batch,x,,,,,-4,,24391,307,139,0,77,,5066494939641,
2026-08-19 00:05:02.482,pulse_batch,y,,,,,4,,6538,316,-100,4,4,,5066500164394,
2026-08-19 00:05:02.498,pulse_batch,x,,,,,-4,,24395,303,135,0,77,,5066515699448,
2026-08-19 00:05:02.503,pulse_batch,y,,,,,4,,6542,320,-96,4,4,,5066520868385,
2026-08-19 00:05:02.519,pulse_batch,x,,,,,-4,,24399,299,131,0,77,,5066536313440,
2026-08-19 00:05:02.524,pulse_batch,y,,,,,4,,6546,324,-92,4,4,,5066541563340,
2026-08-19 00:05:02.539,pulse_batch,x,,,,,-4,,24403,295,127,0,77,,5066556920617,
2026-08-19 00:05:02.547,pulse_batch,y,,,,,4,,6550,328,-88,4,4,,5066564556450,
2026-08-19 00:05:02.562,pulse_batch,x,,,,,-4,,24407,291,123,0,77,,5066580052115,
2026-08-19 00:05:02.568,pulse_batch,y,,,,,4,,6554,332,-84,4,4,,5066585284608,
2026-08-19 00:05:02.583,pulse_batch,x,,,,,-4,,24411,287,119,0,77,,5066600652107,
2026-08-19 00:05:02.588,pulse_batch,y,,,,,4,,6558,336,-80,4,4,,5066605825823,
2026-08-19 00:05:02.603,pulse_batch,x,,,,,-4,,24415,283,115,0,77,,5066621260211,
2026-08-19 00:05:02.610,pulse_batch,y,,,,,4,,6562,340,-76,4,4,,5066628098529,
2026-08-19 00:05:02.626,pulse_batch,x,,,,,-4,,24419,279,111,0,77,,5066644093488,
2026-08-19 00:05:02.631,pulse_batch,y,,,,,4,,6566,344,-72,4,4,,5066648820354,
2026-08-19 00:05:02.647,pulse_batch,x,,,,,-4,,24423,275,107,0,77,,5066664635999,
2026-08-19 00:05:02.652,pulse_batch,y,,,,,4,,6570,348,-68,4,4,,5066669358106,
2026-08-19 00:05:02.667,pulse_batch,x,,,,,-4,,24427,271,103,0,77,,5066685176380,
2026-08-19 00:05:02.672,pulse_batch,y,,,,,4,,6574,352,-64,4,4,,5066689932172,
2026-08-19 00:05:02.689,pulse_batch,x,,,,,-4,,24431,267,99,0,77,,5066706638628,
2026-08-19 00:05:02.693,pulse_batch,y,,,,,4,,6578,356,-60,4,4,,5066710763367,
2026-08-19 00:05:02.710,pulse_batch,x,,,,,-4,,24435,263,95,0,77,,5066727331805,
2026-08-19 00:05:02.714,pulse_batch,y,,,,,4,,6582,360,-56,4,4,,5066731318378,
2026-08-19 00:05:02.730,pulse_batch,x,,,,,-4,,24439,259,91,0,77,,5066747925760,
2026-08-19 00:05:02.734,pulse_batch,y,,,,,4,,6586,364,-52,4,4,,5066751933073,
2026-08-19 00:05:02.752,pulse_batch,x,,,,,-4,,24443,255,87,0,77,,5066769484192,
2026-08-19 00:05:02.755,pulse_batch,y,,,,,4,,6590,368,-48,4,4,,5066772594547,
2026-08-19 00:05:02.772,pulse_batch,x,,,,,-4,,24447,251,83,0,77,,5066790070128,
2026-08-19 00:05:02.776,pulse_batch,y,,,,,4,,6594,372,-44,4,4,,5066793317983,
2026-08-19 00:05:02.793,pulse_batch,x,,,,,-4,,24451,247,79,0,77,,5066810582787,
2026-08-19 00:05:02.796,pulse_batch,y,,,,,4,,6598,376,-40,4,4,,5066813834105,
2026-08-19 00:05:02.813,pulse_batch,x,,,,,-4,,24455,243,75,0,77,,5066831183909,
2026-08-19 00:05:02.818,pulse_batch,y,,,,,4,,6602,380,-36,4,4,,5066836054330,
2026-08-19 00:05:02.834,pulse_batch,x,,,,,-4,,24459,239,71,0,77,,5066851747328,
2026-08-19 00:05:02.839,pulse_batch,y,,,,,4,,6606,384,-32,4,4,,5066856682322,
2026-08-19 00:05:02.854,pulse_batch,x,,,,,-4,,24463,235,67,0,77,,5066872256116,
2026-08-19 00:05:02.859,pulse_batch,y,,,,,4,,6610,388,-28,4,4,,5066877217611,
2026-08-19 00:05:02.875,pulse_batch,x,,,,,-4,,24467,231,63,0,77,,5066892809350,
2026-08-19 00:05:02.880,pulse_batch,y,,,,,4,,6614,392,-24,4,4,,5066898163175,
2026-08-19 00:05:02.896,pulse_batch,x,,,,,-4,,24471,227,59,0,77,,5066913713636,
2026-08-19 00:05:02.901,pulse_batch,y,,,,,4,,6618,396,-20,4,4,,5066918966018,
2026-08-19 00:05:02.917,pulse_batch,x,,,,,-4,,24475,223,55,0,77,,5066934362314,
2026-08-19 00:05:02.922,pulse_batch,y,,,,,4,,6622,400,-16,4,4,,5066939709621,
2026-08-19 00:05:02.938,pulse_batch,x,,,,,-4,,24479,219,51,0,77,,5066955403415,
2026-08-19 00:05:02.944,pulse_batch,y,,,,,4,,6626,404,-12,4,4,,5066961999642,
2026-08-19 00:05:02.960,pulse_batch,x,,,,,-4,,24483,215,47,0,77,,5066977510640,
2026-08-19 00:05:02.965,pulse_batch,y,,,,,4,,6630,408,-8,4,4,,5066982909836,
2026-08-19 00:05:02.981,pulse_batch,x,,,,,-4,,24487,211,43,0,77,,5066998344131,
2026-08-19 00:05:02.986,pulse_batch,y,,,,,4,,6634,412,-4,4,4,,5067003602180,
2026-08-19 00:05:03.002,pulse_batch,x,,,,,-4,,24491,207,39,0,77,,5067018943753,
2026-08-19 00:05:03.007,pulse_batch,y,,,,,4,,6638,416,0,4,4,,5067024692225,
2026-08-19 00:05:03.025,pulse_batch,x,,,,,-4,,24495,203,35,0,77,,5067042722507,
2026-08-19 00:05:03.029,pulse_batch,y,,,,,4,,6642,420,4,4,4,,5067046901080,
2026-08-19 00:05:03.046,pulse_batch,x,,,,,-4,,24499,199,31,0,77,,5067063310944,
2026-08-19 00:05:03.050,pulse_batch,y,,,,,4,,6646,424,8,4,4,,5067067449998,
2026-08-19 00:05:03.066,pulse_batch,x,,,,,-4,,24503,195,27,0,77,,5067083864381,
2026-08-19 00:05:03.070,pulse_batch,y,,,,,4,,6650,428,12,4,4,,5067088056175,
2026-08-19 00:05:03.083,pulse_batch,y,,,,,2,,6652,430,14,4,4,,5067101001131,
2026-08-19 00:05:03.083,move_finish,y,,,31,,,,6652,430,14,4,4,,5067101238333,
2026-08-19 00:05:03.091,pulse_batch,x,,,,,-4,,24507,191,23,0,77,,5067108135911,
2026-08-19 00:05:03.111,pulse_batch,x,,,,,-4,,24511,187,19,0,77,,5067128697607,
2026-08-19 00:05:03.132,pulse_batch,x,,,,,-4,,24515,183,15,0,77,,5067150054410,
2026-08-19 00:05:03.155,pulse_batch,x,,,,,-4,,24519,179,11,0,77,,5067172782762,
2026-08-19 00:05:03.177,pulse_batch,x,,,,,-4,,24523,175,7,0,77,,5067195041746,
2026-08-19 00:05:03.198,pulse_batch,x,,,,,-4,,24527,171,3,0,77,,5067215660146,
2026-08-19 00:05:03.220,pulse_batch,x,,,,,-3,,24530,168,0,0,77,,5067237302762,
2026-08-19 00:05:03.240,pulse_batch,x,,,,,-4,,24534,164,-4,0,77,,5067258084143,
2026-08-19 00:05:03.261,pulse_batch,x,,,,,-4,,24538,160,-8,0,77,,5067278656098,
2026-08-19 00:05:03.283,pulse_batch,x,,,,,-4,,24542,156,-12,0,77,,5067300801231,
2026-08-19 00:05:03.304,pulse_batch,x,,,,,-4,,24546,152,-16,0,77,,5067321469167,
2026-08-19 00:05:03.324,pulse_batch,x,,,,,-4,,24550,148,-20,0,77,,5067342062289,
2026-08-19 00:05:03.345,pulse_batch,x,,,,,-4,,24554,144,-24,0,77,,5067362736484,
2026-08-19 00:05:03.366,pulse_batch,x,,,,,-4,,24558,140,-28,0,77,,5067383515401,
2026-08-19 00:05:03.386,pulse_batch,x,,,,,-4,,24562,136,-32,0,77,,5067404069005,
2026-08-19 00:05:03.407,pulse_batch,x,,,,,-4,,24566,132,-36,0,77,,5067425112513,
2026-08-19 00:05:03.430,pulse_batch,x,,,,,-4,,24570,128,-40,0,77,,5067447839217,
2026-08-19 00:05:03.451,pulse_batch,x,,,,,-4,,24574,124,-44,0,77,,5067468430710,
2026-08-19 00:05:03.471,pulse_batch,x,,,,,-4,,24578,120,-48,0,77,,5067489194534,
2026-08-19 00:05:03.494,pulse_batch,x,,,,,-4,,24582,116,-52,0,77,,5067511352149,
2026-08-19 00:05:03.514,pulse_batch,x,,,,,-4,,24586,112,-56,0,77,,5067531970196,
2026-08-19 00:05:03.535,pulse_batch,x,,,,,-4,,24590,108,-60,0,77,,5067552597762,
2026-08-19 00:05:03.556,pulse_batch,x,,,,,-4,,24594,104,-64,0,77,,5067573308161,
2026-08-19 00:05:03.576,pulse_batch,x,,,,,-4,,24598,100,-68,0,77,,5067594188059,
2026-08-19 00:05:03.597,pulse_batch,x,,,,,-4,,24602,96,-72,0,77,,5067614736570,
2026-08-19 00:05:03.619,pulse_batch,x,,,,,-4,,24606,92,-76,0,77,,5067636771370,
2026-08-19 00:05:03.640,pulse_batch,x,,,,,-4,,24610,88,-80,0,77,,5067657639287,
2026-08-19 00:05:03.660,pulse_batch,x,,,,,-4,,24614,84,-84,0,77,,5067678170168,
2026-08-19 00:05:03.681,pulse_batch,x,,,,,-4,,24618,80,-88,0,77,,5067698934086,
2026-08-19 00:05:03.684,move_finish,x,,,31,,,,24618,80,-88,0,77,,5067701506610,
2026-08-19 00:05:03.869,approach_source_finish,x,0,stored,,,,1,,80,-88,0,77,-88,,
2026-08-19 00:05:03.869,approach_source_finish,y,0,stored,,,,-1,,430,14,4,4,14,,
2026-08-19 00:05:03.874,move_start,y,,,32,-18,,-1,6652,430,14,4,4,,5067891308981,
2026-08-19 00:05:03.874,move_start,x,,,32,164,,1,24618,80,-88,0,77,,5067891170704,
2026-08-19 00:05:03.876,pulse_batch,y,,,,,-1,,6653,429,14,3,4,,5067894136282,
2026-08-19 00:05:03.877,pulse_batch,x,,,,,1,,24619,81,-88,1,77,,5067894782057,
2026-08-19 00:05:03.898,pulse_batch,y,,,,,-4,,6657,425,13,0,4,,5067915613400,
2026-08-19 00:05:03.898,pulse_batch,x,,,,,4,,24623,85,-88,5,77,,5067915809139,
2026-08-19 00:05:03.918,pulse_batch,y,,,,,-4,,6661,421,9,0,4,,5067936183336,
2026-08-19 00:05:03.919,pulse_batch,x,,,,,4,,24627,89,-88,9,77,,5067936375187,
2026-08-19 00:05:03.939,pulse_batch,y,,,,,-4,,6665,417,5,0,4,,5067957156919,
2026-08-19 00:05:03.939,pulse_batch,x,,,,,4,,24631,93,-88,13,77,,5067957110531,
2026-08-19 00:05:03.961,pulse_batch,x,,,,,4,,24635,97,-88,17,77,,5067979134997,
2026-08-19 00:05:03.961,pulse_batch,y,,,,,-4,,6669,413,1,0,4,,5067979049424,
2026-08-19 00:05:03.969,pulse_batch,y,,,,,-1,,6670,412,0,0,4,,5067986757664,
2026-08-19 00:05:03.969,move_finish,y,,,32,,,,6670,412,0,0,4,,5067986983070,
2026-08-19 00:05:03.982,pulse_batch,x,,,,,4,,24639,101,-88,21,77,,5067999767971,
2026-08-19 00:05:04.003,pulse_batch,x,,,,,4,,24643,105,-88,25,77,,5068020427333,
2026-08-19 00:05:04.025,pulse_batch,x,,,,,4,,24647,109,-88,29,77,,5068042649262,
2026-08-19 00:05:04.046,pulse_batch,x,,,,,4,,24651,113,-88,33,77,,5068063844158,
2026-08-19 00:05:04.067,pulse_batch,x,,,,,4,,24655,117,-88,37,77,,5068084435058,
2026-08-19 00:05:04.090,pulse_batch,x,,,,,4,,24659,121,-88,41,77,,5068107429372,
2026-08-19 00:05:04.110,pulse_batch,x,,,,,4,,24663,125,-88,45,77,,5068128098586,
2026-08-19 00:05:04.131,pulse_batch,x,,,,,4,,24667,129,-88,49,77,,5068148711374,
2026-08-19 00:05:04.153,pulse_batch,x,,,,,4,,24671,133,-88,53,77,,5068170956507,
2026-08-19 00:05:04.174,pulse_batch,x,,,,,4,,24675,137,-88,57,77,,5068191641406,
2026-08-19 00:05:04.194,pulse_batch,x,,,,,4,,24679,141,-88,61,77,,5068212191435,
2026-08-19 00:05:04.217,pulse_batch,x,,,,,4,,24683,145,-88,65,77,,5068234649104,
2026-08-19 00:05:04.238,pulse_batch,x,,,,,4,,24687,149,-88,69,77,,5068255437873,
2026-08-19 00:05:04.258,pulse_batch,x,,,,,4,,24691,153,-88,73,77,,5068276034328,
2026-08-19 00:05:04.279,pulse_batch,x,,,,,4,,24695,157,-88,77,77,,5068296771356,
2026-08-19 00:05:04.300,pulse_batch,x,,,,,4,,24699,161,-84,77,77,,5068317624051,
2026-08-19 00:05:04.320,pulse_batch,x,,,,,4,,24703,165,-80,77,77,,5068338202969,
2026-08-19 00:05:04.342,pulse_batch,x,,,,,4,,24707,169,-76,77,77,,5068359504606,
2026-08-19 00:05:04.365,pulse_batch,x,,,,,4,,24711,173,-72,77,77,,5068382283273,
2026-08-19 00:05:04.385,pulse_batch,x,,,,,4,,24715,177,-68,77,77,,5068402957227,
2026-08-19 00:05:04.406,pulse_batch,x,,,,,4,,24719,181,-64,77,77,,5068423545775,
2026-08-19 00:05:04.426,pulse_batch,x,,,,,3,,24722,184,-61,77,77,,5068444093434,
2026-08-19 00:05:04.447,pulse_batch,x,,,,,4,,24726,188,-57,77,77,,5068464904074,
2026-08-19 00:05:04.468,pulse_batch,x,,,,,4,,24730,192,-53,77,77,,5068485472973,
2026-08-19 00:05:04.489,pulse_batch,x,,,,,4,,24734,196,-49,77,77,,5068506950702,
2026-08-19 00:05:04.510,pulse_batch,x,,,,,4,,24738,200,-45,77,77,,5068527829933,
2026-08-19 00:05:04.531,pulse_batch,x,,,,,4,,24742,204,-41,77,77,,5068548380556,
2026-08-19 00:05:04.551,pulse_batch,x,,,,,4,,24746,208,-37,77,77,,5068569217047,
2026-08-19 00:05:04.573,pulse_batch,x,,,,,4,,24750,212,-33,77,77,,5068590282370,
2026-08-19 00:05:04.593,pulse_batch,x,,,,,4,,24754,216,-29,77,77,,5068610832196,
2026-08-19 00:05:04.615,pulse_batch,x,,,,,4,,24758,220,-25,77,77,,5068632503145,
2026-08-19 00:05:04.638,pulse_batch,x,,,,,4,,24762,224,-21,77,77,,5068655946105,
2026-08-19 00:05:04.659,pulse_batch,x,,,,,4,,24766,228,-17,77,77,,5068676575431,
2026-08-19 00:05:04.681,pulse_batch,x,,,,,4,,24770,232,-13,77,77,,5068699151691,
2026-08-19 00:05:04.702,pulse_batch,x,,,,,4,,24774,236,-9,77,77,,5068719926127,
2026-08-19 00:05:04.723,pulse_batch,x,,,,,4,,24778,240,-5,77,77,,5068740566415,
2026-08-19 00:05:04.743,pulse_batch,x,,,,,4,,24782,244,-1,77,77,,5068761217073,
2026-08-19 00:05:04.746,move_finish,x,,,32,,,,24782,244,-1,77,77,,5068763962523,
2026-08-19 00:05:04.937,target_finish,x,0,stored,,,,,,244,-1,77,77,-1,,ok=True
2026-08-19 00:05:04.937,target_finish,y,0,stored,,,,,,412,0,0,4,0,,ok=True
2026-08-19 00:05:07.952,target_start,x,1,stored,,,,,,244,-1,77,77,375,,
2026-08-19 00:05:07.952,target_start,y,1,stored,,,,,,412,0,0,4,-413,,
2026-08-19 00:05:07.953,approach_source_start,x,1,stored,,,,1,,244,-1,77,77,288,,
2026-08-19 00:05:07.953,approach_source_start,y,1,stored,,,,-1,,412,0,0,4,-399,,
2026-08-19 00:05:07.958,move_start,x,,,33,289,,1,24782,244,-1,77,77,,5071975393202,
2026-08-19 00:05:07.958,move_start,y,,,33,-399,,-1,6670,412,0,0,4,,5071975322425,
2026-08-19 00:05:07.961,pulse_batch,y,,,,,-1,,6671,411,-1,0,4,,5071978488224,
2026-08-19 00:05:07.961,pulse_batch,x,,,,,1,,24783,245,0,77,77,,5071978416521,
2026-08-19 00:05:07.982,pulse_batch,x,,,,,4,,24787,249,4,77,77,,5071999361585,
2026-08-19 00:05:07.984,pulse_batch,y,,,,,-4,,6675,407,-5,0,4,,5072001786536,
2026-08-19 00:05:08.003,pulse_batch,x,,,,,4,,24791,253,8,77,77,,5072020136095,
2026-08-19 00:05:08.005,pulse_batch,y,,,,,-4,,6679,403,-9,0,4,,5072022407954,
2026-08-19 00:05:08.025,pulse_batch,x,,,,,4,,24795,257,12,77,77,,5072042449338,
2026-08-19 00:05:08.028,pulse_batch,y,,,,,-4,,6683,399,-13,0,4,,5072045588601,
2026-08-19 00:05:08.046,pulse_batch,x,,,,,4,,24799,261,16,77,77,,5072063777586,
2026-08-19 00:05:08.051,pulse_batch,y,,,,,-4,,6687,395,-17,0,4,,5072069075449,
2026-08-19 00:05:08.067,pulse_batch,x,,,,,4,,24803,265,20,77,77,,5072084466207,
2026-08-19 00:05:08.072,pulse_batch,y,,,,,-4,,6691,391,-21,0,4,,5072090106921,
2026-08-19 00:05:08.088,pulse_batch,x,,,,,4,,24807,269,24,77,77,,5072105697160,
2026-08-19 00:05:08.093,pulse_batch,y,,,,,-4,,6695,387,-25,0,4,,5072110977486,
2026-08-19 00:05:08.109,pulse_batch,x,,,,,4,,24811,273,28,77,77,,5072126871612,
2026-08-19 00:05:08.114,pulse_batch,y,,,,,-4,,6699,383,-29,0,4,,5072132060753,
2026-08-19 00:05:08.130,pulse_batch,x,,,,,4,,24815,277,32,77,77,,5072147492178,
2026-08-19 00:05:08.135,pulse_batch,y,,,,,-4,,6703,379,-33,0,4,,5072152680338,
2026-08-19 00:05:08.151,pulse_batch,x,,,,,4,,24819,281,36,77,77,,5072168819185,
2026-08-19 00:05:08.156,pulse_batch,y,,,,,-4,,6707,375,-37,0,4,,5072174080789,
2026-08-19 00:05:08.172,pulse_batch,x,,,,,4,,24823,285,40,77,77,,5072189561380,
2026-08-19 00:05:08.177,pulse_batch,y,,,,,-4,,6711,371,-41,0,4,,5072194924910,
2026-08-19 00:05:08.192,pulse_batch,x,,,,,4,,24827,289,44,77,77,,5072210209854,
2026-08-19 00:05:08.198,pulse_batch,y,,,,,-4,,6715,367,-45,0,4,,5072215580920,
2026-08-19 00:05:08.214,pulse_batch,x,,,,,4,,24831,293,48,77,77,,5072231949303,
2026-08-19 00:05:08.219,pulse_batch,y,,,,,-4,,6719,363,-49,0,4,,5072236759780,
2026-08-19 00:05:08.237,pulse_batch,x,,,,,4,,24835,297,52,77,77,,5072254958136,
2026-08-19 00:05:08.240,pulse_batch,y,,,,,-4,,6723,359,-53,0,4,,5072257507049,
2026-08-19 00:05:08.258,pulse_batch,x,,,,,4,,24839,301,56,77,77,,5072275722812,
2026-08-19 00:05:08.260,pulse_batch,y,,,,,-4,,6727,355,-57,0,4,,5072278123949,
2026-08-19 00:05:08.281,pulse_batch,x,,,,,4,,24843,305,60,77,77,,5072298405831,
2026-08-19 00:05:08.281,pulse_batch,y,,,,,-4,,6731,351,-61,0,4,,5072298930607,
2026-08-19 00:05:08.304,pulse_batch,x,,,,,4,,24847,309,64,77,77,,5072321623755,
2026-08-19 00:05:08.304,pulse_batch,y,,,,,-4,,6735,347,-65,0,4,,5072321516960,
2026-08-19 00:05:08.324,pulse_batch,y,,,,,-4,,6739,343,-69,0,4,,5072342109155,
2026-08-19 00:05:08.325,pulse_batch,x,,,,,4,,24851,313,68,77,77,,5072342317303,
2026-08-19 00:05:08.345,pulse_batch,x,,,,,4,,24855,317,72,77,77,,5072362938369,
2026-08-19 00:05:08.345,pulse_batch,y,,,,,-4,,6743,339,-73,0,4,,5072363115942,
2026-08-19 00:05:08.367,pulse_batch,x,,,,,4,,24859,321,76,77,77,,5072384673467,
2026-08-19 00:05:08.368,pulse_batch,y,,,,,-4,,6747,335,-77,0,4,,5072385272315,
2026-08-19 00:05:08.388,pulse_batch,x,,,,,4,,24863,325,80,77,77,,5072405344458,
2026-08-19 00:05:08.388,pulse_batch,y,,,,,-4,,6751,331,-81,0,4,,5072405899493,
2026-08-19 00:05:08.408,pulse_batch,x,,,,,4,,24867,329,84,77,77,,5072426109505,
2026-08-19 00:05:08.409,pulse_batch,y,,,,,-4,,6755,327,-85,0,4,,5072426841631,
2026-08-19 00:05:08.429,pulse_batch,x,,,,,4,,24871,333,88,77,77,,5072447057681,
2026-08-19 00:05:08.432,pulse_batch,y,,,,,-4,,6759,323,-89,0,4,,5072449667613,
2026-08-19 00:05:08.450,pulse_batch,x,,,,,4,,24875,337,92,77,77,,5072467895820,
2026-08-19 00:05:08.453,pulse_batch,y,,,,,-4,,6763,319,-93,0,4,,5072470322197,
2026-08-19 00:05:08.471,pulse_batch,x,,,,,4,,24879,341,96,77,77,,5072488541497,
2026-08-19 00:05:08.473,pulse_batch,y,,,,,-4,,6767,315,-97,0,4,,5072490915708,
2026-08-19 00:05:08.493,pulse_batch,x,,,,,4,,24883,345,100,77,77,,5072511014777,
2026-08-19 00:05:08.496,pulse_batch,y,,,,,-4,,6771,311,-101,0,4,,5072513875911,
2026-08-19 00:05:08.514,pulse_batch,x,,,,,4,,24887,349,104,77,77,,5072531766120,
2026-08-19 00:05:08.517,pulse_batch,y,,,,,-4,,6775,307,-105,0,4,,5072534669495,
2026-08-19 00:05:08.535,pulse_batch,x,,,,,4,,24891,353,108,77,77,,5072552343872,
2026-08-19 00:05:08.538,pulse_batch,y,,,,,-4,,6779,303,-109,0,4,,5072556122131,
2026-08-19 00:05:08.557,pulse_batch,x,,,,,4,,24895,357,112,77,77,,5072574760947,
2026-08-19 00:05:08.562,pulse_batch,y,,,,,-4,,6783,299,-113,0,4,,5072580140866,
2026-08-19 00:05:08.578,pulse_batch,x,,,,,4,,24899,361,116,77,77,,5072595438291,
2026-08-19 00:05:08.583,pulse_batch,y,,,,,-4,,6787,295,-117,0,4,,5072600821913,
2026-08-19 00:05:08.598,pulse_batch,x,,,,,4,,24903,365,120,77,77,,5072616044987,
2026-08-19 00:05:08.604,pulse_batch,y,,,,,-4,,6791,291,-121,0,4,,5072621470683,
2026-08-19 00:05:08.622,pulse_batch,x,,,,,4,,24907,369,124,77,77,,5072639492836,
2026-08-19 00:05:08.627,pulse_batch,y,,,,,-4,,6795,287,-125,0,4,,5072645021420,
2026-08-19 00:05:08.643,pulse_batch,x,,,,,4,,24911,373,128,77,77,,5072660621418,
2026-08-19 00:05:08.648,pulse_batch,y,,,,,-4,,6799,283,-129,0,4,,5072665956096,
2026-08-19 00:05:08.663,pulse_batch,x,,,,,4,,24915,377,132,77,77,,5072681214280,
2026-08-19 00:05:08.669,pulse_batch,y,,,,,-4,,6803,279,-133,0,4,,5072686561088,
2026-08-19 00:05:08.686,pulse_batch,x,,,,,4,,24919,381,136,77,77,,5072703550598,
2026-08-19 00:05:08.691,pulse_batch,y,,,,,-4,,6807,275,-137,0,4,,5072708821109,
2026-08-19 00:05:08.707,pulse_batch,x,,,,,4,,24923,385,140,77,77,,5072724424033,
2026-08-19 00:05:08.712,pulse_batch,y,,,,,-4,,6811,271,-141,0,4,,5072729568415,
2026-08-19 00:05:08.728,pulse_batch,x,,,,,4,,24927,389,144,77,77,,5072745517041,
2026-08-19 00:05:08.732,pulse_batch,y,,,,,-4,,6815,267,-145,0,4,,5072750168222,
2026-08-19 00:05:08.749,pulse_batch,x,,,,,4,,24931,393,148,77,77,,5072766260218,
2026-08-19 00:05:08.755,pulse_batch,y,,,,,-4,,6819,263,-149,0,4,,5072772936741,
2026-08-19 00:05:08.771,pulse_batch,x,,,,,4,,24935,397,152,77,77,,5072788408851,
2026-08-19 00:05:08.776,pulse_batch,y,,,,,-4,,6823,259,-153,0,4,,5072793586659,
2026-08-19 00:05:08.791,pulse_batch,x,,,,,4,,24939,401,156,77,77,,5072809136713,
2026-08-19 00:05:08.796,pulse_batch,y,,,,,-4,,6827,255,-157,0,4,,5072814207429,
2026-08-19 00:05:08.812,pulse_batch,x,,,,,4,,24943,405,160,77,77,,5072829847575,
2026-08-19 00:05:08.819,pulse_batch,y,,,,,-4,,6831,251,-161,0,4,,5072836898392,
2026-08-19 00:05:08.835,pulse_batch,x,,,,,4,,24947,409,164,77,77,,5072852527816,
2026-08-19 00:05:08.840,pulse_batch,y,,,,,-4,,6835,247,-165,0,4,,5072858041604,
2026-08-19 00:05:08.855,pulse_batch,x,,,,,4,,24951,413,168,77,77,,5072873197271,
2026-08-19 00:05:08.861,pulse_batch,y,,,,,-4,,6839,243,-169,0,4,,5072878637948,
2026-08-19 00:05:08.877,pulse_batch,x,,,,,4,,24955,417,172,77,77,,5072894459389,
2026-08-19 00:05:08.882,pulse_batch,y,,,,,-4,,6843,239,-173,0,4,,5072899362143,
2026-08-19 00:05:08.898,pulse_batch,x,,,,,4,,24959,421,176,77,77,,5072915527176,
2026-08-19 00:05:08.904,pulse_batch,y,,,,,-4,,6847,235,-177,0,4,,5072921321388,
2026-08-19 00:05:08.919,pulse_batch,x,,,,,4,,24963,425,180,77,77,,5072936350648,
2026-08-19 00:05:08.924,pulse_batch,y,,,,,-4,,6851,231,-181,0,4,,5072942262416,
2026-08-19 00:05:08.939,pulse_batch,x,,,,,4,,24967,429,184,77,77,,5072956917029,
2026-08-19 00:05:08.946,pulse_batch,y,,,,,-4,,6855,227,-185,0,4,,5072963387979,
2026-08-19 00:05:08.962,pulse_batch,x,,,,,4,,24971,433,188,77,77,,5072979511197,
2026-08-19 00:05:08.970,pulse_batch,y,,,,,-4,,6859,223,-189,0,4,,5072987369418,
2026-08-19 00:05:08.983,pulse_batch,x,,,,,4,,24975,437,192,77,77,,5073000279114,
2026-08-19 00:05:08.991,pulse_batch,y,,,,,-4,,6863,219,-193,0,4,,5073008288372,
2026-08-19 00:05:09.004,pulse_batch,x,,,,,4,,24979,441,196,77,77,,5073021160568,
2026-08-19 00:05:09.012,pulse_batch,y,,,,,-4,,6867,215,-197,0,4,,5073029448472,
2026-08-19 00:05:09.027,pulse_batch,x,,,,,4,,24983,445,200,77,77,,5073044579417,
2026-08-19 00:05:09.035,pulse_batch,y,,,,,-4,,6871,211,-201,0,4,,5073052257694,
2026-08-19 00:05:09.048,pulse_batch,x,,,,,4,,24987,449,204,77,77,,5073066170904,
2026-08-19 00:05:09.055,pulse_batch,y,,,,,-4,,6875,207,-205,0,4,,5073072846427,
2026-08-19 00:05:09.069,pulse_batch,x,,,,,4,,24991,453,208,77,77,,5073086723137,
2026-08-19 00:05:09.076,pulse_batch,y,,,,,-4,,6879,203,-209,0,4,,5073093664400,
2026-08-19 00:05:09.091,pulse_batch,x,,,,,4,,24995,457,212,77,77,,5073108643123,
2026-08-19 00:05:09.099,pulse_batch,y,,,,,-4,,6883,199,-213,0,4,,5073116379511,
2026-08-19 00:05:09.112,pulse_batch,x,,,,,4,,24999,461,216,77,77,,5073129301449,
2026-08-19 00:05:09.120,pulse_batch,y,,,,,-4,,6887,195,-217,0,4,,5073137272817,
2026-08-19 00:05:09.132,pulse_batch,x,,,,,4,,25003,465,220,77,77,,5073149906163,
2026-08-19 00:05:09.140,pulse_batch,y,,,,,-4,,6891,191,-221,0,4,,5073158036512,
2026-08-19 00:05:09.156,pulse_batch,x,,,,,4,,25007,469,224,77,77,,5073173496289,
2026-08-19 00:05:09.163,pulse_batch,y,,,,,-4,,6895,187,-225,0,4,,5073181222177,
2026-08-19 00:05:09.176,pulse_batch,x,,,,,4,,25011,473,228,77,77,,5073194202021,
2026-08-19 00:05:09.184,pulse_batch,y,,,,,-4,,6899,183,-229,0,4,,5073202201890,
2026-08-19 00:05:09.197,pulse_batch,x,,,,,4,,25015,477,232,77,77,,5073214779495,
2026-08-19 00:05:09.206,pulse_batch,y,,,,,-4,,6903,179,-233,0,4,,5073224089005,
2026-08-19 00:05:09.220,pulse_batch,x,,,,,4,,25019,481,236,77,77,,5073237843660,
2026-08-19 00:05:09.228,pulse_batch,y,,,,,-4,,6907,175,-237,0,4,,5073245693733,
2026-08-19 00:05:09.241,pulse_batch,x,,,,,4,,25023,485,240,77,77,,5073258576300,
2026-08-19 00:05:09.249,pulse_batch,y,,,,,-4,,6911,171,-241,0,4,,5073266573298,
2026-08-19 00:05:09.261,pulse_batch,x,,,,,4,,25027,489,244,77,77,,5073279245347,
2026-08-19 00:05:09.270,pulse_batch,y,,,,,-4,,6915,167,-245,0,4,,5073287362604,
2026-08-19 00:05:09.282,pulse_batch,x,,,,,4,,25031,493,248,77,77,,5073299953728,
2026-08-19 00:05:09.292,pulse_batch,y,,,,,-4,,6919,163,-249,0,4,,5073309491237,
2026-08-19 00:05:09.305,pulse_batch,x,,,,,4,,25035,497,252,77,77,,5073322411341,
2026-08-19 00:05:09.313,pulse_batch,y,,,,,-4,,6923,159,-253,0,4,,5073330427265,
2026-08-19 00:05:09.326,pulse_batch,x,,,,,4,,25039,501,256,77,77,,5073343247147,
2026-08-19 00:05:09.333,pulse_batch,y,,,,,-4,,6927,155,-257,0,4,,5073351223663,
2026-08-19 00:05:09.346,pulse_batch,x,,,,,4,,25043,505,260,77,77,,5073363868305,
2026-08-19 00:05:09.356,pulse_batch,y,,,,,-4,,6931,151,-261,0,4,,5073373934756,
2026-08-19 00:05:09.370,pulse_batch,x,,,,,4,,25047,509,264,77,77,,5073388107428,
2026-08-19 00:05:09.377,pulse_batch,y,,,,,-4,,6935,147,-265,0,4,,5073394739451,
2026-08-19 00:05:09.391,pulse_batch,x,,,,,4,,25051,513,268,77,77,,5073408858271,
2026-08-19 00:05:09.398,pulse_batch,y,,,,,-4,,6939,143,-269,0,4,,5073415323369,
2026-08-19 00:05:09.415,pulse_batch,x,,,,,4,,25055,517,272,77,77,,5073432961172,
2026-08-19 00:05:09.419,pulse_batch,y,,,,,-4,,6943,139,-273,0,4,,5073436758376,
2026-08-19 00:05:09.437,pulse_batch,x,,,,,4,,25059,521,276,77,77,,5073455061342,
2026-08-19 00:05:09.440,pulse_batch,y,,,,,-4,,6947,135,-277,0,4,,5073457645441,
2026-08-19 00:05:09.458,pulse_batch,x,,,,,4,,25063,525,280,77,77,,5073475916648,
2026-08-19 00:05:09.460,pulse_batch,y,,,,,-4,,6951,131,-281,0,4,,5073478224785,
2026-08-19 00:05:09.479,pulse_batch,x,,,,,4,,25067,529,284,77,77,,5073496653917,
2026-08-19 00:05:09.482,pulse_batch,y,,,,,-4,,6955,127,-285,0,4,,5073499432793,
2026-08-19 00:05:09.502,pulse_batch,x,,,,,4,,25071,533,288,77,77,,5073520106118,
2026-08-19 00:05:09.505,pulse_batch,y,,,,,-4,,6959,123,-289,0,4,,5073522267645,
2026-08-19 00:05:09.505,move_finish,x,,,33,,,,25071,533,288,77,77,,5073522725253,
2026-08-19 00:05:09.525,pulse_batch,y,,,,,-4,,6963,119,-293,0,4,,5073542968340,
2026-08-19 00:05:09.546,pulse_batch,y,,,,,-4,,6967,115,-297,0,4,,5073563943127,
2026-08-19 00:05:09.567,pulse_batch,y,,,,,-4,,6971,111,-301,0,4,,5073584752729,
2026-08-19 00:05:09.588,pulse_batch,y,,,,,-4,,6975,107,-305,0,4,,5073605995218,
2026-08-19 00:05:09.609,pulse_batch,y,,,,,-4,,6979,103,-309,0,4,,5073626667691,
2026-08-19 00:05:09.630,pulse_batch,y,,,,,-4,,6983,99,-313,0,4,,5073647939125,
2026-08-19 00:05:09.651,pulse_batch,y,,,,,-4,,6987,95,-317,0,4,,5073668659653,
2026-08-19 00:05:09.672,pulse_batch,y,,,,,-4,,6991,91,-321,0,4,,5073689400200,
2026-08-19 00:05:09.695,pulse_batch,y,,,,,-4,,6995,87,-325,0,4,,5073712309978,
2026-08-19 00:05:09.715,pulse_batch,y,,,,,-4,,6999,83,-329,0,4,,5073733061025,
2026-08-19 00:05:09.736,pulse_batch,y,,,,,-4,,7003,79,-333,0,4,,5073753793516,
2026-08-19 00:05:09.761,pulse_batch,y,,,,,-4,,7007,75,-337,0,4,,5073778660821,
2026-08-19 00:05:09.782,pulse_batch,y,,,,,-4,,7011,71,-341,0,4,,5073799378720,
2026-08-19 00:05:09.802,pulse_batch,y,,,,,-4,,7015,67,-345,0,4,,5073820029175,
2026-08-19 00:05:09.825,pulse_batch,y,,,,,-4,,7019,63,-349,0,4,,5073842345344,
2026-08-19 00:05:09.846,pulse_batch,y,,,,,-4,,7023,59,-353,0,4,,5073863709536,
2026-08-19 00:05:09.867,pulse_batch,y,,,,,-4,,7027,55,-357,0,4,,5073884329824,
2026-08-19 00:05:09.889,pulse_batch,y,,,,,-4,,7031,51,-361,0,4,,5073906426328,
2026-08-19 00:05:09.912,pulse_batch,y,,,,,-4,,7035,47,-365,0,4,,5073929340550,
2026-08-19 00:05:09.932,pulse_batch,y,,,,,-4,,7039,43,-369,0,4,,5073950116226,
2026-08-19 00:05:09.954,pulse_batch,y,,,,,-4,,7043,39,-373,0,4,,5073971394437,
2026-08-19 00:05:09.976,pulse_batch,y,,,,,-4,,7047,35,-377,0,4,,5073993294071,
2026-08-19 00:05:09.996,pulse_batch,y,,,,,-4,,7051,31,-381,0,4,,5074013906823,
2026-08-19 00:05:10.017,pulse_batch,y,,,,,-4,,7055,27,-385,0,4,,5074034566722,
2026-08-19 00:05:10.038,pulse_batch,y,,,,,-4,,7059,23,-389,0,4,,5074055539416,
2026-08-19 00:05:10.058,pulse_batch,y,,,,,-4,,7063,19,-393,0,4,,5074076163816,
2026-08-19 00:05:10.080,pulse_batch,y,,,,,-4,,7067,15,-397,0,4,,5074097667377,
2026-08-19 00:05:10.094,pulse_batch,y,,,,,-2,,7069,13,-399,0,4,,5074111568495,
2026-08-19 00:05:10.094,move_finish,y,,,33,,,,7069,13,-399,0,4,,5074111907827,
2026-08-19 00:05:10.277,approach_source_finish,x,1,stored,,,,1,,533,288,77,77,288,,
2026-08-19 00:05:10.278,approach_source_finish,y,1,stored,,,,-1,,13,-399,0,4,-399,,
2026-08-19 00:05:10.280,move_start,x,,,34,87,,1,25071,533,288,77,77,,5074297740495,
2026-08-19 00:05:10.285,move_start,y,,,34,-14,,-1,7069,13,-399,0,4,,5074300218427,
2026-08-19 00:05:10.285,pulse_batch,x,,,,,1,,25072,534,289,77,77,,5074303032080,
2026-08-19 00:05:10.288,pulse_batch,y,,,,,-1,,7070,12,-400,0,4,,5074305484365,
2026-08-19 00:05:10.306,pulse_batch,x,,,,,4,,25076,538,293,77,77,,5074323864590,
2026-08-19 00:05:10.309,pulse_batch,y,,,,,-4,,7074,8,-404,0,4,,5074326542095,
2026-08-19 00:05:10.327,pulse_batch,x,,,,,4,,25080,542,297,77,77,,5074344479952,
2026-08-19 00:05:10.329,pulse_batch,y,,,,,-4,,7078,4,-408,0,4,,5074347260032,
2026-08-19 00:05:10.347,pulse_batch,x,,,,,4,,25084,546,301,77,77,,5074365160759,
2026-08-19 00:05:10.354,pulse_batch,y,,,,,-4,,7082,0,-412,0,4,,5074372142132,
2026-08-19 00:05:10.362,pulse_batch,y,,,,,-1,,7083,-1,-413,0,4,,5074379869465,
2026-08-19 00:05:10.362,move_finish,y,,,34,,,,7083,-1,-413,0,4,,5074380185241,
2026-08-19 00:05:10.370,pulse_batch,x,,,,,4,,25088,550,305,77,77,,5074387426280,
2026-08-19 00:05:10.390,pulse_batch,x,,,,,4,,25092,554,309,77,77,,5074408163494,
2026-08-19 00:05:10.411,pulse_batch,x,,,,,4,,25096,558,313,77,77,,5074429246521,
2026-08-19 00:05:10.433,pulse_batch,x,,,,,4,,25100,562,317,77,77,,5074451186044,
2026-08-19 00:05:10.455,pulse_batch,x,,,,,4,,25104,566,321,77,77,,5074472402477,
2026-08-19 00:05:10.475,pulse_batch,x,,,,,4,,25108,570,325,77,77,,5074493063265,
2026-08-19 00:05:10.498,pulse_batch,x,,,,,4,,25112,574,329,77,77,,5074516264578,
2026-08-19 00:05:10.519,pulse_batch,x,,,,,4,,25116,578,333,77,77,,5074536996440,
2026-08-19 00:05:10.540,pulse_batch,x,,,,,4,,25120,582,337,77,77,,5074557892635,
2026-08-19 00:05:10.562,pulse_batch,x,,,,,4,,25124,586,341,77,77,,5074579682454,
2026-08-19 00:05:10.585,pulse_batch,x,,,,,4,,25128,590,345,77,77,,5074602278918,
2026-08-19 00:05:10.605,pulse_batch,x,,,,,4,,25132,594,349,77,77,,5074622909410,
2026-08-19 00:05:10.629,pulse_batch,x,,,,,4,,25136,598,353,77,77,,5074646553999,
2026-08-19 00:05:10.650,pulse_batch,x,,,,,4,,25140,602,357,77,77,,5074667340898,
2026-08-19 00:05:10.670,pulse_batch,x,,,,,4,,25144,606,361,77,77,,5074687892038,
2026-08-19 00:05:10.690,pulse_batch,x,,,,,3,,25147,609,364,77,77,,5074708020514,
2026-08-19 00:05:10.711,pulse_batch,x,,,,,4,,25151,613,368,77,77,,5074728661432,
2026-08-19 00:05:10.732,pulse_batch,x,,,,,4,,25155,617,372,77,77,,5074749287424,
2026-08-19 00:05:10.750,pulse_batch,x,,,,,3,,25158,620,375,77,77,,5074767955907,
2026-08-19 00:05:10.751,move_finish,x,,,34,,,,25158,620,375,77,77,,5074768305813,
2026-08-19 00:05:10.943,target_finish,x,1,stored,,,,,,620,375,77,77,375,,ok=True
2026-08-19 00:05:10.943,target_finish,y,1,stored,,,,,,-1,-413,0,4,-413,,ok=True
2026-08-19 00:05:34.239,target_start,x,0,stored,,,,,,620,375,77,77,-1,,
2026-08-19 00:05:34.239,target_start,y,0,stored,,,,,,-1,-413,0,4,0,,
2026-08-19 00:05:34.239,approach_source_start,x,0,stored,,,,1,,620,375,77,77,-88,,
2026-08-19 00:05:34.239,approach_source_start,y,0,stored,,,,-1,,-1,-413,0,4,14,,
2026-08-19 00:05:34.242,move_start,y,,,35,431,,1,7083,-1,-413,0,4,,5098259462198,
2026-08-19 00:05:34.242,move_start,x,,,35,-540,,-1,25158,620,375,77,77,,5098259853085,
2026-08-19 00:05:34.244,pulse_batch,y,,,,,1,,7084,0,-413,1,4,,5098262277351,
2026-08-19 00:05:34.245,pulse_batch,x,,,,,-1,,25159,619,375,76,77,,5098262621183,
2026-08-19 00:05:34.266,pulse_batch,y,,,,,4,,7088,4,-412,4,4,,5098283830820,
2026-08-19 00:05:34.266,pulse_batch,x,,,,,-4,,25163,615,375,72,77,,5098284124912,
2026-08-19 00:05:34.287,pulse_batch,y,,,,,4,,7092,8,-408,4,4,,5098304494738,
2026-08-19 00:05:34.287,pulse_batch,x,,,,,-4,,25167,611,375,68,77,,5098304711237,
2026-08-19 00:05:34.308,pulse_batch,y,,,,,4,,7096,12,-404,4,4,,5098325375655,
2026-08-19 00:05:34.312,pulse_batch,x,,,,,-4,,25171,607,375,64,77,,5098326916185,
2026-08-19 00:05:34.330,pulse_batch,y,,,,,4,,7100,16,-400,4,4,,5098347762324,
2026-08-19 00:05:34.331,pulse_batch,x,,,,,-4,,25175,603,375,60,77,,5098349235780,
2026-08-19 00:05:34.351,pulse_batch,y,,,,,4,,7104,20,-396,4,4,,5098368348891,
2026-08-19 00:05:34.352,pulse_batch,x,,,,,-4,,25179,599,375,56,77,,5098369798754,
2026-08-19 00:05:34.371,pulse_batch,y,,,,,4,,7108,24,-392,4,4,,5098388993013,
2026-08-19 00:05:34.373,pulse_batch,x,,,,,-4,,25183,595,375,52,77,,5098390630708,
2026-08-19 00:05:34.393,pulse_batch,y,,,,,4,,7112,28,-388,4,4,,5098410616074,
2026-08-19 00:05:34.395,pulse_batch,x,,,,,-4,,25187,591,375,48,77,,5098413153617,
2026-08-19 00:05:34.414,pulse_batch,y,,,,,4,,7116,32,-384,4,4,,5098431581861,
2026-08-19 00:05:34.416,pulse_batch,x,,,,,-4,,25191,587,375,44,77,,5098433747813,
2026-08-19 00:05:34.434,pulse_batch,y,,,,,4,,7120,36,-380,4,4,,5098452167946,
2026-08-19 00:05:34.437,pulse_batch,x,,,,,-4,,25195,583,375,40,77,,5098454366639,
2026-08-19 00:05:34.456,pulse_batch,y,,,,,4,,7124,40,-376,4,4,,5098473377472,
2026-08-19 00:05:34.458,pulse_batch,x,,,,,-4,,25199,579,375,36,77,,5098476018386,
2026-08-19 00:05:34.477,pulse_batch,y,,,,,4,,7128,44,-372,4,4,,5098494307500,
2026-08-19 00:05:34.479,pulse_batch,x,,,,,-4,,25203,575,375,32,77,,5098496664989,
2026-08-19 00:05:34.497,pulse_batch,y,,,,,4,,7132,48,-368,4,4,,5098514928548,
2026-08-19 00:05:34.499,pulse_batch,x,,,,,-4,,25207,571,375,28,77,,5098517259092,
2026-08-19 00:05:34.520,pulse_batch,x,,,,,-4,,25211,567,375,24,77,,5098537927918,
2026-08-19 00:05:34.520,pulse_batch,y,,,,,4,,7136,52,-364,4,4,,5098538114676,
2026-08-19 00:05:34.541,pulse_batch,x,,,,,-4,,25215,563,375,20,77,,5098558614817,
2026-08-19 00:05:34.542,pulse_batch,y,,,,,4,,7140,56,-360,4,4,,5098559547461,
2026-08-19 00:05:34.562,pulse_batch,x,,,,,-4,,25219,559,375,16,77,,5098579261513,
2026-08-19 00:05:34.562,pulse_batch,y,,,,,4,,7144,60,-356,4,4,,5098580174731,
2026-08-19 00:05:34.584,pulse_batch,y,,,,,4,,7148,64,-352,4,4,,5098602150624,
2026-08-19 00:05:34.585,pulse_batch,x,,,,,-4,,25223,555,375,12,77,,5098602460122,
2026-08-19 00:05:34.605,pulse_batch,y,,,,,4,,7152,68,-348,4,4,,5098622891838,
2026-08-19 00:05:34.608,pulse_batch,x,,,,,-4,,25227,551,375,8,77,,5098625459973,
2026-08-19 00:05:34.626,pulse_batch,y,,,,,4,,7156,72,-344,4,4,,5098643651533,
2026-08-19 00:05:34.629,pulse_batch,x,,,,,-4,,25231,547,375,4,77,,5098646133243,
2026-08-19 00:05:34.649,pulse_batch,y,,,,,4,,7160,76,-340,4,4,,5098667028067,
2026-08-19 00:05:34.652,pulse_batch,x,,,,,-4,,25235,543,375,0,77,,5098669531352,
2026-08-19 00:05:34.670,pulse_batch,y,,,,,4,,7164,80,-336,4,4,,5098687945392,
2026-08-19 00:05:34.673,pulse_batch,x,,,,,-4,,25239,539,371,0,77,,5098690507601,
2026-08-19 00:05:34.691,pulse_batch,y,,,,,4,,7168,84,-332,4,4,,5098708640680,
2026-08-19 00:05:34.693,pulse_batch,x,,,,,-4,,25243,535,367,0,77,,5098711177168,
2026-08-19 00:05:34.713,pulse_batch,y,,,,,4,,7172,88,-328,4,4,,5098730675406,
2026-08-19 00:05:34.716,pulse_batch,x,,,,,-4,,25247,531,363,0,77,,5098733541077,
2026-08-19 00:05:34.734,pulse_batch,y,,,,,4,,7176,92,-324,4,4,,5098751787414,
2026-08-19 00:05:34.737,pulse_batch,x,,,,,-4,,25251,527,359,0,77,,5098754355920,
2026-08-19 00:05:34.755,pulse_batch,y,,,,,4,,7180,96,-320,4,4,,5098772630776,
2026-08-19 00:05:34.757,pulse_batch,x,,,,,-4,,25255,523,355,0,77,,5098774968431,
2026-08-19 00:05:34.778,pulse_batch,x,,,,,-3,,25258,520,352,0,77,,5098795867459,
2026-08-19 00:05:34.781,pulse_batch,y,,,,,4,,7184,100,-316,4,4,,5098798688038,
2026-08-19 00:05:34.801,pulse_batch,x,,,,,-4,,25262,516,348,0,77,,5098818766422,
2026-08-19 00:05:34.802,pulse_batch,y,,,,,4,,7188,104,-312,4,4,,5098819347456,
2026-08-19 00:05:34.822,pulse_batch,x,,,,,-4,,25266,512,344,0,77,,5098839446377,
2026-08-19 00:05:34.822,pulse_batch,y,,,,,4,,7192,108,-308,4,4,,5098840039596,
2026-08-19 00:05:34.844,pulse_batch,y,,,,,4,,7196,112,-304,4,4,,5098861710306,
2026-08-19 00:05:34.845,pulse_batch,x,,,,,-4,,25270,508,340,0,77,,5098861632732,
2026-08-19 00:05:34.865,pulse_batch,y,,,,,4,,7200,116,-300,4,4,,5098882506001,
2026-08-19 00:05:34.868,pulse_batch,x,,,,,-4,,25274,504,336,0,77,,5098885315839,
2026-08-19 00:05:34.886,pulse_batch,y,,,,,4,,7204,120,-296,4,4,,5098903493288,
2026-08-19 00:05:34.888,pulse_batch,x,,,,,-4,,25278,500,332,0,77,,5098905991701,
2026-08-19 00:05:34.906,pulse_batch,y,,,,,4,,7208,124,-292,4,4,,5098924179613,
2026-08-19 00:05:34.910,pulse_batch,x,,,,,-4,,25282,496,328,0,77,,5098927855558,
2026-08-19 00:05:34.929,pulse_batch,y,,,,,4,,7212,128,-288,4,4,,5098946692244,
2026-08-19 00:05:34.931,pulse_batch,x,,,,,-4,,25286,492,324,0,77,,5098948627124,
2026-08-19 00:05:34.950,pulse_batch,y,,,,,4,,7216,132,-284,4,4,,5098967428180,
2026-08-19 00:05:34.951,pulse_batch,x,,,,,-4,,25290,488,320,0,77,,5098969204301,
2026-08-19 00:05:34.970,pulse_batch,y,,,,,4,,7220,136,-280,4,4,,5098988156302,
2026-08-19 00:05:34.972,pulse_batch,x,,,,,-4,,25294,484,316,0,77,,5098990204792,
2026-08-19 00:05:34.993,pulse_batch,y,,,,,4,,7224,140,-276,4,4,,5099010818895,
2026-08-19 00:05:34.996,pulse_batch,x,,,,,-4,,25298,480,312,0,77,,5099013779251,
2026-08-19 00:05:35.014,pulse_batch,y,,,,,4,,7228,144,-272,4,4,,5099031519350,
2026-08-19 00:05:35.017,pulse_batch,x,,,,,-4,,25302,476,308,0,77,,5099034376206,
2026-08-19 00:05:35.034,pulse_batch,y,,,,,4,,7232,148,-268,4,4,,5099052130472,
2026-08-19 00:05:35.037,pulse_batch,x,,,,,-4,,25306,472,304,0,77,,5099054978625,
2026-08-19 00:05:35.056,pulse_batch,y,,,,,4,,7236,152,-264,4,4,,5099073984014,
2026-08-19 00:05:35.059,pulse_batch,x,,,,,-4,,25310,468,300,0,77,,5099076656834,
2026-08-19 00:05:35.077,pulse_batch,y,,,,,4,,7240,156,-260,4,4,,5099094837135,
2026-08-19 00:05:35.080,pulse_batch,x,,,,,-4,,25314,464,296,0,77,,5099097364474,
2026-08-19 00:05:35.098,pulse_batch,y,,,,,4,,7244,160,-256,4,4,,5099115949958,
2026-08-19 00:05:35.100,pulse_batch,x,,,,,-4,,25318,460,292,0,77,,5099117993318,
2026-08-19 00:05:35.120,pulse_batch,y,,,,,4,,7248,164,-252,4,4,,5099138141294,
2026-08-19 00:05:35.123,pulse_batch,x,,,,,-4,,25322,456,288,0,77,,5099140709097,
2026-08-19 00:05:35.142,pulse_batch,y,,,,,4,,7252,168,-248,4,4,,5099159574634,
2026-08-19 00:05:35.144,pulse_batch,x,,,,,-4,,25326,452,284,0,77,,5099161374237,
2026-08-19 00:05:35.163,pulse_batch,y,,,,,4,,7256,172,-244,4,4,,5099180274812,
2026-08-19 00:05:35.167,pulse_batch,x,,,,,-4,,25330,448,280,0,77,,5099182788966,
2026-08-19 00:05:35.185,pulse_batch,y,,,,,4,,7260,176,-240,4,4,,5099202768906,
2026-08-19 00:05:35.188,pulse_batch,x,,,,,-4,,25334,444,276,0,77,,5099205342004,
2026-08-19 00:05:35.208,pulse_batch,y,,,,,4,,7264,180,-236,4,4,,5099226117422,
2026-08-19 00:05:35.209,pulse_batch,x,,,,,-4,,25338,440,272,0,77,,5099226358847,
2026-08-19 00:05:35.229,pulse_batch,y,,,,,4,,7268,184,-232,4,4,,5099246751414,
2026-08-19 00:05:35.229,pulse_batch,x,,,,,-4,,25342,436,268,0,77,,5099247054542,
2026-08-19 00:05:35.251,pulse_batch,y,,,,,4,,7272,188,-228,4,4,,5099268962936,
2026-08-19 00:05:35.252,pulse_batch,x,,,,,-4,,25346,432,264,0,77,,5099270004208,
2026-08-19 00:05:35.272,pulse_batch,y,,,,,4,,7276,192,-224,4,4,,5099289913815,
2026-08-19 00:05:35.276,pulse_batch,x,,,,,-4,,25350,428,260,0,77,,5099293555872,
2026-08-19 00:05:35.293,pulse_batch,y,,,,,4,,7280,196,-220,4,4,,5099310641029,
2026-08-19 00:05:35.296,pulse_batch,x,,,,,-4,,25354,424,256,0,77,,5099314229549,
2026-08-19 00:05:35.315,pulse_batch,y,,,,,4,,7284,200,-216,4,4,,5099333164809,
2026-08-19 00:05:35.318,pulse_batch,x,,,,,-4,,25358,420,252,0,77,,5099335701259,
2026-08-19 00:05:35.338,pulse_batch,y,,,,,4,,7288,204,-212,4,4,,5099355649051,
2026-08-19 00:05:35.339,pulse_batch,x,,,,,-4,,25362,416,248,0,77,,5099356337011,
2026-08-19 00:05:35.358,pulse_batch,y,,,,,4,,7292,208,-208,4,4,,5099376256895,
2026-08-19 00:05:35.359,pulse_batch,x,,,,,-4,,25366,412,244,0,77,,5099376869559,
2026-08-19 00:05:35.380,pulse_batch,y,,,,,4,,7296,212,-204,4,4,,5099397838420,
2026-08-19 00:05:35.380,pulse_batch,x,,,,,-4,,25370,408,240,0,77,,5099398215900,
2026-08-19 00:05:35.401,pulse_batch,y,,,,,4,,7300,216,-200,4,4,,5099418758133,
2026-08-19 00:05:35.404,pulse_batch,x,,,,,-4,,25374,404,236,0,77,,5099421373546,
2026-08-19 00:05:35.422,pulse_batch,y,,,,,4,,7304,220,-196,4,4,,5099439519291,
2026-08-19 00:05:35.424,pulse_batch,x,,,,,-4,,25378,400,232,0,77,,5099442179426,
2026-08-19 00:05:35.444,pulse_batch,y,,,,,4,,7308,224,-192,4,4,,5099462172848,
2026-08-19 00:05:35.447,pulse_batch,x,,,,,-4,,25382,396,228,0,77,,5099464830687,
2026-08-19 00:05:35.465,pulse_batch,y,,,,,4,,7312,228,-188,4,4,,5099483109005,
2026-08-19 00:05:35.468,pulse_batch,x,,,,,-4,,25386,392,224,0,77,,5099485711770,
2026-08-19 00:05:35.486,pulse_batch,y,,,,,4,,7316,232,-184,4,4,,5099503919071,
2026-08-19 00:05:35.489,pulse_batch,x,,,,,-4,,25390,388,220,0,77,,5099506380003,
2026-08-19 00:05:35.507,pulse_batch,y,,,,,4,,7320,236,-180,4,4,,5099524623674,
2026-08-19 00:05:35.511,pulse_batch,x,,,,,-4,,25394,384,216,0,77,,5099528753302,
2026-08-19 00:05:35.532,pulse_batch,x,,,,,-4,,25398,380,212,0,77,,5099549372572,
2026-08-19 00:05:35.532,pulse_batch,y,,,,,4,,7324,240,-176,4,4,,5099549651181,
2026-08-19 00:05:35.552,pulse_batch,x,,,,,-4,,25402,376,208,0,77,,5099570030564,
2026-08-19 00:05:35.553,pulse_batch,y,,,,,4,,7328,244,-172,4,4,,5099570288563,
2026-08-19 00:05:35.573,pulse_batch,y,,,,,4,,7332,248,-168,4,4,,5099590969129,
2026-08-19 00:05:35.574,pulse_batch,x,,,,,-4,,25406,372,204,0,77,,5099591927791,
2026-08-19 00:05:35.599,pulse_batch,x,,,,,-4,,25410,368,200,0,77,,5099616360838,
2026-08-19 00:05:35.599,pulse_batch,y,,,,,4,,7336,252,-164,4,4,,5099616250728,
2026-08-19 00:05:35.619,pulse_batch,y,,,,,4,,7340,256,-160,4,4,,5099636866146,
2026-08-19 00:05:35.619,pulse_batch,x,,,,,-4,,25414,364,196,0,77,,5099637036867,
2026-08-19 00:05:35.640,pulse_batch,y,,,,,4,,7344,260,-156,4,4,,5099657989210,
2026-08-19 00:05:35.641,pulse_batch,x,,,,,-4,,25418,360,192,0,77,,5099657743767,
2026-08-19 00:05:35.663,pulse_batch,y,,,,,4,,7348,264,-152,4,4,,5099680574248,
2026-08-19 00:05:35.663,pulse_batch,x,,,,,-4,,25422,356,188,0,77,,5099680837062,
2026-08-19 00:05:35.684,pulse_batch,x,,,,,-4,,25426,352,184,0,77,,5099701475461,
2026-08-19 00:05:35.684,pulse_batch,y,,,,,4,,7352,268,-148,4,4,,5099701393795,
2026-08-19 00:05:35.704,pulse_batch,y,,,,,4,,7356,272,-144,4,4,,5099722003621,
2026-08-19 00:05:35.704,pulse_batch,x,,,,,-4,,25430,348,180,0,77,,5099722197490,
2026-08-19 00:05:35.726,pulse_batch,y,,,,,4,,7360,276,-140,4,4,,5099744201568,
2026-08-19 00:05:35.727,pulse_batch,x,,,,,-4,,25434,344,176,0,77,,5099744058217,
2026-08-19 00:05:35.747,pulse_batch,x,,,,,-4,,25438,340,172,0,77,,5099764689321,
2026-08-19 00:05:35.747,pulse_batch,y,,,,,4,,7364,280,-136,4,4,,5099764952171,
2026-08-19 00:05:35.768,pulse_batch,y,,,,,4,,7368,284,-132,4,4,,5099785868347,
2026-08-19 00:05:35.768,pulse_batch,x,,,,,-4,,25442,336,168,0,77,,5099785800403,
2026-08-19 00:05:35.791,pulse_batch,x,,,,,-4,,25446,332,164,0,77,,5099808811550,
2026-08-19 00:05:35.791,pulse_batch,y,,,,,4,,7372,288,-128,4,4,,5099809173530,
2026-08-19 00:05:35.812,pulse_batch,x,,,,,-4,,25450,328,160,0,77,,5099829550764,
2026-08-19 00:05:35.812,pulse_batch,y,,,,,4,,7376,292,-124,4,4,,5099830104595,
2026-08-19 00:05:35.833,pulse_batch,x,,,,,-4,,25454,324,156,0,77,,5099850429978,
2026-08-19 00:05:35.833,pulse_batch,y,,,,,4,,7380,296,-120,4,4,,5099850715032,
2026-08-19 00:05:35.857,pulse_batch,y,,,,,4,,7384,300,-116,4,4,,5099874605823,
2026-08-19 00:05:35.857,pulse_batch,x,,,,,-4,,25458,320,152,0,77,,5099874516897,
2026-08-19 00:05:35.878,pulse_batch,y,,,,,4,,7388,304,-112,4,4,,5099895316741,
2026-08-19 00:05:35.878,pulse_batch,x,,,,,-4,,25462,316,148,0,77,,5099895547017,
2026-08-19 00:05:35.898,pulse_batch,y,,,,,4,,7392,308,-108,4,4,,5099916120843,
2026-08-19 00:05:35.899,pulse_batch,x,,,,,-4,,25466,312,144,0,77,,5099916432953,
2026-08-19 00:05:35.920,pulse_batch,y,,,,,4,,7396,312,-104,4,4,,5099937484739,
2026-08-19 00:05:35.920,pulse_batch,x,,,,,-4,,25470,308,140,0,77,,5099937570202,
2026-08-19 00:05:35.940,pulse_batch,y,,,,,4,,7400,316,-100,4,4,,5099958190361,
2026-08-19 00:05:35.941,pulse_batch,x,,,,,-4,,25474,304,136,0,77,,5099958448748,
2026-08-19 00:05:35.961,pulse_batch,y,,,,,4,,7404,320,-96,4,4,,5099978816483,
2026-08-19 00:05:35.961,pulse_batch,x,,,,,-4,,25478,300,132,0,77,,5099979096185,
2026-08-19 00:05:35.983,pulse_batch,y,,,,,4,,7408,324,-92,4,4,,5100001047708,
2026-08-19 00:05:35.984,pulse_batch,x,,,,,-4,,25482,296,128,0,77,,5100001383595,
2026-08-19 00:05:36.005,pulse_batch,x,,,,,-4,,25486,292,124,0,77,,5100022308845,
2026-08-19 00:05:36.005,pulse_batch,y,,,,,4,,7412,328,-88,4,4,,5100022589381,
2026-08-19 00:05:36.025,pulse_batch,x,,,,,-4,,25490,288,120,0,77,,5100042908875,
2026-08-19 00:05:36.025,pulse_batch,y,,,,,4,,7416,332,-84,4,4,,5100043175818,
2026-08-19 00:05:36.048,pulse_batch,x,,,,,-4,,25494,284,116,0,77,,5100065378506,
2026-08-19 00:05:36.048,pulse_batch,y,,,,,4,,7420,336,-80,4,4,,5100065497746,
2026-08-19 00:05:36.069,pulse_batch,x,,,,,-4,,25498,280,112,0,77,,5100086420089,
2026-08-19 00:05:36.069,pulse_batch,y,,,,,4,,7424,340,-76,4,4,,5100087086252,
2026-08-19 00:05:36.089,pulse_batch,x,,,,,-4,,25502,276,108,0,77,,5100106990693,
2026-08-19 00:05:36.090,pulse_batch,y,,,,,4,,7428,344,-72,4,4,,5100107861707,
2026-08-19 00:05:36.112,pulse_batch,x,,,,,-4,,25506,272,104,0,77,,5100129223881,
2026-08-19 00:05:36.112,pulse_batch,y,,,,,4,,7432,348,-68,4,4,,5100129465509,
2026-08-19 00:05:36.132,pulse_batch,x,,,,,-4,,25510,268,100,0,77,,5100150183631,
2026-08-19 00:05:36.133,pulse_batch,y,,,,,4,,7436,352,-64,4,4,,5100150366111,
2026-08-19 00:05:36.153,pulse_batch,x,,,,,-4,,25514,264,96,0,77,,5100170737142,
2026-08-19 00:05:36.153,pulse_batch,y,,,,,4,,7440,356,-60,4,4,,5100170899067,
2026-08-19 00:05:36.176,pulse_batch,y,,,,,4,,7444,360,-56,4,4,,5100193214162,
2026-08-19 00:05:36.176,pulse_batch,x,,,,,-4,,25518,260,92,0,77,,5100193326773,
2026-08-19 00:05:36.196,pulse_batch,x,,,,,-4,,25522,256,88,0,77,,5100214002394,
2026-08-19 00:05:36.197,pulse_batch,y,,,,,4,,7448,364,-52,4,4,,5100214376004,
2026-08-19 00:05:36.217,pulse_batch,x,,,,,-4,,25526,252,84,0,77,,5100234587257,
2026-08-19 00:05:36.217,pulse_batch,y,,,,,4,,7452,368,-48,4,4,,5100234891052,
2026-08-19 00:05:36.237,pulse_batch,x,,,,,-4,,25530,248,80,0,77,,5100255202305,
2026-08-19 00:05:36.238,pulse_batch,y,,,,,4,,7456,372,-44,4,4,,5100255431434,
2026-08-19 00:05:36.258,pulse_batch,x,,,,,-4,,25534,244,76,0,77,,5100276109889,
2026-08-19 00:05:36.259,pulse_batch,y,,,,,4,,7460,376,-40,4,4,,5100276860681,
2026-08-19 00:05:36.279,pulse_batch,x,,,,,-4,,25538,240,72,0,77,,5100296695177,
2026-08-19 00:05:36.280,pulse_batch,y,,,,,4,,7464,380,-36,4,4,,5100297449896,
2026-08-19 00:05:36.300,pulse_batch,x,,,,,-4,,25542,236,68,0,77,,5100317280336,
2026-08-19 00:05:36.301,pulse_batch,y,,,,,4,,7468,384,-32,4,4,,5100318684348,
2026-08-19 00:05:36.321,pulse_batch,x,,,,,-4,,25546,232,64,0,77,,5100338635159,
2026-08-19 00:05:36.322,pulse_batch,y,,,,,4,,7472,388,-28,4,4,,5100339907356,
2026-08-19 00:05:36.342,pulse_batch,x,,,,,-4,,25550,228,60,0,77,,5100359386669,
2026-08-19 00:05:36.343,pulse_batch,y,,,,,4,,7476,392,-24,4,4,,5100360551015,
2026-08-19 00:05:36.362,pulse_batch,x,,,,,-4,,25554,224,56,0,77,,5100380047994,
2026-08-19 00:05:36.363,pulse_batch,y,,,,,4,,7480,396,-20,4,4,,5100381135156,
2026-08-19 00:05:36.384,pulse_batch,x,,,,,-4,,25558,220,52,0,77,,5100401905499,
2026-08-19 00:05:36.386,pulse_batch,y,,,,,4,,7484,400,-16,4,4,,5100404049155,
2026-08-19 00:05:36.405,pulse_batch,x,,,,,-4,,25562,216,48,0,77,,5100422621139,
2026-08-19 00:05:36.407,pulse_batch,y,,,,,4,,7488,404,-12,4,4,,5100424875258,
2026-08-19 00:05:36.425,pulse_batch,x,,,,,-4,,25566,212,44,0,77,,5100443169576,
2026-08-19 00:05:36.428,pulse_batch,y,,,,,4,,7492,408,-8,4,4,,5100445422102,
2026-08-19 00:05:36.448,pulse_batch,x,,,,,-4,,25570,208,40,0,77,,5100465551282,
2026-08-19 00:05:36.450,pulse_batch,y,,,,,4,,7496,412,-4,4,4,,5100468027122,
2026-08-19 00:05:36.468,pulse_batch,x,,,,,-4,,25574,204,36,0,77,,5100486245607,
2026-08-19 00:05:36.471,pulse_batch,y,,,,,4,,7500,416,0,4,4,,5100488819354,
2026-08-19 00:05:36.489,pulse_batch,x,,,,,-4,,25578,200,32,0,77,,5100506901229,
2026-08-19 00:05:36.492,pulse_batch,y,,,,,4,,7504,420,4,4,4,,5100509336680,
2026-08-19 00:05:36.510,pulse_batch,x,,,,,-4,,25582,196,28,0,77,,5100527901182,
2026-08-19 00:05:36.513,pulse_batch,y,,,,,4,,7508,424,8,4,4,,5100530506392,
2026-08-19 00:05:36.531,pulse_batch,x,,,,,-4,,25586,192,24,0,77,,5100548963432,
2026-08-19 00:05:36.534,pulse_batch,y,,,,,4,,7512,428,12,4,4,,5100551762344,
2026-08-19 00:05:36.547,pulse_batch,y,,,,,2,,7514,430,14,4,4,,5100564576819,
2026-08-19 00:05:36.547,move_finish,y,,,35,,,,7514,430,14,4,4,,5100564781873,
2026-08-19 00:05:36.552,pulse_batch,x,,,,,-4,,25590,188,20,0,77,,5100569527906,
2026-08-19 00:05:36.573,pulse_batch,x,,,,,-4,,25594,184,16,0,77,,5100590638896,
2026-08-19 00:05:36.595,pulse_batch,x,,,,,-4,,25598,180,12,0,77,,5100612904880,
2026-08-19 00:05:36.616,pulse_batch,x,,,,,-4,,25602,176,8,0,77,,5100633832649,
2026-08-19 00:05:36.637,pulse_batch,x,,,,,-4,,25606,172,4,0,77,,5100654660195,
2026-08-19 00:05:36.665,pulse_batch,x,,,,,-4,,25610,168,0,0,77,,5100682732022,
2026-08-19 00:05:36.686,pulse_batch,x,,,,,-4,,25614,164,-4,0,77,,5100703426995,
2026-08-19 00:05:36.706,pulse_batch,x,,,,,-4,,25618,160,-8,0,77,,5100724102395,
2026-08-19 00:05:36.728,pulse_batch,x,,,,,-4,,25622,156,-12,0,77,,5100745508605,
2026-08-19 00:05:36.748,pulse_batch,x,,,,,-4,,25626,152,-16,0,77,,5100766121005,
2026-08-19 00:05:36.769,pulse_batch,x,,,,,-4,,25630,148,-20,0,77,,5100786699053,
2026-08-19 00:05:36.792,pulse_batch,x,,,,,-4,,25634,144,-24,0,77,,5100809260295,
2026-08-19 00:05:36.812,pulse_batch,x,,,,,-4,,25638,140,-28,0,77,,5100830022639,
2026-08-19 00:05:36.833,pulse_batch,x,,,,,-4,,25642,136,-32,0,77,,5100850619779,
2026-08-19 00:05:36.854,pulse_batch,x,,,,,-4,,25646,132,-36,0,77,,5100871342901,
2026-08-19 00:05:36.875,pulse_batch,x,,,,,-4,,25650,128,-40,0,77,,5100892325743,
2026-08-19 00:05:36.895,pulse_batch,x,,,,,-4,,25654,124,-44,0,77,,5100912901847,
2026-08-19 00:05:36.917,pulse_batch,x,,,,,-4,,25658,120,-48,0,77,,5100934988850,
2026-08-19 00:05:36.938,pulse_batch,x,,,,,-4,,25662,116,-52,0,77,,5100955863490,
2026-08-19 00:05:36.959,pulse_batch,x,,,,,-4,,25666,112,-56,0,77,,5100976506723,
2026-08-19 00:05:36.981,pulse_batch,x,,,,,-4,,25670,108,-60,0,77,,5100999179798,
2026-08-19 00:05:37.002,pulse_batch,x,,,,,-4,,25674,104,-64,0,77,,5101019937345,
2026-08-19 00:05:37.023,pulse_batch,x,,,,,-4,,25678,100,-68,0,77,,5101040641725,
2026-08-19 00:05:37.044,pulse_batch,x,,,,,-4,,25682,96,-72,0,77,,5101061342477,
2026-08-19 00:05:37.065,pulse_batch,x,,,,,-4,,25686,92,-76,0,77,,5101082260116,
2026-08-19 00:05:37.085,pulse_batch,x,,,,,-4,,25690,88,-80,0,77,,5101102905034,
2026-08-19 00:05:37.106,pulse_batch,x,,,,,-4,,25694,84,-84,0,77,,5101123646007,
2026-08-19 00:05:37.128,pulse_batch,x,,,,,-4,,25698,80,-88,0,77,,5101145789603,
2026-08-19 00:05:37.131,move_finish,x,,,35,,,,25698,80,-88,0,77,,5101148414701,
2026-08-19 00:05:37.301,approach_source_finish,x,0,stored,,,,1,,80,-88,0,77,-88,,
2026-08-19 00:05:37.301,approach_source_finish,y,0,stored,,,,-1,,430,14,4,4,14,,
2026-08-19 00:05:37.305,move_start,x,,,36,164,,1,25698,80,-88,0,77,,5101322862816,
2026-08-19 00:05:37.305,move_start,y,,,36,-18,,-1,7514,430,14,4,4,,5101323056593,
2026-08-19 00:05:37.308,pulse_batch,x,,,,,1,,25699,81,-88,1,77,,5101325832857,
2026-08-19 00:05:37.309,pulse_batch,y,,,,,-1,,7515,429,14,3,4,,5101326668686,
2026-08-19 00:05:37.329,pulse_batch,x,,,,,4,,25703,85,-88,5,77,,5101346465368,
2026-08-19 00:05:37.330,pulse_batch,y,,,,,-4,,7519,425,13,0,4,,5101347327234,
2026-08-19 00:05:37.349,pulse_batch,x,,,,,4,,25707,89,-88,9,77,,5101367038305,
2026-08-19 00:05:37.350,pulse_batch,y,,,,,-4,,7523,421,9,0,4,,5101367849856,
2026-08-19 00:05:37.370,pulse_batch,x,,,,,4,,25711,93,-88,13,77,,5101387840907,
2026-08-19 00:05:37.371,pulse_batch,y,,,,,-4,,7527,417,5,0,4,,5101388413478,
2026-08-19 00:05:37.393,pulse_batch,x,,,,,4,,25715,97,-88,17,77,,5101410289742,
2026-08-19 00:05:37.396,pulse_batch,y,,,,,-4,,7531,413,1,0,4,,5101413438375,
2026-08-19 00:05:37.403,pulse_batch,y,,,,,-1,,7532,412,0,0,4,,5101421148486,
2026-08-19 00:05:37.404,move_finish,y,,,36,,,,7532,412,0,0,4,,5101421362596,
2026-08-19 00:05:37.413,pulse_batch,x,,,,,4,,25719,101,-88,21,77,,5101430964697,
2026-08-19 00:05:37.434,pulse_batch,x,,,,,4,,25723,105,-88,25,77,,5101451543708,
2026-08-19 00:05:37.455,pulse_batch,x,,,,,4,,25727,109,-88,29,77,,5101472331256,
2026-08-19 00:05:37.476,pulse_batch,x,,,,,4,,25731,113,-88,33,77,,5101493848503,
2026-08-19 00:05:37.497,pulse_batch,x,,,,,4,,25735,117,-88,37,77,,5101515092085,
2026-08-19 00:05:37.519,pulse_batch,x,,,,,4,,25739,121,-88,41,77,,5101536791146,
2026-08-19 00:05:37.540,pulse_batch,x,,,,,4,,25743,125,-88,45,77,,5101557462379,
2026-08-19 00:05:37.560,pulse_batch,x,,,,,4,,25747,129,-88,49,77,,5101578153426,
2026-08-19 00:05:37.582,pulse_batch,x,,,,,4,,25751,133,-88,53,77,,5101600116764,
2026-08-19 00:05:37.603,pulse_batch,x,,,,,4,,25755,137,-88,57,77,,5101620815589,
2026-08-19 00:05:37.624,pulse_batch,x,,,,,4,,25759,141,-88,61,77,,5101641417322,
2026-08-19 00:05:37.646,pulse_batch,x,,,,,4,,25763,145,-88,65,77,,5101663780010,
2026-08-19 00:05:37.667,pulse_batch,x,,,,,4,,25767,149,-88,69,77,,5101684579242,
2026-08-19 00:05:37.687,pulse_batch,x,,,,,4,,25771,153,-88,73,77,,5101705167679,
2026-08-19 00:05:37.710,pulse_batch,x,,,,,4,,25775,157,-88,77,77,,5101725788264,
2026-08-19 00:05:37.732,pulse_batch,x,,,,,4,,25779,161,-84,77,77,,5101749279501,
2026-08-19 00:05:37.752,pulse_batch,x,,,,,4,,25783,165,-80,77,77,,5101769863012,
2026-08-19 00:05:37.773,pulse_batch,x,,,,,4,,25787,169,-76,77,77,,5101790867558,
2026-08-19 00:05:37.795,pulse_batch,x,,,,,4,,25791,173,-72,77,77,,5101813090654,
2026-08-19 00:05:37.816,pulse_batch,x,,,,,4,,25795,177,-68,77,77,,5101833675406,
2026-08-19 00:05:37.837,pulse_batch,x,,,,,4,,25799,181,-64,77,77,,5101854328175,
2026-08-19 00:05:37.859,pulse_batch,x,,,,,4,,25803,185,-60,77,77,,5101876970547,
2026-08-19 00:05:37.880,pulse_batch,x,,,,,4,,25807,189,-56,77,77,,5101897578521,
2026-08-19 00:05:37.900,pulse_batch,x,,,,,4,,25811,193,-52,77,77,,5101918158532,
2026-08-19 00:05:37.922,pulse_batch,x,,,,,4,,25815,197,-48,77,77,,5101939486483,
2026-08-19 00:05:37.942,pulse_batch,x,,,,,4,,25819,201,-44,77,77,,5101960255123,
2026-08-19 00:05:37.963,pulse_batch,x,,,,,4,,25823,205,-40,77,77,,5101980807190,
2026-08-19 00:05:37.985,pulse_batch,x,,,,,4,,25827,209,-36,77,77,,5102002754176,
2026-08-19 00:05:38.006,pulse_batch,x,,,,,4,,25831,213,-32,77,77,,5102023633463,
2026-08-19 00:05:38.026,pulse_batch,x,,,,,4,,25835,217,-28,77,77,,5102044227289,
2026-08-19 00:05:38.049,pulse_batch,x,,,,,4,,25839,221,-24,77,77,,5102066708087,
2026-08-19 00:05:38.070,pulse_batch,x,,,,,4,,25843,225,-20,77,77,,5102087379153,
2026-08-19 00:05:38.090,pulse_batch,x,,,,,4,,25847,229,-16,77,77,,5102107932498,
2026-08-19 00:05:38.111,pulse_batch,x,,,,,4,,25851,233,-12,77,77,,5102128833414,
2026-08-19 00:05:38.132,pulse_batch,x,,,,,4,,25855,237,-8,77,77,,5102149610517,
2026-08-19 00:05:38.152,pulse_batch,x,,,,,4,,25859,241,-4,77,77,,5102170205380,
2026-08-19 00:05:38.170,pulse_batch,x,,,,,3,,25862,244,-1,77,77,,5102188219459,
2026-08-19 00:05:38.171,move_finish,x,,,36,,,,25862,244,-1,77,77,,5102188436439,
2026-08-19 00:05:38.368,target_finish,x,0,stored,,,,,,244,-1,77,77,-1,,ok=True
2026-08-19 00:05:38.369,target_finish,y,0,stored,,,,,,412,0,0,4,0,,ok=True
2026-08-19 00:05:41.382,target_start,x,1,stored,,,,,,244,-1,77,77,375,,
2026-08-19 00:05:41.382,target_start,y,1,stored,,,,,,412,0,0,4,-413,,
2026-08-19 00:05:41.382,approach_source_start,x,1,stored,,,,1,,244,-1,77,77,288,,
2026-08-19 00:05:41.382,approach_source_start,y,1,stored,,,,-1,,412,0,0,4,-399,,
2026-08-19 00:05:41.386,move_start,x,,,37,289,,1,25862,244,-1,77,77,,5105404083395,
2026-08-19 00:05:41.387,move_start,y,,,37,-399,,-1,7532,412,0,0,4,,5105404180098,
2026-08-19 00:05:41.389,pulse_batch,x,,,,,1,,25863,245,0,77,77,,5105407120473,
2026-08-19 00:05:41.390,pulse_batch,y,,,,,-1,,7533,411,-1,0,4,,5105407196806,
2026-08-19 00:05:41.411,pulse_batch,x,,,,,4,,25867,249,4,77,77,,5105428322425,
2026-08-19 00:05:41.413,pulse_batch,y,,,,,-4,,7537,407,-5,0,4,,5105430756228,
2026-08-19 00:05:41.432,pulse_batch,x,,,,,4,,25871,253,8,77,77,,5105449295508,
2026-08-19 00:05:41.434,pulse_batch,y,,,,,-4,,7541,403,-9,0,4,,5105451559016,
2026-08-19 00:05:41.453,pulse_batch,x,,,,,4,,25875,257,12,77,77,,5105470568998,
2026-08-19 00:05:41.456,pulse_batch,y,,,,,-4,,7545,399,-13,0,4,,5105473242744,
2026-08-19 00:05:41.474,pulse_batch,x,,,,,4,,25879,261,16,77,77,,5105491418878,
2026-08-19 00:05:41.476,pulse_batch,y,,,,,-4,,7549,395,-17,0,4,,5105493921903,
2026-08-19 00:05:41.494,pulse_batch,x,,,,,4,,25883,265,20,77,77,,5105512046388,
2026-08-19 00:05:41.497,pulse_batch,y,,,,,-4,,7553,391,-21,0,4,,5105514494599,
2026-08-19 00:05:41.517,pulse_batch,x,,,,,4,,25887,269,24,77,77,,5105534484502,
2026-08-19 00:05:41.519,pulse_batch,y,,,,,-4,,7557,387,-25,0,4,,5105537157489,
2026-08-19 00:05:41.537,pulse_batch,x,,,,,4,,25891,273,28,77,77,,5105555127920,
2026-08-19 00:05:41.540,pulse_batch,y,,,,,-4,,7561,383,-29,0,4,,5105558041665,
2026-08-19 00:05:41.558,pulse_batch,x,,,,,4,,25895,277,32,77,77,,5105575693172,
2026-08-19 00:05:41.561,pulse_batch,y,,,,,-4,,7565,379,-33,0,4,,5105578607380,
2026-08-19 00:05:41.579,pulse_batch,x,,,,,4,,25899,281,36,77,77,,5105597006198,
2026-08-19 00:05:41.582,pulse_batch,y,,,,,-4,,7569,375,-37,0,4,,5105600209497,
2026-08-19 00:05:41.601,pulse_batch,x,,,,,4,,25903,285,40,77,77,,5105618331668,
2026-08-19 00:05:41.603,pulse_batch,y,,,,,-4,,7573,371,-41,0,4,,5105621159876,
2026-08-19 00:05:41.621,pulse_batch,x,,,,,4,,25907,289,44,77,77,,5105638900438,
2026-08-19 00:05:41.624,pulse_batch,y,,,,,-4,,7577,367,-45,0,4,,5105641725017,
2026-08-19 00:05:41.642,pulse_batch,x,,,,,4,,25911,293,48,77,77,,5105659478431,
2026-08-19 00:05:41.645,pulse_batch,y,,,,,-4,,7581,363,-49,0,4,,5105662394769,
2026-08-19 00:05:41.663,pulse_batch,x,,,,,4,,25915,297,52,77,77,,5105681021122,
2026-08-19 00:05:41.666,pulse_batch,y,,,,,-4,,7585,359,-53,0,4,,5105683956923,
2026-08-19 00:05:41.684,pulse_batch,x,,,,,4,,25919,301,56,77,77,,5105701671059,
2026-08-19 00:05:41.687,pulse_batch,y,,,,,-4,,7589,355,-57,0,4,,5105704542471,
2026-08-19 00:05:41.704,pulse_batch,x,,,,,4,,25923,305,60,77,77,,5105722211126,
2026-08-19 00:05:41.708,pulse_batch,y,,,,,-4,,7593,351,-61,0,4,,5105725461184,
2026-08-19 00:05:41.725,pulse_batch,x,,,,,4,,25927,309,64,77,77,,5105742833877,
2026-08-19 00:05:41.731,pulse_batch,y,,,,,-4,,7597,347,-65,0,4,,5105748292814,
2026-08-19 00:05:41.746,pulse_batch,x,,,,,4,,25931,313,68,77,77,,5105763593517,
2026-08-19 00:05:41.751,pulse_batch,y,,,,,-4,,7601,343,-69,0,4,,5105768879992,
2026-08-19 00:05:41.766,pulse_batch,x,,,,,4,,25935,317,72,77,77,,5105784134214,
2026-08-19 00:05:41.772,pulse_batch,y,,,,,-4,,7605,339,-73,0,4,,5105789551502,
2026-08-19 00:05:41.789,pulse_batch,x,,,,,4,,25939,321,76,77,77,,5105806722659,
2026-08-19 00:05:41.795,pulse_batch,y,,,,,-4,,7609,335,-77,0,4,,5105812226633,
2026-08-19 00:05:41.810,pulse_batch,x,,,,,4,,25943,325,80,77,77,,5105827412577,
2026-08-19 00:05:41.815,pulse_batch,y,,,,,-4,,7613,331,-81,0,4,,5105832856995,
2026-08-19 00:05:41.830,pulse_batch,x,,,,,4,,25947,329,84,77,77,,5105847978348,
2026-08-19 00:05:41.836,pulse_batch,y,,,,,-4,,7617,327,-85,0,4,,5105853427747,
2026-08-19 00:05:41.853,pulse_batch,x,,,,,4,,25951,333,88,77,77,,5105870479961,
2026-08-19 00:05:41.858,pulse_batch,y,,,,,-4,,7621,323,-89,0,4,,5105875835490,
2026-08-19 00:05:41.874,pulse_batch,x,,,,,4,,25955,337,92,77,77,,5105891558228,
2026-08-19 00:05:41.879,pulse_batch,y,,,,,-4,,7625,319,-93,0,4,,5105896661815,
2026-08-19 00:05:41.894,pulse_batch,x,,,,,4,,25959,341,96,77,77,,5105912162887,
2026-08-19 00:05:41.899,pulse_batch,y,,,,,-4,,7629,315,-97,0,4,,5105917201530,
2026-08-19 00:05:41.917,pulse_batch,x,,,,,4,,25963,345,100,77,77,,5105934833444,
2026-08-19 00:05:41.920,pulse_batch,y,,,,,-4,,7633,311,-101,0,4,,5105937905633,
2026-08-19 00:05:41.938,pulse_batch,x,,,,,4,,25967,349,104,77,77,,5105955598732,
2026-08-19 00:05:41.941,pulse_batch,y,,,,,-4,,7637,307,-105,0,4,,5105958521477,
2026-08-19 00:05:41.958,pulse_batch,x,,,,,4,,25971,353,108,77,77,,5105976140225,
2026-08-19 00:05:41.961,pulse_batch,y,,,,,-4,,7641,303,-109,0,4,,5105979038636,
2026-08-19 00:05:41.979,pulse_batch,x,,,,,4,,25975,357,112,77,77,,5105996788050,
2026-08-19 00:05:41.985,pulse_batch,y,,,,,-4,,7645,299,-113,0,4,,5106002397171,
2026-08-19 00:05:42.001,pulse_batch,x,,,,,4,,25979,361,116,77,77,,5106018695203,
2026-08-19 00:05:42.005,pulse_batch,y,,,,,-4,,7649,295,-117,0,4,,5106023042922,
2026-08-19 00:05:42.021,pulse_batch,x,,,,,4,,25983,365,120,77,77,,5106039271881,
2026-08-19 00:05:42.026,pulse_batch,y,,,,,-4,,7653,291,-121,0,4,,5106043588545,
2026-08-19 00:05:42.042,pulse_batch,x,,,,,4,,25987,369,124,77,77,,5106059844484,
2026-08-19 00:05:42.048,pulse_batch,y,,,,,-4,,7657,287,-125,0,4,,5106066141583,
2026-08-19 00:05:42.064,pulse_batch,x,,,,,4,,25991,373,128,77,77,,5106081753933,
2026-08-19 00:05:42.069,pulse_batch,y,,,,,-4,,7661,283,-129,0,4,,5106086908519,
2026-08-19 00:05:42.085,pulse_batch,x,,,,,4,,25995,377,132,77,77,,5106102427648,
2026-08-19 00:05:42.090,pulse_batch,y,,,,,-4,,7665,279,-133,0,4,,5106107554771,
2026-08-19 00:05:42.105,pulse_batch,x,,,,,4,,25999,381,136,77,77,,5106123139214,
2026-08-19 00:05:42.111,pulse_batch,y,,,,,-4,,7669,275,-137,0,4,,5106128520169,
2026-08-19 00:05:42.128,pulse_batch,x,,,,,4,,26003,385,140,77,77,,5106145832659,
2026-08-19 00:05:42.134,pulse_batch,y,,,,,-4,,7673,271,-141,0,4,,5106151567427,
2026-08-19 00:05:42.149,pulse_batch,x,,,,,4,,26007,389,144,77,77,,5106166461781,
2026-08-19 00:05:42.154,pulse_batch,y,,,,,-4,,7677,267,-145,0,4,,5106172094938,
2026-08-19 00:05:42.169,pulse_batch,x,,,,,4,,26011,393,148,77,77,,5106187026551,
2026-08-19 00:05:42.175,pulse_batch,y,,,,,-4,,7681,263,-149,0,4,,5106192754171,
2026-08-19 00:05:42.192,pulse_batch,x,,,,,4,,26015,397,152,77,77,,5106209618478,
2026-08-19 00:05:42.198,pulse_batch,y,,,,,-4,,7685,259,-153,0,4,,5106215921374,
2026-08-19 00:05:42.213,pulse_batch,x,,,,,4,,26019,401,156,77,77,,5106230304915,
2026-08-19 00:05:42.219,pulse_batch,y,,,,,-4,,7689,255,-157,0,4,,5106236501829,
2026-08-19 00:05:42.233,pulse_batch,x,,,,,4,,26023,405,160,77,77,,5106250859556,
2026-08-19 00:05:42.239,pulse_batch,y,,,,,-4,,7693,251,-161,0,4,,5106257061062,
2026-08-19 00:05:42.254,pulse_batch,x,,,,,4,,26027,409,164,77,77,,5106272191600,
2026-08-19 00:05:42.260,pulse_batch,y,,,,,-4,,7697,247,-165,0,4,,5106277639129,
2026-08-19 00:05:42.275,pulse_batch,x,,,,,4,,26031,413,168,77,77,,5106292975425,
2026-08-19 00:05:42.281,pulse_batch,y,,,,,-4,,7701,243,-169,0,4,,5106298452361,
2026-08-19 00:05:42.296,pulse_batch,x,,,,,4,,26035,417,172,77,77,,5106313582565,
2026-08-19 00:05:42.301,pulse_batch,y,,,,,-4,,7705,239,-173,0,4,,5106319001391,
2026-08-19 00:05:42.317,pulse_batch,x,,,,,4,,26039,421,176,77,77,,5106335063720,
2026-08-19 00:05:42.323,pulse_batch,y,,,,,-4,,7709,235,-177,0,4,,5106340456990,
2026-08-19 00:05:42.338,pulse_batch,x,,,,,4,,26043,425,180,77,77,,5106355737638,
2026-08-19 00:05:42.343,pulse_batch,y,,,,,-4,,7713,231,-181,0,4,,5106361109223,
2026-08-19 00:05:42.359,pulse_batch,x,,,,,4,,26047,429,184,77,77,,5106376395297,
2026-08-19 00:05:42.364,pulse_batch,y,,,,,-4,,7717,227,-185,0,4,,5106381734679,
2026-08-19 00:05:42.379,pulse_batch,x,,,,,4,,26051,433,188,77,77,,5106397030586,
2026-08-19 00:05:42.385,pulse_batch,y,,,,,-4,,7721,223,-189,0,4,,5106402549800,
2026-08-19 00:05:42.400,pulse_batch,x,,,,,4,,26055,437,192,77,77,,5106418085928,
2026-08-19 00:05:42.407,pulse_batch,y,,,,,-4,,7725,219,-193,0,4,,5106424453563,
2026-08-19 00:05:42.422,pulse_batch,x,,,,,4,,26059,441,196,77,77,,5106439302047,
2026-08-19 00:05:42.427,pulse_batch,y,,,,,-4,,7729,215,-197,0,4,,5106445003501,
2026-08-19 00:05:42.442,pulse_batch,x,,,,,4,,26063,445,200,77,77,,5106460107612,
2026-08-19 00:05:42.448,pulse_batch,y,,,,,-4,,7733,211,-201,0,4,,5106465921695,
2026-08-19 00:05:42.464,pulse_batch,x,,,,,4,,26067,449,204,77,77,,5106481592304,
2026-08-19 00:05:42.472,pulse_batch,y,,,,,-4,,7737,207,-205,0,4,,5106489339211,
2026-08-19 00:05:42.485,pulse_batch,x,,,,,4,,26071,453,208,77,77,,5106502402388,
2026-08-19 00:05:42.492,pulse_batch,y,,,,,-4,,7741,203,-209,0,4,,5106509945426,
2026-08-19 00:05:42.506,pulse_batch,x,,,,,4,,26075,457,212,77,77,,5106523460045,
2026-08-19 00:05:42.513,pulse_batch,y,,,,,-4,,7745,199,-213,0,4,,5106530568677,
2026-08-19 00:05:42.528,pulse_batch,x,,,,,4,,26079,461,216,77,77,,5106546036176,
2026-08-19 00:05:42.534,pulse_batch,y,,,,,-4,,7749,195,-217,0,4,,5106551276169,
2026-08-19 00:05:42.549,pulse_batch,x,,,,,4,,26083,465,220,77,77,,5106566758909,
2026-08-19 00:05:42.554,pulse_batch,y,,,,,-4,,7753,191,-221,0,4,,5106571906772,
2026-08-19 00:05:42.570,pulse_batch,x,,,,,4,,26087,469,224,77,77,,5106587348494,
2026-08-19 00:05:42.575,pulse_batch,y,,,,,-4,,7757,187,-225,0,4,,5106592799819,
2026-08-19 00:05:42.592,pulse_batch,x,,,,,4,,26091,473,228,77,77,,5106609853236,
2026-08-19 00:05:42.598,pulse_batch,y,,,,,-4,,7761,183,-229,0,4,,5106616112187,
2026-08-19 00:05:42.613,pulse_batch,x,,,,,4,,26095,477,232,77,77,,5106630495006,
2026-08-19 00:05:42.619,pulse_batch,y,,,,,-4,,7765,179,-233,0,4,,5106636709476,
2026-08-19 00:05:42.633,pulse_batch,x,,,,,4,,26099,481,236,77,77,,5106651056239,
2026-08-19 00:05:42.640,pulse_batch,y,,,,,-4,,7769,175,-237,0,4,,5106657305172,
2026-08-19 00:05:42.654,pulse_batch,x,,,,,4,,26103,485,240,77,77,,5106671751806,
2026-08-19 00:05:42.661,pulse_batch,y,,,,,-4,,7773,171,-241,0,4,,5106678889363,
2026-08-19 00:05:42.675,pulse_batch,x,,,,,4,,26107,489,244,77,77,,5106692423205,
2026-08-19 00:05:42.682,pulse_batch,y,,,,,-4,,7777,167,-245,0,4,,5106699478486,
2026-08-19 00:05:42.695,pulse_batch,x,,,,,4,,26111,493,248,77,77,,5106712965957,
2026-08-19 00:05:42.702,pulse_batch,y,,,,,-4,,7781,163,-249,0,4,,5106720076774,
2026-08-19 00:05:42.718,pulse_batch,x,,,,,4,,26115,497,252,77,77,,5106735460237,
2026-08-19 00:05:42.724,pulse_batch,y,,,,,-4,,7785,159,-253,0,4,,5106741548318,
2026-08-19 00:05:42.739,pulse_batch,x,,,,,4,,26119,501,256,77,77,,5106757019576,
2026-08-19 00:05:42.744,pulse_batch,y,,,,,-4,,7789,155,-257,0,4,,5106762262551,
2026-08-19 00:05:42.760,pulse_batch,x,,,,,4,,26123,505,260,77,77,,5106777584217,
2026-08-19 00:05:42.765,pulse_batch,y,,,,,-4,,7793,151,-261,0,4,,5106782849988,
2026-08-19 00:05:42.782,pulse_batch,x,,,,,4,,26127,509,264,77,77,,5106799722313,
2026-08-19 00:05:42.787,pulse_batch,y,,,,,-4,,7797,147,-265,0,4,,5106804974806,
2026-08-19 00:05:42.803,pulse_batch,x,,,,,4,,26131,513,268,77,77,,5106820623915,
2026-08-19 00:05:42.808,pulse_batch,y,,,,,-4,,7801,143,-269,0,4,,5106825690224,
2026-08-19 00:05:42.824,pulse_batch,x,,,,,4,,26135,517,272,77,77,,5106841299370,
2026-08-19 00:05:42.828,pulse_batch,y,,,,,-4,,7805,139,-273,0,4,,5106846237439,
2026-08-19 00:05:42.845,pulse_batch,x,,,,,4,,26139,521,276,77,77,,5106862343471,
2026-08-19 00:05:42.849,pulse_batch,y,,,,,-4,,7809,135,-277,0,4,,5106866933579,
2026-08-19 00:05:42.867,pulse_batch,x,,,,,4,,26143,525,280,77,77,,5106885125416,
2026-08-19 00:05:42.870,pulse_batch,y,,,,,-4,,7813,131,-281,0,4,,5106887905495,
2026-08-19 00:05:42.888,pulse_batch,x,,,,,4,,26147,529,284,77,77,,5106905757909,
2026-08-19 00:05:42.891,pulse_batch,y,,,,,-4,,7817,127,-285,0,4,,5106908560302,
2026-08-19 00:05:42.909,pulse_batch,x,,,,,4,,26151,533,288,77,77,,5106926479752,
2026-08-19 00:05:42.911,move_finish,x,,,37,,,,26151,533,288,77,77,,5106929148165,
2026-08-19 00:05:42.912,pulse_batch,y,,,,,-4,,7821,123,-289,0,4,,5106929471978,
2026-08-19 00:05:42.934,pulse_batch,y,,,,,-4,,7825,119,-293,0,4,,5106951943017,
2026-08-19 00:05:42.955,pulse_batch,y,,,,,-4,,7829,115,-297,0,4,,5106972560084,
2026-08-19 00:05:42.975,pulse_batch,y,,,,,-4,,7833,111,-301,0,4,,5106993119299,
2026-08-19 00:05:42.996,pulse_batch,y,,,,,-4,,7837,107,-305,0,4,,5107013987512,
2026-08-19 00:05:43.017,pulse_batch,y,,,,,-4,,7841,103,-309,0,4,,5107034844485,
2026-08-19 00:05:43.038,pulse_batch,y,,,,,-4,,7845,99,-313,0,4,,5107055547365,
2026-08-19 00:05:43.060,pulse_batch,y,,,,,-4,,7849,95,-317,0,4,,5107077375482,
2026-08-19 00:05:43.081,pulse_batch,y,,,,,-4,,7853,91,-321,0,4,,5107098460268,
2026-08-19 00:05:43.101,pulse_batch,y,,,,,-4,,7857,87,-325,0,4,,5107119098279,
2026-08-19 00:05:43.126,pulse_batch,y,,,,,-4,,7861,83,-329,0,4,,5107143835881,
2026-08-19 00:05:43.147,pulse_batch,y,,,,,-4,,7865,79,-333,0,4,,5107164634150,
2026-08-19 00:05:43.167,pulse_batch,y,,,,,-4,,7869,75,-337,0,4,,5107185173995,
2026-08-19 00:05:43.190,pulse_batch,y,,,,,-4,,7873,71,-341,0,4,,5107207633756,
2026-08-19 00:05:43.211,pulse_batch,y,,,,,-4,,7877,67,-345,0,4,,5107228459395,
2026-08-19 00:05:43.231,pulse_batch,y,,,,,-4,,7881,63,-349,0,4,,5107249008980,
2026-08-19 00:05:43.252,pulse_batch,y,,,,,-4,,7885,59,-353,0,4,,5107269742306,
2026-08-19 00:05:43.273,pulse_batch,y,,,,,-4,,7889,55,-357,0,4,,5107290643352,
2026-08-19 00:05:43.293,pulse_batch,y,,,,,-4,,7893,51,-361,0,4,,5107311212437,
2026-08-19 00:05:43.316,pulse_batch,y,,,,,-4,,7897,47,-365,0,4,,5107333539162,
2026-08-19 00:05:43.337,pulse_batch,y,,,,,-4,,7901,43,-369,0,4,,5107355256908,
2026-08-19 00:05:43.358,pulse_batch,y,,,,,-4,,7905,39,-373,0,4,,5107375913364,
2026-08-19 00:05:43.379,pulse_batch,y,,,,,-4,,7909,35,-377,0,4,,5107396605930,
2026-08-19 00:05:43.401,pulse_batch,y,,,,,-4,,7913,31,-381,0,4,,5107418693285,
2026-08-19 00:05:43.422,pulse_batch,y,,,,,-4,,7917,27,-385,0,4,,5107439283463,
2026-08-19 00:05:43.443,pulse_batch,y,,,,,-4,,7921,23,-389,0,4,,5107460306657,
2026-08-19 00:05:43.468,pulse_batch,y,,,,,-4,,7925,19,-393,0,4,,5107485395961,
2026-08-19 00:05:43.488,pulse_batch,y,,,,,-4,,7929,15,-397,0,4,,5107506031749,
2026-08-19 00:05:43.501,pulse_batch,y,,,,,-2,,7931,13,-399,0,4,,5107519008927,
2026-08-19 00:05:43.501,move_finish,y,,,37,,,,7931,13,-399,0,4,,5107519241889,
2026-08-19 00:05:43.641,approach_source_finish,x,1,stored,,,,1,,533,288,77,77,288,,
2026-08-19 00:05:43.641,approach_source_finish,y,1,stored,,,,-1,,13,-399,0,4,-399,,
2026-08-19 00:05:43.645,move_start,x,,,38,87,,1,26151,533,288,77,77,,5107662359527,
2026-08-19 00:05:43.645,move_start,y,,,38,-14,,-1,7931,13,-399,0,4,,5107662546007,
2026-08-19 00:05:43.648,pulse_batch,x,,,,,1,,26152,534,289,77,77,,5107665272179,
2026-08-19 00:05:43.648,pulse_batch,y,,,,,-1,,7932,12,-400,0,4,,5107665468197,
2026-08-19 00:05:43.669,pulse_batch,y,,,,,-4,,7936,8,-404,0,4,,5107686243336,
2026-08-19 00:05:43.669,pulse_batch,x,,,,,4,,26156,538,293,77,77,,5107686337151,
2026-08-19 00:05:43.689,pulse_batch,y,,,,,-4,,7940,4,-408,0,4,,5107706883403,
2026-08-19 00:05:43.689,pulse_batch,x,,,,,4,,26160,542,297,77,77,,5107706942069,
2026-08-19 00:05:43.710,pulse_batch,y,,,,,-4,,7944,0,-412,0,4,,5107727696894,
2026-08-19 00:05:43.710,pulse_batch,x,,,,,4,,26164,546,301,77,77,,5107728222336,
2026-08-19 00:05:43.719,pulse_batch,y,,,,,-1,,7945,-1,-413,0,4,,5107736978553,
2026-08-19 00:05:43.720,move_finish,y,,,38,,,,7945,-1,-413,0,4,,5107737309903,
2026-08-19 00:05:43.732,pulse_batch,x,,,,,4,,26168,550,305,77,77,,5107750009434,
2026-08-19 00:05:43.753,pulse_batch,x,,,,,4,,26172,554,309,77,77,,5107770624482,
2026-08-19 00:05:43.774,pulse_batch,x,,,,,4,,26176,558,313,77,77,,5107791552472,
2026-08-19 00:05:43.796,pulse_batch,x,,,,,4,,26180,562,317,77,77,,5107813603310,
2026-08-19 00:05:43.817,pulse_batch,x,,,,,4,,26184,566,321,77,77,,5107834647874,
2026-08-19 00:05:43.838,pulse_batch,x,,,,,4,,26188,570,325,77,77,,5107856096548,
2026-08-19 00:05:43.861,pulse_batch,x,,,,,4,,26192,574,329,77,77,,5107878626531,
2026-08-19 00:05:43.882,pulse_batch,x,,,,,4,,26196,578,333,77,77,,5107899434670,
2026-08-19 00:05:43.902,pulse_batch,x,,,,,4,,26200,582,337,77,77,,5107920020422,
2026-08-19 00:05:43.924,pulse_batch,x,,,,,4,,26204,586,341,77,77,,5107941827575,
2026-08-19 00:05:43.945,pulse_batch,x,,,,,4,,26208,590,345,77,77,,5107962583400,
2026-08-19 00:05:43.965,pulse_batch,x,,,,,4,,26212,594,349,77,77,,5107983131523,
2026-08-19 00:05:43.988,pulse_batch,x,,,,,4,,26216,598,353,77,77,,5108005738024,
2026-08-19 00:05:44.009,pulse_batch,x,,,,,4,,26220,602,357,77,77,,5108027116716,
2026-08-19 00:05:44.030,pulse_batch,x,,,,,4,,26224,606,361,77,77,,5108047666653,
2026-08-19 00:05:44.053,pulse_batch,x,,,,,4,,26228,610,365,77,77,,5108070247914,
2026-08-19 00:05:44.073,pulse_batch,x,,,,,4,,26232,614,369,77,77,,5108090861203,
2026-08-19 00:05:44.094,pulse_batch,x,,,,,4,,26236,618,373,77,77,,5108111422936,
2026-08-19 00:05:44.107,pulse_batch,x,,,,,2,,26238,620,375,77,77,,5108124278614,
2026-08-19 00:05:44.107,move_finish,x,,,38,,,,26238,620,375,77,77,,5108124532113,
2026-08-19 00:05:44.241,target_finish,x,1,stored,,,,,,620,375,77,77,375,,ok=True
2026-08-19 00:05:44.241,target_finish,y,1,stored,,,,,,-1,-413,0,4,-413,,ok=True
2026-08-19 00:05:54.323,target_start,x,0,stored,,,,,,620,375,77,77,-1,,
2026-08-19 00:05:54.323,target_start,y,0,stored,,,,,,-1,-413,0,4,0,,
2026-08-19 00:05:54.323,approach_source_start,x,0,stored,,,,1,,620,375,77,77,-88,,
2026-08-19 00:05:54.323,approach_source_start,y,0,stored,,,,-1,,-1,-413,0,4,14,,
2026-08-19 00:05:54.326,move_start,x,,,39,-540,,-1,26238,620,375,77,77,,5118343392601,
2026-08-19 00:05:54.326,move_start,y,,,39,431,,1,7945,-1,-413,0,4,,5118343745007,
2026-08-19 00:05:54.328,pulse_batch,x,,,,,-1,,26239,619,375,76,77,,5118346185865,
2026-08-19 00:05:54.329,pulse_batch,y,,,,,1,,7946,0,-413,1,4,,5118346451160,
2026-08-19 00:05:54.350,pulse_batch,x,,,,,-4,,26243,615,375,72,77,,5118367725724,
2026-08-19 00:05:54.350,pulse_batch,y,,,,,4,,7950,4,-412,4,4,,5118368084000,
2026-08-19 00:05:54.371,pulse_batch,x,,,,,-4,,26247,611,375,68,77,,5118388341753,
2026-08-19 00:05:54.371,pulse_batch,y,,,,,4,,7954,8,-408,4,4,,5118388683140,
2026-08-19 00:05:54.391,pulse_batch,x,,,,,-4,,26251,607,375,64,77,,5118409160411,
2026-08-19 00:05:54.394,pulse_batch,y,,,,,4,,7958,12,-404,4,4,,5118411912250,
2026-08-19 00:05:54.414,pulse_batch,x,,,,,-4,,26255,603,375,60,77,,5118431160027,
2026-08-19 00:05:54.417,pulse_batch,y,,,,,4,,7962,16,-400,4,4,,5118434648843,
2026-08-19 00:05:54.435,pulse_batch,x,,,,,-4,,26259,599,375,56,77,,5118452741533,
2026-08-19 00:05:54.437,pulse_batch,y,,,,,4,,7966,20,-396,4,4,,5118455294965,
2026-08-19 00:05:54.456,pulse_batch,x,,,,,-4,,26263,595,375,52,77,,5118473592987,
2026-08-19 00:05:54.461,pulse_batch,y,,,,,4,,7970,24,-392,4,4,,5118478372353,
2026-08-19 00:05:54.479,pulse_batch,x,,,,,-4,,26267,591,375,48,77,,5118496450117,
2026-08-19 00:05:54.481,pulse_batch,y,,,,,4,,7974,28,-388,4,4,,5118499160252,
2026-08-19 00:05:54.500,pulse_batch,x,,,,,-4,,26271,587,375,44,77,,5118517288830,
2026-08-19 00:05:54.502,pulse_batch,y,,,,,4,,7978,32,-384,4,4,,5118519889670,
2026-08-19 00:05:54.521,pulse_batch,x,,,,,-4,,26275,583,375,40,77,,5118538413283,
2026-08-19 00:05:54.523,pulse_batch,y,,,,,4,,7982,36,-380,4,4,,5118540539847,
2026-08-19 00:05:54.542,pulse_batch,x,,,,,-4,,26279,579,375,36,77,,5118560206826,
2026-08-19 00:05:54.545,pulse_batch,y,,,,,4,,7986,40,-376,4,4,,5118562876794,
2026-08-19 00:05:54.564,pulse_batch,x,,,,,-4,,26283,575,375,32,77,,5118581536648,
2026-08-19 00:05:54.566,pulse_batch,y,,,,,4,,7990,44,-372,4,4,,5118583467879,
2026-08-19 00:05:54.585,pulse_batch,x,,,,,-4,,26287,571,375,28,77,,5118602663508,
2026-08-19 00:05:54.586,pulse_batch,y,,,,,4,,7994,48,-368,4,4,,5118604190630,
2026-08-19 00:05:54.606,pulse_batch,x,,,,,-4,,26291,567,375,24,77,,5118623922572,
2026-08-19 00:05:54.609,pulse_batch,y,,,,,4,,7998,52,-364,4,4,,5118626903390,
2026-08-19 00:05:54.628,pulse_batch,x,,,,,-4,,26295,563,375,20,77,,5118645407097,
2026-08-19 00:05:54.630,pulse_batch,y,,,,,4,,8002,56,-360,4,4,,5118647438068,
2026-08-19 00:05:54.648,pulse_batch,x,,,,,-4,,26299,559,375,16,77,,5118666021089,
2026-08-19 00:05:54.652,pulse_batch,y,,,,,4,,8006,60,-356,4,4,,5118670216458,
2026-08-19 00:05:54.670,pulse_batch,x,,,,,-4,,26303,555,375,12,77,,5118688127019,
2026-08-19 00:05:54.674,pulse_batch,y,,,,,4,,8010,64,-352,4,4,,5118691137208,
2026-08-19 00:05:54.691,pulse_batch,x,,,,,-4,,26307,551,375,8,77,,5118709117750,
2026-08-19 00:05:54.696,pulse_batch,y,,,,,4,,8014,68,-348,4,4,,5118714224022,
2026-08-19 00:05:54.712,pulse_batch,x,,,,,-4,,26311,547,375,4,77,,5118729665206,
2026-08-19 00:05:54.718,pulse_batch,y,,,,,4,,8018,72,-344,4,4,,5118735614899,
2026-08-19 00:05:54.737,pulse_batch,x,,,,,-4,,26315,543,375,0,77,,5118754860880,
2026-08-19 00:05:54.740,pulse_batch,y,,,,,4,,8022,76,-340,4,4,,5118757737329,
2026-08-19 00:05:54.759,pulse_batch,x,,,,,-4,,26319,539,371,0,77,,5118776499849,
2026-08-19 00:05:54.761,pulse_batch,y,,,,,4,,8026,80,-336,4,4,,5118778381618,
2026-08-19 00:05:54.779,pulse_batch,x,,,,,-4,,26323,535,367,0,77,,5118797123341,
2026-08-19 00:05:54.781,pulse_batch,y,,,,,4,,8030,84,-332,4,4,,5118799000036,
2026-08-19 00:05:54.801,pulse_batch,x,,,,,-4,,26327,531,363,0,77,,5118818677737,
2026-08-19 00:05:54.804,pulse_batch,y,,,,,4,,8034,88,-328,4,4,,5118821456908,
2026-08-19 00:05:54.822,pulse_batch,x,,,,,-4,,26331,527,359,0,77,,5118839673542,
2026-08-19 00:05:54.824,pulse_batch,y,,,,,4,,8038,92,-324,4,4,,5118842132530,
2026-08-19 00:05:54.842,pulse_batch,x,,,,,-4,,26335,523,355,0,77,,5118860246516,
2026-08-19 00:05:54.845,pulse_batch,y,,,,,4,,8042,96,-320,4,4,,5118862650393,
2026-08-19 00:05:54.863,pulse_batch,x,,,,,-4,,26339,519,351,0,77,,5118880892971,
2026-08-19 00:05:54.866,pulse_batch,y,,,,,4,,8046,100,-316,4,4,,5118883362589,
2026-08-19 00:05:54.884,pulse_batch,x,,,,,-4,,26343,515,347,0,77,,5118901653408,
2026-08-19 00:05:54.886,pulse_batch,y,,,,,4,,8050,104,-312,4,4,,5118904221821,
2026-08-19 00:05:54.905,pulse_batch,x,,,,,-4,,26347,511,343,0,77,,5118922336677,
2026-08-19 00:05:54.907,pulse_batch,y,,,,,4,,8054,108,-308,4,4,,5118924748295,
2026-08-19 00:05:54.928,pulse_batch,x,,,,,-4,,26351,507,339,0,77,,5118945282399,
2026-08-19 00:05:54.930,pulse_batch,y,,,,,4,,8058,112,-304,4,4,,5118947862924,
2026-08-19 00:05:54.948,pulse_batch,x,,,,,-4,,26355,503,335,0,77,,5118966173502,
2026-08-19 00:05:54.951,pulse_batch,y,,,,,4,,8062,116,-300,4,4,,5118968561379,
2026-08-19 00:05:54.969,pulse_batch,x,,,,,-4,,26359,499,331,0,77,,5118986733920,
2026-08-19 00:05:54.971,pulse_batch,y,,,,,4,,8066,120,-296,4,4,,5118989116298,
2026-08-19 00:05:54.990,pulse_batch,x,,,,,-4,,26363,495,327,0,77,,5119007450912,
2026-08-19 00:05:54.994,pulse_batch,y,,,,,4,,8070,124,-292,4,4,,5119011234060,
2026-08-19 00:05:55.012,pulse_batch,x,,,,,-4,,26367,491,323,0,77,,5119030121228,
2026-08-19 00:05:55.015,pulse_batch,y,,,,,4,,8074,128,-288,4,4,,5119032629975,
2026-08-19 00:05:55.033,pulse_batch,x,,,,,-4,,26371,487,319,0,77,,5119050786461,
2026-08-19 00:05:55.035,pulse_batch,y,,,,,4,,8078,132,-284,4,4,,5119053231245,
2026-08-19 00:05:55.054,pulse_batch,x,,,,,-4,,26375,483,315,0,77,,5119071354620,
2026-08-19 00:05:55.056,pulse_batch,y,,,,,4,,8082,136,-280,4,4,,5119073840386,
2026-08-19 00:05:55.076,pulse_batch,x,,,,,-4,,26379,479,311,0,77,,5119093636068,
2026-08-19 00:05:55.078,pulse_batch,y,,,,,4,,8086,140,-276,4,4,,5119096158981,
2026-08-19 00:05:55.097,pulse_batch,x,,,,,-4,,26383,475,307,0,77,,5119114306356,
2026-08-19 00:05:55.099,pulse_batch,y,,,,,4,,8090,144,-272,4,4,,5119116728900,
2026-08-19 00:05:55.117,pulse_batch,x,,,,,-4,,26387,471,303,0,77,,5119134846849,
2026-08-19 00:05:55.120,pulse_batch,y,,,,,4,,8094,148,-268,4,4,,5119137315837,
2026-08-19 00:05:55.140,pulse_batch,x,,,,,-4,,26391,467,299,0,77,,5119157377665,
2026-08-19 00:05:55.143,pulse_batch,y,,,,,4,,8098,152,-264,4,4,,5119160606539,
2026-08-19 00:05:55.160,pulse_batch,x,,,,,-4,,26395,463,295,0,77,,5119178066972,
2026-08-19 00:05:55.163,pulse_batch,y,,,,,4,,8102,156,-260,4,4,,5119181163994,
2026-08-19 00:05:55.181,pulse_batch,x,,,,,-4,,26399,459,291,0,77,,5119198720409,
2026-08-19 00:05:55.184,pulse_batch,y,,,,,4,,8106,160,-256,4,4,,5119201731580,
2026-08-19 00:05:55.202,pulse_batch,x,,,,,-4,,26403,455,287,0,77,,5119219293254,
2026-08-19 00:05:55.207,pulse_batch,y,,,,,4,,8110,164,-252,4,4,,5119224383840,
2026-08-19 00:05:55.223,pulse_batch,x,,,,,-4,,26407,451,283,0,77,,5119240354188,
2026-08-19 00:05:55.227,pulse_batch,y,,,,,4,,8114,168,-248,4,4,,5119244947462,
2026-08-19 00:05:55.243,pulse_batch,x,,,,,-4,,26411,447,279,0,77,,5119260853311,
2026-08-19 00:05:55.248,pulse_batch,y,,,,,4,,8118,172,-244,4,4,,5119265530566,
2026-08-19 00:05:55.265,pulse_batch,x,,,,,-4,,26415,443,275,0,77,,5119283131851,
2026-08-19 00:05:55.268,pulse_batch,y,,,,,4,,8122,176,-240,4,4,,5119286158929,
2026-08-19 00:05:55.286,pulse_batch,x,,,,,-4,,26419,439,271,0,77,,5119303879861,
2026-08-19 00:05:55.289,pulse_batch,y,,,,,4,,8126,180,-236,4,4,,5119306828736,
2026-08-19 00:05:55.307,pulse_batch,x,,,,,-4,,26423,435,267,0,77,,5119324397595,
2026-08-19 00:05:55.310,pulse_batch,y,,,,,4,,8130,184,-232,4,4,,5119327344043,
2026-08-19 00:05:55.327,pulse_batch,x,,,,,-4,,26427,431,263,0,77,,5119345056235,
2026-08-19 00:05:55.330,pulse_batch,y,,,,,4,,8134,188,-228,4,4,,5119347981814,
2026-08-19 00:05:55.348,pulse_batch,x,,,,,-4,,26431,427,259,0,77,,5119365715857,
2026-08-19 00:05:55.353,pulse_batch,y,,,,,4,,8138,192,-224,4,4,,5119370263483,
2026-08-19 00:05:55.369,pulse_batch,x,,,,,-4,,26435,423,255,0,77,,5119386547941,
2026-08-19 00:05:55.373,pulse_batch,y,,,,,4,,8142,196,-220,4,4,,5119390921049,
2026-08-19 00:05:55.389,pulse_batch,x,,,,,-4,,26439,419,251,0,77,,5119407142934,
2026-08-19 00:05:55.394,pulse_batch,y,,,,,4,,8146,200,-216,4,4,,5119412038688,
2026-08-19 00:05:55.410,pulse_batch,x,,,,,-4,,26443,415,247,0,77,,5119427863666,
2026-08-19 00:05:55.415,pulse_batch,y,,,,,4,,8150,204,-212,4,4,,5119432764050,
2026-08-19 00:05:55.431,pulse_batch,x,,,,,-4,,26447,411,243,0,77,,5119448452585,
2026-08-19 00:05:55.436,pulse_batch,y,,,,,4,,8154,208,-208,4,4,,5119453363691,
2026-08-19 00:05:55.451,pulse_batch,x,,,,,-4,,26451,407,239,0,77,,5119469097707,
2026-08-19 00:05:55.456,pulse_batch,y,,,,,4,,8158,212,-204,4,4,,5119474205256,
2026-08-19 00:05:55.475,pulse_batch,x,,,,,-4,,26455,403,235,0,77,,5119492262539,
2026-08-19 00:05:55.480,pulse_batch,y,,,,,4,,8162,216,-200,4,4,,5119497455699,
2026-08-19 00:05:55.495,pulse_batch,x,,,,,-4,,26459,399,231,0,77,,5119513059308,
2026-08-19 00:05:55.501,pulse_batch,y,,,,,4,,8166,220,-196,4,4,,5119518355634,
2026-08-19 00:05:55.516,pulse_batch,x,,,,,-4,,26463,395,227,0,77,,5119534133391,
2026-08-19 00:05:55.521,pulse_batch,y,,,,,4,,8170,224,-192,4,4,,5119539272181,
2026-08-19 00:05:55.538,pulse_batch,x,,,,,-4,,26467,391,223,0,77,,5119555329732,
2026-08-19 00:05:55.543,pulse_batch,y,,,,,4,,8174,228,-188,4,4,,5119560691706,
2026-08-19 00:05:55.558,pulse_batch,x,,,,,-4,,26471,387,219,0,77,,5119576170964,
2026-08-19 00:05:55.564,pulse_batch,y,,,,,4,,8178,232,-184,4,4,,5119581377384,
2026-08-19 00:05:55.579,pulse_batch,x,,,,,-4,,26475,383,215,0,77,,5119596839438,
2026-08-19 00:05:55.585,pulse_batch,y,,,,,4,,8182,236,-180,4,4,,5119602032746,
2026-08-19 00:05:55.602,pulse_batch,x,,,,,-4,,26479,379,211,0,77,,5119619539494,
2026-08-19 00:05:55.607,pulse_batch,y,,,,,4,,8186,240,-176,4,4,,5119624619007,
2026-08-19 00:05:55.623,pulse_batch,x,,,,,-4,,26483,375,207,0,77,,5119640300338,
2026-08-19 00:05:55.627,pulse_batch,y,,,,,4,,8190,244,-172,4,4,,5119645260462,
2026-08-19 00:05:55.643,pulse_batch,x,,,,,-4,,26487,371,203,0,77,,5119660840979,
2026-08-19 00:05:55.648,pulse_batch,y,,,,,4,,8194,248,-168,4,4,,5119665848455,
2026-08-19 00:05:55.666,pulse_batch,x,,,,,-4,,26491,367,199,0,77,,5119683375795,
2026-08-19 00:05:55.669,pulse_batch,y,,,,,4,,8198,252,-164,4,4,,5119686499317,
2026-08-19 00:05:55.686,pulse_batch,x,,,,,-4,,26495,363,195,0,77,,5119704087862,
2026-08-19 00:05:55.689,pulse_batch,y,,,,,4,,8202,256,-160,4,4,,5119707232217,
2026-08-19 00:05:55.707,pulse_batch,x,,,,,-4,,26499,359,191,0,77,,5119724604651,
2026-08-19 00:05:55.710,pulse_batch,y,,,,,4,,8206,260,-156,4,4,,5119727715710,
2026-08-19 00:05:55.728,pulse_batch,x,,,,,-4,,26503,355,187,0,77,,5119745300995,
2026-08-19 00:05:55.733,pulse_batch,y,,,,,4,,8210,264,-152,4,4,,5119750667820,
2026-08-19 00:05:55.748,pulse_batch,x,,,,,-4,,26507,351,183,0,77,,5119766235615,
2026-08-19 00:05:55.754,pulse_batch,y,,,,,4,,8214,268,-148,4,4,,5119771449757,
2026-08-19 00:05:55.769,pulse_batch,x,,,,,-4,,26511,347,179,0,77,,5119786866311,
2026-08-19 00:05:55.774,pulse_batch,y,,,,,4,,8218,272,-144,4,4,,5119792016879,
2026-08-19 00:05:55.790,pulse_batch,x,,,,,-4,,26515,343,175,0,77,,5119807527526,
2026-08-19 00:05:55.797,pulse_batch,y,,,,,4,,8222,276,-140,4,4,,5119814608306,
2026-08-19 00:05:55.813,pulse_batch,x,,,,,-4,,26519,339,171,0,77,,5119830455914,
2026-08-19 00:05:55.818,pulse_batch,y,,,,,4,,8226,280,-136,4,4,,5119835854407,
2026-08-19 00:05:55.833,pulse_batch,x,,,,,-4,,26523,335,167,0,77,,5119851086314,
2026-08-19 00:05:55.839,pulse_batch,y,,,,,4,,8230,284,-132,4,4,,5119856441770,
2026-08-19 00:05:55.856,pulse_batch,x,,,,,-4,,26527,331,163,0,77,,5119873216077,
2026-08-19 00:05:55.861,pulse_batch,y,,,,,4,,8234,288,-128,4,4,,5119878796013,
2026-08-19 00:05:55.877,pulse_batch,x,,,,,-4,,26531,327,159,0,77,,5119894558325,
2026-08-19 00:05:55.882,pulse_batch,y,,,,,4,,8238,292,-124,4,4,,5119899788892,
2026-08-19 00:05:55.898,pulse_batch,x,,,,,-4,,26535,323,155,0,77,,5119915296817,
2026-08-19 00:05:55.903,pulse_batch,y,,,,,4,,8242,296,-120,4,4,,5119920548569,
2026-08-19 00:05:55.918,pulse_batch,x,,,,,-4,,26539,319,151,0,77,,5119936153975,
2026-08-19 00:05:55.924,pulse_batch,y,,,,,4,,8246,300,-116,4,4,,5119941437894,
2026-08-19 00:05:55.943,pulse_batch,x,,,,,-4,,26543,315,147,0,77,,5119960785485,
2026-08-19 00:05:55.949,pulse_batch,y,,,,,4,,8250,304,-112,4,4,,5119966418254,
2026-08-19 00:05:55.964,pulse_batch,x,,,,,-4,,26547,311,143,0,77,,5119981561662,
2026-08-19 00:05:55.969,pulse_batch,y,,,,,4,,8254,308,-108,4,4,,5119986989098,
2026-08-19 00:05:55.984,pulse_batch,x,,,,,-4,,26551,307,139,0,77,,5120002125229,
2026-08-19 00:05:55.990,pulse_batch,y,,,,,4,,8258,312,-104,4,4,,5120008221551,
2026-08-19 00:05:56.005,pulse_batch,x,,,,,-4,,26555,303,135,0,77,,5120023034460,
2026-08-19 00:05:56.013,pulse_batch,y,,,,,4,,8262,316,-100,4,4,,5120030791404,
2026-08-19 00:05:56.026,pulse_batch,x,,,,,-4,,26559,299,131,0,77,,5120043651545,
2026-08-19 00:05:56.034,pulse_batch,y,,,,,4,,8266,320,-96,4,4,,5120051337119,
2026-08-19 00:05:56.046,pulse_batch,x,,,,,-4,,26563,295,127,0,77,,5120064160575,
2026-08-19 00:05:56.054,pulse_batch,y,,,,,4,,8270,324,-92,4,4,,5120072240944,
2026-08-19 00:05:56.069,pulse_batch,x,,,,,-4,,26567,291,123,0,77,,5120086604652,
2026-08-19 00:05:56.077,pulse_batch,y,,,,,4,,8274,328,-88,4,4,,5120094700297,
2026-08-19 00:05:56.090,pulse_batch,x,,,,,-4,,26571,287,119,0,77,,5120107320403,
2026-08-19 00:05:56.098,pulse_batch,y,,,,,4,,8278,332,-84,4,4,,5120115411641,
2026-08-19 00:05:56.110,pulse_batch,x,,,,,-4,,26575,283,115,0,77,,5120127822044,
2026-08-19 00:05:56.120,pulse_batch,y,,,,,4,,8282,336,-80,4,4,,5120138168364,
2026-08-19 00:05:56.131,pulse_batch,x,,,,,-4,,26579,279,111,0,77,,5120148760887,
2026-08-19 00:05:56.142,pulse_batch,y,,,,,4,,8286,340,-76,4,4,,5120159236762,
2026-08-19 00:05:56.152,pulse_batch,x,,,,,-4,,26583,275,107,0,77,,5120169461508,
2026-08-19 00:05:56.162,pulse_batch,y,,,,,4,,8290,344,-72,4,4,,5120179916050,
2026-08-19 00:05:56.172,pulse_batch,x,,,,,-4,,26587,271,103,0,77,,5120190028334,
2026-08-19 00:05:56.185,pulse_batch,y,,,,,4,,8294,348,-68,4,4,,5120203148919,
2026-08-19 00:05:56.195,pulse_batch,x,,,,,-4,,26591,267,99,0,77,,5120212445355,
2026-08-19 00:05:56.208,pulse_batch,y,,,,,4,,8298,352,-64,4,4,,5120225483940,
2026-08-19 00:05:56.216,pulse_batch,x,,,,,-4,,26595,263,95,0,77,,5120233425531,
2026-08-19 00:05:56.228,pulse_batch,y,,,,,4,,8302,356,-60,4,4,,5120246105247,
2026-08-19 00:05:56.236,pulse_batch,x,,,,,-4,,26599,259,91,0,77,,5120254017524,
2026-08-19 00:05:56.249,pulse_batch,y,,,,,4,,8306,360,-56,4,4,,5120266692740,
2026-08-19 00:05:56.257,pulse_batch,x,,,,,-4,,26603,255,87,0,77,,5120274883070,
2026-08-19 00:05:56.270,pulse_batch,y,,,,,4,,8310,364,-52,4,4,,5120287349065,
2026-08-19 00:05:56.279,pulse_batch,x,,,,,-4,,26607,251,83,0,77,,5120297083129,
2026-08-19 00:05:56.290,pulse_batch,y,,,,,4,,8314,368,-48,4,4,,5120308063835,
2026-08-19 00:05:56.300,pulse_batch,x,,,,,-4,,26611,247,79,0,77,,5120317761862,
2026-08-19 00:05:56.311,pulse_batch,y,,,,,4,,8318,372,-44,4,4,,5120328620717,
2026-08-19 00:05:56.321,pulse_batch,x,,,,,-4,,26615,243,75,0,77,,5120338358429,
2026-08-19 00:05:56.333,pulse_batch,y,,,,,4,,8322,376,-40,4,4,,5120350738387,
2026-08-19 00:05:56.341,pulse_batch,x,,,,,-4,,26619,239,71,0,77,,5120359077439,
2026-08-19 00:05:56.354,pulse_batch,y,,,,,4,,8326,380,-36,4,4,,5120371443898,
2026-08-19 00:05:56.362,pulse_batch,x,,,,,-4,,26623,235,67,0,77,,5120379638228,
2026-08-19 00:05:56.374,pulse_batch,y,,,,,4,,8330,384,-32,4,4,,5120391999168,
2026-08-19 00:05:56.382,pulse_batch,x,,,,,-4,,26627,231,63,0,77,,5120400204221,
2026-08-19 00:05:56.396,pulse_batch,y,,,,,4,,8334,388,-28,4,4,,5120413372379,
2026-08-19 00:05:56.403,pulse_batch,x,,,,,-4,,26631,227,59,0,77,,5120421165638,
2026-08-19 00:05:56.417,pulse_batch,y,,,,,4,,8338,392,-24,4,4,,5120434394944,
2026-08-19 00:05:56.424,pulse_batch,x,,,,,-4,,26635,223,55,0,77,,5120441900481,
2026-08-19 00:05:56.437,pulse_batch,y,,,,,4,,8342,396,-20,4,4,,5120455085417,
2026-08-19 00:05:56.445,pulse_batch,x,,,,,-4,,26639,219,51,0,77,,5120462433734,
2026-08-19 00:05:56.458,pulse_batch,y,,,,,4,,8346,400,-16,4,4,,5120475914927,
2026-08-19 00:05:56.467,pulse_batch,x,,,,,-4,,26643,215,47,0,77,,5120484901847,
2026-08-19 00:05:56.480,pulse_batch,y,,,,,4,,8350,404,-12,4,4,,5120498032172,
2026-08-19 00:05:56.488,pulse_batch,x,,,,,-4,,26647,211,43,0,77,,5120505690394,
2026-08-19 00:05:56.501,pulse_batch,y,,,,,4,,8354,408,-8,4,4,,5120518735645,
2026-08-19 00:05:56.508,pulse_batch,x,,,,,-4,,26651,207,39,0,77,,5120526250238,
2026-08-19 00:05:56.522,pulse_batch,y,,,,,4,,8358,412,-4,4,4,,5120539616711,
2026-08-19 00:05:56.531,pulse_batch,x,,,,,-4,,26655,203,35,0,77,,5120548639426,
2026-08-19 00:05:56.544,pulse_batch,y,,,,,4,,8362,416,0,4,4,,5120561876547,
2026-08-19 00:05:56.552,pulse_batch,x,,,,,-4,,26659,199,31,0,77,,5120569286455,
2026-08-19 00:05:56.565,pulse_batch,y,,,,,4,,8366,420,4,4,4,,5120582476391,
2026-08-19 00:05:56.572,pulse_batch,x,,,,,-4,,26663,195,27,0,77,,5120589839059,
2026-08-19 00:05:56.586,pulse_batch,y,,,,,4,,8370,424,8,4,4,,5120603034032,
2026-08-19 00:05:56.593,pulse_batch,x,,,,,-4,,26667,191,23,0,77,,5120610470848,
2026-08-19 00:05:56.606,pulse_batch,y,,,,,4,,8374,428,12,4,4,,5120623800653,
2026-08-19 00:05:56.613,pulse_batch,x,,,,,-4,,26671,187,19,0,77,,5120631222840,
2026-08-19 00:05:56.619,pulse_batch,y,,,,,2,,8376,430,14,4,4,,5120636841942,
2026-08-19 00:05:56.619,move_finish,y,,,39,,,,8376,430,14,4,4,,5120637006219,
2026-08-19 00:05:56.634,pulse_batch,x,,,,,-4,,26675,183,15,0,77,,5120651873091,
2026-08-19 00:05:56.655,pulse_batch,x,,,,,-4,,26679,179,11,0,77,,5120672900045,
2026-08-19 00:05:56.678,pulse_batch,x,,,,,-4,,26683,175,7,0,77,,5120695414639,
2026-08-19 00:05:56.699,pulse_batch,x,,,,,-4,,26687,171,3,0,77,,5120716326741,
2026-08-19 00:05:56.720,pulse_batch,x,,,,,-4,,26691,167,-1,0,77,,5120737611360,
2026-08-19 00:05:56.741,pulse_batch,x,,,,,-4,,26695,163,-5,0,77,,5120758550147,
2026-08-19 00:05:56.762,pulse_batch,x,,,,,-4,,26699,159,-9,0,77,,5120779494342,
2026-08-19 00:05:56.782,pulse_batch,x,,,,,-4,,26703,155,-13,0,77,,5120800114686,
2026-08-19 00:05:56.803,pulse_batch,x,,,,,-4,,26707,151,-17,0,77,,5120820952307,
2026-08-19 00:05:56.824,pulse_batch,x,,,,,-4,,26711,147,-21,0,77,,5120841624132,
2026-08-19 00:05:56.844,pulse_batch,x,,,,,-4,,26715,143,-25,0,77,,5120862151662,
2026-08-19 00:05:56.865,pulse_batch,x,,,,,-4,,26719,139,-29,0,77,,5120882953765,
2026-08-19 00:05:56.890,pulse_batch,x,,,,,-4,,26723,135,-33,0,77,,5120907741348,
2026-08-19 00:05:56.911,pulse_batch,x,,,,,-4,,26727,131,-37,0,77,,5120928325063,
2026-08-19 00:05:56.932,pulse_batch,x,,,,,-4,,26731,127,-41,0,77,,5120949220239,
2026-08-19 00:05:56.955,pulse_batch,x,,,,,-4,,26735,123,-45,0,77,,5120973194697,
2026-08-19 00:05:56.976,pulse_batch,x,,,,,-4,,26739,119,-49,0,77,,5120993792319,
2026-08-19 00:05:56.998,pulse_batch,x,,,,,-4,,26743,115,-53,0,77,,5121015490066,
2026-08-19 00:05:57.019,pulse_batch,x,,,,,-4,,26747,111,-57,0,77,,5121037224016,
2026-08-19 00:05:57.040,pulse_batch,x,,,,,-4,,26751,107,-61,0,77,,5121057809897,
2026-08-19 00:05:57.062,pulse_batch,x,,,,,-4,,26755,103,-65,0,77,,5121079485699,
2026-08-19 00:05:57.082,pulse_batch,x,,,,,-4,,26759,99,-69,0,77,,5121100230099,
2026-08-19 00:05:57.103,pulse_batch,x,,,,,-4,,26763,95,-73,0,77,,5121120818147,
2026-08-19 00:05:57.126,pulse_batch,x,,,,,-4,,26767,91,-77,0,77,,5121144116071,
2026-08-19 00:05:57.149,pulse_batch,x,,,,,-4,,26771,87,-81,0,77,,5121166730405,
2026-08-19 00:05:57.170,pulse_batch,x,,,,,-4,,26775,83,-85,0,77,,5121187333157,
2026-08-19 00:05:57.188,pulse_batch,x,,,,,-3,,26778,80,-88,0,77,,5121205468106,
2026-08-19 00:05:57.188,move_finish,x,,,39,,,,26778,80,-88,0,77,,5121205632124,
2026-08-19 00:05:57.387,approach_source_finish,x,0,stored,,,,1,,80,-88,0,77,-88,,
2026-08-19 00:05:57.387,approach_source_finish,y,0,stored,,,,-1,,430,14,4,4,14,,
2026-08-19 00:05:57.392,move_start,x,,,40,164,,1,26778,80,-88,0,77,,5121409594281,
2026-08-19 00:05:57.392,move_start,y,,,40,-18,,-1,8376,430,14,4,4,,5121409835354,
2026-08-19 00:05:57.395,pulse_batch,x,,,,,1,,26779,81,-88,1,77,,5121412433471,
2026-08-19 00:05:57.395,pulse_batch,y,,,,,-1,,8377,429,14,3,4,,5121412607822,
2026-08-19 00:05:57.415,pulse_batch,x,,,,,4,,26783,85,-88,5,77,,5121433131297,
2026-08-19 00:05:57.416,pulse_batch,y,,,,,-4,,8381,425,13,0,4,,5121433309648,
2026-08-19 00:05:57.436,pulse_batch,x,,,,,4,,26787,89,-88,9,77,,5121453724530,
2026-08-19 00:05:57.436,pulse_batch,y,,,,,-4,,8385,421,9,0,4,,5121453913881,
2026-08-19 00:05:57.460,pulse_batch,y,,,,,-4,,8389,417,5,0,4,,5121477393433,
2026-08-19 00:05:57.460,pulse_batch,x,,,,,4,,26791,93,-88,13,77,,5121477323230,
2026-08-19 00:05:57.481,pulse_batch,x,,,,,4,,26795,97,-88,17,77,,5121499126587,
2026-08-19 00:05:57.482,pulse_batch,y,,,,,-4,,8393,413,1,0,4,,5121499499622,
2026-08-19 00:05:57.489,pulse_batch,y,,,,,-1,,8394,412,0,0,4,,5121507207233,
2026-08-19 00:05:57.490,move_finish,y,,,40,,,,8394,412,0,0,4,,5121507445676,
2026-08-19 00:05:57.502,pulse_batch,x,,,,,4,,26799,101,-88,21,77,,5121519870746,
2026-08-19 00:05:57.523,pulse_batch,x,,,,,4,,26803,105,-88,25,77,,5121540584738,
2026-08-19 00:05:57.547,pulse_batch,x,,,,,4,,26807,109,-88,29,77,,5121564368252,
2026-08-19 00:05:57.568,pulse_batch,x,,,,,4,,26811,113,-88,33,77,,5121585300743,
2026-08-19 00:05:57.590,pulse_batch,x,,,,,4,,26815,117,-88,37,77,,5121607596042,
2026-08-19 00:05:57.613,pulse_batch,x,,,,,4,,26819,121,-88,41,77,,5121630856151,
2026-08-19 00:05:57.634,pulse_batch,x,,,,,4,,26823,125,-88,45,77,,5121651583217,
2026-08-19 00:05:57.657,pulse_batch,x,,,,,4,,26827,129,-88,49,77,,5121674774586,
2026-08-19 00:05:57.678,pulse_batch,x,,,,,4,,26831,133,-88,53,77,,5121695827317,
2026-08-19 00:05:57.700,pulse_batch,x,,,,,4,,26835,137,-88,57,77,,5121718219560,
2026-08-19 00:05:57.725,pulse_batch,x,,,,,4,,26839,141,-88,61,77,,5121742899736,
2026-08-19 00:05:57.746,pulse_batch,x,,,,,3,,26842,144,-88,64,77,,5121764134207,
2026-08-19 00:05:57.767,pulse_batch,x,,,,,4,,26846,148,-88,68,77,,5121784812014,
2026-08-19 00:05:57.788,pulse_batch,x,,,,,4,,26850,152,-88,72,77,,5121805633413,
2026-08-19 00:05:57.809,pulse_batch,x,,,,,4,,26854,156,-88,76,77,,5121826366924,
2026-08-19 00:05:57.830,pulse_batch,x,,,,,4,,26858,160,-85,77,77,,5121847286489,
2026-08-19 00:05:57.850,pulse_batch,x,,,,,4,,26862,164,-81,77,77,,5121867990314,
2026-08-19 00:05:57.872,pulse_batch,x,,,,,4,,26866,168,-77,77,77,,5121889399729,
2026-08-19 00:05:57.893,pulse_batch,x,,,,,4,,26870,172,-73,77,77,,5121910443219,
2026-08-19 00:05:57.913,pulse_batch,x,,,,,4,,26874,176,-69,77,77,,5121931182304,
2026-08-19 00:05:57.935,pulse_batch,x,,,,,3,,26877,179,-66,77,77,,5121953159289,
2026-08-19 00:05:57.956,pulse_batch,x,,,,,4,,26881,183,-62,77,77,,5121973833782,
2026-08-19 00:05:57.977,pulse_batch,x,,,,,4,,26885,187,-58,77,77,,5121994464200,
2026-08-19 00:05:57.998,pulse_batch,x,,,,,4,,26889,191,-54,77,77,,5122015868077,
2026-08-19 00:05:58.019,pulse_batch,x,,,,,4,,26893,195,-50,77,77,,5122036701476,
2026-08-19 00:05:58.040,pulse_batch,x,,,,,4,,26897,199,-46,77,77,,5122057446098,
2026-08-19 00:05:58.061,pulse_batch,x,,,,,4,,26901,203,-42,77,77,,5122078933567,
2026-08-19 00:05:58.085,pulse_batch,x,,,,,4,,26905,207,-38,77,77,,5122102779100,
2026-08-19 00:05:58.106,pulse_batch,x,,,,,4,,26909,211,-34,77,77,,5122123389814,
2026-08-19 00:05:58.127,pulse_batch,x,,,,,4,,26913,215,-30,77,77,,5122144499767,
2026-08-19 00:05:58.150,pulse_batch,x,,,,,3,,26916,218,-27,77,77,,5122168147690,
2026-08-19 00:05:58.171,pulse_batch,x,,,,,4,,26920,222,-23,77,77,,5122188739682,
2026-08-19 00:05:58.192,pulse_batch,x,,,,,4,,26924,226,-19,77,77,,5122209755414,
2026-08-19 00:05:58.214,pulse_batch,x,,,,,4,,26928,230,-15,77,77,,5122232214564,
2026-08-19 00:05:58.235,pulse_batch,x,,,,,4,,26932,234,-11,77,77,,5122253060481,
2026-08-19 00:05:58.257,pulse_batch,x,,,,,4,,26936,238,-7,77,77,,5122274683765,
2026-08-19 00:05:58.279,pulse_batch,x,,,,,4,,26940,242,-3,77,77,,5122296289512,
2026-08-19 00:05:58.292,pulse_batch,x,,,,,2,,26942,244,-1,77,77,,5122309279615,
2026-08-19 00:05:58.292,move_finish,x,,,40,,,,26942,244,-1,77,77,,5122309500170,
2026-08-19 00:05:58.456,target_finish,x,0,stored,,,,,,244,-1,77,77,-1,,ok=True
2026-08-19 00:05:58.456,target_finish,y,0,stored,,,,,,412,0,0,4,0,,ok=True
2026-08-19 00:06:01.467,target_start,x,1,stored,,,,,,244,-1,77,77,375,,
2026-08-19 00:06:01.467,target_start,y,1,stored,,,,,,412,0,0,4,-413,,
2026-08-19 00:06:01.468,approach_source_start,x,1,stored,,,,1,,244,-1,77,77,288,,
2026-08-19 00:06:01.468,approach_source_start,y,1,stored,,,,-1,,412,0,0,4,-399,,
2026-08-19 00:06:01.472,move_start,x,,,41,289,,1,26942,244,-1,77,77,,5125489239710,
2026-08-19 00:06:01.472,move_start,y,,,41,-399,,-1,8394,412,0,0,4,,5125489311043,
2026-08-19 00:06:01.475,pulse_batch,x,,,,,1,,26943,245,0,77,77,,5125492231640,
2026-08-19 00:06:01.475,pulse_batch,y,,,,,-1,,8395,411,-1,0,4,,5125492986136,
2026-08-19 00:06:01.496,pulse_batch,x,,,,,4,,26947,249,4,77,77,,5125513375148,
2026-08-19 00:06:01.496,pulse_batch,y,,,,,-4,,8399,407,-5,0,4,,5125513780202,
2026-08-19 00:06:01.516,pulse_batch,x,,,,,4,,26951,253,8,77,77,,5125533913382,
2026-08-19 00:06:01.517,pulse_batch,y,,,,,-4,,8403,403,-9,0,4,,5125534628082,
2026-08-19 00:06:01.544,pulse_batch,x,,,,,4,,26955,257,12,77,77,,5125561712414,
2026-08-19 00:06:01.544,pulse_batch,y,,,,,-4,,8407,399,-13,0,4,,5125561607581,
2026-08-19 00:06:01.565,pulse_batch,y,,,,,-4,,8411,395,-17,0,4,,5125582219055,
2026-08-19 00:06:01.565,pulse_batch,x,,,,,4,,26959,261,16,77,77,,5125582688479,
2026-08-19 00:06:01.585,pulse_batch,y,,,,,-4,,8415,391,-21,0,4,,5125602886992,
2026-08-19 00:06:01.585,pulse_batch,x,,,,,4,,26963,265,20,77,77,,5125603281027,
2026-08-19 00:06:01.608,pulse_batch,x,,,,,4,,26967,269,24,77,77,,5125625316161,
2026-08-19 00:06:01.608,pulse_batch,y,,,,,-4,,8419,387,-25,0,4,,5125625548530,
2026-08-19 00:06:01.628,pulse_batch,x,,,,,4,,26971,273,28,77,77,,5125646019578,
2026-08-19 00:06:01.628,pulse_batch,y,,,,,-4,,8423,383,-29,0,4,,5125646239318,
2026-08-19 00:06:01.649,pulse_batch,x,,,,,4,,26975,277,32,77,77,,5125666545627,
2026-08-19 00:06:01.649,pulse_batch,y,,,,,-4,,8427,379,-33,0,4,,5125666746830,
2026-08-19 00:06:01.671,pulse_batch,x,,,,,4,,26979,281,36,77,77,,5125689160480,
2026-08-19 00:06:01.672,pulse_batch,y,,,,,-4,,8431,375,-37,0,4,,5125689260628,
2026-08-19 00:06:01.692,pulse_batch,x,,,,,4,,26983,285,40,77,77,,5125709909324,
2026-08-19 00:06:01.694,pulse_batch,y,,,,,-4,,8435,371,-41,0,4,,5125711660908,
2026-08-19 00:06:01.713,pulse_batch,x,,,,,4,,26987,289,44,77,77,,5125730486261,
2026-08-19 00:06:01.714,pulse_batch,y,,,,,-4,,8439,367,-45,0,4,,5125732179012,
2026-08-19 00:06:01.733,pulse_batch,x,,,,,4,,26991,293,48,77,77,,5125751099716,
2026-08-19 00:06:01.736,pulse_batch,y,,,,,-4,,8443,363,-49,0,4,,5125753527223,
2026-08-19 00:06:01.754,pulse_batch,x,,,,,4,,26995,297,52,77,77,,5125771994041,
2026-08-19 00:06:01.757,pulse_batch,y,,,,,-4,,8447,359,-53,0,4,,5125774791212,
2026-08-19 00:06:01.775,pulse_batch,x,,,,,4,,26999,301,56,77,77,,5125792546645,
2026-08-19 00:06:01.778,pulse_batch,y,,,,,-4,,8451,355,-57,0,4,,5125795424538,
2026-08-19 00:06:01.795,pulse_batch,x,,,,,4,,27003,305,60,77,77,,5125813253470,
2026-08-19 00:06:01.801,pulse_batch,y,,,,,-4,,8455,351,-61,0,4,,5125818522074,
2026-08-19 00:06:01.817,pulse_batch,x,,,,,4,,27007,309,64,77,77,,5125834372516,
2026-08-19 00:06:01.822,pulse_batch,y,,,,,-4,,8459,347,-65,0,4,,5125839727342,
2026-08-19 00:06:01.837,pulse_batch,x,,,,,4,,27011,313,68,77,77,,5125854959953,
2026-08-19 00:06:01.842,pulse_batch,y,,,,,-4,,8463,343,-69,0,4,,5125860266297,
2026-08-19 00:06:01.858,pulse_batch,x,,,,,4,,27015,317,72,77,77,,5125875523612,
2026-08-19 00:06:01.863,pulse_batch,y,,,,,-4,,8467,339,-73,0,4,,5125880909031,
2026-08-19 00:06:01.880,pulse_batch,x,,,,,4,,27019,321,76,77,77,,5125897550061,
2026-08-19 00:06:01.885,pulse_batch,y,,,,,-4,,8471,335,-77,0,4,,5125902893942,
2026-08-19 00:06:01.901,pulse_batch,x,,,,,4,,27023,325,80,77,77,,5125918754180,
2026-08-19 00:06:01.906,pulse_batch,y,,,,,-4,,8475,331,-81,0,4,,5125923560509,
2026-08-19 00:06:01.922,pulse_batch,x,,,,,4,,27027,329,84,77,77,,5125940076114,
2026-08-19 00:06:01.927,pulse_batch,y,,,,,-4,,8479,327,-85,0,4,,5125944556999,
2026-08-19 00:06:01.946,pulse_batch,x,,,,,4,,27031,333,88,77,77,,5125961559454,
2026-08-19 00:06:01.949,pulse_batch,y,,,,,-4,,8483,323,-89,0,4,,5125966997335,
2026-08-19 00:06:01.965,pulse_batch,x,,,,,4,,27035,337,92,77,77,,5125982575981,
2026-08-19 00:06:01.970,pulse_batch,y,,,,,-4,,8487,319,-93,0,4,,5125987584513,
2026-08-19 00:06:01.985,pulse_batch,x,,,,,4,,27039,341,96,77,77,,5126003121696,
2026-08-19 00:06:01.991,pulse_batch,y,,,,,-4,,8491,315,-97,0,4,,5126008259764,
2026-08-19 00:06:02.009,pulse_batch,x,,,,,4,,27043,345,100,77,77,,5126026482583,
2026-08-19 00:06:02.011,pulse_batch,y,,,,,-4,,8495,311,-101,0,4,,5126028987349,
2026-08-19 00:06:02.030,pulse_batch,x,,,,,4,,27047,349,104,77,77,,5126047462407,
2026-08-19 00:06:02.032,pulse_batch,y,,,,,-4,,8499,307,-105,0,4,,5126050016506,
2026-08-19 00:06:02.051,pulse_batch,x,,,,,4,,27051,353,108,77,77,,5126068445787,
2026-08-19 00:06:02.053,pulse_batch,y,,,,,-4,,8503,303,-109,0,4,,5126070643332,
2026-08-19 00:06:02.072,pulse_batch,x,,,,,4,,27055,357,112,77,77,,5126089742165,
2026-08-19 00:06:02.074,pulse_batch,y,,,,,-4,,8507,299,-113,0,4,,5126092268264,
2026-08-19 00:06:02.093,pulse_batch,x,,,,,4,,27059,361,116,77,77,,5126110472564,
2026-08-19 00:06:02.095,pulse_batch,y,,,,,-4,,8511,295,-117,0,4,,5126112963848,
2026-08-19 00:06:02.113,pulse_batch,x,,,,,4,,27063,365,120,77,77,,5126131131390,
2026-08-19 00:06:02.116,pulse_batch,y,,,,,-4,,8515,291,-121,0,4,,5126133482878,
2026-08-19 00:06:02.134,pulse_batch,x,,,,,4,,27067,369,124,77,77,,5126151751549,
2026-08-19 00:06:02.137,pulse_batch,y,,,,,-4,,8519,287,-125,0,4,,5126154261796,
2026-08-19 00:06:02.155,pulse_batch,x,,,,,4,,27071,373,128,77,77,,5126172576688,
2026-08-19 00:06:02.157,pulse_batch,y,,,,,-4,,8523,283,-129,0,4,,5126174887566,
2026-08-19 00:06:02.175,pulse_batch,x,,,,,4,,27075,377,132,77,77,,5126193115700,
2026-08-19 00:06:02.178,pulse_batch,y,,,,,-4,,8527,279,-133,0,4,,5126195425911,
2026-08-19 00:06:02.196,pulse_batch,x,,,,,4,,27079,381,136,77,77,,5126214145005,
2026-08-19 00:06:02.198,pulse_batch,y,,,,,-4,,8531,275,-137,0,4,,5126216096385,
2026-08-19 00:06:02.219,pulse_batch,x,,,,,4,,27083,385,140,77,77,,5126236465434,
2026-08-19 00:06:02.219,pulse_batch,y,,,,,-4,,8535,271,-141,0,4,,5126236760321,
2026-08-19 00:06:02.239,pulse_batch,x,,,,,4,,27087,389,144,77,77,,5126257094241,
2026-08-19 00:06:02.240,pulse_batch,y,,,,,-4,,8539,267,-145,0,4,,5126257344092,
2026-08-19 00:06:02.260,pulse_batch,x,,,,,4,,27091,393,148,77,77,,5126277678289,
2026-08-19 00:06:02.260,pulse_batch,y,,,,,-4,,8543,263,-149,0,4,,5126278157713,
2026-08-19 00:06:02.284,pulse_batch,x,,,,,4,,27095,397,152,77,77,,5126301361600,
2026-08-19 00:06:02.284,pulse_batch,y,,,,,-4,,8547,259,-153,0,4,,5126301603858,
2026-08-19 00:06:02.304,pulse_batch,x,,,,,4,,27099,401,156,77,77,,5126321988482,
2026-08-19 00:06:02.304,pulse_batch,y,,,,,-4,,8551,255,-157,0,4,,5126322183629,
2026-08-19 00:06:02.325,pulse_batch,x,,,,,4,,27103,405,160,77,77,,5126342577456,
2026-08-19 00:06:02.325,pulse_batch,y,,,,,-4,,8555,251,-161,0,4,,5126342898602,
2026-08-19 00:06:02.347,pulse_batch,y,,,,,-4,,8559,247,-165,0,4,,5126364487238,
2026-08-19 00:06:02.347,pulse_batch,x,,,,,4,,27107,409,164,77,77,,5126365190327,
2026-08-19 00:06:02.367,pulse_batch,y,,,,,-4,,8563,243,-169,0,4,,5126385082638,
2026-08-19 00:06:02.368,pulse_batch,x,,,,,4,,27111,413,168,77,77,,5126385757876,
2026-08-19 00:06:02.388,pulse_batch,y,,,,,-4,,8567,239,-173,0,4,,5126405688001,
2026-08-19 00:06:02.388,pulse_batch,x,,,,,4,,27115,417,172,77,77,,5126406278072,
2026-08-19 00:06:02.409,pulse_batch,y,,,,,-4,,8571,235,-177,0,4,,5126426369901,
2026-08-19 00:06:02.411,pulse_batch,x,,,,,4,,27119,421,176,77,77,,5126428534316,
2026-08-19 00:06:02.429,pulse_batch,y,,,,,-4,,8575,231,-181,0,4,,5126447099967,
2026-08-19 00:06:02.431,pulse_batch,x,,,,,4,,27123,425,180,77,77,,5126449227382,
2026-08-19 00:06:02.450,pulse_batch,y,,,,,-4,,8579,227,-185,0,4,,5126467637960,
2026-08-19 00:06:02.452,pulse_batch,x,,,,,4,,27127,429,184,77,77,,5126469793653,
2026-08-19 00:06:02.472,pulse_batch,y,,,,,-4,,8583,223,-189,0,4,,5126489980110,
2026-08-19 00:06:02.473,pulse_batch,x,,,,,4,,27131,433,188,77,77,,5126490490497,
2026-08-19 00:06:02.494,pulse_batch,x,,,,,4,,27135,437,192,77,77,,5126511289859,
2026-08-19 00:06:02.494,pulse_batch,y,,,,,-4,,8587,219,-193,0,4,,5126511535913,
2026-08-19 00:06:02.514,pulse_batch,x,,,,,4,,27139,441,196,77,77,,5126531966832,
2026-08-19 00:06:02.514,pulse_batch,y,,,,,-4,,8591,215,-197,0,4,,5126532174461,
2026-08-19 00:06:02.536,pulse_batch,y,,,,,-4,,8595,211,-201,0,4,,5126554088521,
2026-08-19 00:06:02.537,pulse_batch,x,,,,,4,,27143,445,200,77,77,,5126554203354,
2026-08-19 00:06:02.557,pulse_batch,y,,,,,-4,,8599,207,-205,0,4,,5126574683495,
2026-08-19 00:06:02.557,pulse_batch,x,,,,,4,,27147,449,204,77,77,,5126574893383,
2026-08-19 00:06:02.577,pulse_batch,y,,,,,-4,,8603,203,-209,0,4,,5126595248970,
2026-08-19 00:06:02.578,pulse_batch,x,,,,,4,,27151,453,208,77,77,,5126595454228,
2026-08-19 00:06:02.598,pulse_batch,y,,,,,-4,,8607,199,-213,0,4,,5126615916814,
2026-08-19 00:06:02.598,pulse_batch,x,,,,,4,,27155,457,212,77,77,,5126616206127,
2026-08-19 00:06:02.619,pulse_batch,x,,,,,4,,27159,461,216,77,77,,5126637168840,
2026-08-19 00:06:02.620,pulse_batch,y,,,,,-4,,8611,195,-217,0,4,,5126637246321,
2026-08-19 00:06:02.640,pulse_batch,x,,,,,4,,27163,465,220,77,77,,5126657785333,
2026-08-19 00:06:02.640,pulse_batch,y,,,,,-4,,8615,191,-221,0,4,,5126657835203,
2026-08-19 00:06:02.661,pulse_batch,y,,,,,-4,,8619,187,-225,0,4,,5126678550232,
2026-08-19 00:06:02.661,pulse_batch,x,,,,,4,,27167,469,224,77,77,,5126678607509,
2026-08-19 00:06:02.683,pulse_batch,y,,,,,-4,,8623,183,-229,0,4,,5126700686069,
2026-08-19 00:06:02.683,pulse_batch,x,,,,,4,,27171,473,228,77,77,,5126701007734,
2026-08-19 00:06:02.704,pulse_batch,y,,,,,-4,,8627,179,-233,0,4,,5126721308524,
2026-08-19 00:06:02.704,pulse_batch,x,,,,,4,,27175,477,232,77,77,,5126721667819,
2026-08-19 00:06:02.724,pulse_batch,y,,,,,-4,,8631,175,-237,0,4,,5126741870647,
2026-08-19 00:06:02.725,pulse_batch,x,,,,,4,,27179,481,236,77,77,,5126742233886,
2026-08-19 00:06:02.745,pulse_batch,y,,,,,-4,,8635,171,-241,0,4,,5126763219210,
2026-08-19 00:06:02.747,pulse_batch,x,,,,,4,,27183,485,240,77,77,,5126764744758,
2026-08-19 00:06:02.766,pulse_batch,y,,,,,-4,,8639,167,-245,0,4,,5126783987405,
2026-08-19 00:06:02.768,pulse_batch,x,,,,,4,,27187,489,244,77,77,,5126785378417,
2026-08-19 00:06:02.787,pulse_batch,y,,,,,-4,,8643,163,-249,0,4,,5126804551213,
2026-08-19 00:06:02.788,pulse_batch,x,,,,,4,,27191,493,248,77,77,,5126805934095,
2026-08-19 00:06:02.809,pulse_batch,y,,,,,-4,,8647,159,-253,0,4,,5126827045363,
2026-08-19 00:06:02.810,pulse_batch,x,,,,,4,,27195,497,252,77,77,,5126827135473,
2026-08-19 00:06:02.830,pulse_batch,x,,,,,4,,27199,501,256,77,77,,5126847809114,
2026-08-19 00:06:02.830,pulse_batch,y,,,,,-4,,8651,155,-257,0,4,,5126847997113,
2026-08-19 00:06:02.851,pulse_batch,x,,,,,4,,27203,505,260,77,77,,5126868350921,
2026-08-19 00:06:02.851,pulse_batch,y,,,,,-4,,8655,151,-261,0,4,,5126868529643,
2026-08-19 00:06:02.873,pulse_batch,x,,,,,4,,27207,509,264,77,77,,5126890531147,
2026-08-19 00:06:02.873,pulse_batch,y,,,,,-4,,8659,147,-265,0,4,,5126890613758,
2026-08-19 00:06:02.893,pulse_batch,x,,,,,4,,27211,513,268,77,77,,5126911204399,
2026-08-19 00:06:02.894,pulse_batch,y,,,,,-4,,8663,143,-269,0,4,,5126911831618,
2026-08-19 00:06:02.914,pulse_batch,x,,,,,4,,27215,517,272,77,77,,5126931802502,
2026-08-19 00:06:02.915,pulse_batch,y,,,,,-4,,8667,139,-273,0,4,,5126932419296,
2026-08-19 00:06:02.936,pulse_batch,x,,,,,4,,27219,521,276,77,77,,5126953636359,
2026-08-19 00:06:02.936,pulse_batch,y,,,,,-4,,8671,135,-277,0,4,,5126953764192,
2026-08-19 00:06:02.957,pulse_batch,x,,,,,4,,27223,525,280,77,77,,5126974584146,
2026-08-19 00:06:02.957,pulse_batch,y,,,,,-4,,8675,131,-281,0,4,,5126974650516,
2026-08-19 00:06:02.977,pulse_batch,y,,,,,-4,,8679,127,-285,0,4,,5126995258453,
2026-08-19 00:06:02.980,pulse_batch,x,,,,,4,,27227,529,284,77,77,,5126998083810,
2026-08-19 00:06:02.998,pulse_batch,y,,,,,-4,,8683,123,-289,0,4,,5127015902372,
2026-08-19 00:06:03.001,pulse_batch,x,,,,,4,,27231,533,288,77,77,,5127018967560,
2026-08-19 00:06:03.004,move_finish,x,,,41,,,,27231,533,288,77,77,,5127021688103,
2026-08-19 00:06:03.020,pulse_batch,y,,,,,-4,,8687,119,-293,0,4,,5127037837043,
2026-08-19 00:06:03.041,pulse_batch,y,,,,,-4,,8691,115,-297,0,4,,5127058517572,
2026-08-19 00:06:03.061,pulse_batch,y,,,,,-4,,8695,111,-301,0,4,,5127079139861,
2026-08-19 00:06:03.083,pulse_batch,y,,,,,-4,,8699,107,-305,0,4,,5127101161587,
2026-08-19 00:06:03.105,pulse_batch,y,,,,,-4,,8703,103,-309,0,4,,5127122272726,
2026-08-19 00:06:03.125,pulse_batch,y,,,,,-4,,8707,99,-313,0,4,,5127142906977,
2026-08-19 00:06:03.148,pulse_batch,y,,,,,-4,,8711,95,-317,0,4,,5127165422738,
2026-08-19 00:06:03.168,pulse_batch,y,,,,,-4,,8715,91,-321,0,4,,5127186176397,
2026-08-19 00:06:03.189,pulse_batch,y,,,,,-4,,8719,87,-325,0,4,,5127206779963,
2026-08-19 00:06:03.211,pulse_batch,y,,,,,-4,,8723,83,-329,0,4,,5127229202651,
2026-08-19 00:06:03.232,pulse_batch,y,,,,,-4,,8727,79,-333,0,4,,5127249894680,
2026-08-19 00:06:03.253,pulse_batch,y,,,,,-4,,8731,75,-337,0,4,,5127270462988,
2026-08-19 00:06:03.275,pulse_batch,y,,,,,-4,,8735,71,-341,0,4,,5127293124341,
2026-08-19 00:06:03.296,pulse_batch,y,,,,,-4,,8739,67,-345,0,4,,5127313931240,
2026-08-19 00:06:03.317,pulse_batch,y,,,,,-4,,8743,63,-349,0,4,,5127334560917,
2026-08-19 00:06:03.338,pulse_batch,y,,,,,-4,,8747,59,-353,0,4,,5127355366687,
2026-08-19 00:06:03.358,pulse_batch,y,,,,,-4,,8751,55,-357,0,4,,5127376048845,
2026-08-19 00:06:03.379,pulse_batch,y,,,,,-4,,8755,51,-361,0,4,,5127396615746,
2026-08-19 00:06:03.401,pulse_batch,y,,,,,-4,,8759,47,-365,0,4,,5127418945322,
2026-08-19 00:06:03.422,pulse_batch,y,,,,,-4,,8763,43,-369,0,4,,5127439784943,
2026-08-19 00:06:03.443,pulse_batch,y,,,,,-4,,8767,39,-373,0,4,,5127460402325,
2026-08-19 00:06:03.463,pulse_batch,y,,,,,-4,,8771,35,-377,0,4,,5127481008206,
2026-08-19 00:06:03.484,pulse_batch,y,,,,,-4,,8775,31,-381,0,4,,5127501941012,
2026-08-19 00:06:03.505,pulse_batch,y,,,,,-4,,8779,27,-385,0,4,,5127522595375,
2026-08-19 00:06:03.526,pulse_batch,y,,,,,-4,,8783,23,-389,0,4,,5127543320904,
2026-08-19 00:06:03.548,pulse_batch,y,,,,,-4,,8787,19,-393,0,4,,5127565391297,
2026-08-19 00:06:03.568,pulse_batch,y,,,,,-4,,8791,15,-397,0,4,,5127586083752,
2026-08-19 00:06:03.581,pulse_batch,y,,,,,-2,,8793,13,-399,0,4,,5127598906041,
2026-08-19 00:06:03.581,move_finish,y,,,41,,,,8793,13,-399,0,4,,5127599016652,
2026-08-19 00:06:03.726,approach_source_finish,x,1,stored,,,,1,,533,288,77,77,288,,
2026-08-19 00:06:03.726,approach_source_finish,y,1,stored,,,,-1,,13,-399,0,4,-399,,
2026-08-19 00:06:03.730,move_start,x,,,42,87,,1,27231,533,288,77,77,,5127748130002,
2026-08-19 00:06:03.731,move_start,y,,,42,-14,,-1,8793,13,-399,0,4,,5127748331834,
2026-08-19 00:06:03.733,pulse_batch,x,,,,,1,,27232,534,289,77,77,,5127751055803,
2026-08-19 00:06:03.733,pulse_batch,y,,,,,-1,,8794,12,-400,0,4,,5127751257413,
2026-08-19 00:06:03.754,pulse_batch,x,,,,,4,,27236,538,293,77,77,,5127771725943,
2026-08-19 00:06:03.754,pulse_batch,y,,,,,-4,,8798,8,-404,0,4,,5127772044127,
2026-08-19 00:06:03.775,pulse_batch,x,,,,,4,,27240,542,297,77,77,,5127792353509,
2026-08-19 00:06:03.775,pulse_batch,y,,,,,-4,,8802,4,-408,0,4,,5127792595212,
2026-08-19 00:06:03.795,pulse_batch,x,,,,,4,,27244,546,301,77,77,,5127812997261,
2026-08-19 00:06:03.795,pulse_batch,y,,,,,-4,,8806,0,-412,0,4,,5127813181427,
2026-08-19 00:06:03.805,pulse_batch,y,,,,,-1,,8807,-1,-413,0,4,,5127822317808,
2026-08-19 00:06:03.805,move_finish,y,,,42,,,,8807,-1,-413,0,4,,5127822660196,
2026-08-19 00:06:03.818,pulse_batch,x,,,,,4,,27248,550,305,77,77,,5127835469967,
2026-08-19 00:06:03.838,pulse_batch,x,,,,,4,,27252,554,309,77,77,,5127856257125,
2026-08-19 00:06:03.861,pulse_batch,x,,,,,4,,27256,558,313,77,77,,5127878679813,
2026-08-19 00:06:03.885,pulse_batch,x,,,,,4,,27260,562,317,77,77,,5127902788381,
2026-08-19 00:06:03.906,pulse_batch,x,,,,,4,,27264,566,321,77,77,,5127923925130,
2026-08-19 00:06:03.927,pulse_batch,x,,,,,4,,27268,570,325,77,77,,5127944667159,
2026-08-19 00:06:03.952,pulse_batch,x,,,,,4,,27272,574,329,77,77,,5127969273891,
2026-08-19 00:06:03.972,pulse_batch,x,,,,,4,,27276,578,333,77,77,,5127989984828,
2026-08-19 00:06:03.993,pulse_batch,x,,,,,4,,27280,582,337,77,77,,5128010682727,
2026-08-19 00:06:04.015,pulse_batch,x,,,,,4,,27284,586,341,77,77,,5128033182711,
2026-08-19 00:06:04.036,pulse_batch,x,,,,,4,,27288,590,345,77,77,,5128054244886,
2026-08-19 00:06:04.057,pulse_batch,x,,,,,4,,27292,594,349,77,77,,5128074783620,
2026-08-19 00:06:04.079,pulse_batch,x,,,,,4,,27296,598,353,77,77,,5128096504885,
2026-08-19 00:06:04.099,pulse_batch,x,,,,,4,,27300,602,357,77,77,,5128117185377,
2026-08-19 00:06:04.120,pulse_batch,x,,,,,4,,27304,606,361,77,77,,5128137725888,
2026-08-19 00:06:04.142,pulse_batch,x,,,,,4,,27308,610,365,77,77,,5128159328376,
2026-08-19 00:06:04.166,pulse_batch,x,,,,,4,,27312,614,369,77,77,,5128183641665,
2026-08-19 00:06:04.186,pulse_batch,x,,,,,4,,27316,618,373,77,77,,5128204207362,
2026-08-19 00:06:04.200,pulse_batch,x,,,,,2,,27318,620,375,77,77,,5128217249724,
2026-08-19 00:06:04.200,move_finish,x,,,42,,,,27318,620,375,77,77,,5128217563686,
2026-08-19 00:06:04.393,target_finish,x,1,stored,,,,,,620,375,77,77,375,,ok=True
2026-08-19 00:06:04.393,target_finish,y,1,stored,,,,,,-1,-413,0,4,-413,,ok=True
