timestamp,event,axis,row,target_kind,move_id,requested_steps,batch_delta,direction,total_pulses,raw_position_steps,logical_position_steps,gap_steps,backlash_steps,target_position_steps,monotonic_ns,message
2026-08-18 23:16:29.881,continuous_start,x,,,,,,1,0,0,,,77,,2153898300875,
2026-08-18 23:16:29.882,pulse_batch,x,,,,,1,,1,1,,,77,,2153899973814,
2026-08-18 23:16:29.903,pulse_batch,x,,,,,7,,8,8,,,77,,2153920412762,
2026-08-18 23:16:29.924,pulse_batch,x,,,,,8,,16,16,,,77,,2153941573597,
2026-08-18 23:16:29.945,pulse_batch,x,,,,,7,,23,23,,,77,,2153963177800,
2026-08-18 23:16:29.966,pulse_batch,x,,,,,7,,30,30,,,77,,2153984107876,
2026-08-18 23:16:29.987,pulse_batch,x,,,,,8,,38,38,,,77,,2154005257710,
2026-08-18 23:16:30.009,pulse_batch,x,,,,,8,,46,46,,,77,,2154026505933,
2026-08-18 23:16:30.030,pulse_batch,x,,,,,7,,53,53,,,77,,2154047343973,
2026-08-18 23:16:30.051,pulse_batch,x,,,,,8,,61,61,,,77,,2154068429400,
2026-08-18 23:16:30.077,pulse_batch,x,,,,,8,,69,69,,,77,,2154094962383,
2026-08-18 23:16:30.098,pulse_batch,x,,,,,8,,77,77,,,77,,2154116224458,
2026-08-18 23:16:30.120,pulse_batch,x,,,,,8,,85,85,,,77,,2154137414810,
2026-08-18 23:16:30.140,pulse_batch,x,,,,,7,,92,92,,,77,,2154157417112,
2026-08-18 23:16:30.160,pulse_batch,x,,,,,7,,99,99,,,77,,2154177471987,
2026-08-18 23:16:30.181,pulse_batch,x,,,,,8,,107,107,,,77,,2154198661507,
2026-08-18 23:16:30.202,pulse_batch,x,,,,,8,,115,115,,,77,,2154219740860,
2026-08-18 23:16:30.222,pulse_batch,x,,,,,6,,121,121,,,77,,2154240205919,
2026-08-18 23:16:30.244,pulse_batch,x,,,,,8,,129,129,,,77,,2154261758715,
2026-08-18 23:16:30.265,pulse_batch,x,,,,,8,,137,137,,,77,,2154282793346,
2026-08-18 23:16:30.286,pulse_batch,x,,,,,6,,143,143,,,77,,2154303360849,
2026-08-18 23:16:30.307,pulse_batch,x,,,,,8,,151,151,,,77,,2154324589424,
2026-08-18 23:16:30.328,pulse_batch,x,,,,,8,,159,159,,,77,,2154345679796,
2026-08-18 23:16:30.347,pulse_batch,x,,,,,6,,165,165,,,77,,2154364721897,
2026-08-18 23:16:30.347,continuous_stop,x,,,,,,1,165,165,,,77,,2154364956452,
2026-08-18 23:16:33.553,continuous_start,x,,,,,,-1,165,165,,,77,,2157570299180,
2026-08-18 23:16:33.555,pulse_batch,x,,,,,-1,,166,164,,,77,,2157572464636,
2026-08-18 23:16:33.576,pulse_batch,x,,,,,-6,,172,158,,,77,,2157593513434,
2026-08-18 23:16:33.597,pulse_batch,x,,,,,-6,,178,152,,,77,,2157614366732,
2026-08-18 23:16:33.617,pulse_batch,x,,,,,-5,,183,147,,,77,,2157635171420,
2026-08-18 23:16:33.618,continuous_stop,x,,,,,,-1,183,147,,,77,,2157635609640,
2026-08-18 23:16:33.953,continuous_start,x,,,,,,-1,183,147,,,77,,2157970287116,
2026-08-18 23:16:33.955,pulse_batch,x,,,,,-1,,184,146,,,77,,2157972338035,
2026-08-18 23:16:33.976,pulse_batch,x,,,,,-6,,190,140,,,77,,2157993735554,
2026-08-18 23:16:33.997,pulse_batch,x,,,,,-6,,196,134,,,77,,2158014615001,
2026-08-18 23:16:34.019,pulse_batch,x,,,,,-6,,202,128,,,77,,2158036630480,
2026-08-18 23:16:34.039,pulse_batch,x,,,,,-5,,207,123,,,77,,2158056953243,
2026-08-18 23:16:34.060,pulse_batch,x,,,,,-6,,213,117,,,77,,2158077841764,
2026-08-18 23:16:34.081,pulse_batch,x,,,,,-6,,219,111,,,77,,2158099163950,
2026-08-18 23:16:34.104,pulse_batch,x,,,,,-6,,225,105,,,77,,2158121482391,
2026-08-18 23:16:34.125,pulse_batch,x,,,,,-6,,231,99,,,77,,2158142382208,
2026-08-18 23:16:34.146,pulse_batch,x,,,,,-6,,237,93,,,77,,2158163652931,
2026-08-18 23:16:34.168,pulse_batch,x,,,,,-6,,243,87,,,77,,2158185753151,
2026-08-18 23:16:34.189,pulse_batch,x,,,,,-6,,249,81,,,77,,2158206626561,
2026-08-18 23:16:34.210,pulse_batch,x,,,,,-6,,255,75,,,77,,2158227518915,
2026-08-18 23:16:34.219,pulse_batch,x,,,,,-2,,257,73,,,77,,2158237188548,
2026-08-18 23:16:34.220,continuous_stop,x,,,,,,-1,257,73,,,77,,2158237558899,
2026-08-18 23:16:34.486,continuous_start,x,,,,,,-1,257,73,,,77,,2158504113332,
2026-08-18 23:16:34.489,pulse_batch,x,,,,,-1,,258,72,,,77,,2158506301843,
2026-08-18 23:16:34.510,pulse_batch,x,,,,,-5,,263,67,,,77,,2158527948009,
2026-08-18 23:16:34.531,pulse_batch,x,,,,,-6,,269,61,,,77,,2158548856696,
2026-08-18 23:16:34.554,pulse_batch,x,,,,,-6,,275,55,,,77,,2158571651043,
2026-08-18 23:16:34.576,pulse_batch,x,,,,,-6,,281,49,,,77,,2158593338209,
2026-08-18 23:16:34.596,pulse_batch,x,,,,,-6,,287,43,,,77,,2158614201489,
2026-08-18 23:16:34.619,pulse_batch,x,,,,,-6,,293,37,,,77,,2158636669523,
2026-08-18 23:16:34.640,pulse_batch,x,,,,,-6,,299,31,,,77,,2158658130690,
2026-08-18 23:16:34.661,pulse_batch,x,,,,,-6,,305,25,,,77,,2158679125747,
2026-08-18 23:16:34.684,pulse_batch,x,,,,,-6,,311,19,,,77,,2158701875076,
2026-08-18 23:16:34.705,pulse_batch,x,,,,,-6,,317,13,,,77,,2158722938022,
2026-08-18 23:16:34.726,pulse_batch,x,,,,,-6,,323,7,,,77,,2158743880190,
2026-08-18 23:16:34.747,pulse_batch,x,,,,,-6,,329,1,,,77,,2158764865433,
2026-08-18 23:16:34.770,pulse_batch,x,,,,,-6,,335,-5,,,77,,2158788134464,
2026-08-18 23:16:34.791,pulse_batch,x,,,,,-6,,341,-11,,,77,,2158809148762,
2026-08-18 23:16:34.813,pulse_batch,x,,,,,-6,,347,-17,,,77,,2158830057097,
2026-08-18 23:16:34.818,pulse_batch,x,,,,,-1,,348,-18,,,77,,2158836094854,
2026-08-18 23:16:34.819,continuous_stop,x,,,,,,-1,348,-18,,,77,,2158836539908,
2026-08-18 23:16:35.089,continuous_start,x,,,,,,-1,348,-18,,,77,,2159106436774,
2026-08-18 23:16:35.091,pulse_batch,x,,,,,-1,,349,-19,,,77,,2159108432063,
2026-08-18 23:16:35.112,pulse_batch,x,,,,,-6,,355,-25,,,77,,2159129337380,
2026-08-18 23:16:35.132,pulse_batch,x,,,,,-6,,361,-31,,,77,,2159150164938,
2026-08-18 23:16:35.156,pulse_batch,x,,,,,-6,,367,-37,,,77,,2159173582246,
2026-08-18 23:16:35.177,pulse_batch,x,,,,,-6,,373,-43,,,77,,2159195083228,
2026-08-18 23:16:35.198,pulse_batch,x,,,,,-6,,379,-49,,,77,,2159216018396,
2026-08-18 23:16:35.221,pulse_batch,x,,,,,-6,,385,-55,,,77,,2159238768466,
2026-08-18 23:16:35.242,pulse_batch,x,,,,,-6,,391,-61,,,77,,2159259902282,
2026-08-18 23:16:35.263,pulse_batch,x,,,,,-6,,397,-67,,,77,,2159280759599,
2026-08-18 23:16:35.286,pulse_batch,x,,,,,-6,,403,-73,,,77,,2159303674742,
2026-08-18 23:16:35.308,pulse_batch,x,,,,,-6,,409,-79,,,77,,2159325576778,
2026-08-18 23:16:35.329,pulse_batch,x,,,,,-6,,415,-85,,,77,,2159346564298,
2026-08-18 23:16:35.351,pulse_batch,x,,,,,-5,,420,-90,,,77,,2159368812758,
2026-08-18 23:16:35.353,continuous_stop,x,,,,,,-1,420,-90,,,77,,2159370609567,
2026-08-18 23:16:35.621,continuous_start,x,,,,,,-1,420,-90,,,77,,2159638875013,
2026-08-18 23:16:35.623,pulse_batch,x,,,,,-1,,421,-91,,,77,,2159640795006,
2026-08-18 23:16:35.644,pulse_batch,x,,,,,-6,,427,-97,,,77,,2159661725767,
2026-08-18 23:16:35.665,pulse_batch,x,,,,,-6,,433,-103,,,77,,2159682534418,
2026-08-18 23:16:35.688,pulse_batch,x,,,,,-6,,439,-109,,,77,,2159705903300,
2026-08-18 23:16:35.710,pulse_batch,x,,,,,-6,,445,-115,,,77,,2159727679151,
2026-08-18 23:16:35.731,pulse_batch,x,,,,,-6,,451,-121,,,77,,2159748651597,
2026-08-18 23:16:35.753,pulse_batch,x,,,,,-6,,457,-127,,,77,,2159771133094,
2026-08-18 23:16:35.775,pulse_batch,x,,,,,-6,,463,-133,,,77,,2159792314095,
2026-08-18 23:16:35.796,pulse_batch,x,,,,,-6,,469,-139,,,77,,2159813314134,
2026-08-18 23:16:35.818,pulse_batch,x,,,,,-6,,475,-145,,,77,,2159836094574,
2026-08-18 23:16:35.821,continuous_stop,x,,,,,,-1,475,-145,,,77,,2159838283011,
2026-08-18 23:16:37.623,continuous_start,x,,,,,,-1,475,-145,,,77,,2161640347836,
2026-08-18 23:16:37.625,pulse_batch,x,,,,,-1,,476,-146,,,77,,2161642570940,
2026-08-18 23:16:37.646,pulse_batch,x,,,,,-6,,482,-152,,,77,,2161663653885,
2026-08-18 23:16:37.667,pulse_batch,x,,,,,-6,,488,-158,,,77,,2161684612072,
2026-08-18 23:16:37.688,pulse_batch,x,,,,,-5,,493,-163,,,77,,2161705917073,
2026-08-18 23:16:37.689,continuous_stop,x,,,,,,-1,493,-163,,,77,,2161706281905,
2026-08-18 23:16:38.756,continuous_start,x,,,,,,1,493,-163,,,77,,2162773494301,
2026-08-18 23:16:38.758,pulse_batch,x,,,,,1,,494,-162,,,77,,2162775511572,
2026-08-18 23:16:38.779,pulse_batch,x,,,,,6,,500,-156,,,77,,2162796388259,
2026-08-18 23:16:38.799,pulse_batch,x,,,,,6,,506,-150,,,77,,2162817192946,
2026-08-18 23:16:38.821,pulse_batch,x,,,,,5,,511,-145,,,77,,2162838679983,
2026-08-18 23:16:38.842,pulse_batch,x,,,,,6,,517,-139,,,77,,2162859753318,
2026-08-18 23:16:38.863,pulse_batch,x,,,,,6,,523,-133,,,77,,2162880577191,
2026-08-18 23:16:38.884,pulse_batch,x,,,,,6,,529,-127,,,77,,2162901557674,
2026-08-18 23:16:38.906,pulse_batch,x,,,,,6,,535,-121,,,77,,2162923860097,
2026-08-18 23:16:38.927,pulse_batch,x,,,,,6,,541,-115,,,77,,2162944779803,
2026-08-18 23:16:38.949,pulse_batch,x,,,,,6,,547,-109,,,77,,2162966428006,
2026-08-18 23:16:38.956,pulse_batch,x,,,,,1,,548,-108,,,77,,2162973296353,
2026-08-18 23:16:38.956,continuous_stop,x,,,,,,1,548,-108,,,77,,2162973592222,
2026-08-18 23:16:39.290,continuous_start,x,,,,,,1,548,-108,,,77,,2163307424886,
2026-08-18 23:16:39.292,pulse_batch,x,,,,,1,,549,-107,,,77,,2163309359195,
2026-08-18 23:16:39.313,pulse_batch,x,,,,,6,,555,-101,,,77,,2163330530714,
2026-08-18 23:16:39.334,pulse_batch,x,,,,,6,,561,-95,,,77,,2163351385235,
2026-08-18 23:16:39.356,pulse_batch,x,,,,,6,,567,-89,,,77,,2163374154230,
2026-08-18 23:16:39.377,pulse_batch,x,,,,,6,,573,-83,,,77,,2163395048751,
2026-08-18 23:16:39.398,pulse_batch,x,,,,,6,,579,-77,,,77,,2163415872198,
2026-08-18 23:16:39.421,pulse_batch,x,,,,,6,,585,-71,,,77,,2163439046192,
2026-08-18 23:16:39.442,pulse_batch,x,,,,,6,,591,-65,,,77,,2163460046120,
2026-08-18 23:16:39.463,pulse_batch,x,,,,,6,,597,-59,,,77,,2163481002510,
2026-08-18 23:16:39.486,pulse_batch,x,,,,,6,,603,-53,,,77,,2163504114264,
2026-08-18 23:16:39.488,continuous_stop,x,,,,,,1,603,-53,,,77,,2163505923795,
2026-08-18 23:16:39.890,continuous_start,x,,,,,,1,603,-53,,,77,,2163907415837,
2026-08-18 23:16:39.892,pulse_batch,x,,,,,1,,604,-52,,,77,,2163909529256,
2026-08-18 23:16:39.913,pulse_batch,x,,,,,6,,610,-46,,,77,,2163930465757,
2026-08-18 23:16:39.933,pulse_batch,x,,,,,6,,616,-40,,,77,,2163951274815,
2026-08-18 23:16:39.955,pulse_batch,x,,,,,6,,622,-34,,,77,,2163972979463,
2026-08-18 23:16:39.977,pulse_batch,x,,,,,6,,628,-28,,,77,,2163994363630,
2026-08-18 23:16:39.997,pulse_batch,x,,,,,6,,634,-22,,,77,,2164015252169,
2026-08-18 23:16:40.019,pulse_batch,x,,,,,6,,640,-16,,,77,,2164037154556,
2026-08-18 23:16:40.021,continuous_stop,x,,,,,,1,640,-16,,,77,,2164039089568,
2026-08-18 23:16:40.556,continuous_start,x,,,,,,1,640,-16,,,77,,2164574214094,
2026-08-18 23:16:40.558,pulse_batch,x,,,,,1,,641,-15,,,77,,2164576133199,
2026-08-18 23:16:40.579,pulse_batch,x,,,,,6,,647,-9,,,77,,2164597097423,
2026-08-18 23:16:40.600,pulse_batch,x,,,,,6,,653,-3,,,77,,2164617929462,
2026-08-18 23:16:40.622,pulse_batch,x,,,,,6,,659,3,,,77,,2164639658628,
2026-08-18 23:16:40.624,continuous_stop,x,,,,,,1,659,3,,,77,,2164641440548,
2026-08-18 23:16:41.958,continuous_start,y,,,,,,1,0,0,,,4,,2165975785782,
2026-08-18 23:16:41.960,pulse_batch,y,,,,,1,,1,1,,,4,,2165977736220,
2026-08-18 23:16:41.981,pulse_batch,y,,,,,6,,7,7,,,4,,2165998653092,
2026-08-18 23:16:42.002,pulse_batch,y,,,,,6,,13,13,,,4,,2166019813241,
2026-08-18 23:16:42.024,pulse_batch,y,,,,,6,,19,19,,,4,,2166041354575,
2026-08-18 23:16:42.044,pulse_batch,y,,,,,6,,25,25,,,4,,2166062255651,
2026-08-18 23:16:42.065,pulse_batch,y,,,,,6,,31,31,,,4,,2166083078005,
2026-08-18 23:16:42.086,pulse_batch,y,,,,,6,,37,37,,,4,,2166104070155,
2026-08-18 23:16:42.108,pulse_batch,y,,,,,6,,43,43,,,4,,2166126057764,
2026-08-18 23:16:42.129,pulse_batch,y,,,,,6,,49,49,,,4,,2166146933137,
2026-08-18 23:16:42.150,pulse_batch,y,,,,,6,,55,55,,,4,,2166167783435,
2026-08-18 23:16:42.172,pulse_batch,y,,,,,5,,60,60,,,4,,2166189309713,
2026-08-18 23:16:42.193,pulse_batch,y,,,,,6,,66,66,,,4,,2166210317881,
2026-08-18 23:16:42.213,pulse_batch,y,,,,,6,,72,72,,,4,,2166231252013,
2026-08-18 23:16:42.223,pulse_batch,y,,,,,2,,74,74,,,4,,2166241150367,
2026-08-18 23:16:42.224,continuous_stop,y,,,,,,1,74,74,,,4,,2166241432811,
2026-08-18 23:16:43.026,continuous_start,y,,,,,,-1,74,74,,,4,,2167043991619,
2026-08-18 23:16:43.028,pulse_batch,y,,,,,-1,,75,73,,,4,,2167045945408,
2026-08-18 23:16:43.051,pulse_batch,y,,,,,-6,,81,67,,,4,,2167068470201,
2026-08-18 23:16:43.071,pulse_batch,y,,,,,-6,,87,61,,,4,,2167089271296,
2026-08-18 23:16:43.094,pulse_batch,y,,,,,-6,,93,55,,,4,,2167111304165,
2026-08-18 23:16:43.116,pulse_batch,y,,,,,-6,,99,49,,,4,,2167133335978,
2026-08-18 23:16:43.136,pulse_batch,y,,,,,-6,,105,43,,,4,,2167154138943,
2026-08-18 23:16:43.158,pulse_batch,y,,,,,-6,,111,37,,,4,,2167175677554,
2026-08-18 23:16:43.160,continuous_stop,y,,,,,,-1,111,37,,,4,,2167177657158,
2026-08-18 23:16:43.562,continuous_start,y,,,,,,-1,111,37,,,4,,2167579531440,
2026-08-18 23:16:43.564,pulse_batch,y,,,,,-1,,112,36,,,4,,2167581569933,
2026-08-18 23:16:43.585,pulse_batch,y,,,,,-6,,118,30,,,4,,2167602562249,
2026-08-18 23:16:43.606,pulse_batch,y,,,,,-6,,124,24,,,4,,2167623530399,
2026-08-18 23:16:43.628,pulse_batch,y,,,,,-6,,130,18,,,4,,2167645673804,
2026-08-18 23:16:43.649,pulse_batch,y,,,,,-6,,136,12,,,4,,2167666723250,
2026-08-18 23:16:43.670,pulse_batch,y,,,,,-6,,142,6,,,4,,2167687629938,
2026-08-18 23:16:43.692,pulse_batch,y,,,,,-6,,148,0,,,4,,2167709372641,
2026-08-18 23:16:43.693,continuous_stop,y,,,,,,-1,148,0,,,4,,2167711180782,
2026-08-18 23:16:44.160,continuous_start,y,,,,,,-1,148,0,,,4,,2168177492768,
2026-08-18 23:16:44.162,pulse_batch,y,,,,,-1,,149,-1,,,4,,2168179474891,
2026-08-18 23:16:44.183,pulse_batch,y,,,,,-6,,155,-7,,,4,,2168200472207,
2026-08-18 23:16:44.203,pulse_batch,y,,,,,-6,,161,-13,,,4,,2168221276339,
2026-08-18 23:16:44.226,pulse_batch,y,,,,,-6,,167,-19,,,4,,2168243265504,
2026-08-18 23:16:44.227,continuous_stop,y,,,,,,-1,167,-19,,,4,,2168245059054,
2026-08-18 23:16:44.695,continuous_start,y,,,,,,-1,167,-19,,,4,,2168712415350,
2026-08-18 23:16:44.697,pulse_batch,y,,,,,-1,,168,-20,,,4,,2168714410584,
2026-08-18 23:16:44.718,pulse_batch,y,,,,,-6,,174,-26,,,4,,2168735361067,
2026-08-18 23:16:44.738,pulse_batch,y,,,,,-6,,180,-32,,,4,,2168756158181,
2026-08-18 23:16:44.759,pulse_batch,y,,,,,-5,,185,-37,,,4,,2168776856554,
2026-08-18 23:16:44.759,continuous_stop,y,,,,,,-1,185,-37,,,4,,2168777162294,
2026-08-18 23:16:45.629,continuous_start,y,,,,,,1,185,-37,,,4,,2169646400780,
2026-08-18 23:16:45.631,pulse_batch,y,,,,,1,,186,-36,,,4,,2169648354069,
2026-08-18 23:16:45.652,pulse_batch,y,,,,,6,,192,-30,,,4,,2169669349886,
2026-08-18 23:16:45.672,pulse_batch,y,,,,,6,,198,-24,,,4,,2169690117925,
2026-08-18 23:16:45.694,pulse_batch,y,,,,,6,,204,-18,,,4,,2169711584333,
2026-08-18 23:16:45.715,pulse_batch,y,,,,,6,,210,-12,,,4,,2169732511001,
2026-08-18 23:16:45.736,pulse_batch,y,,,,,6,,216,-6,,,4,,2169753330485,
2026-08-18 23:16:45.760,pulse_batch,y,,,,,6,,222,0,,,4,,2169777767605,
2026-08-18 23:16:45.762,continuous_stop,y,,,,,,1,222,0,,,4,,2169779602543,
2026-08-18 23:16:47.163,continuous_start,y,,,,,,-1,222,0,,,4,,2171180686622,
2026-08-18 23:16:47.165,pulse_batch,y,,,,,-1,,223,-1,,,4,,2171182867207,
2026-08-18 23:16:47.187,pulse_batch,y,,,,,-6,,229,-7,,,4,,2171204368484,
2026-08-18 23:16:47.207,pulse_batch,y,,,,,-6,,235,-13,,,4,,2171225169950,
2026-08-18 23:16:47.228,pulse_batch,y,,,,,-5,,240,-18,,,4,,2171245932378,
2026-08-18 23:16:47.229,continuous_stop,y,,,,,,-1,240,-18,,,4,,2171246347543,
2026-08-18 23:16:48.498,continuous_start,y,,,,,,1,240,-18,,,4,,2172516057149,
2026-08-18 23:16:48.500,pulse_batch,y,,,,,1,,241,-17,,,4,,2172518067735,
2026-08-18 23:16:48.522,pulse_batch,y,,,,,6,,247,-11,,,4,,2172539484531,
2026-08-18 23:16:48.543,pulse_batch,y,,,,,6,,253,-5,,,4,,2172560304645,
2026-08-18 23:16:48.563,pulse_batch,y,,,,,5,,258,0,,,4,,2172580438538,
2026-08-18 23:16:48.563,continuous_stop,y,,,,,,1,258,0,,,4,,2172580862889,
2026-08-18 23:16:49.901,continuous_start,y,,,,,,-1,258,0,,,4,,2173918802648,
2026-08-18 23:16:49.903,pulse_batch,y,,,,,-1,,259,-1,,,4,,2173920868678,
2026-08-18 23:16:49.924,pulse_batch,y,,,,,-6,,265,-7,,,4,,2173942010680,
2026-08-18 23:16:49.945,pulse_batch,y,,,,,-6,,271,-13,,,4,,2173962861886,
2026-08-18 23:16:49.966,pulse_batch,y,,,,,-5,,276,-18,,,4,,2173983368648,
2026-08-18 23:16:49.987,pulse_batch,y,,,,,-6,,282,-24,,,4,,2174004643649,
2026-08-18 23:16:50.009,pulse_batch,y,,,,,-6,,288,-30,,,4,,2174026882424,
2026-08-18 23:16:50.031,pulse_batch,y,,,,,-6,,294,-36,,,4,,2174049035496,
2026-08-18 23:16:50.033,continuous_stop,y,,,,,,-1,294,-36,,,4,,2174051037804,
2026-08-18 23:16:56.305,continuous_start,x,,,,,,1,659,3,,,77,,2180322939673,
2026-08-18 23:16:56.308,pulse_batch,x,,,,,1,,660,4,,,77,,2180325676978,
2026-08-18 23:16:56.329,pulse_batch,x,,,,,4,,664,8,,,77,,2180346492499,
2026-08-18 23:16:56.349,pulse_batch,x,,,,,4,,668,12,,,77,,2180367026928,
2026-08-18 23:16:56.372,pulse_batch,x,,,,,4,,672,16,,,77,,2180389268889,
2026-08-18 23:16:56.394,pulse_batch,x,,,,,4,,676,20,,,77,,2180411907700,
2026-08-18 23:16:56.415,pulse_batch,x,,,,,4,,680,24,,,77,,2180432464573,
2026-08-18 23:16:56.438,pulse_batch,x,,,,,4,,684,28,,,77,,2180455334309,
2026-08-18 23:16:56.459,pulse_batch,x,,,,,4,,688,32,,,77,,2180477068068,
2026-08-18 23:16:56.480,pulse_batch,x,,,,,4,,692,36,,,77,,2180497642071,
2026-08-18 23:16:56.502,pulse_batch,x,,,,,4,,696,40,,,77,,2180519658014,
2026-08-18 23:16:56.505,continuous_stop,x,,,,,,1,696,40,,,77,,2180522380449,
2026-08-18 23:16:57.239,continuous_start,x,,,,,,1,696,40,,,77,,2181256973751,
2026-08-18 23:16:57.242,pulse_batch,x,,,,,1,,697,41,,,77,,2181259787093,
2026-08-18 23:16:57.263,pulse_batch,x,,,,,4,,701,45,,,77,,2181280405170,
2026-08-18 23:16:57.283,pulse_batch,x,,,,,4,,705,49,,,77,,2181300927784,
2026-08-18 23:16:57.304,pulse_batch,x,,,,,4,,709,53,,,77,,2181321540862,
2026-08-18 23:16:57.325,pulse_batch,x,,,,,4,,713,57,,,77,,2181342344216,
2026-08-18 23:16:57.345,pulse_batch,x,,,,,4,,717,61,,,77,,2181362907015,
2026-08-18 23:16:57.366,pulse_batch,x,,,,,4,,721,65,,,77,,2181383715332,
2026-08-18 23:16:57.388,pulse_batch,x,,,,,4,,725,69,,,77,,2181405891386,
2026-08-18 23:16:57.409,pulse_batch,x,,,,,4,,729,73,,,77,,2181426500185,
2026-08-18 23:16:57.429,pulse_batch,x,,,,,4,,733,77,,,77,,2181447089355,
2026-08-18 23:16:57.454,pulse_batch,x,,,,,4,,737,81,,,77,,2181472126028,
2026-08-18 23:16:57.475,pulse_batch,x,,,,,4,,741,85,,,77,,2181492808438,
2026-08-18 23:16:57.496,pulse_batch,x,,,,,4,,745,89,,,77,,2181513471904,
2026-08-18 23:16:57.505,pulse_batch,x,,,,,1,,746,90,,,77,,2181523213333,
2026-08-18 23:16:57.506,continuous_stop,x,,,,,,1,746,90,,,77,,2181523437814,
2026-08-18 23:17:06.716,continuous_start,x,,,,,,-1,746,90,,,77,,2190733466470,
2026-08-18 23:17:06.719,pulse_batch,x,,,,,-1,,747,89,,,77,,2190736350646,
2026-08-18 23:17:06.739,pulse_batch,x,,,,,-4,,751,85,,,77,,2190757054278,
2026-08-18 23:17:06.760,pulse_batch,x,,,,,-4,,755,81,,,77,,2190777692318,
2026-08-18 23:17:06.781,pulse_batch,x,,,,,-4,,759,77,,,77,,2190798966911,
2026-08-18 23:17:06.805,pulse_batch,x,,,,,-4,,763,73,,,77,,2190822506053,
2026-08-18 23:17:06.825,pulse_batch,x,,,,,-4,,767,69,,,77,,2190843112611,
2026-08-18 23:17:06.848,pulse_batch,x,,,,,-4,,771,65,,,77,,2190865475034,
2026-08-18 23:17:06.850,continuous_stop,x,,,,,,-1,771,65,,,77,,2190868133340,
2026-08-18 23:17:07.184,continuous_start,x,,,,,,-1,771,65,,,77,,2191201289211,
2026-08-18 23:17:07.186,pulse_batch,x,,,,,-1,,772,64,,,77,,2191204184886,
2026-08-18 23:17:07.207,pulse_batch,x,,,,,-4,,776,60,,,77,,2191224808926,
2026-08-18 23:17:07.228,pulse_batch,x,,,,,-4,,780,56,,,77,,2191245369059,
2026-08-18 23:17:07.249,pulse_batch,x,,,,,-4,,784,52,,,77,,2191266224876,
2026-08-18 23:17:07.269,pulse_batch,x,,,,,-4,,788,48,,,77,,2191287027045,
2026-08-18 23:17:07.290,pulse_batch,x,,,,,-4,,792,44,,,77,,2191307647085,
2026-08-18 23:17:07.311,pulse_batch,x,,,,,-4,,796,40,,,77,,2191328579513,
2026-08-18 23:17:07.319,pulse_batch,x,,,,,-1,,797,39,,,77,,2191337035595,
2026-08-18 23:17:07.319,continuous_stop,x,,,,,,-1,797,39,,,77,,2191337267964,
2026-08-18 23:17:07.918,continuous_start,x,,,,,,-1,797,39,,,77,,2191935730328,
2026-08-18 23:17:07.921,pulse_batch,x,,,,,-1,,798,38,,,77,,2191938482949,
2026-08-18 23:17:07.941,pulse_batch,x,,,,,-4,,802,34,,,77,,2191959191803,
2026-08-18 23:17:07.962,pulse_batch,x,,,,,-4,,806,30,,,77,,2191979738473,
2026-08-18 23:17:07.985,pulse_batch,x,,,,,-4,,810,26,,,77,,2192002418173,
2026-08-18 23:17:07.987,continuous_stop,x,,,,,,-1,810,26,,,77,,2192005036071,
2026-08-18 23:17:08.385,continuous_start,x,,,,,,-1,810,26,,,77,,2192402873089,
2026-08-18 23:17:08.388,pulse_batch,x,,,,,-1,,811,25,,,77,,2192405789487,
2026-08-18 23:17:08.409,pulse_batch,x,,,,,-4,,815,21,,,77,,2192426457693,
2026-08-18 23:17:08.429,pulse_batch,x,,,,,-4,,819,17,,,77,,2192447023900,
2026-08-18 23:17:08.452,pulse_batch,x,,,,,-4,,823,13,,,77,,2192469426268,
2026-08-18 23:17:08.474,pulse_batch,x,,,,,-4,,827,9,,,77,,2192491920264,
2026-08-18 23:17:08.495,pulse_batch,x,,,,,-4,,831,5,,,77,,2192512627785,
2026-08-18 23:17:08.518,pulse_batch,x,,,,,-4,,835,1,,,77,,2192535339485,
2026-08-18 23:17:08.520,continuous_stop,x,,,,,,-1,835,1,,,77,,2192537997180,
2026-08-18 23:17:08.986,continuous_start,x,,,,,,-1,835,1,,,77,,2193003301484,
2026-08-18 23:17:08.988,pulse_batch,x,,,,,-1,,836,0,,,77,,2193006129159,
2026-08-18 23:17:09.013,pulse_batch,x,,,,,-4,,840,-4,,,77,,2193031115129,
2026-08-18 23:17:09.034,pulse_batch,x,,,,,-4,,844,-8,,,77,,2193051733706,
2026-08-18 23:17:09.056,pulse_batch,x,,,,,-4,,848,-12,,,77,,2193073490594,
2026-08-18 23:17:09.077,pulse_batch,x,,,,,-4,,852,-16,,,77,,2193094292485,
2026-08-18 23:17:09.097,pulse_batch,x,,,,,-4,,856,-20,,,77,,2193114971710,
2026-08-18 23:17:09.118,pulse_batch,x,,,,,-4,,860,-24,,,77,,2193135985231,
2026-08-18 23:17:09.121,continuous_stop,x,,,,,,-1,860,-24,,,77,,2193138619647,
2026-08-18 23:17:09.520,continuous_start,x,,,,,,-1,860,-24,,,77,,2193537501125,
2026-08-18 23:17:09.523,pulse_batch,x,,,,,-1,,861,-25,,,77,,2193540294227,
2026-08-18 23:17:09.543,pulse_batch,x,,,,,-4,,865,-29,,,77,,2193561005322,
2026-08-18 23:17:09.564,pulse_batch,x,,,,,-4,,869,-33,,,77,,2193581588751,
2026-08-18 23:17:09.586,pulse_batch,x,,,,,-4,,873,-37,,,77,,2193603780508,
2026-08-18 23:17:09.607,pulse_batch,x,,,,,-4,,877,-41,,,77,,2193624533510,
2026-08-18 23:17:09.628,pulse_batch,x,,,,,-4,,881,-45,,,77,,2193645305106,
2026-08-18 23:17:09.650,pulse_batch,x,,,,,-4,,885,-49,,,77,,2193668110046,
2026-08-18 23:17:09.653,continuous_stop,x,,,,,,-1,885,-49,,,77,,2193670815795,
2026-08-18 23:17:10.187,continuous_start,x,,,,,,-1,885,-49,,,77,,2194205143621,
2026-08-18 23:17:10.190,pulse_batch,x,,,,,-1,,886,-50,,,77,,2194207956408,
2026-08-18 23:17:10.211,pulse_batch,x,,,,,-4,,890,-54,,,77,,2194228673448,
2026-08-18 23:17:10.232,pulse_batch,x,,,,,-4,,894,-58,,,77,,2194249347673,
2026-08-18 23:17:10.254,pulse_batch,x,,,,,-4,,898,-62,,,77,,2194271527356,
2026-08-18 23:17:10.276,pulse_batch,x,,,,,-4,,902,-66,,,77,,2194293304966,
2026-08-18 23:17:10.296,pulse_batch,x,,,,,-4,,906,-70,,,77,,2194313953135,
2026-08-18 23:17:10.319,pulse_batch,x,,,,,-4,,910,-74,,,77,,2194336238188,
2026-08-18 23:17:10.321,continuous_stop,x,,,,,,-1,910,-74,,,77,,2194338931457,
2026-08-18 23:17:10.853,continuous_start,x,,,,,,-1,910,-74,,,77,,2194870441218,
2026-08-18 23:17:10.855,pulse_batch,x,,,,,-1,,911,-75,,,77,,2194873204079,
2026-08-18 23:17:10.876,pulse_batch,x,,,,,-4,,915,-79,,,77,,2194893900582,
2026-08-18 23:17:10.897,pulse_batch,x,,,,,-4,,919,-83,,,77,,2194914441659,
2026-08-18 23:17:10.918,pulse_batch,x,,,,,-4,,923,-87,,,77,,2194936160899,
2026-08-18 23:17:10.939,pulse_batch,x,,,,,-4,,927,-91,,,77,,2194956940068,
2026-08-18 23:17:10.960,pulse_batch,x,,,,,-4,,931,-95,,,77,,2194977548349,
2026-08-18 23:17:10.982,pulse_batch,x,,,,,-4,,935,-99,,,77,,2194999825161,
2026-08-18 23:17:10.985,continuous_stop,x,,,,,,-1,935,-99,,,77,,2195002671226,
2026-08-18 23:17:11.386,continuous_start,x,,,,,,-1,935,-99,,,77,,2195403625382,
2026-08-18 23:17:11.389,pulse_batch,x,,,,,-1,,936,-100,,,77,,2195406427261,
2026-08-18 23:17:11.409,pulse_batch,x,,,,,-4,,940,-104,,,77,,2195427147708,
2026-08-18 23:17:11.430,pulse_batch,x,,,,,-4,,944,-108,,,77,,2195447755267,
2026-08-18 23:17:11.451,pulse_batch,x,,,,,-4,,948,-112,,,77,,2195468427399,
2026-08-18 23:17:11.472,pulse_batch,x,,,,,-4,,952,-116,,,77,,2195489431382,
2026-08-18 23:17:11.492,pulse_batch,x,,,,,-4,,956,-120,,,77,,2195510052330,
2026-08-18 23:17:11.513,pulse_batch,x,,,,,-4,,960,-124,,,77,,2195530684240,
2026-08-18 23:17:11.521,pulse_batch,x,,,,,-1,,961,-125,,,77,,2195539053100,
2026-08-18 23:17:11.522,continuous_stop,x,,,,,,-1,961,-125,,,77,,2195539329562,
2026-08-18 23:17:12.054,continuous_start,x,,,,,,-1,961,-125,,,77,,2196071401026,
2026-08-18 23:17:12.057,pulse_batch,x,,,,,-1,,962,-126,,,77,,2196074305793,
2026-08-18 23:17:12.077,pulse_batch,x,,,,,-4,,966,-130,,,77,,2196095073888,
2026-08-18 23:17:12.098,pulse_batch,x,,,,,-4,,970,-134,,,77,,2196115626410,
2026-08-18 23:17:12.119,pulse_batch,x,,,,,-4,,974,-138,,,77,,2196136824911,
2026-08-18 23:17:12.122,continuous_stop,x,,,,,,-1,974,-138,,,77,,2196139477865,
2026-08-18 23:17:12.721,continuous_start,x,,,,,,-1,974,-138,,,77,,2196738513468,
2026-08-18 23:17:12.724,pulse_batch,x,,,,,-1,,975,-139,,,77,,2196741620865,
2026-08-18 23:17:12.728,continuous_stop,x,,,,,,-1,975,-139,,,77,,2196746133072,
2026-08-18 23:17:13.121,continuous_start,x,,,,,,-1,975,-139,,,77,,2197138578831,
2026-08-18 23:17:13.124,pulse_batch,x,,,,,-1,,976,-140,,,77,,2197141315266,
2026-08-18 23:17:13.144,pulse_batch,x,,,,,-4,,980,-144,,,77,,2197161953250,
2026-08-18 23:17:13.165,pulse_batch,x,,,,,-4,,984,-148,,,77,,2197182472865,
2026-08-18 23:17:13.186,pulse_batch,x,,,,,-4,,988,-152,,,77,,2197203454922,
2026-08-18 23:17:13.206,pulse_batch,x,,,,,-4,,992,-156,,,77,,2197224112184,
2026-08-18 23:17:13.227,pulse_batch,x,,,,,-4,,996,-160,,,77,,2197244662651,
2026-08-18 23:17:13.249,pulse_batch,x,,,,,-4,,1000,-164,,,77,,2197266732037,
2026-08-18 23:17:13.257,pulse_batch,x,,,,,-1,,1001,-165,,,77,,2197274702584,
2026-08-18 23:17:13.257,continuous_stop,x,,,,,,-1,1001,-165,,,77,,2197274995509,
2026-08-18 23:17:14.656,continuous_start,y,,,,,,1,294,-36,,,4,,2198673953579,
2026-08-18 23:17:14.659,pulse_batch,y,,,,,1,,295,-35,,,4,,2198676800310,
2026-08-18 23:17:14.680,pulse_batch,y,,,,,4,,299,-31,,,4,,2198697992903,
2026-08-18 23:17:14.701,pulse_batch,y,,,,,4,,303,-27,,,4,,2198718594758,
2026-08-18 23:17:14.722,pulse_batch,y,,,,,4,,307,-23,,,4,,2198739322131,
2026-08-18 23:17:14.724,continuous_stop,y,,,,,,1,307,-23,,,4,,2198741930419,
2026-08-18 23:17:15.390,continuous_start,y,,,,,,1,307,-23,,,4,,2199407991976,
2026-08-18 23:17:15.393,pulse_batch,y,,,,,1,,308,-22,,,4,,2199410848892,
2026-08-18 23:17:15.414,pulse_batch,y,,,,,4,,312,-18,,,4,,2199431666969,
2026-08-18 23:17:15.434,pulse_batch,y,,,,,4,,316,-14,,,4,,2199452209676,
2026-08-18 23:17:15.454,pulse_batch,y,,,,,3,,319,-11,,,4,,2199472115070,
2026-08-18 23:17:15.455,continuous_stop,y,,,,,,1,319,-11,,,4,,2199472568180,
2026-08-18 23:17:16.324,continuous_start,y,,,,,,1,319,-11,,,4,,2200341992962,
2026-08-18 23:17:16.327,pulse_batch,y,,,,,1,,320,-10,,,4,,2200344763601,
2026-08-18 23:17:16.348,pulse_batch,y,,,,,4,,324,-6,,,4,,2200365434715,
2026-08-18 23:17:16.368,pulse_batch,y,,,,,4,,328,-2,,,4,,2200385986163,
2026-08-18 23:17:16.390,pulse_batch,y,,,,,4,,332,2,,,4,,2200407637847,
2026-08-18 23:17:16.392,continuous_stop,y,,,,,,1,332,2,,,4,,2200410239616,
2026-08-18 23:17:17.659,continuous_start,y,,,,,,-1,332,2,,,4,,2201676587754,
2026-08-18 23:17:17.662,pulse_batch,y,,,,,-1,,333,1,,,4,,2201679493263,
2026-08-18 23:17:17.666,continuous_stop,y,,,,,,-1,333,1,,,4,,2201684132765,
2026-08-18 23:17:18.126,continuous_start,y,,,,,,-1,333,1,,,4,,2202143988459,
2026-08-18 23:17:18.129,pulse_batch,y,,,,,-1,,334,0,,,4,,2202146826783,
2026-08-18 23:17:18.152,pulse_batch,y,,,,,-4,,338,-4,,,4,,2202169964629,
2026-08-18 23:17:18.173,pulse_batch,y,,,,,-4,,342,-8,,,4,,2202190530595,
2026-08-18 23:17:18.191,pulse_batch,y,,,,,-3,,345,-11,,,4,,2202209199031,
2026-08-18 23:17:18.192,continuous_stop,y,,,,,,-1,345,-11,,,4,,2202209512882,
2026-08-18 23:17:19.327,continuous_start,x,,,,,,1,1001,-165,,,77,,2203344548842,
2026-08-18 23:17:19.330,pulse_batch,x,,,,,1,,1002,-164,,,77,,2203347416999,
2026-08-18 23:17:19.350,pulse_batch,x,,,,,4,,1006,-160,,,77,,2203368045058,
2026-08-18 23:17:19.371,pulse_batch,x,,,,,4,,1010,-156,,,77,,2203388653801,
2026-08-18 23:17:19.393,pulse_batch,x,,,,,4,,1014,-152,,,77,,2203411073835,
2026-08-18 23:17:19.414,pulse_batch,x,,,,,4,,1018,-148,,,77,,2203431921319,
2026-08-18 23:17:19.435,pulse_batch,x,,,,,4,,1022,-144,,,77,,2203452510952,
2026-08-18 23:17:19.456,pulse_batch,x,,,,,4,,1026,-140,,,77,,2203473230436,
2026-08-18 23:17:19.459,continuous_stop,x,,,,,,1,1026,-140,,,77,,2203476350333,
2026-08-18 23:17:19.794,continuous_start,x,,,,,,1,1026,-140,,,77,,2203812050195,
2026-08-18 23:17:19.797,pulse_batch,x,,,,,1,,1027,-139,,,77,,2203814879315,
2026-08-18 23:17:19.818,pulse_batch,x,,,,,4,,1031,-135,,,77,,2203835662836,
2026-08-18 23:17:19.838,pulse_batch,x,,,,,4,,1035,-131,,,77,,2203856200746,
2026-08-18 23:17:19.860,pulse_batch,x,,,,,4,,1039,-127,,,77,,2203877888135,
2026-08-18 23:17:19.881,pulse_batch,x,,,,,4,,1043,-123,,,77,,2203898709507,
2026-08-18 23:17:19.902,pulse_batch,x,,,,,4,,1047,-119,,,77,,2203919342770,
2026-08-18 23:17:19.925,pulse_batch,x,,,,,4,,1051,-115,,,77,,2203942213747,
2026-08-18 23:17:19.927,continuous_stop,x,,,,,,1,1051,-115,,,77,,2203944948478,
2026-08-18 23:17:20.330,continuous_start,x,,,,,,1,1051,-115,,,77,,2204347713294,
2026-08-18 23:17:20.333,pulse_batch,x,,,,,1,,1052,-114,,,77,,2204350536377,
2026-08-18 23:17:20.354,pulse_batch,x,,,,,4,,1056,-110,,,77,,2204371373305,
2026-08-18 23:17:20.374,pulse_batch,x,,,,,4,,1060,-106,,,77,,2204391947883,
2026-08-18 23:17:20.397,pulse_batch,x,,,,,4,,1064,-102,,,77,,2204415122155,
2026-08-18 23:17:20.418,pulse_batch,x,,,,,4,,1068,-98,,,77,,2204435881287,
2026-08-18 23:17:20.439,pulse_batch,x,,,,,4,,1072,-94,,,77,,2204456436031,
2026-08-18 23:17:20.461,pulse_batch,x,,,,,4,,1076,-90,,,77,,2204478458455,
2026-08-18 23:17:20.463,continuous_stop,x,,,,,,1,1076,-90,,,77,,2204481092279,
2026-08-18 23:17:20.997,continuous_start,x,,,,,,1,1076,-90,,,77,,2205014554794,
2026-08-18 23:17:21.000,pulse_batch,x,,,,,1,,1077,-89,,,77,,2205017353525,
2026-08-18 23:17:21.020,pulse_batch,x,,,,,4,,1081,-85,,,77,,2205037987287,
2026-08-18 23:17:21.041,pulse_batch,x,,,,,4,,1085,-81,,,77,,2205058595975,
2026-08-18 23:17:21.063,pulse_batch,x,,,,,4,,1089,-77,,,77,,2205081123694,
2026-08-18 23:17:21.066,continuous_stop,x,,,,,,1,1089,-77,,,77,,2205083721870,
2026-08-18 23:17:21.530,continuous_start,x,,,,,,1,1089,-77,,,77,,2205547353459,
2026-08-18 23:17:21.532,pulse_batch,x,,,,,1,,1090,-76,,,77,,2205550137449,
2026-08-18 23:17:21.555,pulse_batch,x,,,,,4,,1094,-72,,,77,,2205572626871,
2026-08-18 23:17:21.575,pulse_batch,x,,,,,4,,1098,-68,,,77,,2205593158208,
2026-08-18 23:17:21.594,pulse_batch,x,,,,,3,,1101,-65,,,77,,2205612112421,
2026-08-18 23:17:21.595,continuous_stop,x,,,,,,1,1101,-65,,,77,,2205612521438,
2026-08-18 23:17:22.129,continuous_start,x,,,,,,1,1101,-65,,,77,,2206146659024,
2026-08-18 23:17:22.132,pulse_batch,x,,,,,1,,1102,-64,,,77,,2206149509847,
2026-08-18 23:17:22.153,pulse_batch,x,,,,,4,,1106,-60,,,77,,2206170745941,
2026-08-18 23:17:22.173,pulse_batch,x,,,,,4,,1110,-56,,,77,,2206191268241,
2026-08-18 23:17:22.195,pulse_batch,x,,,,,4,,1114,-52,,,77,,2206212994536,
2026-08-18 23:17:22.198,continuous_stop,x,,,,,,1,1114,-52,,,77,,2206215638342,
2026-08-18 23:17:22.598,continuous_start,x,,,,,,1,1114,-52,,,77,,2206615376650,
2026-08-18 23:17:22.600,pulse_batch,x,,,,,1,,1115,-51,,,77,,2206618156548,
2026-08-18 23:17:22.622,pulse_batch,x,,,,,4,,1119,-47,,,77,,2206639704733,
2026-08-18 23:17:22.642,pulse_batch,x,,,,,4,,1123,-43,,,77,,2206660240533,
2026-08-18 23:17:22.662,pulse_batch,x,,,,,3,,1126,-40,,,77,,2206680191334,
2026-08-18 23:17:22.663,continuous_stop,x,,,,,,1,1126,-40,,,77,,2206680511463,
2026-08-18 23:17:23.198,continuous_start,x,,,,,,1,1126,-40,,,77,,2207215803378,
2026-08-18 23:17:23.201,pulse_batch,x,,,,,1,,1127,-39,,,77,,2207218672924,
2026-08-18 23:17:23.222,pulse_batch,x,,,,,4,,1131,-35,,,77,,2207239644870,
2026-08-18 23:17:23.242,pulse_batch,x,,,,,4,,1135,-31,,,77,,2207260146892,
2026-08-18 23:17:23.263,pulse_batch,x,,,,,4,,1139,-27,,,77,,2207280866377,
2026-08-18 23:17:23.266,continuous_stop,x,,,,,,1,1139,-27,,,77,,2207283476645,
2026-08-18 23:17:23.731,continuous_start,x,,,,,,1,1139,-27,,,77,,2207748855857,
2026-08-18 23:17:23.734,pulse_batch,x,,,,,1,,1140,-26,,,77,,2207751689533,
2026-08-18 23:17:23.736,continuous_stop,x,,,,,,1,1140,-26,,,77,,2207754279505,
2026-08-18 23:17:24.264,continuous_start,x,,,,,,1,1140,-26,,,77,,2208282211335,
2026-08-18 23:17:24.267,pulse_batch,x,,,,,1,,1141,-25,,,77,,2208284991400,
2026-08-18 23:17:24.288,pulse_batch,x,,,,,4,,1145,-21,,,77,,2208305703847,
2026-08-18 23:17:24.308,pulse_batch,x,,,,,4,,1149,-17,,,77,,2208326252202,
2026-08-18 23:17:24.331,pulse_batch,x,,,,,4,,1153,-13,,,77,,2208348896605,
2026-08-18 23:17:24.334,continuous_stop,x,,,,,,1,1153,-13,,,77,,2208351509096,
2026-08-18 23:17:25.133,continuous_start,x,,,,,,1,1153,-13,,,77,,2209150319919,
2026-08-18 23:17:25.135,pulse_batch,x,,,,,1,,1154,-12,,,77,,2209153154243,
2026-08-18 23:17:25.156,pulse_batch,x,,,,,4,,1158,-8,,,77,,2209174100800,
2026-08-18 23:17:25.177,pulse_batch,x,,,,,4,,1162,-4,,,77,,2209194674581,
2026-08-18 23:17:25.198,pulse_batch,x,,,,,4,,1166,0,,,77,,2209215800509,
2026-08-18 23:17:25.201,continuous_stop,x,,,,,,1,1166,0,,,77,,2209218478425,
2026-08-18 23:17:27.194,backlash_initialize,x,,,,,,1,1166,0,0,77,77,,2211212258299,logical_zero=0
2026-08-18 23:17:27.195,backlash_initialize,y,,,,,,-1,345,-11,0,0,4,,2211212363077,logical_zero=0
2026-08-18 23:17:30.932,point_saved,x,0,stored,,,,1,,0,0,77,77,0,,
2026-08-18 23:17:30.932,point_saved,y,0,stored,,,,-1,,-11,0,0,4,0,,
2026-08-18 23:17:31.874,continuous_start,x,,,,,,1,1166,0,0,77,77,,2215892146478,
2026-08-18 23:17:31.877,pulse_batch,x,,,,,1,,1167,1,1,77,77,,2215894991339,
2026-08-18 23:17:31.899,pulse_batch,x,,,,,4,,1171,5,5,77,77,,2215917101818,
2026-08-18 23:17:31.920,pulse_batch,x,,,,,4,,1175,9,9,77,77,,2215937723747,
2026-08-18 23:17:31.941,pulse_batch,x,,,,,4,,1179,13,13,77,77,,2215958671527,
2026-08-18 23:17:31.964,pulse_batch,x,,,,,4,,1183,17,17,77,77,,2215981298893,
2026-08-18 23:17:31.984,pulse_batch,x,,,,,4,,1187,21,21,77,77,,2216001860952,
2026-08-18 23:17:32.005,pulse_batch,x,,,,,4,,1191,25,25,77,77,,2216022965509,
2026-08-18 23:17:32.026,pulse_batch,x,,,,,4,,1195,29,29,77,77,,2216043592919,
2026-08-18 23:17:32.046,pulse_batch,x,,,,,4,,1199,33,33,77,77,,2216064193774,
2026-08-18 23:17:32.067,pulse_batch,x,,,,,4,,1203,37,37,77,77,,2216084799926,
2026-08-18 23:17:32.088,pulse_batch,x,,,,,4,,1207,41,41,77,77,,2216105567743,
2026-08-18 23:17:32.108,pulse_batch,x,,,,,4,,1211,45,45,77,77,,2216126166709,
2026-08-18 23:17:32.129,pulse_batch,x,,,,,4,,1215,49,49,77,77,,2216146749305,
2026-08-18 23:17:32.154,pulse_batch,x,,,,,4,,1219,53,53,77,77,,2216172107310,
2026-08-18 23:17:32.175,pulse_batch,x,,,,,4,,1223,57,57,77,77,,2216192773943,
2026-08-18 23:17:32.196,pulse_batch,x,,,,,4,,1227,61,61,77,77,,2216213337631,
2026-08-18 23:17:32.216,pulse_batch,x,,,,,4,,1231,65,65,77,77,,2216234131411,
2026-08-18 23:17:32.237,pulse_batch,x,,,,,4,,1235,69,69,77,77,,2216254676637,
2026-08-18 23:17:32.257,pulse_batch,x,,,,,4,,1239,73,73,77,77,,2216275249640,
2026-08-18 23:17:32.281,pulse_batch,x,,,,,4,,1243,77,77,77,77,,2216298467745,
2026-08-18 23:17:32.301,pulse_batch,x,,,,,4,,1247,81,81,77,77,,2216319156396,
2026-08-18 23:17:32.322,pulse_batch,x,,,,,4,,1251,85,85,77,77,,2216339722400,
2026-08-18 23:17:32.344,pulse_batch,x,,,,,4,,1255,89,89,77,77,,2216361498047,
2026-08-18 23:17:32.364,pulse_batch,x,,,,,4,,1259,93,93,77,77,,2216382249883,
2026-08-18 23:17:32.385,pulse_batch,x,,,,,4,,1263,97,97,77,77,,2216402790553,
2026-08-18 23:17:32.406,pulse_batch,x,,,,,4,,1267,101,101,77,77,,2216423540703,
2026-08-18 23:17:32.428,pulse_batch,x,,,,,4,,1271,105,105,77,77,,2216445597405,
2026-08-18 23:17:32.448,pulse_batch,x,,,,,4,,1275,109,109,77,77,,2216466208594,
2026-08-18 23:17:32.472,pulse_batch,x,,,,,4,,1279,113,113,77,77,,2216490024289,
2026-08-18 23:17:32.494,pulse_batch,x,,,,,4,,1283,117,117,77,77,,2216511654419,
2026-08-18 23:17:32.514,pulse_batch,x,,,,,4,,1287,121,121,77,77,,2216532248866,
2026-08-18 23:17:32.537,pulse_batch,x,,,,,4,,1291,125,125,77,77,,2216554449067,
2026-08-18 23:17:32.558,pulse_batch,x,,,,,4,,1295,129,129,77,77,,2216575354532,
2026-08-18 23:17:32.578,pulse_batch,x,,,,,4,,1299,133,133,77,77,,2216595924091,
2026-08-18 23:17:32.599,pulse_batch,x,,,,,4,,1303,137,137,77,77,,2216616494206,
2026-08-18 23:17:32.620,pulse_batch,x,,,,,4,,1307,141,141,77,77,,2216637236949,
2026-08-18 23:17:32.640,pulse_batch,x,,,,,4,,1311,145,145,77,77,,2216657819508,
2026-08-18 23:17:32.661,pulse_batch,x,,,,,4,,1315,149,149,77,77,,2216678411733,
2026-08-18 23:17:32.683,pulse_batch,x,,,,,4,,1319,153,153,77,77,,2216701009489,
2026-08-18 23:17:32.704,pulse_batch,x,,,,,4,,1323,157,157,77,77,,2216721612510,
2026-08-18 23:17:32.724,pulse_batch,x,,,,,4,,1327,161,161,77,77,,2216742123403,
2026-08-18 23:17:32.745,pulse_batch,x,,,,,4,,1331,165,165,77,77,,2216762855387,
2026-08-18 23:17:32.766,pulse_batch,x,,,,,4,,1335,169,169,77,77,,2216783581612,
2026-08-18 23:17:32.786,pulse_batch,x,,,,,4,,1339,173,173,77,77,,2216804137911,
2026-08-18 23:17:32.809,pulse_batch,x,,,,,4,,1343,177,177,77,77,,2216826708297,
2026-08-18 23:17:32.830,pulse_batch,x,,,,,4,,1347,181,181,77,77,,2216847632206,
2026-08-18 23:17:32.850,pulse_batch,x,,,,,4,,1351,185,185,77,77,,2216868185506,
2026-08-18 23:17:32.873,pulse_batch,x,,,,,4,,1355,189,189,77,77,,2216890426336,
2026-08-18 23:17:32.893,pulse_batch,x,,,,,4,,1359,193,193,77,77,,2216911247283,
2026-08-18 23:17:32.914,pulse_batch,x,,,,,4,,1363,197,197,77,77,,2216931837842,
2026-08-18 23:17:32.937,pulse_batch,x,,,,,4,,1367,201,201,77,77,,2216952446401,
2026-08-18 23:17:32.955,pulse_batch,x,,,,,4,,1371,205,205,77,77,,2216973129292,
2026-08-18 23:17:32.976,pulse_batch,x,,,,,4,,1375,209,209,77,77,,2216993805851,
2026-08-18 23:17:32.997,pulse_batch,x,,,,,4,,1379,213,213,77,77,,2217014392280,
2026-08-18 23:17:33.019,pulse_batch,x,,,,,4,,1383,217,217,77,77,,2217036869054,
2026-08-18 23:17:33.040,pulse_batch,x,,,,,4,,1387,221,221,77,77,,2217057492557,
2026-08-18 23:17:33.060,pulse_batch,x,,,,,4,,1391,225,225,77,77,,2217078077153,
2026-08-18 23:17:33.082,pulse_batch,x,,,,,4,,1395,229,229,77,77,,2217100136170,
2026-08-18 23:17:33.103,pulse_batch,x,,,,,4,,1399,233,233,77,77,,2217121087616,
2026-08-18 23:17:33.124,pulse_batch,x,,,,,4,,1403,237,237,77,77,,2217141619601,
2026-08-18 23:17:33.145,pulse_batch,x,,,,,4,,1407,241,241,77,77,,2217162336141,
2026-08-18 23:17:33.167,pulse_batch,x,,,,,4,,1411,245,245,77,77,,2217185126877,
2026-08-18 23:17:33.188,pulse_batch,x,,,,,4,,1415,249,249,77,77,,2217205669288,
2026-08-18 23:17:33.209,pulse_batch,x,,,,,4,,1419,253,253,77,77,,2217227049714,
2026-08-18 23:17:33.230,pulse_batch,x,,,,,4,,1423,257,257,77,77,,2217247885402,
2026-08-18 23:17:33.251,pulse_batch,x,,,,,4,,1427,261,261,77,77,,2217268450572,
2026-08-18 23:17:33.271,pulse_batch,x,,,,,4,,1431,265,265,77,77,,2217289208333,
2026-08-18 23:17:33.292,pulse_batch,x,,,,,4,,1435,269,269,77,77,,2217310024132,
2026-08-18 23:17:33.313,pulse_batch,x,,,,,4,,1439,273,273,77,77,,2217330607654,
2026-08-18 23:17:33.334,pulse_batch,x,,,,,4,,1443,277,277,77,77,,2217351384138,
2026-08-18 23:17:33.354,pulse_batch,x,,,,,3,,1446,280,280,77,77,,2217372102715,
2026-08-18 23:17:33.375,pulse_batch,x,,,,,4,,1450,284,284,77,77,,2217392829384,
2026-08-18 23:17:33.396,pulse_batch,x,,,,,4,,1454,288,288,77,77,,2217413406572,
2026-08-18 23:17:33.417,pulse_batch,x,,,,,4,,1458,292,292,77,77,,2217434598277,
2026-08-18 23:17:33.438,pulse_batch,x,,,,,4,,1462,296,296,77,77,,2217455706093,
2026-08-18 23:17:33.458,pulse_batch,x,,,,,4,,1466,300,300,77,77,,2217476235412,
2026-08-18 23:17:33.481,pulse_batch,x,,,,,4,,1470,304,304,77,77,,2217498601668,
2026-08-18 23:17:33.502,pulse_batch,x,,,,,4,,1474,308,308,77,77,,2217519369004,
2026-08-18 23:17:33.522,pulse_batch,x,,,,,4,,1478,312,312,77,77,,2217539904877,
2026-08-18 23:17:33.543,pulse_batch,x,,,,,4,,1482,316,316,77,77,,2217560863805,
2026-08-18 23:17:33.564,pulse_batch,x,,,,,4,,1486,320,320,77,77,,2217581543401,
2026-08-18 23:17:33.584,pulse_batch,x,,,,,4,,1490,324,324,77,77,,2217602147367,
2026-08-18 23:17:33.607,pulse_batch,x,,,,,4,,1494,328,328,77,77,,2217624890511,
2026-08-18 23:17:33.628,pulse_batch,x,,,,,4,,1498,332,332,77,77,,2217645642995,
2026-08-18 23:17:33.648,pulse_batch,x,,,,,4,,1502,336,336,77,77,,2217666225294,
2026-08-18 23:17:33.671,pulse_batch,x,,,,,4,,1506,340,340,77,77,,2217688605662,
2026-08-18 23:17:33.692,pulse_batch,x,,,,,4,,1510,344,344,77,77,,2217709407127,
2026-08-18 23:17:33.712,pulse_batch,x,,,,,4,,1514,348,348,77,77,,2217730005352,
2026-08-18 23:17:33.733,pulse_batch,x,,,,,4,,1518,352,352,77,77,,2217750578430,
2026-08-18 23:17:33.754,pulse_batch,x,,,,,4,,1522,356,356,77,77,,2217771315081,
2026-08-18 23:17:33.774,pulse_batch,x,,,,,4,,1526,360,360,77,77,,2217792014602,
2026-08-18 23:17:33.795,pulse_batch,x,,,,,4,,1530,364,364,77,77,,2217812592457,
2026-08-18 23:17:33.818,pulse_batch,x,,,,,4,,1534,368,368,77,77,,2217835475193,
2026-08-18 23:17:33.838,pulse_batch,x,,,,,4,,1538,372,372,77,77,,2217856143103,
2026-08-18 23:17:33.859,pulse_batch,x,,,,,4,,1542,376,376,77,77,,2217876670662,
2026-08-18 23:17:33.882,pulse_batch,x,,,,,4,,1546,380,380,77,77,,2217899287788,
2026-08-18 23:17:33.902,pulse_batch,x,,,,,4,,1550,384,384,77,77,,2217920127975,
2026-08-18 23:17:33.923,pulse_batch,x,,,,,4,,1554,388,388,77,77,,2217940661683,
2026-08-18 23:17:33.946,pulse_batch,x,,,,,4,,1558,392,392,77,77,,2217963856695,
2026-08-18 23:17:33.967,pulse_batch,x,,,,,4,,1562,396,396,77,77,,2217984507661,
2026-08-18 23:17:33.987,pulse_batch,x,,,,,4,,1566,400,400,77,77,,2218005149886,
2026-08-18 23:17:34.010,pulse_batch,x,,,,,4,,1570,404,404,77,77,,2218027932975,
2026-08-18 23:17:34.031,pulse_batch,x,,,,,4,,1574,408,408,77,77,,2218048758199,
2026-08-18 23:17:34.052,pulse_batch,x,,,,,4,,1578,412,412,77,77,,2218069336073,
2026-08-18 23:17:34.074,pulse_batch,x,,,,,4,,1582,416,416,77,77,,2218092032254,
2026-08-18 23:17:34.095,pulse_batch,x,,,,,4,,1586,420,420,77,77,,2218112629183,
2026-08-18 23:17:34.115,pulse_batch,x,,,,,4,,1590,424,424,77,77,,2218133172612,
2026-08-18 23:17:34.136,pulse_batch,x,,,,,4,,1594,428,428,77,77,,2218153795800,
2026-08-18 23:17:34.157,pulse_batch,x,,,,,4,,1598,432,432,77,77,,2218174507933,
2026-08-18 23:17:34.177,pulse_batch,x,,,,,4,,1602,436,436,77,77,,2218195136954,
2026-08-18 23:17:34.198,pulse_batch,x,,,,,4,,1606,440,440,77,77,,2218215695606,
2026-08-18 23:17:34.221,pulse_batch,x,,,,,4,,1610,444,444,77,77,,2218238746971,
2026-08-18 23:17:34.242,pulse_batch,x,,,,,4,,1614,448,448,77,77,,2218259296844,
2026-08-18 23:17:34.262,pulse_batch,x,,,,,4,,1618,452,452,77,77,,2218279820255,
2026-08-18 23:17:34.285,pulse_batch,x,,,,,4,,1622,456,456,77,77,,2218302498362,
2026-08-18 23:17:34.306,pulse_batch,x,,,,,4,,1626,460,460,77,77,,2218323383642,
2026-08-18 23:17:34.326,pulse_batch,x,,,,,4,,1630,464,464,77,77,,2218343899942,
2026-08-18 23:17:34.346,pulse_batch,x,,,,,3,,1633,467,467,77,77,,2218363944132,
2026-08-18 23:17:34.367,pulse_batch,x,,,,,4,,1637,471,471,77,77,,2218384673968,
2026-08-18 23:17:34.387,pulse_batch,x,,,,,4,,1641,475,475,77,77,,2218405272490,
2026-08-18 23:17:34.408,pulse_batch,x,,,,,4,,1645,479,479,77,77,,2218426016474,
2026-08-18 23:17:34.429,pulse_batch,x,,,,,4,,1649,483,483,77,77,,2218446660921,
2026-08-18 23:17:34.449,pulse_batch,x,,,,,4,,1653,487,487,77,77,,2218467214869,
2026-08-18 23:17:34.471,pulse_batch,x,,,,,4,,1657,491,491,77,77,,2218489205886,
2026-08-18 23:17:34.492,pulse_batch,x,,,,,4,,1661,495,495,77,77,,2218510100684,
2026-08-18 23:17:34.513,pulse_batch,x,,,,,4,,1665,499,499,77,77,,2218530678873,
2026-08-18 23:17:34.533,pulse_batch,x,,,,,4,,1669,503,503,77,77,,2218551232228,
2026-08-18 23:17:34.554,pulse_batch,x,,,,,4,,1673,507,507,77,77,,2218572038842,
2026-08-18 23:17:34.575,pulse_batch,x,,,,,4,,1677,511,511,77,77,,2218592565049,
2026-08-18 23:17:34.595,pulse_batch,x,,,,,4,,1681,515,515,77,77,,2218613174996,
2026-08-18 23:17:34.616,pulse_batch,x,,,,,4,,1685,519,519,77,77,,2218633868999,
2026-08-18 23:17:34.637,pulse_batch,x,,,,,4,,1689,523,523,77,77,,2218654633168,
2026-08-18 23:17:34.657,pulse_batch,x,,,,,4,,1693,527,527,77,77,,2218675159746,
2026-08-18 23:17:34.680,pulse_batch,x,,,,,4,,1697,531,531,77,77,,2218697292281,
2026-08-18 23:17:34.700,pulse_batch,x,,,,,4,,1701,535,535,77,77,,2218718018191,
2026-08-18 23:17:34.721,pulse_batch,x,,,,,4,,1705,539,539,77,77,,2218738548898,
2026-08-18 23:17:34.742,pulse_batch,x,,,,,4,,1709,543,543,77,77,,2218759275012,
2026-08-18 23:17:34.762,pulse_batch,x,,,,,4,,1713,547,547,77,77,,2218779888904,
2026-08-18 23:17:34.783,pulse_batch,x,,,,,4,,1717,551,551,77,77,,2218800596351,
2026-08-18 23:17:34.805,pulse_batch,x,,,,,4,,1721,555,555,77,77,,2218823095199,
2026-08-18 23:17:34.826,pulse_batch,x,,,,,4,,1725,559,559,77,77,,2218843832461,
2026-08-18 23:17:34.847,pulse_batch,x,,,,,4,,1729,563,563,77,77,,2218864378853,
2026-08-18 23:17:34.867,pulse_batch,x,,,,,4,,1733,567,567,77,77,,2218884968894,
2026-08-18 23:17:34.888,pulse_batch,x,,,,,4,,1737,571,571,77,77,,2218906143191,
2026-08-18 23:17:34.909,pulse_batch,x,,,,,4,,1741,575,575,77,77,,2218926726361,
2026-08-18 23:17:34.929,pulse_batch,x,,,,,4,,1745,579,579,77,77,,2218947261735,
2026-08-18 23:17:34.952,pulse_batch,x,,,,,4,,1749,583,583,77,77,,2218969638824,
2026-08-18 23:17:34.973,pulse_batch,x,,,,,4,,1753,587,587,77,77,,2218990332679,
2026-08-18 23:17:34.993,pulse_batch,x,,,,,4,,1757,591,591,77,77,,2219010909978,
2026-08-18 23:17:35.014,pulse_batch,x,,,,,4,,1761,595,595,77,77,,2219032047183,
2026-08-18 23:17:35.035,pulse_batch,x,,,,,4,,1765,599,599,77,77,,2219052709797,
2026-08-18 23:17:35.055,pulse_batch,x,,,,,4,,1769,603,603,77,77,,2219073236245,
2026-08-18 23:17:35.078,pulse_batch,x,,,,,4,,1773,607,607,77,77,,2219095396576,
2026-08-18 23:17:35.099,pulse_batch,x,,,,,4,,1777,611,611,77,77,,2219116345282,
2026-08-18 23:17:35.119,pulse_batch,x,,,,,4,,1781,615,615,77,77,,2219136948396,
2026-08-18 23:17:35.141,pulse_batch,x,,,,,4,,1785,619,619,77,77,,2219158902376,
2026-08-18 23:17:35.162,pulse_batch,x,,,,,4,,1789,623,623,77,77,,2219179657490,
2026-08-18 23:17:35.183,pulse_batch,x,,,,,4,,1793,627,627,77,77,,2219200286085,
2026-08-18 23:17:35.203,pulse_batch,x,,,,,4,,1797,631,631,77,77,,2219220994922,
2026-08-18 23:17:35.224,pulse_batch,x,,,,,4,,1801,635,635,77,77,,2219241773035,
2026-08-18 23:17:35.245,pulse_batch,x,,,,,4,,1805,639,639,77,77,,2219262458094,
2026-08-18 23:17:35.265,pulse_batch,x,,,,,4,,1809,643,643,77,77,,2219283025208,
2026-08-18 23:17:35.289,pulse_batch,x,,,,,4,,1813,647,647,77,77,,2219306582330,
2026-08-18 23:17:35.309,pulse_batch,x,,,,,4,,1817,651,651,77,77,,2219327252241,
2026-08-18 23:17:35.330,pulse_batch,x,,,,,4,,1821,655,655,77,77,,2219347765374,
2026-08-18 23:17:35.352,pulse_batch,x,,,,,4,,1825,659,659,77,77,,2219369643076,
2026-08-18 23:17:35.375,pulse_batch,x,,,,,4,,1829,663,663,77,77,,2219392699164,
2026-08-18 23:17:35.396,pulse_batch,x,,,,,4,,1833,667,667,77,77,,2219413287241,
2026-08-18 23:17:35.416,pulse_batch,x,,,,,4,,1837,671,671,77,77,,2219434060910,
2026-08-18 23:17:35.437,pulse_batch,x,,,,,4,,1841,675,675,77,77,,2219454953208,
2026-08-18 23:17:35.458,pulse_batch,x,,,,,4,,1845,679,679,77,77,,2219475491990,
2026-08-18 23:17:35.480,pulse_batch,x,,,,,4,,1849,683,683,77,77,,2219497818061,
2026-08-18 23:17:35.501,pulse_batch,x,,,,,4,,1853,687,687,77,77,,2219518634545,
2026-08-18 23:17:35.522,pulse_batch,x,,,,,4,,1857,691,691,77,77,,2219539358566,
2026-08-18 23:17:35.543,pulse_batch,x,,,,,3,,1860,694,694,77,77,,2219560561234,
2026-08-18 23:17:35.543,continuous_stop,x,,,,,,1,1860,694,694,77,77,,2219560904158,
2026-08-18 23:17:36.210,continuous_start,x,,,,,,1,1860,694,694,77,77,,2220227666807,
2026-08-18 23:17:36.213,pulse_batch,x,,,,,1,,1861,695,695,77,77,,2220230517556,
2026-08-18 23:17:36.235,pulse_batch,x,,,,,4,,1865,699,699,77,77,,2220253018756,
2026-08-18 23:17:36.256,pulse_batch,x,,,,,4,,1869,703,703,77,77,,2220273570186,
2026-08-18 23:17:36.275,pulse_batch,x,,,,,3,,1872,706,706,77,77,,2220293003360,
2026-08-18 23:17:36.275,continuous_stop,x,,,,,,1,1872,706,706,77,77,,2220293267840,
2026-08-18 23:17:37.479,continuous_start,y,,,,,,-1,345,-11,0,0,4,,2221497135509,
2026-08-18 23:17:37.482,pulse_batch,y,,,,,-1,,346,-12,-1,0,4,,2221499999055,
2026-08-18 23:17:37.503,pulse_batch,y,,,,,-4,,350,-16,-5,0,4,,2221520687021,
2026-08-18 23:17:37.524,pulse_batch,y,,,,,-4,,354,-20,-9,0,4,,2221541362876,
2026-08-18 23:17:37.546,pulse_batch,y,,,,,-4,,358,-24,-13,0,4,,2221563438966,
2026-08-18 23:17:37.566,pulse_batch,y,,,,,-4,,362,-28,-17,0,4,,2221584151895,
2026-08-18 23:17:37.587,pulse_batch,y,,,,,-4,,366,-32,-21,0,4,,2221604761972,
2026-08-18 23:17:37.610,pulse_batch,y,,,,,-4,,370,-36,-25,0,4,,2221628119725,
2026-08-18 23:17:37.631,pulse_batch,y,,,,,-4,,374,-40,-29,0,4,,2221649149930,
2026-08-18 23:17:37.652,pulse_batch,y,,,,,-4,,378,-44,-33,0,4,,2221669815100,
2026-08-18 23:17:37.674,pulse_batch,y,,,,,-4,,382,-48,-37,0,4,,2221691671858,
2026-08-18 23:17:37.682,pulse_batch,y,,,,,-1,,383,-49,-38,0,4,,2221700063162,
2026-08-18 23:17:37.683,continuous_stop,y,,,,,,-1,383,-49,-38,0,4,,2221700308217,
2026-08-18 23:17:38.414,continuous_start,y,,,,,,-1,383,-49,-38,0,4,,2222431435829,
2026-08-18 23:17:38.417,pulse_batch,y,,,,,-1,,384,-50,-39,0,4,,2222434350615,
2026-08-18 23:17:38.437,pulse_batch,y,,,,,-4,,388,-54,-43,0,4,,2222455157766,
2026-08-18 23:17:38.458,pulse_batch,y,,,,,-4,,392,-58,-47,0,4,,2222475751602,
2026-08-18 23:17:38.480,pulse_batch,y,,,,,-4,,396,-62,-51,0,4,,2222497518268,
2026-08-18 23:17:38.482,continuous_stop,y,,,,,,-1,396,-62,-51,0,4,,2222500202814,
2026-08-18 23:17:39.613,continuous_start,x,,,,,,1,1872,706,706,77,77,,2223630748051,
2026-08-18 23:17:39.616,pulse_batch,x,,,,,1,,1873,707,707,77,77,,2223633594152,
2026-08-18 23:17:39.638,pulse_batch,x,,,,,4,,1877,711,711,77,77,,2223655787131,
2026-08-18 23:17:39.659,pulse_batch,x,,,,,4,,1881,715,715,77,77,,2223676381857,
2026-08-18 23:17:39.677,pulse_batch,x,,,,,3,,1884,718,718,77,77,,2223694464554,
2026-08-18 23:17:39.677,continuous_stop,x,,,,,,1,1884,718,718,77,77,,2223695088922,
2026-08-18 23:17:42.142,point_saved,x,1,stored,,,,1,,718,718,77,77,718,,
2026-08-18 23:17:42.142,point_saved,y,1,stored,,,,-1,,-62,-51,0,4,-51,,
2026-08-18 23:17:43.550,continuous_start,y,,,,,,-1,396,-62,-51,0,4,,2227567412162,
2026-08-18 23:17:43.552,pulse_batch,y,,,,,-1,,397,-63,-52,0,4,,2227570274893,
2026-08-18 23:17:43.573,pulse_batch,y,,,,,-4,,401,-67,-56,0,4,,2227591051840,
2026-08-18 23:17:43.594,pulse_batch,y,,,,,-4,,405,-71,-60,0,4,,2227611620121,
2026-08-18 23:17:43.616,pulse_batch,y,,,,,-4,,409,-75,-64,0,4,,2227633960618,
2026-08-18 23:17:43.640,pulse_batch,y,,,,,-4,,413,-79,-68,0,4,,2227657351853,
2026-08-18 23:17:43.660,pulse_batch,y,,,,,-4,,417,-83,-72,0,4,,2227677906615,
2026-08-18 23:17:43.683,pulse_batch,y,,,,,-4,,421,-87,-76,0,4,,2227700641518,
2026-08-18 23:17:43.704,pulse_batch,y,,,,,-4,,425,-91,-80,0,4,,2227721260781,
2026-08-18 23:17:43.724,pulse_batch,y,,,,,-4,,429,-95,-84,0,4,,2227741886635,
2026-08-18 23:17:43.745,pulse_batch,y,,,,,-4,,433,-99,-88,0,4,,2227762502639,
2026-08-18 23:17:43.766,pulse_batch,y,,,,,-4,,437,-103,-92,0,4,,2227783553899,
2026-08-18 23:17:43.786,pulse_batch,y,,,,,-4,,441,-107,-96,0,4,,2227804212273,
2026-08-18 23:17:43.807,pulse_batch,y,,,,,-4,,445,-111,-100,0,4,,2227824850109,
2026-08-18 23:17:43.830,pulse_batch,y,,,,,-4,,449,-115,-104,0,4,,2227847570346,
2026-08-18 23:17:43.850,pulse_batch,y,,,,,-4,,453,-119,-108,0,4,,2227868189052,
2026-08-18 23:17:43.871,pulse_batch,y,,,,,-4,,457,-123,-112,0,4,,2227888732593,
2026-08-18 23:17:43.893,pulse_batch,y,,,,,-4,,461,-127,-116,0,4,,2227910553647,
2026-08-18 23:17:43.914,pulse_batch,y,,,,,-4,,465,-131,-120,0,4,,2227931333039,
2026-08-18 23:17:43.934,pulse_batch,y,,,,,-4,,469,-135,-124,0,4,,2227951928986,
2026-08-18 23:17:43.958,pulse_batch,y,,,,,-4,,473,-139,-128,0,4,,2227976068681,
2026-08-18 23:17:43.979,pulse_batch,y,,,,,-4,,477,-143,-132,0,4,,2227996867128,
2026-08-18 23:17:44.000,pulse_batch,y,,,,,-4,,481,-147,-136,0,4,,2228017480798,
2026-08-18 23:17:44.021,pulse_batch,y,,,,,-4,,485,-151,-140,0,4,,2228039024390,
2026-08-18 23:17:44.042,pulse_batch,y,,,,,-4,,489,-155,-144,0,4,,2228059686078,
2026-08-18 23:17:44.063,pulse_batch,y,,,,,-4,,493,-159,-148,0,4,,2228080326174,
2026-08-18 23:17:44.083,pulse_batch,y,,,,,-4,,497,-163,-152,0,4,,2228101006677,
2026-08-18 23:17:44.104,pulse_batch,y,,,,,-4,,501,-167,-156,0,4,,2228121816253,
2026-08-18 23:17:44.125,pulse_batch,y,,,,,-4,,505,-171,-160,0,4,,2228142829588,
2026-08-18 23:17:44.147,pulse_batch,y,,,,,-4,,509,-175,-164,0,4,,2228164997679,
2026-08-18 23:17:44.168,pulse_batch,y,,,,,-4,,513,-179,-168,0,4,,2228185816125,
2026-08-18 23:17:44.189,pulse_batch,y,,,,,-4,,517,-183,-172,0,4,,2228206444980,
2026-08-18 23:17:44.216,pulse_batch,y,,,,,-4,,521,-187,-176,0,4,,2228234201496,
2026-08-18 23:17:44.241,pulse_batch,y,,,,,-4,,525,-191,-180,0,4,,2228258549301,
2026-08-18 23:17:44.261,pulse_batch,y,,,,,-4,,529,-195,-184,0,4,,2228279113712,
2026-08-18 23:17:44.284,pulse_batch,y,,,,,-4,,533,-199,-188,0,4,,2228301230432,
2026-08-18 23:17:44.304,pulse_batch,y,,,,,-4,,537,-203,-192,0,4,,2228322003990,
2026-08-18 23:17:44.325,pulse_batch,y,,,,,-4,,541,-207,-196,0,4,,2228342642622,
2026-08-18 23:17:44.345,pulse_batch,y,,,,,-4,,545,-211,-200,0,4,,2228363243052,
2026-08-18 23:17:44.366,pulse_batch,y,,,,,-4,,549,-215,-204,0,4,,2228383946110,
2026-08-18 23:17:44.387,pulse_batch,y,,,,,-4,,553,-219,-208,0,4,,2228404533020,
2026-08-18 23:17:44.407,pulse_batch,y,,,,,-4,,557,-223,-212,0,4,,2228425087894,
2026-08-18 23:17:44.430,pulse_batch,y,,,,,-4,,561,-227,-216,0,4,,2228447549909,
2026-08-18 23:17:44.450,pulse_batch,y,,,,,-4,,565,-231,-220,0,4,,2228468155561,
2026-08-18 23:17:44.471,pulse_batch,y,,,,,-4,,569,-235,-224,0,4,,2228488693027,
2026-08-18 23:17:44.494,pulse_batch,y,,,,,-4,,573,-239,-228,0,4,,2228511661911,
2026-08-18 23:17:44.516,pulse_batch,y,,,,,-4,,577,-243,-232,0,4,,2228534130537,
2026-08-18 23:17:44.537,pulse_batch,y,,,,,-4,,581,-247,-236,0,4,,2228554685966,
2026-08-18 23:17:44.558,pulse_batch,y,,,,,-4,,585,-251,-240,0,4,,2228575927560,
2026-08-18 23:17:44.579,pulse_batch,y,,,,,-4,,589,-255,-244,0,4,,2228596856210,
2026-08-18 23:17:44.600,pulse_batch,y,,,,,-4,,593,-259,-248,0,4,,2228617383602,
2026-08-18 23:17:44.622,pulse_batch,y,,,,,-4,,597,-263,-252,0,4,,2228639787618,
2026-08-18 23:17:44.643,pulse_batch,y,,,,,-4,,601,-267,-256,0,4,,2228661043008,
2026-08-18 23:17:44.664,pulse_batch,y,,,,,-4,,605,-271,-260,0,4,,2228681565974,
2026-08-18 23:17:44.686,pulse_batch,y,,,,,-4,,609,-275,-264,0,4,,2228704074748,
2026-08-18 23:17:44.707,pulse_batch,y,,,,,-4,,613,-279,-268,0,4,,2228724772529,
2026-08-18 23:17:44.728,pulse_batch,y,,,,,-4,,617,-283,-272,0,4,,2228745315217,
2026-08-18 23:17:44.748,pulse_batch,y,,,,,-4,,621,-287,-276,0,4,,2228766029424,
2026-08-18 23:17:44.769,pulse_batch,y,,,,,-4,,625,-291,-280,0,4,,2228786910796,
2026-08-18 23:17:44.790,pulse_batch,y,,,,,-4,,629,-295,-284,0,4,,2228807474337,
2026-08-18 23:17:44.810,pulse_batch,y,,,,,-4,,633,-299,-288,0,4,,2228828051396,
2026-08-18 23:17:44.820,pulse_batch,y,,,,,-1,,634,-300,-289,0,4,,2228837502974,
2026-08-18 23:17:44.820,continuous_stop,y,,,,,,-1,634,-300,-289,0,4,,2228837831010,
2026-08-18 23:17:45.085,continuous_start,y,,,,,,-1,634,-300,-289,0,4,,2229102392377,
2026-08-18 23:17:45.087,pulse_batch,y,,,,,-1,,635,-301,-290,0,4,,2229105133108,
2026-08-18 23:17:45.108,pulse_batch,y,,,,,-4,,639,-305,-294,0,4,,2229125803815,
2026-08-18 23:17:45.129,pulse_batch,y,,,,,-4,,643,-309,-298,0,4,,2229146341614,
2026-08-18 23:17:45.151,pulse_batch,y,,,,,-4,,647,-313,-302,0,4,,2229168711426,
2026-08-18 23:17:45.173,pulse_batch,y,,,,,-4,,651,-317,-306,0,4,,2229190486666,
2026-08-18 23:17:45.193,pulse_batch,y,,,,,-4,,655,-321,-310,0,4,,2229211068262,
2026-08-18 23:17:45.214,pulse_batch,y,,,,,-4,,659,-325,-314,0,4,,2229232170282,
2026-08-18 23:17:45.217,continuous_stop,y,,,,,,-1,659,-325,-314,0,4,,2229234968661,
2026-08-18 23:17:45.686,continuous_start,y,,,,,,-1,659,-325,-314,0,4,,2229703812954,
2026-08-18 23:17:45.689,pulse_batch,y,,,,,-1,,660,-326,-315,0,4,,2229706578111,
2026-08-18 23:17:45.712,pulse_batch,y,,,,,-4,,664,-330,-319,0,4,,2229729867068,
2026-08-18 23:17:45.733,pulse_batch,y,,,,,-4,,668,-334,-323,0,4,,2229750407738,
2026-08-18 23:17:45.756,pulse_batch,y,,,,,-4,,672,-338,-327,0,4,,2229773314993,
2026-08-18 23:17:45.776,pulse_batch,y,,,,,-4,,676,-342,-331,0,4,,2229794194995,
2026-08-18 23:17:45.797,pulse_batch,y,,,,,-4,,680,-346,-335,0,4,,2229814780146,
2026-08-18 23:17:45.818,pulse_batch,y,,,,,-4,,684,-350,-339,0,4,,2229835778389,
2026-08-18 23:17:45.821,continuous_stop,y,,,,,,-1,684,-350,-339,0,4,,2229838402880,
2026-08-18 23:17:46.485,continuous_start,y,,,,,,-1,684,-350,-339,0,4,,2230503004184,
2026-08-18 23:17:46.488,pulse_batch,y,,,,,-1,,685,-351,-340,0,4,,2230506058729,
2026-08-18 23:17:46.510,pulse_batch,y,,,,,-4,,689,-355,-344,0,4,,2230527488044,
2026-08-18 23:17:46.530,pulse_batch,y,,,,,-4,,693,-359,-348,0,4,,2230548024344,
2026-08-18 23:17:46.552,pulse_batch,y,,,,,-4,,697,-363,-352,0,4,,2230569826861,
2026-08-18 23:17:46.555,continuous_stop,y,,,,,,-1,697,-363,-352,0,4,,2230572459111,
2026-08-18 23:17:49.225,continuous_start,x,,,,,,-1,1884,718,718,77,77,,2233242468974,
2026-08-18 23:17:49.228,pulse_batch,x,,,,,-1,,1885,717,718,76,77,,2233245535056,
2026-08-18 23:17:49.248,pulse_batch,x,,,,,-4,,1889,713,718,72,77,,2233266232855,
2026-08-18 23:17:49.269,pulse_batch,x,,,,,-4,,1893,709,718,68,77,,2233286844506,
2026-08-18 23:17:49.290,pulse_batch,x,,,,,-3,,1896,706,718,65,77,,2233307895804,
2026-08-18 23:17:49.292,continuous_stop,x,,,,,,-1,1896,706,718,65,77,,2233309575372,
2026-08-18 23:17:49.693,continuous_start,x,,,,,,-1,1896,706,718,65,77,,2233710726510,
2026-08-18 23:17:49.696,pulse_batch,x,,,,,-1,,1897,705,718,64,77,,2233713482241,
2026-08-18 23:17:49.718,pulse_batch,x,,,,,-4,,1901,701,718,60,77,,2233735788924,
2026-08-18 23:17:49.739,pulse_batch,x,,,,,-4,,1905,697,718,56,77,,2233756417538,
2026-08-18 23:17:49.757,pulse_batch,x,,,,,-3,,1908,694,718,53,77,,2233774734512,
2026-08-18 23:17:49.757,continuous_stop,x,,,,,,-1,1908,694,718,53,77,,2233775259343,
2026-08-18 23:17:50.158,continuous_start,x,,,,,,-1,1908,694,718,53,77,,2234176187500,
2026-08-18 23:17:50.161,pulse_batch,x,,,,,-1,,1909,693,718,52,77,,2234178972657,
2026-08-18 23:17:50.182,pulse_batch,x,,,,,-4,,1913,689,718,48,77,,2234199643586,
2026-08-18 23:17:50.202,pulse_batch,x,,,,,-4,,1917,685,718,44,77,,2234220208645,
2026-08-18 23:17:50.224,pulse_batch,x,,,,,-4,,1921,681,718,40,77,,2234242108865,
2026-08-18 23:17:50.245,pulse_batch,x,,,,,-4,,1925,677,718,36,77,,2234262814646,
2026-08-18 23:17:50.266,pulse_batch,x,,,,,-4,,1929,673,718,32,77,,2234283414131,
2026-08-18 23:17:50.289,pulse_batch,x,,,,,-4,,1933,669,718,28,77,,2234306975161,
2026-08-18 23:17:50.292,continuous_stop,x,,,,,,-1,1933,669,718,28,77,,2234309642577,
2026-08-18 23:17:50.757,continuous_start,x,,,,,,-1,1933,669,718,28,77,,2234774708050,
2026-08-18 23:17:50.760,pulse_batch,x,,,,,-1,,1934,668,718,27,77,,2234777501615,
2026-08-18 23:17:50.780,pulse_batch,x,,,,,-4,,1938,664,718,23,77,,2234798159581,
2026-08-18 23:17:50.801,pulse_batch,x,,,,,-4,,1942,660,718,19,77,,2234818692269,
2026-08-18 23:17:50.823,pulse_batch,x,,,,,-4,,1946,656,718,15,77,,2234840075955,
2026-08-18 23:17:50.825,continuous_stop,x,,,,,,-1,1946,656,718,15,77,,2234843164574,
2026-08-18 23:17:51.290,continuous_start,x,,,,,,-1,1946,656,718,15,77,,2235308059047,
2026-08-18 23:17:51.293,pulse_batch,x,,,,,-1,,1947,655,718,14,77,,2235310845149,
2026-08-18 23:17:51.314,pulse_batch,x,,,,,-4,,1951,651,718,10,77,,2235331910336,
2026-08-18 23:17:51.335,pulse_batch,x,,,,,-4,,1955,647,718,6,77,,2235352719190,
2026-08-18 23:17:51.357,pulse_batch,x,,,,,-3,,1958,644,718,3,77,,2235374802373,
2026-08-18 23:17:51.357,continuous_stop,x,,,,,,-1,1958,644,718,3,77,,2235375034909,
2026-08-18 23:17:51.757,continuous_start,x,,,,,,-1,1958,644,718,3,77,,2235774898033,
2026-08-18 23:17:51.760,pulse_batch,x,,,,,-1,,1959,643,718,2,77,,2235777822671,
2026-08-18 23:17:51.781,pulse_batch,x,,,,,-4,,1963,639,716,0,77,,2235798517859,
2026-08-18 23:17:51.801,pulse_batch,x,,,,,-4,,1967,635,712,0,77,,2235819058695,
2026-08-18 23:17:51.823,pulse_batch,x,,,,,-4,,1971,631,708,0,77,,2235841112990,
2026-08-18 23:17:51.826,continuous_stop,x,,,,,,-1,1971,631,708,0,77,,2235843726851,
2026-08-18 23:17:52.292,continuous_start,x,,,,,,-1,1971,631,708,0,77,,2236309503896,
2026-08-18 23:17:52.295,pulse_batch,x,,,,,-1,,1972,630,707,0,77,,2236312374090,
2026-08-18 23:17:52.316,pulse_batch,x,,,,,-4,,1976,626,703,0,77,,2236333356536,
2026-08-18 23:17:52.336,pulse_batch,x,,,,,-4,,1980,622,699,0,77,,2236353909706,
2026-08-18 23:17:52.357,pulse_batch,x,,,,,-3,,1983,619,696,0,77,,2236375171670,
2026-08-18 23:17:52.358,continuous_stop,x,,,,,,-1,1983,619,696,0,77,,2236375419113,
2026-08-18 23:17:52.759,continuous_start,x,,,,,,-1,1983,619,696,0,77,,2236776792879,
2026-08-18 23:17:52.762,pulse_batch,x,,,,,-1,,1984,618,695,0,77,,2236779641740,
2026-08-18 23:17:52.785,pulse_batch,x,,,,,-4,,1988,614,691,0,77,,2236802430680,
2026-08-18 23:17:52.805,pulse_batch,x,,,,,-4,,1992,610,687,0,77,,2236822949146,
2026-08-18 23:17:52.824,pulse_batch,x,,,,,-3,,1995,607,684,0,77,,2236842085599,
2026-08-18 23:17:52.825,continuous_stop,x,,,,,,-1,1995,607,684,0,77,,2236842605468,
2026-08-18 23:17:53.292,continuous_start,x,,,,,,-1,1995,607,684,0,77,,2237309606767,
2026-08-18 23:17:53.295,pulse_batch,x,,,,,-1,,1996,606,683,0,77,,2237312400628,
2026-08-18 23:17:53.316,pulse_batch,x,,,,,-4,,2000,602,679,0,77,,2237333428870,
2026-08-18 23:17:53.336,pulse_batch,x,,,,,-4,,2004,598,675,0,77,,2237354016133,
2026-08-18 23:17:53.358,pulse_batch,x,,,,,-4,,2008,594,671,0,77,,2237375732077,
2026-08-18 23:17:53.361,continuous_stop,x,,,,,,-1,2008,594,671,0,77,,2237378361994,
2026-08-18 23:17:53.760,continuous_start,x,,,,,,-1,2008,594,671,0,77,,2237777249491,
2026-08-18 23:17:53.762,pulse_batch,x,,,,,-1,,2009,593,670,0,77,,2237780148555,
2026-08-18 23:17:53.784,pulse_batch,x,,,,,-4,,2013,589,666,0,77,,2237802258849,
2026-08-18 23:17:53.805,pulse_batch,x,,,,,-4,,2017,585,662,0,77,,2237822796908,
2026-08-18 23:17:53.824,pulse_batch,x,,,,,-3,,2020,582,659,0,77,,2237841970360,
2026-08-18 23:17:53.825,continuous_stop,x,,,,,,-1,2020,582,659,0,77,,2237842407822,
2026-08-18 23:17:54.226,continuous_start,x,,,,,,-1,2020,582,659,0,77,,2238243767496,
2026-08-18 23:17:54.229,pulse_batch,x,,,,,-1,,2021,581,658,0,77,,2238246634634,
2026-08-18 23:17:54.250,pulse_batch,x,,,,,-4,,2025,577,654,0,77,,2238267367229,
2026-08-18 23:17:54.270,pulse_batch,x,,,,,-4,,2029,573,650,0,77,,2238287944806,
2026-08-18 23:17:54.292,pulse_batch,x,,,,,-4,,2033,569,646,0,77,,2238310022267,
2026-08-18 23:17:54.295,continuous_stop,x,,,,,,-1,2033,569,646,0,77,,2238312632240,
2026-08-18 23:17:56.091,point_saved,x,2,stored,,,,-1,,569,646,0,77,646,,
2026-08-18 23:17:56.091,point_saved,y,2,stored,,,,-1,,-363,-352,0,4,-352,,
2026-08-18 23:17:57.032,continuous_start,x,,,,,,-1,2033,569,646,0,77,,2241049762465,
2026-08-18 23:17:57.035,pulse_batch,x,,,,,-1,,2034,568,645,0,77,,2241052612529,
2026-08-18 23:17:57.057,pulse_batch,x,,,,,-4,,2038,564,641,0,77,,2241074575416,
2026-08-18 23:17:57.077,pulse_batch,x,,,,,-4,,2042,560,637,0,77,,2241095203327,
2026-08-18 23:17:57.098,pulse_batch,x,,,,,-4,,2046,556,633,0,77,,2241116054718,
2026-08-18 23:17:57.122,pulse_batch,x,,,,,-4,,2050,552,629,0,77,,2241139990858,
2026-08-18 23:17:57.143,pulse_batch,x,,,,,-4,,2054,548,625,0,77,,2241160669657,
2026-08-18 23:17:57.165,pulse_batch,x,,,,,-4,,2058,544,621,0,77,,2241183008284,
2026-08-18 23:17:57.186,pulse_batch,x,,,,,-4,,2062,540,617,0,77,,2241203692676,
2026-08-18 23:17:57.206,pulse_batch,x,,,,,-4,,2066,536,613,0,77,,2241224215698,
2026-08-18 23:17:57.227,pulse_batch,x,,,,,-4,,2070,532,609,0,77,,2241245198533,
2026-08-18 23:17:57.248,pulse_batch,x,,,,,-4,,2074,528,605,0,77,,2241265966369,
2026-08-18 23:17:57.269,pulse_batch,x,,,,,-4,,2078,524,601,0,77,,2241286532502,
2026-08-18 23:17:57.290,pulse_batch,x,,,,,-4,,2082,520,597,0,77,,2241307283060,
2026-08-18 23:17:57.312,pulse_batch,x,,,,,-4,,2086,516,593,0,77,,2241329864297,
2026-08-18 23:17:57.333,pulse_batch,x,,,,,-4,,2090,512,589,0,77,,2241350529337,
2026-08-18 23:17:57.354,pulse_batch,x,,,,,-4,,2094,508,585,0,77,,2241372089318,
2026-08-18 23:17:57.375,pulse_batch,x,,,,,-4,,2098,504,581,0,77,,2241393159505,
2026-08-18 23:17:57.396,pulse_batch,x,,,,,-4,,2102,500,577,0,77,,2241413771267,
2026-08-18 23:17:57.417,pulse_batch,x,,,,,-4,,2106,496,573,0,77,,2241434296882,
2026-08-18 23:17:57.437,pulse_batch,x,,,,,-4,,2110,492,569,0,77,,2241455014329,
2026-08-18 23:17:57.458,pulse_batch,x,,,,,-4,,2114,488,565,0,77,,2241475760739,
2026-08-18 23:17:57.478,pulse_batch,x,,,,,-4,,2118,484,561,0,77,,2241496289168,
2026-08-18 23:17:57.499,pulse_batch,x,,,,,-4,,2122,480,557,0,77,,2241517041412,
2026-08-18 23:17:57.520,pulse_batch,x,,,,,-4,,2126,476,553,0,77,,2241537691563,
2026-08-18 23:17:57.541,pulse_batch,x,,,,,-4,,2130,472,549,0,77,,2241558292510,
2026-08-18 23:17:57.562,pulse_batch,x,,,,,-4,,2134,468,545,0,77,,2241580171824,
2026-08-18 23:17:57.583,pulse_batch,x,,,,,-4,,2138,464,541,0,77,,2241600916012,
2026-08-18 23:17:57.604,pulse_batch,x,,,,,-4,,2142,460,537,0,77,,2241621497571,
2026-08-18 23:17:57.624,pulse_batch,x,,,,,-4,,2146,456,533,0,77,,2241642206351,
2026-08-18 23:17:57.646,pulse_batch,x,,,,,-4,,2150,452,529,0,77,,2241663800481,
2026-08-18 23:17:57.667,pulse_batch,x,,,,,-4,,2154,448,525,0,77,,2241684444039,
2026-08-18 23:17:57.691,pulse_batch,x,,,,,-4,,2158,444,521,0,77,,2241707985532,
2026-08-18 23:17:57.712,pulse_batch,x,,,,,-4,,2162,440,517,0,77,,2241729975160,
2026-08-18 23:17:57.733,pulse_batch,x,,,,,-4,,2166,436,513,0,77,,2241750620145,
2026-08-18 23:17:57.753,pulse_batch,x,,,,,-4,,2170,432,509,0,77,,2241771224740,
2026-08-18 23:17:57.774,pulse_batch,x,,,,,-3,,2173,429,506,0,77,,2241792098391,
2026-08-18 23:17:57.795,pulse_batch,x,,,,,-4,,2177,425,502,0,77,,2241812873504,
2026-08-18 23:17:57.816,pulse_batch,x,,,,,-4,,2181,421,498,0,77,,2241833383360,
2026-08-18 23:17:57.838,pulse_batch,x,,,,,-4,,2185,417,494,0,77,,2241855936245,
2026-08-18 23:17:57.859,pulse_batch,x,,,,,-4,,2189,413,490,0,77,,2241876548933,
2026-08-18 23:17:57.879,pulse_batch,x,,,,,-4,,2193,409,486,0,77,,2241897060863,
2026-08-18 23:17:57.902,pulse_batch,x,,,,,-4,,2197,405,482,0,77,,2241919887988,
2026-08-18 23:17:57.923,pulse_batch,x,,,,,-4,,2201,401,478,0,77,,2241940557435,
2026-08-18 23:17:57.943,pulse_batch,x,,,,,-4,,2205,397,474,0,77,,2241961178383,
2026-08-18 23:17:57.965,pulse_batch,x,,,,,-4,,2209,393,470,0,77,,2241983162400,
2026-08-18 23:17:57.986,pulse_batch,x,,,,,-4,,2213,389,466,0,77,,2242003852402,
2026-08-18 23:17:58.007,pulse_batch,x,,,,,-4,,2217,385,462,0,77,,2242024453776,
2026-08-18 23:17:58.027,pulse_batch,x,,,,,-4,,2221,381,458,0,77,,2242045218260,
2026-08-18 23:17:58.049,pulse_batch,x,,,,,-4,,2225,377,454,0,77,,2242066297206,
2026-08-18 23:17:58.069,pulse_batch,x,,,,,-4,,2229,373,450,0,77,,2242086865635,
2026-08-18 23:17:58.094,pulse_batch,x,,,,,-4,,2233,369,446,0,77,,2242111788123,
2026-08-18 23:17:58.115,pulse_batch,x,,,,,-4,,2237,365,442,0,77,,2242132476478,
2026-08-18 23:17:58.135,pulse_batch,x,,,,,-4,,2241,361,438,0,77,,2242153074741,
2026-08-18 23:17:58.156,pulse_batch,x,,,,,-4,,2245,357,434,0,77,,2242173661688,
2026-08-18 23:17:58.177,pulse_batch,x,,,,,-4,,2249,353,430,0,77,,2242194494450,
2026-08-18 23:17:58.197,pulse_batch,x,,,,,-4,,2253,349,426,0,77,,2242215100342,
2026-08-18 23:17:58.218,pulse_batch,x,,,,,-4,,2257,345,422,0,77,,2242235644308,
2026-08-18 23:17:58.241,pulse_batch,x,,,,,-4,,2261,341,418,0,77,,2242258100046,
2026-08-18 23:17:58.261,pulse_batch,x,,,,,-4,,2265,337,414,0,77,,2242278722530,
2026-08-18 23:17:58.281,pulse_batch,x,,,,,-4,,2269,333,410,0,77,,2242299242626,
2026-08-18 23:17:58.302,pulse_batch,x,,,,,-4,,2273,329,406,0,77,,2242320039832,
2026-08-18 23:17:58.323,pulse_batch,x,,,,,-4,,2277,325,402,0,77,,2242340664984,
2026-08-18 23:17:58.344,pulse_batch,x,,,,,-4,,2281,321,398,0,77,,2242361287135,
2026-08-18 23:17:58.366,pulse_batch,x,,,,,-4,,2285,317,394,0,77,,2242383725947,
2026-08-18 23:17:58.387,pulse_batch,x,,,,,-4,,2289,313,390,0,77,,2242404413635,
2026-08-18 23:17:58.407,pulse_batch,x,,,,,-4,,2293,309,386,0,77,,2242424973638,
2026-08-18 23:17:58.428,pulse_batch,x,,,,,-4,,2297,305,382,0,77,,2242445783714,
2026-08-18 23:17:58.449,pulse_batch,x,,,,,-4,,2301,301,378,0,77,,2242466583643,
2026-08-18 23:17:58.469,pulse_batch,x,,,,,-4,,2305,297,374,0,77,,2242487157461,
2026-08-18 23:17:58.490,pulse_batch,x,,,,,-4,,2309,293,370,0,77,,2242507755927,
2026-08-18 23:17:58.513,pulse_batch,x,,,,,-4,,2313,289,366,0,77,,2242530479812,
2026-08-18 23:17:58.533,pulse_batch,x,,,,,-4,,2317,285,362,0,77,,2242551081426,
2026-08-18 23:17:58.554,pulse_batch,x,,,,,-4,,2321,281,358,0,77,,2242571725651,
2026-08-18 23:17:58.576,pulse_batch,x,,,,,-4,,2325,277,354,0,77,,2242594205148,
2026-08-18 23:17:58.597,pulse_batch,x,,,,,-4,,2329,273,350,0,77,,2242614798077,
2026-08-18 23:17:58.618,pulse_batch,x,,,,,-4,,2333,269,346,0,77,,2242635339395,
2026-08-18 23:17:58.639,pulse_batch,x,,,,,-4,,2337,265,342,0,77,,2242656262842,
2026-08-18 23:17:58.659,pulse_batch,x,,,,,-4,,2341,261,338,0,77,,2242677085270,
2026-08-18 23:17:58.680,pulse_batch,x,,,,,-4,,2345,257,334,0,77,,2242697609366,
2026-08-18 23:17:58.702,pulse_batch,x,,,,,-4,,2349,253,330,0,77,,2242720134714,
2026-08-18 23:17:58.724,pulse_batch,x,,,,,-4,,2353,249,326,0,77,,2242742263083,
2026-08-18 23:17:58.745,pulse_batch,x,,,,,-4,,2357,245,322,0,77,,2242762813882,
2026-08-18 23:17:58.763,pulse_batch,x,,,,,-3,,2360,242,319,0,77,,2242781181949,
2026-08-18 23:17:58.764,continuous_stop,x,,,,,,-1,2360,242,319,0,77,,2242781597355,
2026-08-18 23:17:59.297,continuous_start,x,,,,,,-1,2360,242,319,0,77,,2243315098500,
2026-08-18 23:17:59.300,pulse_batch,x,,,,,-1,,2361,241,318,0,77,,2243317998934,
2026-08-18 23:17:59.321,pulse_batch,x,,,,,-4,,2365,237,314,0,77,,2243338731085,
2026-08-18 23:17:59.342,pulse_batch,x,,,,,-4,,2369,233,310,0,77,,2243359321218,
2026-08-18 23:17:59.365,pulse_batch,x,,,,,-4,,2373,229,306,0,77,,2243382376360,
2026-08-18 23:17:59.367,continuous_stop,x,,,,,,-1,2373,229,306,0,77,,2243385014851,
2026-08-18 23:18:00.300,continuous_start,y,,,,,,-1,697,-363,-352,0,4,,2244317543086,
2026-08-18 23:18:00.303,pulse_batch,y,,,,,-1,,698,-364,-353,0,4,,2244320382391,
2026-08-18 23:18:00.324,pulse_batch,y,,,,,-4,,702,-368,-357,0,4,,2244341296578,
2026-08-18 23:18:00.344,pulse_batch,y,,,,,-4,,706,-372,-361,0,4,,2244361861322,
2026-08-18 23:18:00.365,pulse_batch,y,,,,,-4,,710,-376,-365,0,4,,2244383163008,
2026-08-18 23:18:00.388,pulse_batch,y,,,,,-4,,714,-380,-369,0,4,,2244405350450,
2026-08-18 23:18:00.408,pulse_batch,y,,,,,-4,,718,-384,-373,0,4,,2244425920157,
2026-08-18 23:18:00.429,pulse_batch,y,,,,,-4,,722,-388,-377,0,4,,2244446980918,
2026-08-18 23:18:00.450,pulse_batch,y,,,,,-4,,726,-392,-381,0,4,,2244467884735,
2026-08-18 23:18:00.471,pulse_batch,y,,,,,-4,,730,-396,-385,0,4,,2244488498923,
2026-08-18 23:18:00.491,pulse_batch,y,,,,,-4,,734,-400,-389,0,4,,2244509095445,
2026-08-18 23:18:00.512,pulse_batch,y,,,,,-4,,738,-404,-393,0,4,,2244529933540,
2026-08-18 23:18:00.533,pulse_batch,y,,,,,-4,,742,-408,-397,0,4,,2244550628950,
2026-08-18 23:18:00.553,pulse_batch,y,,,,,-4,,746,-412,-401,0,4,,2244571164712,
2026-08-18 23:18:00.568,pulse_batch,y,,,,,-2,,748,-414,-403,0,4,,2244585340071,
2026-08-18 23:18:00.568,continuous_stop,y,,,,,,-1,748,-414,-403,0,4,,2244585527404,
2026-08-18 23:18:01.166,continuous_start,y,,,,,,-1,748,-414,-403,0,4,,2245183524660,
2026-08-18 23:18:01.169,pulse_batch,y,,,,,-1,,749,-415,-404,0,4,,2245186320095,
2026-08-18 23:18:01.189,pulse_batch,y,,,,,-4,,753,-419,-408,0,4,,2245207018838,
2026-08-18 23:18:01.210,pulse_batch,y,,,,,-4,,757,-423,-412,0,4,,2245227558860,
2026-08-18 23:18:01.232,pulse_batch,y,,,,,-4,,761,-427,-416,0,4,,2245250002024,
2026-08-18 23:18:01.235,continuous_stop,y,,,,,,-1,761,-427,-416,0,4,,2245252575219,
2026-08-18 23:18:03.231,point_saved,x,3,stored,,,,-1,,229,306,0,77,306,,
2026-08-18 23:18:03.232,point_saved,y,3,stored,,,,-1,,-427,-416,0,4,-416,,
2026-08-18 23:18:04.238,continuous_start,x,,,,,,-1,2373,229,306,0,77,,2248255593955,
2026-08-18 23:18:04.241,pulse_batch,x,,,,,-1,,2374,228,305,0,77,,2248258627667,
2026-08-18 23:18:04.262,pulse_batch,x,,,,,-4,,2378,224,301,0,77,,2248279372706,
2026-08-18 23:18:04.282,pulse_batch,x,,,,,-4,,2382,220,297,0,77,,2248299979191,
2026-08-18 23:18:04.305,pulse_batch,x,,,,,-4,,2386,216,293,0,77,,2248322745946,
2026-08-18 23:18:04.326,pulse_batch,x,,,,,-4,,2390,212,289,0,77,,2248343513430,
2026-08-18 23:18:04.346,pulse_batch,x,,,,,-4,,2394,208,285,0,77,,2248364211322,
2026-08-18 23:18:04.369,pulse_batch,x,,,,,-4,,2398,204,281,0,77,,2248386668356,
2026-08-18 23:18:04.390,pulse_batch,x,,,,,-4,,2402,200,277,0,77,,2248407414266,
2026-08-18 23:18:04.410,pulse_batch,x,,,,,-4,,2406,196,273,0,77,,2248428037361,
2026-08-18 23:18:04.431,pulse_batch,x,,,,,-4,,2410,192,269,0,77,,2248448778142,
2026-08-18 23:18:04.457,pulse_batch,x,,,,,-4,,2414,188,265,0,77,,2248474752515,
2026-08-18 23:18:04.478,pulse_batch,x,,,,,-4,,2418,184,261,0,77,,2248495368500,
2026-08-18 23:18:04.498,pulse_batch,x,,,,,-4,,2422,180,257,0,77,,2248516170780,
2026-08-18 23:18:04.522,pulse_batch,x,,,,,-4,,2426,176,253,0,77,,2248540166605,
2026-08-18 23:18:04.543,pulse_batch,x,,,,,-4,,2430,172,249,0,77,,2248560816515,
2026-08-18 23:18:04.565,pulse_batch,x,,,,,-4,,2434,168,245,0,77,,2248582759940,
2026-08-18 23:18:04.587,pulse_batch,x,,,,,-4,,2438,164,241,0,77,,2248604911586,
2026-08-18 23:18:04.608,pulse_batch,x,,,,,-4,,2442,160,237,0,77,,2248625623015,
2026-08-18 23:18:04.628,pulse_batch,x,,,,,-4,,2446,156,233,0,77,,2248646242221,
2026-08-18 23:18:04.652,pulse_batch,x,,,,,-4,,2450,152,229,0,77,,2248669761937,
2026-08-18 23:18:04.673,pulse_batch,x,,,,,-4,,2454,148,225,0,77,,2248690441791,
2026-08-18 23:18:04.693,pulse_batch,x,,,,,-4,,2458,144,221,0,77,,2248711170072,
2026-08-18 23:18:04.716,pulse_batch,x,,,,,-4,,2462,140,217,0,77,,2248734125845,
2026-08-18 23:18:04.738,pulse_batch,x,,,,,-4,,2466,136,213,0,77,,2248755607752,
2026-08-18 23:18:04.759,pulse_batch,x,,,,,-4,,2470,132,209,0,77,,2248776242292,
2026-08-18 23:18:04.779,pulse_batch,x,,,,,-4,,2474,128,205,0,77,,2248796996128,
2026-08-18 23:18:04.800,pulse_batch,x,,,,,-4,,2478,124,201,0,77,,2248817759038,
2026-08-18 23:18:04.821,pulse_batch,x,,,,,-4,,2482,120,197,0,77,,2248838334467,
2026-08-18 23:18:04.843,pulse_batch,x,,,,,-4,,2486,116,193,0,77,,2248861061723,
2026-08-18 23:18:04.866,pulse_batch,x,,,,,-4,,2490,112,189,0,77,,2248883503090,
2026-08-18 23:18:04.886,pulse_batch,x,,,,,-4,,2494,108,185,0,77,,2248904028241,
2026-08-18 23:18:04.909,pulse_batch,x,,,,,-4,,2498,104,181,0,77,,2248926603219,
2026-08-18 23:18:04.930,pulse_batch,x,,,,,-4,,2502,100,177,0,77,,2248947310574,
2026-08-18 23:18:04.950,pulse_batch,x,,,,,-4,,2506,96,173,0,77,,2248967965318,
2026-08-18 23:18:04.972,pulse_batch,x,,,,,-4,,2510,92,169,0,77,,2248989414799,
2026-08-18 23:18:04.992,pulse_batch,x,,,,,-4,,2514,88,165,0,77,,2249010136321,
2026-08-18 23:18:05.013,pulse_batch,x,,,,,-4,,2518,84,161,0,77,,2249030737268,
2026-08-18 23:18:05.035,pulse_batch,x,,,,,-4,,2522,80,157,0,77,,2249053216320,
2026-08-18 23:18:05.056,pulse_batch,x,,,,,-4,,2526,76,153,0,77,,2249074124637,
2026-08-18 23:18:05.077,pulse_batch,x,,,,,-4,,2530,72,149,0,77,,2249094772862,
2026-08-18 23:18:05.098,pulse_batch,x,,,,,-4,,2534,68,145,0,77,,2249115419773,
2026-08-18 23:18:05.120,pulse_batch,x,,,,,-4,,2538,64,141,0,77,,2249137297864,
2026-08-18 23:18:05.140,pulse_batch,x,,,,,-4,,2542,60,137,0,77,,2249157986515,
2026-08-18 23:18:05.161,pulse_batch,x,,,,,-4,,2546,56,133,0,77,,2249178686703,
2026-08-18 23:18:05.183,pulse_batch,x,,,,,-4,,2550,52,129,0,77,,2249200076167,
2026-08-18 23:18:05.203,pulse_batch,x,,,,,-4,,2554,48,125,0,77,,2249220768799,
2026-08-18 23:18:05.224,pulse_batch,x,,,,,-4,,2558,44,121,0,77,,2249241488746,
2026-08-18 23:18:05.246,pulse_batch,x,,,,,-4,,2562,40,117,0,77,,2249264061854,
2026-08-18 23:18:05.267,pulse_batch,x,,,,,-4,,2566,36,113,0,77,,2249284874653,
2026-08-18 23:18:05.288,pulse_batch,x,,,,,-4,,2570,32,109,0,77,,2249305450415,
2026-08-18 23:18:05.309,pulse_batch,x,,,,,-4,,2574,28,105,0,77,,2249326868638,
2026-08-18 23:18:05.330,pulse_batch,x,,,,,-4,,2578,24,101,0,77,,2249347571400,
2026-08-18 23:18:05.350,pulse_batch,x,,,,,-4,,2582,20,97,0,77,,2249368214958,
2026-08-18 23:18:05.373,pulse_batch,x,,,,,-4,,2586,16,93,0,77,,2249390237475,
2026-08-18 23:18:05.393,pulse_batch,x,,,,,-4,,2590,12,89,0,77,,2249410977033,
2026-08-18 23:18:05.414,pulse_batch,x,,,,,-4,,2594,8,85,0,77,,2249431616777,
2026-08-18 23:18:05.436,pulse_batch,x,,,,,-4,,2598,4,81,0,77,,2249453724627,
2026-08-18 23:18:05.457,pulse_batch,x,,,,,-4,,2602,0,77,0,77,,2249474434074,
2026-08-18 23:18:05.477,pulse_batch,x,,,,,-4,,2606,-4,73,0,77,,2249495099781,
2026-08-18 23:18:05.498,pulse_batch,x,,,,,-4,,2610,-8,69,0,77,,2249515726099,
2026-08-18 23:18:05.519,pulse_batch,x,,,,,-4,,2614,-12,65,0,77,,2249536534768,
2026-08-18 23:18:05.539,pulse_batch,x,,,,,-4,,2618,-16,61,0,77,,2249557183956,
2026-08-18 23:18:05.560,pulse_batch,x,,,,,-4,,2622,-20,57,0,77,,2249577818607,
2026-08-18 23:18:05.581,pulse_batch,x,,,,,-4,,2626,-24,53,0,77,,2249598624702,
2026-08-18 23:18:05.602,pulse_batch,x,,,,,-4,,2630,-28,49,0,77,,2249619513852,
2026-08-18 23:18:05.622,pulse_batch,x,,,,,-4,,2634,-32,45,0,77,,2249640069337,
2026-08-18 23:18:05.644,pulse_batch,x,,,,,-4,,2638,-36,41,0,77,,2249661652726,
2026-08-18 23:18:05.665,pulse_batch,x,,,,,-4,,2642,-40,37,0,77,,2249682395877,
2026-08-18 23:18:05.685,pulse_batch,x,,,,,-4,,2646,-44,33,0,77,,2249703034232,
2026-08-18 23:18:05.707,pulse_batch,x,,,,,-4,,2650,-48,29,0,77,,2249724339381,
2026-08-18 23:18:05.731,pulse_batch,x,,,,,-4,,2654,-52,25,0,77,,2249749244480,
2026-08-18 23:18:05.752,pulse_batch,x,,,,,-4,,2658,-56,21,0,77,,2249769844057,
2026-08-18 23:18:05.776,pulse_batch,x,,,,,-4,,2662,-60,17,0,77,,2249793204847,
2026-08-18 23:18:05.796,pulse_batch,x,,,,,-4,,2666,-64,13,0,77,,2249813986720,
2026-08-18 23:18:05.817,pulse_batch,x,,,,,-4,,2670,-68,9,0,77,,2249834575186,
2026-08-18 23:18:05.839,pulse_batch,x,,,,,-4,,2674,-72,5,0,77,,2249856782832,
2026-08-18 23:18:05.860,pulse_batch,x,,,,,-4,,2678,-76,1,0,77,,2249878206795,
2026-08-18 23:18:05.881,pulse_batch,x,,,,,-4,,2682,-80,-3,0,77,,2249898883557,
2026-08-18 23:18:05.905,pulse_batch,x,,,,,-4,,2686,-84,-7,0,77,,2249919867393,
2026-08-18 23:18:05.924,pulse_batch,x,,,,,-4,,2690,-88,-11,0,77,,2249941727299,
2026-08-18 23:18:05.945,pulse_batch,x,,,,,-4,,2694,-92,-15,0,77,,2249962381413,
2026-08-18 23:18:05.966,pulse_batch,x,,,,,-4,,2698,-96,-19,0,77,,2249983809043,
2026-08-18 23:18:05.993,pulse_batch,x,,,,,-4,,2702,-100,-23,0,77,,2250010785728,
2026-08-18 23:18:06.014,pulse_batch,x,,,,,-4,,2706,-104,-27,0,77,,2250031385046,
2026-08-18 23:18:06.034,pulse_batch,x,,,,,-4,,2710,-108,-31,0,77,,2250051990993,
2026-08-18 23:18:06.055,pulse_batch,x,,,,,-4,,2714,-112,-35,0,77,,2250072829811,
2026-08-18 23:18:06.076,pulse_batch,x,,,,,-4,,2718,-116,-39,0,77,,2250093523480,
2026-08-18 23:18:06.096,pulse_batch,x,,,,,-4,,2722,-120,-43,0,77,,2250114157242,
2026-08-18 23:18:06.118,pulse_batch,x,,,,,-4,,2726,-124,-47,0,77,,2250135672039,
2026-08-18 23:18:06.139,pulse_batch,x,,,,,-4,,2730,-128,-51,0,77,,2250156754707,
2026-08-18 23:18:06.160,pulse_batch,x,,,,,-4,,2734,-132,-55,0,77,,2250177845264,
2026-08-18 23:18:06.181,pulse_batch,x,,,,,-4,,2738,-136,-59,0,77,,2250199005339,
2026-08-18 23:18:06.202,pulse_batch,x,,,,,-4,,2742,-140,-63,0,77,,2250219740638,
2026-08-18 23:18:06.223,pulse_batch,x,,,,,-4,,2746,-144,-67,0,77,,2250240287012,
2026-08-18 23:18:06.244,pulse_batch,x,,,,,-4,,2750,-148,-71,0,77,,2250262117363,
2026-08-18 23:18:06.265,pulse_batch,x,,,,,-4,,2754,-152,-75,0,77,,2250282841217,
2026-08-18 23:18:06.286,pulse_batch,x,,,,,-4,,2758,-156,-79,0,77,,2250303506442,
2026-08-18 23:18:06.308,pulse_batch,x,,,,,-4,,2762,-160,-83,0,77,,2250325360293,
2026-08-18 23:18:06.328,pulse_batch,x,,,,,-4,,2766,-164,-87,0,77,,2250346062666,
2026-08-18 23:18:06.349,pulse_batch,x,,,,,-4,,2770,-168,-91,0,77,,2250366729410,
2026-08-18 23:18:06.372,pulse_batch,x,,,,,-4,,2774,-172,-95,0,77,,2250389250703,
2026-08-18 23:18:06.392,pulse_batch,x,,,,,-4,,2778,-176,-99,0,77,,2250410017724,
2026-08-18 23:18:06.413,pulse_batch,x,,,,,-4,,2782,-180,-103,0,77,,2250430586931,
2026-08-18 23:18:06.435,pulse_batch,x,,,,,-4,,2786,-184,-107,0,77,,2250452629448,
2026-08-18 23:18:06.456,pulse_batch,x,,,,,-4,,2790,-188,-111,0,77,,2250473438376,
2026-08-18 23:18:06.476,pulse_batch,x,,,,,-4,,2794,-192,-115,0,77,,2250494081749,
2026-08-18 23:18:06.497,pulse_batch,x,,,,,-4,,2798,-196,-119,0,77,,2250514686364,
2026-08-18 23:18:06.507,pulse_batch,x,,,,,-1,,2799,-197,-120,0,77,,2250524402589,
2026-08-18 23:18:06.507,continuous_stop,x,,,,,,-1,2799,-197,-120,0,77,,2250524656348,
2026-08-18 23:18:06.905,continuous_start,x,,,,,,-1,2799,-197,-120,0,77,,2250922408682,
2026-08-18 23:18:06.907,pulse_batch,x,,,,,-1,,2800,-198,-121,0,77,,2250925233654,
2026-08-18 23:18:06.929,pulse_batch,x,,,,,-4,,2804,-202,-125,0,77,,2250946273304,
2026-08-18 23:18:06.949,pulse_batch,x,,,,,-4,,2808,-206,-129,0,77,,2250966856215,
2026-08-18 23:18:06.970,pulse_batch,x,,,,,-3,,2811,-209,-132,0,77,,2250988116993,
2026-08-18 23:18:06.971,continuous_stop,x,,,,,,-1,2811,-209,-132,0,77,,2250988521899,
2026-08-18 23:18:07.439,continuous_start,x,,,,,,-1,2811,-209,-132,0,77,,2251456814009,
2026-08-18 23:18:07.442,pulse_batch,x,,,,,-1,,2812,-210,-133,0,77,,2251459659074,
2026-08-18 23:18:07.464,pulse_batch,x,,,,,-4,,2816,-214,-137,0,77,,2251482197237,
2026-08-18 23:18:07.485,pulse_batch,x,,,,,-4,,2820,-218,-141,0,77,,2251502740444,
2026-08-18 23:18:07.506,pulse_batch,x,,,,,-4,,2824,-222,-145,0,77,,2251523931501,
2026-08-18 23:18:07.528,pulse_batch,x,,,,,-4,,2828,-226,-149,0,77,,2251545346834,
2026-08-18 23:18:07.548,pulse_batch,x,,,,,-4,,2832,-230,-153,0,77,,2251565908893,
2026-08-18 23:18:07.569,pulse_batch,x,,,,,-4,,2836,-234,-157,0,77,,2251586914580,
2026-08-18 23:18:07.572,continuous_stop,x,,,,,,-1,2836,-234,-157,0,77,,2251589602441,
2026-08-18 23:18:08.774,continuous_start,x,,,,,,1,2836,-234,-157,0,77,,2252792056747,
2026-08-18 23:18:08.777,pulse_batch,x,,,,,1,,2837,-233,-157,1,77,,2252794903866,
2026-08-18 23:18:08.799,pulse_batch,x,,,,,4,,2841,-229,-157,5,77,,2252816589977,
2026-08-18 23:18:08.819,pulse_batch,x,,,,,4,,2845,-225,-157,9,77,,2252837185406,
2026-08-18 23:18:08.840,pulse_batch,x,,,,,4,,2849,-221,-157,13,77,,2252857894779,
2026-08-18 23:18:08.861,pulse_batch,x,,,,,4,,2853,-217,-157,17,77,,2252878584004,
2026-08-18 23:18:08.881,pulse_batch,x,,,,,4,,2857,-213,-157,21,77,,2252899150341,
2026-08-18 23:18:08.902,pulse_batch,x,,,,,4,,2861,-209,-157,25,77,,2252919750251,
2026-08-18 23:18:08.923,pulse_batch,x,,,,,4,,2865,-205,-157,29,77,,2252940558698,
2026-08-18 23:18:08.943,pulse_batch,x,,,,,4,,2869,-201,-157,33,77,,2252961145757,
2026-08-18 23:18:08.964,pulse_batch,x,,,,,4,,2873,-197,-157,37,77,,2252981688890,
2026-08-18 23:18:08.986,pulse_batch,x,,,,,4,,2877,-193,-157,41,77,,2253004173905,
2026-08-18 23:18:09.007,pulse_batch,x,,,,,4,,2881,-189,-157,45,77,,2253024751890,
2026-08-18 23:18:09.028,pulse_batch,x,,,,,4,,2885,-185,-157,49,77,,2253046082743,
2026-08-18 23:18:09.042,pulse_batch,x,,,,,2,,2887,-183,-157,51,77,,2253059916121,
2026-08-18 23:18:09.042,continuous_stop,x,,,,,,1,2887,-183,-157,51,77,,2253060244657,
2026-08-18 23:18:09.440,continuous_start,x,,,,,,1,2887,-183,-157,51,77,,2253457835881,
2026-08-18 23:18:09.443,pulse_batch,x,,,,,1,,2888,-182,-157,52,77,,2253460695649,
2026-08-18 23:18:09.464,pulse_batch,x,,,,,4,,2892,-178,-157,56,77,,2253481349281,
2026-08-18 23:18:09.484,pulse_batch,x,,,,,4,,2896,-174,-157,60,77,,2253501875007,
2026-08-18 23:18:09.505,pulse_batch,x,,,,,4,,2900,-170,-157,64,77,,2253522721398,
2026-08-18 23:18:09.526,pulse_batch,x,,,,,4,,2904,-166,-157,68,77,,2253543643937,
2026-08-18 23:18:09.547,pulse_batch,x,,,,,4,,2908,-162,-157,72,77,,2253564346773,
2026-08-18 23:18:09.567,pulse_batch,x,,,,,4,,2912,-158,-157,76,77,,2253585251535,
2026-08-18 23:18:09.592,pulse_batch,x,,,,,4,,2916,-154,-154,77,77,,2253609829524,
2026-08-18 23:18:09.613,pulse_batch,x,,,,,4,,2920,-150,-150,77,77,,2253630477898,
2026-08-18 23:18:09.634,pulse_batch,x,,,,,4,,2924,-146,-146,77,77,,2253651504733,
2026-08-18 23:18:09.655,pulse_batch,x,,,,,4,,2928,-142,-142,77,77,,2253672484512,
2026-08-18 23:18:09.675,pulse_batch,x,,,,,4,,2932,-138,-138,77,77,,2253693110849,
2026-08-18 23:18:09.696,pulse_batch,x,,,,,4,,2936,-134,-134,77,77,,2253713678796,
2026-08-18 23:18:09.710,pulse_batch,x,,,,,2,,2938,-132,-132,77,77,,2253727271694,
2026-08-18 23:18:09.710,continuous_stop,x,,,,,,1,2938,-132,-132,77,77,,2253727534193,
2026-08-18 23:18:10.175,continuous_start,x,,,,,,1,2938,-132,-132,77,77,,2254192836018,
2026-08-18 23:18:10.178,pulse_batch,x,,,,,1,,2939,-131,-131,77,77,,2254195683637,
2026-08-18 23:18:10.199,pulse_batch,x,,,,,4,,2943,-127,-127,77,77,,2254216343548,
2026-08-18 23:18:10.219,pulse_batch,x,,,,,4,,2947,-123,-123,77,77,,2254236876496,
2026-08-18 23:18:10.240,pulse_batch,x,,,,,3,,2950,-120,-120,77,77,,2254257929923,
2026-08-18 23:18:10.241,continuous_stop,x,,,,,,1,2950,-120,-120,77,77,,2254258391625,
2026-08-18 23:18:10.643,continuous_start,x,,,,,,1,2950,-120,-120,77,77,,2254660440519,
2026-08-18 23:18:10.645,pulse_batch,x,,,,,1,,2951,-119,-119,77,77,,2254663285824,
2026-08-18 23:18:10.668,pulse_batch,x,,,,,4,,2955,-115,-115,77,77,,2254685946505,
2026-08-18 23:18:10.689,pulse_batch,x,,,,,4,,2959,-111,-111,77,77,,2254706473583,
2026-08-18 23:18:10.711,pulse_batch,x,,,,,4,,2963,-107,-107,77,77,,2254729063227,
2026-08-18 23:18:10.732,pulse_batch,x,,,,,4,,2967,-103,-103,77,77,,2254749739156,
2026-08-18 23:18:10.753,pulse_batch,x,,,,,4,,2971,-99,-99,77,77,,2254770361752,
2026-08-18 23:18:10.775,pulse_batch,x,,,,,4,,2975,-95,-95,77,77,,2254792215751,
2026-08-18 23:18:10.777,continuous_stop,x,,,,,,1,2975,-95,-95,77,77,,2254794839927,
2026-08-18 23:18:11.176,continuous_start,x,,,,,,1,2975,-95,-95,77,77,,2255193737813,
2026-08-18 23:18:11.179,pulse_batch,x,,,,,1,,2976,-94,-94,77,77,,2255196587859,
2026-08-18 23:18:11.201,pulse_batch,x,,,,,4,,2980,-90,-90,77,77,,2255218575746,
2026-08-18 23:18:11.221,pulse_batch,x,,,,,4,,2984,-86,-86,77,77,,2255239113361,
2026-08-18 23:18:11.242,pulse_batch,x,,,,,3,,2987,-83,-83,77,77,,2255259336809,
2026-08-18 23:18:11.242,continuous_stop,x,,,,,,1,2987,-83,-83,77,77,,2255259622012,
2026-08-18 23:18:11.710,continuous_start,x,,,,,,1,2987,-83,-83,77,77,,2255727546124,
2026-08-18 23:18:11.713,pulse_batch,x,,,,,1,,2988,-82,-82,77,77,,2255730401521,
2026-08-18 23:18:11.733,pulse_batch,x,,,,,4,,2992,-78,-78,77,77,,2255751061506,
2026-08-18 23:18:11.754,pulse_batch,x,,,,,4,,2996,-74,-74,77,77,,2255771603324,
2026-08-18 23:18:11.776,pulse_batch,x,,,,,4,,3000,-70,-70,77,77,,2255793370249,
2026-08-18 23:18:11.778,continuous_stop,x,,,,,,1,3000,-70,-70,77,77,,2255795976999,
2026-08-18 23:18:12.178,continuous_start,x,,,,,,1,3000,-70,-70,77,77,,2256195564180,
2026-08-18 23:18:12.181,pulse_batch,x,,,,,1,,3001,-69,-69,77,77,,2256198354448,
2026-08-18 23:18:12.201,pulse_batch,x,,,,,4,,3005,-65,-65,77,77,,2256219002099,
2026-08-18 23:18:12.222,pulse_batch,x,,,,,4,,3009,-61,-61,77,77,,2256239551639,
2026-08-18 23:18:12.247,pulse_batch,x,,,,,4,,3013,-57,-57,77,77,,2256264343165,
2026-08-18 23:18:12.267,pulse_batch,x,,,,,4,,3017,-53,-53,77,77,,2256285087316,
2026-08-18 23:18:12.288,pulse_batch,x,,,,,4,,3021,-49,-49,77,77,,2256305622708,
2026-08-18 23:18:12.309,pulse_batch,x,,,,,4,,3025,-45,-45,77,77,,2256327208412,
2026-08-18 23:18:12.312,continuous_stop,x,,,,,,1,3025,-45,-45,77,77,,2256329830588,
2026-08-18 23:18:13.444,continuous_start,x,,,,,,-1,3025,-45,-45,77,77,,2257462037228,
2026-08-18 23:18:13.447,pulse_batch,x,,,,,-1,,3026,-46,-45,76,77,,2257464935162,
2026-08-18 23:18:13.468,pulse_batch,x,,,,,-4,,3030,-50,-45,72,77,,2257485580091,
2026-08-18 23:18:13.488,pulse_batch,x,,,,,-4,,3034,-54,-45,68,77,,2257506136854,
2026-08-18 23:18:13.512,pulse_batch,x,,,,,-4,,3038,-58,-45,64,77,,2257529277774,
2026-08-18 23:18:13.533,pulse_batch,x,,,,,-4,,3042,-62,-45,60,77,,2257550658904,
2026-08-18 23:18:13.553,pulse_batch,x,,,,,-4,,3046,-66,-45,56,77,,2257571267852,
2026-08-18 23:18:13.575,pulse_batch,x,,,,,-4,,3050,-70,-45,52,77,,2257593215295,
2026-08-18 23:18:13.596,pulse_batch,x,,,,,-4,,3054,-74,-45,48,77,,2257614218334,
2026-08-18 23:18:13.617,pulse_batch,x,,,,,-4,,3058,-78,-45,44,77,,2257634797429,
2026-08-18 23:18:13.638,pulse_batch,x,,,,,-4,,3062,-82,-45,40,77,,2257655381081,
2026-08-18 23:18:13.658,pulse_batch,x,,,,,-4,,3066,-86,-45,36,77,,2257676211657,
2026-08-18 23:18:13.679,pulse_batch,x,,,,,-4,,3070,-90,-45,32,77,,2257696780123,
2026-08-18 23:18:13.700,pulse_batch,x,,,,,-4,,3074,-94,-45,28,77,,2257717371256,
2026-08-18 23:18:13.722,pulse_batch,x,,,,,-4,,3078,-98,-45,24,77,,2257739767309,
2026-08-18 23:18:13.743,pulse_batch,x,,,,,-4,,3082,-102,-45,20,77,,2257760360979,
2026-08-18 23:18:13.763,pulse_batch,x,,,,,-4,,3086,-106,-45,16,77,,2257780881445,
2026-08-18 23:18:13.785,pulse_batch,x,,,,,-4,,3090,-110,-45,12,77,,2257803194628,
2026-08-18 23:18:13.806,pulse_batch,x,,,,,-4,,3094,-114,-45,8,77,,2257824057426,
2026-08-18 23:18:13.827,pulse_batch,x,,,,,-4,,3098,-118,-45,4,77,,2257844582763,
2026-08-18 23:18:13.848,pulse_batch,x,,,,,-4,,3102,-122,-45,0,77,,2257865359025,
2026-08-18 23:18:13.868,pulse_batch,x,,,,,-4,,3106,-126,-49,0,77,,2257886111509,
2026-08-18 23:18:13.889,pulse_batch,x,,,,,-4,,3110,-130,-53,0,77,,2257906679808,
2026-08-18 23:18:13.911,pulse_batch,x,,,,,-4,,3114,-134,-57,0,77,,2257929028565,
2026-08-18 23:18:13.914,continuous_stop,x,,,,,,-1,3114,-134,-57,0,77,,2257931638426,
2026-08-18 23:18:14.313,continuous_start,x,,,,,,-1,3114,-134,-57,0,77,,2258330296610,
2026-08-18 23:18:14.315,pulse_batch,x,,,,,-1,,3115,-135,-58,0,77,,2258333175396,
2026-08-18 23:18:14.337,pulse_batch,x,,,,,-4,,3119,-139,-62,0,77,,2258354479415,
2026-08-18 23:18:14.357,pulse_batch,x,,,,,-4,,3123,-143,-66,0,77,,2258375037789,
2026-08-18 23:18:14.378,pulse_batch,x,,,,,-4,,3127,-147,-70,0,77,,2258396045328,
2026-08-18 23:18:14.399,pulse_batch,x,,,,,-4,,3131,-151,-74,0,77,,2258416725201,
2026-08-18 23:18:14.420,pulse_batch,x,,,,,-4,,3135,-155,-78,0,77,,2258437354130,
2026-08-18 23:18:14.442,pulse_batch,x,,,,,-4,,3139,-159,-82,0,77,,2258459830108,
2026-08-18 23:18:14.445,continuous_stop,x,,,,,,-1,3139,-159,-82,0,77,,2258462512451,
2026-08-18 23:18:14.846,continuous_start,x,,,,,,-1,3139,-159,-82,0,77,,2258863414978,
2026-08-18 23:18:14.848,pulse_batch,x,,,,,-1,,3140,-160,-83,0,77,,2258866226858,
2026-08-18 23:18:14.869,pulse_batch,x,,,,,-4,,3144,-164,-87,0,77,,2258886908694,
2026-08-18 23:18:14.890,pulse_batch,x,,,,,-4,,3148,-168,-91,0,77,,2258907427957,
2026-08-18 23:18:14.912,pulse_batch,x,,,,,-4,,3152,-172,-95,0,77,,2258930045119,
2026-08-18 23:18:14.915,continuous_stop,x,,,,,,-1,3152,-172,-95,0,77,,2258932646685,
2026-08-18 23:18:15.313,continuous_start,x,,,,,,-1,3152,-172,-95,0,77,,2259330542630,
2026-08-18 23:18:15.315,pulse_batch,x,,,,,-1,,3153,-173,-96,0,77,,2259333270065,
2026-08-18 23:18:15.336,pulse_batch,x,,,,,-4,,3157,-177,-100,0,77,,2259354038067,
2026-08-18 23:18:15.357,pulse_batch,x,,,,,-4,,3161,-181,-104,0,77,,2259374593274,
2026-08-18 23:18:15.379,pulse_batch,x,,,,,-4,,3165,-185,-108,0,77,,2259396667421,
2026-08-18 23:18:15.381,continuous_stop,x,,,,,,-1,3165,-185,-108,0,77,,2259399245801,
2026-08-18 23:18:15.780,continuous_start,x,,,,,,-1,3165,-185,-108,0,77,,2259797513226,
2026-08-18 23:18:15.783,pulse_batch,x,,,,,-1,,3166,-186,-109,0,77,,2259800308643,
2026-08-18 23:18:15.803,pulse_batch,x,,,,,-4,,3170,-190,-113,0,77,,2259820977053,
2026-08-18 23:18:15.824,pulse_batch,x,,,,,-4,,3174,-194,-117,0,77,,2259841532797,
2026-08-18 23:18:15.846,pulse_batch,x,,,,,-4,,3178,-198,-121,0,77,,2259863867183,
2026-08-18 23:18:15.849,continuous_stop,x,,,,,,-1,3178,-198,-121,0,77,,2259866476767,
2026-08-18 23:18:16.247,continuous_start,x,,,,,,-1,3178,-198,-121,0,77,,2260264562526,
2026-08-18 23:18:16.250,pulse_batch,x,,,,,-1,,3179,-199,-122,0,77,,2260267445590,
2026-08-18 23:18:16.270,pulse_batch,x,,,,,-4,,3183,-203,-126,0,77,,2260288118371,
2026-08-18 23:18:16.291,pulse_batch,x,,,,,-4,,3187,-207,-130,0,77,,2260308645356,
2026-08-18 23:18:16.313,pulse_batch,x,,,,,-4,,3191,-211,-134,0,77,,2260330741280,
2026-08-18 23:18:16.316,continuous_stop,x,,,,,,-1,3191,-211,-134,0,77,,2260333371900,
2026-08-18 23:18:18.110,point_saved,x,4,stored,,,,-1,,-211,-134,0,77,-134,,
2026-08-18 23:18:18.110,point_saved,y,4,stored,,,,-1,,-427,-416,0,4,-416,,
2026-08-18 23:18:23.855,target_start,x,0,stored,,,,,,-211,-134,0,77,0,,
2026-08-18 23:18:23.856,target_start,y,0,stored,,,,,,-427,-416,0,4,0,,
2026-08-18 23:18:23.856,approach_source_start,x,0,stored,,,,1,,-211,-134,0,77,-87,,
2026-08-18 23:18:23.856,approach_source_start,y,0,stored,,,,-1,,-427,-416,0,4,14,,
2026-08-18 23:18:23.859,move_start,y,,,1,434,,1,761,-427,-416,0,4,,2267876400088,
2026-08-18 23:18:23.859,move_start,x,,,1,124,,1,3191,-211,-134,0,77,,2267876636920,
2026-08-18 23:18:23.861,pulse_batch,y,,,,,1,,762,-426,-416,1,4,,2267879210393,
2026-08-18 23:18:23.862,pulse_batch,x,,,,,1,,3192,-210,-134,1,77,,2267879404670,
2026-08-18 23:18:23.883,pulse_batch,y,,,,,4,,766,-422,-415,4,4,,2267900412338,
2026-08-18 23:18:23.883,pulse_batch,x,,,,,4,,3196,-206,-134,5,77,,2267900792393,
2026-08-18 23:18:23.903,pulse_batch,y,,,,,4,,770,-418,-411,4,4,,2267921140378,
2026-08-18 23:18:23.904,pulse_batch,x,,,,,4,,3200,-202,-134,9,77,,2267921504895,
2026-08-18 23:18:23.925,pulse_batch,y,,,,,4,,774,-414,-407,4,4,,2267942282046,
2026-08-18 23:18:23.925,pulse_batch,x,,,,,4,,3204,-198,-134,13,77,,2267942472231,
2026-08-18 23:18:23.947,pulse_batch,x,,,,,4,,3208,-194,-134,17,77,,2267965165875,
2026-08-18 23:18:23.948,pulse_batch,y,,,,,4,,778,-410,-403,4,4,,2267965073745,
2026-08-18 23:18:23.968,pulse_batch,y,,,,,4,,782,-406,-399,4,4,,2267986036155,
2026-08-18 23:18:23.968,pulse_batch,x,,,,,4,,3212,-190,-134,21,77,,2267985959062,
2026-08-18 23:18:23.989,pulse_batch,y,,,,,4,,786,-402,-395,4,4,,2268006830583,
2026-08-18 23:18:23.989,pulse_batch,x,,,,,4,,3216,-186,-134,25,77,,2268006950138,
2026-08-18 23:18:24.012,pulse_batch,y,,,,,4,,790,-398,-391,4,4,,2268029888096,
2026-08-18 23:18:24.012,pulse_batch,x,,,,,4,,3220,-182,-134,29,77,,2268029967300,
2026-08-18 23:18:24.033,pulse_batch,y,,,,,4,,794,-394,-387,4,4,,2268050480600,
2026-08-18 23:18:24.033,pulse_batch,x,,,,,4,,3224,-178,-134,33,77,,2268050642766,
2026-08-18 23:18:24.054,pulse_batch,y,,,,,4,,798,-390,-383,4,4,,2268071291787,
2026-08-18 23:18:24.054,pulse_batch,x,,,,,4,,3228,-174,-134,37,77,,2268071908563,
2026-08-18 23:18:24.076,pulse_batch,y,,,,,4,,802,-386,-379,4,4,,2268094104468,
2026-08-18 23:18:24.077,pulse_batch,x,,,,,4,,3232,-170,-134,41,77,,2268094205634,
2026-08-18 23:18:24.097,pulse_batch,y,,,,,4,,806,-382,-375,4,4,,2268114783267,
2026-08-18 23:18:24.097,pulse_batch,x,,,,,4,,3236,-166,-134,45,77,,2268114853526,
2026-08-18 23:18:24.118,pulse_batch,y,,,,,4,,810,-378,-371,4,4,,2268135416326,
2026-08-18 23:18:24.118,pulse_batch,x,,,,,4,,3240,-162,-134,49,77,,2268135795547,
2026-08-18 23:18:24.140,pulse_batch,y,,,,,4,,814,-374,-367,4,4,,2268157561065,
2026-08-18 23:18:24.143,pulse_batch,x,,,,,4,,3244,-158,-134,53,77,,2268160469592,
2026-08-18 23:18:24.160,pulse_batch,y,,,,,4,,818,-370,-363,4,4,,2268178144883,
2026-08-18 23:18:24.163,pulse_batch,x,,,,,4,,3248,-154,-134,57,77,,2268181045724,
2026-08-18 23:18:24.181,pulse_batch,y,,,,,4,,822,-366,-359,4,4,,2268199127292,
2026-08-18 23:18:24.184,pulse_batch,x,,,,,4,,3252,-150,-134,61,77,,2268201678931,
2026-08-18 23:18:24.204,pulse_batch,y,,,,,4,,826,-362,-355,4,4,,2268221492122,
2026-08-18 23:18:24.207,pulse_batch,x,,,,,4,,3256,-146,-134,65,77,,2268224562389,
2026-08-18 23:18:24.224,pulse_batch,y,,,,,4,,830,-358,-351,4,4,,2268242072718,
2026-08-18 23:18:24.227,pulse_batch,x,,,,,4,,3260,-142,-134,69,77,,2268245134522,
2026-08-18 23:18:24.245,pulse_batch,y,,,,,4,,834,-354,-347,4,4,,2268262726703,
2026-08-18 23:18:24.248,pulse_batch,x,,,,,4,,3264,-138,-134,73,77,,2268265779729,
2026-08-18 23:18:24.269,pulse_batch,y,,,,,4,,838,-350,-343,4,4,,2268286320381,
2026-08-18 23:18:24.271,pulse_batch,x,,,,,4,,3268,-134,-134,77,77,,2268288878687,
2026-08-18 23:18:24.289,pulse_batch,y,,,,,4,,842,-346,-339,4,4,,2268307027383,
2026-08-18 23:18:24.292,pulse_batch,x,,,,,4,,3272,-130,-130,77,77,,2268309508523,
2026-08-18 23:18:24.310,pulse_batch,y,,,,,4,,846,-342,-335,4,4,,2268327679868,
2026-08-18 23:18:24.313,pulse_batch,x,,,,,4,,3276,-126,-126,77,77,,2268330320785,
2026-08-18 23:18:24.332,pulse_batch,y,,,,,4,,850,-338,-331,4,4,,2268349652181,
2026-08-18 23:18:24.335,pulse_batch,x,,,,,4,,3280,-122,-122,77,77,,2268352445412,
2026-08-18 23:18:24.353,pulse_batch,y,,,,,4,,854,-334,-327,4,4,,2268370816812,
2026-08-18 23:18:24.356,pulse_batch,x,,,,,4,,3284,-118,-118,77,77,,2268373408174,
2026-08-18 23:18:24.374,pulse_batch,y,,,,,4,,858,-330,-323,4,4,,2268391382556,
2026-08-18 23:18:24.376,pulse_batch,x,,,,,4,,3288,-114,-114,77,77,,2268393959492,
2026-08-18 23:18:24.396,pulse_batch,y,,,,,4,,862,-326,-319,4,4,,2268413496517,
2026-08-18 23:18:24.398,pulse_batch,x,,,,,4,,3292,-110,-110,77,77,,2268416026731,
2026-08-18 23:18:24.417,pulse_batch,y,,,,,4,,866,-322,-315,4,4,,2268434572222,
2026-08-18 23:18:24.419,pulse_batch,x,,,,,4,,3296,-106,-106,77,77,,2268437162769,
2026-08-18 23:18:24.437,pulse_batch,y,,,,,4,,870,-318,-311,4,4,,2268455128096,
2026-08-18 23:18:24.440,pulse_batch,x,,,,,4,,3300,-102,-102,77,77,,2268457741309,
2026-08-18 23:18:24.460,pulse_batch,y,,,,,4,,874,-314,-307,4,4,,2268477668407,
2026-08-18 23:18:24.462,pulse_batch,x,,,,,4,,3304,-98,-98,77,77,,2268480158584,
2026-08-18 23:18:24.483,pulse_batch,x,,,,,4,,3308,-94,-94,77,77,,2268500895938,
2026-08-18 23:18:24.483,pulse_batch,y,,,,,4,,878,-310,-303,4,4,,2268501139401,
2026-08-18 23:18:24.504,pulse_batch,x,,,,,4,,3312,-90,-90,77,77,,2268521444479,
2026-08-18 23:18:24.504,pulse_batch,y,,,,,4,,882,-306,-299,4,4,,2268521642034,
2026-08-18 23:18:24.522,pulse_batch,x,,,,,3,,3315,-87,-87,77,77,,2268539490824,
2026-08-18 23:18:24.524,move_finish,x,,,1,,,,3315,-87,-87,77,77,,2268541843223,
2026-08-18 23:18:24.525,pulse_batch,y,,,,,4,,886,-302,-295,4,4,,2268542738424,
2026-08-18 23:18:24.546,pulse_batch,y,,,,,4,,890,-298,-291,4,4,,2268563466779,
2026-08-18 23:18:24.566,pulse_batch,y,,,,,4,,894,-294,-287,4,4,,2268584082819,
2026-08-18 23:18:24.588,pulse_batch,y,,,,,4,,898,-290,-283,4,4,,2268605396394,
2026-08-18 23:18:24.610,pulse_batch,y,,,,,4,,902,-286,-279,4,4,,2268627182522,
2026-08-18 23:18:24.630,pulse_batch,y,,,,,4,,906,-282,-275,4,4,,2268647864470,
2026-08-18 23:18:24.651,pulse_batch,y,,,,,4,,910,-278,-271,4,4,,2268668446029,
2026-08-18 23:18:24.673,pulse_batch,y,,,,,4,,914,-274,-267,4,4,,2268690987988,
2026-08-18 23:18:24.694,pulse_batch,y,,,,,4,,918,-270,-263,4,4,,2268711667102,
2026-08-18 23:18:24.714,pulse_batch,y,,,,,4,,922,-266,-259,4,4,,2268732247920,
2026-08-18 23:18:24.737,pulse_batch,y,,,,,4,,926,-262,-255,4,4,,2268754917972,
2026-08-18 23:18:24.758,pulse_batch,y,,,,,4,,930,-258,-251,4,4,,2268775580938,
2026-08-18 23:18:24.778,pulse_batch,y,,,,,4,,934,-254,-247,4,4,,2268796135385,
2026-08-18 23:18:24.799,pulse_batch,y,,,,,4,,938,-250,-243,4,4,,2268816913295,
2026-08-18 23:18:24.820,pulse_batch,y,,,,,4,,942,-246,-239,4,4,,2268837706465,
2026-08-18 23:18:24.840,pulse_batch,y,,,,,4,,946,-242,-235,4,4,,2268858241449,
2026-08-18 23:18:24.863,pulse_batch,y,,,,,4,,950,-238,-231,4,4,,2268880567650,
2026-08-18 23:18:24.884,pulse_batch,y,,,,,4,,954,-234,-227,4,4,,2268901340208,
2026-08-18 23:18:24.904,pulse_batch,y,,,,,4,,958,-230,-223,4,4,,2268921950063,
2026-08-18 23:18:24.925,pulse_batch,y,,,,,4,,962,-226,-219,4,4,,2268942631233,
2026-08-18 23:18:24.946,pulse_batch,y,,,,,4,,966,-222,-215,4,4,,2268963438773,
2026-08-18 23:18:24.966,pulse_batch,y,,,,,4,,970,-218,-211,4,4,,2268984026350,
2026-08-18 23:18:24.987,pulse_batch,y,,,,,4,,974,-214,-207,4,4,,2269005227203,
2026-08-18 23:18:25.009,pulse_batch,y,,,,,4,,978,-210,-203,4,4,,2269027073128,
2026-08-18 23:18:25.030,pulse_batch,y,,,,,4,,982,-206,-199,4,4,,2269047738316,
2026-08-18 23:18:25.051,pulse_batch,y,,,,,4,,986,-202,-195,4,4,,2269068374171,
2026-08-18 23:18:25.072,pulse_batch,y,,,,,4,,990,-198,-191,4,4,,2269089246062,
2026-08-18 23:18:25.093,pulse_batch,y,,,,,4,,994,-194,-187,4,4,,2269110352674,
2026-08-18 23:18:25.113,pulse_batch,y,,,,,4,,998,-190,-183,4,4,,2269130926548,
2026-08-18 23:18:25.135,pulse_batch,y,,,,,4,,1002,-186,-179,4,4,,2269152378956,
2026-08-18 23:18:25.155,pulse_batch,y,,,,,4,,1006,-182,-175,4,4,,2269173190940,
2026-08-18 23:18:25.176,pulse_batch,y,,,,,4,,1010,-178,-171,4,4,,2269193785424,
2026-08-18 23:18:25.197,pulse_batch,y,,,,,4,,1014,-174,-167,4,4,,2269214438168,
2026-08-18 23:18:25.217,pulse_batch,y,,,,,4,,1018,-170,-163,4,4,,2269235184245,
2026-08-18 23:18:25.238,pulse_batch,y,,,,,4,,1022,-166,-159,4,4,,2269255718156,
2026-08-18 23:18:25.260,pulse_batch,y,,,,,4,,1026,-162,-155,4,4,,2269278101671,
2026-08-18 23:18:25.281,pulse_batch,y,,,,,4,,1030,-158,-151,4,4,,2269298890063,
2026-08-18 23:18:25.302,pulse_batch,y,,,,,4,,1034,-154,-147,4,4,,2269319474695,
2026-08-18 23:18:25.322,pulse_batch,y,,,,,4,,1038,-150,-143,4,4,,2269340081143,
2026-08-18 23:18:25.343,pulse_batch,y,,,,,4,,1042,-146,-139,4,4,,2269360830294,
2026-08-18 23:18:25.364,pulse_batch,y,,,,,4,,1046,-142,-135,4,4,,2269381426834,
2026-08-18 23:18:25.384,pulse_batch,y,,,,,4,,1050,-138,-131,4,4,,2269402077893,
2026-08-18 23:18:25.407,pulse_batch,y,,,,,4,,1054,-134,-127,4,4,,2269424925110,
2026-08-18 23:18:25.428,pulse_batch,y,,,,,4,,1058,-130,-123,4,4,,2269445532891,
2026-08-18 23:18:25.448,pulse_batch,y,,,,,4,,1062,-126,-119,4,4,,2269466095839,
2026-08-18 23:18:25.472,pulse_batch,y,,,,,4,,1066,-122,-115,4,4,,2269489378537,
2026-08-18 23:18:25.492,pulse_batch,y,,,,,4,,1070,-118,-111,4,4,,2269509994429,
2026-08-18 23:18:25.513,pulse_batch,y,,,,,4,,1074,-114,-107,4,4,,2269530549710,
2026-08-18 23:18:25.535,pulse_batch,y,,,,,4,,1078,-110,-103,4,4,,2269552760467,
2026-08-18 23:18:25.556,pulse_batch,y,,,,,4,,1082,-106,-99,4,4,,2269573560136,
2026-08-18 23:18:25.576,pulse_batch,y,,,,,4,,1086,-102,-95,4,4,,2269594156158,
2026-08-18 23:18:25.597,pulse_batch,y,,,,,4,,1090,-98,-91,4,4,,2269614868660,
2026-08-18 23:18:25.618,pulse_batch,y,,,,,4,,1094,-94,-87,4,4,,2269635629737,
2026-08-18 23:18:25.638,pulse_batch,y,,,,,4,,1098,-90,-83,4,4,,2269656178166,
2026-08-18 23:18:25.659,pulse_batch,y,,,,,4,,1102,-86,-79,4,4,,2269676853854,
2026-08-18 23:18:25.680,pulse_batch,y,,,,,4,,1106,-82,-75,4,4,,2269697707412,
2026-08-18 23:18:25.701,pulse_batch,y,,,,,4,,1110,-78,-71,4,4,,2269718312712,
2026-08-18 23:18:25.721,pulse_batch,y,,,,,4,,1114,-74,-67,4,4,,2269738921604,
2026-08-18 23:18:25.746,pulse_batch,y,,,,,4,,1118,-70,-63,4,4,,2269763972332,
2026-08-18 23:18:25.767,pulse_batch,y,,,,,4,,1122,-66,-59,4,4,,2269784609484,
2026-08-18 23:18:25.788,pulse_batch,y,,,,,4,,1126,-62,-55,4,4,,2269805666930,
2026-08-18 23:18:25.810,pulse_batch,y,,,,,4,,1130,-58,-51,4,4,,2269828029482,
2026-08-18 23:18:25.832,pulse_batch,y,,,,,4,,1134,-54,-47,4,4,,2269850128221,
2026-08-18 23:18:25.854,pulse_batch,y,,,,,4,,1138,-50,-43,4,4,,2269871544351,
2026-08-18 23:18:25.878,pulse_batch,y,,,,,4,,1142,-46,-39,4,4,,2269895894934,
2026-08-18 23:18:25.899,pulse_batch,y,,,,,4,,1146,-42,-35,4,4,,2269916483030,
2026-08-18 23:18:25.920,pulse_batch,y,,,,,4,,1150,-38,-31,4,4,,2269937433143,
2026-08-18 23:18:25.941,pulse_batch,y,,,,,4,,1154,-34,-27,4,4,,2269958762310,
2026-08-18 23:18:25.962,pulse_batch,y,,,,,4,,1158,-30,-23,4,4,,2269979385239,
2026-08-18 23:18:25.982,pulse_batch,y,,,,,4,,1162,-26,-19,4,4,,2270000056872,
2026-08-18 23:18:26.005,pulse_batch,y,,,,,4,,1166,-22,-15,4,4,,2270022677127,
2026-08-18 23:18:26.026,pulse_batch,y,,,,,4,,1170,-18,-11,4,4,,2270043378278,
2026-08-18 23:18:26.046,pulse_batch,y,,,,,4,,1174,-14,-7,4,4,,2270063923800,
2026-08-18 23:18:26.070,pulse_batch,y,,,,,4,,1178,-10,-3,4,4,,2270088084124,
2026-08-18 23:18:26.091,pulse_batch,y,,,,,4,,1182,-6,1,4,4,,2270109069571,
2026-08-18 23:18:26.112,pulse_batch,y,,,,,4,,1186,-2,5,4,4,,2270129650018,
2026-08-18 23:18:26.136,pulse_batch,y,,,,,4,,1190,2,9,4,4,,2270153687028,
2026-08-18 23:18:26.157,pulse_batch,y,,,,,4,,1194,6,13,4,4,,2270174467438,
2026-08-18 23:18:26.164,pulse_batch,y,,,,,1,,1195,7,14,4,4,,2270182157449,
2026-08-18 23:18:26.164,move_finish,y,,,1,,,,1195,7,14,4,4,,2270182258319,
2026-08-18 23:18:26.317,approach_source_finish,x,0,stored,,,,1,,-87,-87,77,77,-87,,
2026-08-18 23:18:26.317,approach_source_finish,y,0,stored,,,,-1,,7,14,4,4,14,,
2026-08-18 23:18:26.321,move_start,y,,,2,-18,,-1,1195,7,14,4,4,,2270338472689,
2026-08-18 23:18:26.321,move_start,x,,,2,87,,1,3315,-87,-87,77,77,,2270338675669,
2026-08-18 23:18:26.324,pulse_batch,y,,,,,-1,,1196,6,14,3,4,,2270341525604,
2026-08-18 23:18:26.324,pulse_batch,x,,,,,1,,3316,-86,-86,77,77,,2270341742863,
2026-08-18 23:18:26.344,pulse_batch,y,,,,,-4,,1200,2,13,0,4,,2270362251885,
2026-08-18 23:18:26.345,pulse_batch,x,,,,,4,,3320,-82,-82,77,77,,2270362432384,
2026-08-18 23:18:26.365,pulse_batch,y,,,,,-4,,1204,-2,9,0,4,,2270382826629,
2026-08-18 23:18:26.365,pulse_batch,x,,,,,4,,3324,-78,-78,77,77,,2270382967147,
2026-08-18 23:18:26.386,pulse_batch,y,,,,,-4,,1208,-6,5,0,4,,2270403513780,
2026-08-18 23:18:26.386,pulse_batch,x,,,,,4,,3328,-74,-74,77,77,,2270403692594,
2026-08-18 23:18:26.407,pulse_batch,y,,,,,-4,,1212,-10,1,0,4,,2270424236227,
2026-08-18 23:18:26.409,pulse_batch,x,,,,,4,,3332,-70,-70,77,77,,2270426306497,
2026-08-18 23:18:26.414,pulse_batch,y,,,,,-1,,1213,-11,0,0,4,,2270431914626,
2026-08-18 23:18:26.414,move_finish,y,,,2,,,,1213,-11,0,0,4,,2270432119977,
2026-08-18 23:18:26.429,pulse_batch,x,,,,,4,,3336,-66,-66,77,77,,2270446918130,
2026-08-18 23:18:26.450,pulse_batch,x,,,,,4,,3340,-62,-62,77,77,,2270467462522,
2026-08-18 23:18:26.473,pulse_batch,x,,,,,4,,3344,-58,-58,77,77,,2270490854016,
2026-08-18 23:18:26.495,pulse_batch,x,,,,,4,,3348,-54,-54,77,77,,2270512771978,
2026-08-18 23:18:26.516,pulse_batch,x,,,,,4,,3352,-50,-50,77,77,,2270533414481,
2026-08-18 23:18:26.539,pulse_batch,x,,,,,4,,3356,-46,-46,77,77,,2270556361976,
2026-08-18 23:18:26.559,pulse_batch,x,,,,,4,,3360,-42,-42,77,77,,2270577043349,
2026-08-18 23:18:26.580,pulse_batch,x,,,,,4,,3364,-38,-38,77,77,,2270597593778,
2026-08-18 23:18:26.601,pulse_batch,x,,,,,4,,3368,-34,-34,77,77,,2270618883946,
2026-08-18 23:18:26.622,pulse_batch,x,,,,,4,,3372,-30,-30,77,77,,2270639544152,
2026-08-18 23:18:26.642,pulse_batch,x,,,,,4,,3376,-26,-26,77,77,,2270660118267,
2026-08-18 23:18:26.665,pulse_batch,x,,,,,4,,3380,-22,-22,77,77,,2270682772096,
2026-08-18 23:18:26.686,pulse_batch,x,,,,,4,,3384,-18,-18,77,77,,2270703485673,
2026-08-18 23:18:26.706,pulse_batch,x,,,,,4,,3388,-14,-14,77,77,,2270724032121,
2026-08-18 23:18:26.729,pulse_batch,x,,,,,4,,3392,-10,-10,77,77,,2270746493303,
2026-08-18 23:18:26.750,pulse_batch,x,,,,,4,,3396,-6,-6,77,77,,2270767820322,
2026-08-18 23:18:26.771,pulse_batch,x,,,,,4,,3400,-2,-2,77,77,,2270788420788,
2026-08-18 23:18:26.784,pulse_batch,x,,,,,2,,3402,0,0,77,77,,2270801708594,
2026-08-18 23:18:26.784,move_finish,x,,,2,,,,3402,0,0,77,77,,2270801931464,
2026-08-18 23:18:26.984,target_finish,x,0,stored,,,,,,0,0,77,77,0,,ok=True
2026-08-18 23:18:26.984,target_finish,y,0,stored,,,,,,-11,0,0,4,0,,ok=True
2026-08-18 23:18:29.999,target_start,x,1,stored,,,,,,0,0,77,77,718,,
2026-08-18 23:18:29.999,target_start,y,1,stored,,,,,,-11,0,0,4,-51,,
2026-08-18 23:18:29.999,approach_source_start,x,1,stored,,,,1,,0,0,77,77,631,,
2026-08-18 23:18:29.999,approach_source_start,y,1,stored,,,,-1,,-11,0,0,4,-37,,
2026-08-18 23:18:30.006,move_start,x,,,3,631,,1,3402,0,0,77,77,,2274023835802,
2026-08-18 23:18:30.006,move_start,y,,,3,-37,,-1,1213,-11,0,0,4,,2274023914154,
2026-08-18 23:18:30.009,pulse_batch,x,,,,,1,,3403,1,1,77,77,,2274026904514,
2026-08-18 23:18:30.009,pulse_batch,y,,,,,-1,,1214,-12,-1,0,4,,2274026953384,
2026-08-18 23:18:30.030,pulse_batch,y,,,,,-4,,1218,-16,-5,0,4,,2274048201885,
2026-08-18 23:18:30.031,pulse_batch,x,,,,,4,,3407,5,5,77,77,,2274048455829,
2026-08-18 23:18:30.054,pulse_batch,x,,,,,4,,3411,9,9,77,77,,2274071407027,
2026-08-18 23:18:30.054,pulse_batch,y,,,,,-4,,1222,-20,-9,0,4,,2274071666119,
2026-08-18 23:18:30.077,pulse_batch,x,,,,,4,,3415,13,13,77,77,,2274094405522,
2026-08-18 23:18:30.077,pulse_batch,y,,,,,-4,,1226,-24,-13,0,4,,2274094311819,
2026-08-18 23:18:30.097,pulse_batch,x,,,,,4,,3419,17,17,77,77,,2274115153006,
2026-08-18 23:18:30.098,pulse_batch,y,,,,,-4,,1230,-28,-17,0,4,,2274115391876,
2026-08-18 23:18:30.118,pulse_batch,x,,,,,4,,3423,21,21,77,77,,2274135915935,
2026-08-18 23:18:30.119,pulse_batch,y,,,,,-4,,1234,-32,-21,0,4,,2274136448192,
2026-08-18 23:18:30.140,pulse_batch,y,,,,,-4,,1238,-36,-25,0,4,,2274157529287,
2026-08-18 23:18:30.140,pulse_batch,x,,,,,4,,3427,25,25,77,77,,2274157621342,
2026-08-18 23:18:30.161,pulse_batch,y,,,,,-4,,1242,-40,-29,0,4,,2274178264734,
2026-08-18 23:18:30.163,pulse_batch,x,,,,,4,,3431,29,29,77,77,,2274181048891,
2026-08-18 23:18:30.181,pulse_batch,y,,,,,-4,,1246,-44,-33,0,4,,2274198899996,
2026-08-18 23:18:30.184,pulse_batch,x,,,,,4,,3435,33,33,77,77,,2274201772357,
2026-08-18 23:18:30.204,pulse_batch,y,,,,,-4,,1250,-48,-37,0,4,,2274221401493,
2026-08-18 23:18:30.206,pulse_batch,x,,,,,4,,3439,37,37,77,77,,2274223787725,
2026-08-18 23:18:30.206,move_finish,y,,,3,,,,1250,-48,-37,0,4,,2274223987428,
2026-08-18 23:18:30.227,pulse_batch,x,,,,,4,,3443,41,41,77,77,,2274244439099,
2026-08-18 23:18:30.247,pulse_batch,x,,,,,4,,3447,45,45,77,77,,2274265031824,
2026-08-18 23:18:30.271,pulse_batch,x,,,,,4,,3451,49,49,77,77,,2274288742465,
2026-08-18 23:18:30.294,pulse_batch,x,,,,,4,,3455,53,53,77,77,,2274311514349,
2026-08-18 23:18:30.314,pulse_batch,x,,,,,4,,3459,57,57,77,77,,2274332163834,
2026-08-18 23:18:30.337,pulse_batch,x,,,,,4,,3463,61,61,77,77,,2274354550535,
2026-08-18 23:18:30.358,pulse_batch,x,,,,,4,,3467,65,65,77,77,,2274375252741,
2026-08-18 23:18:30.378,pulse_batch,x,,,,,4,,3471,69,69,77,77,,2274396073447,
2026-08-18 23:18:30.400,pulse_batch,x,,,,,4,,3475,73,73,77,77,,2274417459207,
2026-08-18 23:18:30.420,pulse_batch,x,,,,,4,,3479,77,77,77,77,,2274438233302,
2026-08-18 23:18:30.441,pulse_batch,x,,,,,4,,3483,81,81,77,77,,2274458813009,
2026-08-18 23:18:30.463,pulse_batch,x,,,,,4,,3487,85,85,77,77,,2274481237469,
2026-08-18 23:18:30.484,pulse_batch,x,,,,,4,,3491,89,89,77,77,,2274502088527,
2026-08-18 23:18:30.505,pulse_batch,x,,,,,4,,3495,93,93,77,77,,2274522687604,
2026-08-18 23:18:30.526,pulse_batch,x,,,,,4,,3499,97,97,77,77,,2274543607051,
2026-08-18 23:18:30.548,pulse_batch,x,,,,,4,,3503,101,101,77,77,,2274566234306,
2026-08-18 23:18:30.569,pulse_batch,x,,,,,4,,3507,105,105,77,77,,2274586820680,
2026-08-18 23:18:30.590,pulse_batch,x,,,,,4,,3511,109,109,77,77,,2274607466220,
2026-08-18 23:18:30.611,pulse_batch,x,,,,,4,,3515,113,113,77,77,,2274628666091,
2026-08-18 23:18:30.632,pulse_batch,x,,,,,4,,3519,117,117,77,77,,2274649299576,
2026-08-18 23:18:30.653,pulse_batch,x,,,,,4,,3523,121,121,77,77,,2274670518077,
2026-08-18 23:18:30.674,pulse_batch,x,,,,,4,,3527,125,125,77,77,,2274691710948,
2026-08-18 23:18:30.695,pulse_batch,x,,,,,4,,3531,129,129,77,77,,2274713003190,
2026-08-18 23:18:30.716,pulse_batch,x,,,,,4,,3535,133,133,77,77,,2274733534601,
2026-08-18 23:18:30.738,pulse_batch,x,,,,,4,,3539,137,137,77,77,,2274755294989,
2026-08-18 23:18:30.758,pulse_batch,x,,,,,4,,3543,141,141,77,77,,2274775972436,
2026-08-18 23:18:30.779,pulse_batch,x,,,,,4,,3547,145,145,77,77,,2274796490717,
2026-08-18 23:18:30.800,pulse_batch,x,,,,,4,,3551,149,149,77,77,,2274817502404,
2026-08-18 23:18:30.820,pulse_batch,x,,,,,4,,3555,153,153,77,77,,2274838227703,
2026-08-18 23:18:30.841,pulse_batch,x,,,,,4,,3559,157,157,77,77,,2274858823244,
2026-08-18 23:18:30.863,pulse_batch,x,,,,,4,,3563,161,161,77,77,,2274881132704,
2026-08-18 23:18:30.884,pulse_batch,x,,,,,4,,3567,165,165,77,77,,2274901953410,
2026-08-18 23:18:30.905,pulse_batch,x,,,,,4,,3571,169,169,77,77,,2274922555784,
2026-08-18 23:18:30.925,pulse_batch,x,,,,,4,,3575,173,173,77,77,,2274943133842,
2026-08-18 23:18:30.948,pulse_batch,x,,,,,4,,3579,177,177,77,77,,2274965765820,
2026-08-18 23:18:30.969,pulse_batch,x,,,,,4,,3583,181,181,77,77,,2274986379194,
2026-08-18 23:18:30.989,pulse_batch,x,,,,,4,,3587,185,185,77,77,,2275007075233,
2026-08-18 23:18:31.010,pulse_batch,x,,,,,4,,3591,189,189,77,77,,2275028058439,
2026-08-18 23:18:31.031,pulse_batch,x,,,,,4,,3595,193,193,77,77,,2275048648683,
2026-08-18 23:18:31.051,pulse_batch,x,,,,,4,,3599,197,197,77,77,,2275069249982,
2026-08-18 23:18:31.074,pulse_batch,x,,,,,4,,3603,201,201,77,77,,2275091707516,
2026-08-18 23:18:31.095,pulse_batch,x,,,,,4,,3607,205,205,77,77,,2275113040906,
2026-08-18 23:18:31.116,pulse_batch,x,,,,,4,,3611,209,209,77,77,,2275133601613,
2026-08-18 23:18:31.139,pulse_batch,x,,,,,4,,3615,213,213,77,77,,2275156305516,
2026-08-18 23:18:31.159,pulse_batch,x,,,,,4,,3619,217,217,77,77,,2275177040649,
2026-08-18 23:18:31.180,pulse_batch,x,,,,,4,,3623,221,221,77,77,,2275197566282,
2026-08-18 23:18:31.203,pulse_batch,x,,,,,4,,3627,225,225,77,77,,2275220324666,
2026-08-18 23:18:31.223,pulse_batch,x,,,,,4,,3631,229,229,77,77,,2275241069928,
2026-08-18 23:18:31.244,pulse_batch,x,,,,,4,,3635,233,233,77,77,,2275261631524,
2026-08-18 23:18:31.264,pulse_batch,x,,,,,4,,3639,237,237,77,77,,2275282234009,
2026-08-18 23:18:31.285,pulse_batch,x,,,,,4,,3643,241,241,77,77,,2275302968530,
2026-08-18 23:18:31.306,pulse_batch,x,,,,,4,,3647,245,245,77,77,,2275323645551,
2026-08-18 23:18:31.327,pulse_batch,x,,,,,4,,3651,249,249,77,77,,2275344392073,
2026-08-18 23:18:31.350,pulse_batch,x,,,,,4,,3655,253,253,77,77,,2275367678937,
2026-08-18 23:18:31.370,pulse_batch,x,,,,,4,,3659,257,257,77,77,,2275388266959,
2026-08-18 23:18:31.392,pulse_batch,x,,,,,4,,3663,261,261,77,77,,2275409701163,
2026-08-18 23:18:31.417,pulse_batch,x,,,,,4,,3667,265,265,77,77,,2275434745373,
2026-08-18 23:18:31.438,pulse_batch,x,,,,,4,,3671,269,269,77,77,,2275455341802,
2026-08-18 23:18:31.458,pulse_batch,x,,,,,4,,3675,273,273,77,77,,2275475982564,
2026-08-18 23:18:31.480,pulse_batch,x,,,,,4,,3679,277,277,77,77,,2275497499990,
2026-08-18 23:18:31.500,pulse_batch,x,,,,,4,,3683,281,281,77,77,,2275518194271,
2026-08-18 23:18:31.521,pulse_batch,x,,,,,4,,3687,285,285,77,77,,2275538731237,
2026-08-18 23:18:31.542,pulse_batch,x,,,,,4,,3691,289,289,77,77,,2275560016460,
2026-08-18 23:18:31.563,pulse_batch,x,,,,,4,,3695,293,293,77,77,,2275580694722,
2026-08-18 23:18:31.583,pulse_batch,x,,,,,4,,3699,297,297,77,77,,2275601212356,
2026-08-18 23:18:31.605,pulse_batch,x,,,,,4,,3703,301,301,77,77,,2275622945966,
2026-08-18 23:18:31.626,pulse_batch,x,,,,,4,,3707,305,305,77,77,,2275643633339,
2026-08-18 23:18:31.646,pulse_batch,x,,,,,4,,3711,309,309,77,77,,2275664168009,
2026-08-18 23:18:31.667,pulse_batch,x,,,,,4,,3715,313,313,77,77,,2275684868457,
2026-08-18 23:18:31.688,pulse_batch,x,,,,,4,,3719,317,317,77,77,,2275705526534,
2026-08-18 23:18:31.709,pulse_batch,x,,,,,4,,3723,321,321,77,77,,2275726383073,
2026-08-18 23:18:31.731,pulse_batch,x,,,,,4,,3727,325,325,77,77,,2275748434923,
2026-08-18 23:18:31.751,pulse_batch,x,,,,,4,,3731,329,329,77,77,,2275769222018,
2026-08-18 23:18:31.772,pulse_batch,x,,,,,4,,3735,333,333,77,77,,2275789791003,
2026-08-18 23:18:31.793,pulse_batch,x,,,,,4,,3739,337,337,77,77,,2275810477895,
2026-08-18 23:18:31.814,pulse_batch,x,,,,,4,,3743,341,341,77,77,,2275831494267,
2026-08-18 23:18:31.834,pulse_batch,x,,,,,4,,3747,345,345,77,77,,2275852100492,
2026-08-18 23:18:31.855,pulse_batch,x,,,,,4,,3751,349,349,77,77,,2275873099790,
2026-08-18 23:18:31.877,pulse_batch,x,,,,,4,,3755,353,353,77,77,,2275894969104,
2026-08-18 23:18:31.898,pulse_batch,x,,,,,4,,3759,357,357,77,77,,2275915648014,
2026-08-18 23:18:31.918,pulse_batch,x,,,,,4,,3763,361,361,77,77,,2275936244295,
2026-08-18 23:18:31.939,pulse_batch,x,,,,,4,,3767,365,365,77,77,,2275956980242,
2026-08-18 23:18:31.960,pulse_batch,x,,,,,4,,3771,369,369,77,77,,2275977717004,
2026-08-18 23:18:31.980,pulse_batch,x,,,,,4,,3775,373,373,77,77,,2275998265823,
2026-08-18 23:18:32.003,pulse_batch,x,,,,,4,,3779,377,377,77,77,,2276020795263,
2026-08-18 23:18:32.024,pulse_batch,x,,,,,4,,3783,381,381,77,77,,2276041502877,
2026-08-18 23:18:32.044,pulse_batch,x,,,,,4,,3787,385,385,77,77,,2276062068066,
2026-08-18 23:18:32.065,pulse_batch,x,,,,,4,,3791,389,389,77,77,,2276082958272,
2026-08-18 23:18:32.086,pulse_batch,x,,,,,4,,3795,393,393,77,77,,2276103825959,
2026-08-18 23:18:32.107,pulse_batch,x,,,,,4,,3799,397,397,77,77,,2276124489796,
2026-08-18 23:18:32.128,pulse_batch,x,,,,,4,,3803,401,401,77,77,,2276145467760,
2026-08-18 23:18:32.150,pulse_batch,x,,,,,4,,3807,405,405,77,77,,2276167480666,
2026-08-18 23:18:32.170,pulse_batch,x,,,,,4,,3811,409,409,77,77,,2276188034077,
2026-08-18 23:18:32.191,pulse_batch,x,,,,,4,,3815,413,413,77,77,,2276208586654,
2026-08-18 23:18:32.214,pulse_batch,x,,,,,4,,3819,417,417,77,77,,2276231991777,
2026-08-18 23:18:32.235,pulse_batch,x,,,,,4,,3823,421,421,77,77,,2276252555447,
2026-08-18 23:18:32.256,pulse_batch,x,,,,,4,,3827,425,425,77,77,,2276273393098,
2026-08-18 23:18:32.278,pulse_batch,x,,,,,4,,3831,429,429,77,77,,2276295343985,
2026-08-18 23:18:32.298,pulse_batch,x,,,,,4,,3835,433,433,77,77,,2276316123544,
2026-08-18 23:18:32.319,pulse_batch,x,,,,,4,,3839,437,437,77,77,,2276336716399,
2026-08-18 23:18:32.340,pulse_batch,x,,,,,4,,3843,441,441,77,77,,2276357413513,
2026-08-18 23:18:32.360,pulse_batch,x,,,,,4,,3847,445,445,77,77,,2276378093404,
2026-08-18 23:18:32.381,pulse_batch,x,,,,,4,,3851,449,449,77,77,,2276398636519,
2026-08-18 23:18:32.403,pulse_batch,x,,,,,4,,3855,453,453,77,77,,2276421117978,
2026-08-18 23:18:32.424,pulse_batch,x,,,,,4,,3859,457,457,77,77,,2276441884444,
2026-08-18 23:18:32.445,pulse_batch,x,,,,,4,,3863,461,461,77,77,,2276462428892,
2026-08-18 23:18:32.465,pulse_batch,x,,,,,4,,3867,465,465,77,77,,2276483102228,
2026-08-18 23:18:32.486,pulse_batch,x,,,,,4,,3871,469,469,77,77,,2276503852453,
2026-08-18 23:18:32.507,pulse_batch,x,,,,,4,,3875,473,473,77,77,,2276524453123,
2026-08-18 23:18:32.528,pulse_batch,x,,,,,4,,3879,477,477,77,77,,2276545605680,
2026-08-18 23:18:32.550,pulse_batch,x,,,,,4,,3883,481,481,77,77,,2276567436086,
2026-08-18 23:18:32.570,pulse_batch,x,,,,,4,,3887,485,485,77,77,,2276588023775,
2026-08-18 23:18:32.591,pulse_batch,x,,,,,4,,3891,489,489,77,77,,2276608619481,
2026-08-18 23:18:32.612,pulse_batch,x,,,,,4,,3895,493,493,77,77,,2276629409910,
2026-08-18 23:18:32.632,pulse_batch,x,,,,,4,,3899,497,497,77,77,,2276650061802,
2026-08-18 23:18:32.653,pulse_batch,x,,,,,4,,3903,501,501,77,77,,2276670640120,
2026-08-18 23:18:32.675,pulse_batch,x,,,,,4,,3907,505,505,77,77,,2276692877729,
2026-08-18 23:18:32.696,pulse_batch,x,,,,,4,,3911,509,509,77,77,,2276713663916,
2026-08-18 23:18:32.717,pulse_batch,x,,,,,4,,3915,513,513,77,77,,2276734253160,
2026-08-18 23:18:32.737,pulse_batch,x,,,,,4,,3919,517,517,77,77,,2276754960052,
2026-08-18 23:18:32.758,pulse_batch,x,,,,,4,,3923,521,521,77,77,,2276775654055,
2026-08-18 23:18:32.778,pulse_batch,x,,,,,4,,3927,525,525,77,77,,2276796202003,
2026-08-18 23:18:32.801,pulse_batch,x,,,,,4,,3931,529,529,77,77,,2276818750999,
2026-08-18 23:18:32.822,pulse_batch,x,,,,,4,,3935,533,533,77,77,,2276839687223,
2026-08-18 23:18:32.842,pulse_batch,x,,,,,4,,3939,537,537,77,77,,2276860259004,
2026-08-18 23:18:32.863,pulse_batch,x,,,,,4,,3943,541,541,77,77,,2276880920248,
2026-08-18 23:18:32.884,pulse_batch,x,,,,,4,,3947,545,545,77,77,,2276901650973,
2026-08-18 23:18:32.904,pulse_batch,x,,,,,4,,3951,549,549,77,77,,2276922249939,
2026-08-18 23:18:32.926,pulse_batch,x,,,,,4,,3955,553,553,77,77,,2276943405848,
2026-08-18 23:18:32.948,pulse_batch,x,,,,,4,,3959,557,557,77,77,,2276965400457,
2026-08-18 23:18:32.968,pulse_batch,x,,,,,4,,3963,561,561,77,77,,2276986007609,
2026-08-18 23:18:32.989,pulse_batch,x,,,,,4,,3967,565,565,77,77,,2277006585575,
2026-08-18 23:18:33.011,pulse_batch,x,,,,,4,,3971,569,569,77,77,,2277029061646,
2026-08-18 23:18:33.033,pulse_batch,x,,,,,4,,3975,573,573,77,77,,2277050365906,
2026-08-18 23:18:33.054,pulse_batch,x,,,,,4,,3979,577,577,77,77,,2277071310500,
2026-08-18 23:18:33.076,pulse_batch,x,,,,,4,,3983,581,581,77,77,,2277093420572,
2026-08-18 23:18:33.097,pulse_batch,x,,,,,4,,3987,585,585,77,77,,2277114404222,
2026-08-18 23:18:33.117,pulse_batch,x,,,,,4,,3991,589,589,77,77,,2277134993096,
2026-08-18 23:18:33.138,pulse_batch,x,,,,,4,,3995,593,593,77,77,,2277155677654,
2026-08-18 23:18:33.159,pulse_batch,x,,,,,4,,3999,597,597,77,77,,2277176486250,
2026-08-18 23:18:33.179,pulse_batch,x,,,,,4,,4003,601,601,77,77,,2277197017549,
2026-08-18 23:18:33.201,pulse_batch,x,,,,,4,,4007,605,605,77,77,,2277218973363,
2026-08-18 23:18:33.222,pulse_batch,x,,,,,4,,4011,609,609,77,77,,2277239682421,
2026-08-18 23:18:33.242,pulse_batch,x,,,,,4,,4015,613,613,77,77,,2277260247202,
2026-08-18 23:18:33.263,pulse_batch,x,,,,,4,,4019,617,617,77,77,,2277280994575,
2026-08-18 23:18:33.284,pulse_batch,x,,,,,4,,4023,621,621,77,77,,2277301805837,
2026-08-18 23:18:33.305,pulse_batch,x,,,,,4,,4027,625,625,77,77,,2277322405396,
2026-08-18 23:18:33.325,pulse_batch,x,,,,,4,,4031,629,629,77,77,,2277343138139,
2026-08-18 23:18:33.338,pulse_batch,x,,,,,2,,4033,631,631,77,77,,2277356045261,
2026-08-18 23:18:33.338,move_finish,x,,,3,,,,4033,631,631,77,77,,2277356289668,
2026-08-18 23:18:33.524,approach_source_finish,x,1,stored,,,,1,,631,631,77,77,631,,
2026-08-18 23:18:33.524,approach_source_finish,y,1,stored,,,,-1,,-48,-37,0,4,-37,,
2026-08-18 23:18:33.528,move_start,x,,,4,87,,1,4033,631,631,77,77,,2277545386462,
2026-08-18 23:18:33.528,move_start,y,,,4,-14,,-1,1250,-48,-37,0,4,,2277545320091,
2026-08-18 23:18:33.531,pulse_batch,x,,,,,1,,4034,632,632,77,77,,2277548323137,
2026-08-18 23:18:33.532,pulse_batch,y,,,,,-1,,1251,-49,-38,0,4,,2277550124501,
2026-08-18 23:18:33.551,pulse_batch,x,,,,,4,,4038,636,636,77,77,,2277569112528,
2026-08-18 23:18:33.554,pulse_batch,y,,,,,-4,,1255,-53,-42,0,4,,2277571702038,
2026-08-18 23:18:33.572,pulse_batch,x,,,,,4,,4042,640,640,77,77,,2277589732605,
2026-08-18 23:18:33.575,pulse_batch,y,,,,,-4,,1259,-57,-46,0,4,,2277592269708,
2026-08-18 23:18:33.593,pulse_batch,x,,,,,4,,4046,644,644,77,77,,2277610699163,
2026-08-18 23:18:33.596,pulse_batch,y,,,,,-4,,1263,-61,-50,0,4,,2277613490672,
2026-08-18 23:18:33.605,pulse_batch,y,,,,,-1,,1264,-62,-51,0,4,,2277622510900,
2026-08-18 23:18:33.605,move_finish,y,,,4,,,,1264,-62,-51,0,4,,2277622761251,
2026-08-18 23:18:33.615,pulse_batch,x,,,,,4,,4050,648,648,77,77,,2277632880420,
2026-08-18 23:18:33.636,pulse_batch,x,,,,,4,,4054,652,652,77,77,,2277653532571,
2026-08-18 23:18:33.656,pulse_batch,x,,,,,4,,4058,656,656,77,77,,2277674109815,
2026-08-18 23:18:33.677,pulse_batch,x,,,,,4,,4062,660,660,77,77,,2277694892762,
2026-08-18 23:18:33.698,pulse_batch,x,,,,,4,,4066,664,664,77,77,,2277716033948,
2026-08-18 23:18:33.719,pulse_batch,x,,,,,4,,4070,668,668,77,77,,2277736595618,
2026-08-18 23:18:33.741,pulse_batch,x,,,,,4,,4074,672,672,77,77,,2277759051171,
2026-08-18 23:18:33.762,pulse_batch,x,,,,,4,,4078,676,676,77,77,,2277779820470,
2026-08-18 23:18:33.783,pulse_batch,x,,,,,4,,4082,680,680,77,77,,2277800390584,
2026-08-18 23:18:33.805,pulse_batch,x,,,,,4,,4086,684,684,77,77,,2277822377175,
2026-08-18 23:18:33.825,pulse_batch,x,,,,,4,,4090,688,688,77,77,,2277843063530,
2026-08-18 23:18:33.846,pulse_batch,x,,,,,4,,4094,692,692,77,77,,2277863606033,
2026-08-18 23:18:33.869,pulse_batch,x,,,,,4,,4098,696,696,77,77,,2277886540102,
2026-08-18 23:18:33.889,pulse_batch,x,,,,,4,,4102,700,700,77,77,,2277907182087,
2026-08-18 23:18:33.910,pulse_batch,x,,,,,4,,4106,704,704,77,77,,2277927721109,
2026-08-18 23:18:33.933,pulse_batch,x,,,,,4,,4110,708,708,77,77,,2277950595104,
2026-08-18 23:18:33.954,pulse_batch,x,,,,,4,,4114,712,712,77,77,,2277971462495,
2026-08-18 23:18:33.974,pulse_batch,x,,,,,4,,4118,716,716,77,77,,2277992026017,
2026-08-18 23:18:33.990,pulse_batch,x,,,,,2,,4120,718,718,77,77,,2278004936436,
2026-08-18 23:18:33.990,move_finish,x,,,4,,,,4120,718,718,77,77,,2278008239684,
2026-08-18 23:18:34.124,target_finish,x,1,stored,,,,,,718,718,77,77,718,,ok=True
2026-08-18 23:18:34.124,target_finish,y,1,stored,,,,,,-62,-51,0,4,-51,,ok=True
2026-08-18 23:18:37.137,target_start,x,2,stored,,,,,,718,718,77,77,646,,
2026-08-18 23:18:37.137,target_start,y,2,stored,,,,,,-62,-51,0,4,-352,,
2026-08-18 23:18:37.137,approach_source_start,x,2,stored,,,,-1,,718,718,77,77,733,,
2026-08-18 23:18:37.138,approach_source_start,y,2,stored,,,,-1,,-62,-51,0,4,-338,,
2026-08-18 23:18:37.142,move_start,x,,,5,15,,1,4120,718,718,77,77,,2281159185841,
2026-08-18 23:18:37.142,move_start,y,,,5,-287,,-1,1264,-62,-51,0,4,,2281159113952,
2026-08-18 23:18:37.145,pulse_batch,y,,,,,-1,,1265,-63,-52,0,4,,2281162332404,
2026-08-18 23:18:37.145,pulse_batch,x,,,,,1,,4121,719,719,77,77,,2281162224368,
2026-08-18 23:18:37.167,pulse_batch,x,,,,,4,,4125,723,723,77,77,,2281184316847,
2026-08-18 23:18:37.167,pulse_batch,y,,,,,-4,,1269,-67,-56,0,4,,2281184553754,
2026-08-18 23:18:37.187,pulse_batch,x,,,,,4,,4129,727,727,77,77,,2281204888443,
2026-08-18 23:18:37.187,pulse_batch,y,,,,,-4,,1273,-71,-60,0,4,,2281205126424,
2026-08-18 23:18:37.208,pulse_batch,y,,,,,-3,,1276,-74,-63,0,4,,2281225322873,
2026-08-18 23:18:37.208,pulse_batch,x,,,,,3,,4132,730,730,77,77,,2281225245003,
2026-08-18 23:18:37.226,pulse_batch,x,,,,,3,,4135,733,733,77,77,,2281243483162,
2026-08-18 23:18:37.226,move_finish,x,,,5,,,,4135,733,733,77,77,,2281243701235,
2026-08-18 23:18:37.228,pulse_batch,y,,,,,-4,,1280,-78,-67,0,4,,2281246023820,
2026-08-18 23:18:37.251,pulse_batch,y,,,,,-4,,1284,-82,-71,0,4,,2281268359021,
2026-08-18 23:18:37.272,pulse_batch,y,,,,,-4,,1288,-86,-75,0,4,,2281289943187,
2026-08-18 23:18:37.296,pulse_batch,y,,,,,-4,,1292,-90,-79,0,4,,2281313708791,
2026-08-18 23:18:37.317,pulse_batch,y,,,,,-4,,1296,-94,-83,0,4,,2281334294572,
2026-08-18 23:18:37.339,pulse_batch,y,,,,,-4,,1300,-98,-87,0,4,,2281356580106,
2026-08-18 23:18:37.360,pulse_batch,y,,,,,-4,,1304,-102,-91,0,4,,2281377314442,
2026-08-18 23:18:37.380,pulse_batch,y,,,,,-4,,1308,-106,-95,0,4,,2281398173148,
2026-08-18 23:18:37.403,pulse_batch,y,,,,,-4,,1312,-110,-99,0,4,,2281420545701,
2026-08-18 23:18:37.424,pulse_batch,y,,,,,-4,,1316,-114,-103,0,4,,2281441346740,
2026-08-18 23:18:37.444,pulse_batch,y,,,,,-4,,1320,-118,-107,0,4,,2281461926984,
2026-08-18 23:18:37.465,pulse_batch,y,,,,,-4,,1324,-122,-111,0,4,,2281482570506,
2026-08-18 23:18:37.487,pulse_batch,y,,,,,-4,,1328,-126,-115,0,4,,2281504793022,
2026-08-18 23:18:37.508,pulse_batch,y,,,,,-4,,1332,-130,-119,0,4,,2281525461155,
2026-08-18 23:18:37.529,pulse_batch,y,,,,,-4,,1336,-134,-123,0,4,,2281546623137,
2026-08-18 23:18:37.552,pulse_batch,y,,,,,-4,,1340,-138,-127,0,4,,2281569358874,
2026-08-18 23:18:37.572,pulse_batch,y,,,,,-4,,1344,-142,-131,0,4,,2281589945729,
2026-08-18 23:18:37.593,pulse_batch,y,,,,,-4,,1348,-146,-135,0,4,,2281610703732,
2026-08-18 23:18:37.617,pulse_batch,y,,,,,-4,,1352,-150,-139,0,4,,2281634764853,
2026-08-18 23:18:37.638,pulse_batch,y,,,,,-4,,1356,-154,-143,0,4,,2281655349060,
2026-08-18 23:18:37.658,pulse_batch,y,,,,,-4,,1360,-158,-147,0,4,,2281675958007,
2026-08-18 23:18:37.680,pulse_batch,y,,,,,-4,,1364,-162,-151,0,4,,2281697818450,
2026-08-18 23:18:37.701,pulse_batch,y,,,,,-4,,1368,-166,-155,0,4,,2281718704212,
2026-08-18 23:18:37.722,pulse_batch,y,,,,,-4,,1372,-170,-159,0,4,,2281739765806,
2026-08-18 23:18:37.744,pulse_batch,y,,,,,-4,,1376,-174,-163,0,4,,2281762140655,
2026-08-18 23:18:37.765,pulse_batch,y,,,,,-4,,1380,-178,-167,0,4,,2281782868917,
2026-08-18 23:18:37.786,pulse_batch,y,,,,,-4,,1384,-182,-171,0,4,,2281803433087,
2026-08-18 23:18:37.807,pulse_batch,y,,,,,-4,,1388,-186,-175,0,4,,2281824266552,
2026-08-18 23:18:37.827,pulse_batch,y,,,,,-4,,1392,-190,-179,0,4,,2281845050870,
2026-08-18 23:18:37.848,pulse_batch,y,,,,,-4,,1396,-194,-183,0,4,,2281865633743,
2026-08-18 23:18:37.870,pulse_batch,y,,,,,-4,,1400,-198,-187,0,4,,2281887473668,
2026-08-18 23:18:37.891,pulse_batch,y,,,,,-4,,1404,-202,-191,0,4,,2281908306504,
2026-08-18 23:18:37.911,pulse_batch,y,,,,,-4,,1408,-206,-195,0,4,,2281928939822,
2026-08-18 23:18:37.932,pulse_batch,y,,,,,-4,,1412,-210,-199,0,4,,2281949517640,
2026-08-18 23:18:37.953,pulse_batch,y,,,,,-4,,1416,-214,-203,0,4,,2281970263828,
2026-08-18 23:18:37.973,pulse_batch,y,,,,,-4,,1420,-218,-207,0,4,,2281990867775,
2026-08-18 23:18:37.994,pulse_batch,y,,,,,-4,,1424,-222,-211,0,4,,2282011464075,
2026-08-18 23:18:38.015,pulse_batch,y,,,,,-4,,1428,-226,-215,0,4,,2282032419169,
2026-08-18 23:18:38.036,pulse_batch,y,,,,,-4,,1432,-230,-219,0,4,,2282053280487,
2026-08-18 23:18:38.056,pulse_batch,y,,,,,-4,,1436,-234,-223,0,4,,2282073829916,
2026-08-18 23:18:38.078,pulse_batch,y,,,,,-4,,1440,-238,-227,0,4,,2282095363934,
2026-08-18 23:18:38.098,pulse_batch,y,,,,,-4,,1444,-242,-231,0,4,,2282116099252,
2026-08-18 23:18:38.119,pulse_batch,y,,,,,-4,,1448,-246,-235,0,4,,2282136752699,
2026-08-18 23:18:38.140,pulse_batch,y,,,,,-4,,1452,-250,-239,0,4,,2282157538794,
2026-08-18 23:18:38.160,pulse_batch,y,,,,,-4,,1456,-254,-243,0,4,,2282178170501,
2026-08-18 23:18:38.181,pulse_batch,y,,,,,-4,,1460,-258,-247,0,4,,2282198722745,
2026-08-18 23:18:38.203,pulse_batch,y,,,,,-4,,1464,-262,-251,0,4,,2282221148113,
2026-08-18 23:18:38.224,pulse_batch,y,,,,,-4,,1468,-266,-255,0,4,,2282241831838,
2026-08-18 23:18:38.245,pulse_batch,y,,,,,-4,,1472,-270,-259,0,4,,2282262400082,
2026-08-18 23:18:38.265,pulse_batch,y,,,,,-4,,1476,-274,-263,0,4,,2282283008992,
2026-08-18 23:18:38.286,pulse_batch,y,,,,,-4,,1480,-278,-267,0,4,,2282304130049,
2026-08-18 23:18:38.307,pulse_batch,y,,,,,-4,,1484,-282,-271,0,4,,2282324771867,
2026-08-18 23:18:38.328,pulse_batch,y,,,,,-4,,1488,-286,-275,0,4,,2282345681480,
2026-08-18 23:18:38.350,pulse_batch,y,,,,,-4,,1492,-290,-279,0,4,,2282367523776,
2026-08-18 23:18:38.371,pulse_batch,y,,,,,-4,,1496,-294,-283,0,4,,2282388372722,
2026-08-18 23:18:38.392,pulse_batch,y,,,,,-4,,1500,-298,-287,0,4,,2282409734630,
2026-08-18 23:18:38.414,pulse_batch,y,,,,,-4,,1504,-302,-291,0,4,,2282431765388,
2026-08-18 23:18:38.435,pulse_batch,y,,,,,-4,,1508,-306,-295,0,4,,2282452963796,
2026-08-18 23:18:38.456,pulse_batch,y,,,,,-4,,1512,-310,-299,0,4,,2282473519707,
2026-08-18 23:18:38.478,pulse_batch,y,,,,,-4,,1516,-314,-303,0,4,,2282495982704,
2026-08-18 23:18:38.499,pulse_batch,y,,,,,-4,,1520,-318,-307,0,4,,2282516681911,
2026-08-18 23:18:38.520,pulse_batch,y,,,,,-4,,1524,-322,-311,0,4,,2282537278617,
2026-08-18 23:18:38.540,pulse_batch,y,,,,,-4,,1528,-326,-315,0,4,,2282558018157,
2026-08-18 23:18:38.561,pulse_batch,y,,,,,-4,,1532,-330,-319,0,4,,2282578765567,
2026-08-18 23:18:38.582,pulse_batch,y,,,,,-4,,1536,-334,-323,0,4,,2282599364626,
2026-08-18 23:18:38.605,pulse_batch,y,,,,,-4,,1540,-338,-327,0,4,,2282622142900,
2026-08-18 23:18:38.625,pulse_batch,y,,,,,-4,,1544,-342,-331,0,4,,2282643035476,
2026-08-18 23:18:38.646,pulse_batch,y,,,,,-4,,1548,-346,-335,0,4,,2282663646997,
2026-08-18 23:18:38.664,pulse_batch,y,,,,,-3,,1551,-349,-338,0,4,,2282681959934,
2026-08-18 23:18:38.664,move_finish,y,,,5,,,,1551,-349,-338,0,4,,2282682090952,
2026-08-18 23:18:38.862,approach_source_finish,x,2,stored,,,,-1,,733,733,77,77,733,,
2026-08-18 23:18:38.862,approach_source_finish,y,2,stored,,,,-1,,-349,-338,0,4,-338,,
2026-08-18 23:18:38.866,move_start,y,,,6,-14,,-1,1551,-349,-338,0,4,,2282883699481,
2026-08-18 23:18:38.866,move_start,x,,,6,-164,,-1,4135,733,733,77,77,,2282883882925,
2026-08-18 23:18:38.869,pulse_batch,y,,,,,-1,,1552,-350,-339,0,4,,2282886734878,
2026-08-18 23:18:38.869,pulse_batch,x,,,,,-1,,4136,732,733,76,77,,2282886640156,
2026-08-18 23:18:38.890,pulse_batch,x,,,,,-4,,4140,728,733,72,77,,2282907634213,
2026-08-18 23:18:38.890,pulse_batch,y,,,,,-4,,1556,-354,-343,0,4,,2282907562269,
2026-08-18 23:18:38.910,pulse_batch,y,,,,,-4,,1560,-358,-347,0,4,,2282928179272,
2026-08-18 23:18:38.911,pulse_batch,x,,,,,-4,,4144,724,733,68,77,,2282928302494,
2026-08-18 23:18:38.931,pulse_batch,y,,,,,-4,,1564,-362,-351,0,4,,2282948934349,
2026-08-18 23:18:38.931,pulse_batch,x,,,,,-4,,4148,720,733,64,77,,2282948997645,
2026-08-18 23:18:38.941,pulse_batch,y,,,,,-1,,1565,-363,-352,0,4,,2282958679371,
2026-08-18 23:18:38.941,move_finish,y,,,6,,,,1565,-363,-352,0,4,,2282959106129,
2026-08-18 23:18:38.954,pulse_batch,x,,,,,-4,,4152,716,733,60,77,,2282971812937,
2026-08-18 23:18:38.975,pulse_batch,x,,,,,-4,,4156,712,733,56,77,,2282992442607,
2026-08-18 23:18:38.997,pulse_batch,x,,,,,-4,,4160,708,733,52,77,,2283014665216,
2026-08-18 23:18:39.018,pulse_batch,x,,,,,-4,,4164,704,733,48,77,,2283035432051,
2026-08-18 23:18:39.038,pulse_batch,x,,,,,-4,,4168,700,733,44,77,,2283056215091,
2026-08-18 23:18:39.059,pulse_batch,x,,,,,-4,,4172,696,733,40,77,,2283077013279,
2026-08-18 23:18:39.081,pulse_batch,x,,,,,-4,,4176,692,733,36,77,,2283098959629,
2026-08-18 23:18:39.102,pulse_batch,x,,,,,-4,,4180,688,733,32,77,,2283119585780,
2026-08-18 23:18:39.123,pulse_batch,x,,,,,-4,,4184,684,733,28,77,,2283140201247,
2026-08-18 23:18:39.143,pulse_batch,x,,,,,-4,,4188,680,733,24,77,,2283161114026,
2026-08-18 23:18:39.167,pulse_batch,x,,,,,-4,,4192,676,733,20,77,,2283185037592,
2026-08-18 23:18:39.188,pulse_batch,x,,,,,-4,,4196,672,733,16,77,,2283205557762,
2026-08-18 23:18:39.210,pulse_batch,x,,,,,-4,,4200,668,733,12,77,,2283227610687,
2026-08-18 23:18:39.231,pulse_batch,x,,,,,-4,,4204,664,733,8,77,,2283248477059,
2026-08-18 23:18:39.251,pulse_batch,x,,,,,-4,,4208,660,733,4,77,,2283269045507,
2026-08-18 23:18:39.274,pulse_batch,x,,,,,-4,,4212,656,733,0,77,,2283291726947,
2026-08-18 23:18:39.295,pulse_batch,x,,,,,-4,,4216,652,729,0,77,,2283312525765,
2026-08-18 23:18:39.315,pulse_batch,x,,,,,-4,,4220,648,725,0,77,,2283333123546,
2026-08-18 23:18:39.336,pulse_batch,x,,,,,-4,,4224,644,721,0,77,,2283353744438,
2026-08-18 23:18:39.357,pulse_batch,x,,,,,-4,,4228,640,717,0,77,,2283374597310,
2026-08-18 23:18:39.378,pulse_batch,x,,,,,-4,,4232,636,713,0,77,,2283395300980,
2026-08-18 23:18:39.398,pulse_batch,x,,,,,-4,,4236,632,709,0,77,,2283416033890,
2026-08-18 23:18:39.421,pulse_batch,x,,,,,-4,,4240,628,705,0,77,,2283438325239,
2026-08-18 23:18:39.441,pulse_batch,x,,,,,-4,,4244,624,701,0,77,,2283459059131,
2026-08-18 23:18:39.462,pulse_batch,x,,,,,-4,,4248,620,697,0,77,,2283479646004,
2026-08-18 23:18:39.486,pulse_batch,x,,,,,-4,,4252,616,693,0,77,,2283504129994,
2026-08-18 23:18:39.507,pulse_batch,x,,,,,-4,,4256,612,689,0,77,,2283524723275,
2026-08-18 23:18:39.528,pulse_batch,x,,,,,-4,,4260,608,685,0,77,,2283545346927,
2026-08-18 23:18:39.548,pulse_batch,x,,,,,-4,,4264,604,681,0,77,,2283566080818,
2026-08-18 23:18:39.569,pulse_batch,x,,,,,-4,,4268,600,677,0,77,,2283586885876,
2026-08-18 23:18:39.590,pulse_batch,x,,,,,-4,,4272,596,673,0,77,,2283607425824,
2026-08-18 23:18:39.612,pulse_batch,x,,,,,-4,,4276,592,669,0,77,,2283629291860,
2026-08-18 23:18:39.632,pulse_batch,x,,,,,-4,,4280,588,665,0,77,,2283650010511,
2026-08-18 23:18:39.653,pulse_batch,x,,,,,-4,,4284,584,661,0,77,,2283670542774,
2026-08-18 23:18:39.674,pulse_batch,x,,,,,-4,,4288,580,657,0,77,,2283691820682,
2026-08-18 23:18:39.695,pulse_batch,x,,,,,-4,,4292,576,653,0,77,,2283712546888,
2026-08-18 23:18:39.715,pulse_batch,x,,,,,-4,,4296,572,649,0,77,,2283733110762,
2026-08-18 23:18:39.734,pulse_batch,x,,,,,-3,,4299,569,646,0,77,,2283751694068,
2026-08-18 23:18:39.734,move_finish,x,,,6,,,,4299,569,646,0,77,,2283751859679,
2026-08-18 23:18:39.930,target_finish,x,2,stored,,,,,,569,646,0,77,646,,ok=True
2026-08-18 23:18:39.930,target_finish,y,2,stored,,,,,,-363,-352,0,4,-352,,ok=True
2026-08-18 23:18:42.942,target_start,x,3,stored,,,,,,569,646,0,77,306,,
2026-08-18 23:18:42.942,target_start,y,3,stored,,,,,,-363,-352,0,4,-416,,
2026-08-18 23:18:42.943,approach_source_start,x,3,stored,,,,-1,,569,646,0,77,393,,
2026-08-18 23:18:42.943,approach_source_start,y,3,stored,,,,-1,,-363,-352,0,4,-402,,
2026-08-18 23:18:42.947,move_start,y,,,7,-50,,-1,1565,-363,-352,0,4,,2286964325514,
2026-08-18 23:18:42.947,move_start,x,,,7,-253,,-1,4299,569,646,0,77,,2286964507995,
2026-08-18 23:18:42.950,pulse_batch,y,,,,,-1,,1566,-364,-353,0,4,,2286967309634,
2026-08-18 23:18:42.950,pulse_batch,x,,,,,-1,,4300,568,645,0,77,,2286967558836,
2026-08-18 23:18:42.971,pulse_batch,y,,,,,-4,,1570,-368,-357,0,4,,2286988960818,
2026-08-18 23:18:42.971,pulse_batch,x,,,,,-4,,4304,564,641,0,77,,2286989049596,
2026-08-18 23:18:42.992,pulse_batch,y,,,,,-4,,1574,-372,-361,0,4,,2287009798450,
2026-08-18 23:18:42.993,pulse_batch,x,,,,,-4,,4308,560,637,0,77,,2287010292412,
2026-08-18 23:18:43.014,pulse_batch,y,,,,,-4,,1578,-376,-365,0,4,,2287032067355,
2026-08-18 23:18:43.017,pulse_batch,x,,,,,-4,,4312,556,633,0,77,,2287034572809,
2026-08-18 23:18:43.035,pulse_batch,y,,,,,-4,,1582,-380,-369,0,4,,2287052775580,
2026-08-18 23:18:43.037,pulse_batch,x,,,,,-4,,4316,552,629,0,77,,2287055217331,
2026-08-18 23:18:43.056,pulse_batch,y,,,,,-4,,1586,-384,-373,0,4,,2287073392620,
2026-08-18 23:18:43.058,pulse_batch,x,,,,,-4,,4320,548,625,0,77,,2287075731094,
2026-08-18 23:18:43.078,pulse_batch,y,,,,,-4,,1590,-388,-377,0,4,,2287095631062,
2026-08-18 23:18:43.081,pulse_batch,x,,,,,-4,,4324,544,621,0,77,,2287098173146,
2026-08-18 23:18:43.099,pulse_batch,y,,,,,-4,,1594,-392,-381,0,4,,2287116983341,
2026-08-18 23:18:43.101,pulse_batch,x,,,,,-4,,4328,540,617,0,77,,2287118861834,
2026-08-18 23:18:43.120,pulse_batch,y,,,,,-4,,1598,-396,-385,0,4,,2287137530659,
2026-08-18 23:18:43.122,pulse_batch,x,,,,,-4,,4332,536,613,0,77,,2287139419801,
2026-08-18 23:18:43.142,pulse_batch,y,,,,,-4,,1602,-400,-389,0,4,,2287159670138,
2026-08-18 23:18:43.142,pulse_batch,x,,,,,-4,,4336,532,609,0,77,,2287160068767,
2026-08-18 23:18:43.163,pulse_batch,y,,,,,-4,,1606,-404,-393,0,4,,2287180963787,
2026-08-18 23:18:43.163,pulse_batch,x,,,,,-4,,4340,528,605,0,77,,2287181162046,
2026-08-18 23:18:43.184,pulse_batch,y,,,,,-4,,1610,-408,-397,0,4,,2287201623753,
2026-08-18 23:18:43.184,pulse_batch,x,,,,,-4,,4344,524,601,0,77,,2287201828641,
2026-08-18 23:18:43.205,pulse_batch,y,,,,,-4,,1614,-412,-401,0,4,,2287222405756,
2026-08-18 23:18:43.206,pulse_batch,x,,,,,-4,,4348,520,597,0,77,,2287224095435,
2026-08-18 23:18:43.214,pulse_batch,y,,,,,-1,,1615,-413,-402,0,4,,2287232058797,
2026-08-18 23:18:43.215,move_finish,y,,,7,,,,1615,-413,-402,0,4,,2287232427147,
2026-08-18 23:18:43.228,pulse_batch,x,,,,,-4,,4352,516,593,0,77,,2287246174359,
2026-08-18 23:18:43.249,pulse_batch,x,,,,,-4,,4356,512,589,0,77,,2287266780548,
2026-08-18 23:18:43.270,pulse_batch,x,,,,,-4,,4360,508,585,0,77,,2287287737142,
2026-08-18 23:18:43.292,pulse_batch,x,,,,,-4,,4364,504,581,0,77,,2287309429216,
2026-08-18 23:18:43.313,pulse_batch,x,,,,,-4,,4368,500,577,0,77,,2287330319236,
2026-08-18 23:18:43.333,pulse_batch,x,,,,,-4,,4372,496,573,0,77,,2287351003924,
2026-08-18 23:18:43.356,pulse_batch,x,,,,,-4,,4376,492,569,0,77,,2287373422107,
2026-08-18 23:18:43.378,pulse_batch,x,,,,,-4,,4380,488,565,0,77,,2287395930399,
2026-08-18 23:18:43.399,pulse_batch,x,,,,,-4,,4384,484,561,0,77,,2287416712495,
2026-08-18 23:18:43.420,pulse_batch,x,,,,,-4,,4388,480,557,0,77,,2287437415646,
2026-08-18 23:18:43.441,pulse_batch,x,,,,,-4,,4392,476,553,0,77,,2287458376499,
2026-08-18 23:18:43.461,pulse_batch,x,,,,,-4,,4396,472,549,0,77,,2287478913188,
2026-08-18 23:18:43.483,pulse_batch,x,,,,,-4,,4400,468,545,0,77,,2287500442132,
2026-08-18 23:18:43.504,pulse_batch,x,,,,,-4,,4404,464,541,0,77,,2287521943077,
2026-08-18 23:18:43.525,pulse_batch,x,,,,,-4,,4408,460,537,0,77,,2287542535636,
2026-08-18 23:18:43.547,pulse_batch,x,,,,,-4,,4412,456,533,0,77,,2287564740115,
2026-08-18 23:18:43.569,pulse_batch,x,,,,,-4,,4416,452,529,0,77,,2287586500984,
2026-08-18 23:18:43.589,pulse_batch,x,,,,,-4,,4420,448,525,0,77,,2287607066340,
2026-08-18 23:18:43.611,pulse_batch,x,,,,,-4,,4424,444,521,0,77,,2287628824857,
2026-08-18 23:18:43.632,pulse_batch,x,,,,,-4,,4428,440,517,0,77,,2287649568027,
2026-08-18 23:18:43.652,pulse_batch,x,,,,,-4,,4432,436,513,0,77,,2287670136234,
2026-08-18 23:18:43.673,pulse_batch,x,,,,,-4,,4436,432,509,0,77,,2287690803607,
2026-08-18 23:18:43.694,pulse_batch,x,,,,,-4,,4440,428,505,0,77,,2287711762739,
2026-08-18 23:18:43.715,pulse_batch,x,,,,,-4,,4444,424,501,0,77,,2287732350057,
2026-08-18 23:18:43.735,pulse_batch,x,,,,,-4,,4448,420,497,0,77,,2287752907930,
2026-08-18 23:18:43.758,pulse_batch,x,,,,,-4,,4452,416,493,0,77,,2287775289353,
2026-08-18 23:18:43.778,pulse_batch,x,,,,,-4,,4456,412,489,0,77,,2287795892134,
2026-08-18 23:18:43.799,pulse_batch,x,,,,,-4,,4460,408,485,0,77,,2287816520730,
2026-08-18 23:18:43.820,pulse_batch,x,,,,,-4,,4464,404,481,0,77,,2287837267974,
2026-08-18 23:18:43.840,pulse_batch,x,,,,,-4,,4468,400,477,0,77,,2287858140550,
2026-08-18 23:18:43.861,pulse_batch,x,,,,,-4,,4472,396,473,0,77,,2287878690757,
2026-08-18 23:18:43.884,pulse_batch,x,,,,,-4,,4476,392,469,0,77,,2287901807122,
2026-08-18 23:18:43.905,pulse_batch,x,,,,,-4,,4480,388,465,0,77,,2287922903679,
2026-08-18 23:18:43.926,pulse_batch,x,,,,,-4,,4484,384,461,0,77,,2287943402349,
2026-08-18 23:18:43.950,pulse_batch,x,,,,,-4,,4488,380,457,0,77,,2287967589247,
2026-08-18 23:18:43.971,pulse_batch,x,,,,,-4,,4492,376,453,0,77,,2287989122044,
2026-08-18 23:18:43.992,pulse_batch,x,,,,,-4,,4496,372,449,0,77,,2288009651473,
2026-08-18 23:18:44.014,pulse_batch,x,,,,,-4,,4500,368,445,0,77,,2288031947026,
2026-08-18 23:18:44.035,pulse_batch,x,,,,,-4,,4504,364,441,0,77,,2288052950694,
2026-08-18 23:18:44.056,pulse_batch,x,,,,,-4,,4508,360,437,0,77,,2288073524587,
2026-08-18 23:18:44.078,pulse_batch,x,,,,,-4,,4512,356,433,0,77,,2288095925843,
2026-08-18 23:18:44.099,pulse_batch,x,,,,,-4,,4516,352,429,0,77,,2288117143529,
2026-08-18 23:18:44.120,pulse_batch,x,,,,,-4,,4520,348,425,0,77,,2288137681384,
2026-08-18 23:18:44.141,pulse_batch,x,,,,,-4,,4524,344,421,0,77,,2288158253258,
2026-08-18 23:18:44.161,pulse_batch,x,,,,,-4,,4528,340,417,0,77,,2288179128519,
2026-08-18 23:18:44.182,pulse_batch,x,,,,,-4,,4532,336,413,0,77,,2288199697319,
2026-08-18 23:18:44.203,pulse_batch,x,,,,,-4,,4536,332,409,0,77,,2288220303804,
2026-08-18 23:18:44.224,pulse_batch,x,,,,,-4,,4540,328,405,0,77,,2288241131510,
2026-08-18 23:18:44.244,pulse_batch,x,,,,,-4,,4544,324,401,0,77,,2288261680921,
2026-08-18 23:18:44.264,pulse_batch,x,,,,,-4,,4548,320,397,0,77,,2288282236998,
2026-08-18 23:18:44.287,pulse_batch,x,,,,,-4,,4552,316,393,0,77,,2288304305848,
2026-08-18 23:18:44.289,move_finish,x,,,7,,,,4552,316,393,0,77,,2288306916432,
2026-08-18 23:18:44.467,approach_source_finish,x,3,stored,,,,-1,,316,393,0,77,393,,
2026-08-18 23:18:44.467,approach_source_finish,y,3,stored,,,,-1,,-413,-402,0,4,-402,,
2026-08-18 23:18:44.471,move_start,x,,,8,-87,,-1,4552,316,393,0,77,,2288489008953,
2026-08-18 23:18:44.471,move_start,y,,,8,-14,,-1,1615,-413,-402,0,4,,2288489201397,
2026-08-18 23:18:44.474,pulse_batch,x,,,,,-1,,4553,315,392,0,77,,2288491951480,
2026-08-18 23:18:44.474,pulse_batch,y,,,,,-1,,1616,-414,-403,0,4,,2288492094943,
2026-08-18 23:18:44.495,pulse_batch,y,,,,,-4,,1620,-418,-407,0,4,,2288512827557,
2026-08-18 23:18:44.495,pulse_batch,x,,,,,-4,,4557,311,388,0,77,,2288512910853,
2026-08-18 23:18:44.516,pulse_batch,y,,,,,-4,,1624,-422,-411,0,4,,2288533451171,
2026-08-18 23:18:44.516,pulse_batch,x,,,,,-4,,4561,307,384,0,77,,2288533666855,
2026-08-18 23:18:44.536,pulse_batch,y,,,,,-4,,1628,-426,-415,0,4,,2288554130525,
2026-08-18 23:18:44.537,pulse_batch,x,,,,,-4,,4565,303,380,0,77,,2288554312154,
2026-08-18 23:18:44.546,pulse_batch,y,,,,,-1,,1629,-427,-416,0,4,,2288563306198,
2026-08-18 23:18:44.546,move_finish,y,,,8,,,,1629,-427,-416,0,4,,2288563653808,
2026-08-18 23:18:44.559,pulse_batch,x,,,,,-4,,4569,299,376,0,77,,2288576588059,
2026-08-18 23:18:44.579,pulse_batch,x,,,,,-4,,4573,295,372,0,77,,2288597247155,
2026-08-18 23:18:44.600,pulse_batch,x,,,,,-4,,4577,291,368,0,77,,2288617806695,
2026-08-18 23:18:44.621,pulse_batch,x,,,,,-4,,4581,287,364,0,77,,2288638569791,
2026-08-18 23:18:44.642,pulse_batch,x,,,,,-4,,4585,283,360,0,77,,2288659762699,
2026-08-18 23:18:44.663,pulse_batch,x,,,,,-4,,4589,279,356,0,77,,2288680339295,
2026-08-18 23:18:44.684,pulse_batch,x,,,,,-4,,4593,275,352,0,77,,2288701659462,
2026-08-18 23:18:44.704,pulse_batch,x,,,,,-4,,4597,271,348,0,77,,2288722251873,
2026-08-18 23:18:44.725,pulse_batch,x,,,,,-4,,4601,267,344,0,77,,2288743213116,
2026-08-18 23:18:44.746,pulse_batch,x,,,,,-4,,4605,263,340,0,77,,2288763979044,
2026-08-18 23:18:44.767,pulse_batch,x,,,,,-4,,4609,259,336,0,77,,2288784863472,
2026-08-18 23:18:44.788,pulse_batch,x,,,,,-4,,4613,255,332,0,77,,2288805445068,
2026-08-18 23:18:44.812,pulse_batch,x,,,,,-4,,4617,251,328,0,77,,2288827939491,
2026-08-18 23:18:44.831,pulse_batch,x,,,,,-4,,4621,247,324,0,77,,2288848805012,
2026-08-18 23:18:44.852,pulse_batch,x,,,,,-4,,4625,243,320,0,77,,2288869434830,
2026-08-18 23:18:44.874,pulse_batch,x,,,,,-4,,4629,239,316,0,77,,2288892110900,
2026-08-18 23:18:44.898,pulse_batch,x,,,,,-4,,4633,235,312,0,77,,2288916041058,
2026-08-18 23:18:44.919,pulse_batch,x,,,,,-4,,4637,231,308,0,77,,2288936890653,
2026-08-18 23:18:44.934,pulse_batch,x,,,,,-2,,4639,229,306,0,77,,2288952077675,
2026-08-18 23:18:44.935,move_finish,x,,,8,,,,4639,229,306,0,77,,2288952316859,
2026-08-18 23:18:45.135,target_finish,x,3,stored,,,,,,229,306,0,77,306,,ok=True
2026-08-18 23:18:45.135,target_finish,y,3,stored,,,,,,-427,-416,0,4,-416,,ok=True
2026-08-18 23:18:48.150,target_start,x,4,stored,,,,,,229,306,0,77,-134,,
2026-08-18 23:18:48.150,target_start,y,4,stored,,,,,,-427,-416,0,4,-416,,
2026-08-18 23:18:48.150,approach_source_start,x,4,stored,,,,-1,,229,306,0,77,-47,,
2026-08-18 23:18:48.150,approach_source_start,y,4,stored,,,,-1,,-427,-416,0,4,-402,,
2026-08-18 23:18:48.154,move_start,y,,,9,18,,1,1629,-427,-416,0,4,,2292172115762,
2026-08-18 23:18:48.155,move_start,x,,,9,-353,,-1,4639,229,306,0,77,,2292172199503,
2026-08-18 23:18:48.157,pulse_batch,y,,,,,1,,1630,-426,-416,1,4,,2292175097660,
2026-08-18 23:18:48.158,pulse_batch,x,,,,,-1,,4640,228,305,0,77,,2292175348270,
2026-08-18 23:18:48.179,pulse_batch,y,,,,,4,,1634,-422,-415,4,4,,2292196118328,
2026-08-18 23:18:48.181,pulse_batch,x,,,,,-4,,4644,224,301,0,77,,2292198947115,
2026-08-18 23:18:48.199,pulse_batch,y,,,,,4,,1638,-418,-411,4,4,,2292216651183,
2026-08-18 23:18:48.202,pulse_batch,x,,,,,-4,,4648,220,297,0,77,,2292219585525,
2026-08-18 23:18:48.224,pulse_batch,y,,,,,4,,1642,-414,-407,4,4,,2292241455302,
2026-08-18 23:18:48.227,pulse_batch,x,,,,,-4,,4652,216,293,0,77,,2292245167048,
2026-08-18 23:18:48.245,pulse_batch,y,,,,,4,,1646,-410,-403,4,4,,2292262223471,
2026-08-18 23:18:48.248,pulse_batch,x,,,,,-4,,4656,212,289,0,77,,2292265865403,
2026-08-18 23:18:48.252,pulse_batch,y,,,,,1,,1647,-409,-402,4,4,,2292269911037,
2026-08-18 23:18:48.252,move_finish,y,,,9,,,,1647,-409,-402,4,4,,2292270086055,
2026-08-18 23:18:48.269,pulse_batch,x,,,,,-4,,4660,208,285,0,77,,2292287067589,
2026-08-18 23:18:48.291,pulse_batch,x,,,,,-4,,4664,204,281,0,77,,2292308970588,
2026-08-18 23:18:48.312,pulse_batch,x,,,,,-4,,4668,200,277,0,77,,2292329890534,
2026-08-18 23:18:48.333,pulse_batch,x,,,,,-4,,4672,196,273,0,77,,2292350475797,
2026-08-18 23:18:48.355,pulse_batch,x,,,,,-4,,4676,192,269,0,77,,2292372303907,
2026-08-18 23:18:48.375,pulse_batch,x,,,,,-4,,4680,188,265,0,77,,2292393060613,
2026-08-18 23:18:48.396,pulse_batch,x,,,,,-4,,4684,184,261,0,77,,2292414233763,
2026-08-18 23:18:48.420,pulse_batch,x,,,,,-4,,4688,180,257,0,77,,2292437502405,
2026-08-18 23:18:48.440,pulse_batch,x,,,,,-4,,4692,176,253,0,77,,2292458163297,
2026-08-18 23:18:48.461,pulse_batch,x,,,,,-4,,4696,172,249,0,77,,2292478772818,
2026-08-18 23:18:48.485,pulse_batch,x,,,,,-4,,4700,168,245,0,77,,2292503203494,
2026-08-18 23:18:48.506,pulse_batch,x,,,,,-4,,4704,164,241,0,77,,2292523896274,
2026-08-18 23:18:48.527,pulse_batch,x,,,,,-4,,4708,160,237,0,77,,2292544500648,
2026-08-18 23:18:48.550,pulse_batch,x,,,,,-4,,4712,156,233,0,77,,2292567476828,
2026-08-18 23:18:48.571,pulse_batch,x,,,,,-4,,4716,152,229,0,77,,2292588397775,
2026-08-18 23:18:48.591,pulse_batch,x,,,,,-4,,4720,148,225,0,77,,2292608996019,
2026-08-18 23:18:48.612,pulse_batch,x,,,,,-4,,4724,144,221,0,77,,2292629802280,
2026-08-18 23:18:48.634,pulse_batch,x,,,,,-4,,4728,140,217,0,77,,2292651398150,
2026-08-18 23:18:48.654,pulse_batch,x,,,,,-4,,4732,136,213,0,77,,2292672038765,
2026-08-18 23:18:48.675,pulse_batch,x,,,,,-4,,4736,132,209,0,77,,2292692845915,
2026-08-18 23:18:48.698,pulse_batch,x,,,,,-4,,4740,128,205,0,77,,2292715822873,
2026-08-18 23:18:48.719,pulse_batch,x,,,,,-4,,4744,124,201,0,77,,2292736445765,
2026-08-18 23:18:48.740,pulse_batch,x,,,,,-4,,4748,120,197,0,77,,2292757476637,
2026-08-18 23:18:48.762,pulse_batch,x,,,,,-4,,4752,116,193,0,77,,2292779879338,
2026-08-18 23:18:48.785,pulse_batch,x,,,,,-4,,4756,112,189,0,77,,2292802396094,
2026-08-18 23:18:48.805,pulse_batch,x,,,,,-4,,4760,108,185,0,77,,2292823183930,
2026-08-18 23:18:48.826,pulse_batch,x,,,,,-4,,4764,104,181,0,77,,2292843966562,
2026-08-18 23:18:48.847,pulse_batch,x,,,,,-4,,4768,100,177,0,77,,2292864733565,
2026-08-18 23:18:48.869,pulse_batch,x,,,,,-4,,4772,96,173,0,77,,2292886179824,
2026-08-18 23:18:48.891,pulse_batch,x,,,,,-4,,4776,92,169,0,77,,2292908659636,
2026-08-18 23:18:48.913,pulse_batch,x,,,,,-4,,4780,88,165,0,77,,2292930449301,
2026-08-18 23:18:48.933,pulse_batch,x,,,,,-4,,4784,84,161,0,77,,2292951074101,
2026-08-18 23:18:48.955,pulse_batch,x,,,,,-4,,4788,80,157,0,77,,2292972590434,
2026-08-18 23:18:48.976,pulse_batch,x,,,,,-4,,4792,76,153,0,77,,2292993273715,
2026-08-18 23:18:48.996,pulse_batch,x,,,,,-4,,4796,72,149,0,77,,2293013846126,
2026-08-18 23:18:49.019,pulse_batch,x,,,,,-4,,4800,68,145,0,77,,2293036636121,
2026-08-18 23:18:49.044,pulse_batch,x,,,,,-4,,4804,64,141,0,77,,2293061248018,
2026-08-18 23:18:49.064,pulse_batch,x,,,,,-4,,4808,60,137,0,77,,2293081830466,
2026-08-18 23:18:49.088,pulse_batch,x,,,,,-4,,4812,56,133,0,77,,2293105829939,
2026-08-18 23:18:49.110,pulse_batch,x,,,,,-4,,4816,52,129,0,77,,2293127865752,
2026-08-18 23:18:49.131,pulse_batch,x,,,,,-4,,4820,48,125,0,77,,2293148585144,
2026-08-18 23:18:49.153,pulse_batch,x,,,,,-4,,4824,44,121,0,77,,2293170771864,
2026-08-18 23:18:49.174,pulse_batch,x,,,,,-4,,4828,40,117,0,77,,2293191918420,
2026-08-18 23:18:49.195,pulse_batch,x,,,,,-4,,4832,36,113,0,77,,2293212566497,
2026-08-18 23:18:49.217,pulse_batch,x,,,,,-4,,4836,32,109,0,77,,2293234550144,
2026-08-18 23:18:49.240,pulse_batch,x,,,,,-4,,4840,28,105,0,77,,2293257341492,
2026-08-18 23:18:49.260,pulse_batch,x,,,,,-4,,4844,24,101,0,77,,2293278009383,
2026-08-18 23:18:49.283,pulse_batch,x,,,,,-4,,4848,20,97,0,77,,2293301001730,
2026-08-18 23:18:49.305,pulse_batch,x,,,,,-4,,4852,16,93,0,77,,2293322680433,
2026-08-18 23:18:49.325,pulse_batch,x,,,,,-4,,4856,12,89,0,77,,2293343267418,
2026-08-18 23:18:49.346,pulse_batch,x,,,,,-4,,4860,8,85,0,77,,2293363920569,
2026-08-18 23:18:49.370,pulse_batch,x,,,,,-4,,4864,4,81,0,77,,2293387938116,
2026-08-18 23:18:49.391,pulse_batch,x,,,,,-4,,4868,0,77,0,77,,2293408614804,
2026-08-18 23:18:49.412,pulse_batch,x,,,,,-4,,4872,-4,73,0,77,,2293429337215,
2026-08-18 23:18:49.436,pulse_batch,x,,,,,-4,,4876,-8,69,0,77,,2293453360743,
2026-08-18 23:18:49.456,pulse_batch,x,,,,,-4,,4880,-12,65,0,77,,2293473964857,
2026-08-18 23:18:49.477,pulse_batch,x,,,,,-4,,4884,-16,61,0,77,,2293494608805,
2026-08-18 23:18:49.501,pulse_batch,x,,,,,-4,,4888,-20,57,0,77,,2293518456704,
2026-08-18 23:18:49.521,pulse_batch,x,,,,,-4,,4892,-24,53,0,77,,2293539134263,
2026-08-18 23:18:49.542,pulse_batch,x,,,,,-4,,4896,-28,49,0,77,,2293559763618,
2026-08-18 23:18:49.564,pulse_batch,x,,,,,-4,,4900,-32,45,0,77,,2293581377432,
2026-08-18 23:18:49.584,pulse_batch,x,,,,,-4,,4904,-36,41,0,77,,2293602226546,
2026-08-18 23:18:49.605,pulse_batch,x,,,,,-4,,4908,-40,37,0,77,,2293622885197,
2026-08-18 23:18:49.626,pulse_batch,x,,,,,-4,,4912,-44,33,0,77,,2293644091661,
2026-08-18 23:18:49.647,pulse_batch,x,,,,,-4,,4916,-48,29,0,77,,2293664874089,
2026-08-18 23:18:49.668,pulse_batch,x,,,,,-4,,4920,-52,25,0,77,,2293685801554,
2026-08-18 23:18:49.689,pulse_batch,x,,,,,-3,,4923,-55,22,0,77,,2293707202722,
2026-08-18 23:18:49.714,pulse_batch,x,,,,,-4,,4927,-59,18,0,77,,2293731568693,
2026-08-18 23:18:49.735,pulse_batch,x,,,,,-4,,4931,-63,14,0,77,,2293752373548,
2026-08-18 23:18:49.758,pulse_batch,x,,,,,-4,,4935,-67,10,0,77,,2293775506468,
2026-08-18 23:18:49.778,pulse_batch,x,,,,,-4,,4939,-71,6,0,77,,2293796244137,
2026-08-18 23:18:49.799,pulse_batch,x,,,,,-4,,4943,-75,2,0,77,,2293816858696,
2026-08-18 23:18:49.822,pulse_batch,x,,,,,-4,,4947,-79,-2,0,77,,2293839583840,
2026-08-18 23:18:49.843,pulse_batch,x,,,,,-4,,4951,-83,-6,0,77,,2293860283695,
2026-08-18 23:18:49.863,pulse_batch,x,,,,,-4,,4955,-87,-10,0,77,,2293880901791,
2026-08-18 23:18:49.886,pulse_batch,x,,,,,-4,,4959,-91,-14,0,77,,2293903498417,
2026-08-18 23:18:49.907,pulse_batch,x,,,,,-4,,4963,-95,-18,0,77,,2293924222142,
2026-08-18 23:18:49.927,pulse_batch,x,,,,,-4,,4967,-99,-22,0,77,,2293944876385,
2026-08-18 23:18:49.950,pulse_batch,x,,,,,-4,,4971,-103,-26,0,77,,2293967622511,
2026-08-18 23:18:49.971,pulse_batch,x,,,,,-4,,4975,-107,-30,0,77,,2293988402717,
2026-08-18 23:18:49.991,pulse_batch,x,,,,,-4,,4979,-111,-34,0,77,,2294009036535,
2026-08-18 23:18:50.012,pulse_batch,x,,,,,-4,,4983,-115,-38,0,77,,2294030078092,
2026-08-18 23:18:50.035,pulse_batch,x,,,,,-4,,4987,-119,-42,0,77,,2294052491071,
2026-08-18 23:18:50.055,pulse_batch,x,,,,,-4,,4991,-123,-46,0,77,,2294073104870,
2026-08-18 23:18:50.063,pulse_batch,x,,,,,-1,,4992,-124,-47,0,77,,2294080809195,
2026-08-18 23:18:50.063,move_finish,x,,,9,,,,4992,-124,-47,0,77,,2294080944751,
2026-08-18 23:18:50.208,approach_source_finish,x,4,stored,,,,-1,,-124,-47,0,77,-47,,
2026-08-18 23:18:50.208,approach_source_finish,y,4,stored,,,,-1,,-409,-402,4,4,-402,,
2026-08-18 23:18:50.213,move_start,y,,,10,-18,,-1,1647,-409,-402,4,4,,2294230331385,
2026-08-18 23:18:50.213,move_start,x,,,10,-87,,-1,4992,-124,-47,0,77,,2294230471718,
2026-08-18 23:18:50.216,pulse_batch,y,,,,,-1,,1648,-410,-402,3,4,,2294233514652,
2026-08-18 23:18:50.216,pulse_batch,x,,,,,-1,,4993,-125,-48,0,77,,2294233740262,
2026-08-18 23:18:50.237,pulse_batch,x,,,,,-4,,4997,-129,-52,0,77,,2294254397395,
2026-08-18 23:18:50.237,pulse_batch,y,,,,,-4,,1652,-414,-403,0,4,,2294254647708,
2026-08-18 23:18:50.257,pulse_batch,x,,,,,-4,,5001,-133,-56,0,77,,2294274990879,
2026-08-18 23:18:50.257,pulse_batch,y,,,,,-4,,1656,-418,-407,0,4,,2294275245323,
2026-08-18 23:18:50.278,pulse_batch,x,,,,,-4,,5005,-137,-60,0,77,,2294295641012,
2026-08-18 23:18:50.278,pulse_batch,y,,,,,-4,,1660,-422,-411,0,4,,2294295857381,
2026-08-18 23:18:50.300,pulse_batch,y,,,,,-4,,1664,-426,-415,0,4,,2294317670288,
2026-08-18 23:18:50.303,pulse_batch,x,,,,,-4,,5009,-141,-64,0,77,,2294320290723,
2026-08-18 23:18:50.308,pulse_batch,y,,,,,-1,,1665,-427,-416,0,4,,2294325808353,
2026-08-18 23:18:50.308,move_finish,y,,,10,,,,1665,-427,-416,0,4,,2294326069944,
2026-08-18 23:18:50.323,pulse_batch,x,,,,,-4,,5013,-145,-68,0,77,,2294341002485,
2026-08-18 23:18:50.344,pulse_batch,x,,,,,-4,,5017,-149,-72,0,77,,2294361885247,
2026-08-18 23:18:50.367,pulse_batch,x,,,,,-4,,5021,-153,-76,0,77,,2294384534632,
2026-08-18 23:18:50.388,pulse_batch,x,,,,,-4,,5025,-157,-80,0,77,,2294406194780,
2026-08-18 23:18:50.409,pulse_batch,x,,,,,-4,,5029,-161,-84,0,77,,2294427215948,
2026-08-18 23:18:50.431,pulse_batch,x,,,,,-4,,5033,-165,-88,0,77,,2294448494745,
2026-08-18 23:18:50.452,pulse_batch,x,,,,,-4,,5037,-169,-92,0,77,,2294469259489,
2026-08-18 23:18:50.473,pulse_batch,x,,,,,-4,,5041,-173,-96,0,77,,2294490750044,
2026-08-18 23:18:50.496,pulse_batch,x,,,,,-4,,5045,-177,-100,0,77,,2294514003149,
2026-08-18 23:18:50.517,pulse_batch,x,,,,,-4,,5049,-181,-104,0,77,,2294534902318,
2026-08-18 23:18:50.538,pulse_batch,x,,,,,-4,,5053,-185,-108,0,77,,2294555547747,
2026-08-18 23:18:50.559,pulse_batch,x,,,,,-4,,5057,-189,-112,0,77,,2294576368213,
2026-08-18 23:18:50.579,pulse_batch,x,,,,,-4,,5061,-193,-116,0,77,,2294597069178,
2026-08-18 23:18:50.600,pulse_batch,x,,,,,-4,,5065,-197,-120,0,77,,2294617650348,
2026-08-18 23:18:50.624,pulse_batch,x,,,,,-4,,5069,-201,-124,0,77,,2294641346841,
2026-08-18 23:18:50.644,pulse_batch,x,,,,,-4,,5073,-205,-128,0,77,,2294662178843,
2026-08-18 23:18:50.665,pulse_batch,x,,,,,-4,,5077,-209,-132,0,77,,2294682822217,
2026-08-18 23:18:50.682,pulse_batch,x,,,,,-2,,5079,-211,-134,0,77,,2294699855714,
2026-08-18 23:18:50.682,move_finish,x,,,10,,,,5079,-211,-134,0,77,,2294700220231,
2026-08-18 23:18:50.875,target_finish,x,4,stored,,,,,,-211,-134,0,77,-134,,ok=True
2026-08-18 23:18:50.875,target_finish,y,4,stored,,,,,,-427,-416,0,4,-416,,ok=True
