timestamp,event,axis,row,target_kind,move_id,requested_steps,batch_delta,direction,total_pulses,raw_position_steps,logical_position_steps,gap_steps,backlash_steps,target_position_steps,monotonic_ns,message
2026-08-17 23:16:47.289,continuous_start,x,,,,,,-1,0,0,,,77,,6436696308300,
2026-08-17 23:16:47.291,pulse_batch,x,,,,,-1,,1,-1,,,77,,6436698020858,
2026-08-17 23:16:47.311,pulse_batch,x,,,,,-7,,8,-8,,,77,,6436718064445,
2026-08-17 23:16:47.332,pulse_batch,x,,,,,-8,,16,-16,,,77,,6436739128523,
2026-08-17 23:16:47.356,pulse_batch,x,,,,,-7,,23,-23,,,77,,6436762777687,
2026-08-17 23:16:47.357,continuous_stop,x,,,,,,-1,23,-23,,,77,,6436764231451,
2026-08-17 23:16:51.758,continuous_start,x,,,,,,-1,23,-23,,,77,,6441165197219,
2026-08-17 23:16:51.762,pulse_batch,x,,,,,-1,,24,-24,,,77,,6441169032720,
2026-08-17 23:16:51.765,continuous_stop,x,,,,,,-1,24,-24,,,77,,6441172453558,
2026-08-17 23:16:52.295,continuous_start,x,,,,,,-1,24,-24,,,77,,6441701923783,
2026-08-17 23:16:52.299,pulse_batch,x,,,,,-1,,25,-25,,,77,,6441706015152,
2026-08-17 23:16:52.322,pulse_batch,x,,,,,-3,,28,-28,,,77,,6441729490098,
2026-08-17 23:16:52.343,pulse_batch,x,,,,,-3,,31,-31,,,77,,6441749966867,
2026-08-17 23:16:52.360,pulse_batch,x,,,,,-2,,33,-33,,,77,,6441767469073,
2026-08-17 23:16:52.360,continuous_stop,x,,,,,,-1,33,-33,,,77,,6441767653571,
2026-08-17 23:17:05.037,continuous_start,y,,,,,,1,0,0,,,4,,6454444496435,
2026-08-17 23:17:05.041,pulse_batch,y,,,,,1,,1,1,,,4,,6454448143364,
2026-08-17 23:17:05.062,pulse_batch,y,,,,,3,,4,4,,,4,,6454468806766,
2026-08-17 23:17:05.082,pulse_batch,y,,,,,3,,7,7,,,4,,6454489260928,
2026-08-17 23:17:05.104,pulse_batch,y,,,,,3,,10,10,,,4,,6454511296742,
2026-08-17 23:17:05.108,continuous_stop,y,,,,,,1,10,10,,,4,,6454514718507,
2026-08-17 23:17:05.506,continuous_start,y,,,,,,1,10,10,,,4,,6454913145520,
2026-08-17 23:17:05.510,pulse_batch,y,,,,,1,,11,11,,,4,,6454916775949,
2026-08-17 23:17:05.530,pulse_batch,y,,,,,3,,14,14,,,4,,6454937417443,
2026-08-17 23:17:05.551,pulse_batch,y,,,,,3,,17,17,,,4,,6454957849476,
2026-08-17 23:17:05.572,pulse_batch,y,,,,,3,,20,20,,,4,,6454979580164,
2026-08-17 23:17:05.593,pulse_batch,y,,,,,3,,23,23,,,4,,6455000165140,
2026-08-17 23:17:05.613,pulse_batch,y,,,,,3,,26,26,,,4,,6455020582784,
2026-08-17 23:17:05.635,pulse_batch,y,,,,,3,,29,29,,,4,,6455042136510,
2026-08-17 23:17:05.639,continuous_stop,y,,,,,,1,29,29,,,4,,6455045725125,
2026-08-17 23:17:06.306,continuous_start,y,,,,,,1,29,29,,,4,,6455713531368,
2026-08-17 23:17:06.310,pulse_batch,y,,,,,1,,30,30,,,4,,6455717226204,
2026-08-17 23:17:06.331,pulse_batch,y,,,,,3,,33,33,,,4,,6455737867458,
2026-08-17 23:17:06.351,pulse_batch,y,,,,,3,,36,36,,,4,,6455758293602,
2026-08-17 23:17:06.373,pulse_batch,y,,,,,3,,39,39,,,4,,6455779841588,
2026-08-17 23:17:06.393,pulse_batch,y,,,,,3,,42,42,,,4,,6455800337658,
2026-08-17 23:17:06.414,pulse_batch,y,,,,,3,,45,45,,,4,,6455820814431,
2026-08-17 23:17:06.437,pulse_batch,y,,,,,3,,48,48,,,4,,6455844149178,
2026-08-17 23:17:06.441,continuous_stop,y,,,,,,1,48,48,,,4,,6455847665905,
2026-08-17 23:17:07.039,continuous_start,y,,,,,,-1,48,48,,,4,,6456446463422,
2026-08-17 23:17:07.043,pulse_batch,y,,,,,-1,,49,47,,,4,,6456450184684,
2026-08-17 23:17:07.064,pulse_batch,y,,,,,-3,,52,44,,,4,,6456470710994,
2026-08-17 23:17:07.084,pulse_batch,y,,,,,-3,,55,41,,,4,,6456491129694,
2026-08-17 23:17:07.105,pulse_batch,y,,,,,-3,,58,38,,,4,,6456512111889,
2026-08-17 23:17:07.128,pulse_batch,y,,,,,-3,,61,35,,,4,,6456534936049,
2026-08-17 23:17:07.148,pulse_batch,y,,,,,-3,,64,32,,,4,,6456555362527,
2026-08-17 23:17:07.170,pulse_batch,y,,,,,-3,,67,29,,,4,,6456577411916,
2026-08-17 23:17:07.191,pulse_batch,y,,,,,-3,,70,26,,,4,,6456598090428,
2026-08-17 23:17:07.211,pulse_batch,y,,,,,-3,,73,23,,,4,,6456618564406,
2026-08-17 23:17:07.233,pulse_batch,y,,,,,-3,,76,20,,,4,,6456639746303,
2026-08-17 23:17:07.238,continuous_stop,y,,,,,,-1,76,20,,,4,,6456645419602,
2026-08-17 23:17:07.706,continuous_start,y,,,,,,-1,76,20,,,4,,6457113216003,
2026-08-17 23:17:07.710,pulse_batch,y,,,,,-1,,77,19,,,4,,6457116917876,
2026-08-17 23:17:07.730,pulse_batch,y,,,,,-3,,80,16,,,4,,6457137471612,
2026-08-17 23:17:07.751,pulse_batch,y,,,,,-3,,83,13,,,4,,6457157873794,
2026-08-17 23:17:07.771,pulse_batch,y,,,,,-3,,86,10,,,4,,6457178585325,
2026-08-17 23:17:07.792,pulse_batch,y,,,,,-3,,89,7,,,4,,6457199126802,
2026-08-17 23:17:07.812,pulse_batch,y,,,,,-3,,92,4,,,4,,6457219625168,
2026-08-17 23:17:07.833,pulse_batch,y,,,,,-3,,95,1,,,4,,6457240427735,
2026-08-17 23:17:07.844,pulse_batch,y,,,,,-1,,96,0,,,4,,6457250787509,
2026-08-17 23:17:07.844,continuous_stop,y,,,,,,-1,96,0,,,4,,6457251063192,
2026-08-17 23:17:08.710,continuous_start,y,,,,,,-1,96,0,,,4,,6458116550279,
2026-08-17 23:17:08.713,pulse_batch,y,,,,,-1,,97,-1,,,4,,6458120426373,
2026-08-17 23:17:08.734,pulse_batch,y,,,,,-3,,100,-4,,,4,,6458141049831,
2026-08-17 23:17:08.754,pulse_batch,y,,,,,-3,,103,-7,,,4,,6458161492346,
2026-08-17 23:17:08.777,pulse_batch,y,,,,,-3,,106,-10,,,4,,6458183624846,
2026-08-17 23:17:08.780,continuous_stop,y,,,,,,-1,106,-10,,,4,,6458187073240,
2026-08-17 23:17:13.913,continuous_start,x,,,,,,1,33,-33,,,77,,6463319983365,
2026-08-17 23:17:13.917,pulse_batch,x,,,,,1,,34,-32,,,77,,6463323684794,
2026-08-17 23:17:13.937,pulse_batch,x,,,,,3,,37,-29,,,77,,6463344229050,
2026-08-17 23:17:13.957,pulse_batch,x,,,,,3,,40,-26,,,77,,6463364663677,
2026-08-17 23:17:13.980,pulse_batch,x,,,,,3,,43,-23,,,77,,6463386972825,
2026-08-17 23:17:14.000,pulse_batch,x,,,,,3,,46,-20,,,77,,6463407518044,
2026-08-17 23:17:14.021,pulse_batch,x,,,,,3,,49,-17,,,77,,6463428012857,
2026-08-17 23:17:14.041,pulse_batch,x,,,,,3,,52,-14,,,77,,6463448509891,
2026-08-17 23:17:14.062,pulse_batch,x,,,,,3,,55,-11,,,77,,6463469109295,
2026-08-17 23:17:14.082,pulse_batch,x,,,,,3,,58,-8,,,77,,6463489580719,
2026-08-17 23:17:14.103,pulse_batch,x,,,,,3,,61,-5,,,77,,6463510015754,
2026-08-17 23:17:14.124,pulse_batch,x,,,,,3,,64,-2,,,77,,6463531083895,
2026-08-17 23:17:14.144,pulse_batch,x,,,,,3,,67,1,,,77,,6463551605689,
2026-08-17 23:17:14.165,pulse_batch,x,,,,,3,,70,4,,,77,,6463571984854,
2026-08-17 23:17:14.187,pulse_batch,x,,,,,3,,73,7,,,77,,6463594069189,
2026-08-17 23:17:14.208,pulse_batch,x,,,,,3,,76,10,,,77,,6463615534492,
2026-08-17 23:17:14.229,pulse_batch,x,,,,,3,,79,13,,,77,,6463635951509,
2026-08-17 23:17:14.250,pulse_batch,x,,,,,3,,82,16,,,77,,6463657403350,
2026-08-17 23:17:14.271,pulse_batch,x,,,,,3,,85,19,,,77,,6463677994273,
2026-08-17 23:17:14.291,pulse_batch,x,,,,,3,,88,22,,,77,,6463698446771,
2026-08-17 23:17:14.313,pulse_batch,x,,,,,3,,91,25,,,77,,6463720304552,
2026-08-17 23:17:14.317,continuous_stop,x,,,,,,1,91,25,,,77,,6463723772113,
2026-08-17 23:17:14.647,continuous_start,x,,,,,,1,91,25,,,77,,6464053753279,
2026-08-17 23:17:14.650,pulse_batch,x,,,,,1,,92,26,,,77,,6464057430597,
2026-08-17 23:17:14.671,pulse_batch,x,,,,,3,,95,29,,,77,,6464078015520,
2026-08-17 23:17:14.691,pulse_batch,x,,,,,3,,98,32,,,77,,6464098404944,
2026-08-17 23:17:14.712,pulse_batch,x,,,,,3,,101,35,,,77,,6464118989608,
2026-08-17 23:17:14.732,pulse_batch,x,,,,,3,,104,38,,,77,,6464139396458,
2026-08-17 23:17:14.755,pulse_batch,x,,,,,3,,107,41,,,77,,6464161717698,
2026-08-17 23:17:14.775,pulse_batch,x,,,,,3,,110,44,,,77,,6464182222715,
2026-08-17 23:17:14.796,pulse_batch,x,,,,,3,,113,47,,,77,,6464202796545,
2026-08-17 23:17:14.816,pulse_batch,x,,,,,3,,116,50,,,77,,6464223279950,
2026-08-17 23:17:14.837,pulse_batch,x,,,,,3,,119,53,,,77,,6464243791096,
2026-08-17 23:17:14.858,pulse_batch,x,,,,,3,,122,56,,,77,,6464264974587,
2026-08-17 23:17:14.878,pulse_batch,x,,,,,3,,125,59,,,77,,6464285544732,
2026-08-17 23:17:14.899,pulse_batch,x,,,,,3,,128,62,,,77,,6464305946694,
2026-08-17 23:17:14.921,pulse_batch,x,,,,,3,,131,65,,,77,,6464327974362,
2026-08-17 23:17:14.941,pulse_batch,x,,,,,3,,134,68,,,77,,6464348641507,
2026-08-17 23:17:14.962,pulse_batch,x,,,,,3,,137,71,,,77,,6464369090338,
2026-08-17 23:17:14.984,pulse_batch,x,,,,,3,,140,74,,,77,,6464391546688,
2026-08-17 23:17:15.006,pulse_batch,x,,,,,3,,143,77,,,77,,6464413002844,
2026-08-17 23:17:15.026,pulse_batch,x,,,,,3,,146,80,,,77,,6464433436916,
2026-08-17 23:17:15.047,pulse_batch,x,,,,,3,,149,83,,,77,,6464454447132,
2026-08-17 23:17:15.068,pulse_batch,x,,,,,3,,152,86,,,77,,6464475025573,
2026-08-17 23:17:15.088,pulse_batch,x,,,,,3,,155,89,,,77,,6464495433331,
2026-08-17 23:17:15.110,pulse_batch,x,,,,,3,,158,92,,,77,,6464517343186,
2026-08-17 23:17:15.131,pulse_batch,x,,,,,3,,161,95,,,77,,6464537938202,
2026-08-17 23:17:15.151,pulse_batch,x,,,,,3,,164,98,,,77,,6464558467218,
2026-08-17 23:17:15.172,pulse_batch,x,,,,,3,,167,101,,,77,,6464578894661,
2026-08-17 23:17:15.193,pulse_batch,x,,,,,3,,170,104,,,77,,6464600104764,
2026-08-17 23:17:15.213,pulse_batch,x,,,,,3,,173,107,,,77,,6464620571965,
2026-08-17 23:17:15.234,pulse_batch,x,,,,,3,,176,110,,,77,,6464641196407,
2026-08-17 23:17:15.259,pulse_batch,x,,,,,3,,179,113,,,77,,6464665526999,
2026-08-17 23:17:15.279,pulse_batch,x,,,,,3,,182,116,,,77,,6464685953553,
2026-08-17 23:17:15.299,pulse_batch,x,,,,,3,,185,119,,,77,,6464706374274,
2026-08-17 23:17:15.321,pulse_batch,x,,,,,3,,188,122,,,77,,6464728623200,
2026-08-17 23:17:15.342,pulse_batch,x,,,,,3,,191,125,,,77,,6464749178901,
2026-08-17 23:17:15.362,pulse_batch,x,,,,,3,,194,128,,,77,,6464769593456,
2026-08-17 23:17:15.385,pulse_batch,x,,,,,3,,197,131,,,77,,6464791778771,
2026-08-17 23:17:15.405,pulse_batch,x,,,,,3,,200,134,,,77,,6464812405453,
2026-08-17 23:17:15.426,pulse_batch,x,,,,,3,,203,137,,,77,,6464832894970,
2026-08-17 23:17:15.448,pulse_batch,x,,,,,3,,206,140,,,77,,6464854685215,
2026-08-17 23:17:15.451,continuous_stop,x,,,,,,1,206,140,,,77,,6464858141276,
2026-08-17 23:17:16.117,continuous_start,y,,,,,,1,106,-10,,,4,,6465524041155,
2026-08-17 23:17:16.121,pulse_batch,y,,,,,1,,107,-9,,,4,,6465527704974,
2026-08-17 23:17:16.141,pulse_batch,y,,,,,3,,110,-6,,,4,,6465548318841,
2026-08-17 23:17:16.162,pulse_batch,y,,,,,3,,113,-3,,,4,,6465568826765,
2026-08-17 23:17:16.185,pulse_batch,y,,,,,3,,116,0,,,4,,6465591832741,
2026-08-17 23:17:16.205,pulse_batch,y,,,,,3,,119,3,,,4,,6465612498182,
2026-08-17 23:17:16.226,pulse_batch,y,,,,,3,,122,6,,,4,,6465632967921,
2026-08-17 23:17:16.247,pulse_batch,y,,,,,3,,125,9,,,4,,6465654495076,
2026-08-17 23:17:16.268,pulse_batch,y,,,,,3,,128,12,,,4,,6465675602143,
2026-08-17 23:17:16.289,pulse_batch,y,,,,,3,,131,15,,,4,,6465696094530,
2026-08-17 23:17:16.310,pulse_batch,y,,,,,3,,134,18,,,4,,6465716592139,
2026-08-17 23:17:16.331,pulse_batch,y,,,,,3,,137,21,,,4,,6465738092998,
2026-08-17 23:17:16.352,pulse_batch,y,,,,,3,,140,24,,,4,,6465758629033,
2026-08-17 23:17:16.372,pulse_batch,y,,,,,3,,143,27,,,4,,6465779226864,
2026-08-17 23:17:16.395,pulse_batch,y,,,,,3,,146,30,,,4,,6465801493679,
2026-08-17 23:17:16.415,pulse_batch,y,,,,,3,,149,33,,,4,,6465822023992,
2026-08-17 23:17:16.435,pulse_batch,y,,,,,3,,152,36,,,4,,6465842518897,
2026-08-17 23:17:16.456,pulse_batch,y,,,,,3,,155,39,,,4,,6465863311263,
2026-08-17 23:17:16.477,pulse_batch,y,,,,,3,,158,42,,,4,,6465883930908,
2026-08-17 23:17:16.497,pulse_batch,y,,,,,3,,161,45,,,4,,6465904389703,
2026-08-17 23:17:16.520,pulse_batch,y,,,,,3,,164,48,,,4,,6465927615158,
2026-08-17 23:17:16.541,pulse_batch,y,,,,,3,,167,51,,,4,,6465948196229,
2026-08-17 23:17:16.562,pulse_batch,y,,,,,3,,170,54,,,4,,6465968692468,
2026-08-17 23:17:16.584,pulse_batch,y,,,,,3,,173,57,,,4,,6465991271040,
2026-08-17 23:17:16.605,pulse_batch,y,,,,,3,,176,60,,,4,,6466012026647,
2026-08-17 23:17:16.625,pulse_batch,y,,,,,3,,179,63,,,4,,6466032523219,
2026-08-17 23:17:16.648,pulse_batch,y,,,,,3,,182,66,,,4,,6466055268456,
2026-08-17 23:17:16.652,continuous_stop,y,,,,,,1,182,66,,,4,,6466058805794,
2026-08-17 23:17:17.517,continuous_start,y,,,,,,-1,182,66,,,4,,6466923674612,
2026-08-17 23:17:17.520,pulse_batch,y,,,,,-1,,183,65,,,4,,6466927359171,
2026-08-17 23:17:17.541,pulse_batch,y,,,,,-3,,186,62,,,4,,6466947927039,
2026-08-17 23:17:17.561,pulse_batch,y,,,,,-3,,189,59,,,4,,6466968341297,
2026-08-17 23:17:17.583,pulse_batch,y,,,,,-3,,192,56,,,4,,6466990345375,
2026-08-17 23:17:17.604,pulse_batch,y,,,,,-3,,195,53,,,4,,6467010987501,
2026-08-17 23:17:17.624,pulse_batch,y,,,,,-3,,198,50,,,4,,6467031410778,
2026-08-17 23:17:17.645,pulse_batch,y,,,,,-3,,201,47,,,4,,6467051869721,
2026-08-17 23:17:17.666,pulse_batch,y,,,,,-3,,204,44,,,4,,6467073063899,
2026-08-17 23:17:17.686,pulse_batch,y,,,,,-3,,207,41,,,4,,6467093564471,
2026-08-17 23:17:17.707,pulse_batch,y,,,,,-3,,210,38,,,4,,6467114053266,
2026-08-17 23:17:17.728,pulse_batch,y,,,,,-3,,213,35,,,4,,6467134761707,
2026-08-17 23:17:17.748,pulse_batch,y,,,,,-3,,216,32,,,4,,6467155313760,
2026-08-17 23:17:17.769,pulse_batch,y,,,,,-3,,219,29,,,4,,6467176057145,
2026-08-17 23:17:17.791,pulse_batch,y,,,,,-3,,222,26,,,4,,6467197993205,
2026-08-17 23:17:17.811,pulse_batch,y,,,,,-3,,225,23,,,4,,6467218550758,
2026-08-17 23:17:17.832,pulse_batch,y,,,,,-3,,228,20,,,4,,6467238994053,
2026-08-17 23:17:17.850,pulse_batch,y,,,,,-2,,230,18,,,4,,6467257014333,
2026-08-17 23:17:17.850,continuous_stop,y,,,,,,-1,230,18,,,4,,6467257226257,
2026-08-17 23:17:18.185,continuous_start,y,,,,,,-1,230,18,,,4,,6467591714823,
2026-08-17 23:17:18.188,pulse_batch,y,,,,,-1,,231,17,,,4,,6467595314808,
2026-08-17 23:17:18.210,pulse_batch,y,,,,,-3,,234,14,,,4,,6467617053055,
2026-08-17 23:17:18.230,pulse_batch,y,,,,,-3,,237,11,,,4,,6467637472721,
2026-08-17 23:17:18.251,pulse_batch,y,,,,,-3,,240,8,,,4,,6467658069311,
2026-08-17 23:17:18.271,pulse_batch,y,,,,,-3,,243,5,,,4,,6467678575717,
2026-08-17 23:17:18.292,pulse_batch,y,,,,,-3,,246,2,,,4,,6467699116956,
2026-08-17 23:17:18.313,pulse_batch,y,,,,,-3,,249,-1,,,4,,6467720028562,
2026-08-17 23:17:18.316,continuous_stop,y,,,,,,-1,249,-1,,,4,,6467723647603,
2026-08-17 23:17:18.651,continuous_start,y,,,,,,-1,249,-1,,,4,,6468057645286,
2026-08-17 23:17:18.654,pulse_batch,y,,,,,-1,,250,-2,,,4,,6468061350419,
2026-08-17 23:17:18.675,pulse_batch,y,,,,,-3,,253,-5,,,4,,6468081961639,
2026-08-17 23:17:18.695,pulse_batch,y,,,,,-3,,256,-8,,,4,,6468102409508,
2026-08-17 23:17:18.718,pulse_batch,y,,,,,-3,,259,-11,,,4,,6468124796045,
2026-08-17 23:17:18.738,pulse_batch,y,,,,,-3,,262,-14,,,4,,6468145325988,
2026-08-17 23:17:18.759,pulse_batch,y,,,,,-3,,265,-17,,,4,,6468165791320,
2026-08-17 23:17:18.781,pulse_batch,y,,,,,-3,,268,-20,,,4,,6468187110367,
2026-08-17 23:17:18.783,continuous_stop,y,,,,,,-1,268,-20,,,4,,6468190640668,
2026-08-17 23:17:20.051,continuous_start,x,,,,,,-1,206,140,,,77,,6469458300201,
2026-08-17 23:17:20.055,pulse_batch,x,,,,,-1,,207,139,,,77,,6469462020704,
2026-08-17 23:17:20.075,pulse_batch,x,,,,,-3,,210,136,,,77,,6469482564074,
2026-08-17 23:17:20.096,pulse_batch,x,,,,,-3,,213,133,,,77,,6469502995221,
2026-08-17 23:17:20.117,pulse_batch,x,,,,,-3,,216,130,,,77,,6469523800273,
2026-08-17 23:17:20.137,pulse_batch,x,,,,,-3,,219,127,,,77,,6469544326569,
2026-08-17 23:17:20.158,pulse_batch,x,,,,,-3,,222,124,,,77,,6469564768624,
2026-08-17 23:17:20.178,pulse_batch,x,,,,,-3,,225,121,,,77,,6469585399566,
2026-08-17 23:17:20.189,pulse_batch,x,,,,,-1,,226,120,,,77,,6469595729824,
2026-08-17 23:17:20.189,continuous_stop,x,,,,,,-1,226,120,,,77,,6469596031210,
2026-08-17 23:17:20.585,continuous_start,x,,,,,,-1,226,120,,,77,,6469992542130,
2026-08-17 23:17:20.589,pulse_batch,x,,,,,-1,,227,119,,,77,,6469996173820,
2026-08-17 23:17:20.610,pulse_batch,x,,,,,-3,,230,116,,,77,,6470017256647,
2026-08-17 23:17:20.631,pulse_batch,x,,,,,-3,,233,113,,,77,,6470037666813,
2026-08-17 23:17:20.653,pulse_batch,x,,,,,-3,,236,110,,,77,,6470059644743,
2026-08-17 23:17:20.673,pulse_batch,x,,,,,-3,,239,107,,,77,,6470080148002,
2026-08-17 23:17:20.693,pulse_batch,x,,,,,-3,,242,104,,,77,,6470100613075,
2026-08-17 23:17:20.715,pulse_batch,x,,,,,-3,,245,101,,,77,,6470122182843,
2026-08-17 23:17:20.719,continuous_stop,x,,,,,,-1,245,101,,,77,,6470125811291,
2026-08-17 23:17:21.053,continuous_start,x,,,,,,-1,245,101,,,77,,6470459824520,
2026-08-17 23:17:21.056,pulse_batch,x,,,,,-1,,246,100,,,77,,6470463502486,
2026-08-17 23:17:21.077,pulse_batch,x,,,,,-3,,249,97,,,77,,6470484019634,
2026-08-17 23:17:21.097,pulse_batch,x,,,,,-3,,252,94,,,77,,6470504450263,
2026-08-17 23:17:21.119,pulse_batch,x,,,,,-3,,255,91,,,77,,6470526005938,
2026-08-17 23:17:21.122,continuous_stop,x,,,,,,-1,255,91,,,77,,6470529465555,
2026-08-17 23:17:21.453,continuous_start,x,,,,,,-1,255,91,,,77,,6470859994133,
2026-08-17 23:17:21.457,pulse_batch,x,,,,,-1,,256,90,,,77,,6470863686655,
2026-08-17 23:17:21.477,pulse_batch,x,,,,,-3,,259,87,,,77,,6470884196321,
2026-08-17 23:17:21.497,pulse_batch,x,,,,,-3,,262,84,,,77,,6470904635914,
2026-08-17 23:17:21.520,pulse_batch,x,,,,,-3,,265,81,,,77,,6470926932730,
2026-08-17 23:17:21.541,pulse_batch,x,,,,,-3,,268,78,,,77,,6470948062798,
2026-08-17 23:17:21.561,pulse_batch,x,,,,,-3,,271,75,,,77,,6470968552742,
2026-08-17 23:17:21.583,pulse_batch,x,,,,,-3,,274,72,,,77,,6470990020122,
2026-08-17 23:17:21.586,continuous_stop,x,,,,,,-1,274,72,,,77,,6470993554256,
2026-08-17 23:17:21.919,continuous_start,x,,,,,,-1,274,72,,,77,,6471326327573,
2026-08-17 23:17:21.923,pulse_batch,x,,,,,-1,,275,71,,,77,,6471330054503,
2026-08-17 23:17:21.944,pulse_batch,x,,,,,-3,,278,68,,,77,,6471351400235,
2026-08-17 23:17:21.965,pulse_batch,x,,,,,-3,,281,65,,,77,,6471371835865,
2026-08-17 23:17:21.985,pulse_batch,x,,,,,-3,,284,62,,,77,,6471392330105,
2026-08-17 23:17:22.006,pulse_batch,x,,,,,-3,,287,59,,,77,,6471412894881,
2026-08-17 23:17:22.026,pulse_batch,x,,,,,-3,,290,56,,,77,,6471433437121,
2026-08-17 23:17:22.050,pulse_batch,x,,,,,-3,,293,53,,,77,,6471457003464,
2026-08-17 23:17:22.054,continuous_stop,x,,,,,,-1,293,53,,,77,,6471460558524,
2026-08-17 23:17:22.390,continuous_start,x,,,,,,-1,293,53,,,77,,6471797492382,
2026-08-17 23:17:22.394,pulse_batch,x,,,,,-1,,294,52,,,77,,6471801156349,
2026-08-17 23:17:22.415,pulse_batch,x,,,,,-3,,297,49,,,77,,6471821810977,
2026-08-17 23:17:22.435,pulse_batch,x,,,,,-3,,300,46,,,77,,6471842270384,
2026-08-17 23:17:22.461,pulse_batch,x,,,,,-3,,303,43,,,77,,6471868141002,
2026-08-17 23:17:22.482,pulse_batch,x,,,,,-3,,306,40,,,77,,6471889133460,
2026-08-17 23:17:22.502,pulse_batch,x,,,,,-3,,309,37,,,77,,6471909592460,
2026-08-17 23:17:22.523,pulse_batch,x,,,,,-3,,312,34,,,77,,6471930399753,
2026-08-17 23:17:22.527,continuous_stop,x,,,,,,-1,312,34,,,77,,6471933867518,
2026-08-17 23:17:22.857,continuous_start,x,,,,,,-1,312,34,,,77,,6472264203806,
2026-08-17 23:17:22.861,pulse_batch,x,,,,,-1,,313,33,,,77,,6472267845106,
2026-08-17 23:17:22.881,pulse_batch,x,,,,,-3,,316,30,,,77,,6472288407883,
2026-08-17 23:17:22.902,pulse_batch,x,,,,,-3,,319,27,,,77,,6472308914123,
2026-08-17 23:17:22.922,pulse_batch,x,,,,,-3,,322,24,,,77,,6472329457993,
2026-08-17 23:17:22.943,pulse_batch,x,,,,,-3,,325,21,,,77,,6472349997140,
2026-08-17 23:17:22.963,pulse_batch,x,,,,,-3,,328,18,,,77,,6472370474418,
2026-08-17 23:17:22.984,pulse_batch,x,,,,,-3,,331,15,,,77,,6472391410006,
2026-08-17 23:17:22.988,continuous_stop,x,,,,,,-1,331,15,,,77,,6472394969678,
2026-08-17 23:17:23.322,continuous_start,x,,,,,,-1,331,15,,,77,,6472729301748,
2026-08-17 23:17:23.326,pulse_batch,x,,,,,-1,,332,14,,,77,,6472732971752,
2026-08-17 23:17:23.346,pulse_batch,x,,,,,-3,,335,11,,,77,,6472753518511,
2026-08-17 23:17:23.367,pulse_batch,x,,,,,-3,,338,8,,,77,,6472774002826,
2026-08-17 23:17:23.390,pulse_batch,x,,,,,-3,,341,5,,,77,,6472796855267,
2026-08-17 23:17:23.410,pulse_batch,x,,,,,-3,,344,2,,,77,,6472817489396,
2026-08-17 23:17:23.431,pulse_batch,x,,,,,-3,,347,-1,,,77,,6472837946859,
2026-08-17 23:17:23.453,pulse_batch,x,,,,,-3,,350,-4,,,77,,6472860289564,
2026-08-17 23:17:23.457,continuous_stop,x,,,,,,-1,350,-4,,,77,,6472863779699,
2026-08-17 23:17:23.855,continuous_start,x,,,,,,-1,350,-4,,,77,,6473262293708,
2026-08-17 23:17:23.859,pulse_batch,x,,,,,-1,,351,-5,,,77,,6473265959564,
2026-08-17 23:17:23.879,pulse_batch,x,,,,,-3,,354,-8,,,77,,6473286501175,
2026-08-17 23:17:23.900,pulse_batch,x,,,,,-3,,357,-11,,,77,,6473306932546,
2026-08-17 23:17:23.922,pulse_batch,x,,,,,-3,,360,-14,,,77,,6473329315251,
2026-08-17 23:17:23.943,pulse_batch,x,,,,,-3,,363,-17,,,77,,6473349882676,
2026-08-17 23:17:23.963,pulse_batch,x,,,,,-3,,366,-20,,,77,,6473370303084,
2026-08-17 23:17:23.985,pulse_batch,x,,,,,-3,,369,-23,,,77,,6473391927981,
2026-08-17 23:17:23.988,continuous_stop,x,,,,,,-1,369,-23,,,77,,6473395483838,
2026-08-17 23:17:24.388,continuous_start,x,,,,,,-1,369,-23,,,77,,6473795256303,
2026-08-17 23:17:24.392,pulse_batch,x,,,,,-1,,370,-24,,,77,,6473798918640,
2026-08-17 23:17:24.412,pulse_batch,x,,,,,-3,,373,-27,,,77,,6473819549899,
2026-08-17 23:17:24.433,pulse_batch,x,,,,,-3,,376,-30,,,77,,6473840013436,
2026-08-17 23:17:24.454,pulse_batch,x,,,,,-3,,379,-33,,,77,,6473860595898,
2026-08-17 23:17:24.457,continuous_stop,x,,,,,,-1,379,-33,,,77,,6473864037423,
2026-08-17 23:17:27.719,backlash_initialize,x,,,,,,-1,379,-33,0,0,77,,6477126078856,logical_zero=0
2026-08-17 23:17:27.719,backlash_initialize,y,,,,,,-1,268,-20,0,0,4,,6477126216095,logical_zero=0
2026-08-17 23:17:30.855,point_saved,x,0,stored,,,,,,-33,0,0,77,0,,
2026-08-17 23:17:30.855,point_saved,y,0,stored,,,,,,-20,0,0,4,0,,
2026-08-17 23:17:32.397,continuous_start,x,,,,,,1,379,-33,0,0,77,,6481804046354,
2026-08-17 23:17:32.401,pulse_batch,x,,,,,1,,380,-32,0,1,77,,6481807819968,
2026-08-17 23:17:32.423,pulse_batch,x,,,,,3,,383,-29,0,4,77,,6481829941623,
2026-08-17 23:17:32.443,pulse_batch,x,,,,,3,,386,-26,0,7,77,,6481850375440,
2026-08-17 23:17:32.465,pulse_batch,x,,,,,3,,389,-23,0,10,77,,6481872129876,
2026-08-17 23:17:32.486,pulse_batch,x,,,,,3,,392,-20,0,13,77,,6481892664081,
2026-08-17 23:17:32.506,pulse_batch,x,,,,,3,,395,-17,0,16,77,,6481913164528,
2026-08-17 23:17:32.527,pulse_batch,x,,,,,3,,398,-14,0,19,77,,6481933938861,
2026-08-17 23:17:32.547,pulse_batch,x,,,,,3,,401,-11,0,22,77,,6481954546140,
2026-08-17 23:17:32.568,pulse_batch,x,,,,,3,,404,-8,0,25,77,,6481974985439,
2026-08-17 23:17:32.588,pulse_batch,x,,,,,3,,407,-5,0,28,77,,6481995426386,
2026-08-17 23:17:32.612,pulse_batch,x,,,,,3,,410,-2,0,31,77,,6482019562522,
2026-08-17 23:17:32.633,pulse_batch,x,,,,,3,,413,1,0,34,77,,6482039989358,
2026-08-17 23:17:32.657,pulse_batch,x,,,,,3,,416,4,0,37,77,,6482064265993,
2026-08-17 23:17:32.678,pulse_batch,x,,,,,3,,419,7,0,40,77,,6482084906716,
2026-08-17 23:17:32.698,pulse_batch,x,,,,,3,,422,10,0,43,77,,6482105406959,
2026-08-17 23:17:32.719,pulse_batch,x,,,,,3,,425,13,0,46,77,,6482125801925,
2026-08-17 23:17:32.742,pulse_batch,x,,,,,3,,428,16,0,49,77,,6482149062051,
2026-08-17 23:17:32.762,pulse_batch,x,,,,,3,,431,19,0,52,77,,6482169553220,
2026-08-17 23:17:32.783,pulse_batch,x,,,,,3,,434,22,0,55,77,,6482190159110,
2026-08-17 23:17:32.808,pulse_batch,x,,,,,3,,437,25,0,58,77,,6482214860630,
2026-08-17 23:17:32.830,pulse_batch,x,,,,,3,,440,28,0,61,77,,6482237291337,
2026-08-17 23:17:32.851,pulse_batch,x,,,,,3,,443,31,0,64,77,,6482257709914,
2026-08-17 23:17:32.871,pulse_batch,x,,,,,3,,446,34,0,67,77,,6482278361396,
2026-08-17 23:17:32.893,pulse_batch,x,,,,,3,,449,37,0,70,77,,6482299769316,
2026-08-17 23:17:32.913,pulse_batch,x,,,,,3,,452,40,0,73,77,,6482320185338,
2026-08-17 23:17:32.934,pulse_batch,x,,,,,3,,455,43,0,76,77,,6482341488259,
2026-08-17 23:17:32.955,pulse_batch,x,,,,,3,,458,46,2,77,77,,6482361990150,
2026-08-17 23:17:32.975,pulse_batch,x,,,,,3,,461,49,5,77,77,,6482382403171,
2026-08-17 23:17:32.996,pulse_batch,x,,,,,3,,464,52,8,77,77,,6482402970895,
2026-08-17 23:17:33.016,pulse_batch,x,,,,,3,,467,55,11,77,77,,6482423524082,
2026-08-17 23:17:33.037,pulse_batch,x,,,,,3,,470,58,14,77,77,,6482443995288,
2026-08-17 23:17:33.057,pulse_batch,x,,,,,3,,473,61,17,77,77,,6482464445661,
2026-08-17 23:17:33.078,pulse_batch,x,,,,,3,,476,64,20,77,77,,6482485131347,
2026-08-17 23:17:33.099,pulse_batch,x,,,,,3,,479,67,23,77,77,,6482505652720,
2026-08-17 23:17:33.119,pulse_batch,x,,,,,3,,482,70,26,77,77,,6482526134000,
2026-08-17 23:17:33.141,pulse_batch,x,,,,,3,,485,73,29,77,77,,6482547850473,
2026-08-17 23:17:33.161,pulse_batch,x,,,,,3,,488,76,32,77,77,,6482568337401,
2026-08-17 23:17:33.182,pulse_batch,x,,,,,3,,491,79,35,77,77,,6482588746571,
2026-08-17 23:17:33.203,pulse_batch,x,,,,,3,,494,82,38,77,77,,6482609943234,
2026-08-17 23:17:33.226,pulse_batch,x,,,,,3,,497,85,41,77,77,,6482633186175,
2026-08-17 23:17:33.246,pulse_batch,x,,,,,3,,500,88,44,77,77,,6482653609345,
2026-08-17 23:17:33.267,pulse_batch,x,,,,,3,,503,91,47,77,77,,6482674248383,
2026-08-17 23:17:33.288,pulse_batch,x,,,,,3,,506,94,50,77,77,,6482694755811,
2026-08-17 23:17:33.308,pulse_batch,x,,,,,3,,509,97,53,77,77,,6482715546737,
2026-08-17 23:17:33.330,pulse_batch,x,,,,,3,,512,100,56,77,77,,6482737202951,
2026-08-17 23:17:33.351,pulse_batch,x,,,,,3,,515,103,59,77,77,,6482758383799,
2026-08-17 23:17:33.372,pulse_batch,x,,,,,3,,518,106,62,77,77,,6482778840284,
2026-08-17 23:17:33.392,pulse_batch,x,,,,,3,,521,109,65,77,77,,6482799405637,
2026-08-17 23:17:33.414,pulse_batch,x,,,,,3,,524,112,68,77,77,,6482821486552,
2026-08-17 23:17:33.435,pulse_batch,x,,,,,3,,527,115,71,77,77,,6482841967184,
2026-08-17 23:17:33.455,pulse_batch,x,,,,,3,,530,118,74,77,77,,6482862401964,
2026-08-17 23:17:33.477,pulse_batch,x,,,,,3,,533,121,77,77,77,,6482884463842,
2026-08-17 23:17:33.498,pulse_batch,x,,,,,3,,536,124,80,77,77,,6482904960455,
2026-08-17 23:17:33.518,pulse_batch,x,,,,,3,,539,127,83,77,77,,6482925423828,
2026-08-17 23:17:33.541,pulse_batch,x,,,,,3,,542,130,86,77,77,,6482948200996,
2026-08-17 23:17:33.562,pulse_batch,x,,,,,3,,545,133,89,77,77,,6482968720905,
2026-08-17 23:17:33.582,pulse_batch,x,,,,,3,,548,136,92,77,77,,6482989148705,
2026-08-17 23:17:33.603,pulse_batch,x,,,,,3,,551,139,95,77,77,,6483010287312,
2026-08-17 23:17:33.626,pulse_batch,x,,,,,3,,554,142,98,77,77,,6483033320385,
2026-08-17 23:17:33.647,pulse_batch,x,,,,,3,,557,145,101,77,77,,6483053767610,
2026-08-17 23:17:33.669,pulse_batch,x,,,,,3,,560,148,104,77,77,,6483075702673,
2026-08-17 23:17:33.689,pulse_batch,x,,,,,3,,563,151,107,77,77,,6483096381341,
2026-08-17 23:17:33.710,pulse_batch,x,,,,,3,,566,154,110,77,77,,6483116919621,
2026-08-17 23:17:33.730,pulse_batch,x,,,,,3,,569,157,113,77,77,,6483137534067,
2026-08-17 23:17:33.751,pulse_batch,x,,,,,3,,572,160,116,77,77,,6483158188401,
2026-08-17 23:17:33.772,pulse_batch,x,,,,,3,,575,163,119,77,77,,6483178748421,
2026-08-17 23:17:33.792,pulse_batch,x,,,,,3,,578,166,122,77,77,,6483199468144,
2026-08-17 23:17:33.815,pulse_batch,x,,,,,3,,581,169,125,77,77,,6483221923036,
2026-08-17 23:17:33.835,pulse_batch,x,,,,,3,,584,172,128,77,77,,6483242423205,
2026-08-17 23:17:33.856,pulse_batch,x,,,,,3,,587,175,131,77,77,,6483262861264,
2026-08-17 23:17:33.878,pulse_batch,x,,,,,3,,590,178,134,77,77,,6483284954974,
2026-08-17 23:17:33.898,pulse_batch,x,,,,,3,,593,181,137,77,77,,6483305463291,
2026-08-17 23:17:33.919,pulse_batch,x,,,,,3,,596,184,140,77,77,,6483325935387,
2026-08-17 23:17:33.940,pulse_batch,x,,,,,3,,599,187,143,77,77,,6483347510194,
2026-08-17 23:17:33.961,pulse_batch,x,,,,,3,,602,190,146,77,77,,6483368214213,
2026-08-17 23:17:33.981,pulse_batch,x,,,,,3,,605,193,149,77,77,,6483388645994,
2026-08-17 23:17:34.004,pulse_batch,x,,,,,3,,608,196,152,77,77,,6483410822167,
2026-08-17 23:17:34.024,pulse_batch,x,,,,,3,,611,199,155,77,77,,6483431454298,
2026-08-17 23:17:34.045,pulse_batch,x,,,,,3,,614,202,158,77,77,,6483451948023,
2026-08-17 23:17:34.067,pulse_batch,x,,,,,3,,617,205,161,77,77,,6483474511396,
2026-08-17 23:17:34.090,pulse_batch,x,,,,,3,,620,208,164,77,77,,6483496819197,
2026-08-17 23:17:34.110,pulse_batch,x,,,,,3,,623,211,167,77,77,,6483517256460,
2026-08-17 23:17:34.131,pulse_batch,x,,,,,3,,626,214,170,77,77,,6483537878035,
2026-08-17 23:17:34.151,pulse_batch,x,,,,,3,,629,217,173,77,77,,6483558456889,
2026-08-17 23:17:34.172,pulse_batch,x,,,,,3,,632,220,176,77,77,,6483578907633,
2026-08-17 23:17:34.193,pulse_batch,x,,,,,3,,635,223,179,77,77,,6483599739632,
2026-08-17 23:17:34.214,pulse_batch,x,,,,,3,,638,226,182,77,77,,6483621495939,
2026-08-17 23:17:34.235,pulse_batch,x,,,,,3,,641,229,185,77,77,,6483642029626,
2026-08-17 23:17:34.255,pulse_batch,x,,,,,3,,644,232,188,77,77,,6483662512703,
2026-08-17 23:17:34.276,pulse_batch,x,,,,,3,,647,235,191,77,77,,6483683085909,
2026-08-17 23:17:34.296,pulse_batch,x,,,,,3,,650,238,194,77,77,,6483703597041,
2026-08-17 23:17:34.317,pulse_batch,x,,,,,3,,653,241,197,77,77,,6483724076044,
2026-08-17 23:17:34.339,pulse_batch,x,,,,,3,,656,244,200,77,77,,6483745822461,
2026-08-17 23:17:34.359,pulse_batch,x,,,,,3,,659,247,203,77,77,,6483766326242,
2026-08-17 23:17:34.380,pulse_batch,x,,,,,3,,662,250,206,77,77,,6483786768245,
2026-08-17 23:17:34.401,pulse_batch,x,,,,,3,,665,253,209,77,77,,6483807923890,
2026-08-17 23:17:34.421,pulse_batch,x,,,,,3,,668,256,212,77,77,,6483828603335,
2026-08-17 23:17:34.442,pulse_batch,x,,,,,3,,671,259,215,77,77,,6483849141300,
2026-08-17 23:17:34.465,pulse_batch,x,,,,,3,,674,262,218,77,77,,6483872136744,
2026-08-17 23:17:34.486,pulse_batch,x,,,,,3,,677,265,221,77,77,,6483892727320,
2026-08-17 23:17:34.506,pulse_batch,x,,,,,3,,680,268,224,77,77,,6483913218526,
2026-08-17 23:17:34.527,pulse_batch,x,,,,,3,,683,271,227,77,77,,6483933774417,
2026-08-17 23:17:34.547,pulse_batch,x,,,,,3,,686,274,230,77,77,,6483954332975,
2026-08-17 23:17:34.568,pulse_batch,x,,,,,3,,689,277,233,77,77,,6483974826070,
2026-08-17 23:17:34.588,pulse_batch,x,,,,,3,,692,280,236,77,77,,6483995486497,
2026-08-17 23:17:34.609,pulse_batch,x,,,,,3,,695,283,239,77,77,,6484016253590,
2026-08-17 23:17:34.630,pulse_batch,x,,,,,3,,698,286,242,77,77,,6484036733537,
2026-08-17 23:17:34.650,pulse_batch,x,,,,,3,,701,289,245,77,77,,6484057122967,
2026-08-17 23:17:34.676,pulse_batch,x,,,,,3,,704,292,248,77,77,,6484083527232,
2026-08-17 23:17:34.697,pulse_batch,x,,,,,3,,707,295,251,77,77,,6484104069641,
2026-08-17 23:17:34.717,pulse_batch,x,,,,,3,,710,298,254,77,77,,6484124461052,
2026-08-17 23:17:34.740,pulse_batch,x,,,,,3,,713,301,257,77,77,,6484146934389,
2026-08-17 23:17:34.760,pulse_batch,x,,,,,3,,716,304,260,77,77,,6484167493965,
2026-08-17 23:17:34.781,pulse_batch,x,,,,,3,,719,307,263,77,77,,6484187894691,
2026-08-17 23:17:34.803,pulse_batch,x,,,,,3,,722,310,266,77,77,,6484209935661,
2026-08-17 23:17:34.823,pulse_batch,x,,,,,3,,725,313,269,77,77,,6484230414516,
2026-08-17 23:17:34.844,pulse_batch,x,,,,,3,,728,316,272,77,77,,6484250887778,
2026-08-17 23:17:34.866,pulse_batch,x,,,,,3,,731,319,275,77,77,,6484273083766,
2026-08-17 23:17:34.886,pulse_batch,x,,,,,3,,734,322,278,77,77,,6484293552583,
2026-08-17 23:17:34.907,pulse_batch,x,,,,,3,,737,325,281,77,77,,6484313976828,
2026-08-17 23:17:34.929,pulse_batch,x,,,,,3,,740,328,284,77,77,,6484336126890,
2026-08-17 23:17:34.950,pulse_batch,x,,,,,3,,743,331,287,77,77,,6484356855890,
2026-08-17 23:17:34.970,pulse_batch,x,,,,,3,,746,334,290,77,77,,6484377291319,
2026-08-17 23:17:34.991,pulse_batch,x,,,,,3,,749,337,293,77,77,,6484397712489,
2026-08-17 23:17:35.011,pulse_batch,x,,,,,3,,752,340,296,77,77,,6484418292676,
2026-08-17 23:17:35.032,pulse_batch,x,,,,,3,,755,343,299,77,77,,6484438799735,
2026-08-17 23:17:35.052,pulse_batch,x,,,,,3,,758,346,302,77,77,,6484459211035,
2026-08-17 23:17:35.073,pulse_batch,x,,,,,3,,761,349,305,77,77,,6484479981517,
2026-08-17 23:17:35.093,pulse_batch,x,,,,,3,,764,352,308,77,77,,6484500512630,
2026-08-17 23:17:35.114,pulse_batch,x,,,,,3,,767,355,311,77,77,,6484520929912,
2026-08-17 23:17:35.137,pulse_batch,x,,,,,3,,770,358,314,77,77,,6484544036484,
2026-08-17 23:17:35.159,pulse_batch,x,,,,,3,,773,361,317,77,77,,6484565766606,
2026-08-17 23:17:35.179,pulse_batch,x,,,,,3,,776,364,320,77,77,,6484586159498,
2026-08-17 23:17:35.200,pulse_batch,x,,,,,3,,779,367,323,77,77,,6484606718482,
2026-08-17 23:17:35.220,pulse_batch,x,,,,,3,,782,370,326,77,77,,6484627190041,
2026-08-17 23:17:35.241,pulse_batch,x,,,,,3,,785,373,329,77,77,,6484647669637,
2026-08-17 23:17:35.263,pulse_batch,x,,,,,3,,788,376,332,77,77,,6484668132177,
2026-08-17 23:17:35.282,pulse_batch,x,,,,,3,,791,379,335,77,77,,6484688676920,
2026-08-17 23:17:35.302,pulse_batch,x,,,,,3,,794,382,338,77,77,,6484709117479,
2026-08-17 23:17:35.322,pulse_batch,x,,,,,3,,797,385,341,77,77,,6484729531464,
2026-08-17 23:17:35.344,pulse_batch,x,,,,,3,,800,388,344,77,77,,6484751106402,
2026-08-17 23:17:35.364,pulse_batch,x,,,,,3,,803,391,347,77,77,,6484771508406,
2026-08-17 23:17:35.385,pulse_batch,x,,,,,3,,806,394,350,77,77,,6484791891539,
2026-08-17 23:17:35.407,pulse_batch,x,,,,,3,,809,397,353,77,77,,6484814136712,
2026-08-17 23:17:35.428,pulse_batch,x,,,,,3,,812,400,356,77,77,,6484834718473,
2026-08-17 23:17:35.448,pulse_batch,x,,,,,3,,815,403,359,77,77,,6484855156162,
2026-08-17 23:17:35.470,pulse_batch,x,,,,,3,,818,406,362,77,77,,6484877455056,
2026-08-17 23:17:35.491,pulse_batch,x,,,,,3,,821,409,365,77,77,,6484898060002,
2026-08-17 23:17:35.511,pulse_batch,x,,,,,3,,824,412,368,77,77,,6484918507265,
2026-08-17 23:17:35.535,pulse_batch,x,,,,,3,,827,415,371,77,77,,6484942105518,
2026-08-17 23:17:35.556,pulse_batch,x,,,,,3,,830,418,374,77,77,,6484962766223,
2026-08-17 23:17:35.576,pulse_batch,x,,,,,3,,833,421,377,77,77,,6484983224560,
2026-08-17 23:17:35.597,pulse_batch,x,,,,,3,,836,424,380,77,77,,6485003766173,
2026-08-17 23:17:35.617,pulse_batch,x,,,,,3,,839,427,383,77,77,,6485024386453,
2026-08-17 23:17:35.638,pulse_batch,x,,,,,3,,842,430,386,77,77,,6485044873752,
2026-08-17 23:17:35.658,pulse_batch,x,,,,,3,,845,433,389,77,77,,6485065580309,
2026-08-17 23:17:35.681,pulse_batch,x,,,,,3,,848,436,392,77,77,,6485087657705,
2026-08-17 23:17:35.701,pulse_batch,x,,,,,3,,851,439,395,77,77,,6485108100801,
2026-08-17 23:17:35.721,pulse_batch,x,,,,,3,,854,442,398,77,77,,6485128541897,
2026-08-17 23:17:35.748,pulse_batch,x,,,,,3,,857,445,401,77,77,,6485154987366,
2026-08-17 23:17:35.768,pulse_batch,x,,,,,3,,860,448,404,77,77,,6485175434369,
2026-08-17 23:17:35.789,pulse_batch,x,,,,,3,,863,451,407,77,77,,6485195876706,
2026-08-17 23:17:35.811,pulse_batch,x,,,,,3,,866,454,410,77,77,,6485217812881,
2026-08-17 23:17:35.831,pulse_batch,x,,,,,3,,869,457,413,77,77,,6485238321180,
2026-08-17 23:17:35.852,pulse_batch,x,,,,,3,,872,460,416,77,77,,6485258778517,
2026-08-17 23:17:35.874,pulse_batch,x,,,,,3,,875,463,419,77,77,,6485280645156,
2026-08-17 23:17:35.894,pulse_batch,x,,,,,3,,878,466,422,77,77,,6485301262454,
2026-08-17 23:17:35.915,pulse_batch,x,,,,,3,,881,469,425,77,77,,6485321688772,
2026-08-17 23:17:35.938,pulse_batch,x,,,,,3,,884,472,428,77,77,,6485344835159,
2026-08-17 23:17:35.959,pulse_batch,x,,,,,3,,887,475,431,77,77,,6485365828102,
2026-08-17 23:17:35.979,pulse_batch,x,,,,,3,,890,478,434,77,77,,6485386261401,
2026-08-17 23:17:36.000,pulse_batch,x,,,,,3,,893,481,437,77,77,,6485407241585,
2026-08-17 23:17:36.021,pulse_batch,x,,,,,3,,896,484,440,77,77,,6485427751514,
2026-08-17 23:17:36.041,pulse_batch,x,,,,,3,,899,487,443,77,77,,6485448196296,
2026-08-17 23:17:36.062,pulse_batch,x,,,,,3,,902,490,446,77,77,,6485468717280,
2026-08-17 23:17:36.082,pulse_batch,x,,,,,3,,905,493,449,77,77,,6485489290375,
2026-08-17 23:17:36.103,pulse_batch,x,,,,,3,,908,496,452,77,77,,6485509777008,
2026-08-17 23:17:36.123,pulse_batch,x,,,,,3,,911,499,455,77,77,,6485530218382,
2026-08-17 23:17:36.144,pulse_batch,x,,,,,3,,914,502,458,77,77,,6485551538507,
2026-08-17 23:17:36.165,pulse_batch,x,,,,,3,,917,505,461,77,77,,6485572129473,
2026-08-17 23:17:36.185,pulse_batch,x,,,,,3,,920,508,464,77,77,,6485592528903,
2026-08-17 23:17:36.207,pulse_batch,x,,,,,3,,923,511,467,77,77,,6485614280228,
2026-08-17 23:17:36.228,pulse_batch,x,,,,,3,,926,514,470,77,77,,6485634944655,
2026-08-17 23:17:36.248,pulse_batch,x,,,,,3,,929,517,473,77,77,,6485655337585,
2026-08-17 23:17:36.269,pulse_batch,x,,,,,3,,932,520,476,77,77,,6485675951791,
2026-08-17 23:17:36.289,pulse_batch,x,,,,,3,,935,523,479,77,77,,6485696597941,
2026-08-17 23:17:36.310,pulse_batch,x,,,,,3,,938,526,482,77,77,,6485717055297,
2026-08-17 23:17:36.331,pulse_batch,x,,,,,3,,941,529,485,77,77,,6485737674613,
2026-08-17 23:17:36.351,pulse_batch,x,,,,,3,,944,532,488,77,77,,6485758379041,
2026-08-17 23:17:36.372,pulse_batch,x,,,,,3,,947,535,491,77,77,,6485778864840,
2026-08-17 23:17:36.392,pulse_batch,x,,,,,3,,950,538,494,77,77,,6485799292455,
2026-08-17 23:17:36.415,pulse_batch,x,,,,,3,,953,541,497,77,77,,6485821740293,
2026-08-17 23:17:36.435,pulse_batch,x,,,,,3,,956,544,500,77,77,,6485842196778,
2026-08-17 23:17:36.456,pulse_batch,x,,,,,3,,959,547,503,77,77,,6485862736651,
2026-08-17 23:17:36.478,pulse_batch,x,,,,,3,,962,550,506,77,77,,6485885197433,
2026-08-17 23:17:36.499,pulse_batch,x,,,,,3,,965,553,509,77,77,,6485905665399,
2026-08-17 23:17:36.519,pulse_batch,x,,,,,3,,968,556,512,77,77,,6485926056255,
2026-08-17 23:17:36.541,pulse_batch,x,,,,,3,,971,559,515,77,77,,6485947781044,
2026-08-17 23:17:36.561,pulse_batch,x,,,,,3,,974,562,518,77,77,,6485968498489,
2026-08-17 23:17:36.582,pulse_batch,x,,,,,3,,977,565,521,77,77,,6485988908734,
2026-08-17 23:17:36.602,pulse_batch,x,,,,,3,,980,568,524,77,77,,6486009483014,
2026-08-17 23:17:36.623,pulse_batch,x,,,,,3,,983,571,527,77,77,,6486029977851,
2026-08-17 23:17:36.643,pulse_batch,x,,,,,3,,986,574,530,77,77,,6486050400725,
2026-08-17 23:17:36.665,pulse_batch,x,,,,,3,,989,577,533,77,77,,6486071662518,
2026-08-17 23:17:36.685,pulse_batch,x,,,,,3,,992,580,536,77,77,,6486092290742,
2026-08-17 23:17:36.706,pulse_batch,x,,,,,3,,995,583,539,77,77,,6486112768393,
2026-08-17 23:17:36.726,pulse_batch,x,,,,,3,,998,586,542,77,77,,6486133254693,
2026-08-17 23:17:36.748,pulse_batch,x,,,,,3,,1001,589,545,77,77,,6486154986389,
2026-08-17 23:17:36.768,pulse_batch,x,,,,,3,,1004,592,548,77,77,,6486175443911,
2026-08-17 23:17:36.789,pulse_batch,x,,,,,3,,1007,595,551,77,77,,6486195863174,
2026-08-17 23:17:36.812,pulse_batch,x,,,,,3,,1010,598,554,77,77,,6486219534297,
2026-08-17 23:17:36.833,pulse_batch,x,,,,,3,,1013,601,557,77,77,,6486240056041,
2026-08-17 23:17:36.853,pulse_batch,x,,,,,3,,1016,604,560,77,77,,6486260443656,
2026-08-17 23:17:36.875,pulse_batch,x,,,,,3,,1019,607,563,77,77,,6486282027557,
2026-08-17 23:17:36.896,pulse_batch,x,,,,,3,,1022,610,566,77,77,,6486302694669,
2026-08-17 23:17:36.916,pulse_batch,x,,,,,3,,1025,613,569,77,77,,6486323093914,
2026-08-17 23:17:36.938,pulse_batch,x,,,,,3,,1028,616,572,77,77,,6486344784407,
2026-08-17 23:17:36.958,pulse_batch,x,,,,,3,,1031,619,575,77,77,,6486365322373,
2026-08-17 23:17:36.979,pulse_batch,x,,,,,3,,1034,622,578,77,77,,6486385804561,
2026-08-17 23:17:36.999,pulse_batch,x,,,,,3,,1037,625,581,77,77,,6486406388860,
2026-08-17 23:17:37.020,pulse_batch,x,,,,,3,,1040,628,584,77,77,,6486426908659,
2026-08-17 23:17:37.040,pulse_batch,x,,,,,3,,1043,631,587,77,77,,6486447389144,
2026-08-17 23:17:37.061,pulse_batch,x,,,,,3,,1046,634,590,77,77,,6486468242681,
2026-08-17 23:17:37.082,pulse_batch,x,,,,,3,,1049,637,593,77,77,,6486489513733,
2026-08-17 23:17:37.103,pulse_batch,x,,,,,3,,1052,640,596,77,77,,6486510002015,
2026-08-17 23:17:37.123,pulse_batch,x,,,,,3,,1055,643,599,77,77,,6486530566925,
2026-08-17 23:17:37.149,pulse_batch,x,,,,,3,,1058,646,602,77,77,,6486556117069,
2026-08-17 23:17:37.170,pulse_batch,x,,,,,3,,1061,649,605,77,77,,6486576675201,
2026-08-17 23:17:37.190,pulse_batch,x,,,,,3,,1064,652,608,77,77,,6486597452795,
2026-08-17 23:17:37.212,pulse_batch,x,,,,,3,,1067,655,611,77,77,,6486619249527,
2026-08-17 23:17:37.233,pulse_batch,x,,,,,3,,1070,658,614,77,77,,6486639745160,
2026-08-17 23:17:37.253,pulse_batch,x,,,,,3,,1073,661,617,77,77,,6486660152720,
2026-08-17 23:17:37.275,pulse_batch,x,,,,,3,,1076,664,620,77,77,,6486682004822,
2026-08-17 23:17:37.296,pulse_batch,x,,,,,3,,1079,667,623,77,77,,6486702845878,
2026-08-17 23:17:37.316,pulse_batch,x,,,,,3,,1082,670,626,77,77,,6486723261975,
2026-08-17 23:17:37.339,pulse_batch,x,,,,,3,,1085,673,629,77,77,,6486745804127,
2026-08-17 23:17:37.359,pulse_batch,x,,,,,3,,1088,676,632,77,77,,6486766419092,
2026-08-17 23:17:37.380,pulse_batch,x,,,,,3,,1091,679,635,77,77,,6486786900466,
2026-08-17 23:17:37.402,pulse_batch,x,,,,,3,,1094,682,638,77,77,,6486809238750,
2026-08-17 23:17:37.423,pulse_batch,x,,,,,3,,1097,685,641,77,77,,6486829896863,
2026-08-17 23:17:37.443,pulse_batch,x,,,,,3,,1100,688,644,77,77,,6486850357959,
2026-08-17 23:17:37.466,pulse_batch,x,,,,,3,,1103,691,647,77,77,,6486873060739,
2026-08-17 23:17:37.487,pulse_batch,x,,,,,3,,1106,694,650,77,77,,6486893730259,
2026-08-17 23:17:37.507,pulse_batch,x,,,,,3,,1109,697,653,77,77,,6486914206485,
2026-08-17 23:17:37.528,pulse_batch,x,,,,,3,,1112,700,656,77,77,,6486934784581,
2026-08-17 23:17:37.549,pulse_batch,x,,,,,3,,1115,703,659,77,77,,6486956294760,
2026-08-17 23:17:37.570,pulse_batch,x,,,,,3,,1118,706,662,77,77,,6486976885059,
2026-08-17 23:17:37.590,pulse_batch,x,,,,,3,,1121,709,665,77,77,,6486997323563,
2026-08-17 23:17:37.613,pulse_batch,x,,,,,3,,1124,712,668,77,77,,6487019662568,
2026-08-17 23:17:37.633,pulse_batch,x,,,,,3,,1127,715,671,77,77,,6487040111350,
2026-08-17 23:17:37.653,pulse_batch,x,,,,,3,,1130,718,674,77,77,,6487060522910,
2026-08-17 23:17:37.676,pulse_batch,x,,,,,3,,1133,721,677,77,77,,6487083210857,
2026-08-17 23:17:37.697,pulse_batch,x,,,,,3,,1136,724,680,77,77,,6487103792378,
2026-08-17 23:17:37.717,pulse_batch,x,,,,,3,,1139,727,683,77,77,,6487124200364,
2026-08-17 23:17:37.739,pulse_batch,x,,,,,3,,1142,730,686,77,77,,6487145780117,
2026-08-17 23:17:37.762,pulse_batch,x,,,,,3,,1145,733,689,77,77,,6487169431481,
2026-08-17 23:17:37.783,pulse_batch,x,,,,,3,,1148,736,692,77,77,,6487189882892,
2026-08-17 23:17:37.803,pulse_batch,x,,,,,3,,1151,739,695,77,77,,6487210575968,
2026-08-17 23:17:37.824,pulse_batch,x,,,,,3,,1154,742,698,77,77,,6487231150822,
2026-08-17 23:17:37.844,pulse_batch,x,,,,,3,,1157,745,701,77,77,,6487251597826,
2026-08-17 23:17:37.866,pulse_batch,x,,,,,3,,1160,748,704,77,77,,6487272837545,
2026-08-17 23:17:37.886,pulse_batch,x,,,,,3,,1163,751,707,77,77,,6487293518788,
2026-08-17 23:17:37.907,pulse_batch,x,,,,,3,,1166,754,710,77,77,,6487314010384,
2026-08-17 23:17:37.928,pulse_batch,x,,,,,3,,1169,757,713,77,77,,6487335291862,
2026-08-17 23:17:37.950,pulse_batch,x,,,,,3,,1172,760,716,77,77,,6487356891281,
2026-08-17 23:17:37.970,pulse_batch,x,,,,,3,,1175,763,719,77,77,,6487377450266,
2026-08-17 23:17:37.992,pulse_batch,x,,,,,3,,1178,766,722,77,77,,6487398790780,
2026-08-17 23:17:38.002,pulse_batch,x,,,,,1,,1179,767,723,77,77,,6487409084078,
2026-08-17 23:17:38.002,continuous_stop,x,,,,,,1,1179,767,723,77,77,,6487409297094,
2026-08-17 23:17:38.869,continuous_start,x,,,,,,1,1179,767,723,77,77,,6488276251952,
2026-08-17 23:17:38.873,pulse_batch,x,,,,,1,,1180,768,724,77,77,,6488279922012,
2026-08-17 23:17:38.893,pulse_batch,x,,,,,3,,1183,771,727,77,77,,6488300588126,
2026-08-17 23:17:38.914,pulse_batch,x,,,,,3,,1186,774,730,77,77,,6488321016408,
2026-08-17 23:17:38.936,pulse_batch,x,,,,,3,,1189,777,733,77,77,,6488343310988,
2026-08-17 23:17:38.958,pulse_batch,x,,,,,3,,1192,780,736,77,77,,6488364783761,
2026-08-17 23:17:38.978,pulse_batch,x,,,,,3,,1195,783,739,77,77,,6488385195858,
2026-08-17 23:17:39.000,pulse_batch,x,,,,,3,,1198,786,742,77,77,,6488407122941,
2026-08-17 23:17:39.021,pulse_batch,x,,,,,3,,1201,789,745,77,77,,6488427759185,
2026-08-17 23:17:39.041,pulse_batch,x,,,,,3,,1204,792,748,77,77,,6488448268911,
2026-08-17 23:17:39.062,pulse_batch,x,,,,,3,,1207,795,751,77,77,,6488468780174,
2026-08-17 23:17:39.073,pulse_batch,x,,,,,1,,1208,796,752,77,77,,6488479770354,
2026-08-17 23:17:39.073,continuous_stop,x,,,,,,1,1208,796,752,77,77,,6488480141814,
2026-08-17 23:17:40.674,continuous_start,y,,,,,,-1,268,-20,0,0,4,,6490080833126,
2026-08-17 23:17:40.677,pulse_batch,y,,,,,-1,,269,-21,-1,0,4,,6490084500594,
2026-08-17 23:17:40.699,pulse_batch,y,,,,,-3,,272,-24,-4,0,4,,6490105785757,
2026-08-17 23:17:40.719,pulse_batch,y,,,,,-3,,275,-27,-7,0,4,,6490126217910,
2026-08-17 23:17:40.743,pulse_batch,y,,,,,-3,,278,-30,-10,0,4,,6490150287605,
2026-08-17 23:17:40.764,pulse_batch,y,,,,,-3,,281,-33,-13,0,4,,6490170868997,
2026-08-17 23:17:40.784,pulse_batch,y,,,,,-3,,284,-36,-16,0,4,,6490191327205,
2026-08-17 23:17:40.807,pulse_batch,y,,,,,-3,,287,-39,-19,0,4,,6490213780544,
2026-08-17 23:17:40.828,pulse_batch,y,,,,,-3,,290,-42,-22,0,4,,6490235585389,
2026-08-17 23:17:40.849,pulse_batch,y,,,,,-3,,293,-45,-25,0,4,,6490256032523,
2026-08-17 23:17:40.870,pulse_batch,y,,,,,-3,,296,-48,-28,0,4,,6490277488889,
2026-08-17 23:17:40.874,continuous_stop,y,,,,,,-1,296,-48,-28,0,4,,6490281132394,
2026-08-17 23:17:41.606,continuous_start,y,,,,,,-1,296,-48,-28,0,4,,6491013605764,
2026-08-17 23:17:41.610,pulse_batch,y,,,,,-1,,297,-49,-29,0,4,,6491017354323,
2026-08-17 23:17:41.631,pulse_batch,y,,,,,-3,,300,-52,-32,0,4,,6491037942975,
2026-08-17 23:17:41.651,pulse_batch,y,,,,,-3,,303,-55,-35,0,4,,6491058463961,
2026-08-17 23:17:41.674,pulse_batch,y,,,,,-3,,306,-58,-38,0,4,,6491081109928,
2026-08-17 23:17:41.677,continuous_stop,y,,,,,,-1,306,-58,-38,0,4,,6491084582656,
2026-08-17 23:17:43.407,continuous_start,x,,,,,,1,1208,796,752,77,77,,6492814270993,
2026-08-17 23:17:43.411,pulse_batch,x,,,,,1,,1209,797,753,77,77,,6492817947553,
2026-08-17 23:17:43.431,pulse_batch,x,,,,,3,,1212,800,756,77,77,,6492838546390,
2026-08-17 23:17:43.452,pulse_batch,x,,,,,3,,1215,803,759,77,77,,6492858944081,
2026-08-17 23:17:43.472,pulse_batch,x,,,,,2,,1217,805,761,77,77,,6492878688500,
2026-08-17 23:17:43.472,continuous_stop,x,,,,,,1,1217,805,761,77,77,,6492879107885,
2026-08-17 23:17:45.402,point_saved,x,1,stored,,,,,,805,761,77,77,761,,
2026-08-17 23:17:45.402,point_saved,y,1,stored,,,,,,-58,-38,0,4,-38,,
2026-08-17 23:17:47.214,continuous_start,x,,,,,,-1,1217,805,761,77,77,,6496621496059,
2026-08-17 23:17:47.218,pulse_batch,x,,,,,-1,,1218,804,761,76,77,,6496625110323,
2026-08-17 23:17:47.239,pulse_batch,x,,,,,-3,,1221,801,761,73,77,,6496645840994,
2026-08-17 23:17:47.259,pulse_batch,x,,,,,-3,,1224,798,761,70,77,,6496666270982,
2026-08-17 23:17:47.280,pulse_batch,x,,,,,-3,,1227,795,761,67,77,,6496687067170,
2026-08-17 23:17:47.303,pulse_batch,x,,,,,-3,,1230,792,761,64,77,,6496710403781,
2026-08-17 23:17:47.324,pulse_batch,x,,,,,-3,,1233,789,761,61,77,,6496730870213,
2026-08-17 23:17:47.346,pulse_batch,x,,,,,-3,,1236,786,761,58,77,,6496753386571,
2026-08-17 23:17:47.367,pulse_batch,x,,,,,-3,,1239,783,761,55,77,,6496773974354,
2026-08-17 23:17:47.387,pulse_batch,x,,,,,-3,,1242,780,761,52,77,,6496794421453,
2026-08-17 23:17:47.411,pulse_batch,x,,,,,-3,,1245,777,761,49,77,,6496818571797,
2026-08-17 23:17:47.432,pulse_batch,x,,,,,-3,,1248,774,761,46,77,,6496839403004,
2026-08-17 23:17:47.453,pulse_batch,x,,,,,-3,,1251,771,761,43,77,,6496859892158,
2026-08-17 23:17:47.476,pulse_batch,x,,,,,-3,,1254,768,761,40,77,,6496883243194,
2026-08-17 23:17:47.497,pulse_batch,x,,,,,-3,,1257,765,761,37,77,,6496903900828,
2026-08-17 23:17:47.517,pulse_batch,x,,,,,-3,,1260,762,761,34,77,,6496924377538,
2026-08-17 23:17:47.538,pulse_batch,x,,,,,-3,,1263,759,761,31,77,,6496945028079,
2026-08-17 23:17:47.561,pulse_batch,x,,,,,-3,,1266,756,761,28,77,,6496967676881,
2026-08-17 23:17:47.581,pulse_batch,x,,,,,-3,,1269,753,761,25,77,,6496988182387,
2026-08-17 23:17:47.601,pulse_batch,x,,,,,-3,,1272,750,761,22,77,,6497008639301,
2026-08-17 23:17:47.625,pulse_batch,x,,,,,-3,,1275,747,761,19,77,,6497031660155,
2026-08-17 23:17:47.645,pulse_batch,x,,,,,-3,,1278,744,761,16,77,,6497052203234,
2026-08-17 23:17:47.665,pulse_batch,x,,,,,-3,,1281,741,761,13,77,,6497072635370,
2026-08-17 23:17:47.686,pulse_batch,x,,,,,-2,,1283,739,761,11,77,,6497093157339,
2026-08-17 23:17:47.707,pulse_batch,x,,,,,-3,,1286,736,761,8,77,,6497113710770,
2026-08-17 23:17:47.727,pulse_batch,x,,,,,-3,,1289,733,761,5,77,,6497134182924,
2026-08-17 23:17:47.748,pulse_batch,x,,,,,-3,,1292,730,761,2,77,,6497155022131,
2026-08-17 23:17:47.769,pulse_batch,x,,,,,-3,,1295,727,760,0,77,,6497175991984,
2026-08-17 23:17:47.789,pulse_batch,x,,,,,-3,,1298,724,757,0,77,,6497196464861,
2026-08-17 23:17:47.810,pulse_batch,x,,,,,-3,,1301,721,754,0,77,,6497217365437,
2026-08-17 23:17:47.831,pulse_batch,x,,,,,-3,,1304,718,751,0,77,,6497237969794,
2026-08-17 23:17:47.851,pulse_batch,x,,,,,-3,,1307,715,748,0,77,,6497258524021,
2026-08-17 23:17:47.872,pulse_batch,x,,,,,-3,,1310,712,745,0,77,,6497278996379,
2026-08-17 23:17:47.893,pulse_batch,x,,,,,-3,,1313,709,742,0,77,,6497299606606,
2026-08-17 23:17:47.913,pulse_batch,x,,,,,-3,,1316,706,739,0,77,,6497320160926,
2026-08-17 23:17:47.934,pulse_batch,x,,,,,-3,,1319,703,736,0,77,,6497340606729,
2026-08-17 23:17:47.955,pulse_batch,x,,,,,-3,,1322,700,733,0,77,,6497361665656,
2026-08-17 23:17:47.975,pulse_batch,x,,,,,-3,,1325,697,730,0,77,,6497382223809,
2026-08-17 23:17:47.996,pulse_batch,x,,,,,-3,,1328,694,727,0,77,,6497402667093,
2026-08-17 23:17:48.017,pulse_batch,x,,,,,-3,,1331,691,724,0,77,,6497423723353,
2026-08-17 23:17:48.037,pulse_batch,x,,,,,-3,,1334,688,721,0,77,,6497444317766,
2026-08-17 23:17:48.058,pulse_batch,x,,,,,-3,,1337,685,718,0,77,,6497464749125,
2026-08-17 23:17:48.078,pulse_batch,x,,,,,-3,,1340,682,715,0,77,,6497485420407,
2026-08-17 23:17:48.099,pulse_batch,x,,,,,-3,,1343,679,712,0,77,,6497506033356,
2026-08-17 23:17:48.119,pulse_batch,x,,,,,-3,,1346,676,709,0,77,,6497526513881,
2026-08-17 23:17:48.140,pulse_batch,x,,,,,-3,,1349,673,706,0,77,,6497547021628,
2026-08-17 23:17:48.161,pulse_batch,x,,,,,-3,,1352,670,703,0,77,,6497568265183,
2026-08-17 23:17:48.182,pulse_batch,x,,,,,-3,,1355,667,700,0,77,,6497588743522,
2026-08-17 23:17:48.202,pulse_batch,x,,,,,-3,,1358,664,697,0,77,,6497609207436,
2026-08-17 23:17:48.224,pulse_batch,x,,,,,-3,,1361,661,694,0,77,,6497631409779,
2026-08-17 23:17:48.246,pulse_batch,x,,,,,-3,,1364,658,691,0,77,,6497653370458,
2026-08-17 23:17:48.267,pulse_batch,x,,,,,-3,,1367,655,688,0,77,,6497673843593,
2026-08-17 23:17:48.289,pulse_batch,x,,,,,-3,,1370,652,685,0,77,,6497696041177,
2026-08-17 23:17:48.310,pulse_batch,x,,,,,-3,,1373,649,682,0,77,,6497717105975,
2026-08-17 23:17:48.330,pulse_batch,x,,,,,-3,,1376,646,679,0,77,,6497737577518,
2026-08-17 23:17:48.352,pulse_batch,x,,,,,-3,,1379,643,676,0,77,,6497758689167,
2026-08-17 23:17:48.373,pulse_batch,x,,,,,-3,,1382,640,673,0,77,,6497779811445,
2026-08-17 23:17:48.393,pulse_batch,x,,,,,-3,,1385,637,670,0,77,,6497800331803,
2026-08-17 23:17:48.414,pulse_batch,x,,,,,-3,,1388,634,667,0,77,,6497821500488,
2026-08-17 23:17:48.435,pulse_batch,x,,,,,-3,,1391,631,664,0,77,,6497842062494,
2026-08-17 23:17:48.456,pulse_batch,x,,,,,-3,,1394,628,661,0,77,,6497862647258,
2026-08-17 23:17:48.477,pulse_batch,x,,,,,-3,,1397,625,658,0,77,,6497884226940,
2026-08-17 23:17:48.498,pulse_batch,x,,,,,-3,,1400,622,655,0,77,,6497904815964,
2026-08-17 23:17:48.518,pulse_batch,x,,,,,-3,,1403,619,652,0,77,,6497925303803,
2026-08-17 23:17:48.539,pulse_batch,x,,,,,-3,,1406,616,649,0,77,,6497945770884,
2026-08-17 23:17:48.561,pulse_batch,x,,,,,-3,,1409,613,646,0,77,,6497968278391,
2026-08-17 23:17:48.582,pulse_batch,x,,,,,-3,,1412,610,643,0,77,,6497988757027,
2026-08-17 23:17:48.602,pulse_batch,x,,,,,-3,,1415,607,640,0,77,,6498009218181,
2026-08-17 23:17:48.613,pulse_batch,x,,,,,-1,,1416,606,639,0,77,,6498020407213,
2026-08-17 23:17:48.613,continuous_stop,x,,,,,,-1,1416,606,639,0,77,,6498020644785,
2026-08-17 23:17:49.283,continuous_start,x,,,,,,1,1416,606,639,0,77,,6498689780366,
2026-08-17 23:17:49.286,pulse_batch,x,,,,,1,,1417,607,639,1,77,,6498693370372,
2026-08-17 23:17:49.307,pulse_batch,x,,,,,3,,1420,610,639,4,77,,6498713936081,
2026-08-17 23:17:49.327,pulse_batch,x,,,,,3,,1423,613,639,7,77,,6498734441088,
2026-08-17 23:17:49.349,pulse_batch,x,,,,,3,,1426,616,639,10,77,,6498755631792,
2026-08-17 23:17:49.369,pulse_batch,x,,,,,3,,1429,619,639,13,77,,6498776270611,
2026-08-17 23:17:49.390,pulse_batch,x,,,,,3,,1432,622,639,16,77,,6498796732988,
2026-08-17 23:17:49.412,pulse_batch,x,,,,,3,,1435,625,639,19,77,,6498819279162,
2026-08-17 23:17:49.436,pulse_batch,x,,,,,3,,1438,628,639,22,77,,6498842956252,
2026-08-17 23:17:49.456,pulse_batch,x,,,,,3,,1441,631,639,25,77,,6498863417425,
2026-08-17 23:17:49.480,pulse_batch,x,,,,,3,,1444,634,639,28,77,,6498886838517,
2026-08-17 23:17:49.501,pulse_batch,x,,,,,3,,1447,637,639,31,77,,6498908588105,
2026-08-17 23:17:49.522,pulse_batch,x,,,,,3,,1450,640,639,34,77,,6498929158685,
2026-08-17 23:17:49.544,pulse_batch,x,,,,,3,,1453,643,639,37,77,,6498951015920,
2026-08-17 23:17:49.564,pulse_batch,x,,,,,3,,1456,646,639,40,77,,6498971548352,
2026-08-17 23:17:49.585,pulse_batch,x,,,,,3,,1459,649,639,43,77,,6498991986432,
2026-08-17 23:17:49.606,pulse_batch,x,,,,,3,,1462,652,639,46,77,,6499012741862,
2026-08-17 23:17:49.627,pulse_batch,x,,,,,3,,1465,655,639,49,77,,6499034437914,
2026-08-17 23:17:49.648,pulse_batch,x,,,,,3,,1468,658,639,52,77,,6499054944142,
2026-08-17 23:17:49.669,pulse_batch,x,,,,,3,,1471,661,639,55,77,,6499076161661,
2026-08-17 23:17:49.690,pulse_batch,x,,,,,3,,1474,664,639,58,77,,6499097285625,
2026-08-17 23:17:49.711,pulse_batch,x,,,,,3,,1477,667,639,61,77,,6499117762094,
2026-08-17 23:17:49.731,pulse_batch,x,,,,,3,,1480,670,639,64,77,,6499138141250,
2026-08-17 23:17:49.752,pulse_batch,x,,,,,3,,1483,673,639,67,77,,6499158827384,
2026-08-17 23:17:49.772,pulse_batch,x,,,,,3,,1486,676,639,70,77,,6499179472352,
2026-08-17 23:17:49.793,pulse_batch,x,,,,,3,,1489,679,639,73,77,,6499199855470,
2026-08-17 23:17:49.817,pulse_batch,x,,,,,3,,1492,682,639,76,77,,6499223622837,
2026-08-17 23:17:49.837,pulse_batch,x,,,,,3,,1495,685,641,77,77,,6499244112325,
2026-08-17 23:17:49.857,pulse_batch,x,,,,,3,,1498,688,644,77,77,,6499264528350,
2026-08-17 23:17:49.878,pulse_batch,x,,,,,3,,1501,691,647,77,77,,6499285106837,
2026-08-17 23:17:49.898,pulse_batch,x,,,,,3,,1504,694,650,77,77,,6499305608566,
2026-08-17 23:17:49.919,pulse_batch,x,,,,,3,,1507,697,653,77,77,,6499326041239,
2026-08-17 23:17:49.940,pulse_batch,x,,,,,3,,1510,700,656,77,77,,6499346730485,
2026-08-17 23:17:49.961,pulse_batch,x,,,,,3,,1513,703,659,77,77,,6499367857319,
2026-08-17 23:17:49.981,pulse_batch,x,,,,,3,,1516,706,662,77,77,,6499388373288,
2026-08-17 23:17:50.002,pulse_batch,x,,,,,3,,1519,709,665,77,77,,6499408825257,
2026-08-17 23:17:50.024,pulse_batch,x,,,,,3,,1522,712,668,77,77,,6499430773418,
2026-08-17 23:17:50.044,pulse_batch,x,,,,,3,,1525,715,671,77,77,,6499451276665,
2026-08-17 23:17:50.065,pulse_batch,x,,,,,3,,1528,718,674,77,77,,6499471677191,
2026-08-17 23:17:50.087,pulse_batch,x,,,,,3,,1531,721,677,77,77,,6499494035867,
2026-08-17 23:17:50.108,pulse_batch,x,,,,,3,,1534,724,680,77,77,,6499515433643,
2026-08-17 23:17:50.129,pulse_batch,x,,,,,3,,1537,727,683,77,77,,6499535844132,
2026-08-17 23:17:50.150,pulse_batch,x,,,,,3,,1540,730,686,77,77,,6499557132187,
2026-08-17 23:17:50.171,pulse_batch,x,,,,,3,,1543,733,689,77,77,,6499577714489,
2026-08-17 23:17:50.191,pulse_batch,x,,,,,3,,1546,736,692,77,77,,6499598178700,
2026-08-17 23:17:50.213,pulse_batch,x,,,,,3,,1549,739,695,77,77,,6499620449913,
2026-08-17 23:17:50.234,pulse_batch,x,,,,,3,,1552,742,698,77,77,,6499641015882,
2026-08-17 23:17:50.254,pulse_batch,x,,,,,3,,1555,745,701,77,77,,6499661421037,
2026-08-17 23:17:50.275,pulse_batch,x,,,,,3,,1558,748,704,77,77,,6499681921266,
2026-08-17 23:17:50.295,pulse_batch,x,,,,,3,,1561,751,707,77,77,,6499702505550,
2026-08-17 23:17:50.316,pulse_batch,x,,,,,3,,1564,754,710,77,77,,6499722981927,
2026-08-17 23:17:50.336,pulse_batch,x,,,,,3,,1567,757,713,77,77,,6499743445841,
2026-08-17 23:17:50.357,pulse_batch,x,,,,,3,,1570,760,716,77,77,,6499764467806,
2026-08-17 23:17:50.378,pulse_batch,x,,,,,3,,1573,763,719,77,77,,6499784985794,
2026-08-17 23:17:50.398,pulse_batch,x,,,,,3,,1576,766,722,77,77,,6499805403653,
2026-08-17 23:17:50.420,pulse_batch,x,,,,,3,,1579,769,725,77,77,,6499827553663,
2026-08-17 23:17:50.442,pulse_batch,x,,,,,3,,1582,772,728,77,77,,6499848836256,
2026-08-17 23:17:50.462,pulse_batch,x,,,,,3,,1585,775,731,77,77,,6499869247707,
2026-08-17 23:17:50.484,pulse_batch,x,,,,,3,,1588,778,734,77,77,,6499890826482,
2026-08-17 23:17:50.504,pulse_batch,x,,,,,3,,1591,781,737,77,77,,6499911521746,
2026-08-17 23:17:50.525,pulse_batch,x,,,,,3,,1594,784,740,77,77,,6499931962846,
2026-08-17 23:17:50.546,pulse_batch,x,,,,,3,,1597,787,743,77,77,,6499952826960,
2026-08-17 23:17:50.567,pulse_batch,x,,,,,3,,1600,790,746,77,77,,6499973752278,
2026-08-17 23:17:50.587,pulse_batch,x,,,,,3,,1603,793,749,77,77,,6499994223192,
2026-08-17 23:17:50.608,pulse_batch,x,,,,,3,,1606,796,752,77,77,,6500014693329,
2026-08-17 23:17:50.628,pulse_batch,x,,,,,3,,1609,799,755,77,77,,6500035298130,
2026-08-17 23:17:50.649,pulse_batch,x,,,,,3,,1612,802,758,77,77,,6500055746786,
2026-08-17 23:17:50.669,pulse_batch,x,,,,,3,,1615,805,761,77,77,,6500076199700,
2026-08-17 23:17:50.692,pulse_batch,x,,,,,3,,1618,808,764,77,77,,6500099580718,
2026-08-17 23:17:50.713,pulse_batch,x,,,,,3,,1621,811,767,77,77,,6500120023040,
2026-08-17 23:17:50.733,pulse_batch,x,,,,,3,,1624,814,770,77,77,,6500140578713,
2026-08-17 23:17:50.754,pulse_batch,x,,,,,3,,1627,817,773,77,77,,6500161444068,
2026-08-17 23:17:50.775,pulse_batch,x,,,,,3,,1630,820,776,77,77,,6500181971926,
2026-08-17 23:17:50.795,pulse_batch,x,,,,,3,,1633,823,779,77,77,,6500202423452,
2026-08-17 23:17:50.817,pulse_batch,x,,,,,3,,1636,826,782,77,77,,6500224575110,
2026-08-17 23:17:50.838,pulse_batch,x,,,,,3,,1639,829,785,77,77,,6500245076284,
2026-08-17 23:17:50.858,pulse_batch,x,,,,,3,,1642,832,788,77,77,,6500265501383,
2026-08-17 23:17:50.879,pulse_batch,x,,,,,3,,1645,835,791,77,77,,6500286053537,
2026-08-17 23:17:50.899,pulse_batch,x,,,,,3,,1648,838,794,77,77,,6500306600025,
2026-08-17 23:17:50.920,pulse_batch,x,,,,,3,,1651,841,797,77,77,,6500327041791,
2026-08-17 23:17:50.941,pulse_batch,x,,,,,3,,1654,844,800,77,77,,6500347870943,
2026-08-17 23:17:50.961,pulse_batch,x,,,,,3,,1657,847,803,77,77,,6500368573318,
2026-08-17 23:17:50.982,pulse_batch,x,,,,,3,,1660,850,806,77,77,,6500389021677,
2026-08-17 23:17:51.002,pulse_batch,x,,,,,3,,1663,853,809,77,77,,6500409513035,
2026-08-17 23:17:51.025,pulse_batch,x,,,,,3,,1666,856,812,77,77,,6500431650565,
2026-08-17 23:17:51.045,pulse_batch,x,,,,,3,,1669,859,815,77,77,,6500452180720,
2026-08-17 23:17:51.065,pulse_batch,x,,,,,3,,1672,862,818,77,77,,6500472576264,
2026-08-17 23:17:51.088,pulse_batch,x,,,,,3,,1675,865,821,77,77,,6500494794645,
2026-08-17 23:17:51.108,pulse_batch,x,,,,,3,,1678,868,824,77,77,,6500515542853,
2026-08-17 23:17:51.129,pulse_batch,x,,,,,3,,1681,871,827,77,77,,6500535953713,
2026-08-17 23:17:51.150,pulse_batch,x,,,,,3,,1684,874,830,77,77,,6500557071121,
2026-08-17 23:17:51.170,pulse_batch,x,,,,,3,,1687,877,833,77,77,,6500577588739,
2026-08-17 23:17:51.191,pulse_batch,x,,,,,3,,1690,880,836,77,77,,6500598066505,
2026-08-17 23:17:51.212,pulse_batch,x,,,,,3,,1693,883,839,77,77,,6500619009045,
2026-08-17 23:17:51.235,pulse_batch,x,,,,,3,,1696,886,842,77,77,,6500642460841,
2026-08-17 23:17:51.256,pulse_batch,x,,,,,3,,1699,889,845,77,77,,6500662900626,
2026-08-17 23:17:51.276,pulse_batch,x,,,,,3,,1702,892,848,77,77,,6500683456558,
2026-08-17 23:17:51.297,pulse_batch,x,,,,,3,,1705,895,851,77,77,,6500704239544,
2026-08-17 23:17:51.318,pulse_batch,x,,,,,3,,1708,898,854,77,77,,6500724678348,
2026-08-17 23:17:51.338,pulse_batch,x,,,,,3,,1711,901,857,77,77,,6500745156818,
2026-08-17 23:17:51.359,pulse_batch,x,,,,,3,,1714,904,860,77,77,,6500765702917,
2026-08-17 23:17:51.379,pulse_batch,x,,,,,3,,1717,907,863,77,77,,6500786186127,
2026-08-17 23:17:51.400,pulse_batch,x,,,,,3,,1720,910,866,77,77,,6500806730152,
2026-08-17 23:17:51.425,pulse_batch,x,,,,,3,,1723,913,869,77,77,,6500832127746,
2026-08-17 23:17:51.446,pulse_batch,x,,,,,3,,1726,916,872,77,77,,6500853239581,
2026-08-17 23:17:51.466,pulse_batch,x,,,,,3,,1729,919,875,77,77,,6500873642810,
2026-08-17 23:17:51.489,pulse_batch,x,,,,,3,,1732,922,878,77,77,,6500895877654,
2026-08-17 23:17:51.509,pulse_batch,x,,,,,3,,1735,925,881,77,77,,6500916454697,
2026-08-17 23:17:51.530,pulse_batch,x,,,,,3,,1738,928,884,77,77,,6500936865204,
2026-08-17 23:17:51.551,pulse_batch,x,,,,,3,,1741,931,887,77,77,,6500958552756,
2026-08-17 23:17:51.572,pulse_batch,x,,,,,3,,1744,934,890,77,77,,6500979119263,
2026-08-17 23:17:51.592,pulse_batch,x,,,,,3,,1747,937,893,77,77,,6500999546196,
2026-08-17 23:17:51.615,pulse_batch,x,,,,,3,,1750,940,896,77,77,,6501021931020,
2026-08-17 23:17:51.635,pulse_batch,x,,,,,3,,1753,943,899,77,77,,6501042479656,
2026-08-17 23:17:51.656,pulse_batch,x,,,,,3,,1756,946,902,77,77,,6501062902052,
2026-08-17 23:17:51.678,pulse_batch,x,,,,,3,,1759,949,905,77,77,,6501085139155,
2026-08-17 23:17:51.698,pulse_batch,x,,,,,3,,1762,952,908,77,77,,6501105608884,
2026-08-17 23:17:51.719,pulse_batch,x,,,,,3,,1765,955,911,77,77,,6501126202112,
2026-08-17 23:17:51.740,pulse_batch,x,,,,,3,,1768,958,914,77,77,,6501146749322,
2026-08-17 23:17:51.762,pulse_batch,x,,,,,3,,1771,961,917,77,77,,6501169464180,
2026-08-17 23:17:51.783,pulse_batch,x,,,,,3,,1774,964,920,77,77,,6501189987964,
2026-08-17 23:17:51.803,pulse_batch,x,,,,,3,,1777,967,923,77,77,,6501210446027,
2026-08-17 23:17:51.826,pulse_batch,x,,,,,3,,1780,970,926,77,77,,6501232710444,
2026-08-17 23:17:51.846,pulse_batch,x,,,,,3,,1783,973,929,77,77,,6501253234617,
2026-08-17 23:17:51.866,pulse_batch,x,,,,,3,,1786,976,932,77,77,,6501273639458,
2026-08-17 23:17:51.887,pulse_batch,x,,,,,3,,1789,979,935,77,77,,6501294218964,
2026-08-17 23:17:51.908,pulse_batch,x,,,,,3,,1792,982,938,77,77,,6501314779952,
2026-08-17 23:17:51.928,pulse_batch,x,,,,,3,,1795,985,941,77,77,,6501335180441,
2026-08-17 23:17:51.950,pulse_batch,x,,,,,3,,1798,988,944,77,77,,6501356682310,
2026-08-17 23:17:51.970,pulse_batch,x,,,,,3,,1801,991,947,77,77,,6501377223538,
2026-08-17 23:17:51.990,pulse_batch,x,,,,,3,,1804,994,950,77,77,,6501397652638,
2026-08-17 23:17:52.012,pulse_batch,x,,,,,3,,1807,997,953,77,77,,6501419182247,
2026-08-17 23:17:52.033,pulse_batch,x,,,,,3,,1810,1000,956,77,77,,6501439774013,
2026-08-17 23:17:52.053,pulse_batch,x,,,,,3,,1813,1003,959,77,77,,6501460285668,
2026-08-17 23:17:52.074,pulse_batch,x,,,,,3,,1816,1006,962,77,77,,6501480798267,
2026-08-17 23:17:52.096,pulse_batch,x,,,,,3,,1819,1009,965,77,77,,6501502735632,
2026-08-17 23:17:52.116,pulse_batch,x,,,,,3,,1822,1012,968,77,77,,6501523298620,
2026-08-17 23:17:52.137,pulse_batch,x,,,,,3,,1825,1015,971,77,77,,6501543713424,
2026-08-17 23:17:52.157,pulse_batch,x,,,,,3,,1828,1018,974,77,77,,6501564258079,
2026-08-17 23:17:52.178,pulse_batch,x,,,,,3,,1831,1021,977,77,77,,6501584796474,
2026-08-17 23:17:52.198,pulse_batch,x,,,,,3,,1834,1024,980,77,77,,6501605206186,
2026-08-17 23:17:52.219,pulse_batch,x,,,,,3,,1837,1027,983,77,77,,6501626439668,
2026-08-17 23:17:52.240,pulse_batch,x,,,,,3,,1840,1030,986,77,77,,6501647023618,
2026-08-17 23:17:52.260,pulse_batch,x,,,,,3,,1843,1033,989,77,77,,6501667453404,
2026-08-17 23:17:52.282,pulse_batch,x,,,,,3,,1846,1036,992,77,77,,6501689269770,
2026-08-17 23:17:52.303,pulse_batch,x,,,,,3,,1849,1039,995,77,77,,6501709765369,
2026-08-17 23:17:52.323,pulse_batch,x,,,,,3,,1852,1042,998,77,77,,6501730294691,
2026-08-17 23:17:52.345,pulse_batch,x,,,,,3,,1855,1045,1001,77,77,,6501752353129,
2026-08-17 23:17:52.366,pulse_batch,x,,,,,3,,1858,1048,1004,77,77,,6501772950783,
2026-08-17 23:17:52.386,pulse_batch,x,,,,,3,,1861,1051,1007,77,77,,6501793397531,
2026-08-17 23:17:52.407,pulse_batch,x,,,,,3,,1864,1054,1010,77,77,,6501813831816,
2026-08-17 23:17:52.429,pulse_batch,x,,,,,3,,1867,1057,1013,77,77,,6501836418491,
2026-08-17 23:17:52.450,pulse_batch,x,,,,,3,,1870,1060,1016,77,77,,6501856899535,
2026-08-17 23:17:52.470,pulse_batch,x,,,,,3,,1873,1063,1019,77,77,,6501877302561,
2026-08-17 23:17:52.491,pulse_batch,x,,,,,3,,1876,1066,1022,77,77,,6501897863438,
2026-08-17 23:17:52.511,pulse_batch,x,,,,,3,,1879,1069,1025,77,77,,6501918514518,
2026-08-17 23:17:52.532,pulse_batch,x,,,,,3,,1882,1072,1028,77,77,,6501938946747,
2026-08-17 23:17:52.553,pulse_batch,x,,,,,3,,1885,1075,1031,77,77,,6501960072119,
2026-08-17 23:17:52.574,pulse_batch,x,,,,,3,,1888,1078,1034,77,77,,6501980760569,
2026-08-17 23:17:52.594,pulse_batch,x,,,,,3,,1891,1081,1037,77,77,,6502001187947,
2026-08-17 23:17:52.616,pulse_batch,x,,,,,3,,1894,1084,1040,77,77,,6502023547605,
2026-08-17 23:17:52.637,pulse_batch,x,,,,,3,,1897,1087,1043,77,77,,6502043984168,
2026-08-17 23:17:52.659,pulse_batch,x,,,,,3,,1900,1090,1046,77,77,,6502065712497,
2026-08-17 23:17:52.681,pulse_batch,x,,,,,3,,1903,1093,1049,77,77,,6502088226357,
2026-08-17 23:17:52.702,pulse_batch,x,,,,,3,,1906,1096,1052,77,77,,6502108724086,
2026-08-17 23:17:52.722,pulse_batch,x,,,,,3,,1909,1099,1055,77,77,,6502129195279,
2026-08-17 23:17:52.743,pulse_batch,x,,,,,3,,1912,1102,1058,77,77,,6502149651897,
2026-08-17 23:17:52.764,pulse_batch,x,,,,,3,,1915,1105,1061,77,77,,6502171033341,
2026-08-17 23:17:52.784,pulse_batch,x,,,,,3,,1918,1108,1064,77,77,,6502191480423,
2026-08-17 23:17:52.805,pulse_batch,x,,,,,3,,1921,1111,1067,77,77,,6502211994170,
2026-08-17 23:17:52.827,pulse_batch,x,,,,,3,,1924,1114,1070,77,77,,6502233922480,
2026-08-17 23:17:52.847,pulse_batch,x,,,,,3,,1927,1117,1073,77,77,,6502254419283,
2026-08-17 23:17:52.868,pulse_batch,x,,,,,3,,1930,1120,1076,77,77,,6502274812402,
2026-08-17 23:17:52.890,pulse_batch,x,,,,,3,,1933,1123,1079,77,77,,6502297251837,
2026-08-17 23:17:52.911,pulse_batch,x,,,,,3,,1936,1126,1082,77,77,,6502317862509,
2026-08-17 23:17:52.931,pulse_batch,x,,,,,3,,1939,1129,1085,77,77,,6502338298535,
2026-08-17 23:17:52.954,pulse_batch,x,,,,,3,,1942,1132,1088,77,77,,6502361107170,
2026-08-17 23:17:52.975,pulse_batch,x,,,,,3,,1945,1135,1091,77,77,,6502381737269,
2026-08-17 23:17:52.995,pulse_batch,x,,,,,3,,1948,1138,1094,77,77,,6502402132610,
2026-08-17 23:17:53.016,pulse_batch,x,,,,,3,,1951,1141,1097,77,77,,6502423259075,
2026-08-17 23:17:53.037,pulse_batch,x,,,,,3,,1954,1144,1100,77,77,,6502443943951,
2026-08-17 23:17:53.057,pulse_batch,x,,,,,3,,1957,1147,1103,77,77,,6502464365107,
2026-08-17 23:17:53.078,pulse_batch,x,,,,,3,,1960,1150,1106,77,77,,6502484842170,
2026-08-17 23:17:53.098,pulse_batch,x,,,,,3,,1963,1153,1109,77,77,,6502505344344,
2026-08-17 23:17:53.119,pulse_batch,x,,,,,3,,1966,1156,1112,77,77,,6502525789129,
2026-08-17 23:17:53.141,pulse_batch,x,,,,,3,,1969,1159,1115,77,77,,6502548069732,
2026-08-17 23:17:53.162,pulse_batch,x,,,,,3,,1972,1162,1118,77,77,,6502568730201,
2026-08-17 23:17:53.182,pulse_batch,x,,,,,3,,1975,1165,1121,77,77,,6502589192875,
2026-08-17 23:17:53.202,pulse_batch,x,,,,,3,,1978,1168,1124,77,77,,6502609602864,
2026-08-17 23:17:53.227,pulse_batch,x,,,,,3,,1981,1171,1127,77,77,,6502633800451,
2026-08-17 23:17:53.247,pulse_batch,x,,,,,3,,1984,1174,1130,77,77,,6502654275569,
2026-08-17 23:17:53.268,pulse_batch,x,,,,,3,,1987,1177,1133,77,77,,6502674685225,
2026-08-17 23:17:53.290,pulse_batch,x,,,,,3,,1990,1180,1136,77,77,,6502697180789,
2026-08-17 23:17:53.311,pulse_batch,x,,,,,3,,1993,1183,1139,77,77,,6502717740796,
2026-08-17 23:17:53.331,pulse_batch,x,,,,,3,,1996,1186,1142,77,77,,6502738230729,
2026-08-17 23:17:53.352,pulse_batch,x,,,,,3,,1999,1189,1145,77,77,,6502758862032,
2026-08-17 23:17:53.372,pulse_batch,x,,,,,3,,2002,1192,1148,77,77,,6502779340483,
2026-08-17 23:17:53.393,pulse_batch,x,,,,,3,,2005,1195,1151,77,77,,6502799774936,
2026-08-17 23:17:53.414,pulse_batch,x,,,,,3,,2008,1198,1154,77,77,,6502820666291,
2026-08-17 23:17:53.434,pulse_batch,x,,,,,3,,2011,1201,1157,77,77,,6502841336797,
2026-08-17 23:17:53.455,pulse_batch,x,,,,,3,,2014,1204,1160,77,77,,6502861788971,
2026-08-17 23:17:53.476,pulse_batch,x,,,,,3,,2017,1207,1163,77,77,,6502882850863,
2026-08-17 23:17:53.498,pulse_batch,x,,,,,3,,2020,1210,1166,77,77,,6502905111058,
2026-08-17 23:17:53.518,pulse_batch,x,,,,,3,,2023,1213,1169,77,77,,6502925601492,
2026-08-17 23:17:53.539,pulse_batch,x,,,,,3,,2026,1216,1172,77,77,,6502946052425,
2026-08-17 23:17:53.560,pulse_batch,x,,,,,3,,2029,1219,1175,77,77,,6502967567349,
2026-08-17 23:17:53.581,pulse_batch,x,,,,,3,,2032,1222,1178,77,77,,6502988048486,
2026-08-17 23:17:53.601,pulse_batch,x,,,,,3,,2035,1225,1181,77,77,,6503008494383,
2026-08-17 23:17:53.623,pulse_batch,x,,,,,3,,2038,1228,1184,77,77,,6503030591376,
2026-08-17 23:17:53.645,pulse_batch,x,,,,,3,,2041,1231,1187,77,77,,6503052105264,
2026-08-17 23:17:53.665,pulse_batch,x,,,,,3,,2044,1234,1190,77,77,,6503072509901,
2026-08-17 23:17:53.687,pulse_batch,x,,,,,3,,2047,1237,1193,77,77,,6503094443692,
2026-08-17 23:17:53.708,pulse_batch,x,,,,,3,,2050,1240,1196,77,77,,6503115021347,
2026-08-17 23:17:53.728,pulse_batch,x,,,,,3,,2053,1243,1199,77,77,,6503135454022,
2026-08-17 23:17:53.751,pulse_batch,x,,,,,3,,2056,1246,1202,77,77,,6503158251731,
2026-08-17 23:17:53.772,pulse_batch,x,,,,,3,,2059,1249,1205,77,77,,6503178797275,
2026-08-17 23:17:53.792,pulse_batch,x,,,,,3,,2062,1252,1208,77,77,,6503199230709,
2026-08-17 23:17:53.814,pulse_batch,x,,,,,3,,2065,1255,1211,77,77,,6503220838132,
2026-08-17 23:17:53.834,pulse_batch,x,,,,,3,,2068,1258,1214,77,77,,6503241420379,
2026-08-17 23:17:53.855,pulse_batch,x,,,,,3,,2071,1261,1217,77,77,,6503261891480,
2026-08-17 23:17:53.875,pulse_batch,x,,,,,3,,2074,1264,1220,77,77,,6503282477782,
2026-08-17 23:17:53.896,pulse_batch,x,,,,,3,,2077,1267,1223,77,77,,6503303122936,
2026-08-17 23:17:53.917,pulse_batch,x,,,,,3,,2080,1270,1226,77,77,,6503323635147,
2026-08-17 23:17:53.937,pulse_batch,x,,,,,3,,2083,1273,1229,77,77,,6503344102988,
2026-08-17 23:17:53.958,pulse_batch,x,,,,,3,,2086,1276,1232,77,77,,6503365242064,
2026-08-17 23:17:53.982,pulse_batch,x,,,,,3,,2089,1279,1235,77,77,,6503389230559,
2026-08-17 23:17:54.002,pulse_batch,x,,,,,3,,2092,1282,1238,77,77,,6503409641530,
2026-08-17 23:17:54.020,pulse_batch,x,,,,,2,,2094,1284,1240,77,77,,6503427573134,
2026-08-17 23:17:54.021,continuous_stop,x,,,,,,1,2094,1284,1240,77,77,,6503427822817,
2026-08-17 23:17:54.418,continuous_start,x,,,,,,1,2094,1284,1240,77,77,,6503825247149,
2026-08-17 23:17:54.422,pulse_batch,x,,,,,1,,2095,1285,1241,77,77,,6503828944210,
2026-08-17 23:17:54.442,pulse_batch,x,,,,,3,,2098,1288,1244,77,77,,6503849530957,
2026-08-17 23:17:54.463,pulse_batch,x,,,,,3,,2101,1291,1247,77,77,,6503869994613,
2026-08-17 23:17:54.485,pulse_batch,x,,,,,3,,2104,1294,1250,77,77,,6503891776647,
2026-08-17 23:17:54.505,pulse_batch,x,,,,,3,,2107,1297,1253,77,77,,6503912378987,
2026-08-17 23:17:54.526,pulse_batch,x,,,,,3,,2110,1300,1256,77,77,,6503932828198,
2026-08-17 23:17:54.546,pulse_batch,x,,,,,3,,2113,1303,1259,77,77,,6503953385983,
2026-08-17 23:17:54.553,continuous_stop,x,,,,,,1,2113,1303,1259,77,77,,6503960271386,
2026-08-17 23:17:55.754,continuous_start,x,,,,,,-1,2113,1303,1259,77,77,,6505161385241,
2026-08-17 23:17:55.758,pulse_batch,x,,,,,-1,,2114,1302,1259,76,77,,6505165050357,
2026-08-17 23:17:55.780,pulse_batch,x,,,,,-3,,2117,1299,1259,73,77,,6505187109629,
2026-08-17 23:17:55.800,pulse_batch,x,,,,,-3,,2120,1296,1259,70,77,,6505207583989,
2026-08-17 23:17:55.821,pulse_batch,x,,,,,-3,,2123,1293,1259,67,77,,6505228388698,
2026-08-17 23:17:55.843,pulse_batch,x,,,,,-3,,2126,1290,1259,64,77,,6505250053825,
2026-08-17 23:17:55.863,pulse_batch,x,,,,,-3,,2129,1287,1259,61,77,,6505270562092,
2026-08-17 23:17:55.884,pulse_batch,x,,,,,-3,,2132,1284,1259,58,77,,6505291285301,
2026-08-17 23:17:55.888,continuous_stop,x,,,,,,-1,2132,1284,1259,58,77,,6505294823845,
2026-08-17 23:17:56.355,continuous_start,x,,,,,,-1,2132,1284,1259,58,77,,6505761859583,
2026-08-17 23:17:56.358,pulse_batch,x,,,,,-1,,2133,1283,1259,57,77,,6505765558162,
2026-08-17 23:17:56.381,pulse_batch,x,,,,,-3,,2136,1280,1259,54,77,,6505787700230,
2026-08-17 23:17:56.401,pulse_batch,x,,,,,-3,,2139,1277,1259,51,77,,6505808160961,
2026-08-17 23:17:56.422,pulse_batch,x,,,,,-3,,2142,1274,1259,48,77,,6505829300889,
2026-08-17 23:17:56.443,pulse_batch,x,,,,,-3,,2145,1271,1259,45,77,,6505849881952,
2026-08-17 23:17:56.463,pulse_batch,x,,,,,-3,,2148,1268,1259,42,77,,6505870343627,
2026-08-17 23:17:56.484,pulse_batch,x,,,,,-3,,2151,1265,1259,39,77,,6505891479222,
2026-08-17 23:17:56.488,continuous_stop,x,,,,,,-1,2151,1265,1259,39,77,,6505895079635,
2026-08-17 23:17:56.889,continuous_start,x,,,,,,-1,2151,1265,1259,39,77,,6506295734189,
2026-08-17 23:17:56.892,pulse_batch,x,,,,,-1,,2152,1264,1259,38,77,,6506299398472,
2026-08-17 23:17:56.914,pulse_batch,x,,,,,-3,,2155,1261,1259,35,77,,6506321141303,
2026-08-17 23:17:56.935,pulse_batch,x,,,,,-3,,2158,1258,1259,32,77,,6506341736514,
2026-08-17 23:17:56.956,pulse_batch,x,,,,,-3,,2161,1255,1259,29,77,,6506362815850,
2026-08-17 23:17:56.959,continuous_stop,x,,,,,,-1,2161,1255,1259,29,77,,6506366280727,
2026-08-17 23:17:57.354,continuous_start,x,,,,,,-1,2161,1255,1259,29,77,,6506761445741,
2026-08-17 23:17:57.358,pulse_batch,x,,,,,-1,,2162,1254,1259,28,77,,6506765223171,
2026-08-17 23:17:57.379,pulse_batch,x,,,,,-3,,2165,1251,1259,25,77,,6506785722605,
2026-08-17 23:17:57.399,pulse_batch,x,,,,,-3,,2168,1248,1259,22,77,,6506806206910,
2026-08-17 23:17:57.420,pulse_batch,x,,,,,-3,,2171,1245,1259,19,77,,6506827297746,
2026-08-17 23:17:57.424,continuous_stop,x,,,,,,-1,2171,1245,1259,19,77,,6506830972362,
2026-08-17 23:17:57.887,continuous_start,x,,,,,,-1,2171,1245,1259,19,77,,6507294285436,
2026-08-17 23:17:57.891,pulse_batch,x,,,,,-1,,2172,1244,1259,18,77,,6507297955386,
2026-08-17 23:17:57.911,pulse_batch,x,,,,,-3,,2175,1241,1259,15,77,,6507318622466,
2026-08-17 23:17:57.932,pulse_batch,x,,,,,-3,,2178,1238,1259,12,77,,6507339078179,
2026-08-17 23:17:57.954,pulse_batch,x,,,,,-3,,2181,1235,1259,9,77,,6507360738529,
2026-08-17 23:17:57.957,continuous_stop,x,,,,,,-1,2181,1235,1259,9,77,,6507364232332,
2026-08-17 23:17:58.354,continuous_start,x,,,,,,-1,2181,1235,1259,9,77,,6507760928058,
2026-08-17 23:17:58.357,pulse_batch,x,,,,,-1,,2182,1234,1259,8,77,,6507764637989,
2026-08-17 23:17:58.378,pulse_batch,x,,,,,-3,,2185,1231,1259,5,77,,6507785242201,
2026-08-17 23:17:58.399,pulse_batch,x,,,,,-3,,2188,1228,1259,2,77,,6507805674691,
2026-08-17 23:17:58.421,pulse_batch,x,,,,,-3,,2191,1225,1258,0,77,,6507827839074,
2026-08-17 23:17:58.424,continuous_stop,x,,,,,,-1,2191,1225,1258,0,77,,6507831300415,
2026-08-17 23:17:58.888,continuous_start,x,,,,,,-1,2191,1225,1258,0,77,,6508295112341,
2026-08-17 23:17:58.892,pulse_batch,x,,,,,-1,,2192,1224,1257,0,77,,6508298802976,
2026-08-17 23:17:58.913,pulse_batch,x,,,,,-3,,2195,1221,1254,0,77,,6508319802683,
2026-08-17 23:17:58.933,pulse_batch,x,,,,,-3,,2198,1218,1251,0,77,,6508340239729,
2026-08-17 23:17:58.954,pulse_batch,x,,,,,-3,,2201,1215,1248,0,77,,6508361587342,
2026-08-17 23:17:58.958,continuous_stop,x,,,,,,-1,2201,1215,1248,0,77,,6508365063701,
2026-08-17 23:17:59.422,continuous_start,x,,,,,,-1,2201,1215,1248,0,77,,6508828644671,
2026-08-17 23:17:59.426,pulse_batch,x,,,,,-1,,2202,1214,1247,0,77,,6508832968615,
2026-08-17 23:17:59.446,pulse_batch,x,,,,,-3,,2205,1211,1244,0,77,,6508853537364,
2026-08-17 23:17:59.467,pulse_batch,x,,,,,-3,,2208,1208,1241,0,77,,6508873970577,
2026-08-17 23:17:59.489,pulse_batch,x,,,,,-3,,2211,1205,1238,0,77,,6508896053220,
2026-08-17 23:17:59.492,continuous_stop,x,,,,,,-1,2211,1205,1238,0,77,,6508899524856,
2026-08-17 23:17:59.955,continuous_start,x,,,,,,-1,2211,1205,1238,0,77,,6509361951337,
2026-08-17 23:17:59.958,pulse_batch,x,,,,,-1,,2212,1204,1237,0,77,,6509365654916,
2026-08-17 23:17:59.979,pulse_batch,x,,,,,-3,,2215,1201,1234,0,77,,6509386154147,
2026-08-17 23:17:59.999,pulse_batch,x,,,,,-3,,2218,1198,1231,0,77,,6509406585990,
2026-08-17 23:18:00.020,pulse_batch,x,,,,,-3,,2221,1195,1228,0,77,,6509427458199,
2026-08-17 23:18:00.024,continuous_stop,x,,,,,,-1,2221,1195,1228,0,77,,6509430951132,
2026-08-17 23:18:00.423,continuous_start,x,,,,,,-1,2221,1195,1228,0,77,,6509830398530,
2026-08-17 23:18:00.427,pulse_batch,x,,,,,-1,,2222,1194,1227,0,77,,6509833992240,
2026-08-17 23:18:00.448,pulse_batch,x,,,,,-3,,2225,1191,1224,0,77,,6509854824857,
2026-08-17 23:18:00.468,pulse_batch,x,,,,,-3,,2228,1188,1221,0,77,,6509875264422,
2026-08-17 23:18:00.491,pulse_batch,x,,,,,-3,,2231,1185,1218,0,77,,6509898167539,
2026-08-17 23:18:00.512,pulse_batch,x,,,,,-3,,2234,1182,1215,0,77,,6509918652197,
2026-08-17 23:18:00.532,pulse_batch,x,,,,,-3,,2237,1179,1212,0,77,,6509939112947,
2026-08-17 23:18:00.557,pulse_batch,x,,,,,-3,,2240,1176,1209,0,77,,6509963759883,
2026-08-17 23:18:00.560,continuous_stop,x,,,,,,-1,2240,1176,1209,0,77,,6509967222816,
2026-08-17 23:18:00.957,continuous_start,x,,,,,,-1,2240,1176,1209,0,77,,6510363982126,
2026-08-17 23:18:00.961,pulse_batch,x,,,,,-1,,2241,1175,1208,0,77,,6510367823667,
2026-08-17 23:18:00.982,pulse_batch,x,,,,,-3,,2244,1172,1205,0,77,,6510388858375,
2026-08-17 23:18:01.002,pulse_batch,x,,,,,-3,,2247,1169,1202,0,77,,6510409338847,
2026-08-17 23:18:01.024,pulse_batch,x,,,,,-3,,2250,1166,1199,0,77,,6510431427953,
2026-08-17 23:18:01.045,pulse_batch,x,,,,,-3,,2253,1163,1196,0,77,,6510451927462,
2026-08-17 23:18:01.065,pulse_batch,x,,,,,-3,,2256,1160,1193,0,77,,6510472439416,
2026-08-17 23:18:01.087,pulse_batch,x,,,,,-3,,2259,1157,1190,0,77,,6510493922676,
2026-08-17 23:18:01.090,continuous_stop,x,,,,,,-1,2259,1157,1190,0,77,,6510497461886,
2026-08-17 23:18:02.225,continuous_start,y,,,,,,-1,306,-58,-38,0,4,,6511631887756,
2026-08-17 23:18:02.228,pulse_batch,y,,,,,-1,,307,-59,-39,0,4,,6511635638353,
2026-08-17 23:18:02.249,pulse_batch,y,,,,,-3,,310,-62,-42,0,4,,6511656162455,
2026-08-17 23:18:02.270,pulse_batch,y,,,,,-3,,313,-65,-45,0,4,,6511676649428,
2026-08-17 23:18:02.290,pulse_batch,y,,,,,-3,,316,-68,-48,0,4,,6511697384157,
2026-08-17 23:18:02.311,pulse_batch,y,,,,,-3,,319,-71,-51,0,4,,6511717856259,
2026-08-17 23:18:02.331,pulse_batch,y,,,,,-3,,322,-74,-54,0,4,,6511738339084,
2026-08-17 23:18:02.352,pulse_batch,y,,,,,-3,,325,-77,-57,0,4,,6511758841426,
2026-08-17 23:18:02.362,pulse_batch,y,,,,,-1,,326,-78,-58,0,4,,6511769141912,
2026-08-17 23:18:02.362,continuous_stop,y,,,,,,-1,326,-78,-58,0,4,,6511769406687,
2026-08-17 23:18:03.429,continuous_start,y,,,,,,1,326,-78,-58,0,4,,6512835784267,
2026-08-17 23:18:03.432,pulse_batch,y,,,,,1,,327,-77,-58,1,4,,6512839515069,
2026-08-17 23:18:03.453,pulse_batch,y,,,,,3,,330,-74,-58,4,4,,6512860301317,
2026-08-17 23:18:03.474,pulse_batch,y,,,,,3,,333,-71,-55,4,4,,6512880761993,
2026-08-17 23:18:03.494,pulse_batch,y,,,,,3,,336,-68,-52,4,4,,6512901514778,
2026-08-17 23:18:03.515,pulse_batch,y,,,,,3,,339,-65,-49,4,4,,6512922054880,
2026-08-17 23:18:03.535,pulse_batch,y,,,,,3,,342,-62,-46,4,4,,6512942564723,
2026-08-17 23:18:03.557,pulse_batch,y,,,,,3,,345,-59,-43,4,4,,6512964402721,
2026-08-17 23:18:03.561,continuous_stop,y,,,,,,1,345,-59,-43,4,4,,6512967909135,
2026-08-17 23:18:04.495,continuous_start,y,,,,,,1,345,-59,-43,4,4,,6513902514838,
2026-08-17 23:18:04.499,pulse_batch,y,,,,,1,,346,-58,-42,4,4,,6513906268103,
2026-08-17 23:18:04.520,pulse_batch,y,,,,,3,,349,-55,-39,4,4,,6513926868167,
2026-08-17 23:18:04.540,pulse_batch,y,,,,,3,,352,-52,-36,4,4,,6513947316029,
2026-08-17 23:18:04.560,pulse_batch,y,,,,,2,,354,-50,-34,4,4,,6513966719030,
2026-08-17 23:18:04.560,continuous_stop,y,,,,,,1,354,-50,-34,4,4,,6513966936065,
2026-08-17 23:18:06.889,point_saved,x,2,stored,,,,,,1157,1190,0,77,1190,,
2026-08-17 23:18:06.889,point_saved,y,2,stored,,,,,,-50,-34,4,4,-34,,
2026-08-17 23:18:07.563,continuous_start,y,,,,,,-1,354,-50,-34,4,4,,6516970045722,
2026-08-17 23:18:07.567,pulse_batch,y,,,,,-1,,355,-51,-34,3,4,,6516973691413,
2026-08-17 23:18:07.587,pulse_batch,y,,,,,-3,,358,-54,-34,0,4,,6516994256257,
2026-08-17 23:18:07.608,pulse_batch,y,,,,,-3,,361,-57,-37,0,4,,6517014705582,
2026-08-17 23:18:07.630,pulse_batch,y,,,,,-3,,364,-60,-40,0,4,,6517036923041,
2026-08-17 23:18:07.652,pulse_batch,y,,,,,-3,,367,-63,-43,0,4,,6517059034705,
2026-08-17 23:18:07.672,pulse_batch,y,,,,,-3,,370,-66,-46,0,4,,6517079420716,
2026-08-17 23:18:07.693,pulse_batch,y,,,,,-3,,373,-69,-49,0,4,,6517100239631,
2026-08-17 23:18:07.715,pulse_batch,y,,,,,-3,,376,-72,-52,0,4,,6517122351165,
2026-08-17 23:18:07.736,pulse_batch,y,,,,,-3,,379,-75,-55,0,4,,6517142820583,
2026-08-17 23:18:07.757,pulse_batch,y,,,,,-3,,382,-78,-58,0,4,,6517163658387,
2026-08-17 23:18:07.780,pulse_batch,y,,,,,-3,,385,-81,-61,0,4,,6517186968800,
2026-08-17 23:18:07.800,pulse_batch,y,,,,,-3,,388,-84,-64,0,4,,6517207444829,
2026-08-17 23:18:07.821,pulse_batch,y,,,,,-3,,391,-87,-67,0,4,,6517228065320,
2026-08-17 23:18:07.842,pulse_batch,y,,,,,-3,,394,-90,-70,0,4,,6517249105104,
2026-08-17 23:18:07.863,pulse_batch,y,,,,,-3,,397,-93,-73,0,4,,6517269681725,
2026-08-17 23:18:07.883,pulse_batch,y,,,,,-3,,400,-96,-76,0,4,,6517290110162,
2026-08-17 23:18:07.905,pulse_batch,y,,,,,-3,,403,-99,-79,0,4,,6517311710478,
2026-08-17 23:18:07.925,pulse_batch,y,,,,,-3,,406,-102,-82,0,4,,6517332270376,
2026-08-17 23:18:07.946,pulse_batch,y,,,,,-3,,409,-105,-85,0,4,,6517352679573,
2026-08-17 23:18:07.968,pulse_batch,y,,,,,-3,,412,-108,-88,0,4,,6517375117437,
2026-08-17 23:18:07.989,pulse_batch,y,,,,,-3,,415,-111,-91,0,4,,6517395724206,
2026-08-17 23:18:08.009,pulse_batch,y,,,,,-3,,418,-114,-94,0,4,,6517416174402,
2026-08-17 23:18:08.031,pulse_batch,y,,,,,-3,,421,-117,-97,0,4,,6517438194530,
2026-08-17 23:18:08.052,pulse_batch,y,,,,,-3,,424,-120,-100,0,4,,6517458716133,
2026-08-17 23:18:08.072,pulse_batch,y,,,,,-3,,427,-123,-103,0,4,,6517479157959,
2026-08-17 23:18:08.094,pulse_batch,y,,,,,-3,,430,-126,-106,0,4,,6517501077624,
2026-08-17 23:18:08.115,pulse_batch,y,,,,,-3,,433,-129,-109,0,4,,6517521654819,
2026-08-17 23:18:08.135,pulse_batch,y,,,,,-3,,436,-132,-112,0,4,,6517542137330,
2026-08-17 23:18:08.156,pulse_batch,y,,,,,-3,,439,-135,-115,0,4,,6517562688711,
2026-08-17 23:18:08.178,pulse_batch,y,,,,,-3,,442,-138,-118,0,4,,6517584966503,
2026-08-17 23:18:08.198,pulse_batch,y,,,,,-3,,445,-141,-121,0,4,,6517605500180,
2026-08-17 23:18:08.219,pulse_batch,y,,,,,-3,,448,-144,-124,0,4,,6517625976839,
2026-08-17 23:18:08.241,pulse_batch,y,,,,,-3,,451,-147,-127,0,4,,6517647995244,
2026-08-17 23:18:08.261,pulse_batch,y,,,,,-3,,454,-150,-130,0,4,,6517668599124,
2026-08-17 23:18:08.282,pulse_batch,y,,,,,-3,,457,-153,-133,0,4,,6517688977173,
2026-08-17 23:18:08.305,pulse_batch,y,,,,,-3,,460,-156,-136,0,4,,6517712072273,
2026-08-17 23:18:08.326,pulse_batch,y,,,,,-3,,463,-159,-139,0,4,,6517732694486,
2026-08-17 23:18:08.346,pulse_batch,y,,,,,-3,,466,-162,-142,0,4,,6517753119090,
2026-08-17 23:18:08.367,pulse_batch,y,,,,,-3,,469,-165,-145,0,4,,6517774556260,
2026-08-17 23:18:08.388,pulse_batch,y,,,,,-3,,472,-168,-148,0,4,,6517795157177,
2026-08-17 23:18:08.408,pulse_batch,y,,,,,-3,,475,-171,-151,0,4,,6517815610170,
2026-08-17 23:18:08.431,pulse_batch,y,,,,,-3,,478,-174,-154,0,4,,6517837808073,
2026-08-17 23:18:08.451,pulse_batch,y,,,,,-3,,481,-177,-157,0,4,,6517858370121,
2026-08-17 23:18:08.472,pulse_batch,y,,,,,-3,,484,-180,-160,0,4,,6517878868168,
2026-08-17 23:18:08.494,pulse_batch,y,,,,,-3,,487,-183,-163,0,4,,6517900839741,
2026-08-17 23:18:08.514,pulse_batch,y,,,,,-3,,490,-186,-166,0,4,,6517921497306,
2026-08-17 23:18:08.538,pulse_batch,y,,,,,-3,,493,-189,-169,0,4,,6517945113549,
2026-08-17 23:18:08.561,pulse_batch,y,,,,,-3,,496,-192,-172,0,4,,6517968100076,
2026-08-17 23:18:08.582,pulse_batch,y,,,,,-3,,499,-195,-175,0,4,,6517989217248,
2026-08-17 23:18:08.602,pulse_batch,y,,,,,-3,,502,-198,-178,0,4,,6518009639500,
2026-08-17 23:18:08.624,pulse_batch,y,,,,,-3,,505,-201,-181,0,4,,6518030666451,
2026-08-17 23:18:08.645,pulse_batch,y,,,,,-3,,508,-204,-184,0,4,,6518052484858,
2026-08-17 23:18:08.666,pulse_batch,y,,,,,-3,,511,-207,-187,0,4,,6518072950609,
2026-08-17 23:18:08.686,pulse_batch,y,,,,,-3,,514,-210,-190,0,4,,6518093560619,
2026-08-17 23:18:08.709,pulse_batch,y,,,,,-3,,517,-213,-193,0,4,,6518115691672,
2026-08-17 23:18:08.729,pulse_batch,y,,,,,-3,,520,-216,-196,0,4,,6518136118461,
2026-08-17 23:18:08.749,pulse_batch,y,,,,,-3,,523,-219,-199,0,4,,6518156513417,
2026-08-17 23:18:08.773,pulse_batch,y,,,,,-3,,526,-222,-202,0,4,,6518180144568,
2026-08-17 23:18:08.794,pulse_batch,y,,,,,-3,,529,-225,-205,0,4,,6518200744503,
2026-08-17 23:18:08.814,pulse_batch,y,,,,,-3,,532,-228,-208,0,4,,6518221144978,
2026-08-17 23:18:08.835,pulse_batch,y,,,,,-3,,535,-231,-211,0,4,,6518241859191,
2026-08-17 23:18:08.856,pulse_batch,y,,,,,-3,,538,-234,-214,0,4,,6518263465507,
2026-08-17 23:18:08.877,pulse_batch,y,,,,,-3,,541,-237,-217,0,4,,6518283940240,
2026-08-17 23:18:08.898,pulse_batch,y,,,,,-3,,544,-240,-220,0,4,,6518304817118,
2026-08-17 23:18:08.918,pulse_batch,y,,,,,-3,,547,-243,-223,0,4,,6518325386739,
2026-08-17 23:18:08.939,pulse_batch,y,,,,,-3,,550,-246,-226,0,4,,6518345849194,
2026-08-17 23:18:08.959,pulse_batch,y,,,,,-3,,553,-249,-229,0,4,,6518366353205,
2026-08-17 23:18:08.980,pulse_batch,y,,,,,-3,,556,-252,-232,0,4,,6518386971363,
2026-08-17 23:18:09.000,pulse_batch,y,,,,,-3,,559,-255,-235,0,4,,6518407474281,
2026-08-17 23:18:09.021,pulse_batch,y,,,,,-3,,562,-258,-238,0,4,,6518427912126,
2026-08-17 23:18:09.042,pulse_batch,y,,,,,-3,,565,-261,-241,0,4,,6518449003873,
2026-08-17 23:18:09.062,pulse_batch,y,,,,,-3,,568,-264,-244,0,4,,6518469509865,
2026-08-17 23:18:09.083,pulse_batch,y,,,,,-3,,571,-267,-247,0,4,,6518489957321,
2026-08-17 23:18:09.105,pulse_batch,y,,,,,-3,,574,-270,-250,0,4,,6518512069337,
2026-08-17 23:18:09.126,pulse_batch,y,,,,,-3,,577,-273,-253,0,4,,6518532743235,
2026-08-17 23:18:09.146,pulse_batch,y,,,,,-3,,580,-276,-256,0,4,,6518553149154,
2026-08-17 23:18:09.168,pulse_batch,y,,,,,-3,,583,-279,-259,0,4,,6518575178800,
2026-08-17 23:18:09.189,pulse_batch,y,,,,,-3,,586,-282,-262,0,4,,6518595807088,
2026-08-17 23:18:09.209,pulse_batch,y,,,,,-3,,589,-285,-265,0,4,,6518616226896,
2026-08-17 23:18:09.231,pulse_batch,y,,,,,-3,,592,-288,-268,0,4,,6518638397133,
2026-08-17 23:18:09.252,pulse_batch,y,,,,,-3,,595,-291,-271,0,4,,6518658944218,
2026-08-17 23:18:09.272,pulse_batch,y,,,,,-3,,598,-294,-274,0,4,,6518679401859,
2026-08-17 23:18:09.294,pulse_batch,y,,,,,-3,,601,-297,-277,0,4,,6518701530671,
2026-08-17 23:18:09.315,pulse_batch,y,,,,,-3,,604,-300,-280,0,4,,6518722057237,
2026-08-17 23:18:09.335,pulse_batch,y,,,,,-3,,607,-303,-283,0,4,,6518742565915,
2026-08-17 23:18:09.356,pulse_batch,y,,,,,-3,,610,-306,-286,0,4,,6518763004204,
2026-08-17 23:18:09.377,pulse_batch,y,,,,,-3,,613,-309,-289,0,4,,6518783625047,
2026-08-17 23:18:09.397,pulse_batch,y,,,,,-3,,616,-312,-292,0,4,,6518804140225,
2026-08-17 23:18:09.417,pulse_batch,y,,,,,-3,,619,-315,-295,0,4,,6518824543274,
2026-08-17 23:18:09.438,pulse_batch,y,,,,,-3,,622,-318,-298,0,4,,6518845437355,
2026-08-17 23:18:09.459,pulse_batch,y,,,,,-3,,625,-321,-301,0,4,,6518866065384,
2026-08-17 23:18:09.480,pulse_batch,y,,,,,-3,,628,-324,-304,0,4,,6518886775152,
2026-08-17 23:18:09.502,pulse_batch,y,,,,,-3,,631,-327,-307,0,4,,6518908659170,
2026-08-17 23:18:09.522,pulse_batch,y,,,,,-3,,634,-330,-310,0,4,,6518929269921,
2026-08-17 23:18:09.543,pulse_batch,y,,,,,-3,,637,-333,-313,0,4,,6518949698469,
2026-08-17 23:18:09.563,pulse_batch,y,,,,,-3,,640,-336,-316,0,4,,6518970276757,
2026-08-17 23:18:09.584,pulse_batch,y,,,,,-3,,643,-339,-319,0,4,,6518990773176,
2026-08-17 23:18:09.604,pulse_batch,y,,,,,-3,,646,-342,-322,0,4,,6519011243187,
2026-08-17 23:18:09.625,pulse_batch,y,,,,,-3,,649,-345,-325,0,4,,6519031804475,
2026-08-17 23:18:09.646,pulse_batch,y,,,,,-3,,652,-348,-328,0,4,,6519053410643,
2026-08-17 23:18:09.667,pulse_batch,y,,,,,-3,,655,-351,-331,0,4,,6519073911006,
2026-08-17 23:18:09.688,pulse_batch,y,,,,,-3,,658,-354,-334,0,4,,6519094590478,
2026-08-17 23:18:09.709,pulse_batch,y,,,,,-3,,661,-357,-337,0,4,,6519116197943,
2026-08-17 23:18:09.730,pulse_batch,y,,,,,-3,,664,-360,-340,0,4,,6519136728380,
2026-08-17 23:18:09.750,pulse_batch,y,,,,,-3,,667,-363,-343,0,4,,6519157126299,
2026-08-17 23:18:09.773,pulse_batch,y,,,,,-3,,670,-366,-346,0,4,,6519180071326,
2026-08-17 23:18:09.794,pulse_batch,y,,,,,-3,,673,-369,-349,0,4,,6519201360108,
2026-08-17 23:18:09.815,pulse_batch,y,,,,,-3,,676,-372,-352,0,4,,6519221762287,
2026-08-17 23:18:09.835,pulse_batch,y,,,,,-3,,679,-375,-355,0,4,,6519242417407,
2026-08-17 23:18:09.856,pulse_batch,y,,,,,-3,,682,-378,-358,0,4,,6519262946196,
2026-08-17 23:18:09.876,pulse_batch,y,,,,,-3,,685,-381,-361,0,4,,6519283359393,
2026-08-17 23:18:09.897,pulse_batch,y,,,,,-3,,688,-384,-364,0,4,,6519303986236,
2026-08-17 23:18:09.917,pulse_batch,y,,,,,-3,,691,-387,-367,0,4,,6519324459025,
2026-08-17 23:18:09.938,pulse_batch,y,,,,,-3,,694,-390,-370,0,4,,6519344921351,
2026-08-17 23:18:09.958,pulse_batch,y,,,,,-3,,697,-393,-373,0,4,,6519365497065,
2026-08-17 23:18:09.979,pulse_batch,y,,,,,-3,,700,-396,-376,0,4,,6519386573219,
2026-08-17 23:18:10.000,pulse_batch,y,,,,,-3,,703,-399,-379,0,4,,6519407105174,
2026-08-17 23:18:10.020,pulse_batch,y,,,,,-3,,706,-402,-382,0,4,,6519427509279,
2026-08-17 23:18:10.032,pulse_batch,y,,,,,-1,,707,-403,-383,0,4,,6519438948274,
2026-08-17 23:18:10.032,continuous_stop,y,,,,,,-1,707,-403,-383,0,4,,6519439130736,
2026-08-17 23:18:10.432,continuous_start,y,,,,,,-1,707,-403,-383,0,4,,6519838852139,
2026-08-17 23:18:10.435,pulse_batch,y,,,,,-1,,708,-404,-384,0,4,,6519842600645,
2026-08-17 23:18:10.456,pulse_batch,y,,,,,-3,,711,-407,-387,0,4,,6519863126896,
2026-08-17 23:18:10.476,pulse_batch,y,,,,,-3,,714,-410,-390,0,4,,6519883541612,
2026-08-17 23:18:10.498,pulse_batch,y,,,,,-3,,717,-413,-393,0,4,,6519904692266,
2026-08-17 23:18:10.518,pulse_batch,y,,,,,-3,,720,-416,-396,0,4,,6519925234295,
2026-08-17 23:18:10.539,pulse_batch,y,,,,,-3,,723,-419,-399,0,4,,6519945713936,
2026-08-17 23:18:10.559,pulse_batch,y,,,,,-3,,726,-422,-402,0,4,,6519966229966,
2026-08-17 23:18:10.569,pulse_batch,y,,,,,-1,,727,-423,-403,0,4,,6519976548434,
2026-08-17 23:18:10.570,continuous_stop,y,,,,,,-1,727,-423,-403,0,4,,6519976828061,
2026-08-17 23:18:11.769,continuous_start,x,,,,,,-1,2259,1157,1190,0,77,,6521176264334,
2026-08-17 23:18:11.773,pulse_batch,x,,,,,-1,,2260,1156,1189,0,77,,6521180135894,
2026-08-17 23:18:11.794,pulse_batch,x,,,,,-3,,2263,1153,1186,0,77,,6521200660627,
2026-08-17 23:18:11.814,pulse_batch,x,,,,,-3,,2266,1150,1183,0,77,,6521221133028,
2026-08-17 23:18:11.835,pulse_batch,x,,,,,-3,,2269,1147,1180,0,77,,6521241748927,
2026-08-17 23:18:11.855,pulse_batch,x,,,,,-3,,2272,1144,1177,0,77,,6521262264679,
2026-08-17 23:18:11.876,pulse_batch,x,,,,,-3,,2275,1141,1174,0,77,,6521282834523,
2026-08-17 23:18:11.899,pulse_batch,x,,,,,-3,,2278,1138,1171,0,77,,6521303424015,
2026-08-17 23:18:11.900,continuous_stop,x,,,,,,-1,2278,1138,1171,0,77,,6521307182631,
2026-08-17 23:18:12.570,continuous_start,x,,,,,,-1,2278,1138,1171,0,77,,6521976761129,
2026-08-17 23:18:12.573,pulse_batch,x,,,,,-1,,2279,1137,1170,0,77,,6521980466560,
2026-08-17 23:18:12.594,pulse_batch,x,,,,,-3,,2282,1134,1167,0,77,,6522001052608,
2026-08-17 23:18:12.614,pulse_batch,x,,,,,-3,,2285,1131,1164,0,77,,6522021490306,
2026-08-17 23:18:12.637,pulse_batch,x,,,,,-3,,2288,1128,1161,0,77,,6522043590859,
2026-08-17 23:18:12.640,continuous_stop,x,,,,,,-1,2288,1128,1161,0,77,,6522047043719,
2026-08-17 23:18:14.096,point_saved,x,3,stored,,,,,,1128,1161,0,77,1161,,
2026-08-17 23:18:14.096,point_saved,y,3,stored,,,,,,-423,-403,0,4,-403,,
2026-08-17 23:18:14.836,continuous_start,y,,,,,,-1,727,-423,-403,0,4,,6524243236176,
2026-08-17 23:18:14.840,pulse_batch,y,,,,,-1,,728,-424,-404,0,4,,6524246892293,
2026-08-17 23:18:14.860,pulse_batch,y,,,,,-3,,731,-427,-407,0,4,,6524267437472,
2026-08-17 23:18:14.881,pulse_batch,y,,,,,-3,,734,-430,-410,0,4,,6524287933910,
2026-08-17 23:18:14.901,pulse_batch,y,,,,,-3,,737,-433,-413,0,4,,6524308590717,
2026-08-17 23:18:14.922,pulse_batch,y,,,,,-3,,740,-436,-416,0,4,,6524329111044,
2026-08-17 23:18:14.942,pulse_batch,y,,,,,-3,,743,-439,-419,0,4,,6524349553575,
2026-08-17 23:18:14.963,pulse_batch,y,,,,,-3,,746,-442,-422,0,4,,6524370166790,
2026-08-17 23:18:14.984,pulse_batch,y,,,,,-3,,749,-445,-425,0,4,,6524391104446,
2026-08-17 23:18:15.004,pulse_batch,y,,,,,-3,,752,-448,-428,0,4,,6524411560237,
2026-08-17 23:18:15.025,pulse_batch,y,,,,,-3,,755,-451,-431,0,4,,6524431954065,
2026-08-17 23:18:15.048,pulse_batch,y,,,,,-3,,758,-454,-434,0,4,,6524455535366,
2026-08-17 23:18:15.069,pulse_batch,y,,,,,-3,,761,-457,-437,0,4,,6524476016193,
2026-08-17 23:18:15.089,pulse_batch,y,,,,,-3,,764,-460,-440,0,4,,6524496441558,
2026-08-17 23:18:15.110,pulse_batch,y,,,,,-3,,767,-463,-443,0,4,,6524517586917,
2026-08-17 23:18:15.131,pulse_batch,y,,,,,-3,,770,-466,-446,0,4,,6524538091707,
2026-08-17 23:18:15.151,pulse_batch,y,,,,,-3,,773,-469,-449,0,4,,6524558510331,
2026-08-17 23:18:15.174,pulse_batch,y,,,,,-3,,776,-472,-452,0,4,,6524580825254,
2026-08-17 23:18:15.194,pulse_batch,y,,,,,-3,,779,-475,-455,0,4,,6524601343636,
2026-08-17 23:18:15.215,pulse_batch,y,,,,,-3,,782,-478,-458,0,4,,6524621751501,
2026-08-17 23:18:15.237,pulse_batch,y,,,,,-3,,785,-481,-461,0,4,,6524643991203,
2026-08-17 23:18:15.259,pulse_batch,y,,,,,-3,,788,-484,-464,0,4,,6524665764389,
2026-08-17 23:18:15.279,pulse_batch,y,,,,,-3,,791,-487,-467,0,4,,6524686223161,
2026-08-17 23:18:15.301,pulse_batch,y,,,,,-3,,794,-490,-470,0,4,,6524707611518,
2026-08-17 23:18:15.321,pulse_batch,y,,,,,-3,,797,-493,-473,0,4,,6524728175326,
2026-08-17 23:18:15.341,pulse_batch,y,,,,,-3,,800,-496,-476,0,4,,6524748628746,
2026-08-17 23:18:15.362,pulse_batch,y,,,,,-3,,803,-499,-479,0,4,,6524769085889,
2026-08-17 23:18:15.385,pulse_batch,y,,,,,-3,,806,-502,-482,0,4,,6524792301174,
2026-08-17 23:18:15.406,pulse_batch,y,,,,,-3,,809,-505,-485,0,4,,6524812743446,
2026-08-17 23:18:15.426,pulse_batch,y,,,,,-3,,812,-508,-488,0,4,,6524833172570,
2026-08-17 23:18:15.448,pulse_batch,y,,,,,-3,,815,-511,-491,0,4,,6524854979294,
2026-08-17 23:18:15.468,pulse_batch,y,,,,,-3,,818,-514,-494,0,4,,6524875463936,
2026-08-17 23:18:15.489,pulse_batch,y,,,,,-3,,821,-517,-497,0,4,,6524895896801,
2026-08-17 23:18:15.511,pulse_batch,y,,,,,-3,,824,-520,-500,0,4,,6524918238094,
2026-08-17 23:18:15.532,pulse_batch,y,,,,,-3,,827,-523,-503,0,4,,6524938860383,
2026-08-17 23:18:15.552,pulse_batch,y,,,,,-3,,830,-526,-506,0,4,,6524959260470,
2026-08-17 23:18:15.574,pulse_batch,y,,,,,-3,,833,-529,-509,0,4,,6524981219767,
2026-08-17 23:18:15.595,pulse_batch,y,,,,,-3,,836,-532,-512,0,4,,6525001793519,
2026-08-17 23:18:15.615,pulse_batch,y,,,,,-3,,839,-535,-515,0,4,,6525022211365,
2026-08-17 23:18:15.638,pulse_batch,y,,,,,-3,,842,-538,-518,0,4,,6525045264949,
2026-08-17 23:18:15.659,pulse_batch,y,,,,,-3,,845,-541,-521,0,4,,6525065694443,
2026-08-17 23:18:15.679,pulse_batch,y,,,,,-3,,848,-544,-524,0,4,,6525086140456,
2026-08-17 23:18:15.701,pulse_batch,y,,,,,-3,,851,-547,-527,0,4,,6525107679811,
2026-08-17 23:18:15.721,pulse_batch,y,,,,,-3,,854,-550,-530,0,4,,6525128251731,
2026-08-17 23:18:15.742,pulse_batch,y,,,,,-3,,857,-553,-533,0,4,,6525148703410,
2026-08-17 23:18:15.762,pulse_batch,y,,,,,-3,,860,-556,-536,0,4,,6525169139515,
2026-08-17 23:18:15.785,pulse_batch,y,,,,,-3,,863,-559,-539,0,4,,6525191976434,
2026-08-17 23:18:15.805,pulse_batch,y,,,,,-3,,866,-562,-542,0,4,,6525212454021,
2026-08-17 23:18:15.826,pulse_batch,y,,,,,-3,,869,-565,-545,0,4,,6525232951070,
2026-08-17 23:18:15.848,pulse_batch,y,,,,,-3,,872,-568,-548,0,4,,6525255323789,
2026-08-17 23:18:15.869,pulse_batch,y,,,,,-3,,875,-571,-551,0,4,,6525275811264,
2026-08-17 23:18:15.889,pulse_batch,y,,,,,-3,,878,-574,-554,0,4,,6525296245647,
2026-08-17 23:18:15.911,pulse_batch,y,,,,,-3,,881,-577,-557,0,4,,6525318634070,
2026-08-17 23:18:15.932,pulse_batch,y,,,,,-3,,884,-580,-560,0,4,,6525339217137,
2026-08-17 23:18:15.952,pulse_batch,y,,,,,-3,,887,-583,-563,0,4,,6525359611243,
2026-08-17 23:18:15.973,pulse_batch,y,,,,,-3,,890,-586,-566,0,4,,6525380427604,
2026-08-17 23:18:15.994,pulse_batch,y,,,,,-3,,893,-589,-569,0,4,,6525401474760,
2026-08-17 23:18:16.015,pulse_batch,y,,,,,-3,,896,-592,-572,0,4,,6525421898607,
2026-08-17 23:18:16.035,pulse_batch,y,,,,,-3,,899,-595,-575,0,4,,6525442526562,
2026-08-17 23:18:16.056,pulse_batch,y,,,,,-3,,902,-598,-578,0,4,,6525463059575,
2026-08-17 23:18:16.076,pulse_batch,y,,,,,-3,,905,-601,-581,0,4,,6525483491310,
2026-08-17 23:18:16.097,pulse_batch,y,,,,,-3,,908,-604,-584,0,4,,6525504365338,
2026-08-17 23:18:16.119,pulse_batch,y,,,,,-3,,911,-607,-587,0,4,,6525526297783,
2026-08-17 23:18:16.140,pulse_batch,y,,,,,-3,,914,-610,-590,0,4,,6525546759222,
2026-08-17 23:18:16.160,pulse_batch,y,,,,,-3,,917,-613,-593,0,4,,6525567246642,
2026-08-17 23:18:16.182,pulse_batch,y,,,,,-3,,920,-616,-596,0,4,,6525589372289,
2026-08-17 23:18:16.203,pulse_batch,y,,,,,-3,,923,-619,-599,0,4,,6525609911579,
2026-08-17 23:18:16.223,pulse_batch,y,,,,,-3,,926,-622,-602,0,4,,6525630301092,
2026-08-17 23:18:16.245,pulse_batch,y,,,,,-3,,929,-625,-605,0,4,,6525652331518,
2026-08-17 23:18:16.266,pulse_batch,y,,,,,-3,,932,-628,-608,0,4,,6525673103880,
2026-08-17 23:18:16.286,pulse_batch,y,,,,,-3,,935,-631,-611,0,4,,6525693512486,
2026-08-17 23:18:16.307,pulse_batch,y,,,,,-3,,938,-634,-614,0,4,,6525714173164,
2026-08-17 23:18:16.328,pulse_batch,y,,,,,-3,,941,-637,-617,0,4,,6525734847342,
2026-08-17 23:18:16.348,pulse_batch,y,,,,,-3,,944,-640,-620,0,4,,6525755314429,
2026-08-17 23:18:16.369,pulse_batch,y,,,,,-3,,947,-643,-623,0,4,,6525775904959,
2026-08-17 23:18:16.392,pulse_batch,y,,,,,-3,,950,-646,-626,0,4,,6525799038523,
2026-08-17 23:18:16.412,pulse_batch,y,,,,,-3,,953,-649,-629,0,4,,6525819419889,
2026-08-17 23:18:16.433,pulse_batch,y,,,,,-3,,956,-652,-632,0,4,,6525839889753,
2026-08-17 23:18:16.453,pulse_batch,y,,,,,-3,,959,-655,-635,0,4,,6525860391636,
2026-08-17 23:18:16.474,pulse_batch,y,,,,,-3,,962,-658,-638,0,4,,6525880838760,
2026-08-17 23:18:16.494,pulse_batch,y,,,,,-3,,965,-661,-641,0,4,,6525901306070,
2026-08-17 23:18:16.516,pulse_batch,y,,,,,-3,,968,-664,-644,0,4,,6525923153497,
2026-08-17 23:18:16.536,pulse_batch,y,,,,,-3,,971,-667,-647,0,4,,6525943605547,
2026-08-17 23:18:16.557,pulse_batch,y,,,,,-3,,974,-670,-650,0,4,,6525964046504,
2026-08-17 23:18:16.579,pulse_batch,y,,,,,-3,,977,-673,-653,0,4,,6525986383872,
2026-08-17 23:18:16.600,pulse_batch,y,,,,,-3,,980,-676,-656,0,4,,6526006926310,
2026-08-17 23:18:16.620,pulse_batch,y,,,,,-3,,983,-679,-659,0,4,,6526027367286,
2026-08-17 23:18:16.642,pulse_batch,y,,,,,-3,,986,-682,-662,0,4,,6526048838235,
2026-08-17 23:18:16.662,pulse_batch,y,,,,,-3,,989,-685,-665,0,4,,6526069365377,
2026-08-17 23:18:16.683,pulse_batch,y,,,,,-3,,992,-688,-668,0,4,,6526089792353,
2026-08-17 23:18:16.703,pulse_batch,y,,,,,-3,,995,-691,-671,0,4,,6526110504901,
2026-08-17 23:18:16.724,pulse_batch,y,,,,,-3,,998,-694,-674,0,4,,6526130983784,
2026-08-17 23:18:16.744,pulse_batch,y,,,,,-3,,1001,-697,-677,0,4,,6526151446908,
2026-08-17 23:18:16.765,pulse_batch,y,,,,,-3,,1004,-700,-680,0,4,,6526172096567,
2026-08-17 23:18:16.786,pulse_batch,y,,,,,-3,,1007,-703,-683,0,4,,6526192946632,
2026-08-17 23:18:16.806,pulse_batch,y,,,,,-3,,1010,-706,-686,0,4,,6526213472904,
2026-08-17 23:18:16.827,pulse_batch,y,,,,,-3,,1013,-709,-689,0,4,,6526233911010,
2026-08-17 23:18:16.853,pulse_batch,y,,,,,-3,,1016,-712,-692,0,4,,6526259638441,
2026-08-17 23:18:16.873,pulse_batch,y,,,,,-3,,1019,-715,-695,0,4,,6526280078287,
2026-08-17 23:18:16.893,pulse_batch,y,,,,,-3,,1022,-718,-698,0,4,,6526300628429,
2026-08-17 23:18:16.916,pulse_batch,y,,,,,-3,,1025,-721,-701,0,4,,6526322816187,
2026-08-17 23:18:16.936,pulse_batch,y,,,,,-3,,1028,-724,-704,0,4,,6526343269885,
2026-08-17 23:18:16.956,pulse_batch,y,,,,,-3,,1031,-727,-707,0,4,,6526363668435,
2026-08-17 23:18:16.979,pulse_batch,y,,,,,-3,,1034,-730,-710,0,4,,6526385882989,
2026-08-17 23:18:16.999,pulse_batch,y,,,,,-3,,1037,-733,-713,0,4,,6526406481871,
2026-08-17 23:18:17.020,pulse_batch,y,,,,,-3,,1040,-736,-716,0,4,,6526426875811,
2026-08-17 23:18:17.042,pulse_batch,y,,,,,-3,,1043,-739,-719,0,4,,6526449113050,
2026-08-17 23:18:17.066,pulse_batch,y,,,,,-3,,1046,-742,-722,0,4,,6526473185866,
2026-08-17 23:18:17.086,pulse_batch,y,,,,,-3,,1049,-745,-725,0,4,,6526493595583,
2026-08-17 23:18:17.109,pulse_batch,y,,,,,-3,,1052,-748,-728,0,4,,6526516114801,
2026-08-17 23:18:17.130,pulse_batch,y,,,,,-3,,1055,-751,-731,0,4,,6526537174791,
2026-08-17 23:18:17.150,pulse_batch,y,,,,,-3,,1058,-754,-734,0,4,,6526557588026,
2026-08-17 23:18:17.172,pulse_batch,y,,,,,-3,,1061,-757,-737,0,4,,6526579106845,
2026-08-17 23:18:17.193,pulse_batch,y,,,,,-3,,1064,-760,-740,0,4,,6526599686691,
2026-08-17 23:18:17.213,pulse_batch,y,,,,,-3,,1067,-763,-743,0,4,,6526620143648,
2026-08-17 23:18:17.233,pulse_batch,y,,,,,-3,,1070,-766,-746,0,4,,6526640588513,
2026-08-17 23:18:17.254,pulse_batch,y,,,,,-3,,1073,-769,-749,0,4,,6526661161026,
2026-08-17 23:18:17.274,pulse_batch,y,,,,,-3,,1076,-772,-752,0,4,,6526681603132,
2026-08-17 23:18:17.296,pulse_batch,y,,,,,-3,,1079,-775,-755,0,4,,6526702654510,
2026-08-17 23:18:17.316,pulse_batch,y,,,,,-3,,1082,-778,-758,0,4,,6526723324595,
2026-08-17 23:18:17.337,pulse_batch,y,,,,,-3,,1085,-781,-761,0,4,,6526743828775,
2026-08-17 23:18:17.357,pulse_batch,y,,,,,-3,,1088,-784,-764,0,4,,6526764226196,
2026-08-17 23:18:17.374,pulse_batch,y,,,,,-2,,1090,-786,-766,0,4,,6526781485773,
2026-08-17 23:18:17.375,continuous_stop,y,,,,,,-1,1090,-786,-766,0,4,,6526781862511,
2026-08-17 23:18:17.905,continuous_start,y,,,,,,-1,1090,-786,-766,0,4,,6527312114607,
2026-08-17 23:18:17.909,pulse_batch,y,,,,,-1,,1091,-787,-767,0,4,,6527315754465,
2026-08-17 23:18:17.929,pulse_batch,y,,,,,-3,,1094,-790,-770,0,4,,6527336425180,
2026-08-17 23:18:17.950,pulse_batch,y,,,,,-3,,1097,-793,-773,0,4,,6527356884323,
2026-08-17 23:18:17.971,pulse_batch,y,,,,,-3,,1100,-796,-776,0,4,,6527378371105,
2026-08-17 23:18:17.975,continuous_stop,y,,,,,,-1,1100,-796,-776,0,4,,6527381892446,
2026-08-17 23:18:18.910,continuous_start,x,,,,,,1,2288,1128,1161,0,77,,6528316757594,
2026-08-17 23:18:18.913,pulse_batch,x,,,,,1,,2289,1129,1161,1,77,,6528320378619,
2026-08-17 23:18:18.934,pulse_batch,x,,,,,3,,2292,1132,1161,4,77,,6528340991798,
2026-08-17 23:18:18.954,pulse_batch,x,,,,,3,,2295,1135,1161,7,77,,6528361440200,
2026-08-17 23:18:18.976,pulse_batch,x,,,,,3,,2298,1138,1161,10,77,,6528383056426,
2026-08-17 23:18:18.997,pulse_batch,x,,,,,3,,2301,1141,1161,13,77,,6528403702105,
2026-08-17 23:18:19.017,pulse_batch,x,,,,,3,,2304,1144,1161,16,77,,6528424271562,
2026-08-17 23:18:19.040,pulse_batch,x,,,,,3,,2307,1147,1161,19,77,,6528447044371,
2026-08-17 23:18:19.044,continuous_stop,x,,,,,,1,2307,1147,1161,19,77,,6528450731951,
2026-08-17 23:18:19.509,continuous_start,x,,,,,,1,2307,1147,1161,19,77,,6528916306509,
2026-08-17 23:18:19.513,pulse_batch,x,,,,,1,,2308,1148,1161,20,77,,6528920060996,
2026-08-17 23:18:19.533,pulse_batch,x,,,,,3,,2311,1151,1161,23,77,,6528940574898,
2026-08-17 23:18:19.554,pulse_batch,x,,,,,3,,2314,1154,1161,26,77,,6528961057022,
2026-08-17 23:18:19.576,pulse_batch,x,,,,,3,,2317,1157,1161,29,77,,6528983214336,
2026-08-17 23:18:19.580,continuous_stop,x,,,,,,1,2317,1157,1161,29,77,,6528986670715,
2026-08-17 23:18:19.976,continuous_start,x,,,,,,1,2317,1157,1161,29,77,,6529383102853,
2026-08-17 23:18:19.980,pulse_batch,x,,,,,1,,2318,1158,1161,30,77,,6529386839525,
2026-08-17 23:18:20.000,pulse_batch,x,,,,,3,,2321,1161,1161,33,77,,6529407372779,
2026-08-17 23:18:20.021,pulse_batch,x,,,,,3,,2324,1164,1161,36,77,,6529427869459,
2026-08-17 23:18:20.042,pulse_batch,x,,,,,3,,2327,1167,1161,39,77,,6529448869653,
2026-08-17 23:18:20.062,pulse_batch,x,,,,,3,,2330,1170,1161,42,77,,6529469570628,
2026-08-17 23:18:20.083,pulse_batch,x,,,,,3,,2333,1173,1161,45,77,,6529490079141,
2026-08-17 23:18:20.103,pulse_batch,x,,,,,3,,2336,1176,1161,48,77,,6529510602081,
2026-08-17 23:18:20.108,continuous_stop,x,,,,,,1,2336,1176,1161,48,77,,6529515274153,
2026-08-17 23:18:20.509,continuous_start,x,,,,,,1,2336,1176,1161,48,77,,6529916427385,
2026-08-17 23:18:20.513,pulse_batch,x,,,,,1,,2337,1177,1161,49,77,,6529920235871,
2026-08-17 23:18:20.534,pulse_batch,x,,,,,3,,2340,1180,1161,52,77,,6529940765588,
2026-08-17 23:18:20.554,pulse_batch,x,,,,,3,,2343,1183,1161,55,77,,6529961205362,
2026-08-17 23:18:20.577,pulse_batch,x,,,,,3,,2346,1186,1161,58,77,,6529983793635,
2026-08-17 23:18:20.580,continuous_stop,x,,,,,,1,2346,1186,1161,58,77,,6529987269773,
2026-08-17 23:18:21.046,continuous_start,x,,,,,,1,2346,1186,1161,58,77,,6530452715208,
2026-08-17 23:18:21.049,pulse_batch,x,,,,,1,,2347,1187,1161,59,77,,6530456435436,
2026-08-17 23:18:21.070,pulse_batch,x,,,,,3,,2350,1190,1161,62,77,,6530477329706,
2026-08-17 23:18:21.091,pulse_batch,x,,,,,3,,2353,1193,1161,65,77,,6530497835108,
2026-08-17 23:18:21.112,pulse_batch,x,,,,,3,,2356,1196,1161,68,77,,6530518914561,
2026-08-17 23:18:21.135,pulse_batch,x,,,,,3,,2359,1199,1161,71,77,,6530541797870,
2026-08-17 23:18:21.155,pulse_batch,x,,,,,3,,2362,1202,1161,74,77,,6530562253588,
2026-08-17 23:18:21.177,pulse_batch,x,,,,,3,,2365,1205,1161,77,77,,6530584255200,
2026-08-17 23:18:21.181,continuous_stop,x,,,,,,1,2365,1205,1161,77,77,,6530587725634,
2026-08-17 23:18:21.711,continuous_start,x,,,,,,1,2365,1205,1161,77,77,,6531118541675,
2026-08-17 23:18:21.715,pulse_batch,x,,,,,1,,2366,1206,1162,77,77,,6531122233755,
2026-08-17 23:18:21.737,pulse_batch,x,,,,,3,,2369,1209,1165,77,77,,6531143757760,
2026-08-17 23:18:21.757,pulse_batch,x,,,,,3,,2372,1212,1168,77,77,,6531164203367,
2026-08-17 23:18:21.778,pulse_batch,x,,,,,2,,2374,1214,1170,77,77,,6531185050526,
2026-08-17 23:18:21.778,continuous_stop,x,,,,,,1,2374,1214,1170,77,77,,6531185331949,
2026-08-17 23:18:22.376,continuous_start,x,,,,,,1,2374,1214,1170,77,77,,6531783062712,
2026-08-17 23:18:22.380,pulse_batch,x,,,,,1,,2375,1215,1171,77,77,,6531786743793,
2026-08-17 23:18:22.400,pulse_batch,x,,,,,3,,2378,1218,1174,77,77,,6531807518249,
2026-08-17 23:18:22.421,pulse_batch,x,,,,,3,,2381,1221,1177,77,77,,6531827919486,
2026-08-17 23:18:22.441,pulse_batch,x,,,,,3,,2384,1224,1180,77,77,,6531848474721,
2026-08-17 23:18:22.445,continuous_stop,x,,,,,,1,2384,1224,1180,77,77,,6531851962063,
2026-08-17 23:18:22.911,continuous_start,x,,,,,,1,2384,1224,1180,77,77,,6532318210223,
2026-08-17 23:18:22.915,pulse_batch,x,,,,,1,,2385,1225,1181,77,77,,6532321910488,
2026-08-17 23:18:22.935,pulse_batch,x,,,,,3,,2388,1228,1184,77,77,,6532342487576,
2026-08-17 23:18:22.956,pulse_batch,x,,,,,3,,2391,1231,1187,77,77,,6532362922238,
2026-08-17 23:18:22.978,pulse_batch,x,,,,,3,,2394,1234,1190,77,77,,6532385317829,
2026-08-17 23:18:22.999,pulse_batch,x,,,,,3,,2397,1237,1193,77,77,,6532405948953,
2026-08-17 23:18:23.019,pulse_batch,x,,,,,3,,2400,1240,1196,77,77,,6532426415245,
2026-08-17 23:18:23.041,pulse_batch,x,,,,,3,,2403,1243,1199,77,77,,6532447811548,
2026-08-17 23:18:23.044,continuous_stop,x,,,,,,1,2403,1243,1199,77,77,,6532451296704,
2026-08-17 23:18:23.510,continuous_start,x,,,,,,1,2403,1243,1199,77,77,,6532917459907,
2026-08-17 23:18:23.514,pulse_batch,x,,,,,1,,2404,1244,1200,77,77,,6532921185635,
2026-08-17 23:18:23.535,pulse_batch,x,,,,,3,,2407,1247,1203,77,77,,6532941673038,
2026-08-17 23:18:23.555,pulse_batch,x,,,,,3,,2410,1250,1206,77,77,,6532962105701,
2026-08-17 23:18:23.576,pulse_batch,x,,,,,3,,2413,1253,1209,77,77,,6532983042286,
2026-08-17 23:18:23.579,continuous_stop,x,,,,,,1,2413,1253,1209,77,77,,6532986530812,
2026-08-17 23:18:24.046,continuous_start,x,,,,,,1,2413,1253,1209,77,77,,6533452677794,
2026-08-17 23:18:24.049,pulse_batch,x,,,,,1,,2414,1254,1210,77,77,,6533456308448,
2026-08-17 23:18:24.070,pulse_batch,x,,,,,3,,2417,1257,1213,77,77,,6533477168515,
2026-08-17 23:18:24.090,pulse_batch,x,,,,,3,,2420,1260,1216,77,77,,6533497641863,
2026-08-17 23:18:24.112,pulse_batch,x,,,,,3,,2423,1263,1219,77,77,,6533519575606,
2026-08-17 23:18:24.116,continuous_stop,x,,,,,,1,2423,1263,1219,77,77,,6533523003448,
2026-08-17 23:18:24.579,continuous_start,x,,,,,,1,2423,1263,1219,77,77,,6533986566715,
2026-08-17 23:18:24.583,pulse_batch,x,,,,,1,,2424,1264,1220,77,77,,6533990193685,
2026-08-17 23:18:24.604,pulse_batch,x,,,,,3,,2427,1267,1223,77,77,,6534011041752,
2026-08-17 23:18:24.624,pulse_batch,x,,,,,3,,2430,1270,1226,77,77,,6534031431064,
2026-08-17 23:18:24.646,pulse_batch,x,,,,,3,,2433,1273,1229,77,77,,6534052992884,
2026-08-17 23:18:24.649,continuous_stop,x,,,,,,1,2433,1273,1229,77,77,,6534056445059,
2026-08-17 23:18:26.574,point_saved,x,4,stored,,,,,,1273,1229,77,77,1229,,
2026-08-17 23:18:26.575,point_saved,y,4,stored,,,,,,-796,-776,0,4,-776,,
2026-08-17 23:18:27.651,continuous_start,x,,,,,,-1,2433,1273,1229,77,77,,6537058599337,
2026-08-17 23:18:27.655,pulse_batch,x,,,,,-1,,2434,1272,1229,76,77,,6537062398101,
2026-08-17 23:18:27.678,pulse_batch,x,,,,,-3,,2437,1269,1229,73,77,,6537085141450,
2026-08-17 23:18:27.698,pulse_batch,x,,,,,-3,,2440,1266,1229,70,77,,6537105619798,
2026-08-17 23:18:27.721,pulse_batch,x,,,,,-3,,2443,1263,1229,67,77,,6537128619978,
2026-08-17 23:18:27.742,pulse_batch,x,,,,,-3,,2446,1260,1229,64,77,,6537149104400,
2026-08-17 23:18:27.763,pulse_batch,x,,,,,-3,,2449,1257,1229,61,77,,6537169704155,
2026-08-17 23:18:27.785,pulse_batch,x,,,,,-3,,2452,1254,1229,58,77,,6537192360338,
2026-08-17 23:18:27.806,pulse_batch,x,,,,,-3,,2455,1251,1229,55,77,,6537212896741,
2026-08-17 23:18:27.826,pulse_batch,x,,,,,-3,,2458,1248,1229,52,77,,6537233394571,
2026-08-17 23:18:27.849,pulse_batch,x,,,,,-3,,2461,1245,1229,49,77,,6537255694367,
2026-08-17 23:18:27.869,pulse_batch,x,,,,,-3,,2464,1242,1229,46,77,,6537276252993,
2026-08-17 23:18:27.890,pulse_batch,x,,,,,-3,,2467,1239,1229,43,77,,6537296761934,
2026-08-17 23:18:27.910,pulse_batch,x,,,,,-3,,2470,1236,1229,40,77,,6537317297060,
2026-08-17 23:18:27.931,pulse_batch,x,,,,,-3,,2473,1233,1229,37,77,,6537338494402,
2026-08-17 23:18:27.952,pulse_batch,x,,,,,-3,,2476,1230,1229,34,77,,6537359015899,
2026-08-17 23:18:27.972,pulse_batch,x,,,,,-3,,2479,1227,1229,31,77,,6537379477062,
2026-08-17 23:18:27.993,pulse_batch,x,,,,,-3,,2482,1224,1229,28,77,,6537400083354,
2026-08-17 23:18:28.013,pulse_batch,x,,,,,-3,,2485,1221,1229,25,77,,6537420628128,
2026-08-17 23:18:28.034,pulse_batch,x,,,,,-3,,2488,1218,1229,22,77,,6537441039755,
2026-08-17 23:18:28.056,pulse_batch,x,,,,,-3,,2491,1215,1229,19,77,,6537463011425,
2026-08-17 23:18:28.076,pulse_batch,x,,,,,-3,,2494,1212,1229,16,77,,6537483592532,
2026-08-17 23:18:28.097,pulse_batch,x,,,,,-3,,2497,1209,1229,13,77,,6537504041974,
2026-08-17 23:18:28.119,pulse_batch,x,,,,,-3,,2500,1206,1229,10,77,,6537526117513,
2026-08-17 23:18:28.139,pulse_batch,x,,,,,-3,,2503,1203,1229,7,77,,6537546635436,
2026-08-17 23:18:28.160,pulse_batch,x,,,,,-3,,2506,1200,1229,4,77,,6537567098766,
2026-08-17 23:18:28.181,pulse_batch,x,,,,,-3,,2509,1197,1229,1,77,,6537587663577,
2026-08-17 23:18:28.201,pulse_batch,x,,,,,-3,,2512,1194,1227,0,77,,6537608165925,
2026-08-17 23:18:28.221,pulse_batch,x,,,,,-3,,2515,1191,1224,0,77,,6537628627330,
2026-08-17 23:18:28.242,pulse_batch,x,,,,,-3,,2518,1188,1221,0,77,,6537649172919,
2026-08-17 23:18:28.263,pulse_batch,x,,,,,-3,,2521,1185,1218,0,77,,6537670319558,
2026-08-17 23:18:28.284,pulse_batch,x,,,,,-3,,2524,1182,1215,0,77,,6537690812611,
2026-08-17 23:18:28.304,pulse_batch,x,,,,,-3,,2527,1179,1212,0,77,,6537711247515,
2026-08-17 23:18:28.326,pulse_batch,x,,,,,-3,,2530,1176,1209,0,77,,6537733381443,
2026-08-17 23:18:28.347,pulse_batch,x,,,,,-3,,2533,1173,1206,0,77,,6537753933217,
2026-08-17 23:18:28.367,pulse_batch,x,,,,,-3,,2536,1170,1203,0,77,,6537774407547,
2026-08-17 23:18:28.390,pulse_batch,x,,,,,-3,,2539,1167,1200,0,77,,6537797336098,
2026-08-17 23:18:28.411,pulse_batch,x,,,,,-3,,2542,1164,1197,0,77,,6537817854447,
2026-08-17 23:18:28.431,pulse_batch,x,,,,,-3,,2545,1161,1194,0,77,,6537838257759,
2026-08-17 23:18:28.453,pulse_batch,x,,,,,-3,,2548,1158,1191,0,77,,6537860337668,
2026-08-17 23:18:28.474,pulse_batch,x,,,,,-3,,2551,1155,1188,0,77,,6537880872220,
2026-08-17 23:18:28.494,pulse_batch,x,,,,,-3,,2554,1152,1185,0,77,,6537901283940,
2026-08-17 23:18:28.516,pulse_batch,x,,,,,-3,,2557,1149,1182,0,77,,6537923181592,
2026-08-17 23:18:28.537,pulse_batch,x,,,,,-3,,2560,1146,1179,0,77,,6537943741162,
2026-08-17 23:18:28.557,pulse_batch,x,,,,,-3,,2563,1143,1176,0,77,,6537964190882,
2026-08-17 23:18:28.578,pulse_batch,x,,,,,-3,,2566,1140,1173,0,77,,6537984704434,
2026-08-17 23:18:28.599,pulse_batch,x,,,,,-3,,2569,1137,1170,0,77,,6538006470513,
2026-08-17 23:18:28.620,pulse_batch,x,,,,,-3,,2572,1134,1167,0,77,,6538026955639,
2026-08-17 23:18:28.640,pulse_batch,x,,,,,-3,,2575,1131,1164,0,77,,6538047418581,
2026-08-17 23:18:28.663,pulse_batch,x,,,,,-3,,2578,1128,1161,0,77,,6538069615119,
2026-08-17 23:18:28.683,pulse_batch,x,,,,,-3,,2581,1125,1158,0,77,,6538090064912,
2026-08-17 23:18:28.703,pulse_batch,x,,,,,-3,,2584,1122,1155,0,77,,6538110479447,
2026-08-17 23:18:28.726,pulse_batch,x,,,,,-3,,2587,1119,1152,0,77,,6538133640347,
2026-08-17 23:18:28.747,pulse_batch,x,,,,,-3,,2590,1116,1149,0,77,,6538154134122,
2026-08-17 23:18:28.767,pulse_batch,x,,,,,-3,,2593,1113,1146,0,77,,6538174570138,
2026-08-17 23:18:28.788,pulse_batch,x,,,,,-3,,2596,1110,1143,0,77,,6538195141412,
2026-08-17 23:18:28.809,pulse_batch,x,,,,,-3,,2599,1107,1140,0,77,,6538215663982,
2026-08-17 23:18:28.829,pulse_batch,x,,,,,-3,,2602,1104,1137,0,77,,6538236080146,
2026-08-17 23:18:28.851,pulse_batch,x,,,,,-3,,2605,1101,1134,0,77,,6538258387517,
2026-08-17 23:18:28.872,pulse_batch,x,,,,,-3,,2608,1098,1131,0,77,,6538278952291,
2026-08-17 23:18:28.892,pulse_batch,x,,,,,-3,,2611,1095,1128,0,77,,6538299390084,
2026-08-17 23:18:28.913,pulse_batch,x,,,,,-3,,2614,1092,1125,0,77,,6538320177597,
2026-08-17 23:18:28.934,pulse_batch,x,,,,,-3,,2617,1089,1122,0,77,,6538340709927,
2026-08-17 23:18:28.954,pulse_batch,x,,,,,-3,,2620,1086,1119,0,77,,6538361181072,
2026-08-17 23:18:28.975,pulse_batch,x,,,,,-3,,2623,1083,1116,0,77,,6538381694273,
2026-08-17 23:18:28.995,pulse_batch,x,,,,,-3,,2626,1080,1113,0,77,,6538402297268,
2026-08-17 23:18:29.016,pulse_batch,x,,,,,-3,,2629,1077,1110,0,77,,6538422793543,
2026-08-17 23:18:29.036,pulse_batch,x,,,,,-3,,2632,1074,1107,0,77,,6538443199782,
2026-08-17 23:18:29.057,pulse_batch,x,,,,,-3,,2635,1071,1104,0,77,,6538463959462,
2026-08-17 23:18:29.077,pulse_batch,x,,,,,-3,,2638,1068,1101,0,77,,6538484536810,
2026-08-17 23:18:29.098,pulse_batch,x,,,,,-3,,2641,1065,1098,0,77,,6538504939882,
2026-08-17 23:18:29.120,pulse_batch,x,,,,,-3,,2644,1062,1095,0,77,,6538527090180,
2026-08-17 23:18:29.140,pulse_batch,x,,,,,-3,,2647,1059,1092,0,77,,6538547590177,
2026-08-17 23:18:29.161,pulse_batch,x,,,,,-3,,2650,1056,1089,0,77,,6538568015285,
2026-08-17 23:18:29.181,pulse_batch,x,,,,,-3,,2653,1053,1086,0,77,,6538588609948,
2026-08-17 23:18:29.202,pulse_batch,x,,,,,-3,,2656,1050,1083,0,77,,6538609155093,
2026-08-17 23:18:29.222,pulse_batch,x,,,,,-3,,2659,1047,1080,0,77,,6538629598072,
2026-08-17 23:18:29.243,pulse_batch,x,,,,,-3,,2662,1044,1077,0,77,,6538650082532,
2026-08-17 23:18:29.264,pulse_batch,x,,,,,-3,,2665,1041,1074,0,77,,6538671290986,
2026-08-17 23:18:29.285,pulse_batch,x,,,,,-3,,2668,1038,1071,0,77,,6538691829334,
2026-08-17 23:18:29.305,pulse_batch,x,,,,,-3,,2671,1035,1068,0,77,,6538712304443,
2026-08-17 23:18:29.327,pulse_batch,x,,,,,-3,,2674,1032,1065,0,77,,6538734397704,
2026-08-17 23:18:29.348,pulse_batch,x,,,,,-3,,2677,1029,1062,0,77,,6538754968997,
2026-08-17 23:18:29.368,pulse_batch,x,,,,,-3,,2680,1026,1059,0,77,,6538775537919,
2026-08-17 23:18:29.391,pulse_batch,x,,,,,-3,,2683,1023,1056,0,77,,6538797669754,
2026-08-17 23:18:29.411,pulse_batch,x,,,,,-3,,2686,1020,1053,0,77,,6538818186455,
2026-08-17 23:18:29.431,pulse_batch,x,,,,,-3,,2689,1017,1050,0,77,,6538838587601,
2026-08-17 23:18:29.454,pulse_batch,x,,,,,-3,,2692,1014,1047,0,77,,6538860778806,
2026-08-17 23:18:29.474,pulse_batch,x,,,,,-3,,2695,1011,1044,0,77,,6538881373136,
2026-08-17 23:18:29.495,pulse_batch,x,,,,,-3,,2698,1008,1041,0,77,,6538901803744,
2026-08-17 23:18:29.517,pulse_batch,x,,,,,-3,,2701,1005,1038,0,77,,6538924122745,
2026-08-17 23:18:29.537,pulse_batch,x,,,,,-3,,2704,1002,1035,0,77,,6538944624205,
2026-08-17 23:18:29.558,pulse_batch,x,,,,,-3,,2707,999,1032,0,77,,6538965097831,
2026-08-17 23:18:29.579,pulse_batch,x,,,,,-3,,2710,996,1029,0,77,,6538985874845,
2026-08-17 23:18:29.599,pulse_batch,x,,,,,-3,,2713,993,1026,0,77,,6539006419267,
2026-08-17 23:18:29.620,pulse_batch,x,,,,,-3,,2716,990,1023,0,77,,6539026836302,
2026-08-17 23:18:29.640,pulse_batch,x,,,,,-3,,2719,987,1020,0,77,,6539047249281,
2026-08-17 23:18:29.661,pulse_batch,x,,,,,-3,,2722,984,1017,0,77,,6539068109627,
2026-08-17 23:18:29.682,pulse_batch,x,,,,,-3,,2725,981,1014,0,77,,6539088660253,
2026-08-17 23:18:29.702,pulse_batch,x,,,,,-3,,2728,978,1011,0,77,,6539109041584,
2026-08-17 23:18:29.724,pulse_batch,x,,,,,-3,,2731,975,1008,0,77,,6539131112253,
2026-08-17 23:18:29.745,pulse_batch,x,,,,,-3,,2734,972,1005,0,77,,6539151674398,
2026-08-17 23:18:29.765,pulse_batch,x,,,,,-3,,2737,969,1002,0,77,,6539172072322,
2026-08-17 23:18:29.786,pulse_batch,x,,,,,-3,,2740,966,999,0,77,,6539192679003,
2026-08-17 23:18:29.806,pulse_batch,x,,,,,-3,,2743,963,996,0,77,,6539213290499,
2026-08-17 23:18:29.827,pulse_batch,x,,,,,-3,,2746,960,993,0,77,,6539233746126,
2026-08-17 23:18:29.847,pulse_batch,x,,,,,-3,,2749,957,990,0,77,,6539254311937,
2026-08-17 23:18:29.868,pulse_batch,x,,,,,-3,,2752,954,987,0,77,,6539274899359,
2026-08-17 23:18:29.888,pulse_batch,x,,,,,-3,,2755,951,984,0,77,,6539295410838,
2026-08-17 23:18:29.909,pulse_batch,x,,,,,-3,,2758,948,981,0,77,,6539315863557,
2026-08-17 23:18:29.932,pulse_batch,x,,,,,-3,,2761,945,978,0,77,,6539339005514,
2026-08-17 23:18:29.952,pulse_batch,x,,,,,-3,,2764,942,975,0,77,,6539359508085,
2026-08-17 23:18:29.973,pulse_batch,x,,,,,-3,,2767,939,972,0,77,,6539379997674,
2026-08-17 23:18:29.996,pulse_batch,x,,,,,-3,,2770,936,969,0,77,,6539403567979,
2026-08-17 23:18:30.017,pulse_batch,x,,,,,-3,,2773,933,966,0,77,,6539424046773,
2026-08-17 23:18:30.037,pulse_batch,x,,,,,-3,,2776,930,963,0,77,,6539444475974,
2026-08-17 23:18:30.058,pulse_batch,x,,,,,-3,,2779,927,960,0,77,,6539465643651,
2026-08-17 23:18:30.081,pulse_batch,x,,,,,-3,,2782,924,957,0,77,,6539487798412,
2026-08-17 23:18:30.101,pulse_batch,x,,,,,-3,,2785,921,954,0,77,,6539508204392,
2026-08-17 23:18:30.122,pulse_batch,x,,,,,-3,,2788,918,951,0,77,,6539528788277,
2026-08-17 23:18:30.142,pulse_batch,x,,,,,-3,,2791,915,948,0,77,,6539549310478,
2026-08-17 23:18:30.163,pulse_batch,x,,,,,-3,,2794,912,945,0,77,,6539569747864,
2026-08-17 23:18:30.185,pulse_batch,x,,,,,-3,,2797,909,942,0,77,,6539591755720,
2026-08-17 23:18:30.205,pulse_batch,x,,,,,-3,,2800,906,939,0,77,,6539612221069,
2026-08-17 23:18:30.225,pulse_batch,x,,,,,-3,,2803,903,936,0,77,,6539632636585,
2026-08-17 23:18:30.248,pulse_batch,x,,,,,-3,,2806,900,933,0,77,,6539654703477,
2026-08-17 23:18:30.269,pulse_batch,x,,,,,-3,,2809,897,930,0,77,,6539675878302,
2026-08-17 23:18:30.289,pulse_batch,x,,,,,-3,,2812,894,927,0,77,,6539696422947,
2026-08-17 23:18:30.311,pulse_batch,x,,,,,-3,,2815,891,924,0,77,,6539718390284,
2026-08-17 23:18:30.332,pulse_batch,x,,,,,-3,,2818,888,921,0,77,,6539738963484,
2026-08-17 23:18:30.352,pulse_batch,x,,,,,-3,,2821,885,918,0,77,,6539759505666,
2026-08-17 23:18:30.373,pulse_batch,x,,,,,-3,,2824,882,915,0,77,,6539779972460,
2026-08-17 23:18:30.396,pulse_batch,x,,,,,-3,,2827,879,912,0,77,,6539802519995,
2026-08-17 23:18:30.416,pulse_batch,x,,,,,-3,,2830,876,909,0,77,,6539823050270,
2026-08-17 23:18:30.436,pulse_batch,x,,,,,-3,,2833,873,906,0,77,,6539843440916,
2026-08-17 23:18:30.458,pulse_batch,x,,,,,-3,,2836,870,903,0,77,,6539865175607,
2026-08-17 23:18:30.479,pulse_batch,x,,,,,-3,,2839,867,900,0,77,,6539885764307,
2026-08-17 23:18:30.499,pulse_batch,x,,,,,-3,,2842,864,897,0,77,,6539906208453,
2026-08-17 23:18:30.521,pulse_batch,x,,,,,-3,,2845,861,894,0,77,,6539928532342,
2026-08-17 23:18:30.542,pulse_batch,x,,,,,-3,,2848,858,891,0,77,,6539949110358,
2026-08-17 23:18:30.562,pulse_batch,x,,,,,-3,,2851,855,888,0,77,,6539969534855,
2026-08-17 23:18:30.584,pulse_batch,x,,,,,-3,,2854,852,885,0,77,,6539991096325,
2026-08-17 23:18:30.607,pulse_batch,x,,,,,-3,,2857,849,882,0,77,,6540013807563,
2026-08-17 23:18:30.627,pulse_batch,x,,,,,-3,,2860,846,879,0,77,,6540034236043,
2026-08-17 23:18:30.648,pulse_batch,x,,,,,-3,,2863,843,876,0,77,,6540055564996,
2026-08-17 23:18:30.669,pulse_batch,x,,,,,-3,,2866,840,873,0,77,,6540076152418,
2026-08-17 23:18:30.689,pulse_batch,x,,,,,-3,,2869,837,870,0,77,,6540096608045,
2026-08-17 23:18:30.710,pulse_batch,x,,,,,-3,,2872,834,867,0,77,,6540117151505,
2026-08-17 23:18:30.732,pulse_batch,x,,,,,-3,,2875,831,864,0,77,,6540139522320,
2026-08-17 23:18:30.753,pulse_batch,x,,,,,-3,,2878,828,861,0,77,,6540159982262,
2026-08-17 23:18:30.773,pulse_batch,x,,,,,-3,,2881,825,858,0,77,,6540180411575,
2026-08-17 23:18:30.794,pulse_batch,x,,,,,-3,,2884,822,855,0,77,,6540201045052,
2026-08-17 23:18:30.815,pulse_batch,x,,,,,-3,,2887,819,852,0,77,,6540221749270,
2026-08-17 23:18:30.835,pulse_batch,x,,,,,-3,,2890,816,849,0,77,,6540242151916,
2026-08-17 23:18:30.859,pulse_batch,x,,,,,-3,,2893,813,846,0,77,,6540266250976,
2026-08-17 23:18:30.881,pulse_batch,x,,,,,-3,,2896,810,843,0,77,,6540288514255,
2026-08-17 23:18:30.902,pulse_batch,x,,,,,-3,,2899,807,840,0,77,,6540308942197,
2026-08-17 23:18:30.922,pulse_batch,x,,,,,-3,,2902,804,837,0,77,,6540329583267,
2026-08-17 23:18:30.946,pulse_batch,x,,,,,-3,,2905,801,834,0,77,,6540353387126,
2026-08-17 23:18:30.967,pulse_batch,x,,,,,-3,,2908,798,831,0,77,,6540373812365,
2026-08-17 23:18:30.987,pulse_batch,x,,,,,-3,,2911,795,828,0,77,,6540394463731,
2026-08-17 23:18:31.008,pulse_batch,x,,,,,-3,,2914,792,825,0,77,,6540414977747,
2026-08-17 23:18:31.028,pulse_batch,x,,,,,-3,,2917,789,822,0,77,,6540435400911,
2026-08-17 23:18:31.049,pulse_batch,x,,,,,-3,,2920,786,819,0,77,,6540455948149,
2026-08-17 23:18:31.069,pulse_batch,x,,,,,-3,,2923,783,816,0,77,,6540476518609,
2026-08-17 23:18:31.090,pulse_batch,x,,,,,-3,,2926,780,813,0,77,,6540496992810,
2026-08-17 23:18:31.111,pulse_batch,x,,,,,-3,,2929,777,810,0,77,,6540518014155,
2026-08-17 23:18:31.133,pulse_batch,x,,,,,-3,,2932,774,807,0,77,,6540539733531,
2026-08-17 23:18:31.153,pulse_batch,x,,,,,-3,,2935,771,804,0,77,,6540560211918,
2026-08-17 23:18:31.174,pulse_batch,x,,,,,-3,,2938,768,801,0,77,,6540580646638,
2026-08-17 23:18:31.194,pulse_batch,x,,,,,-3,,2941,765,798,0,77,,6540601263468,
2026-08-17 23:18:31.215,pulse_batch,x,,,,,-3,,2944,762,795,0,77,,6540621814187,
2026-08-17 23:18:31.235,pulse_batch,x,,,,,-3,,2947,759,792,0,77,,6540642229870,
2026-08-17 23:18:31.256,pulse_batch,x,,,,,-3,,2950,756,789,0,77,,6540662841626,
2026-08-17 23:18:31.276,pulse_batch,x,,,,,-3,,2953,753,786,0,77,,6540683345660,
2026-08-17 23:18:31.297,pulse_batch,x,,,,,-3,,2956,750,783,0,77,,6540703772695,
2026-08-17 23:18:31.319,pulse_batch,x,,,,,-3,,2959,747,780,0,77,,6540726414027,
2026-08-17 23:18:31.340,pulse_batch,x,,,,,-3,,2962,744,777,0,77,,6540746891024,
2026-08-17 23:18:31.360,pulse_batch,x,,,,,-3,,2965,741,774,0,77,,6540767346948,
2026-08-17 23:18:31.382,pulse_batch,x,,,,,-3,,2968,738,771,0,77,,6540789214268,
2026-08-17 23:18:31.403,pulse_batch,x,,,,,-3,,2971,735,768,0,77,,6540810420092,
2026-08-17 23:18:31.424,pulse_batch,x,,,,,-3,,2974,732,765,0,77,,6540830851498,
2026-08-17 23:18:31.444,pulse_batch,x,,,,,-3,,2977,729,762,0,77,,6540851341106,
2026-08-17 23:18:31.467,pulse_batch,x,,,,,-3,,2980,726,759,0,77,,6540874258528,
2026-08-17 23:18:31.488,pulse_batch,x,,,,,-3,,2983,723,756,0,77,,6540894714471,
2026-08-17 23:18:31.508,pulse_batch,x,,,,,-3,,2986,720,753,0,77,,6540915453447,
2026-08-17 23:18:31.530,pulse_batch,x,,,,,-3,,2989,717,750,0,77,,6540937569209,
2026-08-17 23:18:31.551,pulse_batch,x,,,,,-3,,2992,714,747,0,77,,6540958052596,
2026-08-17 23:18:31.571,pulse_batch,x,,,,,-3,,2995,711,744,0,77,,6540978598241,
2026-08-17 23:18:31.593,pulse_batch,x,,,,,-3,,2998,708,741,0,77,,6541000176729,
2026-08-17 23:18:31.614,pulse_batch,x,,,,,-3,,3001,705,738,0,77,,6541020808559,
2026-08-17 23:18:31.634,pulse_batch,x,,,,,-3,,3004,702,735,0,77,,6541041219353,
2026-08-17 23:18:31.658,pulse_batch,x,,,,,-3,,3007,699,732,0,77,,6541065607967,
2026-08-17 23:18:31.679,pulse_batch,x,,,,,-3,,3010,696,729,0,77,,6541086099557,
2026-08-17 23:18:31.699,pulse_batch,x,,,,,-3,,3013,693,726,0,77,,6541106522407,
2026-08-17 23:18:31.720,pulse_batch,x,,,,,-3,,3016,690,723,0,77,,6541127210514,
2026-08-17 23:18:31.741,pulse_batch,x,,,,,-3,,3019,687,720,0,77,,6541147742326,
2026-08-17 23:18:31.761,pulse_batch,x,,,,,-3,,3022,684,717,0,77,,6541168199305,
2026-08-17 23:18:31.783,pulse_batch,x,,,,,-3,,3025,681,714,0,77,,6541189967440,
2026-08-17 23:18:31.803,pulse_batch,x,,,,,-3,,3028,678,711,0,77,,6541210535104,
2026-08-17 23:18:31.824,pulse_batch,x,,,,,-3,,3031,675,708,0,77,,6541231324858,
2026-08-17 23:18:31.845,pulse_batch,x,,,,,-3,,3034,672,705,0,77,,6541251844355,
2026-08-17 23:18:31.867,pulse_batch,x,,,,,-3,,3037,669,702,0,77,,6541274086431,
2026-08-17 23:18:31.887,pulse_batch,x,,,,,-3,,3040,666,699,0,77,,6541294561410,
2026-08-17 23:18:31.908,pulse_batch,x,,,,,-3,,3043,663,696,0,77,,6541315065277,
2026-08-17 23:18:31.929,pulse_batch,x,,,,,-3,,3046,660,693,0,77,,6541335782699,
2026-08-17 23:18:31.949,pulse_batch,x,,,,,-3,,3049,657,690,0,77,,6541356345251,
2026-08-17 23:18:31.970,pulse_batch,x,,,,,-3,,3052,654,687,0,77,,6541376768120,
2026-08-17 23:18:31.987,pulse_batch,x,,,,,-2,,3054,652,685,0,77,,6541394059033,
2026-08-17 23:18:31.987,continuous_stop,x,,,,,,-1,3054,652,685,0,77,,6541394301419,
2026-08-17 23:18:34.989,target_start,x,0,stored,,,,,,652,685,0,77,0,,
2026-08-17 23:18:34.989,target_start,y,0,stored,,,,,,-796,-776,0,4,0,,
2026-08-17 23:18:34.992,move_start,x,,,1,-685,,-1,3054,652,685,0,77,,6544399240727,
2026-08-17 23:18:34.992,move_start,y,,,1,780,,1,1100,-796,-776,0,4,,6544399514873,
2026-08-17 23:18:34.996,pulse_batch,x,,,,,-1,,3055,651,684,0,77,,6544402862123,
2026-08-17 23:18:34.996,pulse_batch,y,,,,,1,,1101,-795,-776,1,4,,6544403065899,
2026-08-17 23:18:35.017,pulse_batch,x,,,,,-3,,3058,648,681,0,77,,6544423776821,
2026-08-17 23:18:35.017,pulse_batch,y,,,,,3,,1104,-792,-776,4,4,,6544423890228,
2026-08-17 23:18:35.037,pulse_batch,x,,,,,-3,,3061,645,678,0,77,,6544444223431,
2026-08-17 23:18:35.037,pulse_batch,y,,,,,3,,1107,-789,-773,4,4,,6544444485911,
2026-08-17 23:18:35.059,pulse_batch,y,,,,,3,,1110,-786,-770,4,4,,6544466482341,
2026-08-17 23:18:35.062,pulse_batch,x,,,,,-3,,3064,642,675,0,77,,6544469360466,
2026-08-17 23:18:35.081,pulse_batch,y,,,,,3,,1113,-783,-767,4,4,,6544488620918,
2026-08-17 23:18:35.083,pulse_batch,x,,,,,-3,,3067,639,672,0,77,,6544489977370,
2026-08-17 23:18:35.102,pulse_batch,y,,,,,3,,1116,-780,-764,4,4,,6544509110935,
2026-08-17 23:18:35.103,pulse_batch,x,,,,,-3,,3070,636,669,0,77,,6544510412777,
2026-08-17 23:18:35.122,pulse_batch,y,,,,,3,,1119,-777,-761,4,4,,6544529625711,
2026-08-17 23:18:35.124,pulse_batch,x,,,,,-3,,3073,633,666,0,77,,6544530925219,
2026-08-17 23:18:35.144,pulse_batch,y,,,,,3,,1122,-774,-758,4,4,,6544551136664,
2026-08-17 23:18:35.144,pulse_batch,x,,,,,-3,,3076,630,663,0,77,,6544551374959,
2026-08-17 23:18:35.164,pulse_batch,y,,,,,3,,1125,-771,-755,4,4,,6544571567885,
2026-08-17 23:18:35.165,pulse_batch,x,,,,,-3,,3079,627,660,0,77,,6544571833457,
2026-08-17 23:18:35.185,pulse_batch,y,,,,,3,,1128,-768,-752,4,4,,6544592422899,
2026-08-17 23:18:35.185,pulse_batch,x,,,,,-3,,3082,624,657,0,77,,6544592573639,
2026-08-17 23:18:35.206,pulse_batch,x,,,,,-3,,3085,621,654,0,77,,6544613266969,
2026-08-17 23:18:35.206,pulse_batch,y,,,,,3,,1131,-765,-749,4,4,,6544613166803,
2026-08-17 23:18:35.227,pulse_batch,y,,,,,3,,1134,-762,-746,4,4,,6544633643672,
2026-08-17 23:18:35.227,pulse_batch,x,,,,,-3,,3088,618,651,0,77,,6544633709838,
2026-08-17 23:18:35.247,pulse_batch,x,,,,,-3,,3091,615,648,0,77,,6544654187614,
2026-08-17 23:18:35.249,pulse_batch,y,,,,,3,,1137,-759,-743,4,4,,6544654095226,
2026-08-17 23:18:35.269,pulse_batch,y,,,,,3,,1140,-756,-740,4,4,,6544675726030,
2026-08-17 23:18:35.269,pulse_batch,x,,,,,-3,,3094,612,645,0,77,,6544675955954,
2026-08-17 23:18:35.289,pulse_batch,y,,,,,3,,1143,-753,-737,4,4,,6544696264898,
2026-08-17 23:18:35.289,pulse_batch,x,,,,,-3,,3097,609,642,0,77,,6544696532692,
2026-08-17 23:18:35.310,pulse_batch,y,,,,,3,,1146,-750,-734,4,4,,6544716669971,
2026-08-17 23:18:35.310,pulse_batch,x,,,,,-3,,3100,606,639,0,77,,6544716974839,
2026-08-17 23:18:35.332,pulse_batch,x,,,,,-3,,3103,603,636,0,77,,6544739067065,
2026-08-17 23:18:35.332,pulse_batch,y,,,,,3,,1149,-747,-731,4,4,,6544739143972,
2026-08-17 23:18:35.352,pulse_batch,y,,,,,3,,1152,-744,-728,4,4,,6544759653118,
2026-08-17 23:18:35.353,pulse_batch,x,,,,,-3,,3106,600,633,0,77,,6544759575545,
2026-08-17 23:18:35.373,pulse_batch,x,,,,,-3,,3109,597,630,0,77,,6544780017099,
2026-08-17 23:18:35.373,pulse_batch,y,,,,,3,,1155,-741,-725,4,4,,6544780206116,
2026-08-17 23:18:35.395,pulse_batch,x,,,,,-3,,3112,594,627,0,77,,6544802090825,
2026-08-17 23:18:35.395,pulse_batch,y,,,,,3,,1158,-738,-722,4,4,,6544802220342,
2026-08-17 23:18:35.415,pulse_batch,x,,,,,-3,,3115,591,624,0,77,,6544822617008,
2026-08-17 23:18:35.416,pulse_batch,y,,,,,3,,1161,-735,-719,4,4,,6544822857488,
2026-08-17 23:18:35.436,pulse_batch,x,,,,,-3,,3118,588,621,0,77,,6544843047044,
2026-08-17 23:18:35.436,pulse_batch,y,,,,,3,,1164,-732,-716,4,4,,6544843270320,
2026-08-17 23:18:35.459,pulse_batch,y,,,,,3,,1167,-729,-713,4,4,,6544865824450,
2026-08-17 23:18:35.459,pulse_batch,x,,,,,-3,,3121,585,618,0,77,,6544865730710,
2026-08-17 23:18:35.479,pulse_batch,y,,,,,3,,1170,-726,-710,4,4,,6544886463465,
2026-08-17 23:18:35.480,pulse_batch,x,,,,,-3,,3124,582,615,0,77,,6544887471309,
2026-08-17 23:18:35.500,pulse_batch,y,,,,,3,,1173,-723,-707,4,4,,6544906908649,
2026-08-17 23:18:35.501,pulse_batch,x,,,,,-3,,3127,579,612,0,77,,6544907865586,
2026-08-17 23:18:35.521,pulse_batch,x,,,,,-3,,3130,576,609,0,77,,6544928348510,
2026-08-17 23:18:35.521,pulse_batch,y,,,,,3,,1176,-720,-704,4,4,,6544928526323,
2026-08-17 23:18:35.543,pulse_batch,x,,,,,-3,,3133,573,606,0,77,,6544949739983,
2026-08-17 23:18:35.543,pulse_batch,y,,,,,3,,1179,-717,-701,4,4,,6544949834130,
2026-08-17 23:18:35.563,pulse_batch,x,,,,,-3,,3136,570,603,0,77,,6544970177055,
2026-08-17 23:18:35.563,pulse_batch,y,,,,,3,,1182,-714,-698,4,4,,6544970346332,
2026-08-17 23:18:35.584,pulse_batch,y,,,,,3,,1185,-711,-695,4,4,,6544990827349,
2026-08-17 23:18:35.584,pulse_batch,x,,,,,-3,,3139,567,600,0,77,,6544991024255,
2026-08-17 23:18:35.606,pulse_batch,x,,,,,-3,,3142,564,597,0,77,,6545012656132,
2026-08-17 23:18:35.608,pulse_batch,y,,,,,3,,1188,-708,-692,4,4,,6545015505294,
2026-08-17 23:18:35.626,pulse_batch,x,,,,,-3,,3145,561,594,0,77,,6545033105798,
2026-08-17 23:18:35.629,pulse_batch,y,,,,,3,,1191,-705,-689,4,4,,6545035907534,
2026-08-17 23:18:35.646,pulse_batch,x,,,,,-3,,3148,558,591,0,77,,6545053528297,
2026-08-17 23:18:35.649,pulse_batch,y,,,,,3,,1194,-702,-686,4,4,,6545056350866,
2026-08-17 23:18:35.669,pulse_batch,x,,,,,-3,,3151,555,588,0,77,,6545075842391,
2026-08-17 23:18:35.670,pulse_batch,y,,,,,3,,1197,-699,-683,4,4,,6545076868901,
2026-08-17 23:18:35.689,pulse_batch,x,,,,,-3,,3154,552,585,0,77,,6545096485055,
2026-08-17 23:18:35.690,pulse_batch,y,,,,,3,,1200,-696,-680,4,4,,6545097353677,
2026-08-17 23:18:35.710,pulse_batch,x,,,,,-3,,3157,549,582,0,77,,6545116884980,
2026-08-17 23:18:35.711,pulse_batch,y,,,,,3,,1203,-693,-677,4,4,,6545117733603,
2026-08-17 23:18:35.730,pulse_batch,x,,,,,-3,,3160,546,579,0,77,,6545137489459,
2026-08-17 23:18:35.732,pulse_batch,y,,,,,3,,1206,-690,-674,4,4,,6545139236370,
2026-08-17 23:18:35.751,pulse_batch,x,,,,,-3,,3163,543,576,0,77,,6545158407324,
2026-08-17 23:18:35.753,pulse_batch,y,,,,,3,,1209,-687,-671,4,4,,6545159808016,
2026-08-17 23:18:35.772,pulse_batch,x,,,,,-3,,3166,540,573,0,77,,6545178817842,
2026-08-17 23:18:35.773,pulse_batch,y,,,,,3,,1212,-684,-668,4,4,,6545180220886,
2026-08-17 23:18:35.792,pulse_batch,x,,,,,-3,,3169,537,570,0,77,,6545199511338,
2026-08-17 23:18:35.794,pulse_batch,y,,,,,3,,1215,-681,-665,4,4,,6545200752254,
2026-08-17 23:18:35.814,pulse_batch,y,,,,,3,,1218,-678,-662,4,4,,6545221301752,
2026-08-17 23:18:35.814,pulse_batch,x,,,,,-3,,3172,534,567,0,77,,6545221473102,
2026-08-17 23:18:35.835,pulse_batch,y,,,,,3,,1221,-675,-659,4,4,,6545241801398,
2026-08-17 23:18:35.835,pulse_batch,x,,,,,-3,,3175,531,564,0,77,,6545241993749,
2026-08-17 23:18:35.855,pulse_batch,y,,,,,3,,1224,-672,-656,4,4,,6545262372600,
2026-08-17 23:18:35.856,pulse_batch,x,,,,,-3,,3178,528,561,0,77,,6545263314166,
2026-08-17 23:18:35.877,pulse_batch,x,,,,,-3,,3181,525,558,0,77,,6545283969719,
2026-08-17 23:18:35.877,pulse_batch,y,,,,,3,,1227,-669,-653,4,4,,6545283851331,
2026-08-17 23:18:35.897,pulse_batch,y,,,,,3,,1230,-666,-650,4,4,,6545304282478,
2026-08-17 23:18:35.897,pulse_batch,x,,,,,-3,,3184,522,555,0,77,,6545304524494,
2026-08-17 23:18:35.918,pulse_batch,y,,,,,3,,1233,-663,-647,4,4,,6545324736439,
2026-08-17 23:18:35.918,pulse_batch,x,,,,,-3,,3187,519,552,0,77,,6545324913308,
2026-08-17 23:18:35.939,pulse_batch,y,,,,,3,,1236,-660,-644,4,4,,6545345855636,
2026-08-17 23:18:35.939,pulse_batch,x,,,,,-3,,3190,516,549,0,77,,6545345953450,
2026-08-17 23:18:35.959,pulse_batch,y,,,,,3,,1239,-657,-641,4,4,,6545366331931,
2026-08-17 23:18:35.959,pulse_batch,x,,,,,-3,,3193,513,546,0,77,,6545366493319,
2026-08-17 23:18:35.980,pulse_batch,y,,,,,3,,1242,-654,-638,4,4,,6545386782485,
2026-08-17 23:18:35.980,pulse_batch,x,,,,,-3,,3196,510,543,0,77,,6545386992632,
2026-08-17 23:18:36.000,pulse_batch,y,,,,,3,,1245,-651,-635,4,4,,6545407322872,
2026-08-17 23:18:36.002,pulse_batch,x,,,,,-3,,3199,507,540,0,77,,6545409307319,
2026-08-17 23:18:36.021,pulse_batch,y,,,,,3,,1248,-648,-632,4,4,,6545427793500,
2026-08-17 23:18:36.023,pulse_batch,x,,,,,-3,,3202,504,537,0,77,,6545429845409,
2026-08-17 23:18:36.041,pulse_batch,y,,,,,3,,1251,-645,-629,4,4,,6545448194851,
2026-08-17 23:18:36.044,pulse_batch,x,,,,,-3,,3205,501,534,0,77,,6545451032458,
2026-08-17 23:18:36.062,pulse_batch,y,,,,,3,,1254,-642,-626,4,4,,6545468969255,
2026-08-17 23:18:36.065,pulse_batch,x,,,,,-3,,3208,498,531,0,77,,6545472306487,
2026-08-17 23:18:36.082,pulse_batch,y,,,,,3,,1257,-639,-623,4,4,,6545489539197,
2026-08-17 23:18:36.086,pulse_batch,x,,,,,-3,,3211,495,528,0,77,,6545492884114,
2026-08-17 23:18:36.103,pulse_batch,y,,,,,3,,1260,-636,-620,4,4,,6545510016900,
2026-08-17 23:18:36.106,pulse_batch,x,,,,,-3,,3214,492,525,0,77,,6545513278558,
2026-08-17 23:18:36.125,pulse_batch,y,,,,,3,,1263,-633,-617,4,4,,6545532191440,
2026-08-17 23:18:36.129,pulse_batch,x,,,,,-3,,3217,489,522,0,77,,6545535650967,
2026-08-17 23:18:36.146,pulse_batch,y,,,,,3,,1266,-630,-614,4,4,,6545553034325,
2026-08-17 23:18:36.149,pulse_batch,x,,,,,-3,,3220,486,519,0,77,,6545556268113,
2026-08-17 23:18:36.166,pulse_batch,y,,,,,3,,1269,-627,-611,4,4,,6545573505861,
2026-08-17 23:18:36.170,pulse_batch,x,,,,,-3,,3223,483,516,0,77,,6545576696223,
2026-08-17 23:18:36.187,pulse_batch,y,,,,,3,,1272,-624,-608,4,4,,6545593977322,
2026-08-17 23:18:36.192,pulse_batch,x,,,,,-3,,3226,480,513,0,77,,6545598848782,
2026-08-17 23:18:36.212,pulse_batch,y,,,,,3,,1275,-621,-605,4,4,,6545618933506,
2026-08-17 23:18:36.212,pulse_batch,x,,,,,-3,,3229,477,510,0,77,,6545619375132,
2026-08-17 23:18:36.232,pulse_batch,y,,,,,3,,1278,-618,-602,4,4,,6545639380598,
2026-08-17 23:18:36.233,pulse_batch,x,,,,,-3,,3232,474,507,0,77,,6545639804317,
2026-08-17 23:18:36.253,pulse_batch,y,,,,,3,,1281,-615,-599,4,4,,6545660137465,
2026-08-17 23:18:36.253,pulse_batch,x,,,,,-3,,3235,471,504,0,77,,6545660280315,
2026-08-17 23:18:36.274,pulse_batch,y,,,,,3,,1284,-612,-596,4,4,,6545680708981,
2026-08-17 23:18:36.274,pulse_batch,x,,,,,-3,,3238,468,501,0,77,,6545681000553,
2026-08-17 23:18:36.294,pulse_batch,y,,,,,3,,1287,-609,-593,4,4,,6545701191461,
2026-08-17 23:18:36.294,pulse_batch,x,,,,,-3,,3241,465,498,0,77,,6545701515088,
2026-08-17 23:18:36.315,pulse_batch,y,,,,,3,,1290,-606,-590,4,4,,6545721663090,
2026-08-17 23:18:36.315,pulse_batch,x,,,,,-3,,3244,462,495,0,77,,6545721942050,
2026-08-17 23:18:36.336,pulse_batch,y,,,,,3,,1293,-603,-587,4,4,,6545742812990,
2026-08-17 23:18:36.336,pulse_batch,x,,,,,-3,,3247,459,492,0,77,,6545742738602,
2026-08-17 23:18:36.356,pulse_batch,x,,,,,-3,,3250,456,489,0,77,,6545763235397,
2026-08-17 23:18:36.356,pulse_batch,y,,,,,3,,1296,-600,-584,4,4,,6545763365951,
2026-08-17 23:18:36.377,pulse_batch,x,,,,,-3,,3253,453,486,0,77,,6545783647118,
2026-08-17 23:18:36.377,pulse_batch,y,,,,,3,,1299,-597,-581,4,4,,6545783883838,
2026-08-17 23:18:36.399,pulse_batch,y,,,,,3,,1302,-594,-578,4,4,,6545806011898,
2026-08-17 23:18:36.399,pulse_batch,x,,,,,-3,,3256,450,483,0,77,,6545806262488,
2026-08-17 23:18:36.420,pulse_batch,y,,,,,3,,1305,-591,-575,4,4,,6545826774116,
2026-08-17 23:18:36.420,pulse_batch,x,,,,,-3,,3259,447,480,0,77,,6545826994466,
2026-08-17 23:18:36.440,pulse_batch,y,,,,,3,,1308,-588,-572,4,4,,6545847188578,
2026-08-17 23:18:36.440,pulse_batch,x,,,,,-3,,3262,444,477,0,77,,6545847388003,
2026-08-17 23:18:36.462,pulse_batch,y,,,,,3,,1311,-585,-569,4,4,,6545869208861,
2026-08-17 23:18:36.462,pulse_batch,x,,,,,-3,,3265,441,474,0,77,,6545869502321,
2026-08-17 23:18:36.483,pulse_batch,y,,,,,3,,1314,-582,-566,4,4,,6545889702730,
2026-08-17 23:18:36.483,pulse_batch,x,,,,,-3,,3268,438,471,0,77,,6545889952320,
2026-08-17 23:18:36.503,pulse_batch,y,,,,,3,,1317,-579,-563,4,4,,6545910179969,
2026-08-17 23:18:36.503,pulse_batch,x,,,,,-3,,3271,435,468,0,77,,6545910378393,
2026-08-17 23:18:36.525,pulse_batch,x,,,,,-3,,3274,432,465,0,77,,6545932432305,
2026-08-17 23:18:36.526,pulse_batch,y,,,,,3,,1320,-576,-560,4,4,,6545932559359,
2026-08-17 23:18:36.546,pulse_batch,x,,,,,-3,,3277,429,462,0,77,,6545952963544,
2026-08-17 23:18:36.546,pulse_batch,y,,,,,3,,1323,-573,-557,4,4,,6545953370355,
2026-08-17 23:18:36.566,pulse_batch,x,,,,,-3,,3280,426,459,0,77,,6545973409617,
2026-08-17 23:18:36.567,pulse_batch,y,,,,,3,,1326,-570,-554,4,4,,6545973811780,
2026-08-17 23:18:36.587,pulse_batch,x,,,,,-3,,3283,423,456,0,77,,6545993973837,
2026-08-17 23:18:36.587,pulse_batch,y,,,,,3,,1329,-567,-551,4,4,,6545994301205,
2026-08-17 23:18:36.609,pulse_batch,x,,,,,-3,,3286,420,453,0,77,,6546016528282,
2026-08-17 23:18:36.609,pulse_batch,y,,,,,3,,1332,-564,-548,4,4,,6546016450653,
2026-08-17 23:18:36.630,pulse_batch,y,,,,,3,,1335,-561,-545,4,4,,6546036900966,
2026-08-17 23:18:36.630,pulse_batch,x,,,,,-3,,3289,417,450,0,77,,6546037036354,
2026-08-17 23:18:36.650,pulse_batch,y,,,,,3,,1338,-558,-542,4,4,,6546057340188,
2026-08-17 23:18:36.650,pulse_batch,x,,,,,-3,,3292,414,447,0,77,,6546057501927,
2026-08-17 23:18:36.673,pulse_batch,x,,,,,-3,,3295,411,444,0,77,,6546079671264,
2026-08-17 23:18:36.676,pulse_batch,y,,,,,3,,1341,-555,-539,4,4,,6546083138235,
2026-08-17 23:18:36.693,pulse_batch,x,,,,,-3,,3298,408,441,0,77,,6546100630629,
2026-08-17 23:18:36.697,pulse_batch,y,,,,,3,,1344,-552,-536,4,4,,6546103705529,
2026-08-17 23:18:36.714,pulse_batch,x,,,,,-3,,3301,405,438,0,77,,6546121067165,
2026-08-17 23:18:36.718,pulse_batch,y,,,,,3,,1347,-549,-533,4,4,,6546124692654,
2026-08-17 23:18:36.736,pulse_batch,x,,,,,-3,,3304,402,435,0,77,,6546142974763,
2026-08-17 23:18:36.740,pulse_batch,y,,,,,3,,1350,-546,-530,4,4,,6546146694362,
2026-08-17 23:18:36.756,pulse_batch,x,,,,,-3,,3307,399,432,0,77,,6546163428595,
2026-08-17 23:18:36.760,pulse_batch,y,,,,,3,,1353,-543,-527,4,4,,6546167157768,
2026-08-17 23:18:36.777,pulse_batch,x,,,,,-3,,3310,396,429,0,77,,6546183829724,
2026-08-17 23:18:36.780,pulse_batch,y,,,,,3,,1356,-540,-524,4,4,,6546187586378,
2026-08-17 23:18:36.797,pulse_batch,x,,,,,-3,,3313,393,426,0,77,,6546204389722,
2026-08-17 23:18:36.803,pulse_batch,y,,,,,3,,1359,-537,-521,4,4,,6546209805178,
2026-08-17 23:18:36.818,pulse_batch,x,,,,,-3,,3316,390,423,0,77,,6546224934535,
2026-08-17 23:18:36.825,pulse_batch,y,,,,,3,,1362,-534,-518,4,4,,6546231795201,
2026-08-17 23:18:36.838,pulse_batch,x,,,,,-3,,3319,387,420,0,77,,6546245388478,
2026-08-17 23:18:36.845,pulse_batch,y,,,,,3,,1365,-531,-515,4,4,,6546252340588,
2026-08-17 23:18:36.859,pulse_batch,x,,,,,-3,,3322,384,417,0,77,,6546266487361,
2026-08-17 23:18:36.866,pulse_batch,y,,,,,3,,1368,-528,-512,4,4,,6546273385489,
2026-08-17 23:18:36.880,pulse_batch,x,,,,,-3,,3325,381,414,0,77,,6546287124321,
2026-08-17 23:18:36.887,pulse_batch,y,,,,,3,,1371,-525,-509,4,4,,6546293894840,
2026-08-17 23:18:36.900,pulse_batch,x,,,,,-3,,3328,378,411,0,77,,6546307633968,
2026-08-17 23:18:36.907,pulse_batch,y,,,,,3,,1374,-522,-506,4,4,,6546314356061,
2026-08-17 23:18:36.921,pulse_batch,x,,,,,-3,,3331,375,408,0,77,,6546328155670,
2026-08-17 23:18:36.929,pulse_batch,y,,,,,3,,1377,-519,-503,4,4,,6546336310158,
2026-08-17 23:18:36.944,pulse_batch,x,,,,,-3,,3334,372,405,0,77,,6546350827002,
2026-08-17 23:18:36.950,pulse_batch,y,,,,,3,,1380,-516,-500,4,4,,6546356794194,
2026-08-17 23:18:36.964,pulse_batch,x,,,,,-3,,3337,369,402,0,77,,6546371235335,
2026-08-17 23:18:36.970,pulse_batch,y,,,,,3,,1383,-513,-497,4,4,,6546377224637,
2026-08-17 23:18:36.984,pulse_batch,x,,,,,-3,,3340,366,399,0,77,,6546391633630,
2026-08-17 23:18:36.991,pulse_batch,y,,,,,3,,1386,-510,-494,4,4,,6546397752802,
2026-08-17 23:18:37.007,pulse_batch,x,,,,,-3,,3343,363,396,0,77,,6546413885818,
2026-08-17 23:18:37.011,pulse_batch,y,,,,,3,,1389,-507,-491,4,4,,6546418268505,
2026-08-17 23:18:37.027,pulse_batch,x,,,,,-3,,3346,360,393,0,77,,6546434368984,
2026-08-17 23:18:37.032,pulse_batch,y,,,,,3,,1392,-504,-488,4,4,,6546438705411,
2026-08-17 23:18:37.048,pulse_batch,x,,,,,-3,,3349,357,390,0,77,,6546454789835,
2026-08-17 23:18:37.052,pulse_batch,y,,,,,3,,1395,-501,-485,4,4,,6546459162392,
2026-08-17 23:18:37.070,pulse_batch,x,,,,,-3,,3352,354,387,0,77,,6546476670008,
2026-08-17 23:18:37.073,pulse_batch,y,,,,,3,,1398,-498,-482,4,4,,6546480164571,
2026-08-17 23:18:37.090,pulse_batch,x,,,,,-3,,3355,351,384,0,77,,6546497151803,
2026-08-17 23:18:37.094,pulse_batch,y,,,,,3,,1401,-495,-479,4,4,,6546500660755,
2026-08-17 23:18:37.110,pulse_batch,x,,,,,-3,,3358,348,381,0,77,,6546517590413,
2026-08-17 23:18:37.114,pulse_batch,y,,,,,3,,1404,-492,-476,4,4,,6546521104977,
2026-08-17 23:18:37.134,pulse_batch,x,,,,,-3,,3361,345,378,0,77,,6546540774575,
2026-08-17 23:18:37.136,pulse_batch,y,,,,,3,,1407,-489,-473,4,4,,6546543259684,
2026-08-17 23:18:37.154,pulse_batch,x,,,,,-3,,3364,342,375,0,77,,6546561225333,
2026-08-17 23:18:37.157,pulse_batch,y,,,,,3,,1410,-486,-470,4,4,,6546563808145,
2026-08-17 23:18:37.174,pulse_batch,x,,,,,-3,,3367,339,372,0,77,,6546581641444,
2026-08-17 23:18:37.177,pulse_batch,y,,,,,3,,1413,-483,-467,4,4,,6546584216460,
2026-08-17 23:18:37.200,pulse_batch,x,,,,,-3,,3370,336,369,0,77,,6546606621906,
2026-08-17 23:18:37.200,pulse_batch,y,,,,,3,,1416,-480,-464,4,4,,6546606700701,
2026-08-17 23:18:37.220,pulse_batch,x,,,,,-3,,3373,333,366,0,77,,6546627103294,
2026-08-17 23:18:37.220,pulse_batch,y,,,,,3,,1419,-477,-461,4,4,,6546627302662,
2026-08-17 23:18:37.240,pulse_batch,x,,,,,-3,,3376,330,363,0,77,,6546647513089,
2026-08-17 23:18:37.241,pulse_batch,y,,,,,3,,1422,-474,-458,4,4,,6546647707699,
2026-08-17 23:18:37.263,pulse_batch,x,,,,,-3,,3379,327,360,0,77,,6546669994257,
2026-08-17 23:18:37.263,pulse_batch,y,,,,,3,,1425,-471,-455,4,4,,6546670229829,
2026-08-17 23:18:37.283,pulse_batch,x,,,,,-3,,3382,324,357,0,77,,6546690540366,
2026-08-17 23:18:37.284,pulse_batch,y,,,,,3,,1428,-468,-452,4,4,,6546690790716,
2026-08-17 23:18:37.304,pulse_batch,x,,,,,-3,,3385,321,354,0,77,,6546710988440,
2026-08-17 23:18:37.304,pulse_batch,y,,,,,3,,1431,-465,-449,4,4,,6546711190716,
2026-08-17 23:18:37.326,pulse_batch,x,,,,,-3,,3388,318,351,0,77,,6546731501364,
2026-08-17 23:18:37.326,pulse_batch,y,,,,,3,,1434,-462,-446,4,4,,6546733439959,
2026-08-17 23:18:37.345,pulse_batch,x,,,,,-3,,3391,315,348,0,77,,6546752082084,
2026-08-17 23:18:37.347,pulse_batch,y,,,,,3,,1437,-459,-443,4,4,,6546753938958,
2026-08-17 23:18:37.365,pulse_batch,x,,,,,-3,,3394,312,345,0,77,,6546772529195,
2026-08-17 23:18:37.367,pulse_batch,y,,,,,3,,1440,-456,-440,4,4,,6546774344272,
2026-08-17 23:18:37.386,pulse_batch,x,,,,,-3,,3397,309,342,0,77,,6546792956120,
2026-08-17 23:18:37.388,pulse_batch,y,,,,,3,,1443,-453,-437,4,4,,6546794820938,
2026-08-17 23:18:37.407,pulse_batch,x,,,,,-3,,3400,306,339,0,77,,6546814227335,
2026-08-17 23:18:37.408,pulse_batch,y,,,,,3,,1446,-450,-434,4,4,,6546815414880,
2026-08-17 23:18:37.428,pulse_batch,x,,,,,-3,,3403,303,336,0,77,,6546834669315,
2026-08-17 23:18:37.429,pulse_batch,y,,,,,3,,1449,-447,-431,4,4,,6546835865287,
2026-08-17 23:18:37.448,pulse_batch,x,,,,,-3,,3406,300,333,0,77,,6546855105444,
2026-08-17 23:18:37.449,pulse_batch,y,,,,,3,,1452,-444,-428,4,4,,6546856307490,
2026-08-17 23:18:37.468,pulse_batch,x,,,,,-3,,3409,297,330,0,77,,6546875604535,
2026-08-17 23:18:37.470,pulse_batch,y,,,,,3,,1455,-441,-425,4,4,,6546877474613,
2026-08-17 23:18:37.489,pulse_batch,x,,,,,-3,,3412,294,327,0,77,,6546896075497,
2026-08-17 23:18:37.491,pulse_batch,y,,,,,3,,1458,-438,-422,4,4,,6546898002870,
2026-08-17 23:18:37.509,pulse_batch,x,,,,,-3,,3415,291,324,0,77,,6546916496552,
2026-08-17 23:18:37.511,pulse_batch,y,,,,,3,,1461,-435,-419,4,4,,6546918442851,
2026-08-17 23:18:37.530,pulse_batch,x,,,,,-3,,3418,288,321,0,77,,6546937473121,
2026-08-17 23:18:37.532,pulse_batch,y,,,,,3,,1464,-432,-416,4,4,,6546938910128,
2026-08-17 23:18:37.551,pulse_batch,x,,,,,-3,,3421,285,318,0,77,,6546958172544,
2026-08-17 23:18:37.555,pulse_batch,y,,,,,3,,1467,-429,-413,4,4,,6546961849403,
2026-08-17 23:18:37.571,pulse_batch,x,,,,,-3,,3424,282,315,0,77,,6546978606766,
2026-08-17 23:18:37.575,pulse_batch,y,,,,,3,,1470,-426,-410,4,4,,6546982245847,
2026-08-17 23:18:37.594,pulse_batch,x,,,,,-3,,3427,279,312,0,77,,6547000470809,
2026-08-17 23:18:37.600,pulse_batch,y,,,,,3,,1473,-423,-407,4,4,,6547007376141,
2026-08-17 23:18:37.614,pulse_batch,x,,,,,-3,,3430,276,309,0,77,,6547021072140,
2026-08-17 23:18:37.621,pulse_batch,y,,,,,3,,1476,-420,-404,4,4,,6547027888306,
2026-08-17 23:18:37.634,pulse_batch,x,,,,,-3,,3433,273,306,0,77,,6547041575527,
2026-08-17 23:18:37.641,pulse_batch,y,,,,,3,,1479,-417,-401,4,4,,6547048297583,
2026-08-17 23:18:37.656,pulse_batch,x,,,,,-3,,3436,270,303,0,77,,6547062878983,
2026-08-17 23:18:37.663,pulse_batch,y,,,,,3,,1482,-414,-398,4,4,,6547070617401,
2026-08-17 23:18:37.677,pulse_batch,x,,,,,-3,,3439,267,300,0,77,,6547084446880,
2026-08-17 23:18:37.684,pulse_batch,y,,,,,3,,1485,-411,-395,4,4,,6547091158084,
2026-08-17 23:18:37.698,pulse_batch,x,,,,,-3,,3442,264,297,0,77,,6547104958064,
2026-08-17 23:18:37.704,pulse_batch,y,,,,,3,,1488,-408,-392,4,4,,6547111615676,
2026-08-17 23:18:37.718,pulse_batch,x,,,,,-3,,3445,261,294,0,77,,6547125406174,
2026-08-17 23:18:37.725,pulse_batch,y,,,,,3,,1491,-405,-389,4,4,,6547132135304,
2026-08-17 23:18:37.741,pulse_batch,x,,,,,-3,,3448,258,291,0,77,,6547147959711,
2026-08-17 23:18:37.746,pulse_batch,y,,,,,3,,1494,-402,-386,4,4,,6547152667506,
2026-08-17 23:18:37.761,pulse_batch,x,,,,,-3,,3451,255,288,0,77,,6547168394229,
2026-08-17 23:18:37.766,pulse_batch,y,,,,,3,,1497,-399,-383,4,4,,6547173099931,
2026-08-17 23:18:37.782,pulse_batch,x,,,,,-3,,3454,252,285,0,77,,6547188818654,
2026-08-17 23:18:37.786,pulse_batch,y,,,,,3,,1500,-396,-380,4,4,,6547193604819,
2026-08-17 23:18:37.804,pulse_batch,x,,,,,-3,,3457,249,282,0,77,,6547211029213,
2026-08-17 23:18:37.807,pulse_batch,y,,,,,3,,1503,-393,-377,4,4,,6547214408686,
2026-08-17 23:18:37.824,pulse_batch,x,,,,,-3,,3460,246,279,0,77,,6547231619119,
2026-08-17 23:18:37.828,pulse_batch,y,,,,,3,,1506,-390,-374,4,4,,6547234917555,
2026-08-17 23:18:37.845,pulse_batch,x,,,,,-3,,3463,243,276,0,77,,6547252118895,
2026-08-17 23:18:37.848,pulse_batch,y,,,,,3,,1509,-387,-371,4,4,,6547255359480,
2026-08-17 23:18:37.867,pulse_batch,x,,,,,-3,,3466,240,273,0,77,,6547274333880,
2026-08-17 23:18:37.870,pulse_batch,y,,,,,3,,1512,-384,-368,4,4,,6547277608964,
2026-08-17 23:18:37.890,pulse_batch,x,,,,,-3,,3469,237,270,0,77,,6547297186026,
2026-08-17 23:18:37.891,pulse_batch,y,,,,,3,,1515,-381,-365,4,4,,6547298142111,
2026-08-17 23:18:37.910,pulse_batch,x,,,,,-3,,3472,234,267,0,77,,6547317619081,
2026-08-17 23:18:37.911,pulse_batch,y,,,,,3,,1518,-378,-362,4,4,,6547318653146,
2026-08-17 23:18:37.931,pulse_batch,x,,,,,-3,,3475,231,264,0,77,,6547338294763,
2026-08-17 23:18:37.932,pulse_batch,y,,,,,3,,1521,-375,-359,4,4,,6547339151201,
2026-08-17 23:18:37.952,pulse_batch,x,,,,,-3,,3478,228,261,0,77,,6547358764262,
2026-08-17 23:18:37.952,pulse_batch,y,,,,,3,,1524,-372,-356,4,4,,6547359608200,
2026-08-17 23:18:37.972,pulse_batch,x,,,,,-3,,3481,225,258,0,77,,6547379189780,
2026-08-17 23:18:37.973,pulse_batch,y,,,,,3,,1527,-369,-353,4,4,,6547380022551,
2026-08-17 23:18:37.994,pulse_batch,x,,,,,-3,,3484,222,255,0,77,,6547401149933,
2026-08-17 23:18:37.994,pulse_batch,y,,,,,3,,1530,-366,-350,4,4,,6547401053064,
2026-08-17 23:18:38.015,pulse_batch,y,,,,,3,,1533,-363,-347,4,4,,6547421744191,
2026-08-17 23:18:38.015,pulse_batch,x,,,,,-3,,3487,219,252,0,77,,6547422021596,
2026-08-17 23:18:38.035,pulse_batch,y,,,,,3,,1536,-360,-344,4,4,,6547442182227,
2026-08-17 23:18:38.035,pulse_batch,x,,,,,-3,,3490,216,249,0,77,,6547442493039,
2026-08-17 23:18:38.059,pulse_batch,y,,,,,3,,1539,-357,-341,4,4,,6547465799515,
2026-08-17 23:18:38.059,pulse_batch,x,,,,,-3,,3493,213,246,0,77,,6547465965736,
2026-08-17 23:18:38.079,pulse_batch,y,,,,,3,,1542,-354,-338,4,4,,6547486355495,
2026-08-17 23:18:38.079,pulse_batch,x,,,,,-3,,3496,210,243,0,77,,6547486552920,
2026-08-17 23:18:38.100,pulse_batch,y,,,,,3,,1545,-351,-335,4,4,,6547506809143,
2026-08-17 23:18:38.100,pulse_batch,x,,,,,-3,,3499,207,240,0,77,,6547506975234,
2026-08-17 23:18:38.121,pulse_batch,x,,,,,-3,,3502,204,237,0,77,,6547527886211,
2026-08-17 23:18:38.121,pulse_batch,y,,,,,3,,1548,-348,-332,4,4,,6547528116894,
2026-08-17 23:18:38.141,pulse_batch,x,,,,,-3,,3505,201,234,0,77,,6547548575875,
2026-08-17 23:18:38.145,pulse_batch,y,,,,,3,,1551,-345,-329,4,4,,6547552101291,
2026-08-17 23:18:38.162,pulse_batch,x,,,,,-3,,3508,198,231,0,77,,6547569075041,
2026-08-17 23:18:38.165,pulse_batch,y,,,,,3,,1554,-342,-326,4,4,,6547572648660,
2026-08-17 23:18:38.182,pulse_batch,x,,,,,-3,,3511,195,228,0,77,,6547589496614,
2026-08-17 23:18:38.186,pulse_batch,y,,,,,3,,1557,-339,-323,4,4,,6547593143807,
2026-08-17 23:18:38.204,pulse_batch,x,,,,,-3,,3514,192,225,0,77,,6547610997253,
2026-08-17 23:18:38.207,pulse_batch,y,,,,,3,,1560,-336,-320,4,4,,6547614630168,
2026-08-17 23:18:38.224,pulse_batch,x,,,,,-3,,3517,189,222,0,77,,6547631587807,
2026-08-17 23:18:38.228,pulse_batch,y,,,,,3,,1563,-333,-317,4,4,,6547635184666,
2026-08-17 23:18:38.245,pulse_batch,x,,,,,-3,,3520,186,219,0,77,,6547651990325,
2026-08-17 23:18:38.248,pulse_batch,y,,,,,3,,1566,-330,-314,4,4,,6547655622018,
2026-08-17 23:18:38.267,pulse_batch,x,,,,,-3,,3523,183,216,0,77,,6547674358420,
2026-08-17 23:18:38.273,pulse_batch,y,,,,,3,,1569,-327,-311,4,4,,6547680053114,
2026-08-17 23:18:38.288,pulse_batch,x,,,,,-3,,3526,180,213,0,77,,6547694851104,
2026-08-17 23:18:38.293,pulse_batch,y,,,,,3,,1572,-324,-308,4,4,,6547700544983,
2026-08-17 23:18:38.308,pulse_batch,x,,,,,-3,,3529,177,210,0,77,,6547715246993,
2026-08-17 23:18:38.314,pulse_batch,y,,,,,3,,1575,-321,-305,4,4,,6547720966224,
2026-08-17 23:18:38.329,pulse_batch,x,,,,,-3,,3532,174,207,0,77,,6547736121248,
2026-08-17 23:18:38.335,pulse_batch,y,,,,,3,,1578,-318,-302,4,4,,6547741756220,
2026-08-17 23:18:38.349,pulse_batch,x,,,,,-3,,3535,171,204,0,77,,6547756610802,
2026-08-17 23:18:38.355,pulse_batch,y,,,,,3,,1581,-315,-299,4,4,,6547762236034,
2026-08-17 23:18:38.370,pulse_batch,x,,,,,-3,,3538,168,201,0,77,,6547777068117,
2026-08-17 23:18:38.375,pulse_batch,y,,,,,3,,1584,-312,-296,4,4,,6547782646812,
2026-08-17 23:18:38.391,pulse_batch,x,,,,,-3,,3541,165,198,0,77,,6547797809706,
2026-08-17 23:18:38.397,pulse_batch,y,,,,,3,,1587,-309,-293,4,4,,6547804454004,
2026-08-17 23:18:38.411,pulse_batch,x,,,,,-3,,3544,162,195,0,77,,6547818385982,
2026-08-17 23:18:38.418,pulse_batch,y,,,,,3,,1590,-306,-290,4,4,,6547825302092,
2026-08-17 23:18:38.432,pulse_batch,x,,,,,-3,,3547,159,192,0,77,,6547838834945,
2026-08-17 23:18:38.439,pulse_batch,y,,,,,3,,1593,-303,-287,4,4,,6547845772888,
2026-08-17 23:18:38.452,pulse_batch,x,,,,,-3,,3550,156,189,0,77,,6547859272203,
2026-08-17 23:18:38.461,pulse_batch,y,,,,,3,,1596,-300,-284,4,4,,6547867785411,
2026-08-17 23:18:38.474,pulse_batch,x,,,,,-3,,3553,153,186,0,77,,6547881492558,
2026-08-17 23:18:38.484,pulse_batch,y,,,,,3,,1599,-297,-281,4,4,,6547890956129,
2026-08-17 23:18:38.495,pulse_batch,x,,,,,-3,,3556,150,183,0,77,,6547901973465,
2026-08-17 23:18:38.504,pulse_batch,y,,,,,3,,1602,-294,-278,4,4,,6547911380518,
2026-08-17 23:18:38.515,pulse_batch,x,,,,,-3,,3559,147,180,0,77,,6547922465945,
2026-08-17 23:18:38.525,pulse_batch,y,,,,,3,,1605,-291,-275,4,4,,6547931904609,
2026-08-17 23:18:38.536,pulse_batch,x,,,,,-3,,3562,144,177,0,77,,6547943221294,
2026-08-17 23:18:38.545,pulse_batch,y,,,,,3,,1608,-288,-272,4,4,,6547952424015,
2026-08-17 23:18:38.557,pulse_batch,x,,,,,-3,,3565,141,174,0,77,,6547963693830,
2026-08-17 23:18:38.566,pulse_batch,y,,,,,3,,1611,-285,-269,4,4,,6547972839478,
2026-08-17 23:18:38.577,pulse_batch,x,,,,,-3,,3568,138,171,0,77,,6547984096256,
2026-08-17 23:18:38.586,pulse_batch,y,,,,,3,,1614,-282,-266,4,4,,6547993278755,
2026-08-17 23:18:38.598,pulse_batch,x,,,,,-3,,3571,135,168,0,77,,6548005371582,
2026-08-17 23:18:38.612,pulse_batch,y,,,,,3,,1617,-279,-263,4,4,,6548019171469,
2026-08-17 23:18:38.619,pulse_batch,x,,,,,-3,,3574,132,165,0,77,,6548026046376,
2026-08-17 23:18:38.633,pulse_batch,y,,,,,3,,1620,-276,-260,4,4,,6548039799133,
2026-08-17 23:18:38.639,pulse_batch,x,,,,,-3,,3577,129,162,0,77,,6548046492838,
2026-08-17 23:18:38.653,pulse_batch,y,,,,,3,,1623,-273,-257,4,4,,6548060224189,
2026-08-17 23:18:38.661,pulse_batch,x,,,,,-3,,3580,126,159,0,77,,6548068360326,
2026-08-17 23:18:38.676,pulse_batch,y,,,,,3,,1626,-270,-254,4,4,,6548083498831,
2026-08-17 23:18:38.682,pulse_batch,x,,,,,-3,,3583,123,156,0,77,,6548089101008,
2026-08-17 23:18:38.697,pulse_batch,y,,,,,3,,1629,-267,-251,4,4,,6548103919294,
2026-08-17 23:18:38.702,pulse_batch,x,,,,,-3,,3586,120,153,0,77,,6548109547933,
2026-08-17 23:18:38.717,pulse_batch,y,,,,,3,,1632,-264,-248,4,4,,6548124546755,
2026-08-17 23:18:38.723,pulse_batch,x,,,,,-3,,3589,117,150,0,77,,6548130016840,
2026-08-17 23:18:38.739,pulse_batch,y,,,,,3,,1635,-261,-245,4,4,,6548146330577,
2026-08-17 23:18:38.743,pulse_batch,x,,,,,-3,,3592,114,147,0,77,,6548150532950,
2026-08-17 23:18:38.760,pulse_batch,y,,,,,3,,1638,-258,-242,4,4,,6548166882853,
2026-08-17 23:18:38.764,pulse_batch,x,,,,,-3,,3595,111,144,0,77,,6548171035782,
2026-08-17 23:18:38.780,pulse_batch,y,,,,,3,,1641,-255,-239,4,4,,6548187308964,
2026-08-17 23:18:38.784,pulse_batch,x,,,,,-3,,3598,108,141,0,77,,6548191498355,
2026-08-17 23:18:38.802,pulse_batch,y,,,,,3,,1644,-252,-236,4,4,,6548208820436,
2026-08-17 23:18:38.805,pulse_batch,x,,,,,-3,,3601,105,138,0,77,,6548212520683,
2026-08-17 23:18:38.823,pulse_batch,y,,,,,3,,1647,-249,-233,4,4,,6548229746820,
2026-08-17 23:18:38.826,pulse_batch,x,,,,,-3,,3604,102,135,0,77,,6548233028497,
2026-08-17 23:18:38.843,pulse_batch,y,,,,,3,,1650,-246,-230,4,4,,6548250211875,
2026-08-17 23:18:38.846,pulse_batch,x,,,,,-3,,3607,99,132,0,77,,6548253427478,
2026-08-17 23:18:38.866,pulse_batch,y,,,,,3,,1653,-243,-227,4,4,,6548272731931,
2026-08-17 23:18:38.869,pulse_batch,x,,,,,-3,,3610,96,129,0,77,,6548276217532,
2026-08-17 23:18:38.886,pulse_batch,y,,,,,3,,1656,-240,-224,4,4,,6548293244745,
2026-08-17 23:18:38.890,pulse_batch,x,,,,,-3,,3613,93,126,0,77,,6548296746253,
2026-08-17 23:18:38.906,pulse_batch,y,,,,,3,,1659,-237,-221,4,4,,6548313640319,
2026-08-17 23:18:38.910,pulse_batch,x,,,,,-3,,3616,90,123,0,77,,6548317181142,
2026-08-17 23:18:38.929,pulse_batch,y,,,,,3,,1662,-234,-218,4,4,,6548335746786,
2026-08-17 23:18:38.932,pulse_batch,x,,,,,-3,,3619,87,120,0,77,,6548339146869,
2026-08-17 23:18:38.949,pulse_batch,y,,,,,3,,1665,-231,-215,4,4,,6548356430413,
2026-08-17 23:18:38.953,pulse_batch,x,,,,,-3,,3622,84,117,0,77,,6548359696794,
2026-08-17 23:18:38.970,pulse_batch,y,,,,,3,,1668,-228,-212,4,4,,6548376920486,
2026-08-17 23:18:38.973,pulse_batch,x,,,,,-3,,3625,81,114,0,77,,6548380100127,
2026-08-17 23:18:38.990,pulse_batch,y,,,,,3,,1671,-225,-209,4,4,,6548397343208,
2026-08-17 23:18:38.995,pulse_batch,x,,,,,-3,,3628,78,111,0,77,,6548402052688,
2026-08-17 23:18:39.012,pulse_batch,y,,,,,3,,1674,-222,-206,4,4,,6548419273325,
2026-08-17 23:18:39.015,pulse_batch,x,,,,,-3,,3631,75,108,0,77,,6548422619131,
2026-08-17 23:18:39.033,pulse_batch,y,,,,,3,,1677,-219,-203,4,4,,6548439811342,
2026-08-17 23:18:39.036,pulse_batch,x,,,,,-3,,3634,72,105,0,77,,6548443084019,
2026-08-17 23:18:39.053,pulse_batch,y,,,,,3,,1680,-216,-200,4,4,,6548460235898,
2026-08-17 23:18:39.056,pulse_batch,x,,,,,-3,,3637,69,102,0,77,,6548463530537,
2026-08-17 23:18:39.075,pulse_batch,y,,,,,3,,1683,-213,-197,4,4,,6548482090386,
2026-08-17 23:18:39.079,pulse_batch,x,,,,,-3,,3640,66,99,0,77,,6548485653801,
2026-08-17 23:18:39.095,pulse_batch,y,,,,,3,,1686,-210,-194,4,4,,6548502567515,
2026-08-17 23:18:39.099,pulse_batch,x,,,,,-3,,3643,63,96,0,77,,6548506171578,
2026-08-17 23:18:39.116,pulse_batch,y,,,,,3,,1689,-207,-191,4,4,,6548522994348,
2026-08-17 23:18:39.119,pulse_batch,x,,,,,-3,,3646,60,93,0,77,,6548526617466,
2026-08-17 23:18:39.136,pulse_batch,y,,,,,3,,1692,-204,-188,4,4,,6548543545180,
2026-08-17 23:18:39.142,pulse_batch,x,,,,,-3,,3649,57,90,0,77,,6548549052264,
2026-08-17 23:18:39.157,pulse_batch,y,,,,,3,,1695,-201,-185,4,4,,6548564022142,
2026-08-17 23:18:39.162,pulse_batch,x,,,,,-3,,3652,54,87,0,77,,6548569540393,
2026-08-17 23:18:39.177,pulse_batch,y,,,,,3,,1698,-198,-182,4,4,,6548584406772,
2026-08-17 23:18:39.183,pulse_batch,x,,,,,-3,,3655,51,84,0,77,,6548589966226,
2026-08-17 23:18:39.198,pulse_batch,y,,,,,3,,1701,-195,-179,4,4,,6548605273416,
2026-08-17 23:18:39.208,pulse_batch,x,,,,,-3,,3658,48,81,0,77,,6548615429129,
2026-08-17 23:18:39.219,pulse_batch,y,,,,,3,,1704,-192,-176,4,4,,6548625887414,
2026-08-17 23:18:39.229,pulse_batch,x,,,,,-3,,3661,45,78,0,77,,6548635953739,
2026-08-17 23:18:39.239,pulse_batch,y,,,,,3,,1707,-189,-173,4,4,,6548646380839,
2026-08-17 23:18:39.249,pulse_batch,x,,,,,-3,,3664,42,75,0,77,,6548656361424,
2026-08-17 23:18:39.261,pulse_batch,y,,,,,3,,1710,-186,-170,4,4,,6548668278494,
2026-08-17 23:18:39.272,pulse_batch,x,,,,,-3,,3667,39,72,0,77,,6548678712612,
2026-08-17 23:18:39.282,pulse_batch,y,,,,,3,,1713,-183,-167,4,4,,6548688887214,
2026-08-17 23:18:39.292,pulse_batch,x,,,,,-3,,3670,36,69,0,77,,6548699356221,
2026-08-17 23:18:39.302,pulse_batch,y,,,,,3,,1716,-180,-164,4,4,,6548709357695,
2026-08-17 23:18:39.313,pulse_batch,x,,,,,-3,,3673,33,66,0,77,,6548719767851,
2026-08-17 23:18:39.324,pulse_batch,y,,,,,3,,1719,-177,-161,4,4,,6548730969056,
2026-08-17 23:18:39.334,pulse_batch,x,,,,,-3,,3676,30,63,0,77,,6548741307897,
2026-08-17 23:18:39.345,pulse_batch,y,,,,,3,,1722,-174,-158,4,4,,6548751830830,
2026-08-17 23:18:39.355,pulse_batch,x,,,,,-3,,3679,27,60,0,77,,6548761868636,
2026-08-17 23:18:39.365,pulse_batch,y,,,,,3,,1725,-171,-155,4,4,,6548772366458,
2026-08-17 23:18:39.375,pulse_batch,x,,,,,-3,,3682,24,57,0,77,,6548782285581,
2026-08-17 23:18:39.386,pulse_batch,y,,,,,3,,1728,-168,-152,4,4,,6548793115196,
2026-08-17 23:18:39.396,pulse_batch,x,,,,,-3,,3685,21,54,0,77,,6548803430463,
2026-08-17 23:18:39.406,pulse_batch,y,,,,,3,,1731,-165,-149,4,4,,6548813618121,
2026-08-17 23:18:39.417,pulse_batch,x,,,,,-3,,3688,18,51,0,77,,6548824024684,
2026-08-17 23:18:39.427,pulse_batch,y,,,,,3,,1734,-162,-146,4,4,,6548834253712,
2026-08-17 23:18:39.438,pulse_batch,x,,,,,-3,,3691,15,48,0,77,,6548844905791,
2026-08-17 23:18:39.448,pulse_batch,y,,,,,3,,1737,-159,-143,4,4,,6548854666267,
2026-08-17 23:18:39.458,pulse_batch,x,,,,,-3,,3694,12,45,0,77,,6548865549771,
2026-08-17 23:18:39.469,pulse_batch,y,,,,,3,,1740,-156,-140,4,4,,6548876169369,
2026-08-17 23:18:39.479,pulse_batch,x,,,,,-3,,3697,9,42,0,77,,6548886447341,
2026-08-17 23:18:39.490,pulse_batch,y,,,,,3,,1743,-153,-137,4,4,,6548896946718,
2026-08-17 23:18:39.500,pulse_batch,x,,,,,-3,,3700,6,39,0,77,,6548906907655,
2026-08-17 23:18:39.510,pulse_batch,y,,,,,3,,1746,-150,-134,4,4,,6548917352625,
2026-08-17 23:18:39.520,pulse_batch,x,,,,,-3,,3703,3,36,0,77,,6548927337377,
2026-08-17 23:18:39.532,pulse_batch,y,,,,,3,,1749,-147,-131,4,4,,6548939517648,
2026-08-17 23:18:39.543,pulse_batch,x,,,,,-3,,3706,0,33,0,77,,6548949877711,
2026-08-17 23:18:39.553,pulse_batch,y,,,,,3,,1752,-144,-128,4,4,,6548960042313,
2026-08-17 23:18:39.563,pulse_batch,x,,,,,-3,,3709,-3,30,0,77,,6548970489654,
2026-08-17 23:18:39.573,pulse_batch,y,,,,,3,,1755,-141,-125,4,4,,6548980453961,
2026-08-17 23:18:39.584,pulse_batch,x,,,,,-3,,3712,-6,27,0,77,,6548990918246,
2026-08-17 23:18:39.595,pulse_batch,y,,,,,3,,1758,-138,-122,4,4,,6549002564373,
2026-08-17 23:18:39.606,pulse_batch,x,,,,,-3,,3715,-9,24,0,77,,6549012834215,
2026-08-17 23:18:39.616,pulse_batch,y,,,,,3,,1761,-135,-119,4,4,,6549023316778,
2026-08-17 23:18:39.626,pulse_batch,x,,,,,-3,,3718,-12,21,0,77,,6549033399732,
2026-08-17 23:18:39.637,pulse_batch,y,,,,,3,,1764,-132,-116,4,4,,6549043837851,
2026-08-17 23:18:39.647,pulse_batch,x,,,,,-3,,3721,-15,18,0,77,,6549053844195,
2026-08-17 23:18:39.657,pulse_batch,y,,,,,3,,1767,-129,-113,4,4,,6549064279091,
2026-08-17 23:18:39.669,pulse_batch,x,,,,,-3,,3724,-18,15,0,77,,6549076183475,
2026-08-17 23:18:39.679,pulse_batch,y,,,,,3,,1770,-126,-110,4,4,,6549086463651,
2026-08-17 23:18:39.690,pulse_batch,x,,,,,-3,,3727,-21,12,0,77,,6549096684567,
2026-08-17 23:18:39.700,pulse_batch,y,,,,,3,,1773,-123,-107,4,4,,6549107071723,
2026-08-17 23:18:39.710,pulse_batch,x,,,,,-3,,3730,-24,9,0,77,,6549117093159,
2026-08-17 23:18:39.720,pulse_batch,y,,,,,3,,1776,-120,-104,4,4,,6549127570870,
2026-08-17 23:18:39.733,pulse_batch,x,,,,,-3,,3733,-27,6,0,77,,6549139673475,
2026-08-17 23:18:39.741,pulse_batch,y,,,,,3,,1779,-117,-101,4,4,,6549148135665,
2026-08-17 23:18:39.753,pulse_batch,x,,,,,-3,,3736,-30,3,0,77,,6549160248048,
2026-08-17 23:18:39.761,pulse_batch,y,,,,,3,,1782,-114,-98,4,4,,6549168634349,
2026-08-17 23:18:39.774,pulse_batch,x,,,,,-3,,3739,-33,0,0,77,,6549180672214,
2026-08-17 23:18:39.777,move_finish,x,,,1,,,,3739,-33,0,0,77,,6549184104908,
2026-08-17 23:18:39.782,pulse_batch,y,,,,,3,,1785,-111,-95,4,4,,6549189409883,
2026-08-17 23:18:39.803,pulse_batch,y,,,,,3,,1788,-108,-92,4,4,,6549210630265,
2026-08-17 23:18:39.827,pulse_batch,y,,,,,3,,1791,-105,-89,4,4,,6549234617458,
2026-08-17 23:18:39.848,pulse_batch,y,,,,,3,,1794,-102,-86,4,4,,6549255126661,
2026-08-17 23:18:39.869,pulse_batch,y,,,,,3,,1797,-99,-83,4,4,,6549275902454,
2026-08-17 23:18:39.891,pulse_batch,y,,,,,3,,1800,-96,-80,4,4,,6549297818868,
2026-08-17 23:18:39.911,pulse_batch,y,,,,,3,,1803,-93,-77,4,4,,6549318276127,
2026-08-17 23:18:39.932,pulse_batch,y,,,,,3,,1806,-90,-74,4,4,,6549339604323,
2026-08-17 23:18:39.953,pulse_batch,y,,,,,3,,1809,-87,-71,4,4,,6549360243728,
2026-08-17 23:18:39.974,pulse_batch,y,,,,,3,,1812,-84,-68,4,4,,6549380665950,
2026-08-17 23:18:39.995,pulse_batch,y,,,,,3,,1815,-81,-65,4,4,,6549402265940,
2026-08-17 23:18:40.016,pulse_batch,y,,,,,3,,1818,-78,-62,4,4,,6549422772458,
2026-08-17 23:18:40.036,pulse_batch,y,,,,,3,,1821,-75,-59,4,4,,6549443204847,
2026-08-17 23:18:40.057,pulse_batch,y,,,,,3,,1824,-72,-56,4,4,,6549463674198,
2026-08-17 23:18:40.077,pulse_batch,y,,,,,3,,1827,-69,-53,4,4,,6549484293456,
2026-08-17 23:18:40.098,pulse_batch,y,,,,,3,,1830,-66,-50,4,4,,6549504748882,
2026-08-17 23:18:40.118,pulse_batch,y,,,,,3,,1833,-63,-47,4,4,,6549525187974,
2026-08-17 23:18:40.140,pulse_batch,y,,,,,3,,1836,-60,-44,4,4,,6549547179869,
2026-08-17 23:18:40.161,pulse_batch,y,,,,,3,,1839,-57,-41,4,4,,6549567823922,
2026-08-17 23:18:40.181,pulse_batch,y,,,,,3,,1842,-54,-38,4,4,,6549588295052,
2026-08-17 23:18:40.202,pulse_batch,y,,,,,3,,1845,-51,-35,4,4,,6549609473656,
2026-08-17 23:18:40.223,pulse_batch,y,,,,,3,,1848,-48,-32,4,4,,6549630040711,
2026-08-17 23:18:40.244,pulse_batch,y,,,,,3,,1851,-45,-29,4,4,,6549650798912,
2026-08-17 23:18:40.265,pulse_batch,y,,,,,3,,1854,-42,-26,4,4,,6549671820870,
2026-08-17 23:18:40.286,pulse_batch,y,,,,,3,,1857,-39,-23,4,4,,6549692650478,
2026-08-17 23:18:40.306,pulse_batch,y,,,,,3,,1860,-36,-20,4,4,,6549713125255,
2026-08-17 23:18:40.327,pulse_batch,y,,,,,3,,1863,-33,-17,4,4,,6549734368656,
2026-08-17 23:18:40.349,pulse_batch,y,,,,,3,,1866,-30,-14,4,4,,6549756125034,
2026-08-17 23:18:40.370,pulse_batch,y,,,,,3,,1869,-27,-11,4,4,,6549776639292,
2026-08-17 23:18:40.390,pulse_batch,y,,,,,3,,1872,-24,-8,4,4,,6549797177384,
2026-08-17 23:18:40.412,pulse_batch,y,,,,,3,,1875,-21,-5,4,4,,6549819079001,
2026-08-17 23:18:40.432,pulse_batch,y,,,,,3,,1878,-18,-2,4,4,,6549839613093,
2026-08-17 23:18:40.450,pulse_batch,y,,,,,2,,1880,-16,0,4,4,,6549856929618,
2026-08-17 23:18:40.450,move_finish,y,,,1,,,,1880,-16,0,4,4,,6549857552039,
2026-08-17 23:18:40.856,target_finish,x,0,stored,,,,,,-33,0,0,77,0,,ok=True
2026-08-17 23:18:40.856,target_finish,y,0,stored,,,,,,-16,0,4,4,0,,ok=True
2026-08-17 23:20:08.613,target_start,x,1,stored,,,,,,-33,0,0,77,761,,
2026-08-17 23:20:08.613,target_start,y,1,stored,,,,,,-16,0,4,4,-38,,
2026-08-17 23:20:08.616,move_start,x,,,2,838,,1,3739,-33,0,0,77,,6638023214668,
2026-08-17 23:20:08.616,move_start,y,,,2,-42,,-1,1880,-16,0,4,4,,6638023352500,
2026-08-17 23:20:08.620,pulse_batch,x,,,,,1,,3740,-32,0,1,77,,6638026906659,
2026-08-17 23:20:08.620,pulse_batch,y,,,,,-1,,1881,-17,0,3,4,,6638027056603,
2026-08-17 23:20:08.641,pulse_batch,x,,,,,3,,3743,-29,0,4,77,,6638047676804,
2026-08-17 23:20:08.641,pulse_batch,y,,,,,-3,,1884,-20,0,0,4,,6638047843099,
2026-08-17 23:20:08.661,pulse_batch,x,,,,,3,,3746,-26,0,7,77,,6638068152636,
2026-08-17 23:20:08.661,pulse_batch,y,,,,,-3,,1887,-23,-3,0,4,,6638068353968,
2026-08-17 23:20:08.682,pulse_batch,x,,,,,3,,3749,-23,0,10,77,,6638088658412,
2026-08-17 23:20:08.682,pulse_batch,y,,,,,-3,,1890,-26,-6,0,4,,6638088877762,
2026-08-17 23:20:08.706,pulse_batch,y,,,,,-3,,1893,-29,-9,0,4,,6638112635718,
2026-08-17 23:20:08.706,pulse_batch,x,,,,,3,,3752,-20,0,13,77,,6638113076363,
2026-08-17 23:20:08.726,pulse_batch,y,,,,,-3,,1896,-32,-12,0,4,,6638133129568,
2026-08-17 23:20:08.726,pulse_batch,x,,,,,3,,3755,-17,0,16,77,,6638133496992,
2026-08-17 23:20:08.748,pulse_batch,y,,,,,-3,,1899,-35,-15,0,4,,6638155152333,
2026-08-17 23:20:08.748,pulse_batch,x,,,,,3,,3758,-14,0,19,77,,6638155261333,
2026-08-17 23:20:08.769,pulse_batch,x,,,,,3,,3761,-11,0,22,77,,6638175835479,
2026-08-17 23:20:08.771,pulse_batch,y,,,,,-3,,1902,-38,-18,0,4,,6638178435348,
2026-08-17 23:20:08.789,pulse_batch,x,,,,,3,,3764,-8,0,25,77,,6638196319162,
2026-08-17 23:20:08.792,pulse_batch,y,,,,,-3,,1905,-41,-21,0,4,,6638198931717,
2026-08-17 23:20:08.810,pulse_batch,x,,,,,3,,3767,-5,0,28,77,,6638216886234,
2026-08-17 23:20:08.812,pulse_batch,y,,,,,-3,,1908,-44,-24,0,4,,6638219450252,
2026-08-17 23:20:08.833,pulse_batch,y,,,,,-3,,1911,-47,-27,0,4,,6638240072250,
2026-08-17 23:20:08.833,pulse_batch,x,,,,,3,,3770,-2,0,31,77,,6638239963603,
2026-08-17 23:20:08.853,pulse_batch,y,,,,,-3,,1914,-50,-30,0,4,,6638260608952,
2026-08-17 23:20:08.854,pulse_batch,x,,,,,3,,3773,1,0,34,77,,6638260524304,
2026-08-17 23:20:08.874,pulse_batch,y,,,,,-3,,1917,-53,-33,0,4,,6638281119172,
2026-08-17 23:20:08.875,pulse_batch,x,,,,,3,,3776,4,0,37,77,,6638281831426,
2026-08-17 23:20:08.896,pulse_batch,x,,,,,3,,3779,7,0,40,77,,6638302433053,
2026-08-17 23:20:08.896,pulse_batch,y,,,,,-3,,1920,-56,-36,0,4,,6638302220703,
2026-08-17 23:20:08.912,pulse_batch,y,,,,,-2,,1922,-58,-38,0,4,,6638319288412,
2026-08-17 23:20:08.912,move_finish,y,,,2,,,,1922,-58,-38,0,4,,6638319665094,
2026-08-17 23:20:08.916,pulse_batch,x,,,,,3,,3782,10,0,43,77,,6638323003811,
2026-08-17 23:20:08.936,pulse_batch,x,,,,,3,,3785,13,0,46,77,,6638343469105,
2026-08-17 23:20:08.959,pulse_batch,x,,,,,3,,3788,16,0,49,77,,6638366460215,
2026-08-17 23:20:08.981,pulse_batch,x,,,,,3,,3791,19,0,52,77,,6638388012724,
2026-08-17 23:20:09.001,pulse_batch,x,,,,,3,,3794,22,0,55,77,,6638408560889,
2026-08-17 23:20:09.024,pulse_batch,x,,,,,3,,3797,25,0,58,77,,6638431358667,
2026-08-17 23:20:09.045,pulse_batch,x,,,,,3,,3800,28,0,61,77,,6638452431810,
2026-08-17 23:20:09.066,pulse_batch,x,,,,,3,,3803,31,0,64,77,,6638472954012,
2026-08-17 23:20:09.088,pulse_batch,x,,,,,3,,3806,34,0,67,77,,6638495536569,
2026-08-17 23:20:09.109,pulse_batch,x,,,,,3,,3809,37,0,70,77,,6638516169178,
2026-08-17 23:20:09.130,pulse_batch,x,,,,,3,,3812,40,0,73,77,,6638536755305,
2026-08-17 23:20:09.152,pulse_batch,x,,,,,3,,3815,43,0,76,77,,6638559395084,
2026-08-17 23:20:09.175,pulse_batch,x,,,,,3,,3818,46,2,77,77,,6638582372417,
2026-08-17 23:20:09.196,pulse_batch,x,,,,,3,,3821,49,5,77,77,,6638602845008,
2026-08-17 23:20:09.219,pulse_batch,x,,,,,3,,3824,52,8,77,77,,6638625735822,
2026-08-17 23:20:09.243,pulse_batch,x,,,,,3,,3827,55,11,77,77,,6638649866498,
2026-08-17 23:20:09.263,pulse_batch,x,,,,,3,,3830,58,14,77,77,,6638670382848,
2026-08-17 23:20:09.288,pulse_batch,x,,,,,3,,3833,61,17,77,77,,6638694806615,
2026-08-17 23:20:09.311,pulse_batch,x,,,,,3,,3836,64,20,77,77,,6638718485794,
2026-08-17 23:20:09.332,pulse_batch,x,,,,,3,,3839,67,23,77,77,,6638739023107,
2026-08-17 23:20:09.353,pulse_batch,x,,,,,3,,3842,70,26,77,77,,6638759643197,
2026-08-17 23:20:09.373,pulse_batch,x,,,,,3,,3845,73,29,77,77,,6638780324139,
2026-08-17 23:20:09.394,pulse_batch,x,,,,,3,,3848,76,32,77,77,,6638800843137,
2026-08-17 23:20:09.415,pulse_batch,x,,,,,3,,3851,79,35,77,77,,6638822055482,
2026-08-17 23:20:09.439,pulse_batch,x,,,,,3,,3854,82,38,77,77,,6638846607377,
2026-08-17 23:20:09.460,pulse_batch,x,,,,,3,,3857,85,41,77,77,,6638867053469,
2026-08-17 23:20:09.481,pulse_batch,x,,,,,3,,3860,88,44,77,77,,6638888427590,
2026-08-17 23:20:09.502,pulse_batch,x,,,,,3,,3863,91,47,77,77,,6638909160846,
2026-08-17 23:20:09.523,pulse_batch,x,,,,,3,,3866,94,50,77,77,,6638929845214,
2026-08-17 23:20:09.543,pulse_batch,x,,,,,3,,3869,97,53,77,77,,6638950385897,
2026-08-17 23:20:09.568,pulse_batch,x,,,,,3,,3872,100,56,77,77,,6638974997236,
2026-08-17 23:20:09.588,pulse_batch,x,,,,,3,,3875,103,59,77,77,,6638995446476,
2026-08-17 23:20:09.609,pulse_batch,x,,,,,3,,3878,106,62,77,77,,6639015994196,
2026-08-17 23:20:09.630,pulse_batch,x,,,,,3,,3881,109,65,77,77,,6639037055617,
2026-08-17 23:20:09.651,pulse_batch,x,,,,,3,,3884,112,68,77,77,,6639057636892,
2026-08-17 23:20:09.671,pulse_batch,x,,,,,3,,3887,115,71,77,77,,6639078114928,
2026-08-17 23:20:09.692,pulse_batch,x,,,,,3,,3890,118,74,77,77,,6639098701371,
2026-08-17 23:20:09.712,pulse_batch,x,,,,,3,,3893,121,77,77,77,,6639119458164,
2026-08-17 23:20:09.733,pulse_batch,x,,,,,3,,3896,124,80,77,77,,6639139961218,
2026-08-17 23:20:09.755,pulse_batch,x,,,,,3,,3899,127,83,77,77,,6639162130297,
2026-08-17 23:20:09.776,pulse_batch,x,,,,,3,,3902,130,86,77,77,,6639182736979,
2026-08-17 23:20:09.796,pulse_batch,x,,,,,3,,3905,133,89,77,77,,6639203202182,
2026-08-17 23:20:09.817,pulse_batch,x,,,,,3,,3908,136,92,77,77,,6639223737088,
2026-08-17 23:20:09.837,pulse_batch,x,,,,,3,,3911,139,95,77,77,,6639244383530,
2026-08-17 23:20:09.858,pulse_batch,x,,,,,3,,3914,142,98,77,77,,6639264923917,
2026-08-17 23:20:09.880,pulse_batch,x,,,,,3,,3917,145,101,77,77,,6639286661628,
2026-08-17 23:20:09.900,pulse_batch,x,,,,,3,,3920,148,104,77,77,,6639307382903,
2026-08-17 23:20:09.921,pulse_batch,x,,,,,3,,3923,151,107,77,77,,6639327860087,
2026-08-17 23:20:09.941,pulse_batch,x,,,,,3,,3926,154,110,77,77,,6639348543121,
2026-08-17 23:20:09.964,pulse_batch,x,,,,,3,,3929,157,113,77,77,,6639370665515,
2026-08-17 23:20:09.984,pulse_batch,x,,,,,3,,3932,160,116,77,77,,6639391532770,
2026-08-17 23:20:10.005,pulse_batch,x,,,,,3,,3935,163,119,77,77,,6639412112916,
2026-08-17 23:20:10.027,pulse_batch,x,,,,,3,,3938,166,122,77,77,,6639434181163,
2026-08-17 23:20:10.048,pulse_batch,x,,,,,3,,3941,169,125,77,77,,6639454942215,
2026-08-17 23:20:10.068,pulse_batch,x,,,,,3,,3944,172,128,77,77,,6639475433529,
2026-08-17 23:20:10.089,pulse_batch,x,,,,,3,,3947,175,131,77,77,,6639496025397,
2026-08-17 23:20:10.110,pulse_batch,x,,,,,3,,3950,178,134,77,77,,6639516687339,
2026-08-17 23:20:10.130,pulse_batch,x,,,,,3,,3953,181,137,77,77,,6639537155653,
2026-08-17 23:20:10.153,pulse_batch,x,,,,,3,,3956,184,140,77,77,,6639559622786,
2026-08-17 23:20:10.173,pulse_batch,x,,,,,3,,3959,187,143,77,77,,6639580221932,
2026-08-17 23:20:10.194,pulse_batch,x,,,,,3,,3962,190,146,77,77,,6639600672523,
2026-08-17 23:20:10.216,pulse_batch,x,,,,,3,,3965,193,149,77,77,,6639623466746,
2026-08-17 23:20:10.238,pulse_batch,x,,,,,3,,3968,196,152,77,77,,6639645060867,
2026-08-17 23:20:10.258,pulse_batch,x,,,,,3,,3971,199,155,77,77,,6639665627605,
2026-08-17 23:20:10.279,pulse_batch,x,,,,,3,,3974,202,158,77,77,,6639686182252,
2026-08-17 23:20:10.301,pulse_batch,x,,,,,3,,3977,205,161,77,77,,6639708112388,
2026-08-17 23:20:10.322,pulse_batch,x,,,,,3,,3980,208,164,77,77,,6639728680609,
2026-08-17 23:20:10.342,pulse_batch,x,,,,,3,,3983,211,167,77,77,,6639749280866,
2026-08-17 23:20:10.365,pulse_batch,x,,,,,3,,3986,214,170,77,77,,6639771598259,
2026-08-17 23:20:10.386,pulse_batch,x,,,,,3,,3989,217,173,77,77,,6639793385970,
2026-08-17 23:20:10.407,pulse_batch,x,,,,,3,,3992,220,176,77,77,,6639813903784,
2026-08-17 23:20:10.429,pulse_batch,x,,,,,3,,3995,223,179,77,77,,6639836079067,
2026-08-17 23:20:10.450,pulse_batch,x,,,,,3,,3998,226,182,77,77,,6639857273486,
2026-08-17 23:20:10.471,pulse_batch,x,,,,,3,,4001,229,185,77,77,,6639877789429,
2026-08-17 23:20:10.493,pulse_batch,x,,,,,3,,4004,232,188,77,77,,6639900191433,
2026-08-17 23:20:10.514,pulse_batch,x,,,,,3,,4007,235,191,77,77,,6639920965707,
2026-08-17 23:20:10.535,pulse_batch,x,,,,,3,,4010,238,194,77,77,,6639941928128,
2026-08-17 23:20:10.557,pulse_batch,x,,,,,3,,4013,241,197,77,77,,6639964053337,
2026-08-17 23:20:10.578,pulse_batch,x,,,,,3,,4016,244,200,77,77,,6639984708391,
2026-08-17 23:20:10.598,pulse_batch,x,,,,,3,,4019,247,203,77,77,,6640005235241,
2026-08-17 23:20:10.621,pulse_batch,x,,,,,3,,4022,250,206,77,77,,6640027716151,
2026-08-17 23:20:10.643,pulse_batch,x,,,,,3,,4025,253,209,77,77,,6640049795435,
2026-08-17 23:20:10.663,pulse_batch,x,,,,,3,,4028,256,212,77,77,,6640070262934,
2026-08-17 23:20:10.686,pulse_batch,x,,,,,3,,4031,259,215,77,77,,6640092959676,
2026-08-17 23:20:10.707,pulse_batch,x,,,,,3,,4034,262,218,77,77,,6640113674080,
2026-08-17 23:20:10.727,pulse_batch,x,,,,,3,,4037,265,221,77,77,,6640134215227,
2026-08-17 23:20:10.748,pulse_batch,x,,,,,3,,4040,268,224,77,77,,6640154747021,
2026-08-17 23:20:10.769,pulse_batch,x,,,,,3,,4043,271,227,77,77,,6640176095273,
2026-08-17 23:20:10.789,pulse_batch,x,,,,,3,,4046,274,230,77,77,,6640196553087,
2026-08-17 23:20:10.812,pulse_batch,x,,,,,3,,4049,277,233,77,77,,6640218916665,
2026-08-17 23:20:10.836,pulse_batch,x,,,,,3,,4052,280,236,77,77,,6640243070044,
2026-08-17 23:20:10.857,pulse_batch,x,,,,,3,,4055,283,239,77,77,,6640263675357,
2026-08-17 23:20:10.877,pulse_batch,x,,,,,3,,4058,286,242,77,77,,6640284295836,
2026-08-17 23:20:10.899,pulse_batch,x,,,,,3,,4061,289,245,77,77,,6640305800161,
2026-08-17 23:20:10.919,pulse_batch,x,,,,,3,,4064,292,248,77,77,,6640326295808,
2026-08-17 23:20:10.940,pulse_batch,x,,,,,3,,4067,295,251,77,77,,6640346743548,
2026-08-17 23:20:10.962,pulse_batch,x,,,,,3,,4070,298,254,77,77,,6640369271384,
2026-08-17 23:20:10.983,pulse_batch,x,,,,,3,,4073,301,257,77,77,,6640389765660,
2026-08-17 23:20:11.005,pulse_batch,x,,,,,3,,4076,304,260,77,77,,6640412058461,
2026-08-17 23:20:11.029,pulse_batch,x,,,,,3,,4079,307,263,77,77,,6640435566789,
2026-08-17 23:20:11.049,pulse_batch,x,,,,,3,,4082,310,266,77,77,,6640456176213,
2026-08-17 23:20:11.069,pulse_batch,x,,,,,3,,4085,313,269,77,77,,6640476595509,
2026-08-17 23:20:11.092,pulse_batch,x,,,,,3,,4088,316,272,77,77,,6640498780255,
2026-08-17 23:20:11.112,pulse_batch,x,,,,,3,,4091,319,275,77,77,,6640519357939,
2026-08-17 23:20:11.133,pulse_batch,x,,,,,3,,4094,322,278,77,77,,6640539797068,
2026-08-17 23:20:11.156,pulse_batch,x,,,,,3,,4097,325,281,77,77,,6640563002732,
2026-08-17 23:20:11.176,pulse_batch,x,,,,,3,,4100,328,284,77,77,,6640583466009,
2026-08-17 23:20:11.197,pulse_batch,x,,,,,3,,4103,331,287,77,77,,6640603876749,
2026-08-17 23:20:11.218,pulse_batch,x,,,,,3,,4106,334,290,77,77,,6640624730097,
2026-08-17 23:20:11.238,pulse_batch,x,,,,,3,,4109,337,293,77,77,,6640645202596,
2026-08-17 23:20:11.259,pulse_batch,x,,,,,3,,4112,340,296,77,77,,6640665684151,
2026-08-17 23:20:11.279,pulse_batch,x,,,,,3,,4115,343,299,77,77,,6640686157724,
2026-08-17 23:20:11.300,pulse_batch,x,,,,,3,,4118,346,302,77,77,,6640706767185,
2026-08-17 23:20:11.320,pulse_batch,x,,,,,3,,4121,349,305,77,77,,6640727250999,
2026-08-17 23:20:11.341,pulse_batch,x,,,,,3,,4124,352,308,77,77,,6640747707221,
2026-08-17 23:20:11.362,pulse_batch,x,,,,,3,,4127,355,311,77,77,,6640769261712,
2026-08-17 23:20:11.383,pulse_batch,x,,,,,3,,4130,358,314,77,77,,6640789766692,
2026-08-17 23:20:11.404,pulse_batch,x,,,,,3,,4133,361,317,77,77,,6640811500275,
2026-08-17 23:20:11.427,pulse_batch,x,,,,,3,,4136,364,320,77,77,,6640834435645,
2026-08-17 23:20:11.450,pulse_batch,x,,,,,3,,4139,367,323,77,77,,6640857204442,
2026-08-17 23:20:11.470,pulse_batch,x,,,,,3,,4142,370,326,77,77,,6640877630071,
2026-08-17 23:20:11.492,pulse_batch,x,,,,,3,,4145,373,329,77,77,,6640898752102,
2026-08-17 23:20:11.512,pulse_batch,x,,,,,3,,4148,376,332,77,77,,6640919234953,
2026-08-17 23:20:11.532,pulse_batch,x,,,,,3,,4151,379,335,77,77,,6640939632064,
2026-08-17 23:20:11.553,pulse_batch,x,,,,,3,,4154,382,338,77,77,,6640960452172,
2026-08-17 23:20:11.574,pulse_batch,x,,,,,3,,4157,385,341,77,77,,6640980907874,
2026-08-17 23:20:11.594,pulse_batch,x,,,,,3,,4160,388,344,77,77,,6641001331226,
2026-08-17 23:20:11.615,pulse_batch,x,,,,,3,,4163,391,347,77,77,,6641022088297,
2026-08-17 23:20:11.636,pulse_batch,x,,,,,3,,4166,394,350,77,77,,6641042657314,
2026-08-17 23:20:11.656,pulse_batch,x,,,,,3,,4169,397,353,77,77,,6641063134794,
2026-08-17 23:20:11.676,pulse_batch,x,,,,,3,,4172,400,356,77,77,,6641083592960,
2026-08-17 23:20:11.697,pulse_batch,x,,,,,3,,4175,403,359,77,77,,6641104189773,
2026-08-17 23:20:11.718,pulse_batch,x,,,,,3,,4178,406,362,77,77,,6641124650698,
2026-08-17 23:20:11.738,pulse_batch,x,,,,,3,,4181,409,365,77,77,,6641145078864,
2026-08-17 23:20:11.759,pulse_batch,x,,,,,3,,4184,412,368,77,77,,6641166425024,
2026-08-17 23:20:11.780,pulse_batch,x,,,,,3,,4187,415,371,77,77,,6641186959596,
2026-08-17 23:20:11.800,pulse_batch,x,,,,,3,,4190,418,374,77,77,,6641207360652,
2026-08-17 23:20:11.822,pulse_batch,x,,,,,3,,4193,421,377,77,77,,6641229025198,
2026-08-17 23:20:11.842,pulse_batch,x,,,,,3,,4196,424,380,77,77,,6641249529456,
2026-08-17 23:20:11.863,pulse_batch,x,,,,,3,,4199,427,383,77,77,,6641269979233,
2026-08-17 23:20:11.885,pulse_batch,x,,,,,3,,4202,430,386,77,77,,6641292324533,
2026-08-17 23:20:11.906,pulse_batch,x,,,,,3,,4205,433,389,77,77,,6641312859365,
2026-08-17 23:20:11.926,pulse_batch,x,,,,,3,,4208,436,392,77,77,,6641333322179,
2026-08-17 23:20:11.949,pulse_batch,x,,,,,3,,4211,439,395,77,77,,6641356100365,
2026-08-17 23:20:11.970,pulse_batch,x,,,,,3,,4214,442,398,77,77,,6641376738233,
2026-08-17 23:20:11.990,pulse_batch,x,,,,,3,,4217,445,401,77,77,,6641397222603,
2026-08-17 23:20:12.011,pulse_batch,x,,,,,3,,4220,448,404,77,77,,6641417705083,
2026-08-17 23:20:12.032,pulse_batch,x,,,,,3,,4223,451,407,77,77,,6641439305148,
2026-08-17 23:20:12.053,pulse_batch,x,,,,,3,,4226,454,410,77,77,,6641459749666,
2026-08-17 23:20:12.073,pulse_batch,x,,,,,3,,4229,457,413,77,77,,6641480188258,
2026-08-17 23:20:12.095,pulse_batch,x,,,,,3,,4232,460,416,77,77,,6641502543929,
2026-08-17 23:20:12.116,pulse_batch,x,,,,,3,,4235,463,419,77,77,,6641523019614,
2026-08-17 23:20:12.137,pulse_batch,x,,,,,3,,4238,466,422,77,77,,6641543653241,
2026-08-17 23:20:12.159,pulse_batch,x,,,,,3,,4241,469,425,77,77,,6641566603556,
2026-08-17 23:20:12.182,pulse_batch,x,,,,,3,,4244,472,428,77,77,,6641589256928,
2026-08-17 23:20:12.203,pulse_batch,x,,,,,3,,4247,475,431,77,77,,6641610054370,
2026-08-17 23:20:12.224,pulse_batch,x,,,,,3,,4250,478,434,77,77,,6641630930236,
2026-08-17 23:20:12.247,pulse_batch,x,,,,,3,,4253,481,437,77,77,,6641653768644,
2026-08-17 23:20:12.267,pulse_batch,x,,,,,3,,4256,484,440,77,77,,6641674281069,
2026-08-17 23:20:12.290,pulse_batch,x,,,,,3,,4259,487,443,77,77,,6641697399179,
2026-08-17 23:20:12.311,pulse_batch,x,,,,,3,,4262,490,446,77,77,,6641717993862,
2026-08-17 23:20:12.331,pulse_batch,x,,,,,3,,4265,493,449,77,77,,6641738426899,
2026-08-17 23:20:12.352,pulse_batch,x,,,,,3,,4268,496,452,77,77,,6641759376247,
2026-08-17 23:20:12.373,pulse_batch,x,,,,,3,,4271,499,455,77,77,,6641780018948,
2026-08-17 23:20:12.393,pulse_batch,x,,,,,3,,4274,502,458,77,77,,6641800438652,
2026-08-17 23:20:12.416,pulse_batch,x,,,,,3,,4277,505,461,77,77,,6641822529213,
2026-08-17 23:20:12.436,pulse_batch,x,,,,,3,,4280,508,464,77,77,,6641843235600,
2026-08-17 23:20:12.457,pulse_batch,x,,,,,3,,4283,511,467,77,77,,6641863718025,
2026-08-17 23:20:12.477,pulse_batch,x,,,,,3,,4286,514,470,77,77,,6641884205561,
2026-08-17 23:20:12.499,pulse_batch,x,,,,,3,,4289,517,473,77,77,,6641906616583,
2026-08-17 23:20:12.520,pulse_batch,x,,,,,3,,4292,520,476,77,77,,6641927134693,
2026-08-17 23:20:12.540,pulse_batch,x,,,,,3,,4295,523,479,77,77,,6641947598341,
2026-08-17 23:20:12.562,pulse_batch,x,,,,,3,,4298,526,482,77,77,,6641969633014,
2026-08-17 23:20:12.583,pulse_batch,x,,,,,3,,4301,529,485,77,77,,6641990140717,
2026-08-17 23:20:12.605,pulse_batch,x,,,,,3,,4304,532,488,77,77,,6642012078150,
2026-08-17 23:20:12.627,pulse_batch,x,,,,,3,,4307,535,491,77,77,,6642033656456,
2026-08-17 23:20:12.647,pulse_batch,x,,,,,3,,4310,538,494,77,77,,6642054184307,
2026-08-17 23:20:12.668,pulse_batch,x,,,,,3,,4313,541,497,77,77,,6642074638195,
2026-08-17 23:20:12.690,pulse_batch,x,,,,,3,,4316,544,500,77,77,,6642096969940,
2026-08-17 23:20:12.710,pulse_batch,x,,,,,3,,4319,547,503,77,77,,6642117501994,
2026-08-17 23:20:12.731,pulse_batch,x,,,,,3,,4322,550,506,77,77,,6642137945049,
2026-08-17 23:20:12.753,pulse_batch,x,,,,,3,,4325,553,509,77,77,,6642160157517,
2026-08-17 23:20:12.774,pulse_batch,x,,,,,3,,4328,556,512,77,77,,6642180721275,
2026-08-17 23:20:12.794,pulse_batch,x,,,,,3,,4331,559,515,77,77,,6642201137071,
2026-08-17 23:20:12.817,pulse_batch,x,,,,,3,,4334,562,518,77,77,,6642223927313,
2026-08-17 23:20:12.837,pulse_batch,x,,,,,3,,4337,565,521,77,77,,6642244522422,
2026-08-17 23:20:12.858,pulse_batch,x,,,,,3,,4340,568,524,77,77,,6642264969477,
2026-08-17 23:20:12.878,pulse_batch,x,,,,,3,,4343,571,527,77,77,,6642285469495,
2026-08-17 23:20:12.900,pulse_batch,x,,,,,3,,4346,574,530,77,77,,6642307276614,
2026-08-17 23:20:12.921,pulse_batch,x,,,,,3,,4349,577,533,77,77,,6642327734299,
2026-08-17 23:20:12.941,pulse_batch,x,,,,,3,,4352,580,536,77,77,,6642348189280,
2026-08-17 23:20:12.965,pulse_batch,x,,,,,3,,4355,583,539,77,77,,6642372420270,
2026-08-17 23:20:12.986,pulse_batch,x,,,,,3,,4358,586,542,77,77,,6642392948713,
2026-08-17 23:20:13.006,pulse_batch,x,,,,,3,,4361,589,545,77,77,,6642413428676,
2026-08-17 23:20:13.027,pulse_batch,x,,,,,3,,4364,592,548,77,77,,6642433968082,
2026-08-17 23:20:13.047,pulse_batch,x,,,,,3,,4367,595,551,77,77,,6642454495618,
2026-08-17 23:20:13.068,pulse_batch,x,,,,,3,,4370,598,554,77,77,,6642474945599,
2026-08-17 23:20:13.090,pulse_batch,x,,,,,3,,4373,601,557,77,77,,6642496826496,
2026-08-17 23:20:13.110,pulse_batch,x,,,,,3,,4376,604,560,77,77,,6642517387291,
2026-08-17 23:20:13.131,pulse_batch,x,,,,,3,,4379,607,563,77,77,,6642537819772,
2026-08-17 23:20:13.151,pulse_batch,x,,,,,3,,4382,610,566,77,77,,6642558372364,
2026-08-17 23:20:13.172,pulse_batch,x,,,,,3,,4385,613,569,77,77,,6642578957899,
2026-08-17 23:20:13.192,pulse_batch,x,,,,,3,,4388,616,572,77,77,,6642599449565,
2026-08-17 23:20:13.213,pulse_batch,x,,,,,3,,4391,619,575,77,77,,6642620203415,
2026-08-17 23:20:13.234,pulse_batch,x,,,,,3,,4394,622,578,77,77,,6642641138281,
2026-08-17 23:20:13.254,pulse_batch,x,,,,,3,,4397,625,581,77,77,,6642661602818,
2026-08-17 23:20:13.275,pulse_batch,x,,,,,3,,4400,628,584,77,77,,6642682083447,
2026-08-17 23:20:13.295,pulse_batch,x,,,,,3,,4403,631,587,77,77,,6642702590631,
2026-08-17 23:20:13.316,pulse_batch,x,,,,,3,,4406,634,590,77,77,,6642723220537,
2026-08-17 23:20:13.337,pulse_batch,x,,,,,3,,4409,637,593,77,77,,6642743676110,
2026-08-17 23:20:13.357,pulse_batch,x,,,,,3,,4412,640,596,77,77,,6642764300331,
2026-08-17 23:20:13.378,pulse_batch,x,,,,,3,,4415,643,599,77,77,,6642784823960,
2026-08-17 23:20:13.398,pulse_batch,x,,,,,3,,4418,646,602,77,77,,6642805212497,
2026-08-17 23:20:13.420,pulse_batch,x,,,,,3,,4421,649,605,77,77,,6642827320836,
2026-08-17 23:20:13.441,pulse_batch,x,,,,,3,,4424,652,608,77,77,,6642848461609,
2026-08-17 23:20:13.462,pulse_batch,x,,,,,3,,4427,655,611,77,77,,6642868910349,
2026-08-17 23:20:13.485,pulse_batch,x,,,,,3,,4430,658,614,77,77,,6642892233068,
2026-08-17 23:20:13.506,pulse_batch,x,,,,,3,,4433,661,617,77,77,,6642912872678,
2026-08-17 23:20:13.526,pulse_batch,x,,,,,3,,4436,664,620,77,77,,6642933348288,
2026-08-17 23:20:13.547,pulse_batch,x,,,,,3,,4439,667,623,77,77,,6642954153822,
2026-08-17 23:20:13.569,pulse_batch,x,,,,,3,,4442,670,626,77,77,,6642975827721,
2026-08-17 23:20:13.589,pulse_batch,x,,,,,3,,4445,673,629,77,77,,6642996336423,
2026-08-17 23:20:13.610,pulse_batch,x,,,,,3,,4448,676,632,77,77,,6643016834830,
2026-08-17 23:20:13.631,pulse_batch,x,,,,,3,,4451,679,635,77,77,,6643037915214,
2026-08-17 23:20:13.651,pulse_batch,x,,,,,3,,4454,682,638,77,77,,6643058439935,
2026-08-17 23:20:13.672,pulse_batch,x,,,,,3,,4457,685,641,77,77,,6643078973008,
2026-08-17 23:20:13.694,pulse_batch,x,,,,,3,,4460,688,644,77,77,,6643100962126,
2026-08-17 23:20:13.715,pulse_batch,x,,,,,3,,4463,691,647,77,77,,6643121668198,
2026-08-17 23:20:13.735,pulse_batch,x,,,,,3,,4466,694,650,77,77,,6643142104439,
2026-08-17 23:20:13.756,pulse_batch,x,,,,,3,,4469,697,653,77,77,,6643162683474,
2026-08-17 23:20:13.776,pulse_batch,x,,,,,3,,4472,700,656,77,77,,6643183225381,
2026-08-17 23:20:13.797,pulse_batch,x,,,,,3,,4475,703,659,77,77,,6643203682047,
2026-08-17 23:20:13.818,pulse_batch,x,,,,,3,,4478,706,662,77,77,,6643224716413,
2026-08-17 23:20:13.839,pulse_batch,x,,,,,3,,4481,709,665,77,77,,6643246418829,
2026-08-17 23:20:13.860,pulse_batch,x,,,,,3,,4484,712,668,77,77,,6643266844644,
2026-08-17 23:20:13.880,pulse_batch,x,,,,,3,,4487,715,671,77,77,,6643287524642,
2026-08-17 23:20:13.902,pulse_batch,x,,,,,3,,4490,718,674,77,77,,6643309525945,
2026-08-17 23:20:13.923,pulse_batch,x,,,,,3,,4493,721,677,77,77,,6643329984445,
2026-08-17 23:20:13.943,pulse_batch,x,,,,,3,,4496,724,680,77,77,,6643350457962,
2026-08-17 23:20:13.964,pulse_batch,x,,,,,3,,4499,727,683,77,77,,6643371285959,
2026-08-17 23:20:13.985,pulse_batch,x,,,,,3,,4502,730,686,77,77,,6643391830366,
2026-08-17 23:20:14.005,pulse_batch,x,,,,,3,,4505,733,689,77,77,,6643412335457,
2026-08-17 23:20:14.027,pulse_batch,x,,,,,3,,4508,736,692,77,77,,6643434322187,
2026-08-17 23:20:14.050,pulse_batch,x,,,,,3,,4511,739,695,77,77,,6643457211373,
2026-08-17 23:20:14.071,pulse_batch,x,,,,,3,,4514,742,698,77,77,,6643477609688,
2026-08-17 23:20:14.091,pulse_batch,x,,,,,3,,4517,745,701,77,77,,6643498240964,
2026-08-17 23:20:14.113,pulse_batch,x,,,,,3,,4520,748,704,77,77,,6643519807419,
2026-08-17 23:20:14.133,pulse_batch,x,,,,,3,,4523,751,707,77,77,,6643540208604,
2026-08-17 23:20:14.154,pulse_batch,x,,,,,3,,4526,754,710,77,77,,6643561414765,
2026-08-17 23:20:14.175,pulse_batch,x,,,,,3,,4529,757,713,77,77,,6643581963060,
2026-08-17 23:20:14.196,pulse_batch,x,,,,,3,,4532,760,716,77,77,,6643602872020,
2026-08-17 23:20:14.219,pulse_batch,x,,,,,3,,4535,763,719,77,77,,6643624726232,
2026-08-17 23:20:14.238,pulse_batch,x,,,,,3,,4538,766,722,77,77,,6643645309416,
2026-08-17 23:20:14.259,pulse_batch,x,,,,,3,,4541,769,725,77,77,,6643665754804,
2026-08-17 23:20:14.280,pulse_batch,x,,,,,3,,4544,772,728,77,77,,6643686873373,
2026-08-17 23:20:14.302,pulse_batch,x,,,,,3,,4547,775,731,77,77,,6643708740937,
2026-08-17 23:20:14.322,pulse_batch,x,,,,,3,,4550,778,734,77,77,,6643729198659,
2026-08-17 23:20:14.342,pulse_batch,x,,,,,3,,4553,781,737,77,77,,6643749628881,
2026-08-17 23:20:14.365,pulse_batch,x,,,,,3,,4556,784,740,77,77,,6643771953867,
2026-08-17 23:20:14.385,pulse_batch,x,,,,,3,,4559,787,743,77,77,,6643792450515,
2026-08-17 23:20:14.406,pulse_batch,x,,,,,3,,4562,790,746,77,77,,6643812903126,
2026-08-17 23:20:14.428,pulse_batch,x,,,,,3,,4565,793,749,77,77,,6643835165427,
2026-08-17 23:20:14.449,pulse_batch,x,,,,,3,,4568,796,752,77,77,,6643855813092,
2026-08-17 23:20:14.469,pulse_batch,x,,,,,3,,4571,799,755,77,77,,6643876240851,
2026-08-17 23:20:14.492,pulse_batch,x,,,,,3,,4574,802,758,77,77,,6643898947020,
2026-08-17 23:20:14.515,pulse_batch,x,,,,,3,,4577,805,761,77,77,,6643921760206,
2026-08-17 23:20:14.518,move_finish,x,,,2,,,,4577,805,761,77,77,,6643925184293,
2026-08-17 23:20:14.943,target_finish,x,1,stored,,,,,,805,761,77,77,761,,ok=True
2026-08-17 23:20:14.943,target_finish,y,1,stored,,,,,,-58,-38,0,4,-38,,ok=True
2026-08-17 23:20:23.424,target_start,x,2,stored,,,,,,805,761,77,77,1190,,
2026-08-17 23:20:23.424,target_start,y,2,stored,,,,,,-58,-38,0,4,-34,,
2026-08-17 23:20:23.427,move_start,x,,,3,429,,1,4577,805,761,77,77,,6652834143068,
2026-08-17 23:20:23.427,move_start,y,,,3,8,,1,1922,-58,-38,0,4,,6652834051105,
2026-08-17 23:20:23.431,pulse_batch,y,,,,,1,,1923,-57,-38,1,4,,6652838013799,
2026-08-17 23:20:23.431,pulse_batch,x,,,,,1,,4578,806,762,77,77,,6652838054095,
2026-08-17 23:20:23.452,pulse_batch,y,,,,,3,,1926,-54,-38,4,4,,6652858824409,
2026-08-17 23:20:23.452,pulse_batch,x,,,,,3,,4581,809,765,77,77,,6652859032389,
2026-08-17 23:20:23.472,pulse_batch,y,,,,,3,,1929,-51,-35,4,4,,6652879256892,
2026-08-17 23:20:23.472,pulse_batch,x,,,,,3,,4584,812,768,77,77,,6652879471798,
2026-08-17 23:20:23.485,pulse_batch,y,,,,,1,,1930,-50,-34,4,4,,6652892266891,
2026-08-17 23:20:23.486,move_finish,y,,,3,,,,1930,-50,-34,4,4,,6652892755295,
2026-08-17 23:20:23.500,pulse_batch,x,,,,,3,,4587,815,771,77,77,,6652905598018,
2026-08-17 23:20:23.520,pulse_batch,x,,,,,3,,4590,818,774,77,77,,6652927360565,
2026-08-17 23:20:23.541,pulse_batch,x,,,,,3,,4593,821,777,77,77,,6652947812363,
2026-08-17 23:20:23.564,pulse_batch,x,,,,,3,,4596,824,780,77,77,,6652971612007,
2026-08-17 23:20:23.585,pulse_batch,x,,,,,3,,4599,827,783,77,77,,6652992148786,
2026-08-17 23:20:23.606,pulse_batch,x,,,,,3,,4602,830,786,77,77,,6653012971358,
2026-08-17 23:20:23.626,pulse_batch,x,,,,,3,,4605,833,789,77,77,,6653033517507,
2026-08-17 23:20:23.647,pulse_batch,x,,,,,3,,4608,836,792,77,77,,6653054128248,
2026-08-17 23:20:23.667,pulse_batch,x,,,,,3,,4611,839,795,77,77,,6653074625860,
2026-08-17 23:20:23.688,pulse_batch,x,,,,,3,,4614,842,798,77,77,,6653095109528,
2026-08-17 23:20:23.709,pulse_batch,x,,,,,3,,4617,845,801,77,77,,6653115967730,
2026-08-17 23:20:23.729,pulse_batch,x,,,,,3,,4620,848,804,77,77,,6653136474009,
2026-08-17 23:20:23.750,pulse_batch,x,,,,,3,,4623,851,807,77,77,,6653157006547,
2026-08-17 23:20:23.773,pulse_batch,x,,,,,3,,4626,854,810,77,77,,6653180566248,
2026-08-17 23:20:23.794,pulse_batch,x,,,,,3,,4629,857,813,77,77,,6653201191082,
2026-08-17 23:20:23.815,pulse_batch,x,,,,,3,,4632,860,816,77,77,,6653222497299,
2026-08-17 23:20:23.836,pulse_batch,x,,,,,3,,4635,863,819,77,77,,6653243356890,
2026-08-17 23:20:23.857,pulse_batch,x,,,,,3,,4638,866,822,77,77,,6653263949076,
2026-08-17 23:20:23.877,pulse_batch,x,,,,,3,,4641,869,825,77,77,,6653284424022,
2026-08-17 23:20:23.900,pulse_batch,x,,,,,3,,4644,872,828,77,77,,6653306669603,
2026-08-17 23:20:23.920,pulse_batch,x,,,,,3,,4647,875,831,77,77,,6653327198363,
2026-08-17 23:20:23.941,pulse_batch,x,,,,,3,,4650,878,834,77,77,,6653347673568,
2026-08-17 23:20:23.963,pulse_batch,x,,,,,3,,4653,881,837,77,77,,6653370217165,
2026-08-17 23:20:23.985,pulse_batch,x,,,,,3,,4656,884,840,77,77,,6653391898843,
2026-08-17 23:20:24.005,pulse_batch,x,,,,,3,,4659,887,843,77,77,,6653412440084,
2026-08-17 23:20:24.026,pulse_batch,x,,,,,3,,4662,890,846,77,77,,6653432973215,
2026-08-17 23:20:24.048,pulse_batch,x,,,,,3,,4665,893,849,77,77,,6653455053279,
2026-08-17 23:20:24.069,pulse_batch,x,,,,,3,,4668,896,852,77,77,,6653475717946,
2026-08-17 23:20:24.089,pulse_batch,x,,,,,3,,4671,899,855,77,77,,6653496391223,
2026-08-17 23:20:24.110,pulse_batch,x,,,,,3,,4674,902,858,77,77,,6653517038520,
2026-08-17 23:20:24.130,pulse_batch,x,,,,,3,,4677,905,861,77,77,,6653537562576,
2026-08-17 23:20:24.151,pulse_batch,x,,,,,3,,4680,908,864,77,77,,6653558325483,
2026-08-17 23:20:24.172,pulse_batch,x,,,,,3,,4683,911,867,77,77,,6653579291611,
2026-08-17 23:20:24.193,pulse_batch,x,,,,,3,,4686,914,870,77,77,,6653599939407,
2026-08-17 23:20:24.213,pulse_batch,x,,,,,3,,4689,917,873,77,77,,6653620413112,
2026-08-17 23:20:24.236,pulse_batch,x,,,,,3,,4692,920,876,77,77,,6653643134949,
2026-08-17 23:20:24.257,pulse_batch,x,,,,,3,,4695,923,879,77,77,,6653663734191,
2026-08-17 23:20:24.277,pulse_batch,x,,,,,3,,4698,926,882,77,77,,6653684213025,
2026-08-17 23:20:24.299,pulse_batch,x,,,,,3,,4701,929,885,77,77,,6653706217664,
2026-08-17 23:20:24.323,pulse_batch,x,,,,,3,,4704,932,888,77,77,,6653729755069,
2026-08-17 23:20:24.343,pulse_batch,x,,,,,3,,4707,935,891,77,77,,6653750226682,
2026-08-17 23:20:24.367,pulse_batch,x,,,,,3,,4710,938,894,77,77,,6653773866549,
2026-08-17 23:20:24.387,pulse_batch,x,,,,,3,,4713,941,897,77,77,,6653794505939,
2026-08-17 23:20:24.408,pulse_batch,x,,,,,3,,4716,944,900,77,77,,6653815001847,
2026-08-17 23:20:24.431,pulse_batch,x,,,,,3,,4719,947,903,77,77,,6653838141922,
2026-08-17 23:20:24.452,pulse_batch,x,,,,,3,,4722,950,906,77,77,,6653858753460,
2026-08-17 23:20:24.472,pulse_batch,x,,,,,3,,4725,953,909,77,77,,6653879316516,
2026-08-17 23:20:24.497,pulse_batch,x,,,,,3,,4728,956,912,77,77,,6653904185893,
2026-08-17 23:20:24.518,pulse_batch,x,,,,,3,,4731,959,915,77,77,,6653924706894,
2026-08-17 23:20:24.538,pulse_batch,x,,,,,3,,4734,962,918,77,77,,6653945188451,
2026-08-17 23:20:24.559,pulse_batch,x,,,,,3,,4737,965,921,77,77,,6653965742378,
2026-08-17 23:20:24.580,pulse_batch,x,,,,,3,,4740,968,924,77,77,,6653986759394,
2026-08-17 23:20:24.600,pulse_batch,x,,,,,3,,4743,971,927,77,77,,6654007256284,
2026-08-17 23:20:24.621,pulse_batch,x,,,,,3,,4746,974,930,77,77,,6654027727674,
2026-08-17 23:20:24.643,pulse_batch,x,,,,,3,,4749,977,933,77,77,,6654050214791,
2026-08-17 23:20:24.664,pulse_batch,x,,,,,3,,4752,980,936,77,77,,6654070686385,
2026-08-17 23:20:24.684,pulse_batch,x,,,,,3,,4755,983,939,77,77,,6654091183368,
2026-08-17 23:20:24.707,pulse_batch,x,,,,,3,,4758,986,942,77,77,,6654113757076,
2026-08-17 23:20:24.727,pulse_batch,x,,,,,3,,4761,989,945,77,77,,6654134343799,
2026-08-17 23:20:24.748,pulse_batch,x,,,,,3,,4764,992,948,77,77,,6654155394463,
2026-08-17 23:20:24.771,pulse_batch,x,,,,,3,,4767,995,951,77,77,,6654177712896,
2026-08-17 23:20:24.791,pulse_batch,x,,,,,3,,4770,998,954,77,77,,6654198342470,
2026-08-17 23:20:24.812,pulse_batch,x,,,,,3,,4773,1001,957,77,77,,6654218998359,
2026-08-17 23:20:24.834,pulse_batch,x,,,,,3,,4776,1004,960,77,77,,6654240966905,
2026-08-17 23:20:24.854,pulse_batch,x,,,,,3,,4779,1007,963,77,77,,6654261483777,
2026-08-17 23:20:24.875,pulse_batch,x,,,,,3,,4782,1010,966,77,77,,6654282021500,
2026-08-17 23:20:24.897,pulse_batch,x,,,,,3,,4785,1013,969,77,77,,6654303707382,
2026-08-17 23:20:24.917,pulse_batch,x,,,,,3,,4788,1016,972,77,77,,6654324425511,
2026-08-17 23:20:24.938,pulse_batch,x,,,,,3,,4791,1019,975,77,77,,6654345011771,
2026-08-17 23:20:24.959,pulse_batch,x,,,,,3,,4794,1022,978,77,77,,6654365757585,
2026-08-17 23:20:24.981,pulse_batch,x,,,,,3,,4797,1025,981,77,77,,6654387904908,
2026-08-17 23:20:25.001,pulse_batch,x,,,,,3,,4800,1028,984,77,77,,6654408469242,
2026-08-17 23:20:25.022,pulse_batch,x,,,,,3,,4803,1031,987,77,77,,6654429220316,
2026-08-17 23:20:25.045,pulse_batch,x,,,,,3,,4806,1034,990,77,77,,6654451691229,
2026-08-17 23:20:25.065,pulse_batch,x,,,,,3,,4809,1037,993,77,77,,6654472262433,
2026-08-17 23:20:25.086,pulse_batch,x,,,,,3,,4812,1040,996,77,77,,6654492983304,
2026-08-17 23:20:25.107,pulse_batch,x,,,,,3,,4815,1043,999,77,77,,6654513795229,
2026-08-17 23:20:25.127,pulse_batch,x,,,,,3,,4818,1046,1002,77,77,,6654534424062,
2026-08-17 23:20:25.148,pulse_batch,x,,,,,3,,4821,1049,1005,77,77,,6654555083600,
2026-08-17 23:20:25.170,pulse_batch,x,,,,,3,,4824,1052,1008,77,77,,6654576638668,
2026-08-17 23:20:25.190,pulse_batch,x,,,,,3,,4827,1055,1011,77,77,,6654597277594,
2026-08-17 23:20:25.211,pulse_batch,x,,,,,3,,4830,1058,1014,77,77,,6654617737429,
2026-08-17 23:20:25.233,pulse_batch,x,,,,,3,,4833,1061,1017,77,77,,6654640494118,
2026-08-17 23:20:25.254,pulse_batch,x,,,,,3,,4836,1064,1020,77,77,,6654661254914,
2026-08-17 23:20:25.275,pulse_batch,x,,,,,3,,4839,1067,1023,77,77,,6654681784508,
2026-08-17 23:20:25.297,pulse_batch,x,,,,,3,,4842,1070,1026,77,77,,6654703621555,
2026-08-17 23:20:25.319,pulse_batch,x,,,,,3,,4845,1073,1029,77,77,,6654726461058,
2026-08-17 23:20:25.340,pulse_batch,x,,,,,3,,4848,1076,1032,77,77,,6654746942430,
2026-08-17 23:20:25.360,pulse_batch,x,,,,,3,,4851,1079,1035,77,77,,6654767511486,
2026-08-17 23:20:25.381,pulse_batch,x,,,,,3,,4854,1082,1038,77,77,,6654788567206,
2026-08-17 23:20:25.402,pulse_batch,x,,,,,3,,4857,1085,1041,77,77,,6654809081504,
2026-08-17 23:20:25.423,pulse_batch,x,,,,,3,,4860,1088,1044,77,77,,6654829945299,
2026-08-17 23:20:25.445,pulse_batch,x,,,,,3,,4863,1091,1047,77,77,,6654852246824,
2026-08-17 23:20:25.466,pulse_batch,x,,,,,3,,4866,1094,1050,77,77,,6654872905417,
2026-08-17 23:20:25.487,pulse_batch,x,,,,,3,,4869,1097,1053,77,77,,6654894593169,
2026-08-17 23:20:25.508,pulse_batch,x,,,,,3,,4872,1100,1056,77,77,,6654915096689,
2026-08-17 23:20:25.530,pulse_batch,x,,,,,3,,4875,1103,1059,77,77,,6654937269456,
2026-08-17 23:20:25.551,pulse_batch,x,,,,,3,,4878,1106,1062,77,77,,6654957745180,
2026-08-17 23:20:25.571,pulse_batch,x,,,,,3,,4881,1109,1065,77,77,,6654978291348,
2026-08-17 23:20:25.592,pulse_batch,x,,,,,3,,4884,1112,1068,77,77,,6654998886700,
2026-08-17 23:20:25.612,pulse_batch,x,,,,,3,,4887,1115,1071,77,77,,6655019341424,
2026-08-17 23:20:25.635,pulse_batch,x,,,,,3,,4890,1118,1074,77,77,,6655042221668,
2026-08-17 23:20:25.656,pulse_batch,x,,,,,3,,4893,1121,1077,77,77,,6655062739225,
2026-08-17 23:20:25.676,pulse_batch,x,,,,,3,,4896,1124,1080,77,77,,6655083198912,
2026-08-17 23:20:25.697,pulse_batch,x,,,,,3,,4899,1127,1083,77,77,,6655104226206,
2026-08-17 23:20:25.718,pulse_batch,x,,,,,3,,4902,1130,1086,77,77,,6655124783558,
2026-08-17 23:20:25.738,pulse_batch,x,,,,,3,,4905,1133,1089,77,77,,6655145350837,
2026-08-17 23:20:25.759,pulse_batch,x,,,,,3,,4908,1136,1092,77,77,,6655165946190,
2026-08-17 23:20:25.784,pulse_batch,x,,,,,3,,4911,1139,1095,77,77,,6655190943714,
2026-08-17 23:20:25.804,pulse_batch,x,,,,,3,,4914,1142,1098,77,77,,6655211495123,
2026-08-17 23:20:25.825,pulse_batch,x,,,,,3,,4917,1145,1101,77,77,,6655232195697,
2026-08-17 23:20:25.846,pulse_batch,x,,,,,3,,4920,1148,1104,77,77,,6655252991511,
2026-08-17 23:20:25.866,pulse_batch,x,,,,,3,,4923,1151,1107,77,77,,6655273530790,
2026-08-17 23:20:25.887,pulse_batch,x,,,,,3,,4926,1154,1110,77,77,,6655294050717,
2026-08-17 23:20:25.909,pulse_batch,x,,,,,3,,4929,1157,1113,77,77,,6655315773654,
2026-08-17 23:20:25.929,pulse_batch,x,,,,,3,,4932,1160,1116,77,77,,6655336274137,
2026-08-17 23:20:25.950,pulse_batch,x,,,,,3,,4935,1163,1119,77,77,,6655356733083,
2026-08-17 23:20:25.972,pulse_batch,x,,,,,3,,4938,1166,1122,77,77,,6655378639537,
2026-08-17 23:20:25.992,pulse_batch,x,,,,,3,,4941,1169,1125,77,77,,6655399223760,
2026-08-17 23:20:26.012,pulse_batch,x,,,,,3,,4944,1172,1128,77,77,,6655419598189,
2026-08-17 23:20:26.033,pulse_batch,x,,,,,3,,4947,1175,1131,77,77,,6655440221856,
2026-08-17 23:20:26.054,pulse_batch,x,,,,,3,,4950,1178,1134,77,77,,6655460676895,
2026-08-17 23:20:26.074,pulse_batch,x,,,,,3,,4953,1181,1137,77,77,,6655481089842,
2026-08-17 23:20:26.096,pulse_batch,x,,,,,3,,4956,1184,1140,77,77,,6655502890815,
2026-08-17 23:20:26.116,pulse_batch,x,,,,,3,,4959,1187,1143,77,77,,6655523582667,
2026-08-17 23:20:26.137,pulse_batch,x,,,,,3,,4962,1190,1146,77,77,,6655544069206,
2026-08-17 23:20:26.158,pulse_batch,x,,,,,3,,4965,1193,1149,77,77,,6655564747503,
2026-08-17 23:20:26.180,pulse_batch,x,,,,,3,,4968,1196,1152,77,77,,6655586934103,
2026-08-17 23:20:26.200,pulse_batch,x,,,,,3,,4971,1199,1155,77,77,,6655607437679,
2026-08-17 23:20:26.221,pulse_batch,x,,,,,3,,4974,1202,1158,77,77,,6655627884551,
2026-08-17 23:20:26.243,pulse_batch,x,,,,,3,,4977,1205,1161,77,77,,6655649836172,
2026-08-17 23:20:26.263,pulse_batch,x,,,,,3,,4980,1208,1164,77,77,,6655670306063,
2026-08-17 23:20:26.284,pulse_batch,x,,,,,3,,4983,1211,1167,77,77,,6655690730935,
2026-08-17 23:20:26.309,pulse_batch,x,,,,,3,,4986,1214,1170,77,77,,6655716078199,
2026-08-17 23:20:26.330,pulse_batch,x,,,,,3,,4989,1217,1173,77,77,,6655737243955,
2026-08-17 23:20:26.351,pulse_batch,x,,,,,3,,4992,1220,1176,77,77,,6655757736104,
2026-08-17 23:20:26.373,pulse_batch,x,,,,,3,,4995,1223,1179,77,77,,6655780200851,
2026-08-17 23:20:26.394,pulse_batch,x,,,,,3,,4998,1226,1182,77,77,,6655801295460,
2026-08-17 23:20:26.415,pulse_batch,x,,,,,3,,5001,1229,1185,77,77,,6655821759647,
2026-08-17 23:20:26.435,pulse_batch,x,,,,,3,,5004,1232,1188,77,77,,6655842539739,
2026-08-17 23:20:26.453,pulse_batch,x,,,,,2,,5006,1234,1190,77,77,,6655859639524,
2026-08-17 23:20:26.453,move_finish,x,,,3,,,,5006,1234,1190,77,77,,6655859868059,
2026-08-17 23:20:26.887,target_finish,x,2,stored,,,,,,1234,1190,77,77,1190,,ok=True
2026-08-17 23:20:26.887,target_finish,y,2,stored,,,,,,-50,-34,4,4,-34,,ok=True
2026-08-17 23:20:45.041,target_start,x,3,stored,,,,,,1234,1190,77,77,1161,,
2026-08-17 23:20:45.042,target_start,y,3,stored,,,,,,-50,-34,4,4,-403,,
2026-08-17 23:20:45.046,move_start,x,,,4,-106,,-1,5006,1234,1190,77,77,,6674453303942,
2026-08-17 23:20:45.046,move_start,y,,,4,-373,,-1,1930,-50,-34,4,4,,6674453546126,
2026-08-17 23:20:45.050,pulse_batch,x,,,,,-1,,5007,1233,1190,76,77,,6674457134915,
2026-08-17 23:20:45.050,pulse_batch,y,,,,,-1,,1931,-51,-34,3,4,,6674457276266,
2026-08-17 23:20:45.071,pulse_batch,x,,,,,-3,,5010,1230,1190,73,77,,6674477888641,
2026-08-17 23:20:45.071,pulse_batch,y,,,,,-3,,1934,-54,-34,0,4,,6674478135768,
2026-08-17 23:20:45.091,pulse_batch,y,,,,,-3,,1937,-57,-37,0,4,,6674498569181,
2026-08-17 23:20:45.092,pulse_batch,x,,,,,-3,,5013,1227,1190,70,77,,6674498761050,
2026-08-17 23:20:45.114,pulse_batch,y,,,,,-3,,1940,-60,-40,0,4,,6674519138204,
2026-08-17 23:20:45.114,pulse_batch,x,,,,,-3,,5016,1224,1190,67,77,,6674521208579,
2026-08-17 23:20:45.133,pulse_batch,y,,,,,-3,,1943,-63,-43,0,4,,6674539662468,
2026-08-17 23:20:45.135,pulse_batch,x,,,,,-3,,5019,1221,1190,64,77,,6674541784305,
2026-08-17 23:20:45.153,pulse_batch,y,,,,,-3,,1946,-66,-46,0,4,,6674560130862,
2026-08-17 23:20:45.155,pulse_batch,x,,,,,-3,,5022,1218,1190,61,77,,6674562234107,
2026-08-17 23:20:45.174,pulse_batch,y,,,,,-3,,1949,-69,-49,0,4,,6674581236752,
2026-08-17 23:20:45.175,pulse_batch,x,,,,,-3,,5025,1215,1190,58,77,,6674582667927,
2026-08-17 23:20:45.197,pulse_batch,x,,,,,-3,,5028,1212,1190,55,77,,6674604369923,
2026-08-17 23:20:45.197,pulse_batch,y,,,,,-3,,1952,-72,-52,0,4,,6674604475830,
2026-08-17 23:20:45.218,pulse_batch,y,,,,,-3,,1955,-75,-55,0,4,,6674624943224,
2026-08-17 23:20:45.218,pulse_batch,x,,,,,-3,,5031,1209,1190,52,77,,6674624873909,
2026-08-17 23:20:45.238,pulse_batch,x,,,,,-3,,5034,1206,1190,49,77,,6674645315896,
2026-08-17 23:20:45.239,pulse_batch,y,,,,,-3,,1958,-78,-58,0,4,,6674645872633,
2026-08-17 23:20:45.259,pulse_batch,x,,,,,-3,,5037,1203,1190,46,77,,6674665847049,
2026-08-17 23:20:45.261,pulse_batch,y,,,,,-3,,1961,-81,-61,0,4,,6674667709425,
2026-08-17 23:20:45.279,pulse_batch,x,,,,,-3,,5040,1200,1190,43,77,,6674686322610,
2026-08-17 23:20:45.281,pulse_batch,y,,,,,-3,,1964,-84,-64,0,4,,6674688180485,
2026-08-17 23:20:45.300,pulse_batch,x,,,,,-3,,5043,1197,1190,40,77,,6674706752133,
2026-08-17 23:20:45.301,pulse_batch,y,,,,,-3,,1967,-87,-67,0,4,,6674708631972,
2026-08-17 23:20:45.321,pulse_batch,x,,,,,-3,,5046,1194,1190,37,77,,6674728456926,
2026-08-17 23:20:45.323,pulse_batch,y,,,,,-3,,1970,-90,-70,0,4,,6674730508282,
2026-08-17 23:20:45.342,pulse_batch,x,,,,,-3,,5049,1191,1190,34,77,,6674748956838,
2026-08-17 23:20:45.344,pulse_batch,y,,,,,-3,,1973,-93,-73,0,4,,6674750987769,
2026-08-17 23:20:45.362,pulse_batch,x,,,,,-3,,5052,1188,1190,31,77,,6674769377492,
2026-08-17 23:20:45.364,pulse_batch,y,,,,,-3,,1976,-96,-76,0,4,,6674771403941,
2026-08-17 23:20:45.384,pulse_batch,x,,,,,-3,,5055,1185,1190,28,77,,6674791015952,
2026-08-17 23:20:45.385,pulse_batch,y,,,,,-3,,1979,-99,-79,0,4,,6674791977723,
2026-08-17 23:20:45.405,pulse_batch,x,,,,,-3,,5058,1182,1190,25,77,,6674811655956,
2026-08-17 23:20:45.405,pulse_batch,y,,,,,-3,,1982,-102,-82,0,4,,6674812424654,
2026-08-17 23:20:45.425,pulse_batch,x,,,,,-3,,5061,1179,1190,22,77,,6674832114739,
2026-08-17 23:20:45.426,pulse_batch,y,,,,,-3,,1985,-105,-85,0,4,,6674832863011,
2026-08-17 23:20:45.447,pulse_batch,y,,,,,-3,,1988,-108,-88,0,4,,6674854160862,
2026-08-17 23:20:45.448,pulse_batch,x,,,,,-3,,5064,1176,1190,19,77,,6674855036023,
2026-08-17 23:20:45.468,pulse_batch,y,,,,,-3,,1991,-111,-91,0,4,,6674874738033,
2026-08-17 23:20:45.468,pulse_batch,x,,,,,-3,,5067,1173,1190,16,77,,6674875459250,
2026-08-17 23:20:45.488,pulse_batch,y,,,,,-3,,1994,-114,-94,0,4,,6674895238908,
2026-08-17 23:20:45.489,pulse_batch,x,,,,,-3,,5070,1170,1190,13,77,,6674895975829,
2026-08-17 23:20:45.509,pulse_batch,y,,,,,-3,,1997,-117,-97,0,4,,6674915704265,
2026-08-17 23:20:45.514,pulse_batch,x,,,,,-3,,5073,1167,1190,10,77,,6674920750656,
2026-08-17 23:20:45.531,pulse_batch,y,,,,,-3,,2000,-120,-100,0,4,,6674937983943,
2026-08-17 23:20:45.535,pulse_batch,x,,,,,-3,,5076,1164,1190,7,77,,6674941668528,
2026-08-17 23:20:45.551,pulse_batch,y,,,,,-3,,2003,-123,-103,0,4,,6674958420634,
2026-08-17 23:20:45.555,pulse_batch,x,,,,,-3,,5079,1161,1190,4,77,,6674962091904,
2026-08-17 23:20:45.572,pulse_batch,y,,,,,-3,,2006,-126,-106,0,4,,6674978907268,
2026-08-17 23:20:45.575,pulse_batch,x,,,,,-3,,5082,1158,1190,1,77,,6674982534335,
2026-08-17 23:20:45.594,pulse_batch,y,,,,,-3,,2009,-129,-109,0,4,,6675001144427,
2026-08-17 23:20:45.597,pulse_batch,x,,,,,-3,,5085,1155,1188,0,77,,6675004623385,
2026-08-17 23:20:45.615,pulse_batch,y,,,,,-3,,2012,-132,-112,0,4,,6675021654914,
2026-08-17 23:20:45.618,pulse_batch,x,,,,,-3,,5088,1152,1185,0,77,,6675025156352,
2026-08-17 23:20:45.635,pulse_batch,y,,,,,-3,,2015,-135,-115,0,4,,6675042194289,
2026-08-17 23:20:45.638,pulse_batch,x,,,,,-3,,5091,1149,1182,0,77,,6675045579024,
2026-08-17 23:20:45.656,pulse_batch,y,,,,,-3,,2018,-138,-118,0,4,,6675062819441,
2026-08-17 23:20:45.659,pulse_batch,x,,,,,-3,,5094,1146,1179,0,77,,6675066307083,
2026-08-17 23:20:45.676,pulse_batch,y,,,,,-3,,2021,-141,-121,0,4,,6675083343334,
2026-08-17 23:20:45.680,pulse_batch,x,,,,,-3,,5097,1143,1176,0,77,,6675086990235,
2026-08-17 23:20:45.697,pulse_batch,y,,,,,-3,,2024,-144,-124,0,4,,6675103766414,
2026-08-17 23:20:45.700,pulse_batch,x,,,,,-3,,5100,1140,1173,0,77,,6675107424055,
2026-08-17 23:20:45.718,pulse_batch,y,,,,,-3,,2027,-147,-127,0,4,,6675124897266,
2026-08-17 23:20:45.721,pulse_batch,x,,,,,-3,,5103,1137,1170,0,77,,6675128604981,
2026-08-17 23:20:45.738,pulse_batch,y,,,,,-3,,2030,-150,-130,0,4,,6675145394864,
2026-08-17 23:20:45.742,pulse_batch,x,,,,,-3,,5106,1134,1167,0,77,,6675149130949,
2026-08-17 23:20:45.759,pulse_batch,y,,,,,-3,,2033,-153,-133,0,4,,6675165837758,
2026-08-17 23:20:45.762,pulse_batch,x,,,,,-3,,5109,1131,1164,0,77,,6675169518121,
2026-08-17 23:20:45.781,pulse_batch,y,,,,,-3,,2036,-156,-136,0,4,,6675187886770,
2026-08-17 23:20:45.784,pulse_batch,x,,,,,-3,,5112,1128,1161,0,77,,6675191424542,
2026-08-17 23:20:45.788,move_finish,x,,,4,,,,5112,1128,1161,0,77,,6675194840888,
2026-08-17 23:20:45.802,pulse_batch,y,,,,,-3,,2039,-159,-139,0,4,,6675209101770,
2026-08-17 23:20:45.822,pulse_batch,y,,,,,-3,,2042,-162,-142,0,4,,6675229640219,
2026-08-17 23:20:45.843,pulse_batch,y,,,,,-3,,2045,-165,-145,0,4,,6675250084280,
2026-08-17 23:20:45.866,pulse_batch,y,,,,,-3,,2048,-168,-148,0,4,,6675272973250,
2026-08-17 23:20:45.886,pulse_batch,y,,,,,-3,,2051,-171,-151,0,4,,6675293568550,
2026-08-17 23:20:45.907,pulse_batch,y,,,,,-3,,2054,-174,-154,0,4,,6675314045370,
2026-08-17 23:20:45.928,pulse_batch,y,,,,,-3,,2057,-177,-157,0,4,,6675334725651,
2026-08-17 23:20:45.948,pulse_batch,y,,,,,-3,,2060,-180,-160,0,4,,6675355423044,
2026-08-17 23:20:45.969,pulse_batch,y,,,,,-3,,2063,-183,-163,0,4,,6675375909623,
2026-08-17 23:20:45.991,pulse_batch,y,,,,,-3,,2066,-186,-166,0,4,,6675397735952,
2026-08-17 23:20:46.011,pulse_batch,y,,,,,-3,,2069,-189,-169,0,4,,6675418346382,
2026-08-17 23:20:46.032,pulse_batch,y,,,,,-3,,2072,-192,-172,0,4,,6675438802683,
2026-08-17 23:20:46.054,pulse_batch,y,,,,,-3,,2075,-195,-175,0,4,,6675461076250,
2026-08-17 23:20:46.075,pulse_batch,y,,,,,-3,,2078,-198,-178,0,4,,6675481726698,
2026-08-17 23:20:46.095,pulse_batch,y,,,,,-3,,2081,-201,-181,0,4,,6675502190185,
2026-08-17 23:20:46.116,pulse_batch,y,,,,,-3,,2084,-204,-184,0,4,,6675523428148,
2026-08-17 23:20:46.137,pulse_batch,y,,,,,-3,,2087,-207,-187,0,4,,6675543945671,
2026-08-17 23:20:46.157,pulse_batch,y,,,,,-3,,2090,-210,-190,0,4,,6675564412806,
2026-08-17 23:20:46.178,pulse_batch,y,,,,,-3,,2093,-213,-193,0,4,,6675584972255,
2026-08-17 23:20:46.198,pulse_batch,y,,,,,-3,,2096,-216,-196,0,4,,6675605584482,
2026-08-17 23:20:46.219,pulse_batch,y,,,,,-3,,2099,-219,-199,0,4,,6675626067135,
2026-08-17 23:20:46.239,pulse_batch,y,,,,,-3,,2102,-222,-202,0,4,,6675646510418,
2026-08-17 23:20:46.262,pulse_batch,y,,,,,-3,,2105,-225,-205,0,4,,6675668816392,
2026-08-17 23:20:46.282,pulse_batch,y,,,,,-3,,2108,-228,-208,0,4,,6675689530785,
2026-08-17 23:20:46.303,pulse_batch,y,,,,,-3,,2111,-231,-211,0,4,,6675709982438,
2026-08-17 23:20:46.325,pulse_batch,y,,,,,-3,,2114,-234,-214,0,4,,6675732074821,
2026-08-17 23:20:46.345,pulse_batch,y,,,,,-3,,2117,-237,-217,0,4,,6675752571641,
2026-08-17 23:20:46.366,pulse_batch,y,,,,,-3,,2120,-240,-220,0,4,,6675772999943,
2026-08-17 23:20:46.392,pulse_batch,y,,,,,-3,,2123,-243,-223,0,4,,6675798799725,
2026-08-17 23:20:46.412,pulse_batch,y,,,,,-3,,2126,-246,-226,0,4,,6675819324545,
2026-08-17 23:20:46.433,pulse_batch,y,,,,,-3,,2129,-249,-229,0,4,,6675839806828,
2026-08-17 23:20:46.455,pulse_batch,y,,,,,-3,,2132,-252,-232,0,4,,6675862064339,
2026-08-17 23:20:46.475,pulse_batch,y,,,,,-3,,2135,-255,-235,0,4,,6675882587011,
2026-08-17 23:20:46.496,pulse_batch,y,,,,,-3,,2138,-258,-238,0,4,,6675902992572,
2026-08-17 23:20:46.518,pulse_batch,y,,,,,-3,,2141,-261,-241,0,4,,6675925213954,
2026-08-17 23:20:46.540,pulse_batch,y,,,,,-3,,2144,-264,-244,0,4,,6675946948228,
2026-08-17 23:20:46.560,pulse_batch,y,,,,,-3,,2147,-267,-247,0,4,,6675967382660,
2026-08-17 23:20:46.582,pulse_batch,y,,,,,-3,,2150,-270,-250,0,4,,6675988833306,
2026-08-17 23:20:46.603,pulse_batch,y,,,,,-3,,2153,-273,-253,0,4,,6676010412952,
2026-08-17 23:20:46.624,pulse_batch,y,,,,,-3,,2156,-276,-256,0,4,,6676030905790,
2026-08-17 23:20:46.644,pulse_batch,y,,,,,-3,,2159,-279,-259,0,4,,6676051517294,
2026-08-17 23:20:46.666,pulse_batch,y,,,,,-3,,2162,-282,-262,0,4,,6676073011552,
2026-08-17 23:20:46.686,pulse_batch,y,,,,,-3,,2165,-285,-265,0,4,,6676093468205,
2026-08-17 23:20:46.708,pulse_batch,y,,,,,-3,,2168,-288,-268,0,4,,6676115515088,
2026-08-17 23:20:46.730,pulse_batch,y,,,,,-3,,2171,-291,-271,0,4,,6676137421250,
2026-08-17 23:20:46.751,pulse_batch,y,,,,,-3,,2174,-294,-274,0,4,,6676157873867,
2026-08-17 23:20:46.771,pulse_batch,y,,,,,-3,,2177,-297,-277,0,4,,6676178385131,
2026-08-17 23:20:46.793,pulse_batch,y,,,,,-3,,2180,-300,-280,0,4,,6676199636982,
2026-08-17 23:20:46.813,pulse_batch,y,,,,,-3,,2183,-303,-283,0,4,,6676220163561,
2026-08-17 23:20:46.834,pulse_batch,y,,,,,-3,,2186,-306,-286,0,4,,6676240661918,
2026-08-17 23:20:46.855,pulse_batch,y,,,,,-3,,2189,-309,-289,0,4,,6676262510303,
2026-08-17 23:20:46.876,pulse_batch,y,,,,,-3,,2192,-312,-292,0,4,,6676283005863,
2026-08-17 23:20:46.896,pulse_batch,y,,,,,-3,,2195,-315,-295,0,4,,6676303437017,
2026-08-17 23:20:46.918,pulse_batch,y,,,,,-3,,2198,-318,-298,0,4,,6676324989811,
2026-08-17 23:20:46.938,pulse_batch,y,,,,,-3,,2201,-321,-301,0,4,,6676345578464,
2026-08-17 23:20:46.959,pulse_batch,y,,,,,-3,,2204,-324,-304,0,4,,6676366007636,
2026-08-17 23:20:46.981,pulse_batch,y,,,,,-3,,2207,-327,-307,0,4,,6676388373517,
2026-08-17 23:20:47.002,pulse_batch,y,,,,,-3,,2210,-330,-310,0,4,,6676409023928,
2026-08-17 23:20:47.022,pulse_batch,y,,,,,-3,,2213,-333,-313,0,4,,6676429483767,
2026-08-17 23:20:47.043,pulse_batch,y,,,,,-3,,2216,-336,-316,0,4,,6676450006142,
2026-08-17 23:20:47.065,pulse_batch,y,,,,,-3,,2219,-339,-319,0,4,,6676472400838,
2026-08-17 23:20:47.086,pulse_batch,y,,,,,-3,,2222,-342,-322,0,4,,6676492874065,
2026-08-17 23:20:47.106,pulse_batch,y,,,,,-3,,2225,-345,-325,0,4,,6676513345589,
2026-08-17 23:20:47.128,pulse_batch,y,,,,,-3,,2228,-348,-328,0,4,,6676535523138,
2026-08-17 23:20:47.149,pulse_batch,y,,,,,-3,,2231,-351,-331,0,4,,6676556216920,
2026-08-17 23:20:47.170,pulse_batch,y,,,,,-3,,2234,-354,-334,0,4,,6676576684296,
2026-08-17 23:20:47.192,pulse_batch,y,,,,,-3,,2237,-357,-337,0,4,,6676599060510,
2026-08-17 23:20:47.212,pulse_batch,y,,,,,-3,,2240,-360,-340,0,4,,6676619569219,
2026-08-17 23:20:47.233,pulse_batch,y,,,,,-3,,2243,-363,-343,0,4,,6676640045632,
2026-08-17 23:20:47.254,pulse_batch,y,,,,,-3,,2246,-366,-346,0,4,,6676660873153,
2026-08-17 23:20:47.274,pulse_batch,y,,,,,-3,,2249,-369,-349,0,4,,6676681389492,
2026-08-17 23:20:47.296,pulse_batch,y,,,,,-3,,2252,-372,-352,0,4,,6676702765046,
2026-08-17 23:20:47.316,pulse_batch,y,,,,,-3,,2255,-375,-355,0,4,,6676723441198,
2026-08-17 23:20:47.338,pulse_batch,y,,,,,-3,,2258,-378,-358,0,4,,6676744826957,
2026-08-17 23:20:47.358,pulse_batch,y,,,,,-3,,2261,-381,-361,0,4,,6676765383258,
2026-08-17 23:20:47.380,pulse_batch,y,,,,,-3,,2264,-384,-364,0,4,,6676786748424,
2026-08-17 23:20:47.400,pulse_batch,y,,,,,-3,,2267,-387,-367,0,4,,6676807376483,
2026-08-17 23:20:47.421,pulse_batch,y,,,,,-3,,2270,-390,-370,0,4,,6676827865137,
2026-08-17 23:20:47.442,pulse_batch,y,,,,,-3,,2273,-393,-373,0,4,,6676848934305,
2026-08-17 23:20:47.463,pulse_batch,y,,,,,-3,,2276,-396,-376,0,4,,6676869941677,
2026-08-17 23:20:47.483,pulse_batch,y,,,,,-3,,2279,-399,-379,0,4,,6676890490978,
2026-08-17 23:20:47.504,pulse_batch,y,,,,,-3,,2282,-402,-382,0,4,,6676910967131,
2026-08-17 23:20:47.529,pulse_batch,y,,,,,-3,,2285,-405,-385,0,4,,6676936150752,
2026-08-17 23:20:47.550,pulse_batch,y,,,,,-3,,2288,-408,-388,0,4,,6676956730257,
2026-08-17 23:20:47.573,pulse_batch,y,,,,,-3,,2291,-411,-391,0,4,,6676980065038,
2026-08-17 23:20:47.596,pulse_batch,y,,,,,-3,,2294,-414,-394,0,4,,6677003210377,
2026-08-17 23:20:47.617,pulse_batch,y,,,,,-3,,2297,-417,-397,0,4,,6677023781604,
2026-08-17 23:20:47.637,pulse_batch,y,,,,,-3,,2300,-420,-400,0,4,,6677044225406,
2026-08-17 23:20:47.659,pulse_batch,y,,,,,-3,,2303,-423,-403,0,4,,6677066062939,
2026-08-17 23:20:47.662,move_finish,y,,,4,,,,2303,-423,-403,0,4,,6677069515637,
2026-08-17 23:20:48.107,target_finish,x,3,stored,,,,,,1128,1161,0,77,1161,,ok=True
2026-08-17 23:20:48.107,target_finish,y,3,stored,,,,,,-423,-403,0,4,-403,,ok=True
2026-08-17 23:21:06.528,target_start,x,4,stored,,,,,,1128,1161,0,77,1229,,
2026-08-17 23:21:06.528,target_start,y,4,stored,,,,,,-423,-403,0,4,-776,,
2026-08-17 23:21:06.531,move_start,x,,,5,145,,1,5112,1128,1161,0,77,,6695938487324,
2026-08-17 23:21:06.531,move_start,y,,,5,-373,,-1,2303,-423,-403,0,4,,6695938424010,
2026-08-17 23:21:06.535,pulse_batch,x,,,,,1,,5113,1129,1161,1,77,,6695942260557,
2026-08-17 23:21:06.535,pulse_batch,y,,,,,-1,,2304,-424,-404,0,4,,6695942317187,
2026-08-17 23:21:06.556,pulse_batch,y,,,,,-3,,2307,-427,-407,0,4,,6695962999101,
2026-08-17 23:21:06.556,pulse_batch,x,,,,,3,,5116,1132,1161,4,77,,6695963082638,
2026-08-17 23:21:06.576,pulse_batch,y,,,,,-3,,2310,-430,-410,0,4,,6695983428814,
2026-08-17 23:21:06.576,pulse_batch,x,,,,,3,,5119,1135,1161,7,77,,6695983554183,
2026-08-17 23:21:06.597,pulse_batch,y,,,,,-3,,2313,-433,-413,0,4,,6696004035803,
2026-08-17 23:21:06.597,pulse_batch,x,,,,,3,,5122,1138,1161,10,77,,6696004105154,
2026-08-17 23:21:06.619,pulse_batch,x,,,,,3,,5125,1141,1161,13,77,,6696025863117,
2026-08-17 23:21:06.620,pulse_batch,y,,,,,-3,,2316,-436,-416,0,4,,6696027173682,
2026-08-17 23:21:06.639,pulse_batch,x,,,,,3,,5128,1144,1161,16,77,,6696046344292,
2026-08-17 23:21:06.641,pulse_batch,y,,,,,-3,,2319,-439,-419,0,4,,6696047680450,
2026-08-17 23:21:06.660,pulse_batch,x,,,,,3,,5131,1147,1161,19,77,,6696066764079,
2026-08-17 23:21:06.661,pulse_batch,y,,,,,-3,,2322,-442,-422,0,4,,6696068124477,
2026-08-17 23:21:06.680,pulse_batch,x,,,,,3,,5134,1150,1161,22,77,,6696087515585,
2026-08-17 23:21:06.682,pulse_batch,y,,,,,-3,,2325,-445,-425,0,4,,6696089322481,
2026-08-17 23:21:06.701,pulse_batch,x,,,,,3,,5137,1153,1161,25,77,,6696107935891,
2026-08-17 23:21:06.703,pulse_batch,y,,,,,-3,,2328,-448,-428,0,4,,6696109731471,
2026-08-17 23:21:06.721,pulse_batch,x,,,,,3,,5140,1156,1161,28,77,,6696128329011,
2026-08-17 23:21:06.723,pulse_batch,y,,,,,-3,,2331,-451,-431,0,4,,6696130175961,
2026-08-17 23:21:06.744,pulse_batch,x,,,,,3,,5143,1159,1161,31,77,,6696150651933,
2026-08-17 23:21:06.745,pulse_batch,y,,,,,-3,,2334,-454,-434,0,4,,6696152129830,
2026-08-17 23:21:06.764,pulse_batch,x,,,,,3,,5146,1162,1161,34,77,,6696171173145,
2026-08-17 23:21:06.765,pulse_batch,y,,,,,-3,,2337,-457,-437,0,4,,6696172571913,
2026-08-17 23:21:06.784,pulse_batch,x,,,,,3,,5149,1165,1161,37,77,,6696191582913,
2026-08-17 23:21:06.786,pulse_batch,y,,,,,-3,,2340,-460,-440,0,4,,6696192983922,
2026-08-17 23:21:06.805,pulse_batch,x,,,,,3,,5152,1168,1161,40,77,,6696212135069,
2026-08-17 23:21:06.807,pulse_batch,y,,,,,-3,,2343,-463,-443,0,4,,6696214128926,
2026-08-17 23:21:06.826,pulse_batch,x,,,,,3,,5155,1171,1161,43,77,,6696232674521,
2026-08-17 23:21:06.827,pulse_batch,y,,,,,-3,,2346,-466,-446,0,4,,6696234644101,
2026-08-17 23:21:06.846,pulse_batch,x,,,,,3,,5158,1174,1161,46,77,,6696253086845,
2026-08-17 23:21:06.848,pulse_batch,y,,,,,-3,,2349,-469,-449,0,4,,6696255086609,
2026-08-17 23:21:06.867,pulse_batch,x,,,,,3,,5161,1177,1161,49,77,,6696273715371,
2026-08-17 23:21:06.871,pulse_batch,y,,,,,-3,,2352,-472,-452,0,4,,6696277965824,
2026-08-17 23:21:06.888,pulse_batch,x,,,,,3,,5164,1180,1161,52,77,,6696295036041,
2026-08-17 23:21:06.893,pulse_batch,y,,,,,-3,,2355,-475,-455,0,4,,6696299657768,
2026-08-17 23:21:06.908,pulse_batch,x,,,,,3,,5167,1183,1161,55,77,,6696315604141,
2026-08-17 23:21:06.913,pulse_batch,y,,,,,-3,,2358,-478,-458,0,4,,6696320108536,
2026-08-17 23:21:06.930,pulse_batch,x,,,,,3,,5170,1186,1161,58,77,,6696337493584,
2026-08-17 23:21:06.934,pulse_batch,y,,,,,-3,,2361,-481,-461,0,4,,6696341139356,
2026-08-17 23:21:06.952,pulse_batch,x,,,,,3,,5173,1189,1161,61,77,,6696359576804,
2026-08-17 23:21:06.955,pulse_batch,y,,,,,-3,,2364,-484,-464,0,4,,6696361959029,
2026-08-17 23:21:06.973,pulse_batch,x,,,,,3,,5176,1192,1161,64,77,,6696380074405,
2026-08-17 23:21:06.975,pulse_batch,y,,,,,-3,,2367,-487,-467,0,4,,6696382420945,
2026-08-17 23:21:06.994,pulse_batch,x,,,,,3,,5179,1195,1161,67,77,,6696400735727,
2026-08-17 23:21:06.996,pulse_batch,y,,,,,-3,,2370,-490,-470,0,4,,6696402911286,
2026-08-17 23:21:07.014,pulse_batch,x,,,,,3,,5182,1198,1161,70,77,,6696421545882,
2026-08-17 23:21:07.018,pulse_batch,y,,,,,-3,,2373,-493,-473,0,4,,6696425257060,
2026-08-17 23:21:07.035,pulse_batch,x,,,,,3,,5185,1201,1161,73,77,,6696442168667,
2026-08-17 23:21:07.039,pulse_batch,y,,,,,-3,,2376,-496,-476,0,4,,6696445879382,
2026-08-17 23:21:07.055,pulse_batch,x,,,,,3,,5188,1204,1161,76,77,,6696462621602,
2026-08-17 23:21:07.060,pulse_batch,y,,,,,-3,,2379,-499,-479,0,4,,6696466863351,
2026-08-17 23:21:07.077,pulse_batch,x,,,,,3,,5191,1207,1163,77,77,,6696483677699,
2026-08-17 23:21:07.080,pulse_batch,y,,,,,-3,,2382,-502,-482,0,4,,6696487453525,
2026-08-17 23:21:07.097,pulse_batch,x,,,,,3,,5194,1210,1166,77,77,,6696504290892,
2026-08-17 23:21:07.101,pulse_batch,y,,,,,-3,,2385,-505,-485,0,4,,6696508074366,
2026-08-17 23:21:07.118,pulse_batch,x,,,,,3,,5197,1213,1169,77,77,,6696524729327,
2026-08-17 23:21:07.122,pulse_batch,y,,,,,-3,,2388,-508,-488,0,4,,6696528924946,
2026-08-17 23:21:07.140,pulse_batch,x,,,,,3,,5200,1216,1172,77,77,,6696547243877,
2026-08-17 23:21:07.144,pulse_batch,y,,,,,-3,,2391,-511,-491,0,4,,6696550644150,
2026-08-17 23:21:07.161,pulse_batch,x,,,,,3,,5203,1219,1175,77,77,,6696568023439,
2026-08-17 23:21:07.164,pulse_batch,y,,,,,-3,,2394,-514,-494,0,4,,6696571213140,
2026-08-17 23:21:07.181,pulse_batch,x,,,,,3,,5206,1222,1178,77,77,,6696588505059,
2026-08-17 23:21:07.185,pulse_batch,y,,,,,-3,,2397,-517,-497,0,4,,6696591693130,
2026-08-17 23:21:07.204,pulse_batch,x,,,,,3,,5209,1225,1181,77,77,,6696611061739,
2026-08-17 23:21:07.208,pulse_batch,y,,,,,-3,,2400,-520,-500,0,4,,6696614652381,
2026-08-17 23:21:07.225,pulse_batch,x,,,,,3,,5212,1228,1184,77,77,,6696631939356,
2026-08-17 23:21:07.228,pulse_batch,y,,,,,-3,,2403,-523,-503,0,4,,6696635366462,
2026-08-17 23:21:07.246,pulse_batch,x,,,,,3,,5215,1231,1187,77,77,,6696652691233,
2026-08-17 23:21:07.249,pulse_batch,y,,,,,-3,,2406,-526,-506,0,4,,6696655867082,
2026-08-17 23:21:07.266,pulse_batch,x,,,,,3,,5218,1234,1190,77,77,,6696673162927,
2026-08-17 23:21:07.270,pulse_batch,y,,,,,-3,,2409,-529,-509,0,4,,6696676690903,
2026-08-17 23:21:07.287,pulse_batch,x,,,,,3,,5221,1237,1193,77,77,,6696693986766,
2026-08-17 23:21:07.290,pulse_batch,y,,,,,-3,,2412,-532,-512,0,4,,6696697386762,
2026-08-17 23:21:07.308,pulse_batch,x,,,,,3,,5224,1240,1196,77,77,,6696714658070,
2026-08-17 23:21:07.311,pulse_batch,y,,,,,-3,,2415,-535,-515,0,4,,6696717827437,
2026-08-17 23:21:07.329,pulse_batch,x,,,,,3,,5227,1243,1199,77,77,,6696735760371,
2026-08-17 23:21:07.331,pulse_batch,y,,,,,-3,,2418,-538,-518,0,4,,6696738436260,
2026-08-17 23:21:07.350,pulse_batch,x,,,,,3,,5230,1246,1202,77,77,,6696757034689,
2026-08-17 23:21:07.356,pulse_batch,y,,,,,-3,,2421,-541,-521,0,4,,6696763075462,
2026-08-17 23:21:07.370,pulse_batch,x,,,,,3,,5233,1249,1205,77,77,,6696777586604,
2026-08-17 23:21:07.376,pulse_batch,y,,,,,-3,,2424,-544,-524,0,4,,6696783558860,
2026-08-17 23:21:07.391,pulse_batch,x,,,,,3,,5236,1252,1208,77,77,,6696798081946,
2026-08-17 23:21:07.397,pulse_batch,y,,,,,-3,,2427,-547,-527,0,4,,6696804452551,
2026-08-17 23:21:07.412,pulse_batch,x,,,,,3,,5239,1255,1211,77,77,,6696818753620,
2026-08-17 23:21:07.419,pulse_batch,y,,,,,-3,,2430,-550,-530,0,4,,6696825740369,
2026-08-17 23:21:07.432,pulse_batch,x,,,,,3,,5242,1258,1214,77,77,,6696839545386,
2026-08-17 23:21:07.439,pulse_batch,y,,,,,-3,,2433,-553,-533,0,4,,6696846384247,
2026-08-17 23:21:07.453,pulse_batch,x,,,,,3,,5245,1261,1217,77,77,,6696860088950,
2026-08-17 23:21:07.460,pulse_batch,y,,,,,-3,,2436,-556,-536,0,4,,6696867519788,
2026-08-17 23:21:07.475,pulse_batch,x,,,,,3,,5248,1264,1220,77,77,,6696881938653,
2026-08-17 23:21:07.488,pulse_batch,y,,,,,-3,,2439,-559,-539,0,4,,6696895369006,
2026-08-17 23:21:07.495,pulse_batch,x,,,,,3,,5251,1267,1223,77,77,,6696902541975,
2026-08-17 23:21:07.509,pulse_batch,y,,,,,-3,,2442,-562,-542,0,4,,6696915857829,
2026-08-17 23:21:07.516,pulse_batch,x,,,,,3,,5254,1270,1226,77,77,,6696922997373,
2026-08-17 23:21:07.529,pulse_batch,y,,,,,-3,,2445,-565,-545,0,4,,6696936361727,
2026-08-17 23:21:07.537,pulse_batch,x,,,,,3,,5257,1273,1229,77,77,,6696944275562,
2026-08-17 23:21:07.541,move_finish,x,,,5,,,,5257,1273,1229,77,77,,6696947744464,
2026-08-17 23:21:07.551,pulse_batch,y,,,,,-3,,2448,-568,-548,0,4,,6696958237874,
2026-08-17 23:21:07.572,pulse_batch,y,,,,,-3,,2451,-571,-551,0,4,,6696978833289,
2026-08-17 23:21:07.592,pulse_batch,y,,,,,-3,,2454,-574,-554,0,4,,6696999268650,
2026-08-17 23:21:07.614,pulse_batch,y,,,,,-3,,2457,-577,-557,0,4,,6697021121057,
2026-08-17 23:21:07.636,pulse_batch,y,,,,,-3,,2460,-580,-560,0,4,,6697043062870,
2026-08-17 23:21:07.656,pulse_batch,y,,,,,-3,,2463,-583,-563,0,4,,6697063546916,
2026-08-17 23:21:07.680,pulse_batch,y,,,,,-3,,2466,-586,-566,0,4,,6697087190736,
2026-08-17 23:21:07.701,pulse_batch,y,,,,,-3,,2469,-589,-569,0,4,,6697107683874,
2026-08-17 23:21:07.721,pulse_batch,y,,,,,-3,,2472,-592,-572,0,4,,6697128153124,
2026-08-17 23:21:07.742,pulse_batch,y,,,,,-3,,2475,-595,-575,0,4,,6697148733650,
2026-08-17 23:21:07.762,pulse_batch,y,,,,,-3,,2478,-598,-578,0,4,,6697169250714,
2026-08-17 23:21:07.783,pulse_batch,y,,,,,-3,,2481,-601,-581,0,4,,6697189728315,
2026-08-17 23:21:07.805,pulse_batch,y,,,,,-3,,2484,-604,-584,0,4,,6697211706369,
2026-08-17 23:21:07.825,pulse_batch,y,,,,,-3,,2487,-607,-587,0,4,,6697232250063,
2026-08-17 23:21:07.846,pulse_batch,y,,,,,-3,,2490,-610,-590,0,4,,6697252761553,
2026-08-17 23:21:07.866,pulse_batch,y,,,,,-3,,2493,-613,-593,0,4,,6697273235061,
2026-08-17 23:21:07.887,pulse_batch,y,,,,,-3,,2496,-616,-596,0,4,,6697294406843,
2026-08-17 23:21:07.908,pulse_batch,y,,,,,-3,,2499,-619,-599,0,4,,6697314869537,
2026-08-17 23:21:07.928,pulse_batch,y,,,,,-3,,2502,-622,-602,0,4,,6697335342324,
2026-08-17 23:21:07.951,pulse_batch,y,,,,,-3,,2505,-625,-605,0,4,,6697357691671,
2026-08-17 23:21:07.972,pulse_batch,y,,,,,-3,,2508,-628,-608,0,4,,6697378763991,
2026-08-17 23:21:07.992,pulse_batch,y,,,,,-3,,2511,-631,-611,0,4,,6697399265110,
2026-08-17 23:21:08.015,pulse_batch,y,,,,,-3,,2514,-634,-614,0,4,,6697421630865,
2026-08-17 23:21:08.035,pulse_batch,y,,,,,-3,,2517,-637,-617,0,4,,6697442249855,
2026-08-17 23:21:08.056,pulse_batch,y,,,,,-3,,2520,-640,-620,0,4,,6697462779345,
2026-08-17 23:21:08.077,pulse_batch,y,,,,,-3,,2523,-643,-623,0,4,,6697484060978,
2026-08-17 23:21:08.098,pulse_batch,y,,,,,-3,,2526,-646,-626,0,4,,6697504649264,
2026-08-17 23:21:08.118,pulse_batch,y,,,,,-3,,2529,-649,-629,0,4,,6697525087791,
2026-08-17 23:21:08.140,pulse_batch,y,,,,,-3,,2532,-652,-632,0,4,,6697547009938,
2026-08-17 23:21:08.161,pulse_batch,y,,,,,-3,,2535,-655,-635,0,4,,6697567939907,
2026-08-17 23:21:08.181,pulse_batch,y,,,,,-3,,2538,-658,-638,0,4,,6697588412731,
2026-08-17 23:21:08.203,pulse_batch,y,,,,,-3,,2541,-661,-641,0,4,,6697610397100,
2026-08-17 23:21:08.225,pulse_batch,y,,,,,-3,,2544,-664,-644,0,4,,6697631898453,
2026-08-17 23:21:08.245,pulse_batch,y,,,,,-3,,2547,-667,-647,0,4,,6697652416277,
2026-08-17 23:21:08.269,pulse_batch,y,,,,,-3,,2550,-670,-650,0,4,,6697676110153,
2026-08-17 23:21:08.290,pulse_batch,y,,,,,-3,,2553,-673,-653,0,4,,6697696681235,
2026-08-17 23:21:08.310,pulse_batch,y,,,,,-3,,2556,-676,-656,0,4,,6697717101188,
2026-08-17 23:21:08.330,pulse_batch,y,,,,,-3,,2559,-679,-659,0,4,,6697737554123,
2026-08-17 23:21:08.352,pulse_batch,y,,,,,-3,,2562,-682,-662,0,4,,6697759384882,
2026-08-17 23:21:08.373,pulse_batch,y,,,,,-3,,2565,-685,-665,0,4,,6697779905261,
2026-08-17 23:21:08.393,pulse_batch,y,,,,,-3,,2568,-688,-668,0,4,,6697800375474,
2026-08-17 23:21:08.415,pulse_batch,y,,,,,-3,,2571,-691,-671,0,4,,6697822288325,
2026-08-17 23:21:08.436,pulse_batch,y,,,,,-3,,2574,-694,-674,0,4,,6697842755593,
2026-08-17 23:21:08.456,pulse_batch,y,,,,,-3,,2577,-697,-677,0,4,,6697863245379,
2026-08-17 23:21:08.477,pulse_batch,y,,,,,-3,,2580,-700,-680,0,4,,6697884050904,
2026-08-17 23:21:08.497,pulse_batch,y,,,,,-3,,2583,-703,-683,0,4,,6697904590117,
2026-08-17 23:21:08.518,pulse_batch,y,,,,,-3,,2586,-706,-686,0,4,,6697925009718,
2026-08-17 23:21:08.539,pulse_batch,y,,,,,-3,,2589,-709,-689,0,4,,6697945651874,
2026-08-17 23:21:08.559,pulse_batch,y,,,,,-3,,2592,-712,-692,0,4,,6697966205494,
2026-08-17 23:21:08.580,pulse_batch,y,,,,,-3,,2595,-715,-695,0,4,,6697986668817,
2026-08-17 23:21:08.600,pulse_batch,y,,,,,-3,,2598,-718,-698,0,4,,6698007152900,
2026-08-17 23:21:08.621,pulse_batch,y,,,,,-3,,2601,-721,-701,0,4,,6698027768223,
2026-08-17 23:21:08.641,pulse_batch,y,,,,,-3,,2604,-724,-704,0,4,,6698048240602,
2026-08-17 23:21:08.662,pulse_batch,y,,,,,-3,,2607,-727,-707,0,4,,6698068789110,
2026-08-17 23:21:08.683,pulse_batch,y,,,,,-3,,2610,-730,-710,0,4,,6698089856615,
2026-08-17 23:21:08.703,pulse_batch,y,,,,,-3,,2613,-733,-713,0,4,,6698110425086,
2026-08-17 23:21:08.724,pulse_batch,y,,,,,-3,,2616,-736,-716,0,4,,6698130857003,
2026-08-17 23:21:08.746,pulse_batch,y,,,,,-3,,2619,-739,-719,0,4,,6698152952890,
2026-08-17 23:21:08.768,pulse_batch,y,,,,,-3,,2622,-742,-722,0,4,,6698175525903,
2026-08-17 23:21:08.789,pulse_batch,y,,,,,-3,,2625,-745,-725,0,4,,6698196124559,
2026-08-17 23:21:08.810,pulse_batch,y,,,,,-3,,2628,-748,-728,0,4,,6698216646771,
2026-08-17 23:21:08.830,pulse_batch,y,,,,,-3,,2631,-751,-731,0,4,,6698237226668,
2026-08-17 23:21:08.850,pulse_batch,y,,,,,-3,,2634,-754,-734,0,4,,6698257654807,
2026-08-17 23:21:08.874,pulse_batch,y,,,,,-3,,2637,-757,-737,0,4,,6698280655576,
2026-08-17 23:21:08.894,pulse_batch,y,,,,,-3,,2640,-760,-740,0,4,,6698301173548,
2026-08-17 23:21:08.914,pulse_batch,y,,,,,-3,,2643,-763,-743,0,4,,6698321600353,
2026-08-17 23:21:08.937,pulse_batch,y,,,,,-3,,2646,-766,-746,0,4,,6698343757980,
2026-08-17 23:21:08.957,pulse_batch,y,,,,,-3,,2649,-769,-749,0,4,,6698364302896,
2026-08-17 23:21:08.978,pulse_batch,y,,,,,-3,,2652,-772,-752,0,4,,6698384747035,
2026-08-17 23:21:09.002,pulse_batch,y,,,,,-3,,2655,-775,-755,0,4,,6698409563273,
2026-08-17 23:21:09.023,pulse_batch,y,,,,,-3,,2658,-778,-758,0,4,,6698430161337,
2026-08-17 23:21:09.043,pulse_batch,y,,,,,-3,,2661,-781,-761,0,4,,6698450618698,
2026-08-17 23:21:09.064,pulse_batch,y,,,,,-3,,2664,-784,-764,0,4,,6698471225113,
2026-08-17 23:21:09.085,pulse_batch,y,,,,,-3,,2667,-787,-767,0,4,,6698491912677,
2026-08-17 23:21:09.105,pulse_batch,y,,,,,-3,,2670,-790,-770,0,4,,6698512366612,
2026-08-17 23:21:09.126,pulse_batch,y,,,,,-3,,2673,-793,-773,0,4,,6698532872806,
2026-08-17 23:21:09.149,pulse_batch,y,,,,,-3,,2676,-796,-776,0,4,,6698556175740,
2026-08-17 23:21:09.152,move_finish,y,,,5,,,,2676,-796,-776,0,4,,6698559610402,
2026-08-17 23:21:09.597,target_finish,x,4,stored,,,,,,1273,1229,77,77,1229,,ok=True
2026-08-17 23:21:09.597,target_finish,y,4,stored,,,,,,-796,-776,0,4,-776,,ok=True
2026-08-17 23:21:19.874,target_start,x,0,stored,,,,,,1273,1229,77,77,0,,
2026-08-17 23:21:19.874,target_start,y,0,stored,,,,,,-796,-776,0,4,0,,
2026-08-17 23:21:19.878,move_start,x,,,6,-1306,,-1,5257,1273,1229,77,77,,6709284668102,
2026-08-17 23:21:19.878,move_start,y,,,6,780,,1,2676,-796,-776,0,4,,6709284915415,
2026-08-17 23:21:19.881,pulse_batch,y,,,,,1,,2677,-795,-776,1,4,,6709288464817,
2026-08-17 23:21:19.881,pulse_batch,x,,,,,-1,,5258,1272,1229,76,77,,6709288576464,
2026-08-17 23:21:19.902,pulse_batch,y,,,,,3,,2680,-792,-776,4,4,,6709309228029,
2026-08-17 23:21:19.902,pulse_batch,x,,,,,-3,,5261,1269,1229,73,77,,6709309292547,
2026-08-17 23:21:19.923,pulse_batch,x,,,,,-3,,5264,1266,1229,70,77,,6709329772243,
2026-08-17 23:21:19.923,pulse_batch,y,,,,,3,,2683,-789,-773,4,4,,6709329687503,
2026-08-17 23:21:19.944,pulse_batch,x,,,,,-3,,5267,1263,1229,67,77,,6709350735491,
2026-08-17 23:21:19.944,pulse_batch,y,,,,,3,,2686,-786,-770,4,4,,6709350676269,
2026-08-17 23:21:19.965,pulse_batch,x,,,,,-3,,5270,1260,1229,64,77,,6709372172532,
2026-08-17 23:21:19.966,pulse_batch,y,,,,,3,,2689,-783,-767,4,4,,6709372080848,
2026-08-17 23:21:19.985,pulse_batch,y,,,,,3,,2692,-780,-764,4,4,,6709392524488,
2026-08-17 23:21:19.986,pulse_batch,x,,,,,-3,,5273,1257,1229,61,77,,6709392686024,
2026-08-17 23:21:20.006,pulse_batch,y,,,,,3,,2695,-777,-761,4,4,,6709412982684,
2026-08-17 23:21:20.006,pulse_batch,x,,,,,-3,,5276,1254,1229,58,77,,6709413167961,
2026-08-17 23:21:20.027,pulse_batch,x,,,,,-3,,5279,1251,1229,55,77,,6709434016487,
2026-08-17 23:21:20.027,pulse_batch,y,,,,,3,,2698,-774,-758,4,4,,6709434303652,
2026-08-17 23:21:20.047,pulse_batch,x,,,,,-3,,5282,1248,1229,52,77,,6709454493128,
2026-08-17 23:21:20.048,pulse_batch,y,,,,,3,,2701,-771,-755,4,4,,6709454785866,
2026-08-17 23:21:20.068,pulse_batch,x,,,,,-3,,5285,1245,1229,49,77,,6709474922620,
2026-08-17 23:21:20.068,pulse_batch,y,,,,,3,,2704,-768,-752,4,4,,6709475220785,
2026-08-17 23:21:20.090,pulse_batch,x,,,,,-3,,5288,1242,1229,46,77,,6709496849769,
2026-08-17 23:21:20.090,pulse_batch,y,,,,,3,,2707,-765,-749,4,4,,6709497066286,
2026-08-17 23:21:20.110,pulse_batch,x,,,,,-3,,5291,1239,1229,43,77,,6709517408928,
2026-08-17 23:21:20.110,pulse_batch,y,,,,,3,,2710,-762,-746,4,4,,6709517612000,
2026-08-17 23:21:20.131,pulse_batch,x,,,,,-3,,5294,1236,1229,40,77,,6709537856828,
2026-08-17 23:21:20.131,pulse_batch,y,,,,,3,,2713,-759,-743,4,4,,6709538119474,
2026-08-17 23:21:20.153,pulse_batch,y,,,,,3,,2716,-756,-740,4,4,,6709559875606,
2026-08-17 23:21:20.153,pulse_batch,x,,,,,-3,,5297,1233,1229,37,77,,6709560195418,
2026-08-17 23:21:20.173,pulse_batch,y,,,,,3,,2719,-753,-737,4,4,,6709580424727,
2026-08-17 23:21:20.174,pulse_batch,x,,,,,-3,,5300,1230,1229,34,77,,6709580719336,
2026-08-17 23:21:20.194,pulse_batch,y,,,,,3,,2722,-750,-734,4,4,,6709600842775,
2026-08-17 23:21:20.194,pulse_batch,x,,,,,-3,,5303,1227,1229,31,77,,6709601135181,
2026-08-17 23:21:20.217,pulse_batch,y,,,,,3,,2725,-747,-731,4,4,,6709623662474,
2026-08-17 23:21:20.217,pulse_batch,x,,,,,-3,,5306,1224,1229,28,77,,6709623916306,
2026-08-17 23:21:20.237,pulse_batch,y,,,,,3,,2728,-744,-728,4,4,,6709644268410,
2026-08-17 23:21:20.237,pulse_batch,x,,,,,-3,,5309,1221,1229,25,77,,6709644456186,
2026-08-17 23:21:20.258,pulse_batch,y,,,,,3,,2731,-741,-725,4,4,,6709664707865,
2026-08-17 23:21:20.258,pulse_batch,x,,,,,-3,,5312,1218,1229,22,77,,6709664874716,
2026-08-17 23:21:20.280,pulse_batch,x,,,,,-3,,5315,1215,1229,19,77,,6709687012216,
2026-08-17 23:21:20.280,pulse_batch,y,,,,,3,,2734,-738,-722,4,4,,6709687257418,
2026-08-17 23:21:20.300,pulse_batch,x,,,,,-3,,5318,1212,1229,16,77,,6709707568059,
2026-08-17 23:21:20.303,pulse_batch,y,,,,,3,,2737,-735,-719,4,4,,6709710374411,
2026-08-17 23:21:20.321,pulse_batch,x,,,,,-3,,5321,1209,1229,13,77,,6709728021792,
2026-08-17 23:21:20.324,pulse_batch,y,,,,,3,,2740,-732,-716,4,4,,6709730848218,
2026-08-17 23:21:20.341,pulse_batch,x,,,,,-3,,5324,1206,1229,10,77,,6709748483118,
2026-08-17 23:21:20.344,pulse_batch,y,,,,,3,,2743,-729,-713,4,4,,6709751363599,
2026-08-17 23:21:20.362,pulse_batch,x,,,,,-3,,5327,1203,1229,7,77,,6709769094794,
2026-08-17 23:21:20.365,pulse_batch,y,,,,,3,,2746,-726,-710,4,4,,6709771945683,
2026-08-17 23:21:20.382,pulse_batch,x,,,,,-3,,5330,1200,1229,4,77,,6709789640545,
2026-08-17 23:21:20.385,pulse_batch,y,,,,,3,,2749,-723,-707,4,4,,6709792430601,
2026-08-17 23:21:20.403,pulse_batch,x,,,,,-3,,5333,1197,1229,1,77,,6709810080464,
2026-08-17 23:21:20.406,pulse_batch,y,,,,,3,,2752,-720,-704,4,4,,6709812912908,
2026-08-17 23:21:20.423,pulse_batch,x,,,,,-3,,5336,1194,1227,0,77,,6709830598937,
2026-08-17 23:21:20.427,pulse_batch,y,,,,,3,,2755,-717,-701,4,4,,6709833974396,
2026-08-17 23:21:20.444,pulse_batch,x,,,,,-3,,5339,1191,1224,0,77,,6709851225577,
2026-08-17 23:21:20.447,pulse_batch,y,,,,,3,,2758,-714,-698,4,4,,6709854398333,
2026-08-17 23:21:20.464,pulse_batch,x,,,,,-3,,5342,1188,1221,0,77,,6709871649458,
2026-08-17 23:21:20.468,pulse_batch,y,,,,,3,,2761,-711,-695,4,4,,6709875093620,
2026-08-17 23:21:20.486,pulse_batch,x,,,,,-3,,5345,1185,1218,0,77,,6709893561496,
2026-08-17 23:21:20.490,pulse_batch,y,,,,,3,,2764,-708,-692,4,4,,6709896977955,
2026-08-17 23:21:20.507,pulse_batch,x,,,,,-3,,5348,1182,1215,0,77,,6709914207839,
2026-08-17 23:21:20.510,pulse_batch,y,,,,,3,,2767,-705,-689,4,4,,6709917457725,
2026-08-17 23:21:20.528,pulse_batch,x,,,,,-3,,5351,1179,1212,0,77,,6709934729090,
2026-08-17 23:21:20.531,pulse_batch,y,,,,,3,,2770,-702,-686,4,4,,6709937912810,
2026-08-17 23:21:20.550,pulse_batch,x,,,,,-3,,5354,1176,1209,0,77,,6709956948015,
2026-08-17 23:21:20.553,pulse_batch,y,,,,,3,,2773,-699,-683,4,4,,6709960338659,
2026-08-17 23:21:20.571,pulse_batch,x,,,,,-3,,5357,1173,1206,0,77,,6709977706839,
2026-08-17 23:21:20.574,pulse_batch,y,,,,,3,,2776,-696,-680,4,4,,6709980992021,
2026-08-17 23:21:20.591,pulse_batch,x,,,,,-3,,5360,1170,1203,0,77,,6709998187887,
2026-08-17 23:21:20.594,pulse_batch,y,,,,,3,,2779,-693,-677,4,4,,6710001408013,
2026-08-17 23:21:20.613,pulse_batch,x,,,,,-3,,5363,1167,1200,0,77,,6710020024092,
2026-08-17 23:21:20.616,pulse_batch,y,,,,,3,,2782,-690,-674,4,4,,6710023464976,
2026-08-17 23:21:20.634,pulse_batch,x,,,,,-3,,5366,1164,1197,0,77,,6710040913082,
2026-08-17 23:21:20.637,pulse_batch,y,,,,,3,,2785,-687,-671,4,4,,6710044193041,
2026-08-17 23:21:20.654,pulse_batch,x,,,,,-3,,5369,1161,1194,0,77,,6710061511017,
2026-08-17 23:21:20.657,pulse_batch,y,,,,,3,,2788,-684,-668,4,4,,6710064613830,
2026-08-17 23:21:20.675,pulse_batch,x,,,,,-3,,5372,1158,1191,0,77,,6710081924399,
2026-08-17 23:21:20.680,pulse_batch,y,,,,,3,,2791,-681,-665,4,4,,6710086911995,
2026-08-17 23:21:20.697,pulse_batch,x,,,,,-3,,5375,1155,1188,0,77,,6710104177916,
2026-08-17 23:21:20.700,pulse_batch,y,,,,,3,,2794,-678,-662,4,4,,6710107580412,
2026-08-17 23:21:20.718,pulse_batch,x,,,,,-3,,5378,1152,1185,0,77,,6710124758500,
2026-08-17 23:21:20.721,pulse_batch,y,,,,,3,,2797,-675,-659,4,4,,6710128049404,
2026-08-17 23:21:20.738,pulse_batch,x,,,,,-3,,5381,1149,1182,0,77,,6710145245104,
2026-08-17 23:21:20.741,pulse_batch,y,,,,,3,,2800,-672,-656,4,4,,6710148588378,
2026-08-17 23:21:20.760,pulse_batch,x,,,,,-3,,5384,1146,1179,0,77,,6710167488880,
2026-08-17 23:21:20.764,pulse_batch,y,,,,,3,,2803,-669,-653,4,4,,6710170897728,
2026-08-17 23:21:20.781,pulse_batch,x,,,,,-3,,5387,1143,1176,0,77,,6710188163001,
2026-08-17 23:21:20.784,pulse_batch,y,,,,,3,,2806,-666,-650,4,4,,6710191372220,
2026-08-17 23:21:20.801,pulse_batch,x,,,,,-3,,5390,1140,1173,0,77,,6710208577753,
2026-08-17 23:21:20.805,pulse_batch,y,,,,,3,,2809,-663,-647,4,4,,6710211818509,
2026-08-17 23:21:20.824,pulse_batch,x,,,,,-3,,5393,1137,1170,0,77,,6710230689456,
2026-08-17 23:21:20.827,pulse_batch,y,,,,,3,,2812,-660,-644,4,4,,6710234089989,
2026-08-17 23:21:20.844,pulse_batch,x,,,,,-3,,5396,1134,1167,0,77,,6710251319892,
2026-08-17 23:21:20.848,pulse_batch,y,,,,,3,,2815,-657,-641,4,4,,6710254703277,
2026-08-17 23:21:20.865,pulse_batch,x,,,,,-3,,5399,1131,1164,0,77,,6710271885291,
2026-08-17 23:21:20.868,pulse_batch,y,,,,,3,,2818,-654,-638,4,4,,6710275143954,
2026-08-17 23:21:20.885,pulse_batch,x,,,,,-3,,5402,1128,1161,0,77,,6710292509023,
2026-08-17 23:21:20.888,pulse_batch,y,,,,,3,,2821,-651,-635,4,4,,6710295641113,
2026-08-17 23:21:20.906,pulse_batch,x,,,,,-3,,5405,1125,1158,0,77,,6710312996422,
2026-08-17 23:21:20.909,pulse_batch,y,,,,,3,,2824,-648,-632,4,4,,6710316161994,
2026-08-17 23:21:20.926,pulse_batch,x,,,,,-3,,5408,1122,1155,0,77,,6710333395563,
2026-08-17 23:21:20.929,pulse_batch,y,,,,,3,,2827,-645,-629,4,4,,6710336567931,
2026-08-17 23:21:20.948,pulse_batch,x,,,,,-3,,5411,1119,1152,0,77,,6710355044566,
2026-08-17 23:21:20.951,pulse_batch,y,,,,,3,,2830,-642,-626,4,4,,6710358626190,
2026-08-17 23:21:20.969,pulse_batch,x,,,,,-3,,5414,1116,1149,0,77,,6710375685057,
2026-08-17 23:21:20.972,pulse_batch,y,,,,,3,,2833,-639,-623,4,4,,6710379353681,
2026-08-17 23:21:20.989,pulse_batch,x,,,,,-3,,5417,1113,1146,0,77,,6710396122883,
2026-08-17 23:21:20.993,pulse_batch,y,,,,,3,,2836,-636,-620,4,4,,6710399771562,
2026-08-17 23:21:21.010,pulse_batch,x,,,,,-3,,5420,1110,1143,0,77,,6710416634468,
2026-08-17 23:21:21.013,pulse_batch,y,,,,,3,,2839,-633,-617,4,4,,6710420596608,
2026-08-17 23:21:21.031,pulse_batch,x,,,,,-3,,5423,1107,1140,0,77,,6710437942066,
2026-08-17 23:21:21.034,pulse_batch,y,,,,,3,,2842,-630,-614,4,4,,6710441315080,
2026-08-17 23:21:21.051,pulse_batch,x,,,,,-3,,5426,1104,1137,0,77,,6710458493484,
2026-08-17 23:21:21.055,pulse_batch,y,,,,,3,,2845,-627,-611,4,4,,6710461734980,
2026-08-17 23:21:21.072,pulse_batch,x,,,,,-3,,5429,1101,1134,0,77,,6710478954439,
2026-08-17 23:21:21.075,pulse_batch,y,,,,,3,,2848,-624,-608,4,4,,6710482270639,
2026-08-17 23:21:21.094,pulse_batch,x,,,,,-3,,5432,1098,1131,0,77,,6710501187549,
2026-08-17 23:21:21.098,pulse_batch,y,,,,,3,,2851,-621,-605,4,4,,6710504693044,
2026-08-17 23:21:21.115,pulse_batch,x,,,,,-3,,5435,1095,1128,0,77,,6710521737263,
2026-08-17 23:21:21.118,pulse_batch,y,,,,,3,,2854,-618,-602,4,4,,6710525119037,
2026-08-17 23:21:21.135,pulse_batch,x,,,,,-3,,5438,1092,1125,0,77,,6710542233607,
2026-08-17 23:21:21.138,pulse_batch,y,,,,,3,,2857,-615,-599,4,4,,6710545601159,
2026-08-17 23:21:21.158,pulse_batch,x,,,,,-3,,5441,1089,1122,0,77,,6710565356508,
2026-08-17 23:21:21.161,pulse_batch,y,,,,,3,,2860,-612,-596,4,4,,6710567965879,
2026-08-17 23:21:21.181,pulse_batch,y,,,,,3,,2863,-609,-593,4,4,,6710588485909,
2026-08-17 23:21:21.181,pulse_batch,x,,,,,-3,,5444,1086,1119,0,77,,6710588640889,
2026-08-17 23:21:21.202,pulse_batch,y,,,,,3,,2866,-606,-590,4,4,,6710608926531,
2026-08-17 23:21:21.202,pulse_batch,x,,,,,-3,,5447,1083,1116,0,77,,6710609111678,
2026-08-17 23:21:21.224,pulse_batch,x,,,,,-3,,5450,1080,1113,0,77,,6710630823903,
2026-08-17 23:21:21.224,pulse_batch,y,,,,,3,,2869,-603,-587,4,4,,6710630979309,
2026-08-17 23:21:21.244,pulse_batch,x,,,,,-3,,5453,1077,1110,0,77,,6710651381209,
2026-08-17 23:21:21.244,pulse_batch,y,,,,,3,,2872,-600,-584,4,4,,6710651557949,
2026-08-17 23:21:21.265,pulse_batch,x,,,,,-3,,5456,1074,1107,0,77,,6710671773591,
2026-08-17 23:21:21.265,pulse_batch,y,,,,,3,,2875,-597,-581,4,4,,6710671958479,
2026-08-17 23:21:21.285,pulse_batch,x,,,,,-3,,5459,1071,1104,0,77,,6710692380453,
2026-08-17 23:21:21.285,pulse_batch,y,,,,,3,,2878,-594,-578,4,4,,6710692624711,
2026-08-17 23:21:21.306,pulse_batch,x,,,,,-3,,5462,1068,1101,0,77,,6710712910056,
2026-08-17 23:21:21.306,pulse_batch,y,,,,,3,,2881,-591,-575,4,4,,6710713126036,
2026-08-17 23:21:21.326,pulse_batch,x,,,,,-3,,5465,1065,1098,0,77,,6710733328734,
2026-08-17 23:21:21.326,pulse_batch,y,,,,,3,,2884,-588,-572,4,4,,6710733513288,
2026-08-17 23:21:21.348,pulse_batch,y,,,,,3,,2887,-585,-569,4,4,,6710755247939,
2026-08-17 23:21:21.348,pulse_batch,x,,,,,-3,,5468,1062,1095,0,77,,6710755148495,
2026-08-17 23:21:21.369,pulse_batch,y,,,,,3,,2890,-582,-566,4,4,,6710775781209,
2026-08-17 23:21:21.371,pulse_batch,x,,,,,-3,,5471,1059,1092,0,77,,6710778341803,
2026-08-17 23:21:21.389,pulse_batch,y,,,,,3,,2893,-579,-563,4,4,,6710796233942,
2026-08-17 23:21:21.392,pulse_batch,x,,,,,-3,,5474,1056,1089,0,77,,6710798775647,
2026-08-17 23:21:21.410,pulse_batch,y,,,,,3,,2896,-576,-560,4,4,,6710816686879,
2026-08-17 23:21:21.414,pulse_batch,x,,,,,-3,,5477,1053,1086,0,77,,6710820755630,
2026-08-17 23:21:21.431,pulse_batch,y,,,,,3,,2899,-573,-557,4,4,,6710837830404,
2026-08-17 23:21:21.434,pulse_batch,x,,,,,-3,,5480,1050,1083,0,77,,6710841372528,
2026-08-17 23:21:21.451,pulse_batch,y,,,,,3,,2902,-570,-554,4,4,,6710858316063,
2026-08-17 23:21:21.455,pulse_batch,x,,,,,-3,,5483,1047,1080,0,77,,6710861950446,
2026-08-17 23:21:21.472,pulse_batch,y,,,,,3,,2905,-567,-551,4,4,,6710878760907,
2026-08-17 23:21:21.475,pulse_batch,x,,,,,-3,,5486,1044,1077,0,77,,6710882389791,
2026-08-17 23:21:21.492,pulse_batch,y,,,,,3,,2908,-564,-548,4,4,,6710899294714,
2026-08-17 23:21:21.496,pulse_batch,x,,,,,-3,,5489,1041,1074,0,77,,6710902923505,
2026-08-17 23:21:21.513,pulse_batch,y,,,,,3,,2911,-561,-545,4,4,,6710919769910,
2026-08-17 23:21:21.516,pulse_batch,x,,,,,-3,,5492,1038,1071,0,77,,6710923425053,
2026-08-17 23:21:21.533,pulse_batch,y,,,,,3,,2914,-558,-542,4,4,,6710940168200,
2026-08-17 23:21:21.537,pulse_batch,x,,,,,-3,,5495,1035,1068,0,77,,6710943831064,
2026-08-17 23:21:21.555,pulse_batch,y,,,,,3,,2917,-555,-539,4,4,,6710961948609,
2026-08-17 23:21:21.559,pulse_batch,x,,,,,-3,,5498,1032,1065,0,77,,6710965681103,
2026-08-17 23:21:21.575,pulse_batch,y,,,,,3,,2920,-552,-536,4,4,,6710982447138,
2026-08-17 23:21:21.579,pulse_batch,x,,,,,-3,,5501,1029,1062,0,77,,6710986155206,
2026-08-17 23:21:21.596,pulse_batch,y,,,,,3,,2923,-549,-533,4,4,,6711002842761,
2026-08-17 23:21:21.599,pulse_batch,x,,,,,-3,,5504,1026,1059,0,77,,6711006575569,
2026-08-17 23:21:21.618,pulse_batch,y,,,,,3,,2926,-546,-530,4,4,,6711024659596,
2026-08-17 23:21:21.624,pulse_batch,x,,,,,-3,,5507,1023,1056,0,77,,6711031503087,
2026-08-17 23:21:21.638,pulse_batch,y,,,,,3,,2929,-543,-527,4,4,,6711045274958,
2026-08-17 23:21:21.645,pulse_batch,x,,,,,-3,,5510,1020,1053,0,77,,6711052206171,
2026-08-17 23:21:21.659,pulse_batch,y,,,,,3,,2932,-540,-524,4,4,,6711065894394,
2026-08-17 23:21:21.665,pulse_batch,x,,,,,-3,,5513,1017,1050,0,77,,6711072592386,
2026-08-17 23:21:21.682,pulse_batch,y,,,,,3,,2935,-537,-521,4,4,,6711089336274,
2026-08-17 23:21:21.686,pulse_batch,x,,,,,-3,,5516,1014,1047,0,77,,6711093218174,
2026-08-17 23:21:21.703,pulse_batch,y,,,,,3,,2938,-534,-518,4,4,,6711109854062,
2026-08-17 23:21:21.710,pulse_batch,x,,,,,-3,,5519,1011,1044,0,77,,6711116853719,
2026-08-17 23:21:21.723,pulse_batch,y,,,,,3,,2941,-531,-515,4,4,,6711130287944,
2026-08-17 23:21:21.730,pulse_batch,x,,,,,-3,,5522,1008,1041,0,77,,6711137270823,
2026-08-17 23:21:21.744,pulse_batch,y,,,,,3,,2944,-528,-512,4,4,,6711150797492,
2026-08-17 23:21:21.751,pulse_batch,x,,,,,-3,,5525,1005,1038,0,77,,6711158516958,
2026-08-17 23:21:21.765,pulse_batch,y,,,,,3,,2947,-525,-509,4,4,,6711172479976,
2026-08-17 23:21:21.772,pulse_batch,x,,,,,-3,,5528,1002,1035,0,77,,6711179083895,
2026-08-17 23:21:21.786,pulse_batch,y,,,,,3,,2950,-522,-506,4,4,,6711192932246,
2026-08-17 23:21:21.792,pulse_batch,x,,,,,-3,,5531,999,1032,0,77,,6711199551350,
2026-08-17 23:21:21.806,pulse_batch,y,,,,,3,,2953,-519,-503,4,4,,6711213355980,
2026-08-17 23:21:21.813,pulse_batch,x,,,,,-3,,5534,996,1029,0,77,,6711220073231,
2026-08-17 23:21:21.828,pulse_batch,y,,,,,3,,2956,-516,-500,4,4,,6711234709448,
2026-08-17 23:21:21.835,pulse_batch,x,,,,,-3,,5537,993,1026,0,77,,6711241821567,
2026-08-17 23:21:21.849,pulse_batch,y,,,,,3,,2959,-513,-497,4,4,,6711255761677,
2026-08-17 23:21:21.855,pulse_batch,x,,,,,-3,,5540,990,1023,0,77,,6711262506984,
2026-08-17 23:21:21.873,pulse_batch,y,,,,,3,,2962,-510,-494,4,4,,6711280072477,
2026-08-17 23:21:21.876,pulse_batch,x,,,,,-3,,5543,987,1020,0,77,,6711282994124,
2026-08-17 23:21:21.894,pulse_batch,y,,,,,3,,2965,-507,-491,4,4,,6711301098225,
2026-08-17 23:21:21.898,pulse_batch,x,,,,,-3,,5546,984,1017,0,77,,6711304812774,
2026-08-17 23:21:21.915,pulse_batch,y,,,,,3,,2968,-504,-488,4,4,,6711321917752,
2026-08-17 23:21:21.918,pulse_batch,x,,,,,-3,,5549,981,1014,0,77,,6711325516858,
2026-08-17 23:21:21.936,pulse_batch,y,,,,,3,,2971,-501,-485,4,4,,6711342923574,
2026-08-17 23:21:21.939,pulse_batch,x,,,,,-3,,5552,978,1011,0,77,,6711346413792,
2026-08-17 23:21:21.957,pulse_batch,y,,,,,3,,2974,-498,-482,4,4,,6711364443467,
2026-08-17 23:21:21.961,pulse_batch,x,,,,,-3,,5555,975,1008,0,77,,6711368117813,
2026-08-17 23:21:21.978,pulse_batch,y,,,,,3,,2977,-495,-479,4,4,,6711385088884,
2026-08-17 23:21:21.982,pulse_batch,x,,,,,-3,,5558,972,1005,0,77,,6711388887377,
2026-08-17 23:21:21.998,pulse_batch,y,,,,,3,,2980,-492,-476,4,4,,6711405525914,
2026-08-17 23:21:22.002,pulse_batch,x,,,,,-3,,5561,969,1002,0,77,,6711409483443,
2026-08-17 23:21:22.020,pulse_batch,y,,,,,3,,2983,-489,-473,4,4,,6711426925604,
2026-08-17 23:21:22.024,pulse_batch,x,,,,,-3,,5564,966,999,0,77,,6711430748208,
2026-08-17 23:21:22.040,pulse_batch,y,,,,,3,,2986,-486,-470,4,4,,6711447474448,
2026-08-17 23:21:22.044,pulse_batch,x,,,,,-3,,5567,963,996,0,77,,6711451314644,
2026-08-17 23:21:22.061,pulse_batch,y,,,,,3,,2989,-483,-467,4,4,,6711467969996,
2026-08-17 23:21:22.065,pulse_batch,x,,,,,-3,,5570,960,993,0,77,,6711471835748,
2026-08-17 23:21:22.083,pulse_batch,y,,,,,3,,2992,-480,-464,4,4,,6711490127829,
2026-08-17 23:21:22.087,pulse_batch,x,,,,,-3,,5573,957,990,0,77,,6711493641139,
2026-08-17 23:21:22.104,pulse_batch,y,,,,,3,,2995,-477,-461,4,4,,6711510970338,
2026-08-17 23:21:22.108,pulse_batch,x,,,,,-3,,5576,954,987,0,77,,6711514663072,
2026-08-17 23:21:22.124,pulse_batch,y,,,,,3,,2998,-474,-458,4,4,,6711531448812,
2026-08-17 23:21:22.128,pulse_batch,x,,,,,-3,,5579,951,984,0,77,,6711535141991,
2026-08-17 23:21:22.145,pulse_batch,y,,,,,3,,3001,-471,-455,4,4,,6711552014859,
2026-08-17 23:21:22.150,pulse_batch,x,,,,,-3,,5582,948,981,0,77,,6711557079029,
2026-08-17 23:21:22.167,pulse_batch,y,,,,,3,,3004,-468,-452,4,4,,6711574281673,
2026-08-17 23:21:22.171,pulse_batch,x,,,,,-3,,5585,945,978,0,77,,6711577949722,
2026-08-17 23:21:22.188,pulse_batch,y,,,,,3,,3007,-465,-449,4,4,,6711594739555,
2026-08-17 23:21:22.191,pulse_batch,x,,,,,-3,,5588,942,975,0,77,,6711598472141,
2026-08-17 23:21:22.208,pulse_batch,y,,,,,3,,3010,-462,-446,4,4,,6711615224769,
2026-08-17 23:21:22.212,pulse_batch,x,,,,,-3,,5591,939,972,0,77,,6711619076058,
2026-08-17 23:21:22.231,pulse_batch,y,,,,,3,,3013,-459,-443,4,4,,6711638205578,
2026-08-17 23:21:22.235,pulse_batch,x,,,,,-3,,5594,936,969,0,77,,6711641639333,
2026-08-17 23:21:22.252,pulse_batch,y,,,,,3,,3016,-456,-440,4,4,,6711658803755,
2026-08-17 23:21:22.255,pulse_batch,x,,,,,-3,,5597,933,966,0,77,,6711662155918,
2026-08-17 23:21:22.272,pulse_batch,y,,,,,3,,3019,-453,-437,4,4,,6711679568746,
2026-08-17 23:21:22.276,pulse_batch,x,,,,,-3,,5600,930,963,0,77,,6711682959538,
2026-08-17 23:21:22.294,pulse_batch,y,,,,,3,,3022,-450,-434,4,4,,6711701607765,
2026-08-17 23:21:22.298,pulse_batch,x,,,,,-3,,5603,927,960,0,77,,6711705004113,
2026-08-17 23:21:22.315,pulse_batch,y,,,,,3,,3025,-447,-431,4,4,,6711722354293,
2026-08-17 23:21:22.319,pulse_batch,x,,,,,-3,,5606,924,957,0,77,,6711725940287,
2026-08-17 23:21:22.336,pulse_batch,y,,,,,3,,3028,-444,-428,4,4,,6711743127746,
2026-08-17 23:21:22.341,pulse_batch,x,,,,,-3,,5609,921,954,0,77,,6711746473150,
2026-08-17 23:21:22.358,pulse_batch,y,,,,,3,,3031,-441,-425,4,4,,6711765314005,
2026-08-17 23:21:22.362,pulse_batch,x,,,,,-3,,5612,918,951,0,77,,6711769013388,
2026-08-17 23:21:22.379,pulse_batch,y,,,,,3,,3034,-438,-422,4,4,,6711785794387,
2026-08-17 23:21:22.382,pulse_batch,x,,,,,-3,,5615,915,948,0,77,,6711789592639,
2026-08-17 23:21:22.399,pulse_batch,y,,,,,3,,3037,-435,-419,4,4,,6711806245231,
2026-08-17 23:21:22.403,pulse_batch,x,,,,,-3,,5618,912,945,0,77,,6711810071650,
2026-08-17 23:21:22.422,pulse_batch,y,,,,,3,,3040,-432,-416,4,4,,6711829259540,
2026-08-17 23:21:22.425,pulse_batch,x,,,,,-3,,5621,909,942,0,77,,6711831736653,
2026-08-17 23:21:22.443,pulse_batch,y,,,,,3,,3043,-429,-413,4,4,,6711849823717,
2026-08-17 23:21:22.446,pulse_batch,x,,,,,-3,,5624,906,939,0,77,,6711853231028,
2026-08-17 23:21:22.463,pulse_batch,y,,,,,3,,3046,-426,-410,4,4,,6711870488394,
2026-08-17 23:21:22.467,pulse_batch,x,,,,,-3,,5627,903,936,0,77,,6711873720446,
2026-08-17 23:21:22.484,pulse_batch,y,,,,,3,,3049,-423,-407,4,4,,6711891492586,
2026-08-17 23:21:22.488,pulse_batch,x,,,,,-3,,5630,900,933,0,77,,6711895085488,
2026-08-17 23:21:22.505,pulse_batch,y,,,,,3,,3052,-420,-404,4,4,,6711912055301,
2026-08-17 23:21:22.509,pulse_batch,x,,,,,-3,,5633,897,930,0,77,,6711915915386,
2026-08-17 23:21:22.525,pulse_batch,y,,,,,3,,3055,-417,-401,4,4,,6711932494330,
2026-08-17 23:21:22.529,pulse_batch,x,,,,,-3,,5636,894,927,0,77,,6711936403989,
2026-08-17 23:21:22.546,pulse_batch,y,,,,,3,,3058,-414,-398,4,4,,6711953247710,
2026-08-17 23:21:22.551,pulse_batch,x,,,,,-3,,5639,891,924,0,77,,6711958495804,
2026-08-17 23:21:22.569,pulse_batch,y,,,,,3,,3061,-411,-395,4,4,,6711975802522,
2026-08-17 23:21:22.572,pulse_batch,x,,,,,-3,,5642,888,921,0,77,,6711979140166,
2026-08-17 23:21:22.589,pulse_batch,y,,,,,3,,3064,-408,-392,4,4,,6711996302385,
2026-08-17 23:21:22.592,pulse_batch,x,,,,,-3,,5645,885,918,0,77,,6711999594918,
2026-08-17 23:21:22.610,pulse_batch,y,,,,,3,,3067,-405,-389,4,4,,6712017227189,
2026-08-17 23:21:22.614,pulse_batch,x,,,,,-3,,5648,882,915,0,77,,6712020810091,
2026-08-17 23:21:22.632,pulse_batch,y,,,,,3,,3070,-402,-386,4,4,,6712039526929,
2026-08-17 23:21:22.636,pulse_batch,x,,,,,-3,,5651,879,912,0,77,,6712043034090,
2026-08-17 23:21:22.653,pulse_batch,y,,,,,3,,3073,-399,-383,4,4,,6712060030236,
2026-08-17 23:21:22.656,pulse_batch,x,,,,,-3,,5654,876,909,0,77,,6712063533046,
2026-08-17 23:21:22.673,pulse_batch,y,,,,,3,,3076,-396,-380,4,4,,6712080508784,
2026-08-17 23:21:22.677,pulse_batch,x,,,,,-3,,5657,873,906,0,77,,6712084127741,
2026-08-17 23:21:22.695,pulse_batch,y,,,,,3,,3079,-393,-377,4,4,,6712101621050,
2026-08-17 23:21:22.698,pulse_batch,x,,,,,-3,,5660,870,903,0,77,,6712105242970,
2026-08-17 23:21:22.715,pulse_batch,y,,,,,3,,3082,-390,-374,4,4,,6712122445244,
2026-08-17 23:21:22.719,pulse_batch,x,,,,,-3,,5663,867,900,0,77,,6712125686611,
2026-08-17 23:21:22.736,pulse_batch,y,,,,,3,,3085,-387,-371,4,4,,6712142971329,
2026-08-17 23:21:22.740,pulse_batch,x,,,,,-3,,5666,864,897,0,77,,6712146689859,
2026-08-17 23:21:22.758,pulse_batch,y,,,,,3,,3088,-384,-368,4,4,,6712164936219,
2026-08-17 23:21:22.761,pulse_batch,x,,,,,-3,,5669,861,894,0,77,,6712168516510,
2026-08-17 23:21:22.778,pulse_batch,y,,,,,3,,3091,-381,-365,4,4,,6712185583803,
2026-08-17 23:21:22.782,pulse_batch,x,,,,,-3,,5672,858,891,0,77,,6712189224723,
2026-08-17 23:21:22.799,pulse_batch,y,,,,,3,,3094,-378,-362,4,4,,6712206024370,
2026-08-17 23:21:22.803,pulse_batch,x,,,,,-3,,5675,855,888,0,77,,6712209691419,
2026-08-17 23:21:22.822,pulse_batch,y,,,,,3,,3097,-375,-359,4,4,,6712228524571,
2026-08-17 23:21:22.825,pulse_batch,x,,,,,-3,,5678,852,885,0,77,,6712232113250,
2026-08-17 23:21:22.842,pulse_batch,y,,,,,3,,3100,-372,-356,4,4,,6712248961508,
2026-08-17 23:21:22.846,pulse_batch,x,,,,,-3,,5681,849,882,0,77,,6712253142017,
2026-08-17 23:21:22.862,pulse_batch,y,,,,,3,,3103,-369,-353,4,4,,6712269470667,
2026-08-17 23:21:22.866,pulse_batch,x,,,,,-3,,5684,846,879,0,77,,6712273591695,
2026-08-17 23:21:22.885,pulse_batch,y,,,,,3,,3106,-366,-350,4,4,,6712292123664,
2026-08-17 23:21:22.889,pulse_batch,x,,,,,-3,,5687,843,876,0,77,,6712295818917,
2026-08-17 23:21:22.906,pulse_batch,y,,,,,3,,3109,-363,-347,4,4,,6712312756877,
2026-08-17 23:21:22.909,pulse_batch,x,,,,,-3,,5690,840,873,0,77,,6712316461427,
2026-08-17 23:21:22.926,pulse_batch,y,,,,,3,,3112,-360,-344,4,4,,6712333215592,
2026-08-17 23:21:22.930,pulse_batch,x,,,,,-3,,5693,837,870,0,77,,6712336907438,
2026-08-17 23:21:22.947,pulse_batch,y,,,,,3,,3115,-357,-341,4,4,,6712353731158,
2026-08-17 23:21:22.951,pulse_batch,x,,,,,-3,,5696,834,867,0,77,,6712358451090,
2026-08-17 23:21:22.969,pulse_batch,y,,,,,3,,3118,-354,-338,4,4,,6712375691141,
2026-08-17 23:21:22.972,pulse_batch,x,,,,,-3,,5699,831,864,0,77,,6712379408875,
2026-08-17 23:21:22.989,pulse_batch,y,,,,,3,,3121,-351,-335,4,4,,6712396128708,
2026-08-17 23:21:22.993,pulse_batch,x,,,,,-3,,5702,828,861,0,77,,6712399861924,
2026-08-17 23:21:23.009,pulse_batch,y,,,,,3,,3124,-348,-332,4,4,,6712416598164,
2026-08-17 23:21:23.014,pulse_batch,x,,,,,-3,,5705,825,858,0,77,,6712420698562,
2026-08-17 23:21:23.032,pulse_batch,y,,,,,3,,3127,-345,-329,4,4,,6712438947088,
2026-08-17 23:21:23.035,pulse_batch,x,,,,,-3,,5708,822,855,0,77,,6712442562194,
2026-08-17 23:21:23.052,pulse_batch,y,,,,,3,,3130,-342,-326,4,4,,6712459407118,
2026-08-17 23:21:23.056,pulse_batch,x,,,,,-3,,5711,819,852,0,77,,6712463044853,
2026-08-17 23:21:23.073,pulse_batch,y,,,,,3,,3133,-339,-323,4,4,,6712480064165,
2026-08-17 23:21:23.076,pulse_batch,x,,,,,-3,,5714,816,849,0,77,,6712483614697,
2026-08-17 23:21:23.096,pulse_batch,y,,,,,3,,3136,-336,-320,4,4,,6712503278862,
2026-08-17 23:21:23.099,pulse_batch,x,,,,,-3,,5717,813,846,0,77,,6712506028584,
2026-08-17 23:21:23.117,pulse_batch,y,,,,,3,,3139,-333,-317,4,4,,6712523764614,
2026-08-17 23:21:23.119,pulse_batch,x,,,,,-3,,5720,810,843,0,77,,6712526473873,
2026-08-17 23:21:23.138,pulse_batch,y,,,,,3,,3142,-330,-314,4,4,,6712545493042,
2026-08-17 23:21:23.140,pulse_batch,x,,,,,-3,,5723,807,840,0,77,,6712547083810,
2026-08-17 23:21:23.159,pulse_batch,y,,,,,3,,3145,-327,-311,4,4,,6712566043090,
2026-08-17 23:21:23.161,pulse_batch,x,,,,,-3,,5726,804,837,0,77,,6712568617610,
2026-08-17 23:21:23.179,pulse_batch,y,,,,,3,,3148,-324,-308,4,4,,6712586601916,
2026-08-17 23:21:23.182,pulse_batch,x,,,,,-3,,5729,801,834,0,77,,6712589281176,
2026-08-17 23:21:23.200,pulse_batch,y,,,,,3,,3151,-321,-305,4,4,,6712607122778,
2026-08-17 23:21:23.203,pulse_batch,x,,,,,-3,,5732,798,831,0,77,,6712609782205,
2026-08-17 23:21:23.221,pulse_batch,y,,,,,3,,3154,-318,-302,4,4,,6712628503839,
2026-08-17 23:21:23.225,pulse_batch,x,,,,,-3,,5735,795,828,0,77,,6712632073223,
2026-08-17 23:21:23.242,pulse_batch,y,,,,,3,,3157,-315,-299,4,4,,6712649084109,
2026-08-17 23:21:23.246,pulse_batch,x,,,,,-3,,5738,792,825,0,77,,6712652716974,
2026-08-17 23:21:23.262,pulse_batch,y,,,,,3,,3160,-312,-296,4,4,,6712669540713,
2026-08-17 23:21:23.266,pulse_batch,x,,,,,-3,,5741,789,822,0,77,,6712673156504,
2026-08-17 23:21:23.285,pulse_batch,y,,,,,3,,3163,-309,-293,4,4,,6712691954007,
2026-08-17 23:21:23.288,pulse_batch,x,,,,,-3,,5744,786,819,0,77,,6712695585150,
2026-08-17 23:21:23.305,pulse_batch,y,,,,,3,,3166,-306,-290,4,4,,6712712497629,
2026-08-17 23:21:23.309,pulse_batch,x,,,,,-3,,5747,783,816,0,77,,6712716155197,
2026-08-17 23:21:23.326,pulse_batch,y,,,,,3,,3169,-303,-287,4,4,,6712732979492,
2026-08-17 23:21:23.329,pulse_batch,x,,,,,-3,,5750,780,813,0,77,,6712736607283,
2026-08-17 23:21:23.346,pulse_batch,y,,,,,3,,3172,-300,-284,4,4,,6712753506911,
2026-08-17 23:21:23.352,pulse_batch,x,,,,,-3,,5753,777,810,0,77,,6712758585136,
2026-08-17 23:21:23.369,pulse_batch,y,,,,,3,,3175,-297,-281,4,4,,6712775928001,
2026-08-17 23:21:23.373,pulse_batch,x,,,,,-3,,5756,774,807,0,77,,6712780064400,
2026-08-17 23:21:23.389,pulse_batch,y,,,,,3,,3178,-294,-278,4,4,,6712796439901,
2026-08-17 23:21:23.394,pulse_batch,x,,,,,-3,,5759,771,804,0,77,,6712801205814,
2026-08-17 23:21:23.410,pulse_batch,y,,,,,3,,3181,-291,-275,4,4,,6712817181318,
2026-08-17 23:21:23.415,pulse_batch,x,,,,,-3,,5762,768,801,0,77,,6712822412098,
2026-08-17 23:21:23.434,pulse_batch,y,,,,,3,,3184,-288,-272,4,4,,6712839755223,
2026-08-17 23:21:23.438,pulse_batch,x,,,,,-3,,5765,765,798,0,77,,6712845281371,
2026-08-17 23:21:23.453,pulse_batch,y,,,,,3,,3187,-285,-269,4,4,,6712860229493,
2026-08-17 23:21:23.459,pulse_batch,x,,,,,-3,,5768,762,795,0,77,,6712865782771,
2026-08-17 23:21:23.474,pulse_batch,y,,,,,3,,3190,-282,-266,4,4,,6712880666949,
2026-08-17 23:21:23.479,pulse_batch,x,,,,,-3,,5771,759,792,0,77,,6712886231097,
2026-08-17 23:21:23.495,pulse_batch,y,,,,,3,,3193,-279,-263,4,4,,6712902275416,
2026-08-17 23:21:23.500,pulse_batch,x,,,,,-3,,5774,756,789,0,77,,6712906826182,
2026-08-17 23:21:23.516,pulse_batch,y,,,,,3,,3196,-276,-260,4,4,,6712922865963,
2026-08-17 23:21:23.520,pulse_batch,x,,,,,-3,,5777,753,786,0,77,,6712927354359,
2026-08-17 23:21:23.536,pulse_batch,y,,,,,3,,3199,-273,-257,4,4,,6712943297567,
2026-08-17 23:21:23.541,pulse_batch,x,,,,,-3,,5780,750,783,0,77,,6712947935148,
2026-08-17 23:21:23.559,pulse_batch,y,,,,,3,,3202,-270,-254,4,4,,6712966015212,
2026-08-17 23:21:23.562,pulse_batch,x,,,,,-3,,5783,747,780,0,77,,6712969442096,
2026-08-17 23:21:23.580,pulse_batch,y,,,,,3,,3205,-267,-251,4,4,,6712986706388,
2026-08-17 23:21:23.583,pulse_batch,x,,,,,-3,,5786,744,777,0,77,,6712990251939,
2026-08-17 23:21:23.600,pulse_batch,y,,,,,3,,3208,-264,-248,4,4,,6713007140233,
2026-08-17 23:21:23.604,pulse_batch,x,,,,,-3,,5789,741,774,0,77,,6713010774394,
2026-08-17 23:21:23.622,pulse_batch,y,,,,,3,,3211,-261,-245,4,4,,6713028709848,
2026-08-17 23:21:23.625,pulse_batch,x,,,,,-3,,5792,738,771,0,77,,6713032250287,
2026-08-17 23:21:23.642,pulse_batch,y,,,,,3,,3214,-258,-242,4,4,,6713049548098,
2026-08-17 23:21:23.646,pulse_batch,x,,,,,-3,,5795,735,768,0,77,,6713052918742,
2026-08-17 23:21:23.663,pulse_batch,y,,,,,3,,3217,-255,-239,4,4,,6713070286144,
2026-08-17 23:21:23.666,pulse_batch,x,,,,,-3,,5798,732,765,0,77,,6713073544493,
2026-08-17 23:21:23.686,pulse_batch,y,,,,,3,,3220,-252,-236,4,4,,6713092891252,
2026-08-17 23:21:23.690,pulse_batch,x,,,,,-3,,5801,729,762,0,77,,6713096585654,
2026-08-17 23:21:23.709,pulse_batch,y,,,,,3,,3223,-249,-233,4,4,,6713116140152,
2026-08-17 23:21:23.713,pulse_batch,x,,,,,-3,,5804,726,759,0,77,,6713119664536,
2026-08-17 23:21:23.730,pulse_batch,y,,,,,3,,3226,-246,-230,4,4,,6713136835051,
2026-08-17 23:21:23.733,pulse_batch,x,,,,,-3,,5807,723,756,0,77,,6713140180140,
2026-08-17 23:21:23.756,pulse_batch,y,,,,,3,,3229,-243,-227,4,4,,6713160751373,
2026-08-17 23:21:23.756,pulse_batch,x,,,,,-3,,5810,720,753,0,77,,6713163225338,
2026-08-17 23:21:23.775,pulse_batch,y,,,,,3,,3232,-240,-224,4,4,,6713181609437,
2026-08-17 23:21:23.777,pulse_batch,x,,,,,-3,,5813,717,750,0,77,,6713183939551,
2026-08-17 23:21:23.795,pulse_batch,y,,,,,3,,3235,-237,-221,4,4,,6713202146133,
2026-08-17 23:21:23.797,pulse_batch,x,,,,,-3,,5816,714,747,0,77,,6713204446414,
2026-08-17 23:21:23.816,pulse_batch,y,,,,,3,,3238,-234,-218,4,4,,6713222967771,
2026-08-17 23:21:23.818,pulse_batch,x,,,,,-3,,5819,711,744,0,77,,6713225031221,
2026-08-17 23:21:23.837,pulse_batch,y,,,,,3,,3241,-231,-215,4,4,,6713243628967,
2026-08-17 23:21:23.839,pulse_batch,x,,,,,-3,,5822,708,741,0,77,,6713245980377,
2026-08-17 23:21:23.857,pulse_batch,y,,,,,3,,3244,-228,-212,4,4,,6713264131292,
2026-08-17 23:21:23.859,pulse_batch,x,,,,,-3,,5825,705,738,0,77,,6713266410351,
2026-08-17 23:21:23.878,pulse_batch,y,,,,,3,,3247,-225,-209,4,4,,6713284830024,
2026-08-17 23:21:23.880,pulse_batch,x,,,,,-3,,5828,702,735,0,77,,6713287251879,
2026-08-17 23:21:23.898,pulse_batch,y,,,,,3,,3250,-222,-206,4,4,,6713305427424,
2026-08-17 23:21:23.902,pulse_batch,x,,,,,-3,,5831,699,732,0,77,,6713309114566,
2026-08-17 23:21:23.919,pulse_batch,y,,,,,3,,3253,-219,-203,4,4,,6713326427339,
2026-08-17 23:21:23.922,pulse_batch,x,,,,,-3,,5834,696,729,0,77,,6713329535670,
2026-08-17 23:21:23.941,pulse_batch,y,,,,,3,,3256,-216,-200,4,4,,6713347797122,
2026-08-17 23:21:23.943,pulse_batch,x,,,,,-3,,5837,693,726,0,77,,6713349988922,
2026-08-17 23:21:23.964,pulse_batch,y,,,,,3,,3259,-213,-197,4,4,,6713371404057,
2026-08-17 23:21:23.964,pulse_batch,x,,,,,-3,,5840,690,723,0,77,,6713371618907,
2026-08-17 23:21:23.985,pulse_batch,y,,,,,3,,3262,-210,-194,4,4,,6713391942141,
2026-08-17 23:21:23.985,pulse_batch,x,,,,,-3,,5843,687,720,0,77,,6713392120233,
2026-08-17 23:21:24.005,pulse_batch,y,,,,,3,,3265,-207,-191,4,4,,6713412357505,
2026-08-17 23:21:24.005,pulse_batch,x,,,,,-3,,5846,684,717,0,77,,6713412583355,
2026-08-17 23:21:24.027,pulse_batch,x,,,,,-3,,5849,681,714,0,77,,6713434097563,
2026-08-17 23:21:24.027,pulse_batch,y,,,,,3,,3268,-204,-188,4,4,,6713434319488,
2026-08-17 23:21:24.048,pulse_batch,y,,,,,3,,3271,-201,-185,4,4,,6713454794629,
2026-08-17 23:21:24.048,pulse_batch,x,,,,,-3,,5852,678,711,0,77,,6713454979776,
2026-08-17 23:21:24.068,pulse_batch,y,,,,,3,,3274,-198,-182,4,4,,6713475201030,
2026-08-17 23:21:24.068,pulse_batch,x,,,,,-3,,5855,675,708,0,77,,6713475436176,
2026-08-17 23:21:24.090,pulse_batch,x,,,,,-3,,5858,672,705,0,77,,6713497464714,
2026-08-17 23:21:24.091,pulse_batch,y,,,,,3,,3277,-195,-179,4,4,,6713497703935,
2026-08-17 23:21:24.111,pulse_batch,x,,,,,-3,,5861,669,702,0,77,,6713517984188,
2026-08-17 23:21:24.111,pulse_batch,y,,,,,3,,3280,-192,-176,4,4,,6713518209502,
2026-08-17 23:21:24.131,pulse_batch,x,,,,,-3,,5864,666,699,0,77,,6713538400959,
2026-08-17 23:21:24.131,pulse_batch,y,,,,,3,,3283,-189,-173,4,4,,6713538592551,
2026-08-17 23:21:24.154,pulse_batch,x,,,,,-3,,5867,663,696,0,77,,6713560846458,
2026-08-17 23:21:24.154,pulse_batch,y,,,,,3,,3286,-186,-170,4,4,,6713561115530,
2026-08-17 23:21:24.174,pulse_batch,y,,,,,3,,3289,-183,-167,4,4,,6713581598874,
2026-08-17 23:21:24.175,pulse_batch,x,,,,,-3,,5870,660,693,0,77,,6713581469375,
2026-08-17 23:21:24.195,pulse_batch,x,,,,,-3,,5873,657,690,0,77,,6713601929331,
2026-08-17 23:21:24.195,pulse_batch,y,,,,,3,,3292,-180,-164,4,4,,6713602114960,
2026-08-17 23:21:24.217,pulse_batch,y,,,,,3,,3295,-177,-161,4,4,,6713622589490,
2026-08-17 23:21:24.218,pulse_batch,x,,,,,-3,,5876,654,687,0,77,,6713624617587,
2026-08-17 23:21:24.236,pulse_batch,y,,,,,3,,3298,-174,-158,4,4,,6713643084316,
2026-08-17 23:21:24.238,pulse_batch,x,,,,,-3,,5879,651,684,0,77,,6713645209264,
2026-08-17 23:21:24.256,pulse_batch,y,,,,,3,,3301,-171,-155,4,4,,6713663507698,
2026-08-17 23:21:24.259,pulse_batch,x,,,,,-3,,5882,648,681,0,77,,6713665669165,
2026-08-17 23:21:24.277,pulse_batch,y,,,,,3,,3304,-168,-152,4,4,,6713683968172,
2026-08-17 23:21:24.279,pulse_batch,x,,,,,-3,,5885,645,678,0,77,,6713686127491,
2026-08-17 23:21:24.297,pulse_batch,y,,,,,3,,3307,-165,-149,4,4,,6713704454776,
2026-08-17 23:21:24.300,pulse_batch,x,,,,,-3,,5888,642,675,0,77,,6713707561792,
2026-08-17 23:21:24.318,pulse_batch,y,,,,,3,,3310,-162,-146,4,4,,6713724913251,
2026-08-17 23:21:24.321,pulse_batch,x,,,,,-3,,5891,639,672,0,77,,6713728053322,
2026-08-17 23:21:24.338,pulse_batch,y,,,,,3,,3313,-159,-143,4,4,,6713745352262,
2026-08-17 23:21:24.341,pulse_batch,x,,,,,-3,,5894,636,669,0,77,,6713748479834,
2026-08-17 23:21:24.360,pulse_batch,y,,,,,3,,3316,-156,-140,4,4,,6713767362337,
2026-08-17 23:21:24.364,pulse_batch,x,,,,,-3,,5897,633,666,0,77,,6713770959813,
2026-08-17 23:21:24.381,pulse_batch,y,,,,,3,,3319,-153,-137,4,4,,6713787974292,
2026-08-17 23:21:24.385,pulse_batch,x,,,,,-3,,5900,630,663,0,77,,6713791735545,
2026-08-17 23:21:24.401,pulse_batch,y,,,,,3,,3322,-150,-134,4,4,,6713808406397,
2026-08-17 23:21:24.405,pulse_batch,x,,,,,-3,,5903,627,660,0,77,,6713812151316,
2026-08-17 23:21:24.423,pulse_batch,y,,,,,3,,3325,-147,-131,4,4,,6713830609063,
2026-08-17 23:21:24.428,pulse_batch,x,,,,,-3,,5906,624,657,0,77,,6713834742943,
2026-08-17 23:21:24.444,pulse_batch,y,,,,,3,,3328,-144,-128,4,4,,6713851151037,
2026-08-17 23:21:24.448,pulse_batch,x,,,,,-3,,5909,621,654,0,77,,6713855303343,
2026-08-17 23:21:24.464,pulse_batch,y,,,,,3,,3331,-141,-125,4,4,,6713871548493,
2026-08-17 23:21:24.469,pulse_batch,x,,,,,-3,,5912,618,651,0,77,,6713875719521,
2026-08-17 23:21:24.485,pulse_batch,y,,,,,3,,3334,-138,-122,4,4,,6713892099615,
2026-08-17 23:21:24.490,pulse_batch,x,,,,,-3,,5915,615,648,0,77,,6713897387450,
2026-08-17 23:21:24.505,pulse_batch,y,,,,,3,,3337,-135,-119,4,4,,6713912550960,
2026-08-17 23:21:24.511,pulse_batch,x,,,,,-3,,5918,612,645,0,77,,6713917885258,
2026-08-17 23:21:24.526,pulse_batch,y,,,,,3,,3340,-132,-116,4,4,,6713933020453,
2026-08-17 23:21:24.531,pulse_batch,x,,,,,-3,,5921,609,642,0,77,,6713938281974,
2026-08-17 23:21:24.547,pulse_batch,y,,,,,3,,3343,-129,-113,4,4,,6713953622427,
2026-08-17 23:21:24.552,pulse_batch,x,,,,,-3,,5924,606,639,0,77,,6713958811522,
2026-08-17 23:21:24.567,pulse_batch,y,,,,,3,,3346,-126,-110,4,4,,6713974345029,
2026-08-17 23:21:24.572,pulse_batch,x,,,,,-3,,5927,603,636,0,77,,6713979280903,
2026-08-17 23:21:24.588,pulse_batch,y,,,,,3,,3349,-123,-107,4,4,,6713994822651,
2026-08-17 23:21:24.593,pulse_batch,x,,,,,-3,,5930,600,633,0,77,,6713999735267,
2026-08-17 23:21:24.608,pulse_batch,y,,,,,3,,3352,-120,-104,4,4,,6714015267256,
2026-08-17 23:21:24.614,pulse_batch,x,,,,,-3,,5933,597,630,0,77,,6714020768867,
2026-08-17 23:21:24.629,pulse_batch,y,,,,,3,,3355,-117,-101,4,4,,6714035791304,
2026-08-17 23:21:24.634,pulse_batch,x,,,,,-3,,5936,594,627,0,77,,6714041620283,
2026-08-17 23:21:24.649,pulse_batch,y,,,,,3,,3358,-114,-98,4,4,,6714056384203,
2026-08-17 23:21:24.655,pulse_batch,x,,,,,-3,,5939,591,624,0,77,,6714062057443,
2026-08-17 23:21:24.670,pulse_batch,y,,,,,3,,3361,-111,-95,4,4,,6714076737956,
2026-08-17 23:21:24.676,pulse_batch,x,,,,,-3,,5942,588,621,0,77,,6714083470745,
2026-08-17 23:21:24.691,pulse_batch,y,,,,,3,,3364,-108,-92,4,4,,6714098374552,
2026-08-17 23:21:24.698,pulse_batch,x,,,,,-3,,5945,585,618,0,77,,6714105416191,
2026-08-17 23:21:24.712,pulse_batch,y,,,,,3,,3367,-105,-89,4,4,,6714118941119,
2026-08-17 23:21:24.719,pulse_batch,x,,,,,-3,,5948,582,615,0,77,,6714126011497,
2026-08-17 23:21:24.732,pulse_batch,y,,,,,3,,3370,-102,-86,4,4,,6714139465945,
2026-08-17 23:21:24.739,pulse_batch,x,,,,,-3,,5951,579,612,0,77,,6714146453787,
2026-08-17 23:21:24.754,pulse_batch,y,,,,,3,,3373,-99,-83,4,4,,6714161362187,
2026-08-17 23:21:24.761,pulse_batch,x,,,,,-3,,5954,576,609,0,77,,6714168391103,
2026-08-17 23:21:24.775,pulse_batch,y,,,,,3,,3376,-96,-80,4,4,,6714181904994,
2026-08-17 23:21:24.782,pulse_batch,x,,,,,-3,,5957,573,606,0,77,,6714188901855,
2026-08-17 23:21:24.796,pulse_batch,y,,,,,3,,3379,-93,-77,4,4,,6714202721744,
2026-08-17 23:21:24.803,pulse_batch,x,,,,,-3,,5960,570,603,0,77,,6714209728531,
2026-08-17 23:21:24.818,pulse_batch,y,,,,,3,,3382,-90,-74,4,4,,6714224784301,
2026-08-17 23:21:24.825,pulse_batch,x,,,,,-3,,5963,567,600,0,77,,6714231654533,
2026-08-17 23:21:24.838,pulse_batch,y,,,,,3,,3385,-87,-71,4,4,,6714245423718,
2026-08-17 23:21:24.845,pulse_batch,x,,,,,-3,,5966,564,597,0,77,,6714252283913,
2026-08-17 23:21:24.859,pulse_batch,y,,,,,3,,3388,-84,-68,4,4,,6714265846786,
2026-08-17 23:21:24.866,pulse_batch,x,,,,,-3,,5969,561,594,0,77,,6714272707906,
2026-08-17 23:21:24.879,pulse_batch,y,,,,,3,,3391,-81,-65,4,4,,6714286350871,
2026-08-17 23:21:24.888,pulse_batch,x,,,,,-3,,5972,558,591,0,77,,6714295525587,
2026-08-17 23:21:24.902,pulse_batch,y,,,,,3,,3394,-78,-62,4,4,,6714309197681,
2026-08-17 23:21:24.909,pulse_batch,x,,,,,-3,,5975,555,588,0,77,,6714316276764,
2026-08-17 23:21:24.922,pulse_batch,y,,,,,3,,3397,-75,-59,4,4,,6714329637841,
2026-08-17 23:21:24.930,pulse_batch,x,,,,,-3,,5978,552,585,0,77,,6714336728386,
2026-08-17 23:21:24.943,pulse_batch,y,,,,,3,,3400,-72,-56,4,4,,6714350074630,
2026-08-17 23:21:24.951,pulse_batch,x,,,,,-3,,5981,549,582,0,77,,6714357992689,
2026-08-17 23:21:24.968,pulse_batch,y,,,,,3,,3403,-69,-53,4,4,,6714375175852,
2026-08-17 23:21:24.972,pulse_batch,x,,,,,-3,,5984,546,579,0,77,,6714378680365,
2026-08-17 23:21:24.989,pulse_batch,y,,,,,3,,3406,-66,-50,4,4,,6714395639808,
2026-08-17 23:21:24.992,pulse_batch,x,,,,,-3,,5987,543,576,0,77,,6714399307024,
2026-08-17 23:21:25.009,pulse_batch,y,,,,,3,,3409,-63,-47,4,4,,6714416080319,
2026-08-17 23:21:25.013,pulse_batch,x,,,,,-3,,5990,540,573,0,77,,6714419745202,
2026-08-17 23:21:25.031,pulse_batch,y,,,,,3,,3412,-60,-44,4,4,,6714438524503,
2026-08-17 23:21:25.035,pulse_batch,x,,,,,-3,,5993,537,570,0,77,,6714442007331,
2026-08-17 23:21:25.052,pulse_batch,y,,,,,3,,3415,-57,-41,4,4,,6714459041199,
2026-08-17 23:21:25.056,pulse_batch,x,,,,,-3,,5996,534,567,0,77,,6714462707249,
2026-08-17 23:21:25.072,pulse_batch,y,,,,,3,,3418,-54,-38,4,4,,6714479450600,
2026-08-17 23:21:25.076,pulse_batch,x,,,,,-3,,5999,531,564,0,77,,6714483118946,
2026-08-17 23:21:25.095,pulse_batch,y,,,,,3,,3421,-51,-35,4,4,,6714501849284,
2026-08-17 23:21:25.099,pulse_batch,x,,,,,-3,,6002,528,561,0,77,,6714505568352,
2026-08-17 23:21:25.115,pulse_batch,y,,,,,3,,3424,-48,-32,4,4,,6714522395906,
2026-08-17 23:21:25.119,pulse_batch,x,,,,,-3,,6005,525,558,0,77,,6714526025530,
2026-08-17 23:21:25.136,pulse_batch,y,,,,,3,,3427,-45,-29,4,4,,6714542796159,
2026-08-17 23:21:25.139,pulse_batch,x,,,,,-3,,6008,522,555,0,77,,6714546498616,
2026-08-17 23:21:25.158,pulse_batch,y,,,,,3,,3430,-42,-26,4,4,,6714564736550,
2026-08-17 23:21:25.161,pulse_batch,x,,,,,-3,,6011,519,552,0,77,,6714568134212,
2026-08-17 23:21:25.178,pulse_batch,y,,,,,3,,3433,-39,-23,4,4,,6714585306005,
2026-08-17 23:21:25.181,pulse_batch,x,,,,,-3,,6014,516,549,0,77,,6714588638390,
2026-08-17 23:21:25.199,pulse_batch,y,,,,,3,,3436,-36,-20,4,4,,6714605801239,
2026-08-17 23:21:25.202,pulse_batch,x,,,,,-3,,6017,513,546,0,77,,6714609126568,
2026-08-17 23:21:25.221,pulse_batch,y,,,,,3,,3439,-33,-17,4,4,,6714627947591,
2026-08-17 23:21:25.224,pulse_batch,x,,,,,-3,,6020,510,543,0,77,,6714631284698,
2026-08-17 23:21:25.242,pulse_batch,y,,,,,3,,3442,-30,-14,4,4,,6714648687804,
2026-08-17 23:21:25.245,pulse_batch,x,,,,,-3,,6023,507,540,0,77,,6714652052282,
2026-08-17 23:21:25.262,pulse_batch,y,,,,,3,,3445,-27,-11,4,4,,6714669206297,
2026-08-17 23:21:25.265,pulse_batch,x,,,,,-3,,6026,504,537,0,77,,6714672460924,
2026-08-17 23:21:25.284,pulse_batch,y,,,,,3,,3448,-24,-8,4,4,,6714691279705,
2026-08-17 23:21:25.288,pulse_batch,x,,,,,-3,,6029,501,534,0,77,,6714694734756,
2026-08-17 23:21:25.305,pulse_batch,y,,,,,3,,3451,-21,-5,4,4,,6714712426231,
2026-08-17 23:21:25.309,pulse_batch,x,,,,,-3,,6032,498,531,0,77,,6714715764283,
2026-08-17 23:21:25.326,pulse_batch,y,,,,,3,,3454,-18,-2,4,4,,6714732982409,
2026-08-17 23:21:25.329,pulse_batch,x,,,,,-3,,6035,495,528,0,77,,6714736185369,
2026-08-17 23:21:25.343,pulse_batch,y,,,,,2,,3456,-16,0,4,4,,6714749985666,
2026-08-17 23:21:25.343,move_finish,y,,,6,,,,3456,-16,0,4,4,,6714750125831,
2026-08-17 23:21:25.352,pulse_batch,x,,,,,-3,,6038,492,525,0,77,,6714759447769,
2026-08-17 23:21:25.375,pulse_batch,x,,,,,-3,,6041,489,522,0,77,,6714781749083,
2026-08-17 23:21:25.395,pulse_batch,x,,,,,-3,,6044,486,519,0,77,,6714802300131,
2026-08-17 23:21:25.417,pulse_batch,x,,,,,-3,,6047,483,516,0,77,,6714824319744,
2026-08-17 23:21:25.438,pulse_batch,x,,,,,-3,,6050,480,513,0,77,,6714845554509,
2026-08-17 23:21:25.459,pulse_batch,x,,,,,-3,,6053,477,510,0,77,,6714865998021,
2026-08-17 23:21:25.479,pulse_batch,x,,,,,-3,,6056,474,507,0,77,,6714886441811,
2026-08-17 23:21:25.502,pulse_batch,x,,,,,-3,,6059,471,504,0,77,,6714908640792,
2026-08-17 23:21:25.522,pulse_batch,x,,,,,-3,,6062,468,501,0,77,,6714929085360,
2026-08-17 23:21:25.542,pulse_batch,x,,,,,-3,,6065,465,498,0,77,,6714949529556,
2026-08-17 23:21:25.568,pulse_batch,x,,,,,-3,,6068,462,495,0,77,,6714975210793,
2026-08-17 23:21:25.589,pulse_batch,x,,,,,-3,,6071,459,492,0,77,,6714995730063,
2026-08-17 23:21:25.609,pulse_batch,x,,,,,-3,,6074,456,489,0,77,,6715016198241,
2026-08-17 23:21:25.632,pulse_batch,x,,,,,-3,,6077,453,486,0,77,,6715039518586,
2026-08-17 23:21:25.653,pulse_batch,x,,,,,-3,,6080,450,483,0,77,,6715060033541,
2026-08-17 23:21:25.674,pulse_batch,x,,,,,-3,,6083,447,480,0,77,,6715081472917,
2026-08-17 23:21:25.695,pulse_batch,x,,,,,-3,,6086,444,477,0,77,,6715102350722,
2026-08-17 23:21:25.716,pulse_batch,x,,,,,-3,,6089,441,474,0,77,,6715122997140,
2026-08-17 23:21:25.736,pulse_batch,x,,,,,-3,,6092,438,471,0,77,,6715143404133,
2026-08-17 23:21:25.759,pulse_batch,x,,,,,-3,,6095,435,468,0,77,,6715166553997,
2026-08-17 23:21:25.783,pulse_batch,x,,,,,-3,,6098,432,465,0,77,,6715189839287,
2026-08-17 23:21:25.803,pulse_batch,x,,,,,-3,,6101,429,462,0,77,,6715210277095,
2026-08-17 23:21:25.826,pulse_batch,x,,,,,-3,,6104,426,459,0,77,,6715233404181,
2026-08-17 23:21:25.847,pulse_batch,x,,,,,-3,,6107,423,456,0,77,,6715253929248,
2026-08-17 23:21:25.867,pulse_batch,x,,,,,-3,,6110,420,453,0,77,,6715274355889,
2026-08-17 23:21:25.888,pulse_batch,x,,,,,-3,,6113,417,450,0,77,,6715295016622,
2026-08-17 23:21:25.909,pulse_batch,x,,,,,-3,,6116,414,447,0,77,,6715315806279,
2026-08-17 23:21:25.929,pulse_batch,x,,,,,-3,,6119,411,444,0,77,,6715336216606,
2026-08-17 23:21:25.950,pulse_batch,x,,,,,-3,,6122,408,441,0,77,,6715356688766,
2026-08-17 23:21:25.970,pulse_batch,x,,,,,-3,,6125,405,438,0,77,,6715377254240,
2026-08-17 23:21:25.991,pulse_batch,x,,,,,-3,,6128,402,435,0,77,,6715397711029,
2026-08-17 23:21:26.012,pulse_batch,x,,,,,-3,,6131,399,432,0,77,,6715419519902,
2026-08-17 23:21:26.033,pulse_batch,x,,,,,-3,,6134,396,429,0,77,,6715440263783,
2026-08-17 23:21:26.054,pulse_batch,x,,,,,-3,,6137,393,426,0,77,,6715460761553,
2026-08-17 23:21:26.074,pulse_batch,x,,,,,-3,,6140,390,423,0,77,,6715481214843,
2026-08-17 23:21:26.095,pulse_batch,x,,,,,-3,,6143,387,420,0,77,,6715502359128,
2026-08-17 23:21:26.118,pulse_batch,x,,,,,-3,,6146,384,417,0,77,,6715525340901,
2026-08-17 23:21:26.139,pulse_batch,x,,,,,-3,,6149,381,414,0,77,,6715545797931,
2026-08-17 23:21:26.159,pulse_batch,x,,,,,-3,,6152,378,411,0,77,,6715566465979,
2026-08-17 23:21:26.182,pulse_batch,x,,,,,-3,,6155,375,408,0,77,,6715589239234,
2026-08-17 23:21:26.202,pulse_batch,x,,,,,-3,,6158,372,405,0,77,,6715609652006,
2026-08-17 23:21:26.223,pulse_batch,x,,,,,-3,,6161,369,402,0,77,,6715630508793,
2026-08-17 23:21:26.244,pulse_batch,x,,,,,-3,,6164,366,399,0,77,,6715651067063,
2026-08-17 23:21:26.264,pulse_batch,x,,,,,-3,,6167,363,396,0,77,,6715671518242,
2026-08-17 23:21:26.285,pulse_batch,x,,,,,-3,,6170,360,393,0,77,,6715692073197,
2026-08-17 23:21:26.306,pulse_batch,x,,,,,-3,,6173,357,390,0,77,,6715712757652,
2026-08-17 23:21:26.326,pulse_batch,x,,,,,-3,,6176,354,387,0,77,,6715733290367,
2026-08-17 23:21:26.347,pulse_batch,x,,,,,-3,,6179,351,384,0,77,,6715753777341,
2026-08-17 23:21:26.367,pulse_batch,x,,,,,-3,,6182,348,381,0,77,,6715774466074,
2026-08-17 23:21:26.388,pulse_batch,x,,,,,-3,,6185,345,378,0,77,,6715795009493,
2026-08-17 23:21:26.409,pulse_batch,x,,,,,-3,,6188,342,375,0,77,,6715815768854,
2026-08-17 23:21:26.430,pulse_batch,x,,,,,-3,,6191,339,372,0,77,,6715836737048,
2026-08-17 23:21:26.450,pulse_batch,x,,,,,-3,,6194,336,369,0,77,,6715857383170,
2026-08-17 23:21:26.471,pulse_batch,x,,,,,-3,,6197,333,366,0,77,,6715877824330,
2026-08-17 23:21:26.497,pulse_batch,x,,,,,-3,,6200,330,363,0,77,,6715904068599,
2026-08-17 23:21:26.518,pulse_batch,x,,,,,-3,,6203,327,360,0,77,,6715924633573,
2026-08-17 23:21:26.538,pulse_batch,x,,,,,-3,,6206,324,357,0,77,,6715945094992,
2026-08-17 23:21:26.563,pulse_batch,x,,,,,-3,,6209,321,354,0,77,,6715969672884,
2026-08-17 23:21:26.583,pulse_batch,x,,,,,-3,,6212,318,351,0,77,,6715990262340,
2026-08-17 23:21:26.604,pulse_batch,x,,,,,-3,,6215,315,348,0,77,,6716010707074,
2026-08-17 23:21:26.627,pulse_batch,x,,,,,-3,,6218,312,345,0,77,,6716034513248,
2026-08-17 23:21:26.648,pulse_batch,x,,,,,-3,,6221,309,342,0,77,,6716055296925,
2026-08-17 23:21:26.669,pulse_batch,x,,,,,-3,,6224,306,339,0,77,,6716075727974,
2026-08-17 23:21:26.689,pulse_batch,x,,,,,-3,,6227,303,336,0,77,,6716096384114,
2026-08-17 23:21:26.710,pulse_batch,x,,,,,-3,,6230,300,333,0,77,,6716116957995,
2026-08-17 23:21:26.730,pulse_batch,x,,,,,-3,,6233,297,330,0,77,,6716137497377,
2026-08-17 23:21:26.752,pulse_batch,x,,,,,-3,,6236,294,327,0,77,,6716159199232,
2026-08-17 23:21:26.775,pulse_batch,x,,,,,-3,,6239,291,324,0,77,,6716182552928,
2026-08-17 23:21:26.796,pulse_batch,x,,,,,-3,,6242,288,321,0,77,,6716203020959,
2026-08-17 23:21:26.817,pulse_batch,x,,,,,-3,,6245,285,318,0,77,,6716223791302,
2026-08-17 23:21:26.837,pulse_batch,x,,,,,-3,,6248,282,315,0,77,,6716244321647,
2026-08-17 23:21:26.858,pulse_batch,x,,,,,-3,,6251,279,312,0,77,,6716264807436,
2026-08-17 23:21:26.878,pulse_batch,x,,,,,-3,,6254,276,309,0,77,,6716285299836,
2026-08-17 23:21:26.901,pulse_batch,x,,,,,-3,,6257,273,306,0,77,,6716307728094,
2026-08-17 23:21:26.921,pulse_batch,x,,,,,-3,,6260,270,303,0,77,,6716328284272,
2026-08-17 23:21:26.943,pulse_batch,x,,,,,-3,,6263,267,300,0,77,,6716350569679,
2026-08-17 23:21:26.966,pulse_batch,x,,,,,-3,,6266,264,297,0,77,,6716372966789,
2026-08-17 23:21:26.986,pulse_batch,x,,,,,-3,,6269,261,294,0,77,,6716393448819,
2026-08-17 23:21:27.007,pulse_batch,x,,,,,-3,,6272,258,291,0,77,,6716413972868,
2026-08-17 23:21:27.028,pulse_batch,x,,,,,-3,,6275,255,288,0,77,,6716434959969,
2026-08-17 23:21:27.048,pulse_batch,x,,,,,-3,,6278,252,285,0,77,,6716455477425,
2026-08-17 23:21:27.069,pulse_batch,x,,,,,-3,,6281,249,282,0,77,,6716475880085,
2026-08-17 23:21:27.090,pulse_batch,x,,,,,-3,,6284,246,279,0,77,,6716497268406,
2026-08-17 23:21:27.111,pulse_batch,x,,,,,-3,,6287,243,276,0,77,,6716517769010,
2026-08-17 23:21:27.131,pulse_batch,x,,,,,-3,,6290,240,273,0,77,,6716538251022,
2026-08-17 23:21:27.156,pulse_batch,x,,,,,-3,,6293,237,270,0,77,,6716562708026,
2026-08-17 23:21:27.176,pulse_batch,x,,,,,-3,,6296,234,267,0,77,,6716583193204,
2026-08-17 23:21:27.196,pulse_batch,x,,,,,-3,,6299,231,264,0,77,,6716603622865,
2026-08-17 23:21:27.217,pulse_batch,x,,,,,-3,,6302,228,261,0,77,,6716624206320,
2026-08-17 23:21:27.238,pulse_batch,x,,,,,-3,,6305,225,258,0,77,,6716644848979,
2026-08-17 23:21:27.258,pulse_batch,x,,,,,-3,,6308,222,255,0,77,,6716665300750,
2026-08-17 23:21:27.279,pulse_batch,x,,,,,-3,,6311,219,252,0,77,,6716685759244,
2026-08-17 23:21:27.301,pulse_batch,x,,,,,-3,,6314,216,249,0,77,,6716708113984,
2026-08-17 23:21:27.321,pulse_batch,x,,,,,-3,,6317,213,246,0,77,,6716728581477,
2026-08-17 23:21:27.344,pulse_batch,x,,,,,-3,,6320,210,243,0,77,,6716750908440,
2026-08-17 23:21:27.366,pulse_batch,x,,,,,-3,,6323,207,240,0,77,,6716773403494,
2026-08-17 23:21:27.387,pulse_batch,x,,,,,-3,,6326,204,237,0,77,,6716793939302,
2026-08-17 23:21:27.409,pulse_batch,x,,,,,-3,,6329,201,234,0,77,,6716816083617,
2026-08-17 23:21:27.430,pulse_batch,x,,,,,-3,,6332,198,231,0,77,,6716837108514,
2026-08-17 23:21:27.451,pulse_batch,x,,,,,-3,,6335,195,228,0,77,,6716857790895,
2026-08-17 23:21:27.471,pulse_batch,x,,,,,-3,,6338,192,225,0,77,,6716878228037,
2026-08-17 23:21:27.493,pulse_batch,x,,,,,-3,,6341,189,222,0,77,,6716900122298,
2026-08-17 23:21:27.514,pulse_batch,x,,,,,-3,,6344,186,219,0,77,,6716920790235,
2026-08-17 23:21:27.534,pulse_batch,x,,,,,-3,,6347,183,216,0,77,,6716941208506,
2026-08-17 23:21:27.556,pulse_batch,x,,,,,-3,,6350,180,213,0,77,,6716963169082,
2026-08-17 23:21:27.577,pulse_batch,x,,,,,-3,,6353,177,210,0,77,,6716983670353,
2026-08-17 23:21:27.597,pulse_batch,x,,,,,-3,,6356,174,207,0,77,,6717004098754,
2026-08-17 23:21:27.617,pulse_batch,x,,,,,-3,,6359,171,204,0,77,,6717024547267,
2026-08-17 23:21:27.638,pulse_batch,x,,,,,-3,,6362,168,201,0,77,,6717045199981,
2026-08-17 23:21:27.659,pulse_batch,x,,,,,-3,,6365,165,198,0,77,,6717065681956,
2026-08-17 23:21:27.679,pulse_batch,x,,,,,-3,,6368,162,195,0,77,,6717086110542,
2026-08-17 23:21:27.701,pulse_batch,x,,,,,-3,,6371,159,192,0,77,,6717107787694,
2026-08-17 23:21:27.721,pulse_batch,x,,,,,-3,,6374,156,189,0,77,,6717128243391,
2026-08-17 23:21:27.742,pulse_batch,x,,,,,-3,,6377,153,186,0,77,,6717148709533,
2026-08-17 23:21:27.764,pulse_batch,x,,,,,-3,,6380,150,183,0,77,,6717170786034,
2026-08-17 23:21:27.784,pulse_batch,x,,,,,-3,,6383,147,180,0,77,,6717191351008,
2026-08-17 23:21:27.805,pulse_batch,x,,,,,-3,,6386,144,177,0,77,,6717211758335,
2026-08-17 23:21:27.825,pulse_batch,x,,,,,-3,,6389,141,174,0,77,,6717232348087,
2026-08-17 23:21:27.846,pulse_batch,x,,,,,-3,,6392,138,171,0,77,,6717253028301,
2026-08-17 23:21:27.866,pulse_batch,x,,,,,-3,,6395,135,168,0,77,,6717273431499,
2026-08-17 23:21:27.887,pulse_batch,x,,,,,-3,,6398,132,165,0,77,,6717293996677,
2026-08-17 23:21:27.907,pulse_batch,x,,,,,-3,,6401,129,162,0,77,,6717314534521,
2026-08-17 23:21:27.928,pulse_batch,x,,,,,-3,,6404,126,159,0,77,,6717334966330,
2026-08-17 23:21:27.948,pulse_batch,x,,,,,-3,,6407,123,156,0,77,,6717355581026,
2026-08-17 23:21:27.970,pulse_batch,x,,,,,-3,,6410,120,153,0,77,,6717377546991,
2026-08-17 23:21:27.991,pulse_batch,x,,,,,-3,,6413,117,150,0,77,,6717398070132,
2026-08-17 23:21:28.011,pulse_batch,x,,,,,-3,,6416,114,147,0,77,,6717418528477,
2026-08-17 23:21:28.034,pulse_batch,x,,,,,-3,,6419,111,144,0,77,,6717440916717,
2026-08-17 23:21:28.054,pulse_batch,x,,,,,-3,,6422,108,141,0,77,,6717461337378,
2026-08-17 23:21:28.075,pulse_batch,x,,,,,-3,,6425,105,138,0,77,,6717481787316,
2026-08-17 23:21:28.097,pulse_batch,x,,,,,-3,,6428,102,135,0,77,,6717503904910,
2026-08-17 23:21:28.117,pulse_batch,x,,,,,-3,,6431,99,132,0,77,,6717524431236,
2026-08-17 23:21:28.138,pulse_batch,x,,,,,-3,,6434,96,129,0,77,,6717544863693,
2026-08-17 23:21:28.161,pulse_batch,x,,,,,-3,,6437,93,126,0,77,,6717568473129,
2026-08-17 23:21:28.182,pulse_batch,x,,,,,-3,,6440,90,123,0,77,,6717589002807,
2026-08-17 23:21:28.202,pulse_batch,x,,,,,-3,,6443,87,120,0,77,,6717609411449,
2026-08-17 23:21:28.227,pulse_batch,x,,,,,-3,,6446,84,117,0,77,,6717634182321,
2026-08-17 23:21:28.248,pulse_batch,x,,,,,-3,,6449,81,114,0,77,,6717654732925,
2026-08-17 23:21:28.268,pulse_batch,x,,,,,-3,,6452,78,111,0,77,,6717675147475,
2026-08-17 23:21:28.289,pulse_batch,x,,,,,-3,,6455,75,108,0,77,,6717695685949,
2026-08-17 23:21:28.309,pulse_batch,x,,,,,-3,,6458,72,105,0,77,,6717716208943,
2026-08-17 23:21:28.329,pulse_batch,x,,,,,-3,,6461,69,102,0,77,,6717736641307,
2026-08-17 23:21:28.350,pulse_batch,x,,,,,-3,,6464,66,99,0,77,,6717757166300,
2026-08-17 23:21:28.372,pulse_batch,x,,,,,-3,,6467,63,96,0,77,,6717778944933,
2026-08-17 23:21:28.392,pulse_batch,x,,,,,-3,,6470,60,93,0,77,,6717799437204,
2026-08-17 23:21:28.413,pulse_batch,x,,,,,-3,,6473,57,90,0,77,,6717819913846,
2026-08-17 23:21:28.435,pulse_batch,x,,,,,-3,,6476,54,87,0,77,,6717841715978,
2026-08-17 23:21:28.455,pulse_batch,x,,,,,-3,,6479,51,84,0,77,,6717862234398,
2026-08-17 23:21:28.477,pulse_batch,x,,,,,-3,,6482,48,81,0,77,,6717884121271,
2026-08-17 23:21:28.498,pulse_batch,x,,,,,-3,,6485,45,78,0,77,,6717904747615,
2026-08-17 23:21:28.518,pulse_batch,x,,,,,-3,,6488,42,75,0,77,,6717925343145,
2026-08-17 23:21:28.539,pulse_batch,x,,,,,-3,,6491,39,72,0,77,,6717945788194,
2026-08-17 23:21:28.562,pulse_batch,x,,,,,-3,,6494,36,69,0,77,,6717969047206,
2026-08-17 23:21:28.582,pulse_batch,x,,,,,-3,,6497,33,66,0,77,,6717989569199,
2026-08-17 23:21:28.603,pulse_batch,x,,,,,-3,,6500,30,63,0,77,,6718009996452,
2026-08-17 23:21:28.626,pulse_batch,x,,,,,-3,,6503,27,60,0,77,,6718032635894,
2026-08-17 23:21:28.646,pulse_batch,x,,,,,-3,,6506,24,57,0,77,,6718053149925,
2026-08-17 23:21:28.666,pulse_batch,x,,,,,-3,,6509,21,54,0,77,,6718073541233,
2026-08-17 23:21:28.687,pulse_batch,x,,,,,-3,,6512,18,51,0,77,,6718094474631,
2026-08-17 23:21:28.708,pulse_batch,x,,,,,-3,,6515,15,48,0,77,,6718115131216,
2026-08-17 23:21:28.728,pulse_batch,x,,,,,-3,,6518,12,45,0,77,,6718135605284,
2026-08-17 23:21:28.749,pulse_batch,x,,,,,-3,,6521,9,42,0,77,,6718156109629,
2026-08-17 23:21:28.771,pulse_batch,x,,,,,-3,,6524,6,39,0,77,,6718178391907,
2026-08-17 23:21:28.792,pulse_batch,x,,,,,-3,,6527,3,36,0,77,,6718199051566,
2026-08-17 23:21:28.813,pulse_batch,x,,,,,-3,,6530,0,33,0,77,,6718219641003,
2026-08-17 23:21:28.834,pulse_batch,x,,,,,-3,,6533,-3,30,0,77,,6718241414136,
2026-08-17 23:21:28.855,pulse_batch,x,,,,,-3,,6536,-6,27,0,77,,6718261984166,
2026-08-17 23:21:28.875,pulse_batch,x,,,,,-3,,6539,-9,24,0,77,,6718282505326,
2026-08-17 23:21:28.897,pulse_batch,x,,,,,-3,,6542,-12,21,0,77,,6718304333403,
2026-08-17 23:21:28.918,pulse_batch,x,,,,,-3,,6545,-15,18,0,77,,6718324912173,
2026-08-17 23:21:28.938,pulse_batch,x,,,,,-3,,6548,-18,15,0,77,,6718345348389,
2026-08-17 23:21:28.960,pulse_batch,x,,,,,-3,,6551,-21,12,0,77,,6718366687210,
2026-08-17 23:21:28.983,pulse_batch,x,,,,,-3,,6554,-24,9,0,77,,6718389788001,
2026-08-17 23:21:29.003,pulse_batch,x,,,,,-3,,6557,-27,6,0,77,,6718410265272,
2026-08-17 23:21:29.027,pulse_batch,x,,,,,-3,,6560,-30,3,0,77,,6718434528611,
2026-08-17 23:21:29.051,pulse_batch,x,,,,,-3,,6563,-33,0,0,77,,6718457846049,
2026-08-17 23:21:29.054,move_finish,x,,,6,,,,6563,-33,0,0,77,,6718461293248,
2026-08-17 23:21:29.480,target_finish,x,0,stored,,,,,,-33,0,0,77,0,,ok=True
2026-08-17 23:21:29.480,target_finish,y,0,stored,,,,,,-16,0,4,4,0,,ok=True
