timestamp,event,axis,row,target_kind,move_id,requested_steps,batch_delta,direction,total_pulses,raw_position_steps,logical_position_steps,gap_steps,backlash_steps,target_position_steps,monotonic_ns,message
2026-08-17 23:48:41.509,continuous_start,y,,,,,,1,0,0,,,4,,8350915686186,
2026-08-17 23:48:41.510,pulse_batch,y,,,,,1,,1,1,,,4,,8350917512644,
2026-08-17 23:48:41.532,pulse_batch,y,,,,,8,,9,9,,,4,,8350938747148,
2026-08-17 23:48:41.553,pulse_batch,y,,,,,8,,17,17,,,4,,8350959770876,
2026-08-17 23:48:41.575,pulse_batch,y,,,,,8,,25,25,,,4,,8350982133366,
2026-08-17 23:48:41.596,pulse_batch,y,,,,,8,,33,33,,,4,,8351003449035,
2026-08-17 23:48:41.617,pulse_batch,y,,,,,8,,41,41,,,4,,8351024526374,
2026-08-17 23:48:41.638,pulse_batch,y,,,,,7,,48,48,,,4,,8351044646356,
2026-08-17 23:48:41.659,pulse_batch,y,,,,,8,,56,56,,,4,,8351065880693,
2026-08-17 23:48:41.680,pulse_batch,y,,,,,8,,64,64,,,4,,8351086971939,
2026-08-17 23:48:41.701,pulse_batch,y,,,,,8,,72,72,,,4,,8351108178740,
2026-08-17 23:48:41.723,pulse_batch,y,,,,,7,,79,79,,,4,,8351130188289,
2026-08-17 23:48:41.744,pulse_batch,y,,,,,8,,87,87,,,4,,8351151294554,
2026-08-17 23:48:41.766,pulse_batch,y,,,,,8,,95,95,,,4,,8351172706592,
2026-08-17 23:48:41.788,pulse_batch,y,,,,,7,,102,102,,,4,,8351195007101,
2026-08-17 23:48:41.809,pulse_batch,y,,,,,8,,110,110,,,4,,8351216109495,
2026-08-17 23:48:41.830,pulse_batch,y,,,,,8,,118,118,,,4,,8351237452664,
2026-08-17 23:48:41.851,pulse_batch,y,,,,,7,,125,125,,,4,,8351257772199,
2026-08-17 23:48:41.872,pulse_batch,y,,,,,8,,133,133,,,4,,8351278999684,
2026-08-17 23:48:41.893,pulse_batch,y,,,,,8,,141,141,,,4,,8351300032561,
2026-08-17 23:48:41.913,pulse_batch,y,,,,,7,,148,148,,,4,,8351320096376,
2026-08-17 23:48:41.936,pulse_batch,y,,,,,8,,156,156,,,4,,8351342692325,
2026-08-17 23:48:41.957,pulse_batch,y,,,,,8,,164,164,,,4,,8351363709887,
2026-08-17 23:48:41.978,pulse_batch,y,,,,,7,,171,171,,,4,,8351384965169,
2026-08-17 23:48:41.999,pulse_batch,y,,,,,8,,179,179,,,4,,8351406328986,
2026-08-17 23:48:42.020,pulse_batch,y,,,,,8,,187,187,,,4,,8351427420658,
2026-08-17 23:48:42.042,pulse_batch,y,,,,,7,,194,194,,,4,,8351448929807,
2026-08-17 23:48:42.063,pulse_batch,y,,,,,7,,201,201,,,4,,8351469562819,
2026-08-17 23:48:42.084,pulse_batch,y,,,,,8,,209,209,,,4,,8351490737676,
2026-08-17 23:48:42.106,pulse_batch,y,,,,,8,,217,217,,,4,,8351512760596,
2026-08-17 23:48:42.107,continuous_stop,y,,,,,,1,217,217,,,4,,8351514166893,
2026-08-17 23:48:44.711,continuous_start,y,,,,,,-1,217,217,,,4,,8354118095385,
2026-08-17 23:48:44.715,pulse_batch,y,,,,,-1,,218,216,,,4,,8354122067408,
2026-08-17 23:48:44.735,pulse_batch,y,,,,,-3,,221,213,,,4,,8354142623347,
2026-08-17 23:48:44.756,pulse_batch,y,,,,,-3,,224,210,,,4,,8354163030085,
2026-08-17 23:48:44.778,pulse_batch,y,,,,,-3,,227,207,,,4,,8354184682696,
2026-08-17 23:48:44.798,pulse_batch,y,,,,,-3,,230,204,,,4,,8354205159784,
2026-08-17 23:48:44.818,pulse_batch,y,,,,,-3,,233,201,,,4,,8354225625781,
2026-08-17 23:48:44.841,pulse_batch,y,,,,,-3,,236,198,,,4,,8354247822255,
2026-08-17 23:48:44.861,pulse_batch,y,,,,,-3,,239,195,,,4,,8354268380083,
2026-08-17 23:48:44.882,pulse_batch,y,,,,,-3,,242,192,,,4,,8354288814617,
2026-08-17 23:48:44.902,pulse_batch,y,,,,,-3,,245,189,,,4,,8354309256447,
2026-08-17 23:48:44.923,pulse_batch,y,,,,,-3,,248,186,,,4,,8354329958570,
2026-08-17 23:48:44.943,pulse_batch,y,,,,,-3,,251,183,,,4,,8354350438584,
2026-08-17 23:48:44.964,pulse_batch,y,,,,,-3,,254,180,,,4,,8354370889118,
2026-08-17 23:48:44.981,pulse_batch,y,,,,,-2,,256,178,,,4,,8354388068156,
2026-08-17 23:48:44.981,continuous_stop,y,,,,,,-1,256,178,,,4,,8354388324764,
2026-08-17 23:48:45.244,continuous_start,y,,,,,,-1,256,178,,,4,,8354651005485,
2026-08-17 23:48:45.248,pulse_batch,y,,,,,-1,,257,177,,,4,,8354654766159,
2026-08-17 23:48:45.268,pulse_batch,y,,,,,-3,,260,174,,,4,,8354675549078,
2026-08-17 23:48:45.289,pulse_batch,y,,,,,-3,,263,171,,,4,,8354695932946,
2026-08-17 23:48:45.311,pulse_batch,y,,,,,-3,,266,168,,,4,,8354718275400,
2026-08-17 23:48:45.332,pulse_batch,y,,,,,-3,,269,165,,,4,,8354738914653,
2026-08-17 23:48:45.352,pulse_batch,y,,,,,-3,,272,162,,,4,,8354759364613,
2026-08-17 23:48:45.375,pulse_batch,y,,,,,-3,,275,159,,,4,,8354779881609,
2026-08-17 23:48:45.393,pulse_batch,y,,,,,-3,,278,156,,,4,,8354800374050,
2026-08-17 23:48:45.414,pulse_batch,y,,,,,-3,,281,153,,,4,,8354820775695,
2026-08-17 23:48:45.434,pulse_batch,y,,,,,-3,,284,150,,,4,,8354841310524,
2026-08-17 23:48:45.457,pulse_batch,y,,,,,-3,,287,147,,,4,,8354863851420,
2026-08-17 23:48:45.478,pulse_batch,y,,,,,-3,,290,144,,,4,,8354884859929,
2026-08-17 23:48:45.498,pulse_batch,y,,,,,-3,,293,141,,,4,,8354905316888,
2026-08-17 23:48:45.519,pulse_batch,y,,,,,-3,,296,138,,,4,,8354926023419,
2026-08-17 23:48:45.540,pulse_batch,y,,,,,-3,,299,135,,,4,,8354947478199,
2026-08-17 23:48:45.561,pulse_batch,y,,,,,-3,,302,132,,,4,,8354967905733,
2026-08-17 23:48:45.582,pulse_batch,y,,,,,-3,,305,129,,,4,,8354989177868,
2026-08-17 23:48:45.603,pulse_batch,y,,,,,-3,,308,126,,,4,,8355009773992,
2026-08-17 23:48:45.623,pulse_batch,y,,,,,-3,,311,123,,,4,,8355030202304,
2026-08-17 23:48:45.645,pulse_batch,y,,,,,-3,,314,120,,,4,,8355051849860,
2026-08-17 23:48:45.666,pulse_batch,y,,,,,-3,,317,117,,,4,,8355072678166,
2026-08-17 23:48:45.686,pulse_batch,y,,,,,-3,,320,114,,,4,,8355093182255,
2026-08-17 23:48:45.709,pulse_batch,y,,,,,-3,,323,111,,,4,,8355115208546,
2026-08-17 23:48:45.729,pulse_batch,y,,,,,-3,,326,108,,,4,,8355135794616,
2026-08-17 23:48:45.749,pulse_batch,y,,,,,-3,,329,105,,,4,,8355156309241,
2026-08-17 23:48:45.770,pulse_batch,y,,,,,-3,,332,102,,,4,,8355176820385,
2026-08-17 23:48:45.781,pulse_batch,y,,,,,-1,,333,101,,,4,,8355188609493,
2026-08-17 23:48:45.782,continuous_stop,y,,,,,,-1,333,101,,,4,,8355188910249,
2026-08-17 23:48:45.978,continuous_start,y,,,,,,-1,333,101,,,4,,8355384943715,
2026-08-17 23:48:45.982,pulse_batch,y,,,,,-1,,334,100,,,4,,8355388723055,
2026-08-17 23:48:46.004,pulse_batch,y,,,,,-3,,337,97,,,4,,8355410655255,
2026-08-17 23:48:46.024,pulse_batch,y,,,,,-3,,340,94,,,4,,8355431154511,
2026-08-17 23:48:46.046,pulse_batch,y,,,,,-3,,343,91,,,4,,8355452875418,
2026-08-17 23:48:46.066,pulse_batch,y,,,,,-3,,346,88,,,4,,8355473407840,
2026-08-17 23:48:46.087,pulse_batch,y,,,,,-3,,349,85,,,4,,8355493974169,
2026-08-17 23:48:46.107,pulse_batch,y,,,,,-3,,352,82,,,4,,8355514528664,
2026-08-17 23:48:46.128,pulse_batch,y,,,,,-3,,355,79,,,4,,8355535226973,
2026-08-17 23:48:46.149,pulse_batch,y,,,,,-3,,358,76,,,4,,8355555709100,
2026-08-17 23:48:46.169,pulse_batch,y,,,,,-3,,361,73,,,4,,8355576151708,
2026-08-17 23:48:46.192,pulse_batch,y,,,,,-3,,364,70,,,4,,8355599593796,
2026-08-17 23:48:46.213,pulse_batch,y,,,,,-3,,367,67,,,4,,8355620056905,
2026-08-17 23:48:46.233,pulse_batch,y,,,,,-3,,370,64,,,4,,8355640502920,
2026-08-17 23:48:46.257,pulse_batch,y,,,,,-3,,373,61,,,4,,8355664073933,
2026-08-17 23:48:46.277,pulse_batch,y,,,,,-3,,376,58,,,4,,8355684615355,
2026-08-17 23:48:46.298,pulse_batch,y,,,,,-3,,379,55,,,4,,8355705162573,
2026-08-17 23:48:46.320,pulse_batch,y,,,,,-3,,382,52,,,4,,8355727251716,
2026-08-17 23:48:46.341,pulse_batch,y,,,,,-3,,385,49,,,4,,8355748622498,
2026-08-17 23:48:46.362,pulse_batch,y,,,,,-3,,388,46,,,4,,8355769098828,
2026-08-17 23:48:46.386,pulse_batch,y,,,,,-3,,391,43,,,4,,8355792632785,
2026-08-17 23:48:46.406,pulse_batch,y,,,,,-3,,394,40,,,4,,8355813238429,
2026-08-17 23:48:46.427,pulse_batch,y,,,,,-3,,397,37,,,4,,8355833671056,
2026-08-17 23:48:46.449,pulse_batch,y,,,,,-3,,400,34,,,4,,8355855600423,
2026-08-17 23:48:46.469,pulse_batch,y,,,,,-3,,403,31,,,4,,8355876189677,
2026-08-17 23:48:46.490,pulse_batch,y,,,,,-3,,406,28,,,4,,8355896757636,
2026-08-17 23:48:46.511,pulse_batch,y,,,,,-3,,409,25,,,4,,8355918166325,
2026-08-17 23:48:46.533,pulse_batch,y,,,,,-3,,412,22,,,4,,8355939963990,
2026-08-17 23:48:46.553,pulse_batch,y,,,,,-3,,415,19,,,4,,8355960494690,
2026-08-17 23:48:46.574,pulse_batch,y,,,,,-3,,418,16,,,4,,8355981035204,
2026-08-17 23:48:46.595,pulse_batch,y,,,,,-3,,421,13,,,4,,8356002389190,
2026-08-17 23:48:46.616,pulse_batch,y,,,,,-3,,424,10,,,4,,8356022930463,
2026-08-17 23:48:46.637,pulse_batch,y,,,,,-3,,427,7,,,4,,8356044078155,
2026-08-17 23:48:46.648,pulse_batch,y,,,,,-1,,428,6,,,4,,8356054886387,
2026-08-17 23:48:46.649,continuous_stop,y,,,,,,-1,428,6,,,4,,8356055671303,
2026-08-17 23:48:46.848,continuous_start,y,,,,,,-1,428,6,,,4,,8356255590889,
2026-08-17 23:48:46.852,pulse_batch,y,,,,,-1,,429,5,,,4,,8356259274342,
2026-08-17 23:48:46.874,pulse_batch,y,,,,,-3,,432,2,,,4,,8356281265875,
2026-08-17 23:48:46.895,pulse_batch,y,,,,,-3,,435,-1,,,4,,8356301758927,
2026-08-17 23:48:46.915,pulse_batch,y,,,,,-3,,438,-4,,,4,,8356322569457,
2026-08-17 23:48:46.937,pulse_batch,y,,,,,-3,,441,-7,,,4,,8356344070718,
2026-08-17 23:48:46.957,pulse_batch,y,,,,,-3,,444,-10,,,4,,8356364587788,
2026-08-17 23:48:46.981,pulse_batch,y,,,,,-3,,447,-13,,,4,,8356388298855,
2026-08-17 23:48:46.985,continuous_stop,y,,,,,,-1,447,-13,,,4,,8356391771681,
2026-08-17 23:48:48.450,continuous_start,y,,,,,,1,447,-13,,,4,,8357856710122,
2026-08-17 23:48:48.453,pulse_batch,y,,,,,1,,448,-12,,,4,,8357860388057,
2026-08-17 23:48:48.474,pulse_batch,y,,,,,3,,451,-9,,,4,,8357880965183,
2026-08-17 23:48:48.494,pulse_batch,y,,,,,3,,454,-6,,,4,,8357901452476,
2026-08-17 23:48:48.517,pulse_batch,y,,,,,3,,457,-3,,,4,,8357924289444,
2026-08-17 23:48:48.538,pulse_batch,y,,,,,3,,460,0,,,4,,8357944805570,
2026-08-17 23:48:48.558,pulse_batch,y,,,,,3,,463,3,,,4,,8357965478325,
2026-08-17 23:48:48.581,pulse_batch,y,,,,,3,,466,6,,,4,,8357987620986,
2026-08-17 23:48:48.584,continuous_stop,y,,,,,,1,466,6,,,4,,8357991183700,
2026-08-17 23:48:49.316,continuous_start,y,,,,,,1,466,6,,,4,,8358723301402,
2026-08-17 23:48:49.320,pulse_batch,y,,,,,1,,467,7,,,4,,8358726944652,
2026-08-17 23:48:49.340,pulse_batch,y,,,,,3,,470,10,,,4,,8358747602944,
2026-08-17 23:48:49.361,pulse_batch,y,,,,,3,,473,13,,,4,,8358768053460,
2026-08-17 23:48:49.384,pulse_batch,y,,,,,3,,476,16,,,4,,8358790685135,
2026-08-17 23:48:49.387,continuous_stop,y,,,,,,1,476,16,,,4,,8358794158498,
2026-08-17 23:48:50.650,continuous_start,y,,,,,,-1,476,16,,,4,,8360057378790,
2026-08-17 23:48:50.654,pulse_batch,y,,,,,-1,,477,15,,,4,,8360061030021,
2026-08-17 23:48:50.674,pulse_batch,y,,,,,-3,,480,12,,,4,,8360081613925,
2026-08-17 23:48:50.695,pulse_batch,y,,,,,-3,,483,9,,,4,,8360102021350,
2026-08-17 23:48:50.716,pulse_batch,y,,,,,-3,,486,6,,,4,,8360123607649,
2026-08-17 23:48:50.720,continuous_stop,y,,,,,,-1,486,6,,,4,,8360127062512,
2026-08-17 23:48:51.384,continuous_start,y,,,,,,-1,486,6,,,4,,8360790753075,
2026-08-17 23:48:51.387,pulse_batch,y,,,,,-1,,487,5,,,4,,8360794376029,
2026-08-17 23:48:51.408,pulse_batch,y,,,,,-3,,490,2,,,4,,8360814944379,
2026-08-17 23:48:51.428,pulse_batch,y,,,,,-3,,493,-1,,,4,,8360835381952,
2026-08-17 23:48:51.450,pulse_batch,y,,,,,-3,,496,-4,,,4,,8360856858937,
2026-08-17 23:48:51.453,continuous_stop,y,,,,,,-1,496,-4,,,4,,8360860309819,
2026-08-17 23:48:52.852,continuous_start,x,,,,,,-1,0,0,,,77,,8362258644270,
2026-08-17 23:48:52.855,pulse_batch,x,,,,,-1,,1,-1,,,77,,8362262250706,
2026-08-17 23:48:52.876,pulse_batch,x,,,,,-3,,4,-4,,,77,,8362282818796,
2026-08-17 23:48:52.896,pulse_batch,x,,,,,-3,,7,-7,,,77,,8362303281850,
2026-08-17 23:48:52.918,pulse_batch,x,,,,,-3,,10,-10,,,77,,8362325353959,
2026-08-17 23:48:52.939,pulse_batch,x,,,,,-3,,13,-13,,,77,,8362345936178,
2026-08-17 23:48:52.959,pulse_batch,x,,,,,-3,,16,-16,,,77,,8362366385678,
2026-08-17 23:48:52.982,pulse_batch,x,,,,,-3,,19,-19,,,77,,8362388667931,
2026-08-17 23:48:53.003,pulse_batch,x,,,,,-3,,22,-22,,,77,,8362410488061,
2026-08-17 23:48:53.024,pulse_batch,x,,,,,-3,,25,-25,,,77,,8362430956098,
2026-08-17 23:48:53.045,pulse_batch,x,,,,,-3,,28,-28,,,77,,8362451689223,
2026-08-17 23:48:53.066,pulse_batch,x,,,,,-3,,31,-31,,,77,,8362473149969,
2026-08-17 23:48:53.086,pulse_batch,x,,,,,-3,,34,-34,,,77,,8362493618728,
2026-08-17 23:48:53.108,pulse_batch,x,,,,,-3,,37,-37,,,77,,8362514834921,
2026-08-17 23:48:53.129,pulse_batch,x,,,,,-3,,40,-40,,,77,,8362536115651,
2026-08-17 23:48:53.149,pulse_batch,x,,,,,-3,,43,-43,,,77,,8362556580632,
2026-08-17 23:48:53.170,pulse_batch,x,,,,,-3,,46,-46,,,77,,8362576999484,
2026-08-17 23:48:53.183,pulse_batch,x,,,,,-1,,47,-47,,,77,,8362589936134,
2026-08-17 23:48:53.183,continuous_stop,x,,,,,,-1,47,-47,,,77,,8362590490090,
2026-08-17 23:48:53.519,continuous_start,x,,,,,,-1,47,-47,,,77,,8362925991570,
2026-08-17 23:48:53.522,pulse_batch,x,,,,,-1,,48,-48,,,77,,8362929623117,
2026-08-17 23:48:53.543,pulse_batch,x,,,,,-3,,51,-51,,,77,,8362950257966,
2026-08-17 23:48:53.564,pulse_batch,x,,,,,-3,,54,-54,,,77,,8362970674373,
2026-08-17 23:48:53.586,pulse_batch,x,,,,,-3,,57,-57,,,77,,8362992667057,
2026-08-17 23:48:53.589,continuous_stop,x,,,,,,-1,57,-57,,,77,,8362996097161,
2026-08-17 23:48:54.387,continuous_start,x,,,,,,1,57,-57,,,77,,8363793639725,
2026-08-17 23:48:54.390,pulse_batch,x,,,,,1,,58,-56,,,77,,8363797301715,
2026-08-17 23:48:54.412,pulse_batch,x,,,,,3,,61,-53,,,77,,8363818851368,
2026-08-17 23:48:54.432,pulse_batch,x,,,,,3,,64,-50,,,77,,8363839228554,
2026-08-17 23:48:54.453,pulse_batch,x,,,,,3,,67,-47,,,77,,8363860328305,
2026-08-17 23:48:54.475,pulse_batch,x,,,,,3,,70,-44,,,77,,8363881864643,
2026-08-17 23:48:54.495,pulse_batch,x,,,,,3,,73,-41,,,77,,8363902307124,
2026-08-17 23:48:54.517,pulse_batch,x,,,,,3,,76,-38,,,77,,8363923981072,
2026-08-17 23:48:54.537,pulse_batch,x,,,,,3,,79,-35,,,77,,8363944582329,
2026-08-17 23:48:54.558,pulse_batch,x,,,,,3,,82,-32,,,77,,8363965049847,
2026-08-17 23:48:54.578,pulse_batch,x,,,,,3,,85,-29,,,77,,8363985515495,
2026-08-17 23:48:54.601,pulse_batch,x,,,,,3,,88,-26,,,77,,8364008320632,
2026-08-17 23:48:54.622,pulse_batch,x,,,,,3,,91,-23,,,77,,8364028902426,
2026-08-17 23:48:54.642,pulse_batch,x,,,,,3,,94,-20,,,77,,8364049341130,
2026-08-17 23:48:54.660,pulse_batch,x,,,,,2,,96,-18,,,77,,8364067334846,
2026-08-17 23:48:54.660,continuous_stop,x,,,,,,1,96,-18,,,77,,8364067668490,
2026-08-17 23:48:55.056,continuous_start,x,,,,,,1,96,-18,,,77,,8364462917737,
2026-08-17 23:48:55.059,pulse_batch,x,,,,,1,,97,-17,,,77,,8364466574987,
2026-08-17 23:48:55.080,pulse_batch,x,,,,,3,,100,-14,,,77,,8364487115764,
2026-08-17 23:48:55.100,pulse_batch,x,,,,,3,,103,-11,,,77,,8364507561801,
2026-08-17 23:48:55.123,pulse_batch,x,,,,,3,,106,-8,,,77,,8364529762650,
2026-08-17 23:48:55.143,pulse_batch,x,,,,,3,,109,-5,,,77,,8364550311093,
2026-08-17 23:48:55.164,pulse_batch,x,,,,,3,,112,-2,,,77,,8364570802686,
2026-08-17 23:48:55.186,pulse_batch,x,,,,,3,,115,1,,,77,,8364592793796,
2026-08-17 23:48:55.206,pulse_batch,x,,,,,3,,118,4,,,77,,8364613466330,
2026-08-17 23:48:55.227,pulse_batch,x,,,,,3,,121,7,,,77,,8364633951460,
2026-08-17 23:48:55.247,pulse_batch,x,,,,,3,,124,10,,,77,,8364654433756,
2026-08-17 23:48:55.270,pulse_batch,x,,,,,3,,127,13,,,77,,8364676774066,
2026-08-17 23:48:55.290,pulse_batch,x,,,,,3,,130,16,,,77,,8364697228936,
2026-08-17 23:48:55.311,pulse_batch,x,,,,,3,,133,19,,,77,,8364717682251,
2026-08-17 23:48:55.322,pulse_batch,x,,,,,1,,134,20,,,77,,8364729325270,
2026-08-17 23:48:55.323,continuous_stop,x,,,,,,1,134,20,,,77,,8364729685118,
2026-08-17 23:48:55.723,continuous_start,x,,,,,,1,134,20,,,77,,8365130320062,
2026-08-17 23:48:55.727,pulse_batch,x,,,,,1,,135,21,,,77,,8365133946034,
2026-08-17 23:48:55.747,pulse_batch,x,,,,,3,,138,24,,,77,,8365154481293,
2026-08-17 23:48:55.768,pulse_batch,x,,,,,3,,141,27,,,77,,8365174920552,
2026-08-17 23:48:55.790,pulse_batch,x,,,,,3,,144,30,,,77,,8365197434193,
2026-08-17 23:48:55.811,pulse_batch,x,,,,,3,,147,33,,,77,,8365218005210,
2026-08-17 23:48:55.831,pulse_batch,x,,,,,3,,150,36,,,77,,8365238444637,
2026-08-17 23:48:55.852,pulse_batch,x,,,,,3,,153,39,,,77,,8365259087079,
2026-08-17 23:48:55.872,pulse_batch,x,,,,,3,,156,42,,,77,,8365279613041,
2026-08-17 23:48:55.893,pulse_batch,x,,,,,3,,159,45,,,77,,8365300146318,
2026-08-17 23:48:55.914,pulse_batch,x,,,,,3,,162,48,,,77,,8365321306624,
2026-08-17 23:48:55.925,pulse_batch,x,,,,,1,,163,49,,,77,,8365332254022,
2026-08-17 23:48:55.925,continuous_stop,x,,,,,,1,163,49,,,77,,8365332588000,
2026-08-17 23:48:56.255,continuous_start,x,,,,,,1,163,49,,,77,,8365661776482,
2026-08-17 23:48:56.258,pulse_batch,x,,,,,1,,164,50,,,77,,8365665416622,
2026-08-17 23:48:56.279,pulse_batch,x,,,,,3,,167,53,,,77,,8365685941843,
2026-08-17 23:48:56.300,pulse_batch,x,,,,,3,,170,56,,,77,,8365707137668,
2026-08-17 23:48:56.324,pulse_batch,x,,,,,3,,173,59,,,77,,8365731039773,
2026-08-17 23:48:56.347,pulse_batch,x,,,,,3,,176,62,,,77,,8365754444329,
2026-08-17 23:48:56.368,pulse_batch,x,,,,,3,,179,65,,,77,,8365774822238,
2026-08-17 23:48:56.388,pulse_batch,x,,,,,3,,182,68,,,77,,8365795559197,
2026-08-17 23:48:56.411,pulse_batch,x,,,,,3,,185,71,,,77,,8365817785379,
2026-08-17 23:48:56.431,pulse_batch,x,,,,,3,,188,74,,,77,,8365838229065,
2026-08-17 23:48:56.452,pulse_batch,x,,,,,3,,191,77,,,77,,8365858994765,
2026-08-17 23:48:56.455,continuous_stop,x,,,,,,1,191,77,,,77,,8365862517036,
2026-08-17 23:48:56.922,continuous_start,x,,,,,,1,191,77,,,77,,8366328993783,
2026-08-17 23:48:56.925,pulse_batch,x,,,,,1,,192,78,,,77,,8366332638163,
2026-08-17 23:48:56.947,pulse_batch,x,,,,,3,,195,81,,,77,,8366353829969,
2026-08-17 23:48:56.967,pulse_batch,x,,,,,3,,198,84,,,77,,8366374273562,
2026-08-17 23:48:56.989,pulse_batch,x,,,,,3,,201,87,,,77,,8366395892437,
2026-08-17 23:48:57.009,pulse_batch,x,,,,,3,,204,90,,,77,,8366416508972,
2026-08-17 23:48:57.030,pulse_batch,x,,,,,3,,207,93,,,77,,8366436968251,
2026-08-17 23:48:57.052,pulse_batch,x,,,,,3,,210,96,,,77,,8366459492115,
2026-08-17 23:48:57.056,continuous_stop,x,,,,,,1,210,96,,,77,,8366462977515,
2026-08-17 23:48:57.455,continuous_start,x,,,,,,1,210,96,,,77,,8366862318526,
2026-08-17 23:48:57.459,pulse_batch,x,,,,,1,,211,97,,,77,,8366866086737,
2026-08-17 23:48:57.480,pulse_batch,x,,,,,3,,214,100,,,77,,8366886656700,
2026-08-17 23:48:57.500,pulse_batch,x,,,,,3,,217,103,,,77,,8366907061479,
2026-08-17 23:48:57.521,pulse_batch,x,,,,,3,,220,106,,,77,,8366927622127,
2026-08-17 23:48:57.541,pulse_batch,x,,,,,3,,223,109,,,77,,8366948205311,
2026-08-17 23:48:57.562,pulse_batch,x,,,,,3,,226,112,,,77,,8366968692960,
2026-08-17 23:48:57.582,pulse_batch,x,,,,,3,,229,115,,,77,,8366989319903,
2026-08-17 23:48:57.593,pulse_batch,x,,,,,1,,230,116,,,77,,8366999770048,
2026-08-17 23:48:57.593,continuous_stop,x,,,,,,1,230,116,,,77,,8366999951768,
2026-08-17 23:48:57.990,continuous_start,x,,,,,,1,230,116,,,77,,8367397359470,
2026-08-17 23:48:57.994,pulse_batch,x,,,,,1,,231,117,,,77,,8367401031442,
2026-08-17 23:48:58.015,pulse_batch,x,,,,,3,,234,120,,,77,,8367421689959,
2026-08-17 23:48:58.035,pulse_batch,x,,,,,3,,237,123,,,77,,8367442126775,
2026-08-17 23:48:58.057,pulse_batch,x,,,,,3,,240,126,,,77,,8367463659430,
2026-08-17 23:48:58.077,pulse_batch,x,,,,,3,,243,129,,,77,,8367484290058,
2026-08-17 23:48:58.098,pulse_batch,x,,,,,3,,246,132,,,77,,8367504736634,
2026-08-17 23:48:58.119,pulse_batch,x,,,,,3,,249,135,,,77,,8367526256047,
2026-08-17 23:48:58.123,continuous_stop,x,,,,,,1,249,135,,,77,,8367529779281,
2026-08-17 23:48:58.523,continuous_start,x,,,,,,1,249,135,,,77,,8367930479021,
2026-08-17 23:48:58.527,pulse_batch,x,,,,,1,,250,136,,,77,,8367934180697,
2026-08-17 23:48:58.548,pulse_batch,x,,,,,3,,253,139,,,77,,8367954819862,
2026-08-17 23:48:58.568,pulse_batch,x,,,,,3,,256,142,,,77,,8367975242994,
2026-08-17 23:48:58.591,pulse_batch,x,,,,,3,,259,145,,,77,,8367997643730,
2026-08-17 23:48:58.611,pulse_batch,x,,,,,3,,262,148,,,77,,8368018158656,
2026-08-17 23:48:58.631,pulse_batch,x,,,,,3,,265,151,,,77,,8368038582861,
2026-08-17 23:48:58.653,pulse_batch,x,,,,,3,,268,154,,,77,,8368060263458,
2026-08-17 23:48:58.657,continuous_stop,x,,,,,,1,268,154,,,77,,8368063798173,
2026-08-17 23:49:00.659,continuous_start,x,,,,,,1,268,154,,,77,,8370065844618,
2026-08-17 23:49:00.662,pulse_batch,x,,,,,1,,269,155,,,77,,8370069441480,
2026-08-17 23:49:00.683,pulse_batch,x,,,,,3,,272,158,,,77,,8370090004462,
2026-08-17 23:49:00.703,pulse_batch,x,,,,,3,,275,161,,,77,,8370110415279,
2026-08-17 23:49:00.724,pulse_batch,x,,,,,3,,278,164,,,77,,8370131053242,
2026-08-17 23:49:00.744,pulse_batch,x,,,,,3,,281,167,,,77,,8370151592113,
2026-08-17 23:49:00.765,pulse_batch,x,,,,,3,,284,170,,,77,,8370172042541,
2026-08-17 23:49:00.785,pulse_batch,x,,,,,3,,287,173,,,77,,8370192534746,
2026-08-17 23:49:00.806,pulse_batch,x,,,,,3,,290,176,,,77,,8370213515260,
2026-08-17 23:49:00.827,pulse_batch,x,,,,,3,,293,179,,,77,,8370234044594,
2026-08-17 23:49:00.847,pulse_batch,x,,,,,3,,296,182,,,77,,8370254482615,
2026-08-17 23:49:00.871,pulse_batch,x,,,,,3,,299,185,,,77,,8370278376073,
2026-08-17 23:49:00.894,pulse_batch,x,,,,,3,,302,188,,,77,,8370301327859,
2026-08-17 23:49:00.915,pulse_batch,x,,,,,3,,305,191,,,77,,8370321843341,
2026-08-17 23:49:00.932,pulse_batch,x,,,,,2,,307,193,,,77,,8370339086902,
2026-08-17 23:49:00.932,continuous_stop,x,,,,,,1,307,193,,,77,,8370339356047,
2026-08-17 23:49:01.595,continuous_start,x,,,,,,-1,307,193,,,77,,8371002314066,
2026-08-17 23:49:01.599,pulse_batch,x,,,,,-1,,308,192,,,77,,8371006038630,
2026-08-17 23:49:01.619,pulse_batch,x,,,,,-3,,311,189,,,77,,8371026587946,
2026-08-17 23:49:01.640,pulse_batch,x,,,,,-3,,314,186,,,77,,8371047002504,
2026-08-17 23:49:01.662,pulse_batch,x,,,,,-3,,317,183,,,77,,8371069303168,
2026-08-17 23:49:01.683,pulse_batch,x,,,,,-3,,320,180,,,77,,8371089778059,
2026-08-17 23:49:01.703,pulse_batch,x,,,,,-3,,323,177,,,77,,8371110219784,
2026-08-17 23:49:01.726,pulse_batch,x,,,,,-3,,326,174,,,77,,8371132835999,
2026-08-17 23:49:01.746,pulse_batch,x,,,,,-3,,329,171,,,77,,8371153432129,
2026-08-17 23:49:01.767,pulse_batch,x,,,,,-3,,332,168,,,77,,8371173876039,
2026-08-17 23:49:01.787,pulse_batch,x,,,,,-3,,335,165,,,77,,8371194326264,
2026-08-17 23:49:01.811,pulse_batch,x,,,,,-3,,338,162,,,77,,8371218600847,
2026-08-17 23:49:01.832,pulse_batch,x,,,,,-3,,341,159,,,77,,8371239261625,
2026-08-17 23:49:01.853,pulse_batch,x,,,,,-3,,344,156,,,77,,8371259783089,
2026-08-17 23:49:01.864,pulse_batch,x,,,,,-1,,345,155,,,77,,8371270750248,
2026-08-17 23:49:01.864,continuous_stop,x,,,,,,-1,345,155,,,77,,8371271109928,
2026-08-17 23:49:02.129,continuous_start,x,,,,,,-1,345,155,,,77,,8371535697105,
2026-08-17 23:49:02.133,pulse_batch,x,,,,,-1,,346,154,,,77,,8371539697962,
2026-08-17 23:49:02.154,pulse_batch,x,,,,,-3,,349,151,,,77,,8371561423727,
2026-08-17 23:49:02.175,pulse_batch,x,,,,,-3,,352,148,,,77,,8371581861415,
2026-08-17 23:49:02.196,pulse_batch,x,,,,,-3,,355,145,,,77,,8371602796633,
2026-08-17 23:49:02.220,pulse_batch,x,,,,,-3,,358,142,,,77,,8371627024200,
2026-08-17 23:49:02.240,pulse_batch,x,,,,,-3,,361,139,,,77,,8371647552164,
2026-08-17 23:49:02.264,pulse_batch,x,,,,,-3,,364,136,,,77,,8371670661226,
2026-08-17 23:49:02.284,pulse_batch,x,,,,,-3,,367,133,,,77,,8371691250375,
2026-08-17 23:49:02.305,pulse_batch,x,,,,,-3,,370,130,,,77,,8371711687600,
2026-08-17 23:49:02.326,pulse_batch,x,,,,,-3,,373,127,,,77,,8371733454253,
2026-08-17 23:49:02.330,continuous_stop,x,,,,,,-1,373,127,,,77,,8371736961320,
2026-08-17 23:49:02.730,continuous_start,x,,,,,,-1,373,127,,,77,,8372137136223,
2026-08-17 23:49:02.734,pulse_batch,x,,,,,-1,,374,126,,,77,,8372140758474,
2026-08-17 23:49:02.754,pulse_batch,x,,,,,-3,,377,123,,,77,,8372161388733,
2026-08-17 23:49:02.775,pulse_batch,x,,,,,-3,,380,120,,,77,,8372181851995,
2026-08-17 23:49:02.797,pulse_batch,x,,,,,-3,,383,117,,,77,,8372204112382,
2026-08-17 23:49:02.818,pulse_batch,x,,,,,-3,,386,114,,,77,,8372225224062,
2026-08-17 23:49:02.839,pulse_batch,x,,,,,-3,,389,111,,,77,,8372245851025,
2026-08-17 23:49:02.859,pulse_batch,x,,,,,-3,,392,108,,,77,,8372266428341,
2026-08-17 23:49:02.863,continuous_stop,x,,,,,,-1,392,108,,,77,,8372269956334,
2026-08-17 23:49:03.264,continuous_start,x,,,,,,-1,392,108,,,77,,8372671277745,
2026-08-17 23:49:03.268,pulse_batch,x,,,,,-1,,393,107,,,77,,8372675027643,
2026-08-17 23:49:03.289,pulse_batch,x,,,,,-3,,396,104,,,77,,8372696433949,
2026-08-17 23:49:03.310,pulse_batch,x,,,,,-3,,399,101,,,77,,8372716893488,
2026-08-17 23:49:03.330,pulse_batch,x,,,,,-3,,402,98,,,77,,8372737531026,
2026-08-17 23:49:03.334,continuous_stop,x,,,,,,-1,402,98,,,77,,8372741011631,
2026-08-17 23:49:03.731,continuous_start,x,,,,,,-1,402,98,,,77,,8373138269392,
2026-08-17 23:49:03.735,pulse_batch,x,,,,,-1,,403,97,,,77,,8373141884958,
2026-08-17 23:49:03.755,pulse_batch,x,,,,,-3,,406,94,,,77,,8373162485588,
2026-08-17 23:49:03.776,pulse_batch,x,,,,,-3,,409,91,,,77,,8373182941739,
2026-08-17 23:49:03.798,pulse_batch,x,,,,,-3,,412,88,,,77,,8373205164831,
2026-08-17 23:49:03.819,pulse_batch,x,,,,,-3,,415,85,,,77,,8373225865997,
2026-08-17 23:49:03.839,pulse_batch,x,,,,,-3,,418,82,,,77,,8373246327537,
2026-08-17 23:49:03.860,pulse_batch,x,,,,,-3,,421,79,,,77,,8373267108721,
2026-08-17 23:49:03.864,continuous_stop,x,,,,,,-1,421,79,,,77,,8373270658158,
2026-08-17 23:49:04.197,continuous_start,x,,,,,,-1,421,79,,,77,,8373603976724,
2026-08-17 23:49:04.200,pulse_batch,x,,,,,-1,,422,78,,,77,,8373607631919,
2026-08-17 23:49:04.221,pulse_batch,x,,,,,-3,,425,75,,,77,,8373628228180,
2026-08-17 23:49:04.242,pulse_batch,x,,,,,-3,,428,72,,,77,,8373648670239,
2026-08-17 23:49:04.262,pulse_batch,x,,,,,-3,,431,69,,,77,,8373669258851,
2026-08-17 23:49:04.283,pulse_batch,x,,,,,-3,,434,66,,,77,,8373689828668,
2026-08-17 23:49:04.303,pulse_batch,x,,,,,-3,,437,63,,,77,,8373710277764,
2026-08-17 23:49:04.324,pulse_batch,x,,,,,-3,,440,60,,,77,,8373730770563,
2026-08-17 23:49:04.335,pulse_batch,x,,,,,-1,,441,59,,,77,,8373741733703,
2026-08-17 23:49:04.335,continuous_stop,x,,,,,,-1,441,59,,,77,,8373741968367,
2026-08-17 23:49:04.799,continuous_start,x,,,,,,-1,441,59,,,77,,8374206327646,
2026-08-17 23:49:04.803,pulse_batch,x,,,,,-1,,442,58,,,77,,8374210088303,
2026-08-17 23:49:04.824,pulse_batch,x,,,,,-3,,445,55,,,77,,8374230648046,
2026-08-17 23:49:04.844,pulse_batch,x,,,,,-3,,448,52,,,77,,8374251115863,
2026-08-17 23:49:04.865,pulse_batch,x,,,,,-3,,451,49,,,77,,8374271721254,
2026-08-17 23:49:04.868,continuous_stop,x,,,,,,-1,451,49,,,77,,8374275186488,
2026-08-17 23:49:05.264,continuous_start,x,,,,,,-1,451,49,,,77,,8374671251775,
2026-08-17 23:49:05.268,pulse_batch,x,,,,,-1,,452,48,,,77,,8374674981136,
2026-08-17 23:49:05.288,pulse_batch,x,,,,,-3,,455,45,,,77,,8374695484972,
2026-08-17 23:49:05.309,pulse_batch,x,,,,,-3,,458,42,,,77,,8374715903568,
2026-08-17 23:49:05.329,pulse_batch,x,,,,,-3,,461,39,,,77,,8374736431830,
2026-08-17 23:49:05.350,pulse_batch,x,,,,,-3,,464,36,,,77,,8374756952722,
2026-08-17 23:49:05.370,pulse_batch,x,,,,,-3,,467,33,,,77,,8374777398670,
2026-08-17 23:49:05.391,pulse_batch,x,,,,,-3,,470,30,,,77,,8374797919969,
2026-08-17 23:49:05.402,pulse_batch,x,,,,,-1,,471,29,,,77,,8374809159143,
2026-08-17 23:49:05.402,continuous_stop,x,,,,,,-1,471,29,,,77,,8374809388733,
2026-08-17 23:49:05.863,continuous_start,x,,,,,,-1,471,29,,,77,,8375269877235,
2026-08-17 23:49:05.866,pulse_batch,x,,,,,-1,,472,28,,,77,,8375273576615,
2026-08-17 23:49:05.887,pulse_batch,x,,,,,-3,,475,25,,,77,,8375294119821,
2026-08-17 23:49:05.907,pulse_batch,x,,,,,-3,,478,22,,,77,,8375314572843,
2026-08-17 23:49:05.928,pulse_batch,x,,,,,-3,,481,19,,,77,,8375335160826,
2026-08-17 23:49:05.931,continuous_stop,x,,,,,,-1,481,19,,,77,,8375338591931,
2026-08-17 23:49:06.398,continuous_start,x,,,,,,-1,481,19,,,77,,8375804662129,
2026-08-17 23:49:06.401,pulse_batch,x,,,,,-1,,482,18,,,77,,8375808379546,
2026-08-17 23:49:06.422,pulse_batch,x,,,,,-3,,485,15,,,77,,8375829020140,
2026-08-17 23:49:06.442,pulse_batch,x,,,,,-3,,488,12,,,77,,8375849454033,
2026-08-17 23:49:06.464,pulse_batch,x,,,,,-3,,491,9,,,77,,8375870914839,
2026-08-17 23:49:06.467,continuous_stop,x,,,,,,-1,491,9,,,77,,8375874374666,
2026-08-17 23:49:07.065,continuous_start,x,,,,,,-1,491,9,,,77,,8376472370349,
2026-08-17 23:49:07.069,pulse_batch,x,,,,,-1,,492,8,,,77,,8376475961934,
2026-08-17 23:49:07.090,pulse_batch,x,,,,,-3,,495,5,,,77,,8376497059485,
2026-08-17 23:49:07.110,pulse_batch,x,,,,,-3,,498,2,,,77,,8376517514434,
2026-08-17 23:49:07.132,pulse_batch,x,,,,,-3,,501,-1,,,77,,8376538912593,
2026-08-17 23:49:07.135,continuous_stop,x,,,,,,-1,501,-1,,,77,,8376542357106,
2026-08-17 23:49:10.261,backlash_initialize,x,,,,,,-1,501,-1,0,0,77,,8379668306408,logical_zero=0
2026-08-17 23:49:10.261,backlash_initialize,y,,,,,,-1,496,-4,0,0,4,,8379668413425,logical_zero=0
2026-08-17 23:49:12.330,point_saved,x,0,stored,,,,-1,,-1,0,0,77,0,,
2026-08-17 23:49:12.330,point_saved,y,0,stored,,,,-1,,-4,0,0,4,0,,
2026-08-17 23:49:14.607,continuous_start,x,,,,,,1,501,-1,0,0,77,,8384013831138,
2026-08-17 23:49:14.610,pulse_batch,x,,,,,1,,502,0,0,1,77,,8384017532481,
2026-08-17 23:49:14.632,pulse_batch,x,,,,,3,,505,3,0,4,77,,8384038955643,
2026-08-17 23:49:14.652,pulse_batch,x,,,,,3,,508,6,0,7,77,,8384059383057,
2026-08-17 23:49:14.676,pulse_batch,x,,,,,3,,511,9,0,10,77,,8384082843082,
2026-08-17 23:49:14.698,pulse_batch,x,,,,,3,,514,12,0,13,77,,8384105249601,
2026-08-17 23:49:14.718,pulse_batch,x,,,,,3,,517,15,0,16,77,,8384125652553,
2026-08-17 23:49:14.739,pulse_batch,x,,,,,3,,520,18,0,19,77,,8384146396093,
2026-08-17 23:49:14.760,pulse_batch,x,,,,,3,,523,21,0,22,77,,8384166924394,
2026-08-17 23:49:14.780,pulse_batch,x,,,,,3,,526,24,0,25,77,,8384187340605,
2026-08-17 23:49:14.803,pulse_batch,x,,,,,3,,529,27,0,28,77,,8384209890104,
2026-08-17 23:49:14.823,pulse_batch,x,,,,,3,,532,30,0,31,77,,8384230470905,
2026-08-17 23:49:14.844,pulse_batch,x,,,,,3,,535,33,0,34,77,,8384250971152,
2026-08-17 23:49:14.864,pulse_batch,x,,,,,3,,538,36,0,37,77,,8384271476417,
2026-08-17 23:49:14.888,pulse_batch,x,,,,,3,,541,39,0,40,77,,8384294964497,
2026-08-17 23:49:14.908,pulse_batch,x,,,,,3,,544,42,0,43,77,,8384315437004,
2026-08-17 23:49:14.929,pulse_batch,x,,,,,3,,547,45,0,46,77,,8384335928399,
2026-08-17 23:49:14.950,pulse_batch,x,,,,,3,,550,48,0,49,77,,8384356601865,
2026-08-17 23:49:14.970,pulse_batch,x,,,,,3,,553,51,0,52,77,,8384377089242,
2026-08-17 23:49:14.990,pulse_batch,x,,,,,3,,556,54,0,55,77,,8384397483656,
2026-08-17 23:49:15.012,pulse_batch,x,,,,,3,,559,57,0,58,77,,8384419468237,
2026-08-17 23:49:15.033,pulse_batch,x,,,,,3,,562,60,0,61,77,,8384440033835,
2026-08-17 23:49:15.053,pulse_batch,x,,,,,3,,565,63,0,64,77,,8384460407454,
2026-08-17 23:49:15.074,pulse_batch,x,,,,,3,,568,66,0,67,77,,8384481034014,
2026-08-17 23:49:15.094,pulse_batch,x,,,,,3,,571,69,0,70,77,,8384501520261,
2026-08-17 23:49:15.115,pulse_batch,x,,,,,3,,574,72,0,73,77,,8384521936694,
2026-08-17 23:49:15.136,pulse_batch,x,,,,,3,,577,75,0,76,77,,8384543003379,
2026-08-17 23:49:15.157,pulse_batch,x,,,,,3,,580,78,2,77,77,,8384563713882,
2026-08-17 23:49:15.177,pulse_batch,x,,,,,3,,583,81,5,77,77,,8384584153945,
2026-08-17 23:49:15.197,pulse_batch,x,,,,,3,,586,84,8,77,77,,8384604572711,
2026-08-17 23:49:15.220,pulse_batch,x,,,,,3,,589,87,11,77,77,,8384626778160,
2026-08-17 23:49:15.240,pulse_batch,x,,,,,3,,592,90,14,77,77,,8384647268333,
2026-08-17 23:49:15.260,pulse_batch,x,,,,,3,,595,93,17,77,77,,8384667659766,
2026-08-17 23:49:15.281,pulse_batch,x,,,,,3,,598,96,20,77,77,,8384688232086,
2026-08-17 23:49:15.302,pulse_batch,x,,,,,3,,601,99,23,77,77,,8384708748389,
2026-08-17 23:49:15.322,pulse_batch,x,,,,,3,,604,102,26,77,77,,8384729131582,
2026-08-17 23:49:15.343,pulse_batch,x,,,,,3,,607,105,29,77,77,,8384750038194,
2026-08-17 23:49:15.363,pulse_batch,x,,,,,3,,610,108,32,77,77,,8384770522404,
2026-08-17 23:49:15.384,pulse_batch,x,,,,,3,,613,111,35,77,77,,8384790914578,
2026-08-17 23:49:15.406,pulse_batch,x,,,,,3,,616,114,38,77,77,,8384813045879,
2026-08-17 23:49:15.426,pulse_batch,x,,,,,3,,619,117,41,77,77,,8384833550608,
2026-08-17 23:49:15.447,pulse_batch,x,,,,,3,,622,120,44,77,77,,8384854005485,
2026-08-17 23:49:15.467,pulse_batch,x,,,,,3,,625,123,47,77,77,,8384874465584,
2026-08-17 23:49:15.488,pulse_batch,x,,,,,3,,628,126,50,77,77,,8384895069034,
2026-08-17 23:49:15.508,pulse_batch,x,,,,,3,,631,129,53,77,77,,8384915510559,
2026-08-17 23:49:15.529,pulse_batch,x,,,,,3,,634,132,56,77,77,,8384935928511,
2026-08-17 23:49:15.550,pulse_batch,x,,,,,3,,637,135,59,77,77,,8384957073898,
2026-08-17 23:49:15.570,pulse_batch,x,,,,,3,,640,138,62,77,77,,8384977599959,
2026-08-17 23:49:15.591,pulse_batch,x,,,,,3,,643,141,65,77,77,,8384997988819,
2026-08-17 23:49:15.613,pulse_batch,x,,,,,3,,646,144,68,77,77,,8385020192249,
2026-08-17 23:49:15.634,pulse_batch,x,,,,,3,,649,147,71,77,77,,8385040711810,
2026-08-17 23:49:15.654,pulse_batch,x,,,,,3,,652,150,74,77,77,,8385061142521,
2026-08-17 23:49:15.675,pulse_batch,x,,,,,3,,655,153,77,77,77,,8385081744489,
2026-08-17 23:49:15.695,pulse_batch,x,,,,,3,,658,156,80,77,77,,8385102280310,
2026-08-17 23:49:15.716,pulse_batch,x,,,,,3,,661,159,83,77,77,,8385122675576,
2026-08-17 23:49:15.736,pulse_batch,x,,,,,3,,664,162,86,77,77,,8385143266748,
2026-08-17 23:49:15.757,pulse_batch,x,,,,,3,,667,165,89,77,77,,8385163840476,
2026-08-17 23:49:15.777,pulse_batch,x,,,,,3,,670,168,92,77,77,,8385184275798,
2026-08-17 23:49:15.798,pulse_batch,x,,,,,3,,673,171,95,77,77,,8385204681046,
2026-08-17 23:49:15.818,pulse_batch,x,,,,,3,,676,174,98,77,77,,8385225265958,
2026-08-17 23:49:15.839,pulse_batch,x,,,,,3,,679,177,101,77,77,,8385245717336,
2026-08-17 23:49:15.859,pulse_batch,x,,,,,3,,682,180,104,77,77,,8385266142324,
2026-08-17 23:49:15.880,pulse_batch,x,,,,,3,,685,183,107,77,77,,8385287029733,
2026-08-17 23:49:15.900,pulse_batch,x,,,,,3,,688,186,110,77,77,,8385307558591,
2026-08-17 23:49:15.921,pulse_batch,x,,,,,3,,691,189,113,77,77,,8385327946543,
2026-08-17 23:49:15.941,pulse_batch,x,,,,,3,,694,192,116,77,77,,8385348562863,
2026-08-17 23:49:15.962,pulse_batch,x,,,,,3,,697,195,119,77,77,,8385369221441,
2026-08-17 23:49:15.983,pulse_batch,x,,,,,3,,700,198,122,77,77,,8385389671559,
2026-08-17 23:49:16.003,pulse_batch,x,,,,,3,,703,201,125,77,77,,8385410374618,
2026-08-17 23:49:16.024,pulse_batch,x,,,,,3,,706,204,128,77,77,,8385430948235,
2026-08-17 23:49:16.044,pulse_batch,x,,,,,3,,709,207,131,77,77,,8385451415353,
2026-08-17 23:49:16.065,pulse_batch,x,,,,,3,,712,210,134,77,77,,8385471892304,
2026-08-17 23:49:16.087,pulse_batch,x,,,,,3,,715,213,137,77,77,,8385494240807,
2026-08-17 23:49:16.107,pulse_batch,x,,,,,3,,718,216,140,77,77,,8385514671148,
2026-08-17 23:49:16.128,pulse_batch,x,,,,,3,,721,219,143,77,77,,8385535064396,
2026-08-17 23:49:16.149,pulse_batch,x,,,,,3,,724,222,146,77,77,,8385555683401,
2026-08-17 23:49:16.169,pulse_batch,x,,,,,3,,727,225,149,77,77,,8385576202759,
2026-08-17 23:49:16.189,pulse_batch,x,,,,,3,,730,228,152,77,77,,8385596592990,
2026-08-17 23:49:16.210,pulse_batch,x,,,,,3,,733,231,155,77,77,,8385617279679,
2026-08-17 23:49:16.231,pulse_batch,x,,,,,3,,736,234,158,77,77,,8385637761334,
2026-08-17 23:49:16.251,pulse_batch,x,,,,,3,,739,237,161,77,77,,8385658222174,
2026-08-17 23:49:16.276,pulse_batch,x,,,,,3,,742,240,164,77,77,,8385682615855,
2026-08-17 23:49:16.296,pulse_batch,x,,,,,3,,745,243,167,77,77,,8385703289008,
2026-08-17 23:49:16.317,pulse_batch,x,,,,,3,,748,246,170,77,77,,8385723757089,
2026-08-17 23:49:16.337,pulse_batch,x,,,,,3,,751,249,173,77,77,,8385744333169,
2026-08-17 23:49:16.358,pulse_batch,x,,,,,3,,754,252,176,77,77,,8385765002247,
2026-08-17 23:49:16.378,pulse_batch,x,,,,,3,,757,255,179,77,77,,8385785491032,
2026-08-17 23:49:16.399,pulse_batch,x,,,,,3,,760,258,182,77,77,,8385805946113,
2026-08-17 23:49:16.421,pulse_batch,x,,,,,3,,763,261,185,77,77,,8385827600864,
2026-08-17 23:49:16.441,pulse_batch,x,,,,,3,,766,264,188,77,77,,8385848118408,
2026-08-17 23:49:16.461,pulse_batch,x,,,,,3,,769,267,191,77,77,,8385868583785,
2026-08-17 23:49:16.483,pulse_batch,x,,,,,3,,772,270,194,77,77,,8385890155334,
2026-08-17 23:49:16.505,pulse_batch,x,,,,,3,,775,273,197,77,77,,8385911853900,
2026-08-17 23:49:16.525,pulse_batch,x,,,,,3,,778,276,200,77,77,,8385932282945,
2026-08-17 23:49:16.547,pulse_batch,x,,,,,3,,781,279,203,77,77,,8385953976770,
2026-08-17 23:49:16.570,pulse_batch,x,,,,,3,,784,282,206,77,77,,8385977331797,
2026-08-17 23:49:16.591,pulse_batch,x,,,,,3,,787,285,209,77,77,,8385997806174,
2026-08-17 23:49:16.617,pulse_batch,x,,,,,3,,790,288,212,77,77,,8386023709558,
2026-08-17 23:49:16.641,pulse_batch,x,,,,,3,,793,291,215,77,77,,8386047849779,
2026-08-17 23:49:16.661,pulse_batch,x,,,,,3,,796,294,218,77,77,,8386068234676,
2026-08-17 23:49:16.683,pulse_batch,x,,,,,3,,799,297,221,77,77,,8386090290164,
2026-08-17 23:49:16.704,pulse_batch,x,,,,,3,,802,300,224,77,77,,8386110852169,
2026-08-17 23:49:16.724,pulse_batch,x,,,,,3,,805,303,227,77,77,,8386131276844,
2026-08-17 23:49:16.746,pulse_batch,x,,,,,3,,808,306,230,77,77,,8386153540328,
2026-08-17 23:49:16.767,pulse_batch,x,,,,,3,,811,309,233,77,77,,8386174175463,
2026-08-17 23:49:16.787,pulse_batch,x,,,,,3,,814,312,236,77,77,,8386194635803,
2026-08-17 23:49:16.809,pulse_batch,x,,,,,3,,817,315,239,77,77,,8386216437868,
2026-08-17 23:49:16.830,pulse_batch,x,,,,,3,,820,318,242,77,77,,8386237040670,
2026-08-17 23:49:16.850,pulse_batch,x,,,,,3,,823,321,245,77,77,,8386257513991,
2026-08-17 23:49:16.871,pulse_batch,x,,,,,3,,826,324,248,77,77,,8386278043942,
2026-08-17 23:49:16.892,pulse_batch,x,,,,,3,,829,327,251,77,77,,8386298717502,
2026-08-17 23:49:16.912,pulse_batch,x,,,,,3,,832,330,254,77,77,,8386319171250,
2026-08-17 23:49:16.933,pulse_batch,x,,,,,3,,835,333,257,77,77,,8386340072307,
2026-08-17 23:49:16.954,pulse_batch,x,,,,,3,,838,336,260,77,77,,8386360985494,
2026-08-17 23:49:16.974,pulse_batch,x,,,,,3,,841,339,263,77,77,,8386381551037,
2026-08-17 23:49:16.995,pulse_batch,x,,,,,3,,844,342,266,77,77,,8386402070450,
2026-08-17 23:49:17.019,pulse_batch,x,,,,,3,,847,345,269,77,77,,8386426351133,
2026-08-17 23:49:17.040,pulse_batch,x,,,,,3,,850,348,272,77,77,,8386446913176,
2026-08-17 23:49:17.060,pulse_batch,x,,,,,3,,853,351,275,77,77,,8386467442997,
2026-08-17 23:49:17.082,pulse_batch,x,,,,,3,,856,354,278,77,77,,8386488734661,
2026-08-17 23:49:17.103,pulse_batch,x,,,,,3,,859,357,281,77,77,,8386509825679,
2026-08-17 23:49:17.123,pulse_batch,x,,,,,3,,862,360,284,77,77,,8386530251502,
2026-08-17 23:49:17.144,pulse_batch,x,,,,,3,,865,363,287,77,77,,8386550836637,
2026-08-17 23:49:17.164,pulse_batch,x,,,,,3,,868,366,290,77,77,,8386571433865,
2026-08-17 23:49:17.185,pulse_batch,x,,,,,3,,871,369,293,77,77,,8386591913743,
2026-08-17 23:49:17.206,pulse_batch,x,,,,,3,,874,372,296,77,77,,8386613476588,
2026-08-17 23:49:17.227,pulse_batch,x,,,,,3,,877,375,299,77,77,,8386634052983,
2026-08-17 23:49:17.247,pulse_batch,x,,,,,3,,880,378,302,77,77,,8386654505565,
2026-08-17 23:49:17.268,pulse_batch,x,,,,,3,,883,381,305,77,77,,8386675537899,
2026-08-17 23:49:17.292,pulse_batch,x,,,,,3,,886,384,308,77,77,,8386698631429,
2026-08-17 23:49:17.312,pulse_batch,x,,,,,3,,889,387,311,77,77,,8386719133121,
2026-08-17 23:49:17.332,pulse_batch,x,,,,,3,,892,390,314,77,77,,8386739598351,
2026-08-17 23:49:17.354,pulse_batch,x,,,,,3,,895,393,317,77,77,,8386760590074,
2026-08-17 23:49:17.374,pulse_batch,x,,,,,3,,898,396,320,77,77,,8386781315615,
2026-08-17 23:49:17.395,pulse_batch,x,,,,,3,,901,399,323,77,77,,8386801819511,
2026-08-17 23:49:17.415,pulse_batch,x,,,,,3,,904,402,326,77,77,,8386822482442,
2026-08-17 23:49:17.436,pulse_batch,x,,,,,3,,907,405,329,77,77,,8386843084206,
2026-08-17 23:49:17.456,pulse_batch,x,,,,,3,,910,408,332,77,77,,8386863537529,
2026-08-17 23:49:17.478,pulse_batch,x,,,,,3,,913,411,335,77,77,,8386885387426,
2026-08-17 23:49:17.499,pulse_batch,x,,,,,3,,916,414,338,77,77,,8386905922988,
2026-08-17 23:49:17.519,pulse_batch,x,,,,,3,,919,417,341,77,77,,8386926350274,
2026-08-17 23:49:17.541,pulse_batch,x,,,,,3,,922,420,344,77,77,,8386948560390,
2026-08-17 23:49:17.562,pulse_batch,x,,,,,3,,925,423,347,77,77,,8386969171710,
2026-08-17 23:49:17.583,pulse_batch,x,,,,,3,,928,426,350,77,77,,8386989681494,
2026-08-17 23:49:17.603,pulse_batch,x,,,,,3,,931,429,353,77,77,,8387010168001,
2026-08-17 23:49:17.624,pulse_batch,x,,,,,3,,934,432,356,77,77,,8387030784951,
2026-08-17 23:49:17.644,pulse_batch,x,,,,,3,,937,435,359,77,77,,8387051241885,
2026-08-17 23:49:17.665,pulse_batch,x,,,,,3,,940,438,362,77,77,,8387071659245,
2026-08-17 23:49:17.686,pulse_batch,x,,,,,3,,943,441,365,77,77,,8387093020204,
2026-08-17 23:49:17.706,pulse_batch,x,,,,,3,,946,444,368,77,77,,8387113465211,
2026-08-17 23:49:17.727,pulse_batch,x,,,,,3,,949,447,371,77,77,,8387133848257,
2026-08-17 23:49:17.748,pulse_batch,x,,,,,3,,952,450,374,77,77,,8387155391343,
2026-08-17 23:49:17.769,pulse_batch,x,,,,,3,,955,453,377,77,77,,8387175897665,
2026-08-17 23:49:17.789,pulse_batch,x,,,,,3,,958,456,380,77,77,,8387196516078,
2026-08-17 23:49:17.810,pulse_batch,x,,,,,3,,961,459,383,77,77,,8387217235397,
2026-08-17 23:49:17.834,pulse_batch,x,,,,,3,,964,462,386,77,77,,8387241236861,
2026-08-17 23:49:17.854,pulse_batch,x,,,,,3,,967,465,389,77,77,,8387261644609,
2026-08-17 23:49:17.875,pulse_batch,x,,,,,3,,970,468,392,77,77,,8387282394465,
2026-08-17 23:49:17.896,pulse_batch,x,,,,,3,,973,471,395,77,77,,8387303047507,
2026-08-17 23:49:17.916,pulse_batch,x,,,,,3,,976,474,398,77,77,,8387323454608,
2026-08-17 23:49:17.938,pulse_batch,x,,,,,3,,979,477,401,77,77,,8387345286487,
2026-08-17 23:49:17.960,pulse_batch,x,,,,,3,,982,480,404,77,77,,8387367008905,
2026-08-17 23:49:17.980,pulse_batch,x,,,,,3,,985,483,407,77,77,,8387387628373,
2026-08-17 23:49:18.001,pulse_batch,x,,,,,3,,988,486,410,77,77,,8387408276304,
2026-08-17 23:49:18.023,pulse_batch,x,,,,,3,,991,489,413,77,77,,8387429645486,
2026-08-17 23:49:18.043,pulse_batch,x,,,,,3,,994,492,416,77,77,,8387450176474,
2026-08-17 23:49:18.063,pulse_batch,x,,,,,3,,997,495,419,77,77,,8387470594316,
2026-08-17 23:49:18.084,pulse_batch,x,,,,,3,,1000,498,422,77,77,,8387491283339,
2026-08-17 23:49:18.105,pulse_batch,x,,,,,3,,1003,501,425,77,77,,8387511924789,
2026-08-17 23:49:18.125,pulse_batch,x,,,,,3,,1006,504,428,77,77,,8387532321928,
2026-08-17 23:49:18.146,pulse_batch,x,,,,,3,,1009,507,431,77,77,,8387553146560,
2026-08-17 23:49:18.167,pulse_batch,x,,,,,3,,1012,510,434,77,77,,8387573754992,
2026-08-17 23:49:18.187,pulse_batch,x,,,,,3,,1015,513,437,77,77,,8387594236611,
2026-08-17 23:49:18.210,pulse_batch,x,,,,,3,,1018,516,440,77,77,,8387617271420,
2026-08-17 23:49:18.231,pulse_batch,x,,,,,3,,1021,519,443,77,77,,8387637828093,
2026-08-17 23:49:18.251,pulse_batch,x,,,,,3,,1024,522,446,77,77,,8387658284268,
2026-08-17 23:49:18.272,pulse_batch,x,,,,,3,,1027,525,449,77,77,,8387679004050,
2026-08-17 23:49:18.293,pulse_batch,x,,,,,3,,1030,528,452,77,77,,8387699689555,
2026-08-17 23:49:18.313,pulse_batch,x,,,,,3,,1033,531,455,77,77,,8387720174340,
2026-08-17 23:49:18.334,pulse_batch,x,,,,,3,,1036,534,458,77,77,,8387740649774,
2026-08-17 23:49:18.356,pulse_batch,x,,,,,3,,1039,537,461,77,77,,8387762949833,
2026-08-17 23:49:18.376,pulse_batch,x,,,,,3,,1042,540,464,77,77,,8387783476432,
2026-08-17 23:49:18.397,pulse_batch,x,,,,,3,,1045,543,467,77,77,,8387803944014,
2026-08-17 23:49:18.419,pulse_batch,x,,,,,3,,1048,546,470,77,77,,8387826470663,
2026-08-17 23:49:18.440,pulse_batch,x,,,,,3,,1051,549,473,77,77,,8387846993559,
2026-08-17 23:49:18.460,pulse_batch,x,,,,,3,,1054,552,476,77,77,,8387867431048,
2026-08-17 23:49:18.482,pulse_batch,x,,,,,3,,1057,555,479,77,77,,8387889559313,
2026-08-17 23:49:18.503,pulse_batch,x,,,,,3,,1060,558,482,77,77,,8387910275503,
2026-08-17 23:49:18.524,pulse_batch,x,,,,,3,,1063,561,485,77,77,,8387930678178,
2026-08-17 23:49:18.546,pulse_batch,x,,,,,3,,1066,564,488,77,77,,8387952749314,
2026-08-17 23:49:18.570,pulse_batch,x,,,,,3,,1069,567,491,77,77,,8387977229513,
2026-08-17 23:49:18.591,pulse_batch,x,,,,,3,,1072,570,494,77,77,,8387997659725,
2026-08-17 23:49:18.613,pulse_batch,x,,,,,3,,1075,573,497,77,77,,8388019703843,
2026-08-17 23:49:18.635,pulse_batch,x,,,,,3,,1078,576,500,77,77,,8388041796997,
2026-08-17 23:49:18.655,pulse_batch,x,,,,,3,,1081,579,503,77,77,,8388062182432,
2026-08-17 23:49:18.676,pulse_batch,x,,,,,3,,1084,582,506,77,77,,8388083588169,
2026-08-17 23:49:18.697,pulse_batch,x,,,,,3,,1087,585,509,77,77,,8388104142009,
2026-08-17 23:49:18.717,pulse_batch,x,,,,,3,,1090,588,512,77,77,,8388124567091,
2026-08-17 23:49:18.741,pulse_batch,x,,,,,3,,1093,591,515,77,77,,8388147650548,
2026-08-17 23:49:18.764,pulse_batch,x,,,,,3,,1096,594,518,77,77,,8388170917743,
2026-08-17 23:49:18.784,pulse_batch,x,,,,,3,,1099,597,521,77,77,,8388191415602,
2026-08-17 23:49:18.806,pulse_batch,x,,,,,3,,1102,600,524,77,77,,8388213084243,
2026-08-17 23:49:18.826,pulse_batch,x,,,,,3,,1105,603,527,77,77,,8388233654935,
2026-08-17 23:49:18.847,pulse_batch,x,,,,,3,,1108,606,530,77,77,,8388254099072,
2026-08-17 23:49:18.867,pulse_batch,x,,,,,3,,1111,609,533,77,77,,8388274561302,
2026-08-17 23:49:18.888,pulse_batch,x,,,,,3,,1114,612,536,77,77,,8388295248196,
2026-08-17 23:49:18.909,pulse_batch,x,,,,,3,,1117,615,539,77,77,,8388315791295,
2026-08-17 23:49:18.929,pulse_batch,x,,,,,3,,1120,618,542,77,77,,8388336208730,
2026-08-17 23:49:18.950,pulse_batch,x,,,,,3,,1123,621,545,77,77,,8388357222842,
2026-08-17 23:49:18.973,pulse_batch,x,,,,,3,,1126,624,548,77,77,,8388380566295,
2026-08-17 23:49:18.994,pulse_batch,x,,,,,3,,1129,627,551,77,77,,8388401027710,
2026-08-17 23:49:19.015,pulse_batch,x,,,,,3,,1132,630,554,77,77,,8388421667864,
2026-08-17 23:49:19.035,pulse_batch,x,,,,,3,,1135,633,557,77,77,,8388442272148,
2026-08-17 23:49:19.056,pulse_batch,x,,,,,3,,1138,636,560,77,77,,8388462737397,
2026-08-17 23:49:19.077,pulse_batch,x,,,,,3,,1141,639,563,77,77,,8388484101820,
2026-08-17 23:49:19.098,pulse_batch,x,,,,,3,,1144,642,566,77,77,,8388504803195,
2026-08-17 23:49:19.118,pulse_batch,x,,,,,3,,1147,645,569,77,77,,8388525242111,
2026-08-17 23:49:19.140,pulse_batch,x,,,,,3,,1150,648,572,77,77,,8388547143083,
2026-08-17 23:49:19.161,pulse_batch,x,,,,,3,,1153,651,575,77,77,,8388567706756,
2026-08-17 23:49:19.181,pulse_batch,x,,,,,3,,1156,654,578,77,77,,8388588160968,
2026-08-17 23:49:19.202,pulse_batch,x,,,,,3,,1159,657,581,77,77,,8388608647420,
2026-08-17 23:49:19.223,pulse_batch,x,,,,,3,,1162,660,584,77,77,,8388629794272,
2026-08-17 23:49:19.243,pulse_batch,x,,,,,3,,1165,663,587,77,77,,8388650283928,
2026-08-17 23:49:19.264,pulse_batch,x,,,,,3,,1168,666,590,77,77,,8388670683344,
2026-08-17 23:49:19.284,pulse_batch,x,,,,,3,,1171,669,593,77,77,,8388691313424,
2026-08-17 23:49:19.305,pulse_batch,x,,,,,3,,1174,672,596,77,77,,8388711923745,
2026-08-17 23:49:19.325,pulse_batch,x,,,,,3,,1177,675,599,77,77,,8388732335439,
2026-08-17 23:49:19.348,pulse_batch,x,,,,,3,,1180,678,602,77,77,,8388755025956,
2026-08-17 23:49:19.368,pulse_batch,x,,,,,3,,1183,681,605,77,77,,8388775583704,
2026-08-17 23:49:19.389,pulse_batch,x,,,,,3,,1186,684,608,77,77,,8388796007657,
2026-08-17 23:49:19.410,pulse_batch,x,,,,,3,,1189,687,611,77,77,,8388817456634,
2026-08-17 23:49:19.431,pulse_batch,x,,,,,3,,1192,690,614,77,77,,8388838028937,
2026-08-17 23:49:19.451,pulse_batch,x,,,,,3,,1195,693,617,77,77,,8388858451742,
2026-08-17 23:49:19.473,pulse_batch,x,,,,,3,,1198,696,620,77,77,,8388880102624,
2026-08-17 23:49:19.494,pulse_batch,x,,,,,3,,1201,699,623,77,77,,8388900751649,
2026-08-17 23:49:19.514,pulse_batch,x,,,,,3,,1204,702,626,77,77,,8388921286878,
2026-08-17 23:49:19.535,pulse_batch,x,,,,,3,,1207,705,629,77,77,,8388941762515,
2026-08-17 23:49:19.557,pulse_batch,x,,,,,3,,1210,708,632,77,77,,8388964050557,
2026-08-17 23:49:19.577,pulse_batch,x,,,,,3,,1213,711,635,77,77,,8388984466158,
2026-08-17 23:49:19.598,pulse_batch,x,,,,,3,,1216,714,638,77,77,,8389004887722,
2026-08-17 23:49:19.618,pulse_batch,x,,,,,3,,1219,717,641,77,77,,8389025470932,
2026-08-17 23:49:19.639,pulse_batch,x,,,,,3,,1222,720,644,77,77,,8389046009439,
2026-08-17 23:49:19.659,pulse_batch,x,,,,,3,,1225,723,647,77,77,,8389066386263,
2026-08-17 23:49:19.684,pulse_batch,x,,,,,3,,1228,726,650,77,77,,8389090719131,
2026-08-17 23:49:19.704,pulse_batch,x,,,,,3,,1231,729,653,77,77,,8389111467506,
2026-08-17 23:49:19.725,pulse_batch,x,,,,,3,,1234,732,656,77,77,,8389131851663,
2026-08-17 23:49:19.745,pulse_batch,x,,,,,3,,1237,735,659,77,77,,8389152505298,
2026-08-17 23:49:19.766,pulse_batch,x,,,,,3,,1240,738,662,77,77,,8389172996287,
2026-08-17 23:49:19.786,pulse_batch,x,,,,,3,,1243,741,665,77,77,,8389193410388,
2026-08-17 23:49:19.808,pulse_batch,x,,,,,3,,1246,744,668,77,77,,8389215402174,
2026-08-17 23:49:19.831,pulse_batch,x,,,,,3,,1249,747,671,77,77,,8389238520520,
2026-08-17 23:49:19.852,pulse_batch,x,,,,,3,,1252,750,674,77,77,,8389258945528,
2026-08-17 23:49:19.874,pulse_batch,x,,,,,3,,1255,753,677,77,77,,8389281061201,
2026-08-17 23:49:19.895,pulse_batch,x,,,,,3,,1258,756,680,77,77,,8389301690559,
2026-08-17 23:49:19.915,pulse_batch,x,,,,,3,,1261,759,683,77,77,,8389322378249,
2026-08-17 23:49:19.936,pulse_batch,x,,,,,3,,1264,762,686,77,77,,8389342940015,
2026-08-17 23:49:19.958,pulse_batch,x,,,,,3,,1267,765,689,77,77,,8389365146502,
2026-08-17 23:49:19.978,pulse_batch,x,,,,,3,,1270,768,692,77,77,,8389385593418,
2026-08-17 23:49:19.999,pulse_batch,x,,,,,3,,1273,771,695,77,77,,8389406491643,
2026-08-17 23:49:20.024,pulse_batch,x,,,,,3,,1276,774,698,77,77,,8389431568298,
2026-08-17 23:49:20.045,pulse_batch,x,,,,,3,,1279,777,701,77,77,,8389452034066,
2026-08-17 23:49:20.065,pulse_batch,x,,,,,3,,1282,780,704,77,77,,8389472449186,
2026-08-17 23:49:20.088,pulse_batch,x,,,,,3,,1285,783,707,77,77,,8389494675098,
2026-08-17 23:49:20.108,pulse_batch,x,,,,,3,,1288,786,710,77,77,,8389515152699,
2026-08-17 23:49:20.128,pulse_batch,x,,,,,3,,1291,789,713,77,77,,8389535607004,
2026-08-17 23:49:20.151,pulse_batch,x,,,,,3,,1294,792,716,77,77,,8389557737510,
2026-08-17 23:49:20.171,pulse_batch,x,,,,,3,,1297,795,719,77,77,,8389578291406,
2026-08-17 23:49:20.192,pulse_batch,x,,,,,3,,1300,798,722,77,77,,8389598694156,
2026-08-17 23:49:20.212,pulse_batch,x,,,,,3,,1303,801,725,77,77,,8389619427161,
2026-08-17 23:49:20.233,pulse_batch,x,,,,,3,,1306,804,728,77,77,,8389640024594,
2026-08-17 23:49:20.253,pulse_batch,x,,,,,3,,1309,807,731,77,77,,8389660434936,
2026-08-17 23:49:20.274,pulse_batch,x,,,,,3,,1312,810,734,77,77,,8389681629509,
2026-08-17 23:49:20.295,pulse_batch,x,,,,,3,,1315,813,737,77,77,,8389702145165,
2026-08-17 23:49:20.315,pulse_batch,x,,,,,3,,1318,816,740,77,77,,8389722604322,
2026-08-17 23:49:20.337,pulse_batch,x,,,,,3,,1321,819,743,77,77,,8389743878839,
2026-08-17 23:49:20.359,pulse_batch,x,,,,,3,,1324,822,746,77,77,,8389765709978,
2026-08-17 23:49:20.379,pulse_batch,x,,,,,3,,1327,825,749,77,77,,8389786163153,
2026-08-17 23:49:20.400,pulse_batch,x,,,,,3,,1330,828,752,77,77,,8389806663846,
2026-08-17 23:49:20.411,pulse_batch,x,,,,,1,,1331,829,753,77,77,,8389818403295,
2026-08-17 23:49:20.411,continuous_stop,x,,,,,,1,1331,829,753,77,77,,8389818641014,
2026-08-17 23:49:21.344,continuous_start,x,,,,,,1,1331,829,753,77,77,,8390751441748,
2026-08-17 23:49:21.348,pulse_batch,x,,,,,1,,1332,830,754,77,77,,8390755135888,
2026-08-17 23:49:21.368,pulse_batch,x,,,,,3,,1335,833,757,77,77,,8390775653211,
2026-08-17 23:49:21.389,pulse_batch,x,,,,,3,,1338,836,760,77,77,,8390796073220,
2026-08-17 23:49:21.410,pulse_batch,x,,,,,2,,1340,838,762,77,77,,8390816584320,
2026-08-17 23:49:21.410,continuous_stop,x,,,,,,1,1340,838,762,77,77,,8390817191739,
2026-08-17 23:49:22.615,continuous_start,y,,,,,,-1,496,-4,0,0,4,,8392021843458,
2026-08-17 23:49:22.618,pulse_batch,y,,,,,-1,,497,-5,-1,0,4,,8392025562820,
2026-08-17 23:49:22.639,pulse_batch,y,,,,,-3,,500,-8,-4,0,4,,8392046073440,
2026-08-17 23:49:22.659,pulse_batch,y,,,,,-3,,503,-11,-7,0,4,,8392066604485,
2026-08-17 23:49:22.680,pulse_batch,y,,,,,-3,,506,-14,-10,0,4,,8392087165233,
2026-08-17 23:49:22.701,pulse_batch,y,,,,,-3,,509,-17,-13,0,4,,8392107640279,
2026-08-17 23:49:22.721,pulse_batch,y,,,,,-3,,512,-20,-16,0,4,,8392128051918,
2026-08-17 23:49:22.743,pulse_batch,y,,,,,-3,,515,-23,-19,0,4,,8392149909577,
2026-08-17 23:49:22.763,pulse_batch,y,,,,,-3,,518,-26,-22,0,4,,8392170517140,
2026-08-17 23:49:22.784,pulse_batch,y,,,,,-3,,521,-29,-25,0,4,,8392190967445,
2026-08-17 23:49:22.804,pulse_batch,y,,,,,-3,,524,-32,-28,0,4,,8392211404306,
2026-08-17 23:49:22.825,pulse_batch,y,,,,,-3,,527,-35,-31,0,4,,8392232068609,
2026-08-17 23:49:22.845,pulse_batch,y,,,,,-3,,530,-38,-34,0,4,,8392252496655,
2026-08-17 23:49:22.866,pulse_batch,y,,,,,-3,,533,-41,-37,0,4,,8392273080552,
2026-08-17 23:49:22.883,pulse_batch,y,,,,,-2,,535,-43,-39,0,4,,8392290211602,
2026-08-17 23:49:22.883,continuous_stop,y,,,,,,-1,535,-43,-39,0,4,,8392290528542,
2026-08-17 23:49:24.875,point_saved,x,1,stored,,,,1,,838,762,77,77,762,,
2026-08-17 23:49:24.875,point_saved,y,1,stored,,,,-1,,-43,-39,0,4,-39,,
2026-08-17 23:49:25.615,continuous_start,x,,,,,,1,1340,838,762,77,77,,8395022230854,
2026-08-17 23:49:25.619,pulse_batch,x,,,,,1,,1341,839,763,77,77,,8395025943346,
2026-08-17 23:49:25.639,pulse_batch,x,,,,,3,,1344,842,766,77,77,,8395046508428,
2026-08-17 23:49:25.660,pulse_batch,x,,,,,3,,1347,845,769,77,77,,8395066930624,
2026-08-17 23:49:25.682,pulse_batch,x,,,,,3,,1350,848,772,77,77,,8395089269556,
2026-08-17 23:49:25.703,pulse_batch,x,,,,,3,,1353,851,775,77,77,,8395109782361,
2026-08-17 23:49:25.723,pulse_batch,x,,,,,3,,1356,854,778,77,77,,8395130233353,
2026-08-17 23:49:25.744,pulse_batch,x,,,,,3,,1359,857,781,77,77,,8395150719825,
2026-08-17 23:49:25.764,pulse_batch,x,,,,,3,,1362,860,784,77,77,,8395171254797,
2026-08-17 23:49:25.785,pulse_batch,x,,,,,3,,1365,863,787,77,77,,8395191708844,
2026-08-17 23:49:25.805,pulse_batch,x,,,,,3,,1368,866,790,77,77,,8395212148058,
2026-08-17 23:49:25.827,pulse_batch,x,,,,,3,,1371,869,793,77,77,,8395233803961,
2026-08-17 23:49:25.847,pulse_batch,x,,,,,3,,1374,872,796,77,77,,8395254261175,
2026-08-17 23:49:25.867,pulse_batch,x,,,,,3,,1377,875,799,77,77,,8395274639167,
2026-08-17 23:49:25.889,pulse_batch,x,,,,,3,,1380,878,802,77,77,,8395296507512,
2026-08-17 23:49:25.910,pulse_batch,x,,,,,3,,1383,881,805,77,77,,8395317270000,
2026-08-17 23:49:25.930,pulse_batch,x,,,,,3,,1386,884,808,77,77,,8395337658511,
2026-08-17 23:49:25.953,pulse_batch,x,,,,,3,,1389,887,811,77,77,,8395360377271,
2026-08-17 23:49:25.974,pulse_batch,x,,,,,3,,1392,890,814,77,77,,8395380913984,
2026-08-17 23:49:25.994,pulse_batch,x,,,,,3,,1395,893,817,77,77,,8395401331716,
2026-08-17 23:49:26.016,pulse_batch,x,,,,,3,,1398,896,820,77,77,,8395423156969,
2026-08-17 23:49:26.037,pulse_batch,x,,,,,3,,1401,899,823,77,77,,8395443647979,
2026-08-17 23:49:26.057,pulse_batch,x,,,,,3,,1404,902,826,77,77,,8395464080416,
2026-08-17 23:49:26.079,pulse_batch,x,,,,,3,,1407,905,829,77,77,,8395486244053,
2026-08-17 23:49:26.103,pulse_batch,x,,,,,3,,1410,908,832,77,77,,8395510456777,
2026-08-17 23:49:26.124,pulse_batch,x,,,,,3,,1413,911,835,77,77,,8395530975620,
2026-08-17 23:49:26.146,pulse_batch,x,,,,,3,,1416,914,838,77,77,,8395553020278,
2026-08-17 23:49:26.166,pulse_batch,x,,,,,3,,1419,917,841,77,77,,8395573623657,
2026-08-17 23:49:26.187,pulse_batch,x,,,,,3,,1422,920,844,77,77,,8395594064982,
2026-08-17 23:49:26.207,pulse_batch,x,,,,,3,,1425,923,847,77,77,,8395614498215,
2026-08-17 23:49:26.228,pulse_batch,x,,,,,3,,1428,926,850,77,77,,8395635454219,
2026-08-17 23:49:26.249,pulse_batch,x,,,,,3,,1431,929,853,77,77,,8395655918359,
2026-08-17 23:49:26.269,pulse_batch,x,,,,,3,,1434,932,856,77,77,,8395676338722,
2026-08-17 23:49:26.290,pulse_batch,x,,,,,3,,1437,935,859,77,77,,8395697345170,
2026-08-17 23:49:26.311,pulse_batch,x,,,,,3,,1440,938,862,77,77,,8395717929586,
2026-08-17 23:49:26.331,pulse_batch,x,,,,,3,,1443,941,865,77,77,,8395738332486,
2026-08-17 23:49:26.352,pulse_batch,x,,,,,3,,1446,944,868,77,77,,8395758933254,
2026-08-17 23:49:26.372,pulse_batch,x,,,,,3,,1449,947,871,77,77,,8395779456874,
2026-08-17 23:49:26.393,pulse_batch,x,,,,,3,,1452,950,874,77,77,,8395799899792,
2026-08-17 23:49:26.414,pulse_batch,x,,,,,3,,1455,953,877,77,77,,8395820796704,
2026-08-17 23:49:26.434,pulse_batch,x,,,,,3,,1458,956,880,77,77,,8395841430731,
2026-08-17 23:49:26.455,pulse_batch,x,,,,,3,,1461,959,883,77,77,,8395861886853,
2026-08-17 23:49:26.476,pulse_batch,x,,,,,3,,1464,962,886,77,77,,8395882424603,
2026-08-17 23:49:26.497,pulse_batch,x,,,,,3,,1467,965,889,77,77,,8395903819213,
2026-08-17 23:49:26.517,pulse_batch,x,,,,,3,,1470,968,892,77,77,,8395924334778,
2026-08-17 23:49:26.538,pulse_batch,x,,,,,3,,1473,971,895,77,77,,8395944754863,
2026-08-17 23:49:26.558,pulse_batch,x,,,,,3,,1476,974,898,77,77,,8395965326742,
2026-08-17 23:49:26.579,pulse_batch,x,,,,,3,,1479,977,901,77,77,,8395985956065,
2026-08-17 23:49:26.599,pulse_batch,x,,,,,3,,1482,980,904,77,77,,8396006382168,
2026-08-17 23:49:26.620,pulse_batch,x,,,,,3,,1485,983,907,77,77,,8396027208341,
2026-08-17 23:49:26.641,pulse_batch,x,,,,,3,,1488,986,910,77,77,,8396047729369,
2026-08-17 23:49:26.661,pulse_batch,x,,,,,3,,1491,989,913,77,77,,8396068171139,
2026-08-17 23:49:26.683,pulse_batch,x,,,,,3,,1494,992,916,77,77,,8396090269833,
2026-08-17 23:49:26.704,pulse_batch,x,,,,,3,,1497,995,919,77,77,,8396110808842,
2026-08-17 23:49:26.724,pulse_batch,x,,,,,3,,1500,998,922,77,77,,8396131274186,
2026-08-17 23:49:26.747,pulse_batch,x,,,,,3,,1503,1001,925,77,77,,8396153512248,
2026-08-17 23:49:26.767,pulse_batch,x,,,,,3,,1506,1004,928,77,77,,8396174020980,
2026-08-17 23:49:26.787,pulse_batch,x,,,,,3,,1509,1007,931,77,77,,8396194492953,
2026-08-17 23:49:26.808,pulse_batch,x,,,,,3,,1512,1010,934,77,77,,8396214918205,
2026-08-17 23:49:26.829,pulse_batch,x,,,,,3,,1515,1013,937,77,77,,8396235653230,
2026-08-17 23:49:26.849,pulse_batch,x,,,,,3,,1518,1016,940,77,77,,8396256128648,
2026-08-17 23:49:26.869,pulse_batch,x,,,,,3,,1521,1019,943,77,77,,8396276536659,
2026-08-17 23:49:26.890,pulse_batch,x,,,,,3,,1524,1022,946,77,77,,8396297274184,
2026-08-17 23:49:26.911,pulse_batch,x,,,,,3,,1527,1025,949,77,77,,8396317789305,
2026-08-17 23:49:26.931,pulse_batch,x,,,,,3,,1530,1028,952,77,77,,8396338273037,
2026-08-17 23:49:26.954,pulse_batch,x,,,,,3,,1533,1031,955,77,77,,8396361280609,
2026-08-17 23:49:26.975,pulse_batch,x,,,,,3,,1536,1034,958,77,77,,8396381834544,
2026-08-17 23:49:26.996,pulse_batch,x,,,,,3,,1539,1037,961,77,77,,8396402913676,
2026-08-17 23:49:27.017,pulse_batch,x,,,,,3,,1542,1040,964,77,77,,8396424172511,
2026-08-17 23:49:27.039,pulse_batch,x,,,,,3,,1545,1043,967,77,77,,8396445763230,
2026-08-17 23:49:27.059,pulse_batch,x,,,,,3,,1548,1046,970,77,77,,8396466224999,
2026-08-17 23:49:27.080,pulse_batch,x,,,,,3,,1551,1049,973,77,77,,8396487147116,
2026-08-17 23:49:27.101,pulse_batch,x,,,,,3,,1554,1052,976,77,77,,8396507777587,
2026-08-17 23:49:27.121,pulse_batch,x,,,,,3,,1557,1055,979,77,77,,8396528245135,
2026-08-17 23:49:27.142,pulse_batch,x,,,,,3,,1560,1058,982,77,77,,8396548723478,
2026-08-17 23:49:27.163,pulse_batch,x,,,,,3,,1563,1061,985,77,77,,8396569754352,
2026-08-17 23:49:27.183,pulse_batch,x,,,,,3,,1566,1064,988,77,77,,8396590212956,
2026-08-17 23:49:27.203,pulse_batch,x,,,,,3,,1569,1067,991,77,77,,8396610618022,
2026-08-17 23:49:27.224,pulse_batch,x,,,,,3,,1572,1070,994,77,77,,8396631271031,
2026-08-17 23:49:27.245,pulse_batch,x,,,,,3,,1575,1073,997,77,77,,8396651899743,
2026-08-17 23:49:27.265,pulse_batch,x,,,,,3,,1578,1076,1000,77,77,,8396672306143,
2026-08-17 23:49:27.288,pulse_batch,x,,,,,3,,1581,1079,1003,77,77,,8396694944535,
2026-08-17 23:49:27.308,pulse_batch,x,,,,,3,,1584,1082,1006,77,77,,8396715438748,
2026-08-17 23:49:27.329,pulse_batch,x,,,,,3,,1587,1085,1009,77,77,,8396735879074,
2026-08-17 23:49:27.351,pulse_batch,x,,,,,3,,1590,1088,1012,77,77,,8396757706753,
2026-08-17 23:49:27.371,pulse_batch,x,,,,,3,,1593,1091,1015,77,77,,8396778217430,
2026-08-17 23:49:27.392,pulse_batch,x,,,,,3,,1596,1094,1018,77,77,,8396798663459,
2026-08-17 23:49:27.412,pulse_batch,x,,,,,3,,1599,1097,1021,77,77,,8396819136414,
2026-08-17 23:49:27.433,pulse_batch,x,,,,,3,,1602,1100,1024,77,77,,8396839784719,
2026-08-17 23:49:27.453,pulse_batch,x,,,,,3,,1605,1103,1027,77,77,,8396860254359,
2026-08-17 23:49:27.474,pulse_batch,x,,,,,3,,1608,1106,1030,77,77,,8396880680314,
2026-08-17 23:49:27.494,pulse_batch,x,,,,,3,,1611,1109,1033,77,77,,8396901374563,
2026-08-17 23:49:27.515,pulse_batch,x,,,,,3,,1614,1112,1036,77,77,,8396921870554,
2026-08-17 23:49:27.535,pulse_batch,x,,,,,3,,1617,1115,1039,77,77,,8396942293603,
2026-08-17 23:49:27.556,pulse_batch,x,,,,,3,,1620,1118,1042,77,77,,8396962944333,
2026-08-17 23:49:27.576,pulse_batch,x,,,,,3,,1623,1121,1045,77,77,,8396983444528,
2026-08-17 23:49:27.597,pulse_batch,x,,,,,3,,1626,1124,1048,77,77,,8397003851391,
2026-08-17 23:49:27.621,pulse_batch,x,,,,,3,,1629,1127,1051,77,77,,8397027934099,
2026-08-17 23:49:27.641,pulse_batch,x,,,,,3,,1632,1130,1054,77,77,,8397048543089,
2026-08-17 23:49:27.662,pulse_batch,x,,,,,3,,1635,1133,1057,77,77,,8397069002507,
2026-08-17 23:49:27.684,pulse_batch,x,,,,,3,,1638,1136,1060,77,77,,8397091038387,
2026-08-17 23:49:27.705,pulse_batch,x,,,,,3,,1641,1139,1063,77,77,,8397111650563,
2026-08-17 23:49:27.725,pulse_batch,x,,,,,3,,1644,1142,1066,77,77,,8397132131869,
2026-08-17 23:49:27.746,pulse_batch,x,,,,,3,,1647,1145,1069,77,77,,8397152972468,
2026-08-17 23:49:27.768,pulse_batch,x,,,,,3,,1650,1148,1072,77,77,,8397174771740,
2026-08-17 23:49:27.788,pulse_batch,x,,,,,3,,1653,1151,1075,77,77,,8397195273121,
2026-08-17 23:49:27.809,pulse_batch,x,,,,,3,,1656,1154,1078,77,77,,8397215744816,
2026-08-17 23:49:27.831,pulse_batch,x,,,,,3,,1659,1157,1081,77,77,,8397237684401,
2026-08-17 23:49:27.851,pulse_batch,x,,,,,3,,1662,1160,1084,77,77,,8397258270799,
2026-08-17 23:49:27.872,pulse_batch,x,,,,,3,,1665,1163,1087,77,77,,8397278704625,
2026-08-17 23:49:27.897,pulse_batch,x,,,,,3,,1668,1166,1090,77,77,,8397304148260,
2026-08-17 23:49:27.918,pulse_batch,x,,,,,3,,1671,1169,1093,77,77,,8397324701733,
2026-08-17 23:49:27.938,pulse_batch,x,,,,,3,,1674,1172,1096,77,77,,8397345218169,
2026-08-17 23:49:27.964,pulse_batch,x,,,,,3,,1677,1175,1099,77,77,,8397371343185,
2026-08-17 23:49:27.985,pulse_batch,x,,,,,3,,1680,1178,1102,77,77,,8397391895916,
2026-08-17 23:49:28.005,pulse_batch,x,,,,,3,,1683,1181,1105,77,77,,8397412357075,
2026-08-17 23:49:28.027,pulse_batch,x,,,,,3,,1686,1184,1108,77,77,,8397434603416,
2026-08-17 23:49:28.048,pulse_batch,x,,,,,3,,1689,1187,1111,77,77,,8397455247777,
2026-08-17 23:49:28.069,pulse_batch,x,,,,,3,,1692,1190,1114,77,77,,8397475735250,
2026-08-17 23:49:28.091,pulse_batch,x,,,,,3,,1695,1193,1117,77,77,,8397497696447,
2026-08-17 23:49:28.112,pulse_batch,x,,,,,3,,1698,1196,1120,77,77,,8397519210371,
2026-08-17 23:49:28.133,pulse_batch,x,,,,,3,,1701,1199,1123,77,77,,8397539655641,
2026-08-17 23:49:28.155,pulse_batch,x,,,,,3,,1704,1202,1126,77,77,,8397562135961,
2026-08-17 23:49:28.176,pulse_batch,x,,,,,3,,1707,1205,1129,77,77,,8397582671711,
2026-08-17 23:49:28.196,pulse_batch,x,,,,,3,,1710,1208,1132,77,77,,8397603208425,
2026-08-17 23:49:28.221,pulse_batch,x,,,,,3,,1713,1211,1135,77,77,,8397628338491,
2026-08-17 23:49:28.242,pulse_batch,x,,,,,3,,1716,1214,1138,77,77,,8397649024776,
2026-08-17 23:49:28.262,pulse_batch,x,,,,,3,,1719,1217,1141,77,77,,8397669539324,
2026-08-17 23:49:28.284,pulse_batch,x,,,,,3,,1722,1220,1144,77,77,,8397691495150,
2026-08-17 23:49:28.305,pulse_batch,x,,,,,3,,1725,1223,1147,77,77,,8397712114863,
2026-08-17 23:49:28.325,pulse_batch,x,,,,,3,,1728,1226,1150,77,77,,8397732612188,
2026-08-17 23:49:28.347,pulse_batch,x,,,,,3,,1731,1229,1153,77,77,,8397753170475,
2026-08-17 23:49:28.369,pulse_batch,x,,,,,3,,1734,1232,1156,77,77,,8397776476526,
2026-08-17 23:49:28.390,pulse_batch,x,,,,,3,,1737,1235,1159,77,77,,8397796988499,
2026-08-17 23:49:28.411,pulse_batch,x,,,,,3,,1740,1238,1162,77,77,,8397817633767,
2026-08-17 23:49:28.431,pulse_batch,x,,,,,3,,1743,1241,1165,77,77,,8397838420459,
2026-08-17 23:49:28.452,pulse_batch,x,,,,,3,,1746,1244,1168,77,77,,8397858991987,
2026-08-17 23:49:28.472,pulse_batch,x,,,,,3,,1749,1247,1171,77,77,,8397879433832,
2026-08-17 23:49:28.494,pulse_batch,x,,,,,3,,1752,1250,1174,77,77,,8397900932737,
2026-08-17 23:49:28.514,pulse_batch,x,,,,,3,,1755,1253,1177,77,77,,8397921514173,
2026-08-17 23:49:28.535,pulse_batch,x,,,,,3,,1758,1256,1180,77,77,,8397941949610,
2026-08-17 23:49:28.558,pulse_batch,x,,,,,3,,1761,1259,1183,77,77,,8397964681519,
2026-08-17 23:49:28.578,pulse_batch,x,,,,,3,,1764,1262,1186,77,77,,8397985228862,
2026-08-17 23:49:28.599,pulse_batch,x,,,,,3,,1767,1265,1189,77,77,,8398005709206,
2026-08-17 23:49:28.621,pulse_batch,x,,,,,3,,1770,1268,1192,77,77,,8398027886456,
2026-08-17 23:49:28.641,pulse_batch,x,,,,,3,,1773,1271,1195,77,77,,8398048418540,
2026-08-17 23:49:28.662,pulse_batch,x,,,,,3,,1776,1274,1198,77,77,,8398068923865,
2026-08-17 23:49:28.684,pulse_batch,x,,,,,3,,1779,1277,1201,77,77,,8398090706841,
2026-08-17 23:49:28.707,pulse_batch,x,,,,,3,,1782,1280,1204,77,77,,8398114456572,
2026-08-17 23:49:28.728,pulse_batch,x,,,,,3,,1785,1283,1207,77,77,,8398134948897,
2026-08-17 23:49:28.750,pulse_batch,x,,,,,3,,1788,1286,1210,77,77,,8398157528512,
2026-08-17 23:49:28.771,pulse_batch,x,,,,,3,,1791,1289,1213,77,77,,8398178383722,
2026-08-17 23:49:28.792,pulse_batch,x,,,,,3,,1794,1292,1216,77,77,,8398198856362,
2026-08-17 23:49:28.812,pulse_batch,x,,,,,3,,1797,1295,1219,77,77,,8398219298836,
2026-08-17 23:49:28.834,pulse_batch,x,,,,,3,,1800,1298,1222,77,77,,8398241487900,
2026-08-17 23:49:28.855,pulse_batch,x,,,,,3,,1803,1301,1225,77,77,,8398262011170,
2026-08-17 23:49:28.875,pulse_batch,x,,,,,3,,1806,1304,1228,77,77,,8398282447144,
2026-08-17 23:49:28.898,pulse_batch,x,,,,,3,,1809,1307,1231,77,77,,8398304560024,
2026-08-17 23:49:28.918,pulse_batch,x,,,,,3,,1812,1310,1234,77,77,,8398325100996,
2026-08-17 23:49:28.938,pulse_batch,x,,,,,3,,1815,1313,1237,77,77,,8398345537693,
2026-08-17 23:49:28.959,pulse_batch,x,,,,,3,,1818,1316,1240,77,77,,8398366482013,
2026-08-17 23:49:28.980,pulse_batch,x,,,,,3,,1821,1319,1243,77,77,,8398387041411,
2026-08-17 23:49:29.000,pulse_batch,x,,,,,3,,1824,1322,1246,77,77,,8398407548773,
2026-08-17 23:49:29.021,pulse_batch,x,,,,,3,,1827,1325,1249,77,77,,8398428241560,
2026-08-17 23:49:29.024,continuous_stop,x,,,,,,1,1827,1325,1249,77,77,,8398431651463,
2026-08-17 23:49:29.485,continuous_start,x,,,,,,1,1827,1325,1249,77,77,,8398892415618,
2026-08-17 23:49:29.489,pulse_batch,x,,,,,1,,1828,1326,1250,77,77,,8398895960964,
2026-08-17 23:49:29.509,pulse_batch,x,,,,,3,,1831,1329,1253,77,77,,8398916445660,
2026-08-17 23:49:29.530,pulse_batch,x,,,,,3,,1834,1332,1256,77,77,,8398936833728,
2026-08-17 23:49:29.550,pulse_batch,x,,,,,3,,1837,1335,1259,77,77,,8398957401145,
2026-08-17 23:49:29.571,pulse_batch,x,,,,,3,,1840,1338,1262,77,77,,8398978050098,
2026-08-17 23:49:29.591,pulse_batch,x,,,,,3,,1843,1341,1265,77,77,,8398998518943,
2026-08-17 23:49:29.612,pulse_batch,x,,,,,3,,1846,1344,1268,77,77,,8399019327580,
2026-08-17 23:49:29.623,pulse_batch,x,,,,,1,,1847,1345,1269,77,77,,8399029660695,
2026-08-17 23:49:29.623,continuous_stop,x,,,,,,1,1847,1345,1269,77,77,,8399029954006,
2026-08-17 23:49:31.154,continuous_start,x,,,,,,-1,1847,1345,1269,77,77,,8400560800154,
2026-08-17 23:49:31.157,pulse_batch,x,,,,,-1,,1848,1344,1269,76,77,,8400564503036,
2026-08-17 23:49:31.178,pulse_batch,x,,,,,-3,,1851,1341,1269,73,77,,8400585008084,
2026-08-17 23:49:31.198,pulse_batch,x,,,,,-3,,1854,1338,1269,70,77,,8400605445004,
2026-08-17 23:49:31.220,pulse_batch,x,,,,,-3,,1857,1335,1269,67,77,,8400627423627,
2026-08-17 23:49:31.224,continuous_stop,x,,,,,,-1,1857,1335,1269,67,77,,8400630849400,
2026-08-17 23:49:31.621,continuous_start,x,,,,,,-1,1857,1335,1269,67,77,,8401028145541,
2026-08-17 23:49:31.625,pulse_batch,x,,,,,-1,,1858,1334,1269,66,77,,8401031761201,
2026-08-17 23:49:31.646,pulse_batch,x,,,,,-3,,1861,1331,1269,63,77,,8401053314866,
2026-08-17 23:49:31.667,pulse_batch,x,,,,,-3,,1864,1328,1269,60,77,,8401073719471,
2026-08-17 23:49:31.688,pulse_batch,x,,,,,-3,,1867,1325,1269,57,77,,8401095432468,
2026-08-17 23:49:31.711,pulse_batch,x,,,,,-3,,1870,1322,1269,54,77,,8401117816216,
2026-08-17 23:49:31.731,pulse_batch,x,,,,,-3,,1873,1319,1269,51,77,,8401138283431,
2026-08-17 23:49:31.752,pulse_batch,x,,,,,-3,,1876,1316,1269,48,77,,8401158947422,
2026-08-17 23:49:31.755,continuous_stop,x,,,,,,-1,1876,1316,1269,48,77,,8401162404714,
2026-08-17 23:49:32.155,continuous_start,x,,,,,,-1,1876,1316,1269,48,77,,8401561968996,
2026-08-17 23:49:32.158,pulse_batch,x,,,,,-1,,1877,1315,1269,47,77,,8401565648137,
2026-08-17 23:49:32.179,pulse_batch,x,,,,,-3,,1880,1312,1269,44,77,,8401586159130,
2026-08-17 23:49:32.199,pulse_batch,x,,,,,-3,,1883,1309,1269,41,77,,8401606614864,
2026-08-17 23:49:32.222,pulse_batch,x,,,,,-3,,1886,1306,1269,38,77,,8401628858947,
2026-08-17 23:49:32.242,pulse_batch,x,,,,,-3,,1889,1303,1269,35,77,,8401649375866,
2026-08-17 23:49:32.263,pulse_batch,x,,,,,-3,,1892,1300,1269,32,77,,8401669818897,
2026-08-17 23:49:32.285,pulse_batch,x,,,,,-3,,1895,1297,1269,29,77,,8401691882057,
2026-08-17 23:49:32.288,continuous_stop,x,,,,,,-1,1895,1297,1269,29,77,,8401695430699,
2026-08-17 23:49:32.689,continuous_start,x,,,,,,-1,1895,1297,1269,29,77,,8402095757105,
2026-08-17 23:49:32.692,pulse_batch,x,,,,,-1,,1896,1296,1269,28,77,,8402099494264,
2026-08-17 23:49:32.714,pulse_batch,x,,,,,-3,,1899,1293,1269,25,77,,8402121244668,
2026-08-17 23:49:32.734,pulse_batch,x,,,,,-3,,1902,1290,1269,22,77,,8402141652699,
2026-08-17 23:49:32.756,pulse_batch,x,,,,,-3,,1905,1287,1269,19,77,,8402162914665,
2026-08-17 23:49:32.776,pulse_batch,x,,,,,-3,,1908,1284,1269,16,77,,8402183476120,
2026-08-17 23:49:32.797,pulse_batch,x,,,,,-3,,1911,1281,1269,13,77,,8402203933984,
2026-08-17 23:49:32.818,pulse_batch,x,,,,,-3,,1914,1278,1269,10,77,,8402225534390,
2026-08-17 23:49:32.822,continuous_stop,x,,,,,,-1,1914,1278,1269,10,77,,8402229037514,
2026-08-17 23:49:33.289,continuous_start,x,,,,,,-1,1914,1278,1269,10,77,,8402695747661,
2026-08-17 23:49:33.292,pulse_batch,x,,,,,-1,,1915,1277,1269,9,77,,8402699417135,
2026-08-17 23:49:33.313,pulse_batch,x,,,,,-3,,1918,1274,1269,6,77,,8402720424270,
2026-08-17 23:49:33.334,pulse_batch,x,,,,,-3,,1921,1271,1269,3,77,,8402740824376,
2026-08-17 23:49:33.356,pulse_batch,x,,,,,-3,,1924,1268,1269,0,77,,8402762725260,
2026-08-17 23:49:33.359,continuous_stop,x,,,,,,-1,1924,1268,1269,0,77,,8402766178608,
2026-08-17 23:49:33.757,continuous_start,x,,,,,,-1,1924,1268,1269,0,77,,8403163664110,
2026-08-17 23:49:33.760,pulse_batch,x,,,,,-1,,1925,1267,1268,0,77,,8403167276233,
2026-08-17 23:49:33.781,pulse_batch,x,,,,,-3,,1928,1264,1265,0,77,,8403188104149,
2026-08-17 23:49:33.801,pulse_batch,x,,,,,-3,,1931,1261,1262,0,77,,8403208524643,
2026-08-17 23:49:33.821,pulse_batch,x,,,,,-2,,1933,1259,1260,0,77,,8403228174147,
2026-08-17 23:49:33.821,continuous_stop,x,,,,,,-1,1933,1259,1260,0,77,,8403228513846,
2026-08-17 23:49:34.160,continuous_start,x,,,,,,-1,1933,1259,1260,0,77,,8403566605753,
2026-08-17 23:49:34.163,pulse_batch,x,,,,,-1,,1934,1258,1259,0,77,,8403570342134,
2026-08-17 23:49:34.184,pulse_batch,x,,,,,-3,,1937,1255,1256,0,77,,8403590863405,
2026-08-17 23:49:34.204,pulse_batch,x,,,,,-3,,1940,1252,1253,0,77,,8403611329695,
2026-08-17 23:49:34.227,pulse_batch,x,,,,,-3,,1943,1249,1250,0,77,,8403634214957,
2026-08-17 23:49:34.251,pulse_batch,x,,,,,-3,,1946,1246,1247,0,77,,8403657900931,
2026-08-17 23:49:34.271,pulse_batch,x,,,,,-3,,1949,1243,1244,0,77,,8403678366369,
2026-08-17 23:49:34.293,pulse_batch,x,,,,,-3,,1952,1240,1241,0,77,,8403700288735,
2026-08-17 23:49:34.314,pulse_batch,x,,,,,-3,,1955,1237,1238,0,77,,8403720996652,
2026-08-17 23:49:34.334,pulse_batch,x,,,,,-3,,1958,1234,1235,0,77,,8403741503442,
2026-08-17 23:49:34.356,pulse_batch,x,,,,,-3,,1961,1231,1232,0,77,,8403762764557,
2026-08-17 23:49:34.359,continuous_stop,x,,,,,,-1,1961,1231,1232,0,77,,8403766280496,
2026-08-17 23:49:34.760,continuous_start,x,,,,,,-1,1961,1231,1232,0,77,,8404167133315,
2026-08-17 23:49:34.764,pulse_batch,x,,,,,-1,,1962,1230,1231,0,77,,8404170839715,
2026-08-17 23:49:34.785,pulse_batch,x,,,,,-3,,1965,1227,1228,0,77,,8404191958313,
2026-08-17 23:49:34.805,pulse_batch,x,,,,,-3,,1968,1224,1225,0,77,,8404212424807,
2026-08-17 23:49:34.824,pulse_batch,x,,,,,-2,,1970,1222,1223,0,77,,8404231173600,
2026-08-17 23:49:34.824,continuous_stop,x,,,,,,-1,1970,1222,1223,0,77,,8404231538151,
2026-08-17 23:49:35.227,continuous_start,x,,,,,,-1,1970,1222,1223,0,77,,8404633715514,
2026-08-17 23:49:35.230,pulse_batch,x,,,,,-1,,1971,1221,1222,0,77,,8404637501524,
2026-08-17 23:49:35.251,pulse_batch,x,,,,,-3,,1974,1218,1219,0,77,,8404658124313,
2026-08-17 23:49:35.271,pulse_batch,x,,,,,-3,,1977,1215,1216,0,77,,8404678574122,
2026-08-17 23:49:35.294,pulse_batch,x,,,,,-3,,1980,1212,1213,0,77,,8404701214313,
2026-08-17 23:49:35.315,pulse_batch,x,,,,,-3,,1983,1209,1210,0,77,,8404721874101,
2026-08-17 23:49:35.335,pulse_batch,x,,,,,-3,,1986,1206,1207,0,77,,8404742370095,
2026-08-17 23:49:35.356,pulse_batch,x,,,,,-3,,1989,1203,1204,0,77,,8404763260492,
2026-08-17 23:49:35.360,continuous_stop,x,,,,,,-1,1989,1203,1204,0,77,,8404766821764,
2026-08-17 23:49:36.829,continuous_start,y,,,,,,-1,535,-43,-39,0,4,,8406236359561,
2026-08-17 23:49:36.833,pulse_batch,y,,,,,-1,,536,-44,-40,0,4,,8406239999258,
2026-08-17 23:49:36.853,pulse_batch,y,,,,,-3,,539,-47,-43,0,4,,8406260518586,
2026-08-17 23:49:36.874,pulse_batch,y,,,,,-3,,542,-50,-46,0,4,,8406281005118,
2026-08-17 23:49:36.894,pulse_batch,y,,,,,-3,,545,-53,-49,0,4,,8406301544649,
2026-08-17 23:49:36.915,pulse_batch,y,,,,,-3,,548,-56,-52,0,4,,8406322032014,
2026-08-17 23:49:36.935,pulse_batch,y,,,,,-3,,551,-59,-55,0,4,,8406342498879,
2026-08-17 23:49:36.956,pulse_batch,y,,,,,-3,,554,-62,-58,0,4,,8406363287129,
2026-08-17 23:49:36.960,continuous_stop,y,,,,,,-1,554,-62,-58,0,4,,8406366800828,
2026-08-17 23:49:38.161,continuous_start,y,,,,,,1,554,-62,-58,0,4,,8407568091637,
2026-08-17 23:49:38.165,pulse_batch,y,,,,,1,,555,-61,-58,1,4,,8407571709408,
2026-08-17 23:49:38.186,pulse_batch,y,,,,,3,,558,-58,-58,4,4,,8407593388223,
2026-08-17 23:49:38.207,pulse_batch,y,,,,,3,,561,-55,-55,4,4,,8407613775052,
2026-08-17 23:49:38.227,pulse_batch,y,,,,,3,,564,-52,-52,4,4,,8407634317473,
2026-08-17 23:49:38.231,continuous_stop,y,,,,,,1,564,-52,-52,4,4,,8407637738710,
2026-08-17 23:49:38.694,continuous_start,y,,,,,,1,564,-52,-52,4,4,,8408100543663,
2026-08-17 23:49:38.697,pulse_batch,y,,,,,1,,565,-51,-51,4,4,,8408104381525,
2026-08-17 23:49:38.718,pulse_batch,y,,,,,3,,568,-48,-48,4,4,,8408124876205,
2026-08-17 23:49:38.738,pulse_batch,y,,,,,3,,571,-45,-45,4,4,,8408145272942,
2026-08-17 23:49:38.759,pulse_batch,y,,,,,3,,574,-42,-42,4,4,,8408165822177,
2026-08-17 23:49:38.762,continuous_stop,y,,,,,,1,574,-42,-42,4,4,,8408169269729,
2026-08-17 23:49:39.830,continuous_start,x,,,,,,-1,1989,1203,1204,0,77,,8409236679412,
2026-08-17 23:49:39.833,pulse_batch,x,,,,,-1,,1990,1202,1203,0,77,,8409240254906,
2026-08-17 23:49:39.854,pulse_batch,x,,,,,-3,,1993,1199,1200,0,77,,8409260782235,
2026-08-17 23:49:39.874,pulse_batch,x,,,,,-3,,1996,1196,1197,0,77,,8409281214046,
2026-08-17 23:49:39.896,pulse_batch,x,,,,,-3,,1999,1193,1194,0,77,,8409302891694,
2026-08-17 23:49:39.917,pulse_batch,x,,,,,-3,,2002,1190,1191,0,77,,8409324215550,
2026-08-17 23:49:39.937,pulse_batch,x,,,,,-3,,2005,1187,1188,0,77,,8409344647546,
2026-08-17 23:49:39.959,pulse_batch,x,,,,,-3,,2008,1184,1185,0,77,,8409365780052,
2026-08-17 23:49:39.962,continuous_stop,x,,,,,,-1,2008,1184,1185,0,77,,8409369325325,
2026-08-17 23:49:42.027,point_saved,x,2,stored,,,,-1,,1184,1185,0,77,1185,,
2026-08-17 23:49:42.027,point_saved,y,2,stored,,,,1,,-42,-42,4,4,-42,,
2026-08-17 23:49:43.035,continuous_start,y,,,,,,-1,574,-42,-42,4,4,,8412442075325,
2026-08-17 23:49:43.039,pulse_batch,y,,,,,-1,,575,-43,-42,3,4,,8412445820558,
2026-08-17 23:49:43.060,pulse_batch,y,,,,,-3,,578,-46,-42,0,4,,8412466866696,
2026-08-17 23:49:43.080,pulse_batch,y,,,,,-3,,581,-49,-45,0,4,,8412487336027,
2026-08-17 23:49:43.101,pulse_batch,y,,,,,-3,,584,-52,-48,0,4,,8412507992299,
2026-08-17 23:49:43.124,pulse_batch,y,,,,,-3,,587,-55,-51,0,4,,8412531014710,
2026-08-17 23:49:43.144,pulse_batch,y,,,,,-3,,590,-58,-54,0,4,,8412551463541,
2026-08-17 23:49:43.166,pulse_batch,y,,,,,-3,,593,-61,-57,0,4,,8412572673807,
2026-08-17 23:49:43.186,pulse_batch,y,,,,,-3,,596,-64,-60,0,4,,8412593186951,
2026-08-17 23:49:43.206,pulse_batch,y,,,,,-3,,599,-67,-63,0,4,,8412613647652,
2026-08-17 23:49:43.227,pulse_batch,y,,,,,-3,,602,-70,-66,0,4,,8412634186352,
2026-08-17 23:49:43.249,pulse_batch,y,,,,,-3,,605,-73,-69,0,4,,8412656422254,
2026-08-17 23:49:43.270,pulse_batch,y,,,,,-3,,608,-76,-72,0,4,,8412676942158,
2026-08-17 23:49:43.290,pulse_batch,y,,,,,-3,,611,-79,-75,0,4,,8412697442006,
2026-08-17 23:49:43.312,pulse_batch,y,,,,,-3,,614,-82,-78,0,4,,8412718979194,
2026-08-17 23:49:43.332,pulse_batch,y,,,,,-3,,617,-85,-81,0,4,,8412739561597,
2026-08-17 23:49:43.353,pulse_batch,y,,,,,-3,,620,-88,-84,0,4,,8412760026464,
2026-08-17 23:49:43.375,pulse_batch,y,,,,,-3,,623,-91,-87,0,4,,8412782544030,
2026-08-17 23:49:43.397,pulse_batch,y,,,,,-3,,626,-94,-90,0,4,,8412803805073,
2026-08-17 23:49:43.417,pulse_batch,y,,,,,-3,,629,-97,-93,0,4,,8412824301792,
2026-08-17 23:49:43.439,pulse_batch,y,,,,,-3,,632,-100,-96,0,4,,8412846005311,
2026-08-17 23:49:43.462,pulse_batch,y,,,,,-3,,635,-103,-99,0,4,,8412868684930,
2026-08-17 23:49:43.482,pulse_batch,y,,,,,-3,,638,-106,-102,0,4,,8412889346869,
2026-08-17 23:49:43.505,pulse_batch,y,,,,,-3,,641,-109,-105,0,4,,8412911663011,
2026-08-17 23:49:43.526,pulse_batch,y,,,,,-3,,644,-112,-108,0,4,,8412933203550,
2026-08-17 23:49:43.546,pulse_batch,y,,,,,-3,,647,-115,-111,0,4,,8412953655788,
2026-08-17 23:49:43.568,pulse_batch,y,,,,,-3,,650,-118,-114,0,4,,8412974818555,
2026-08-17 23:49:43.591,pulse_batch,y,,,,,-3,,653,-121,-117,0,4,,8412997880521,
2026-08-17 23:49:43.611,pulse_batch,y,,,,,-3,,656,-124,-120,0,4,,8413018392240,
2026-08-17 23:49:43.632,pulse_batch,y,,,,,-3,,659,-127,-123,0,4,,8413039163696,
2026-08-17 23:49:43.653,pulse_batch,y,,,,,-3,,662,-130,-126,0,4,,8413059781969,
2026-08-17 23:49:43.673,pulse_batch,y,,,,,-3,,665,-133,-129,0,4,,8413080506944,
2026-08-17 23:49:43.694,pulse_batch,y,,,,,-3,,668,-136,-132,0,4,,8413101204272,
2026-08-17 23:49:43.715,pulse_batch,y,,,,,-3,,671,-139,-135,0,4,,8413122502518,
2026-08-17 23:49:43.736,pulse_batch,y,,,,,-3,,674,-142,-138,0,4,,8413142983311,
2026-08-17 23:49:43.756,pulse_batch,y,,,,,-3,,677,-145,-141,0,4,,8413163461401,
2026-08-17 23:49:43.779,pulse_batch,y,,,,,-3,,680,-148,-144,0,4,,8413185812450,
2026-08-17 23:49:43.799,pulse_batch,y,,,,,-3,,683,-151,-147,0,4,,8413206277984,
2026-08-17 23:49:43.820,pulse_batch,y,,,,,-3,,686,-154,-150,0,4,,8413226697518,
2026-08-17 23:49:43.842,pulse_batch,y,,,,,-3,,689,-157,-153,0,4,,8413248774144,
2026-08-17 23:49:43.862,pulse_batch,y,,,,,-3,,692,-160,-156,0,4,,8413269475435,
2026-08-17 23:49:43.883,pulse_batch,y,,,,,-3,,695,-163,-159,0,4,,8413289946969,
2026-08-17 23:49:43.906,pulse_batch,y,,,,,-3,,698,-166,-162,0,4,,8413312855714,
2026-08-17 23:49:43.927,pulse_batch,y,,,,,-3,,701,-169,-165,0,4,,8413333754280,
2026-08-17 23:49:43.947,pulse_batch,y,,,,,-3,,704,-172,-168,0,4,,8413354176871,
2026-08-17 23:49:43.969,pulse_batch,y,,,,,-3,,707,-175,-171,0,4,,8413375656318,
2026-08-17 23:49:43.989,pulse_batch,y,,,,,-3,,710,-178,-174,0,4,,8413396325313,
2026-08-17 23:49:44.010,pulse_batch,y,,,,,-3,,713,-181,-177,0,4,,8413416783384,
2026-08-17 23:49:44.030,pulse_batch,y,,,,,-3,,716,-184,-180,0,4,,8413437271733,
2026-08-17 23:49:44.051,pulse_batch,y,,,,,-3,,719,-187,-183,0,4,,8413457826193,
2026-08-17 23:49:44.071,pulse_batch,y,,,,,-3,,722,-190,-186,0,4,,8413478283690,
2026-08-17 23:49:44.092,pulse_batch,y,,,,,-3,,725,-193,-189,0,4,,8413499493234,
2026-08-17 23:49:44.114,pulse_batch,y,,,,,-3,,728,-196,-192,0,4,,8413521104607,
2026-08-17 23:49:44.134,pulse_batch,y,,,,,-3,,731,-199,-195,0,4,,8413541535252,
2026-08-17 23:49:44.155,pulse_batch,y,,,,,-3,,734,-202,-198,0,4,,8413562467707,
2026-08-17 23:49:44.180,pulse_batch,y,,,,,-3,,737,-205,-201,0,4,,8413587234672,
2026-08-17 23:49:44.201,pulse_batch,y,,,,,-3,,740,-208,-204,0,4,,8413607709354,
2026-08-17 23:49:44.221,pulse_batch,y,,,,,-3,,743,-211,-207,0,4,,8413628116223,
2026-08-17 23:49:44.244,pulse_batch,y,,,,,-3,,746,-214,-210,0,4,,8413650636677,
2026-08-17 23:49:44.264,pulse_batch,y,,,,,-3,,749,-217,-213,0,4,,8413671110878,
2026-08-17 23:49:44.284,pulse_batch,y,,,,,-3,,752,-220,-216,0,4,,8413691541431,
2026-08-17 23:49:44.307,pulse_batch,y,,,,,-3,,755,-223,-219,0,4,,8413713933906,
2026-08-17 23:49:44.327,pulse_batch,y,,,,,-3,,758,-226,-222,0,4,,8413734556401,
2026-08-17 23:49:44.348,pulse_batch,y,,,,,-3,,761,-229,-225,0,4,,8413754956807,
2026-08-17 23:49:44.370,pulse_batch,y,,,,,-3,,764,-232,-228,0,4,,8413776962730,
2026-08-17 23:49:44.390,pulse_batch,y,,,,,-3,,767,-235,-231,0,4,,8413797513560,
2026-08-17 23:49:44.411,pulse_batch,y,,,,,-3,,770,-238,-234,0,4,,8413817928706,
2026-08-17 23:49:44.433,pulse_batch,y,,,,,-3,,773,-241,-237,0,4,,8413840364402,
2026-08-17 23:49:44.454,pulse_batch,y,,,,,-3,,776,-244,-240,0,4,,8413860935917,
2026-08-17 23:49:44.474,pulse_batch,y,,,,,-3,,779,-247,-243,0,4,,8413881381173,
2026-08-17 23:49:44.497,pulse_batch,y,,,,,-3,,782,-250,-246,0,4,,8413901912059,
2026-08-17 23:49:44.517,pulse_batch,y,,,,,-3,,785,-253,-249,0,4,,8413923709744,
2026-08-17 23:49:44.537,pulse_batch,y,,,,,-3,,788,-256,-252,0,4,,8413944214037,
2026-08-17 23:49:44.558,pulse_batch,y,,,,,-3,,791,-259,-255,0,4,,8413964666090,
2026-08-17 23:49:44.578,pulse_batch,y,,,,,-3,,794,-262,-258,0,4,,8413985593953,
2026-08-17 23:49:44.599,pulse_batch,y,,,,,-3,,797,-265,-261,0,4,,8414006095579,
2026-08-17 23:49:44.619,pulse_batch,y,,,,,-3,,800,-268,-264,0,4,,8414026539558,
2026-08-17 23:49:44.644,pulse_batch,y,,,,,-3,,803,-271,-267,0,4,,8414050950490,
2026-08-17 23:49:44.664,pulse_batch,y,,,,,-3,,806,-274,-270,0,4,,8414071346729,
2026-08-17 23:49:44.685,pulse_batch,y,,,,,-3,,809,-277,-273,0,4,,8414091758708,
2026-08-17 23:49:44.705,pulse_batch,y,,,,,-3,,812,-280,-276,0,4,,8414112388963,
2026-08-17 23:49:44.726,pulse_batch,y,,,,,-3,,815,-283,-279,0,4,,8414132925571,
2026-08-17 23:49:44.746,pulse_batch,y,,,,,-3,,818,-286,-282,0,4,,8414153320921,
2026-08-17 23:49:44.767,pulse_batch,y,,,,,-3,,821,-289,-285,0,4,,8414174153432,
2026-08-17 23:49:44.791,pulse_batch,y,,,,,-3,,824,-292,-288,0,4,,8414197867724,
2026-08-17 23:49:44.811,pulse_batch,y,,,,,-3,,827,-295,-291,0,4,,8414218276611,
2026-08-17 23:49:44.832,pulse_batch,y,,,,,-3,,830,-298,-294,0,4,,8414239156344,
2026-08-17 23:49:44.853,pulse_batch,y,,,,,-3,,833,-301,-297,0,4,,8414259692415,
2026-08-17 23:49:44.873,pulse_batch,y,,,,,-3,,836,-304,-300,0,4,,8414280134838,
2026-08-17 23:49:44.897,pulse_batch,y,,,,,-3,,839,-307,-303,0,4,,8414304629436,
2026-08-17 23:49:44.918,pulse_batch,y,,,,,-3,,842,-310,-306,0,4,,8414325378911,
2026-08-17 23:49:44.939,pulse_batch,y,,,,,-3,,845,-313,-309,0,4,,8414345901112,
2026-08-17 23:49:44.960,pulse_batch,y,,,,,-3,,848,-316,-312,0,4,,8414366957361,
2026-08-17 23:49:44.982,pulse_batch,y,,,,,-3,,851,-319,-315,0,4,,8414388655233,
2026-08-17 23:49:45.002,pulse_batch,y,,,,,-3,,854,-322,-318,0,4,,8414409159045,
2026-08-17 23:49:45.023,pulse_batch,y,,,,,-3,,857,-325,-321,0,4,,8414429658579,
2026-08-17 23:49:45.046,pulse_batch,y,,,,,-3,,860,-328,-324,0,4,,8414452890544,
2026-08-17 23:49:45.066,pulse_batch,y,,,,,-3,,863,-331,-327,0,4,,8414473376022,
2026-08-17 23:49:45.087,pulse_batch,y,,,,,-3,,866,-334,-330,0,4,,8414493779169,
2026-08-17 23:49:45.112,pulse_batch,y,,,,,-3,,869,-337,-333,0,4,,8414519276014,
2026-08-17 23:49:45.133,pulse_batch,y,,,,,-3,,872,-340,-336,0,4,,8414539759845,
2026-08-17 23:49:45.153,pulse_batch,y,,,,,-3,,875,-343,-339,0,4,,8414560280027,
2026-08-17 23:49:45.176,pulse_batch,y,,,,,-3,,878,-346,-342,0,4,,8414582709779,
2026-08-17 23:49:45.198,pulse_batch,y,,,,,-3,,881,-349,-345,0,4,,8414605295363,
2026-08-17 23:49:45.219,pulse_batch,y,,,,,-3,,884,-352,-348,0,4,,8414625703435,
2026-08-17 23:49:45.242,pulse_batch,y,,,,,-3,,887,-355,-351,0,4,,8414649500116,
2026-08-17 23:49:45.263,pulse_batch,y,,,,,-3,,890,-358,-354,0,4,,8414670003057,
2026-08-17 23:49:45.283,pulse_batch,y,,,,,-3,,893,-361,-357,0,4,,8414690405630,
2026-08-17 23:49:45.304,pulse_batch,y,,,,,-3,,896,-364,-360,0,4,,8414711387584,
2026-08-17 23:49:45.325,pulse_batch,y,,,,,-3,,899,-367,-363,0,4,,8414731860859,
2026-08-17 23:49:45.345,pulse_batch,y,,,,,-3,,902,-370,-366,0,4,,8414752282376,
2026-08-17 23:49:45.367,pulse_batch,y,,,,,-3,,905,-373,-369,0,4,,8414774574130,
2026-08-17 23:49:45.388,pulse_batch,y,,,,,-3,,908,-376,-372,0,4,,8414795079534,
2026-08-17 23:49:45.408,pulse_batch,y,,,,,-3,,911,-379,-375,0,4,,8414815558680,
2026-08-17 23:49:45.430,pulse_batch,y,,,,,-3,,914,-382,-378,0,4,,8414837300200,
2026-08-17 23:49:45.434,continuous_stop,y,,,,,,-1,914,-382,-378,0,4,,8414840735455,
2026-08-17 23:49:45.967,continuous_start,y,,,,,,-1,914,-382,-378,0,4,,8415374425301,
2026-08-17 23:49:45.971,pulse_batch,y,,,,,-1,,915,-383,-379,0,4,,8415378076943,
2026-08-17 23:49:45.993,pulse_batch,y,,,,,-3,,918,-386,-382,0,4,,8415400491306,
2026-08-17 23:49:46.014,pulse_batch,y,,,,,-3,,921,-389,-385,0,4,,8415420933693,
2026-08-17 23:49:46.035,pulse_batch,y,,,,,-3,,924,-392,-388,0,4,,8415442051331,
2026-08-17 23:49:46.056,pulse_batch,y,,,,,-3,,927,-395,-391,0,4,,8415463225228,
2026-08-17 23:49:46.077,pulse_batch,y,,,,,-3,,930,-398,-394,0,4,,8415483669782,
2026-08-17 23:49:46.098,pulse_batch,y,,,,,-3,,933,-401,-397,0,4,,8415504731680,
2026-08-17 23:49:46.101,continuous_stop,y,,,,,,-1,933,-401,-397,0,4,,8415508270805,
2026-08-17 23:49:46.701,continuous_start,y,,,,,,-1,933,-401,-397,0,4,,8416108607424,
2026-08-17 23:49:46.705,pulse_batch,y,,,,,-1,,934,-402,-398,0,4,,8416112348639,
2026-08-17 23:49:46.726,pulse_batch,y,,,,,-3,,937,-405,-401,0,4,,8416132968764,
2026-08-17 23:49:46.746,pulse_batch,y,,,,,-3,,940,-408,-404,0,4,,8416153404207,
2026-08-17 23:49:46.768,pulse_batch,y,,,,,-3,,943,-411,-407,0,4,,8416175403946,
2026-08-17 23:49:46.772,continuous_stop,y,,,,,,-1,943,-411,-407,0,4,,8416178859387,
2026-08-17 23:49:47.837,continuous_start,x,,,,,,-1,2008,1184,1185,0,77,,8417244413017,
2026-08-17 23:49:47.841,pulse_batch,x,,,,,-1,,2009,1183,1184,0,77,,8417248063326,
2026-08-17 23:49:47.861,pulse_batch,x,,,,,-3,,2012,1180,1181,0,77,,8417268613527,
2026-08-17 23:49:47.882,pulse_batch,x,,,,,-3,,2015,1177,1178,0,77,,8417289022729,
2026-08-17 23:49:47.903,pulse_batch,x,,,,,-3,,2018,1174,1175,0,77,,8417310410420,
2026-08-17 23:49:47.924,pulse_batch,x,,,,,-3,,2021,1171,1172,0,77,,8417330884233,
2026-08-17 23:49:47.944,pulse_batch,x,,,,,-3,,2024,1168,1169,0,77,,8417351398138,
2026-08-17 23:49:47.966,pulse_batch,x,,,,,-3,,2027,1165,1166,0,77,,8417373023604,
2026-08-17 23:49:47.969,continuous_stop,x,,,,,,-1,2027,1165,1166,0,77,,8417376518470,
2026-08-17 23:49:48.636,continuous_start,x,,,,,,-1,2027,1165,1166,0,77,,8418043454263,
2026-08-17 23:49:48.640,pulse_batch,x,,,,,-1,,2028,1164,1165,0,77,,8418047106627,
2026-08-17 23:49:48.661,pulse_batch,x,,,,,-3,,2031,1161,1162,0,77,,8418067665088,
2026-08-17 23:49:48.681,pulse_batch,x,,,,,-3,,2034,1158,1159,0,77,,8418088110531,
2026-08-17 23:49:48.701,pulse_batch,x,,,,,-2,,2036,1156,1157,0,77,,8418108232626,
2026-08-17 23:49:48.701,continuous_stop,x,,,,,,-1,2036,1156,1157,0,77,,8418108566789,
2026-08-17 23:49:51.634,point_saved,x,3,stored,,,,-1,,1156,1157,0,77,1157,,
2026-08-17 23:49:51.634,point_saved,y,3,stored,,,,-1,,-411,-407,0,4,-407,,
2026-08-17 23:49:52.708,continuous_start,x,,,,,,-1,2036,1156,1157,0,77,,8422115089379,
2026-08-17 23:49:52.712,pulse_batch,x,,,,,-1,,2037,1155,1156,0,77,,8422118768891,
2026-08-17 23:49:52.732,pulse_batch,x,,,,,-3,,2040,1152,1153,0,77,,8422139290446,
2026-08-17 23:49:52.753,pulse_batch,x,,,,,-3,,2043,1149,1150,0,77,,8422159697965,
2026-08-17 23:49:52.774,pulse_batch,x,,,,,-3,,2046,1146,1147,0,77,,8422181538837,
2026-08-17 23:49:52.796,pulse_batch,x,,,,,-3,,2049,1143,1144,0,77,,8422203245563,
2026-08-17 23:49:52.817,pulse_batch,x,,,,,-3,,2052,1140,1141,0,77,,8422223706285,
2026-08-17 23:49:52.838,pulse_batch,x,,,,,-3,,2055,1137,1138,0,77,,8422245573250,
2026-08-17 23:49:52.860,pulse_batch,x,,,,,-3,,2058,1134,1135,0,77,,8422266956887,
2026-08-17 23:49:52.880,pulse_batch,x,,,,,-3,,2061,1131,1132,0,77,,8422287426257,
2026-08-17 23:49:52.901,pulse_batch,x,,,,,-3,,2064,1128,1129,0,77,,8422308081847,
2026-08-17 23:49:52.924,pulse_batch,x,,,,,-3,,2067,1125,1126,0,77,,8422330968263,
2026-08-17 23:49:52.944,pulse_batch,x,,,,,-3,,2070,1122,1123,0,77,,8422351431615,
2026-08-17 23:49:52.965,pulse_batch,x,,,,,-3,,2073,1119,1120,0,77,,8422371871041,
2026-08-17 23:49:52.985,pulse_batch,x,,,,,-3,,2076,1116,1117,0,77,,8422392400632,
2026-08-17 23:49:53.006,pulse_batch,x,,,,,-3,,2079,1113,1114,0,77,,8422412809114,
2026-08-17 23:49:53.026,pulse_batch,x,,,,,-3,,2082,1110,1111,0,77,,8422433352576,
2026-08-17 23:49:53.048,pulse_batch,x,,,,,-3,,2085,1107,1108,0,77,,8422455400595,
2026-08-17 23:49:53.069,pulse_batch,x,,,,,-3,,2088,1104,1105,0,77,,8422475905835,
2026-08-17 23:49:53.089,pulse_batch,x,,,,,-3,,2091,1101,1102,0,77,,8422496320743,
2026-08-17 23:49:53.112,pulse_batch,x,,,,,-3,,2094,1098,1099,0,77,,8422519050828,
2026-08-17 23:49:53.132,pulse_batch,x,,,,,-3,,2097,1095,1096,0,77,,8422539579031,
2026-08-17 23:49:53.153,pulse_batch,x,,,,,-3,,2100,1092,1093,0,77,,8422560013457,
2026-08-17 23:49:53.175,pulse_batch,x,,,,,-3,,2103,1089,1090,0,77,,8422581836701,
2026-08-17 23:49:53.195,pulse_batch,x,,,,,-3,,2106,1086,1087,0,77,,8422602374589,
2026-08-17 23:49:53.216,pulse_batch,x,,,,,-3,,2109,1083,1084,0,77,,8422622817015,
2026-08-17 23:49:53.239,pulse_batch,x,,,,,-3,,2112,1080,1081,0,77,,8422645883836,
2026-08-17 23:49:53.259,pulse_batch,x,,,,,-3,,2115,1077,1078,0,77,,8422666418780,
2026-08-17 23:49:53.280,pulse_batch,x,,,,,-3,,2118,1074,1075,0,77,,8422686926039,
2026-08-17 23:49:53.300,pulse_batch,x,,,,,-3,,2121,1071,1072,0,77,,8422707594740,
2026-08-17 23:49:53.323,pulse_batch,x,,,,,-3,,2124,1068,1069,0,77,,8422729948440,
2026-08-17 23:49:53.343,pulse_batch,x,,,,,-3,,2127,1065,1066,0,77,,8422750458644,
2026-08-17 23:49:53.364,pulse_batch,x,,,,,-3,,2130,1062,1063,0,77,,8422770963717,
2026-08-17 23:49:53.385,pulse_batch,x,,,,,-3,,2133,1059,1060,0,77,,8422792390076,
2026-08-17 23:49:53.406,pulse_batch,x,,,,,-3,,2136,1056,1057,0,77,,8422812938094,
2026-08-17 23:49:53.426,pulse_batch,x,,,,,-3,,2139,1053,1054,0,77,,8422833535074,
2026-08-17 23:49:53.449,pulse_batch,x,,,,,-3,,2142,1050,1051,0,77,,8422856448693,
2026-08-17 23:49:53.470,pulse_batch,x,,,,,-3,,2145,1047,1048,0,77,,8422876970230,
2026-08-17 23:49:53.490,pulse_batch,x,,,,,-3,,2148,1044,1045,0,77,,8422897355286,
2026-08-17 23:49:53.512,pulse_batch,x,,,,,-3,,2151,1041,1042,0,77,,8422919052550,
2026-08-17 23:49:53.533,pulse_batch,x,,,,,-3,,2154,1038,1039,0,77,,8422939716288,
2026-08-17 23:49:53.553,pulse_batch,x,,,,,-3,,2157,1035,1036,0,77,,8422960187418,
2026-08-17 23:49:53.576,pulse_batch,x,,,,,-3,,2160,1032,1033,0,77,,8422983217332,
2026-08-17 23:49:53.597,pulse_batch,x,,,,,-3,,2163,1029,1030,0,77,,8423003818868,
2026-08-17 23:49:53.617,pulse_batch,x,,,,,-3,,2166,1026,1027,0,77,,8423024224146,
2026-08-17 23:49:53.639,pulse_batch,x,,,,,-3,,2169,1023,1024,0,77,,8423046343942,
2026-08-17 23:49:53.660,pulse_batch,x,,,,,-3,,2172,1020,1021,0,77,,8423066946107,
2026-08-17 23:49:53.680,pulse_batch,x,,,,,-3,,2175,1017,1018,0,77,,8423087380404,
2026-08-17 23:49:53.701,pulse_batch,x,,,,,-3,,2178,1014,1015,0,77,,8423107888977,
2026-08-17 23:49:53.722,pulse_batch,x,,,,,-3,,2181,1011,1012,0,77,,8423129595593,
2026-08-17 23:49:53.743,pulse_batch,x,,,,,-3,,2184,1008,1009,0,77,,8423150096092,
2026-08-17 23:49:53.763,pulse_batch,x,,,,,-3,,2187,1005,1006,0,77,,8423170584055,
2026-08-17 23:49:53.786,pulse_batch,x,,,,,-3,,2190,1002,1003,0,77,,8423192739831,
2026-08-17 23:49:53.806,pulse_batch,x,,,,,-3,,2193,999,1000,0,77,,8423213321219,
2026-08-17 23:49:53.827,pulse_batch,x,,,,,-3,,2196,996,997,0,77,,8423233868996,
2026-08-17 23:49:53.850,pulse_batch,x,,,,,-3,,2199,993,994,0,77,,8423256823985,
2026-08-17 23:49:53.870,pulse_batch,x,,,,,-3,,2202,990,991,0,77,,8423277349096,
2026-08-17 23:49:53.891,pulse_batch,x,,,,,-3,,2205,987,988,0,77,,8423297752578,
2026-08-17 23:49:53.912,pulse_batch,x,,,,,-3,,2208,984,985,0,77,,8423319362120,
2026-08-17 23:49:53.934,pulse_batch,x,,,,,-3,,2211,981,982,0,77,,8423341321899,
2026-08-17 23:49:53.955,pulse_batch,x,,,,,-3,,2214,978,979,0,77,,8423361735307,
2026-08-17 23:49:53.976,pulse_batch,x,,,,,-3,,2217,975,976,0,77,,8423382638987,
2026-08-17 23:49:54.000,pulse_batch,x,,,,,-3,,2220,972,973,0,77,,8423406924146,
2026-08-17 23:49:54.020,pulse_batch,x,,,,,-3,,2223,969,970,0,77,,8423427319184,
2026-08-17 23:49:54.042,pulse_batch,x,,,,,-3,,2226,966,967,0,77,,8423449590719,
2026-08-17 23:49:54.063,pulse_batch,x,,,,,-3,,2229,963,964,0,77,,8423470064738,
2026-08-17 23:49:54.083,pulse_batch,x,,,,,-3,,2232,960,961,0,77,,8423490525238,
2026-08-17 23:49:54.106,pulse_batch,x,,,,,-3,,2235,957,958,0,77,,8423512650719,
2026-08-17 23:49:54.126,pulse_batch,x,,,,,-3,,2238,954,955,0,77,,8423533239570,
2026-08-17 23:49:54.147,pulse_batch,x,,,,,-3,,2241,951,952,0,77,,8423553720626,
2026-08-17 23:49:54.167,pulse_batch,x,,,,,-3,,2244,948,949,0,77,,8423574126423,
2026-08-17 23:49:54.189,pulse_batch,x,,,,,-3,,2247,945,946,0,77,,8423596446772,
2026-08-17 23:49:54.210,pulse_batch,x,,,,,-3,,2250,942,943,0,77,,8423616904291,
2026-08-17 23:49:54.230,pulse_batch,x,,,,,-3,,2253,939,940,0,77,,8423637381495,
2026-08-17 23:49:54.251,pulse_batch,x,,,,,-3,,2256,936,937,0,77,,8423657944865,
2026-08-17 23:49:54.271,pulse_batch,x,,,,,-3,,2259,933,934,0,77,,8423678459772,
2026-08-17 23:49:54.292,pulse_batch,x,,,,,-3,,2262,930,931,0,77,,8423698891032,
2026-08-17 23:49:54.313,pulse_batch,x,,,,,-3,,2265,927,928,0,77,,8423719747435,
2026-08-17 23:49:54.333,pulse_batch,x,,,,,-3,,2268,924,925,0,77,,8423740312619,
2026-08-17 23:49:54.354,pulse_batch,x,,,,,-3,,2271,921,922,0,77,,8423760726306,
2026-08-17 23:49:54.376,pulse_batch,x,,,,,-3,,2274,918,919,0,77,,8423783045414,
2026-08-17 23:49:54.396,pulse_batch,x,,,,,-3,,2277,915,916,0,77,,8423803573339,
2026-08-17 23:49:54.417,pulse_batch,x,,,,,-3,,2280,912,913,0,77,,8423823996840,
2026-08-17 23:49:54.437,pulse_batch,x,,,,,-3,,2283,909,910,0,77,,8423844481044,
2026-08-17 23:49:54.458,pulse_batch,x,,,,,-3,,2286,906,907,0,77,,8423865056821,
2026-08-17 23:49:54.478,pulse_batch,x,,,,,-3,,2289,903,904,0,77,,8423885543580,
2026-08-17 23:49:54.499,pulse_batch,x,,,,,-3,,2292,900,901,0,77,,8423905971359,
2026-08-17 23:49:54.520,pulse_batch,x,,,,,-3,,2295,897,898,0,77,,8423927157110,
2026-08-17 23:49:54.541,pulse_batch,x,,,,,-3,,2298,894,895,0,77,,8423947777164,
2026-08-17 23:49:54.561,pulse_batch,x,,,,,-3,,2301,891,892,0,77,,8423968179240,
2026-08-17 23:49:54.583,pulse_batch,x,,,,,-3,,2304,888,889,0,77,,8423990393608,
2026-08-17 23:49:54.604,pulse_batch,x,,,,,-3,,2307,885,886,0,77,,8424010910312,
2026-08-17 23:49:54.624,pulse_batch,x,,,,,-3,,2310,882,883,0,77,,8424031312183,
2026-08-17 23:49:54.646,pulse_batch,x,,,,,-3,,2313,879,880,0,77,,8424053201204,
2026-08-17 23:49:54.667,pulse_batch,x,,,,,-3,,2316,876,877,0,77,,8424073828739,
2026-08-17 23:49:54.687,pulse_batch,x,,,,,-3,,2319,873,874,0,77,,8424094266074,
2026-08-17 23:49:54.709,pulse_batch,x,,,,,-3,,2322,870,871,0,77,,8424116379851,
2026-08-17 23:49:54.730,pulse_batch,x,,,,,-3,,2325,867,868,0,77,,8424137064886,
2026-08-17 23:49:54.750,pulse_batch,x,,,,,-3,,2328,864,865,0,77,,8424157596570,
2026-08-17 23:49:54.772,pulse_batch,x,,,,,-3,,2331,861,862,0,77,,8424179558553,
2026-08-17 23:49:54.794,pulse_batch,x,,,,,-3,,2334,858,859,0,77,,8424200747193,
2026-08-17 23:49:54.814,pulse_batch,x,,,,,-3,,2337,855,856,0,77,,8424221302693,
2026-08-17 23:49:54.835,pulse_batch,x,,,,,-3,,2340,852,853,0,77,,8424241787563,
2026-08-17 23:49:54.858,pulse_batch,x,,,,,-3,,2343,849,850,0,77,,8424265127696,
2026-08-17 23:49:54.879,pulse_batch,x,,,,,-3,,2346,846,847,0,77,,8424285738232,
2026-08-17 23:49:54.899,pulse_batch,x,,,,,-3,,2349,843,844,0,77,,8424306233121,
2026-08-17 23:49:54.923,pulse_batch,x,,,,,-3,,2352,840,841,0,77,,8424330302875,
2026-08-17 23:49:54.944,pulse_batch,x,,,,,-3,,2355,837,838,0,77,,8424350915781,
2026-08-17 23:49:54.964,pulse_batch,x,,,,,-3,,2358,834,835,0,77,,8424371314727,
2026-08-17 23:49:54.986,pulse_batch,x,,,,,-3,,2361,831,832,0,77,,8424393509670,
2026-08-17 23:49:55.007,pulse_batch,x,,,,,-3,,2364,828,829,0,77,,8424414243723,
2026-08-17 23:49:55.028,pulse_batch,x,,,,,-3,,2367,825,826,0,77,,8424434699520,
2026-08-17 23:49:55.051,pulse_batch,x,,,,,-3,,2370,822,823,0,77,,8424457786509,
2026-08-17 23:49:55.071,pulse_batch,x,,,,,-3,,2373,819,820,0,77,,8424478471007,
2026-08-17 23:49:55.092,pulse_batch,x,,,,,-3,,2376,816,817,0,77,,8424498949266,
2026-08-17 23:49:55.113,pulse_batch,x,,,,,-3,,2379,813,814,0,77,,8424520022130,
2026-08-17 23:49:55.134,pulse_batch,x,,,,,-3,,2382,810,811,0,77,,8424540650722,
2026-08-17 23:49:55.154,pulse_batch,x,,,,,-3,,2385,807,808,0,77,,8424561222110,
2026-08-17 23:49:55.176,pulse_batch,x,,,,,-3,,2388,804,805,0,77,,8424583005762,
2026-08-17 23:49:55.196,pulse_batch,x,,,,,-3,,2391,801,802,0,77,,8424603616983,
2026-08-17 23:49:55.217,pulse_batch,x,,,,,-3,,2394,798,799,0,77,,8424624120928,
2026-08-17 23:49:55.238,pulse_batch,x,,,,,-3,,2397,795,796,0,77,,8424644585966,
2026-08-17 23:49:55.260,pulse_batch,x,,,,,-3,,2400,792,793,0,77,,8424666915852,
2026-08-17 23:49:55.280,pulse_batch,x,,,,,-3,,2403,789,790,0,77,,8424687396389,
2026-08-17 23:49:55.301,pulse_batch,x,,,,,-3,,2406,786,787,0,77,,8424707862205,
2026-08-17 23:49:55.325,pulse_batch,x,,,,,-3,,2409,783,784,0,77,,8424731599371,
2026-08-17 23:49:55.345,pulse_batch,x,,,,,-3,,2412,780,781,0,77,,8424752062334,
2026-08-17 23:49:55.365,pulse_batch,x,,,,,-3,,2415,777,778,0,77,,8424772538002,
2026-08-17 23:49:55.389,pulse_batch,x,,,,,-3,,2418,774,775,0,77,,8424796095373,
2026-08-17 23:49:55.410,pulse_batch,x,,,,,-3,,2421,771,772,0,77,,8424816698206,
2026-08-17 23:49:55.430,pulse_batch,x,,,,,-3,,2424,768,769,0,77,,8424837134281,
2026-08-17 23:49:55.451,pulse_batch,x,,,,,-3,,2427,765,766,0,77,,8424857963370,
2026-08-17 23:49:55.474,pulse_batch,x,,,,,-3,,2430,762,763,0,77,,8424881268374,
2026-08-17 23:49:55.495,pulse_batch,x,,,,,-3,,2433,759,760,0,77,,8424901713190,
2026-08-17 23:49:55.521,pulse_batch,x,,,,,-3,,2436,756,757,0,77,,8424928091159,
2026-08-17 23:49:55.542,pulse_batch,x,,,,,-3,,2439,753,754,0,77,,8424948683176,
2026-08-17 23:49:55.562,pulse_batch,x,,,,,-3,,2442,750,751,0,77,,8424969160825,
2026-08-17 23:49:55.584,pulse_batch,x,,,,,-3,,2445,747,748,0,77,,8424990798071,
2026-08-17 23:49:55.607,pulse_batch,x,,,,,-3,,2448,744,745,0,77,,8425014468164,
2026-08-17 23:49:55.628,pulse_batch,x,,,,,-3,,2451,741,742,0,77,,8425034959109,
2026-08-17 23:49:55.650,pulse_batch,x,,,,,-3,,2454,738,739,0,77,,8425056777575,
2026-08-17 23:49:55.670,pulse_batch,x,,,,,-3,,2457,735,736,0,77,,8425077514702,
2026-08-17 23:49:55.691,pulse_batch,x,,,,,-3,,2460,732,733,0,77,,8425097947351,
2026-08-17 23:49:55.713,pulse_batch,x,,,,,-3,,2463,729,730,0,77,,8425119894001,
2026-08-17 23:49:55.733,pulse_batch,x,,,,,-3,,2466,726,727,0,77,,8425140444964,
2026-08-17 23:49:55.754,pulse_batch,x,,,,,-3,,2469,723,724,0,77,,8425160881113,
2026-08-17 23:49:55.775,pulse_batch,x,,,,,-3,,2472,720,721,0,77,,8425182256733,
2026-08-17 23:49:55.779,continuous_stop,x,,,,,,-1,2472,720,721,0,77,,8425185804006,
2026-08-17 23:49:56.180,continuous_start,x,,,,,,-1,2472,720,721,0,77,,8425586668918,
2026-08-17 23:49:56.183,pulse_batch,x,,,,,-1,,2473,719,720,0,77,,8425590426855,
2026-08-17 23:49:56.204,pulse_batch,x,,,,,-3,,2476,716,717,0,77,,8425610974429,
2026-08-17 23:49:56.224,pulse_batch,x,,,,,-3,,2479,713,714,0,77,,8425631450782,
2026-08-17 23:49:56.245,pulse_batch,x,,,,,-3,,2482,710,711,0,77,,8425652042615,
2026-08-17 23:49:56.267,pulse_batch,x,,,,,-3,,2485,707,708,0,77,,8425673957284,
2026-08-17 23:49:56.287,pulse_batch,x,,,,,-3,,2488,704,705,0,77,,8425694416896,
2026-08-17 23:49:56.309,pulse_batch,x,,,,,-3,,2491,701,702,0,77,,8425716203419,
2026-08-17 23:49:56.313,continuous_stop,x,,,,,,-1,2491,701,702,0,77,,8425719739322,
2026-08-17 23:49:56.780,continuous_start,x,,,,,,-1,2491,701,702,0,77,,8426187132809,
2026-08-17 23:49:56.784,pulse_batch,x,,,,,-1,,2492,700,701,0,77,,8426190783988,
2026-08-17 23:49:56.805,pulse_batch,x,,,,,-3,,2495,697,698,0,77,,8426212046461,
2026-08-17 23:49:56.825,pulse_batch,x,,,,,-3,,2498,694,695,0,77,,8426232502629,
2026-08-17 23:49:56.848,pulse_batch,x,,,,,-3,,2501,691,692,0,77,,8426254721276,
2026-08-17 23:49:56.851,continuous_stop,x,,,,,,-1,2501,691,692,0,77,,8426258181384,
2026-08-17 23:49:57.515,continuous_start,x,,,,,,-1,2501,691,692,0,77,,8426921815135,
2026-08-17 23:49:57.518,pulse_batch,x,,,,,-1,,2502,690,691,0,77,,8426925502259,
2026-08-17 23:49:57.539,pulse_batch,x,,,,,-3,,2505,687,688,0,77,,8426946061222,
2026-08-17 23:49:57.559,pulse_batch,x,,,,,-3,,2508,684,685,0,77,,8426966521686,
2026-08-17 23:49:57.581,pulse_batch,x,,,,,-3,,2511,681,682,0,77,,8426987659513,
2026-08-17 23:49:57.584,continuous_stop,x,,,,,,-1,2511,681,682,0,77,,8426991117102,
2026-08-17 23:49:58.714,continuous_start,y,,,,,,-1,943,-411,-407,0,4,,8428121096113,
2026-08-17 23:49:58.718,pulse_batch,y,,,,,-1,,944,-412,-408,0,4,,8428124668794,
2026-08-17 23:49:58.738,pulse_batch,y,,,,,-3,,947,-415,-411,0,4,,8428145386070,
2026-08-17 23:49:58.759,pulse_batch,y,,,,,-3,,950,-418,-414,0,4,,8428165786202,
2026-08-17 23:49:58.780,pulse_batch,y,,,,,-3,,953,-421,-417,0,4,,8428187017288,
2026-08-17 23:49:58.800,pulse_batch,y,,,,,-3,,956,-424,-420,0,4,,8428207495048,
2026-08-17 23:49:58.821,pulse_batch,y,,,,,-3,,959,-427,-423,0,4,,8428227994049,
2026-08-17 23:49:58.843,pulse_batch,y,,,,,-3,,962,-430,-426,0,4,,8428248459125,
2026-08-17 23:49:58.864,pulse_batch,y,,,,,-3,,965,-433,-429,0,4,,8428271432264,
2026-08-17 23:49:58.885,pulse_batch,y,,,,,-3,,968,-436,-432,0,4,,8428291915506,
2026-08-17 23:49:58.906,pulse_batch,y,,,,,-3,,971,-439,-435,0,4,,8428312930353,
2026-08-17 23:49:58.917,pulse_batch,y,,,,,-1,,972,-440,-436,0,4,,8428324167537,
2026-08-17 23:49:58.917,continuous_stop,y,,,,,,-1,972,-440,-436,0,4,,8428324492181,
2026-08-17 23:50:00.508,point_saved,x,4,stored,,,,-1,,681,682,0,77,682,,
2026-08-17 23:50:00.509,point_saved,y,4,stored,,,,-1,,-440,-436,0,4,-436,,
2026-08-17 23:50:14.926,target_start,x,0,stored,,,,,,681,682,0,77,0,,
2026-08-17 23:50:14.926,target_start,y,0,stored,,,,,,-440,-436,0,4,0,,
2026-08-17 23:50:14.926,approach_source_start,x,0,stored,,,,-1,,681,682,0,77,87,,
2026-08-17 23:50:14.926,approach_source_start,y,0,stored,,,,-1,,-440,-436,0,4,14,,
2026-08-17 23:50:14.929,move_start,x,,,1,-595,,-1,2511,681,682,0,77,,8444335667155,
2026-08-17 23:50:14.929,move_start,y,,,1,454,,1,972,-440,-436,0,4,,8444335744210,
2026-08-17 23:50:14.932,pulse_batch,y,,,,,1,,973,-439,-436,1,4,,8444339457427,
2026-08-17 23:50:14.932,pulse_batch,x,,,,,-1,,2512,680,681,0,77,,8444339532852,
2026-08-17 23:50:14.954,pulse_batch,x,,,,,-3,,2515,677,678,0,77,,8444360828663,
2026-08-17 23:50:14.954,pulse_batch,y,,,,,3,,976,-436,-436,4,4,,8444360950477,
2026-08-17 23:50:14.974,pulse_batch,x,,,,,-3,,2518,674,675,0,77,,8444381309429,
2026-08-17 23:50:14.974,pulse_batch,y,,,,,3,,979,-433,-433,4,4,,8444381357762,
2026-08-17 23:50:14.995,pulse_batch,x,,,,,-3,,2521,671,672,0,77,,8444401955192,
2026-08-17 23:50:14.995,pulse_batch,y,,,,,3,,982,-430,-430,4,4,,8444402167449,
2026-08-17 23:50:15.017,pulse_batch,y,,,,,3,,985,-427,-427,4,4,,8444424535952,
2026-08-17 23:50:15.018,pulse_batch,x,,,,,-3,,2524,668,669,0,77,,8444424609600,
2026-08-17 23:50:15.038,pulse_batch,y,,,,,3,,988,-424,-424,4,4,,8444445186790,
2026-08-17 23:50:15.038,pulse_batch,x,,,,,-3,,2527,665,666,0,77,,8444445421287,
2026-08-17 23:50:15.059,pulse_batch,x,,,,,-3,,2530,662,663,0,77,,8444465820313,
2026-08-17 23:50:15.059,pulse_batch,y,,,,,3,,991,-421,-421,4,4,,8444465974052,
2026-08-17 23:50:15.079,pulse_batch,y,,,,,3,,994,-418,-418,4,4,,8444486471225,
2026-08-17 23:50:15.080,pulse_batch,x,,,,,-3,,2533,659,660,0,77,,8444486940386,
2026-08-17 23:50:15.100,pulse_batch,y,,,,,3,,997,-415,-415,4,4,,8444507022712,
2026-08-17 23:50:15.100,pulse_batch,x,,,,,-3,,2536,656,657,0,77,,8444507327931,
2026-08-17 23:50:15.120,pulse_batch,y,,,,,3,,1000,-412,-412,4,4,,8444527572810,
2026-08-17 23:50:15.121,pulse_batch,x,,,,,-3,,2539,653,654,0,77,,8444527783493,
2026-08-17 23:50:15.141,pulse_batch,y,,,,,3,,1003,-409,-409,4,4,,8444548320721,
2026-08-17 23:50:15.141,pulse_batch,x,,,,,-3,,2542,650,651,0,77,,8444548499238,
2026-08-17 23:50:15.162,pulse_batch,y,,,,,3,,1006,-406,-406,4,4,,8444568887375,
2026-08-17 23:50:15.162,pulse_batch,x,,,,,-3,,2545,647,648,0,77,,8444569097095,
2026-08-17 23:50:15.182,pulse_batch,y,,,,,3,,1009,-403,-403,4,4,,8444589300623,
2026-08-17 23:50:15.182,pulse_batch,x,,,,,-3,,2548,644,645,0,77,,8444589550453,
2026-08-17 23:50:15.204,pulse_batch,x,,,,,-3,,2551,641,642,0,77,,8444610940690,
2026-08-17 23:50:15.204,pulse_batch,y,,,,,3,,1012,-400,-400,4,4,,8444611185076,
2026-08-17 23:50:15.224,pulse_batch,x,,,,,-3,,2554,638,639,0,77,,8444631459863,
2026-08-17 23:50:15.225,pulse_batch,y,,,,,3,,1015,-397,-397,4,4,,8444631733526,
2026-08-17 23:50:15.245,pulse_batch,x,,,,,-3,,2557,635,636,0,77,,8444651851722,
2026-08-17 23:50:15.245,pulse_batch,y,,,,,3,,1018,-394,-394,4,4,,8444652101571,
2026-08-17 23:50:15.265,pulse_batch,x,,,,,-3,,2560,632,633,0,77,,8444672446190,
2026-08-17 23:50:15.267,pulse_batch,y,,,,,3,,1021,-391,-391,4,4,,8444674242984,
2026-08-17 23:50:15.286,pulse_batch,x,,,,,-3,,2563,629,630,0,77,,8444692927604,
2026-08-17 23:50:15.288,pulse_batch,y,,,,,3,,1024,-388,-388,4,4,,8444694692028,
2026-08-17 23:50:15.306,pulse_batch,x,,,,,-3,,2566,626,627,0,77,,8444713352240,
2026-08-17 23:50:15.308,pulse_batch,y,,,,,3,,1027,-385,-385,4,4,,8444715088480,
2026-08-17 23:50:15.327,pulse_batch,x,,,,,-3,,2569,623,624,0,77,,8444733967949,
2026-08-17 23:50:15.328,pulse_batch,y,,,,,3,,1030,-382,-382,4,4,,8444735556190,
2026-08-17 23:50:15.348,pulse_batch,x,,,,,-3,,2572,620,621,0,77,,8444755522147,
2026-08-17 23:50:15.349,pulse_batch,y,,,,,3,,1033,-379,-379,4,4,,8444755968382,
2026-08-17 23:50:15.369,pulse_batch,x,,,,,-3,,2575,617,618,0,77,,8444776023949,
2026-08-17 23:50:15.369,pulse_batch,y,,,,,3,,1036,-376,-376,4,4,,8444776377371,
2026-08-17 23:50:15.389,pulse_batch,x,,,,,-3,,2578,614,615,0,77,,8444796451012,
2026-08-17 23:50:15.390,pulse_batch,y,,,,,3,,1039,-373,-373,4,4,,8444796779101,
2026-08-17 23:50:15.411,pulse_batch,y,,,,,3,,1042,-370,-370,4,4,,8444817823656,
2026-08-17 23:50:15.411,pulse_batch,x,,,,,-3,,2581,611,612,0,77,,8444818052913,
2026-08-17 23:50:15.431,pulse_batch,y,,,,,3,,1045,-367,-367,4,4,,8444838295866,
2026-08-17 23:50:15.431,pulse_batch,x,,,,,-3,,2584,608,609,0,77,,8444838456976,
2026-08-17 23:50:15.452,pulse_batch,y,,,,,3,,1048,-364,-364,4,4,,8444858734540,
2026-08-17 23:50:15.452,pulse_batch,x,,,,,-3,,2587,605,606,0,77,,8444858925390,
2026-08-17 23:50:15.472,pulse_batch,y,,,,,3,,1051,-361,-361,4,4,,8444879318545,
2026-08-17 23:50:15.472,pulse_batch,x,,,,,-3,,2590,602,603,0,77,,8444879486840,
2026-08-17 23:50:15.493,pulse_batch,y,,,,,3,,1054,-358,-358,4,4,,8444899836199,
2026-08-17 23:50:15.493,pulse_batch,x,,,,,-3,,2593,599,600,0,77,,8444900034271,
2026-08-17 23:50:15.513,pulse_batch,y,,,,,3,,1057,-355,-355,4,4,,8444920233096,
2026-08-17 23:50:15.513,pulse_batch,x,,,,,-3,,2596,596,597,0,77,,8444920404520,
2026-08-17 23:50:15.534,pulse_batch,x,,,,,-3,,2599,593,594,0,77,,8444941176337,
2026-08-17 23:50:15.534,pulse_batch,y,,,,,3,,1060,-352,-352,4,4,,8444941413872,
2026-08-17 23:50:15.555,pulse_batch,x,,,,,-3,,2602,590,591,0,77,,8444961660770,
2026-08-17 23:50:15.555,pulse_batch,y,,,,,3,,1063,-349,-349,4,4,,8444961843971,
2026-08-17 23:50:15.575,pulse_batch,x,,,,,-3,,2605,587,588,0,77,,8444982155295,
2026-08-17 23:50:15.575,pulse_batch,y,,,,,3,,1066,-346,-346,4,4,,8444982370681,
2026-08-17 23:50:15.597,pulse_batch,x,,,,,-3,,2608,584,585,0,77,,8445002707374,
2026-08-17 23:50:15.598,pulse_batch,y,,,,,3,,1069,-343,-343,4,4,,8445004775925,
2026-08-17 23:50:15.616,pulse_batch,x,,,,,-3,,2611,581,582,0,77,,8445023277065,
2026-08-17 23:50:15.618,pulse_batch,y,,,,,3,,1072,-340,-340,4,4,,8445025312245,
2026-08-17 23:50:15.637,pulse_batch,x,,,,,-3,,2614,578,579,0,77,,8445043732849,
2026-08-17 23:50:15.639,pulse_batch,y,,,,,3,,1075,-337,-337,4,4,,8445045751715,
2026-08-17 23:50:15.657,pulse_batch,x,,,,,-3,,2617,575,576,0,77,,8445064177430,
2026-08-17 23:50:15.659,pulse_batch,y,,,,,3,,1078,-334,-334,4,4,,8445066262054,
2026-08-17 23:50:15.678,pulse_batch,x,,,,,-3,,2620,572,573,0,77,,8445084956804,
2026-08-17 23:50:15.681,pulse_batch,y,,,,,3,,1081,-331,-331,4,4,,8445088439597,
2026-08-17 23:50:15.698,pulse_batch,x,,,,,-3,,2623,569,570,0,77,,8445105536420,
2026-08-17 23:50:15.702,pulse_batch,y,,,,,3,,1084,-328,-328,4,4,,8445109002010,
2026-08-17 23:50:15.719,pulse_batch,x,,,,,-3,,2626,566,567,0,77,,8445125958279,
2026-08-17 23:50:15.722,pulse_batch,y,,,,,3,,1087,-325,-325,4,4,,8445129480590,
2026-08-17 23:50:15.741,pulse_batch,x,,,,,-3,,2629,563,564,0,77,,8445148277283,
2026-08-17 23:50:15.745,pulse_batch,y,,,,,3,,1090,-322,-322,4,4,,8445151727521,
2026-08-17 23:50:15.762,pulse_batch,x,,,,,-3,,2632,560,561,0,77,,8445168932380,
2026-08-17 23:50:15.765,pulse_batch,y,,,,,3,,1093,-319,-319,4,4,,8445172301156,
2026-08-17 23:50:15.782,pulse_batch,x,,,,,-3,,2635,557,558,0,77,,8445189376775,
2026-08-17 23:50:15.786,pulse_batch,y,,,,,3,,1096,-316,-316,4,4,,8445192742718,
2026-08-17 23:50:15.805,pulse_batch,x,,,,,-3,,2638,554,555,0,77,,8445211646354,
2026-08-17 23:50:15.808,pulse_batch,y,,,,,3,,1099,-313,-313,4,4,,8445215170017,
2026-08-17 23:50:15.825,pulse_batch,x,,,,,-3,,2641,551,552,0,77,,8445232219711,
2026-08-17 23:50:15.829,pulse_batch,y,,,,,3,,1102,-310,-310,4,4,,8445235740041,
2026-08-17 23:50:15.845,pulse_batch,x,,,,,-3,,2644,548,549,0,77,,8445252614737,
2026-08-17 23:50:15.849,pulse_batch,y,,,,,3,,1105,-307,-307,4,4,,8445256140308,
2026-08-17 23:50:15.866,pulse_batch,x,,,,,-3,,2647,545,546,0,77,,8445273361852,
2026-08-17 23:50:15.870,pulse_batch,y,,,,,3,,1108,-304,-304,4,4,,8445276741406,
2026-08-17 23:50:15.887,pulse_batch,x,,,,,-3,,2650,542,543,0,77,,8445293959134,
2026-08-17 23:50:15.890,pulse_batch,y,,,,,3,,1111,-301,-301,4,4,,8445297269578,
2026-08-17 23:50:15.907,pulse_batch,x,,,,,-3,,2653,539,540,0,77,,8445314421789,
2026-08-17 23:50:15.910,pulse_batch,y,,,,,3,,1114,-298,-298,4,4,,8445317626549,
2026-08-17 23:50:15.929,pulse_batch,x,,,,,-3,,2656,536,537,0,77,,8445334923573,
2026-08-17 23:50:15.931,pulse_batch,y,,,,,3,,1117,-295,-295,4,4,,8445338228739,
2026-08-17 23:50:15.950,pulse_batch,x,,,,,-3,,2659,533,534,0,77,,8445357604443,
2026-08-17 23:50:15.954,pulse_batch,y,,,,,3,,1120,-292,-292,4,4,,8445361006664,
2026-08-17 23:50:15.971,pulse_batch,x,,,,,-3,,2662,530,531,0,77,,8445378193893,
2026-08-17 23:50:15.974,pulse_batch,y,,,,,3,,1123,-289,-289,4,4,,8445381432060,
2026-08-17 23:50:15.992,pulse_batch,x,,,,,-3,,2665,527,528,0,77,,8445399083969,
2026-08-17 23:50:15.996,pulse_batch,y,,,,,3,,1126,-286,-286,4,4,,8445402717946,
2026-08-17 23:50:16.013,pulse_batch,x,,,,,-3,,2668,524,525,0,77,,8445419858176,
2026-08-17 23:50:16.016,pulse_batch,y,,,,,3,,1129,-283,-283,4,4,,8445423239915,
2026-08-17 23:50:16.033,pulse_batch,x,,,,,-3,,2671,521,522,0,77,,8445440464736,
2026-08-17 23:50:16.036,pulse_batch,y,,,,,3,,1132,-280,-280,4,4,,8445443637089,
2026-08-17 23:50:16.056,pulse_batch,x,,,,,-3,,2674,518,519,0,77,,8445462702371,
2026-08-17 23:50:16.057,pulse_batch,y,,,,,3,,1135,-277,-277,4,4,,8445464090022,
2026-08-17 23:50:16.076,pulse_batch,x,,,,,-3,,2677,515,516,0,77,,8445483346543,
2026-08-17 23:50:16.080,pulse_batch,y,,,,,3,,1138,-274,-274,4,4,,8445486760893,
2026-08-17 23:50:16.097,pulse_batch,x,,,,,-3,,2680,512,513,0,77,,8445503978770,
2026-08-17 23:50:16.100,pulse_batch,y,,,,,3,,1141,-271,-271,4,4,,8445507289917,
2026-08-17 23:50:16.117,pulse_batch,x,,,,,-3,,2683,509,510,0,77,,8445524440129,
2026-08-17 23:50:16.121,pulse_batch,y,,,,,3,,1144,-268,-268,4,4,,8445528113994,
2026-08-17 23:50:16.138,pulse_batch,x,,,,,-3,,2686,506,507,0,77,,8445545317946,
2026-08-17 23:50:16.141,pulse_batch,y,,,,,3,,1147,-265,-265,4,4,,8445548603149,
2026-08-17 23:50:16.159,pulse_batch,x,,,,,-3,,2689,503,504,0,77,,8445565771342,
2026-08-17 23:50:16.162,pulse_batch,y,,,,,3,,1150,-262,-262,4,4,,8445569107637,
2026-08-17 23:50:16.179,pulse_batch,x,,,,,-3,,2692,500,501,0,77,,8445586294829,
2026-08-17 23:50:16.183,pulse_batch,y,,,,,3,,1153,-259,-259,4,4,,8445589720309,
2026-08-17 23:50:16.200,pulse_batch,x,,,,,-3,,2695,497,498,0,77,,8445606961575,
2026-08-17 23:50:16.203,pulse_batch,y,,,,,3,,1156,-256,-256,4,4,,8445610273426,
2026-08-17 23:50:16.220,pulse_batch,x,,,,,-3,,2698,494,495,0,77,,8445627445692,
2026-08-17 23:50:16.224,pulse_batch,y,,,,,3,,1159,-253,-253,4,4,,8445630729933,
2026-08-17 23:50:16.241,pulse_batch,x,,,,,-3,,2701,491,492,0,77,,8445647887829,
2026-08-17 23:50:16.244,pulse_batch,y,,,,,3,,1162,-250,-250,4,4,,8445651119070,
2026-08-17 23:50:16.261,pulse_batch,x,,,,,-3,,2704,488,489,0,77,,8445668395206,
2026-08-17 23:50:16.267,pulse_batch,y,,,,,3,,1165,-247,-247,4,4,,8445672885340,
2026-08-17 23:50:16.283,pulse_batch,x,,,,,-3,,2707,485,486,0,77,,8445690475620,
2026-08-17 23:50:16.286,pulse_batch,y,,,,,3,,1168,-244,-244,4,4,,8445693442049,
2026-08-17 23:50:16.304,pulse_batch,x,,,,,-3,,2710,482,483,0,77,,8445710959757,
2026-08-17 23:50:16.307,pulse_batch,y,,,,,3,,1171,-241,-241,4,4,,8445713867260,
2026-08-17 23:50:16.324,pulse_batch,x,,,,,-3,,2713,479,480,0,77,,8445731446615,
2026-08-17 23:50:16.328,pulse_batch,y,,,,,3,,1174,-238,-238,4,4,,8445735078351,
2026-08-17 23:50:16.346,pulse_batch,x,,,,,-3,,2716,476,477,0,77,,8445753217366,
2026-08-17 23:50:16.349,pulse_batch,y,,,,,3,,1177,-235,-235,4,4,,8445756586828,
2026-08-17 23:50:16.367,pulse_batch,x,,,,,-3,,2719,473,474,0,77,,8445773847149,
2026-08-17 23:50:16.370,pulse_batch,y,,,,,3,,1180,-232,-232,4,4,,8445777048335,
2026-08-17 23:50:16.387,pulse_batch,x,,,,,-3,,2722,470,471,0,77,,8445794283730,
2026-08-17 23:50:16.391,pulse_batch,y,,,,,3,,1183,-229,-229,4,4,,8445798026317,
2026-08-17 23:50:16.409,pulse_batch,x,,,,,-3,,2725,467,468,0,77,,8445816019334,
2026-08-17 23:50:16.412,pulse_batch,y,,,,,3,,1186,-226,-226,4,4,,8445819620200,
2026-08-17 23:50:16.430,pulse_batch,x,,,,,-3,,2728,464,465,0,77,,8445836807800,
2026-08-17 23:50:16.433,pulse_batch,y,,,,,3,,1189,-223,-223,4,4,,8445840188058,
2026-08-17 23:50:16.450,pulse_batch,x,,,,,-3,,2731,461,462,0,77,,8445857239789,
2026-08-17 23:50:16.454,pulse_batch,y,,,,,3,,1192,-220,-220,4,4,,8445860689305,
2026-08-17 23:50:16.472,pulse_batch,x,,,,,-3,,2734,458,459,0,77,,8445879380036,
2026-08-17 23:50:16.476,pulse_batch,y,,,,,3,,1195,-217,-217,4,4,,8445883152122,
2026-08-17 23:50:16.493,pulse_batch,x,,,,,-3,,2737,455,456,0,77,,8445900050540,
2026-08-17 23:50:16.497,pulse_batch,y,,,,,3,,1198,-214,-214,4,4,,8445903677684,
2026-08-17 23:50:16.513,pulse_batch,x,,,,,-3,,2740,452,453,0,77,,8445920446844,
2026-08-17 23:50:16.517,pulse_batch,y,,,,,3,,1201,-211,-211,4,4,,8445924085710,
2026-08-17 23:50:16.536,pulse_batch,x,,,,,-3,,2743,449,450,0,77,,8445942771589,
2026-08-17 23:50:16.539,pulse_batch,y,,,,,3,,1204,-208,-208,4,4,,8445946147273,
2026-08-17 23:50:16.556,pulse_batch,x,,,,,-3,,2746,446,447,0,77,,8445963348317,
2026-08-17 23:50:16.559,pulse_batch,y,,,,,3,,1207,-205,-205,4,4,,8445966636909,
2026-08-17 23:50:16.577,pulse_batch,x,,,,,-3,,2749,443,444,0,77,,8445983920934,
2026-08-17 23:50:16.580,pulse_batch,y,,,,,3,,1210,-202,-202,4,4,,8445987086157,
2026-08-17 23:50:16.599,pulse_batch,x,,,,,-3,,2752,440,441,0,77,,8446006182513,
2026-08-17 23:50:16.601,pulse_batch,y,,,,,3,,1213,-199,-199,4,4,,8446007694088,
2026-08-17 23:50:16.620,pulse_batch,x,,,,,-3,,2755,437,438,0,77,,8446026673815,
2026-08-17 23:50:16.621,pulse_batch,y,,,,,3,,1216,-196,-196,4,4,,8446028110299,
2026-08-17 23:50:16.640,pulse_batch,x,,,,,-3,,2758,434,435,0,77,,8446047091934,
2026-08-17 23:50:16.641,pulse_batch,y,,,,,3,,1219,-193,-193,4,4,,8446048500510,
2026-08-17 23:50:16.660,pulse_batch,x,,,,,-3,,2761,431,432,0,77,,8446067552478,
2026-08-17 23:50:16.662,pulse_batch,y,,,,,3,,1222,-190,-190,4,4,,8446068986776,
2026-08-17 23:50:16.683,pulse_batch,y,,,,,3,,1225,-187,-187,4,4,,8446090310218,
2026-08-17 23:50:16.683,pulse_batch,x,,,,,-3,,2764,428,429,0,77,,8446090214941,
2026-08-17 23:50:16.704,pulse_batch,y,,,,,3,,1228,-184,-184,4,4,,8446110662763,
2026-08-17 23:50:16.704,pulse_batch,x,,,,,-3,,2767,425,426,0,77,,8446110834187,
2026-08-17 23:50:16.724,pulse_batch,y,,,,,3,,1231,-181,-181,4,4,,8446131126048,
2026-08-17 23:50:16.724,pulse_batch,x,,,,,-3,,2770,422,423,0,77,,8446131296009,
2026-08-17 23:50:16.749,pulse_batch,x,,,,,-3,,2773,419,420,0,77,,8446153277554,
2026-08-17 23:50:16.749,pulse_batch,y,,,,,3,,1234,-178,-178,4,4,,8446156288186,
2026-08-17 23:50:16.767,pulse_batch,x,,,,,-3,,2776,416,417,0,77,,8446173705950,
2026-08-17 23:50:16.770,pulse_batch,y,,,,,3,,1237,-175,-175,4,4,,8446176751786,
2026-08-17 23:50:16.788,pulse_batch,x,,,,,-3,,2779,413,414,0,77,,8446194792987,
2026-08-17 23:50:16.790,pulse_batch,y,,,,,3,,1240,-172,-172,4,4,,8446197247440,
2026-08-17 23:50:16.810,pulse_batch,x,,,,,-3,,2782,410,411,0,77,,8446217346155,
2026-08-17 23:50:16.813,pulse_batch,y,,,,,3,,1243,-169,-169,4,4,,8446219613722,
2026-08-17 23:50:16.831,pulse_batch,x,,,,,-3,,2785,407,408,0,77,,8446237827625,
2026-08-17 23:50:16.833,pulse_batch,y,,,,,3,,1246,-166,-166,4,4,,8446240092803,
2026-08-17 23:50:16.851,pulse_batch,x,,,,,-3,,2788,404,405,0,77,,8446258230669,
2026-08-17 23:50:16.853,pulse_batch,y,,,,,3,,1249,-163,-163,4,4,,8446260515680,
2026-08-17 23:50:16.874,pulse_batch,x,,,,,-3,,2791,401,402,0,77,,8446280816356,
2026-08-17 23:50:16.874,pulse_batch,y,,,,,3,,1252,-160,-160,4,4,,8446281018020,
2026-08-17 23:50:16.894,pulse_batch,x,,,,,-3,,2794,398,399,0,77,,8446301386343,
2026-08-17 23:50:16.895,pulse_batch,y,,,,,3,,1255,-157,-157,4,4,,8446301796079,
2026-08-17 23:50:16.915,pulse_batch,x,,,,,-3,,2797,395,396,0,77,,8446321791591,
2026-08-17 23:50:16.915,pulse_batch,y,,,,,3,,1258,-154,-154,4,4,,8446322204735,
2026-08-17 23:50:16.936,pulse_batch,x,,,,,-3,,2800,392,393,0,77,,8446342699778,
2026-08-17 23:50:16.936,pulse_batch,y,,,,,3,,1261,-151,-151,4,4,,8446343015700,
2026-08-17 23:50:16.956,pulse_batch,x,,,,,-3,,2803,389,390,0,77,,8446363210618,
2026-08-17 23:50:16.956,pulse_batch,y,,,,,3,,1264,-148,-148,4,4,,8446363468152,
2026-08-17 23:50:16.976,pulse_batch,x,,,,,-3,,2806,386,387,0,77,,8446383636329,
2026-08-17 23:50:16.977,pulse_batch,y,,,,,3,,1267,-145,-145,4,4,,8446383888919,
2026-08-17 23:50:16.999,pulse_batch,y,,,,,3,,1270,-142,-142,4,4,,8446405687540,
2026-08-17 23:50:16.999,pulse_batch,x,,,,,-3,,2809,383,384,0,77,,8446405606874,
2026-08-17 23:50:17.019,pulse_batch,y,,,,,3,,1273,-139,-139,4,4,,8446426266120,
2026-08-17 23:50:17.019,pulse_batch,x,,,,,-3,,2812,380,381,0,77,,8446426456895,
2026-08-17 23:50:17.040,pulse_batch,y,,,,,3,,1276,-136,-136,4,4,,8446446701294,
2026-08-17 23:50:17.040,pulse_batch,x,,,,,-3,,2815,377,378,0,77,,8446446888014,
2026-08-17 23:50:17.060,pulse_batch,y,,,,,3,,1279,-133,-133,4,4,,8446467295522,
2026-08-17 23:50:17.060,pulse_batch,x,,,,,-3,,2818,374,375,0,77,,8446467359669,
2026-08-17 23:50:17.083,pulse_batch,x,,,,,-3,,2821,371,372,0,77,,8446489908116,
2026-08-17 23:50:17.083,pulse_batch,y,,,,,3,,1282,-130,-130,4,4,,8446490285537,
2026-08-17 23:50:17.103,pulse_batch,x,,,,,-3,,2824,368,369,0,77,,8446510378067,
2026-08-17 23:50:17.104,pulse_batch,y,,,,,3,,1285,-127,-127,4,4,,8446510721230,
2026-08-17 23:50:17.124,pulse_batch,x,,,,,-3,,2827,365,366,0,77,,8446530818056,
2026-08-17 23:50:17.124,pulse_batch,y,,,,,3,,1288,-124,-124,4,4,,8446531168867,
2026-08-17 23:50:17.146,pulse_batch,y,,,,,3,,1291,-121,-121,4,4,,8446553029210,
2026-08-17 23:50:17.146,pulse_batch,x,,,,,-3,,2830,362,363,0,77,,8446552886712,
2026-08-17 23:50:17.166,pulse_batch,x,,,,,-3,,2833,359,360,0,77,,8446573359996,
2026-08-17 23:50:17.166,pulse_batch,y,,,,,3,,1294,-118,-118,4,4,,8446573517698,
2026-08-17 23:50:17.187,pulse_batch,y,,,,,3,,1297,-115,-115,4,4,,8446594055371,
2026-08-17 23:50:17.187,pulse_batch,x,,,,,-3,,2836,356,357,0,77,,8446594222592,
2026-08-17 23:50:17.209,pulse_batch,x,,,,,-3,,2839,353,354,0,77,,8446616144453,
2026-08-17 23:50:17.209,pulse_batch,y,,,,,3,,1300,-112,-112,4,4,,8446616298247,
2026-08-17 23:50:17.230,pulse_batch,y,,,,,3,,1303,-109,-109,4,4,,8446636736125,
2026-08-17 23:50:17.230,pulse_batch,x,,,,,-3,,2842,350,351,0,77,,8446636869883,
2026-08-17 23:50:17.250,pulse_batch,y,,,,,3,,1306,-106,-106,4,4,,8446657250298,
2026-08-17 23:50:17.250,pulse_batch,x,,,,,-3,,2845,347,348,0,77,,8446657444333,
2026-08-17 23:50:17.271,pulse_batch,y,,,,,3,,1309,-103,-103,4,4,,8446677843323,
2026-08-17 23:50:17.271,pulse_batch,x,,,,,-3,,2848,344,345,0,77,,8446678112912,
2026-08-17 23:50:17.291,pulse_batch,y,,,,,3,,1312,-100,-100,4,4,,8446698460235,
2026-08-17 23:50:17.292,pulse_batch,x,,,,,-3,,2851,341,342,0,77,,8446698687344,
2026-08-17 23:50:17.312,pulse_batch,y,,,,,3,,1315,-97,-97,4,4,,8446718866317,
2026-08-17 23:50:17.312,pulse_batch,x,,,,,-3,,2854,338,339,0,77,,8446719106648,
2026-08-17 23:50:17.332,pulse_batch,y,,,,,3,,1318,-94,-94,4,4,,8446739468749,
2026-08-17 23:50:17.332,pulse_batch,x,,,,,-3,,2857,335,336,0,77,,8446739653765,
2026-08-17 23:50:17.353,pulse_batch,y,,,,,3,,1321,-91,-91,4,4,,8446760540193,
2026-08-17 23:50:17.353,pulse_batch,x,,,,,-3,,2860,332,333,0,77,,8446760469935,
2026-08-17 23:50:17.374,pulse_batch,x,,,,,-3,,2863,329,330,0,77,,8446780919072,
2026-08-17 23:50:17.374,pulse_batch,y,,,,,3,,1324,-88,-88,4,4,,8446781090440,
2026-08-17 23:50:17.394,pulse_batch,x,,,,,-3,,2866,326,327,0,77,,8446801437745,
2026-08-17 23:50:17.396,pulse_batch,y,,,,,3,,1327,-85,-85,4,4,,8446802990098,
2026-08-17 23:50:17.417,pulse_batch,y,,,,,3,,1330,-82,-82,4,4,,8446823799342,
2026-08-17 23:50:17.420,pulse_batch,x,,,,,-3,,2869,323,324,0,77,,8446827040860,
2026-08-17 23:50:17.437,pulse_batch,y,,,,,3,,1333,-79,-79,4,4,,8446844232812,
2026-08-17 23:50:17.440,pulse_batch,x,,,,,-3,,2872,320,321,0,77,,8446847431517,
2026-08-17 23:50:17.458,pulse_batch,y,,,,,3,,1336,-76,-76,4,4,,8446864693042,
2026-08-17 23:50:17.461,pulse_batch,x,,,,,-3,,2875,317,318,0,77,,8446868071077,
2026-08-17 23:50:17.478,pulse_batch,y,,,,,3,,1339,-73,-73,4,4,,8446885328306,
2026-08-17 23:50:17.482,pulse_batch,x,,,,,-3,,2878,314,315,0,77,,8446888666842,
2026-08-17 23:50:17.499,pulse_batch,y,,,,,3,,1342,-70,-70,4,4,,8446906123902,
2026-08-17 23:50:17.502,pulse_batch,x,,,,,-3,,2881,311,312,0,77,,8446909140479,
2026-08-17 23:50:17.520,pulse_batch,y,,,,,3,,1345,-67,-67,4,4,,8446926970183,
2026-08-17 23:50:17.522,pulse_batch,x,,,,,-3,,2884,308,309,0,77,,8446929606319,
2026-08-17 23:50:17.543,pulse_batch,y,,,,,3,,1348,-64,-64,4,4,,8446950113937,
2026-08-17 23:50:17.543,pulse_batch,x,,,,,-3,,2887,305,306,0,77,,8446950387323,
2026-08-17 23:50:17.563,pulse_batch,y,,,,,3,,1351,-61,-61,4,4,,8446970625592,
2026-08-17 23:50:17.564,pulse_batch,x,,,,,-3,,2890,302,303,0,77,,8446970883293,
2026-08-17 23:50:17.584,pulse_batch,y,,,,,3,,1354,-58,-58,4,4,,8446991045822,
2026-08-17 23:50:17.584,pulse_batch,x,,,,,-3,,2893,299,300,0,77,,8446991296782,
2026-08-17 23:50:17.605,pulse_batch,x,,,,,-3,,2896,296,297,0,77,,8447012046638,
2026-08-17 23:50:17.605,pulse_batch,y,,,,,3,,1357,-55,-55,4,4,,8447012167359,
2026-08-17 23:50:17.625,pulse_batch,x,,,,,-3,,2899,293,294,0,77,,8447032573626,
2026-08-17 23:50:17.626,pulse_batch,y,,,,,3,,1360,-52,-52,4,4,,8447033129453,
2026-08-17 23:50:17.646,pulse_batch,x,,,,,-3,,2902,290,291,0,77,,8447052999744,
2026-08-17 23:50:17.646,pulse_batch,y,,,,,3,,1363,-49,-49,4,4,,8447053526498,
2026-08-17 23:50:17.667,pulse_batch,x,,,,,-3,,2905,287,288,0,77,,8447073630120,
2026-08-17 23:50:17.670,pulse_batch,y,,,,,3,,1366,-46,-46,4,4,,8447077385003,
2026-08-17 23:50:17.687,pulse_batch,x,,,,,-3,,2908,284,285,0,77,,8447094250903,
2026-08-17 23:50:17.691,pulse_batch,y,,,,,3,,1369,-43,-43,4,4,,8447097992824,
2026-08-17 23:50:17.708,pulse_batch,x,,,,,-3,,2911,281,282,0,77,,8447114670226,
2026-08-17 23:50:17.711,pulse_batch,y,,,,,3,,1372,-40,-40,4,4,,8447118386906,
2026-08-17 23:50:17.728,pulse_batch,x,,,,,-3,,2914,278,279,0,77,,8447135102863,
2026-08-17 23:50:17.733,pulse_batch,y,,,,,3,,1375,-37,-37,4,4,,8447139984437,
2026-08-17 23:50:17.750,pulse_batch,x,,,,,-3,,2917,275,276,0,77,,8447157256610,
2026-08-17 23:50:17.754,pulse_batch,y,,,,,3,,1378,-34,-34,4,4,,8447160783477,
2026-08-17 23:50:17.770,pulse_batch,x,,,,,-3,,2920,272,273,0,77,,8447177654877,
2026-08-17 23:50:17.774,pulse_batch,y,,,,,3,,1381,-31,-31,4,4,,8447181229948,
2026-08-17 23:50:17.791,pulse_batch,x,,,,,-3,,2923,269,270,0,77,,8447198142606,
2026-08-17 23:50:17.795,pulse_batch,y,,,,,3,,1384,-28,-28,4,4,,8447201871823,
2026-08-17 23:50:17.813,pulse_batch,x,,,,,-3,,2926,266,267,0,77,,8447220470444,
2026-08-17 23:50:17.817,pulse_batch,y,,,,,3,,1387,-25,-25,4,4,,8447223882572,
2026-08-17 23:50:17.834,pulse_batch,x,,,,,-3,,2929,263,264,0,77,,8447241160115,
2026-08-17 23:50:17.837,pulse_batch,y,,,,,3,,1390,-22,-22,4,4,,8447244291969,
2026-08-17 23:50:17.854,pulse_batch,x,,,,,-3,,2932,260,261,0,77,,8447261600678,
2026-08-17 23:50:17.858,pulse_batch,y,,,,,3,,1393,-19,-19,4,4,,8447264714402,
2026-08-17 23:50:17.877,pulse_batch,x,,,,,-3,,2935,257,258,0,77,,8447284156995,
2026-08-17 23:50:17.881,pulse_batch,y,,,,,3,,1396,-16,-16,4,4,,8447288092506,
2026-08-17 23:50:17.898,pulse_batch,x,,,,,-3,,2938,254,255,0,77,,8447305293828,
2026-08-17 23:50:17.901,pulse_batch,y,,,,,3,,1399,-13,-13,4,4,,8447308602586,
2026-08-17 23:50:17.919,pulse_batch,x,,,,,-3,,2941,251,252,0,77,,8447325706354,
2026-08-17 23:50:17.922,pulse_batch,y,,,,,3,,1402,-10,-10,4,4,,8447329052686,
2026-08-17 23:50:17.940,pulse_batch,x,,,,,-3,,2944,248,249,0,77,,8447347003185,
2026-08-17 23:50:17.943,pulse_batch,y,,,,,3,,1405,-7,-7,4,4,,8447350446479,
2026-08-17 23:50:17.960,pulse_batch,x,,,,,-3,,2947,245,246,0,77,,8447367535395,
2026-08-17 23:50:17.964,pulse_batch,y,,,,,3,,1408,-4,-4,4,4,,8447371111725,
2026-08-17 23:50:17.981,pulse_batch,x,,,,,-3,,2950,242,243,0,77,,8447387930496,
2026-08-17 23:50:17.984,pulse_batch,y,,,,,3,,1411,-1,-1,4,4,,8447391509159,
2026-08-17 23:50:18.003,pulse_batch,x,,,,,-3,,2953,239,240,0,77,,8447410157187,
2026-08-17 23:50:18.007,pulse_batch,y,,,,,3,,1414,2,2,4,4,,8447414054679,
2026-08-17 23:50:18.024,pulse_batch,x,,,,,-3,,2956,236,237,0,77,,8447430723952,
2026-08-17 23:50:18.027,pulse_batch,y,,,,,3,,1417,5,5,4,4,,8447434566316,
2026-08-17 23:50:18.044,pulse_batch,x,,,,,-3,,2959,233,234,0,77,,8447451150812,
2026-08-17 23:50:18.048,pulse_batch,y,,,,,3,,1420,8,8,4,4,,8447454976583,
2026-08-17 23:50:18.065,pulse_batch,x,,,,,-3,,2962,230,231,0,77,,8447471693689,
2026-08-17 23:50:18.070,pulse_batch,y,,,,,3,,1423,11,11,4,4,,8447477347402,
2026-08-17 23:50:18.086,pulse_batch,x,,,,,-3,,2965,227,228,0,77,,8447493283647,
2026-08-17 23:50:18.091,pulse_batch,y,,,,,3,,1426,14,14,4,4,,8447497822095,
2026-08-17 23:50:18.094,move_finish,y,,,1,,,,1426,14,14,4,4,,8447501300018,
2026-08-17 23:50:18.107,pulse_batch,x,,,,,-3,,2968,224,225,0,77,,8447513839820,
2026-08-17 23:50:18.128,pulse_batch,x,,,,,-3,,2971,221,222,0,77,,8447534763174,
2026-08-17 23:50:18.148,pulse_batch,x,,,,,-3,,2974,218,219,0,77,,8447555454290,
2026-08-17 23:50:18.169,pulse_batch,x,,,,,-3,,2977,215,216,0,77,,8447576259941,
2026-08-17 23:50:18.193,pulse_batch,x,,,,,-3,,2980,212,213,0,77,,8447600077818,
2026-08-17 23:50:18.216,pulse_batch,x,,,,,-3,,2983,209,210,0,77,,8447622699319,
2026-08-17 23:50:18.236,pulse_batch,x,,,,,-3,,2986,206,207,0,77,,8447643200530,
2026-08-17 23:50:18.257,pulse_batch,x,,,,,-3,,2989,203,204,0,77,,8447663656001,
2026-08-17 23:50:18.278,pulse_batch,x,,,,,-3,,2992,200,201,0,77,,8447685205107,
2026-08-17 23:50:18.299,pulse_batch,x,,,,,-3,,2995,197,198,0,77,,8447705795669,
2026-08-17 23:50:18.319,pulse_batch,x,,,,,-3,,2998,194,195,0,77,,8447726199325,
2026-08-17 23:50:18.344,pulse_batch,x,,,,,-3,,3001,191,192,0,77,,8447751068338,
2026-08-17 23:50:18.364,pulse_batch,x,,,,,-3,,3004,188,189,0,77,,8447771613548,
2026-08-17 23:50:18.385,pulse_batch,x,,,,,-3,,3007,185,186,0,77,,8447792036056,
2026-08-17 23:50:18.407,pulse_batch,x,,,,,-3,,3010,182,183,0,77,,8447814466022,
2026-08-17 23:50:18.428,pulse_batch,x,,,,,-3,,3013,179,180,0,77,,8447834990029,
2026-08-17 23:50:18.448,pulse_batch,x,,,,,-3,,3016,176,177,0,77,,8447855411315,
2026-08-17 23:50:18.470,pulse_batch,x,,,,,-3,,3019,173,174,0,77,,8447877535859,
2026-08-17 23:50:18.491,pulse_batch,x,,,,,-3,,3022,170,171,0,77,,8447898036403,
2026-08-17 23:50:18.511,pulse_batch,x,,,,,-3,,3025,167,168,0,77,,8447918519040,
2026-08-17 23:50:18.535,pulse_batch,x,,,,,-3,,3028,164,165,0,77,,8447942317991,
2026-08-17 23:50:18.556,pulse_batch,x,,,,,-3,,3031,161,162,0,77,,8447962928774,
2026-08-17 23:50:18.576,pulse_batch,x,,,,,-3,,3034,158,159,0,77,,8447983465633,
2026-08-17 23:50:18.597,pulse_batch,x,,,,,-3,,3037,155,156,0,77,,8448004259155,
2026-08-17 23:50:18.618,pulse_batch,x,,,,,-3,,3040,152,153,0,77,,8448024965938,
2026-08-17 23:50:18.638,pulse_batch,x,,,,,-3,,3043,149,150,0,77,,8448045484093,
2026-08-17 23:50:18.659,pulse_batch,x,,,,,-3,,3046,146,147,0,77,,8448065971174,
2026-08-17 23:50:18.681,pulse_batch,x,,,,,-3,,3049,143,144,0,77,,8448088307030,
2026-08-17 23:50:18.702,pulse_batch,x,,,,,-3,,3052,140,141,0,77,,8448108997146,
2026-08-17 23:50:18.725,pulse_batch,x,,,,,-3,,3055,137,138,0,77,,8448132198641,
2026-08-17 23:50:18.749,pulse_batch,x,,,,,-3,,3058,134,135,0,77,,8448156104832,
2026-08-17 23:50:18.770,pulse_batch,x,,,,,-3,,3061,131,132,0,77,,8448176653468,
2026-08-17 23:50:18.790,pulse_batch,x,,,,,-3,,3064,128,129,0,77,,8448197457638,
2026-08-17 23:50:18.814,pulse_batch,x,,,,,-3,,3067,125,126,0,77,,8448220709280,
2026-08-17 23:50:18.834,pulse_batch,x,,,,,-3,,3070,122,123,0,77,,8448241375730,
2026-08-17 23:50:18.855,pulse_batch,x,,,,,-3,,3073,119,120,0,77,,8448262390083,
2026-08-17 23:50:18.877,pulse_batch,x,,,,,-3,,3076,116,117,0,77,,8448283986022,
2026-08-17 23:50:18.897,pulse_batch,x,,,,,-3,,3079,113,114,0,77,,8448304598620,
2026-08-17 23:50:18.918,pulse_batch,x,,,,,-3,,3082,110,111,0,77,,8448325375384,
2026-08-17 23:50:18.941,pulse_batch,x,,,,,-3,,3085,107,108,0,77,,8448347628500,
2026-08-17 23:50:18.961,pulse_batch,x,,,,,-3,,3088,104,105,0,77,,8448368222377,
2026-08-17 23:50:18.982,pulse_batch,x,,,,,-3,,3091,101,102,0,77,,8448388660255,
2026-08-17 23:50:19.004,pulse_batch,x,,,,,-3,,3094,98,99,0,77,,8448410772984,
2026-08-17 23:50:19.024,pulse_batch,x,,,,,-3,,3097,95,96,0,77,,8448431491841,
2026-08-17 23:50:19.045,pulse_batch,x,,,,,-3,,3100,92,93,0,77,,8448451976774,
2026-08-17 23:50:19.066,pulse_batch,x,,,,,-3,,3103,89,90,0,77,,8448472842352,
2026-08-17 23:50:19.089,pulse_batch,x,,,,,-3,,3106,86,87,0,77,,8448496141660,
2026-08-17 23:50:19.092,move_finish,x,,,1,,,,3106,86,87,0,77,,8448499569733,
2026-08-17 23:50:19.529,approach_source_finish,x,0,stored,,,,-1,,86,87,0,77,87,,
2026-08-17 23:50:19.529,approach_source_finish,y,0,stored,,,,-1,,14,14,4,4,14,,
2026-08-17 23:50:19.532,move_start,x,,,2,-87,,-1,3106,86,87,0,77,,8448938590216,
2026-08-17 23:50:19.534,move_start,y,,,2,-18,,-1,1426,14,14,4,4,,8448941200464,
2026-08-17 23:50:19.538,pulse_batch,x,,,,,-1,,3107,85,86,0,77,,8448945070549,
2026-08-17 23:50:19.538,pulse_batch,y,,,,,-1,,1427,13,14,3,4,,8448945443656,
2026-08-17 23:50:19.559,pulse_batch,x,,,,,-3,,3110,82,83,0,77,,8448965674944,
2026-08-17 23:50:19.560,pulse_batch,y,,,,,-3,,1430,10,14,0,4,,8448967559164,
2026-08-17 23:50:19.579,pulse_batch,x,,,,,-3,,3113,79,80,0,77,,8448986135823,
2026-08-17 23:50:19.581,pulse_batch,y,,,,,-3,,1433,7,11,0,4,,8448988032931,
2026-08-17 23:50:19.601,pulse_batch,x,,,,,-3,,3116,76,77,0,77,,8449008116665,
2026-08-17 23:50:19.601,pulse_batch,y,,,,,-3,,1436,4,8,0,4,,8449008559882,
2026-08-17 23:50:19.622,pulse_batch,x,,,,,-3,,3119,73,74,0,77,,8449029171962,
2026-08-17 23:50:19.622,pulse_batch,y,,,,,-3,,1439,1,5,0,4,,8449029468422,
2026-08-17 23:50:19.642,pulse_batch,x,,,,,-3,,3122,70,71,0,77,,8449049610730,
2026-08-17 23:50:19.643,pulse_batch,y,,,,,-3,,1442,-2,2,0,4,,8449049889356,
2026-08-17 23:50:19.660,pulse_batch,y,,,,,-2,,1444,-4,0,0,4,,8449066900496,
2026-08-17 23:50:19.660,move_finish,y,,,2,,,,1444,-4,0,0,4,,8449067169085,
2026-08-17 23:50:19.663,pulse_batch,x,,,,,-3,,3125,67,68,0,77,,8449070091367,
2026-08-17 23:50:19.686,pulse_batch,x,,,,,-3,,3128,64,65,0,77,,8449092528130,
2026-08-17 23:50:19.707,pulse_batch,x,,,,,-3,,3131,61,62,0,77,,8449113829017,
2026-08-17 23:50:19.727,pulse_batch,x,,,,,-3,,3134,58,59,0,77,,8449134338043,
2026-08-17 23:50:19.750,pulse_batch,x,,,,,-3,,3137,55,56,0,77,,8449157006099,
2026-08-17 23:50:19.771,pulse_batch,x,,,,,-3,,3140,52,53,0,77,,8449177785863,
2026-08-17 23:50:19.791,pulse_batch,x,,,,,-3,,3143,49,50,0,77,,8449198357351,
2026-08-17 23:50:19.812,pulse_batch,x,,,,,-3,,3146,46,47,0,77,,8449219409796,
2026-08-17 23:50:19.833,pulse_batch,x,,,,,-3,,3149,43,44,0,77,,8449240055209,
2026-08-17 23:50:19.853,pulse_batch,x,,,,,-3,,3152,40,41,0,77,,8449260547309,
2026-08-17 23:50:19.874,pulse_batch,x,,,,,-3,,3155,37,38,0,77,,8449281551848,
2026-08-17 23:50:19.895,pulse_batch,x,,,,,-3,,3158,34,35,0,77,,8449302068392,
2026-08-17 23:50:19.915,pulse_batch,x,,,,,-3,,3161,31,32,0,77,,8449322515400,
2026-08-17 23:50:19.937,pulse_batch,x,,,,,-3,,3164,28,29,0,77,,8449344032303,
2026-08-17 23:50:19.959,pulse_batch,x,,,,,-3,,3167,25,26,0,77,,8449366425493,
2026-08-17 23:50:19.980,pulse_batch,x,,,,,-3,,3170,22,23,0,77,,8449386827409,
2026-08-17 23:50:20.000,pulse_batch,x,,,,,-3,,3173,19,20,0,77,,8449407387860,
2026-08-17 23:50:20.024,pulse_batch,x,,,,,-3,,3176,16,17,0,77,,8449431035998,
2026-08-17 23:50:20.044,pulse_batch,x,,,,,-3,,3179,13,14,0,77,,8449451551839,
2026-08-17 23:50:20.065,pulse_batch,x,,,,,-3,,3182,10,11,0,77,,8449472036958,
2026-08-17 23:50:20.089,pulse_batch,x,,,,,-3,,3185,7,8,0,77,,8449496157054,
2026-08-17 23:50:20.109,pulse_batch,x,,,,,-3,,3188,4,5,0,77,,8449516624766,
2026-08-17 23:50:20.130,pulse_batch,x,,,,,-3,,3191,1,2,0,77,,8449537152662,
2026-08-17 23:50:20.149,pulse_batch,x,,,,,-2,,3193,-1,0,0,77,,8449556068651,
2026-08-17 23:50:20.149,move_finish,x,,,2,,,,3193,-1,0,0,77,,8449556332351,
2026-08-17 23:50:20.599,target_finish,x,0,stored,,,,,,-1,0,0,77,0,,ok=True
2026-08-17 23:50:20.599,target_finish,y,0,stored,,,,,,-4,0,0,4,0,,ok=True
2026-08-17 23:50:23.606,target_start,x,1,stored,,,,,,-1,0,0,77,762,,
2026-08-17 23:50:23.606,target_start,y,1,stored,,,,,,-4,0,0,4,-39,,
2026-08-17 23:50:23.606,approach_source_start,x,1,stored,,,,1,,-1,0,0,77,675,,
2026-08-17 23:50:23.606,approach_source_start,y,1,stored,,,,-1,,-4,0,0,4,-25,,
2026-08-17 23:50:23.610,move_start,y,,,3,-25,,-1,1444,-4,0,0,4,,8453017447469,
2026-08-17 23:50:23.610,move_start,x,,,3,752,,1,3193,-1,0,0,77,,8453017380563,
2026-08-17 23:50:23.614,pulse_batch,y,,,,,-1,,1445,-5,-1,0,4,,8453021206631,
2026-08-17 23:50:23.614,pulse_batch,x,,,,,1,,3194,0,0,1,77,,8453021293611,
2026-08-17 23:50:23.636,pulse_batch,y,,,,,-3,,1448,-8,-4,0,4,,8453043100586,
2026-08-17 23:50:23.636,pulse_batch,x,,,,,3,,3197,3,0,4,77,,8453043544452,
2026-08-17 23:50:23.656,pulse_batch,y,,,,,-3,,1451,-11,-7,0,4,,8453063545595,
2026-08-17 23:50:23.657,pulse_batch,x,,,,,3,,3200,6,0,7,77,,8453063999405,
2026-08-17 23:50:23.678,pulse_batch,x,,,,,3,,3203,9,0,10,77,,8453084625375,
2026-08-17 23:50:23.678,pulse_batch,y,,,,,-3,,1454,-14,-10,0,4,,8453085247331,
2026-08-17 23:50:23.698,pulse_batch,x,,,,,3,,3206,12,0,13,77,,8453105218549,
2026-08-17 23:50:23.699,pulse_batch,y,,,,,-3,,1457,-17,-13,0,4,,8453105717969,
2026-08-17 23:50:23.719,pulse_batch,x,,,,,3,,3209,15,0,16,77,,8453125753372,
2026-08-17 23:50:23.719,pulse_batch,y,,,,,-3,,1460,-20,-16,0,4,,8453126179997,
2026-08-17 23:50:23.739,pulse_batch,x,,,,,3,,3212,18,0,19,77,,8453146623450,
2026-08-17 23:50:23.740,pulse_batch,y,,,,,-3,,1463,-23,-19,0,4,,8453147280943,
2026-08-17 23:50:23.761,pulse_batch,y,,,,,-3,,1466,-26,-22,0,4,,8453167675342,
2026-08-17 23:50:23.761,pulse_batch,x,,,,,3,,3215,21,0,22,77,,8453167761452,
2026-08-17 23:50:23.781,pulse_batch,y,,,,,-3,,1469,-29,-25,0,4,,8453188129499,
2026-08-17 23:50:23.781,pulse_batch,x,,,,,3,,3218,24,0,25,77,,8453188298738,
2026-08-17 23:50:23.784,move_finish,y,,,3,,,,1469,-29,-25,0,4,,8453191592608,
2026-08-17 23:50:23.802,pulse_batch,x,,,,,3,,3221,27,0,28,77,,8453209170983,
2026-08-17 23:50:23.824,pulse_batch,x,,,,,3,,3224,30,0,31,77,,8453231068716,
2026-08-17 23:50:23.845,pulse_batch,x,,,,,3,,3227,33,0,34,77,,8453251734019,
2026-08-17 23:50:23.865,pulse_batch,x,,,,,3,,3230,36,0,37,77,,8453272515802,
2026-08-17 23:50:23.888,pulse_batch,x,,,,,3,,3233,39,0,40,77,,8453295299118,
2026-08-17 23:50:23.909,pulse_batch,x,,,,,3,,3236,42,0,43,77,,8453315869163,
2026-08-17 23:50:23.929,pulse_batch,x,,,,,3,,3239,45,0,46,77,,8453336369930,
2026-08-17 23:50:23.950,pulse_batch,x,,,,,3,,3242,48,0,49,77,,8453357017159,
2026-08-17 23:50:23.970,pulse_batch,x,,,,,3,,3245,51,0,52,77,,8453377547131,
2026-08-17 23:50:23.991,pulse_batch,x,,,,,3,,3248,54,0,55,77,,8453397987343,
2026-08-17 23:50:24.014,pulse_batch,x,,,,,3,,3251,57,0,58,77,,8453420858473,
2026-08-17 23:50:24.034,pulse_batch,x,,,,,3,,3254,60,0,61,77,,8453441371612,
2026-08-17 23:50:24.055,pulse_batch,x,,,,,3,,3257,63,0,64,77,,8453461751011,
2026-08-17 23:50:24.076,pulse_batch,x,,,,,3,,3260,66,0,67,77,,8453483301748,
2026-08-17 23:50:24.097,pulse_batch,x,,,,,3,,3263,69,0,70,77,,8453503857405,
2026-08-17 23:50:24.117,pulse_batch,x,,,,,3,,3266,72,0,73,77,,8453524331747,
2026-08-17 23:50:24.139,pulse_batch,x,,,,,3,,3269,75,0,76,77,,8453545988446,
2026-08-17 23:50:24.160,pulse_batch,x,,,,,3,,3272,78,2,77,77,,8453567060115,
2026-08-17 23:50:24.180,pulse_batch,x,,,,,3,,3275,81,5,77,77,,8453587526421,
2026-08-17 23:50:24.201,pulse_batch,x,,,,,3,,3278,84,8,77,77,,8453608028318,
2026-08-17 23:50:24.223,pulse_batch,x,,,,,3,,3281,87,11,77,77,,8453630228178,
2026-08-17 23:50:24.244,pulse_batch,x,,,,,3,,3284,90,14,77,77,,8453650653466,
2026-08-17 23:50:24.264,pulse_batch,x,,,,,3,,3287,93,17,77,77,,8453671078198,
2026-08-17 23:50:24.286,pulse_batch,x,,,,,3,,3290,96,20,77,77,,8453692939987,
2026-08-17 23:50:24.306,pulse_batch,x,,,,,3,,3293,99,23,77,77,,8453713543995,
2026-08-17 23:50:24.327,pulse_batch,x,,,,,3,,3296,102,26,77,77,,8453733999226,
2026-08-17 23:50:24.349,pulse_batch,x,,,,,3,,3299,105,29,77,77,,8453756285178,
2026-08-17 23:50:24.370,pulse_batch,x,,,,,3,,3302,108,32,77,77,,8453776897815,
2026-08-17 23:50:24.390,pulse_batch,x,,,,,3,,3305,111,35,77,77,,8453797342010,
2026-08-17 23:50:24.413,pulse_batch,x,,,,,3,,3308,114,38,77,77,,8453819826163,
2026-08-17 23:50:24.433,pulse_batch,x,,,,,3,,3311,117,41,77,77,,8453840299968,
2026-08-17 23:50:24.454,pulse_batch,x,,,,,3,,3314,120,44,77,77,,8453860701608,
2026-08-17 23:50:24.476,pulse_batch,x,,,,,3,,3317,123,47,77,77,,8453882958133,
2026-08-17 23:50:24.496,pulse_batch,x,,,,,3,,3320,126,50,77,77,,8453903555697,
2026-08-17 23:50:24.517,pulse_batch,x,,,,,3,,3323,129,53,77,77,,8453923948318,
2026-08-17 23:50:24.539,pulse_batch,x,,,,,3,,3326,132,56,77,77,,8453946137437,
2026-08-17 23:50:24.563,pulse_batch,x,,,,,3,,3329,135,59,77,77,,8453970386829,
2026-08-17 23:50:24.584,pulse_batch,x,,,,,3,,3332,138,62,77,77,,8453990826006,
2026-08-17 23:50:24.609,pulse_batch,x,,,,,3,,3335,141,65,77,77,,8454016232700,
2026-08-17 23:50:24.630,pulse_batch,x,,,,,3,,3338,144,68,77,77,,8454036745764,
2026-08-17 23:50:24.650,pulse_batch,x,,,,,3,,3341,147,71,77,77,,8454057161792,
2026-08-17 23:50:24.671,pulse_batch,x,,,,,3,,3344,150,74,77,77,,8454077639245,
2026-08-17 23:50:24.691,pulse_batch,x,,,,,3,,3347,153,77,77,77,,8454098250438,
2026-08-17 23:50:24.712,pulse_batch,x,,,,,3,,3350,156,80,77,77,,8454118754762,
2026-08-17 23:50:24.732,pulse_batch,x,,,,,3,,3353,159,83,77,77,,8454139201864,
2026-08-17 23:50:24.753,pulse_batch,x,,,,,3,,3356,162,86,77,77,,8454159950647,
2026-08-17 23:50:24.773,pulse_batch,x,,,,,3,,3359,165,89,77,77,,8454180418508,
2026-08-17 23:50:24.794,pulse_batch,x,,,,,3,,3362,168,92,77,77,,8454200852666,
2026-08-17 23:50:24.814,pulse_batch,x,,,,,3,,3365,171,95,77,77,,8454221468877,
2026-08-17 23:50:24.835,pulse_batch,x,,,,,3,,3368,174,98,77,77,,8454241981534,
2026-08-17 23:50:24.855,pulse_batch,x,,,,,3,,3371,177,101,77,77,,8454262387025,
2026-08-17 23:50:24.876,pulse_batch,x,,,,,3,,3374,180,104,77,77,,8454283404695,
2026-08-17 23:50:24.897,pulse_batch,x,,,,,3,,3377,183,107,77,77,,8454303882389,
2026-08-17 23:50:24.917,pulse_batch,x,,,,,3,,3380,186,110,77,77,,8454324342639,
2026-08-17 23:50:24.939,pulse_batch,x,,,,,3,,3383,189,113,77,77,,8454346381982,
2026-08-17 23:50:24.960,pulse_batch,x,,,,,3,,3386,192,116,77,77,,8454366936824,
2026-08-17 23:50:24.980,pulse_batch,x,,,,,3,,3389,195,119,77,77,,8454387375055,
2026-08-17 23:50:25.001,pulse_batch,x,,,,,3,,3392,198,122,77,77,,8454407832750,
2026-08-17 23:50:25.021,pulse_batch,x,,,,,3,,3395,201,125,77,77,,8454428493368,
2026-08-17 23:50:25.042,pulse_batch,x,,,,,3,,3398,204,128,77,77,,8454448954044,
2026-08-17 23:50:25.062,pulse_batch,x,,,,,3,,3401,207,131,77,77,,8454469387665,
2026-08-17 23:50:25.083,pulse_batch,x,,,,,3,,3404,210,134,77,77,,8454490271874,
2026-08-17 23:50:25.104,pulse_batch,x,,,,,3,,3407,213,137,77,77,,8454510822586,
2026-08-17 23:50:25.124,pulse_batch,x,,,,,3,,3410,216,140,77,77,,8454531229466,
2026-08-17 23:50:25.145,pulse_batch,x,,,,,3,,3413,219,143,77,77,,8454551807438,
2026-08-17 23:50:25.165,pulse_batch,x,,,,,3,,3416,222,146,77,77,,8454572318021,
2026-08-17 23:50:25.186,pulse_batch,x,,,,,3,,3419,225,149,77,77,,8454592729364,
2026-08-17 23:50:25.207,pulse_batch,x,,,,,3,,3422,228,152,77,77,,8454614156400,
2026-08-17 23:50:25.228,pulse_batch,x,,,,,3,,3425,231,155,77,77,,8454634793240,
2026-08-17 23:50:25.248,pulse_batch,x,,,,,3,,3428,234,158,77,77,,8454655212713,
2026-08-17 23:50:25.268,pulse_batch,x,,,,,3,,3431,237,161,77,77,,8454675658538,
2026-08-17 23:50:25.290,pulse_batch,x,,,,,3,,3434,240,164,77,77,,8454697337571,
2026-08-17 23:50:25.311,pulse_batch,x,,,,,3,,3437,243,167,77,77,,8454717787784,
2026-08-17 23:50:25.334,pulse_batch,x,,,,,3,,3440,246,170,77,77,,8454741540145,
2026-08-17 23:50:25.358,pulse_batch,x,,,,,3,,3443,249,173,77,77,,8454765142508,
2026-08-17 23:50:25.378,pulse_batch,x,,,,,3,,3446,252,176,77,77,,8454785568759,
2026-08-17 23:50:25.400,pulse_batch,x,,,,,3,,3449,255,179,77,77,,8454807534473,
2026-08-17 23:50:25.421,pulse_batch,x,,,,,3,,3452,258,182,77,77,,8454828300072,
2026-08-17 23:50:25.442,pulse_batch,x,,,,,3,,3455,261,185,77,77,,8454848727915,
2026-08-17 23:50:25.463,pulse_batch,x,,,,,3,,3458,264,188,77,77,,8454869919972,
2026-08-17 23:50:25.486,pulse_batch,x,,,,,3,,3461,267,191,77,77,,8454892957230,
2026-08-17 23:50:25.506,pulse_batch,x,,,,,3,,3464,270,194,77,77,,8454913476832,
2026-08-17 23:50:25.527,pulse_batch,x,,,,,3,,3467,273,197,77,77,,8454933943971,
2026-08-17 23:50:25.547,pulse_batch,x,,,,,3,,3470,276,200,77,77,,8454954508572,
2026-08-17 23:50:25.568,pulse_batch,x,,,,,3,,3473,279,203,77,77,,8454975002673,
2026-08-17 23:50:25.588,pulse_batch,x,,,,,3,,3476,282,206,77,77,,8454995415813,
2026-08-17 23:50:25.609,pulse_batch,x,,,,,3,,3479,285,209,77,77,,8455015993469,
2026-08-17 23:50:25.629,pulse_batch,x,,,,,3,,3482,288,212,77,77,,8455036506941,
2026-08-17 23:50:25.650,pulse_batch,x,,,,,3,,3485,291,215,77,77,,8455056935340,
2026-08-17 23:50:25.670,pulse_batch,x,,,,,3,,3488,294,218,77,77,,8455077402331,
2026-08-17 23:50:25.691,pulse_batch,x,,,,,3,,3491,297,221,77,77,,8455098229207,
2026-08-17 23:50:25.712,pulse_batch,x,,,,,3,,3494,300,224,77,77,,8455118728012,
2026-08-17 23:50:25.732,pulse_batch,x,,,,,3,,3497,303,227,77,77,,8455139178985,
2026-08-17 23:50:25.757,pulse_batch,x,,,,,3,,3500,306,230,77,77,,8455163683948,
2026-08-17 23:50:25.777,pulse_batch,x,,,,,3,,3503,309,233,77,77,,8455184153421,
2026-08-17 23:50:25.798,pulse_batch,x,,,,,3,,3506,312,236,77,77,,8455204683318,
2026-08-17 23:50:25.818,pulse_batch,x,,,,,3,,3509,315,239,77,77,,8455225369862,
2026-08-17 23:50:25.840,pulse_batch,x,,,,,3,,3512,318,242,77,77,,8455246720991,
2026-08-17 23:50:25.860,pulse_batch,x,,,,,3,,3515,321,245,77,77,,8455267121668,
2026-08-17 23:50:25.881,pulse_batch,x,,,,,3,,3518,324,248,77,77,,8455287808379,
2026-08-17 23:50:25.901,pulse_batch,x,,,,,3,,3521,327,251,77,77,,8455308477757,
2026-08-17 23:50:25.922,pulse_batch,x,,,,,3,,3524,330,254,77,77,,8455328965766,
2026-08-17 23:50:25.944,pulse_batch,x,,,,,3,,3527,333,257,77,77,,8455351005980,
2026-08-17 23:50:25.965,pulse_batch,x,,,,,3,,3530,336,260,77,77,,8455371945891,
2026-08-17 23:50:25.985,pulse_batch,x,,,,,3,,3533,339,263,77,77,,8455392413289,
2026-08-17 23:50:26.008,pulse_batch,x,,,,,3,,3536,342,266,77,77,,8455414694260,
2026-08-17 23:50:26.028,pulse_batch,x,,,,,3,,3539,345,269,77,77,,8455435432692,
2026-08-17 23:50:26.049,pulse_batch,x,,,,,3,,3542,348,272,77,77,,8455455898184,
2026-08-17 23:50:26.069,pulse_batch,x,,,,,3,,3545,351,275,77,77,,8455476343823,
2026-08-17 23:50:26.092,pulse_batch,x,,,,,3,,3548,354,278,77,77,,8455498650497,
2026-08-17 23:50:26.112,pulse_batch,x,,,,,3,,3551,357,281,77,77,,8455519162062,
2026-08-17 23:50:26.133,pulse_batch,x,,,,,3,,3554,360,284,77,77,,8455539669108,
2026-08-17 23:50:26.154,pulse_batch,x,,,,,3,,3557,363,287,77,77,,8455561425456,
2026-08-17 23:50:26.175,pulse_batch,x,,,,,3,,3560,366,290,77,77,,8455581862021,
2026-08-17 23:50:26.195,pulse_batch,x,,,,,3,,3563,369,293,77,77,,8455602291476,
2026-08-17 23:50:26.216,pulse_batch,x,,,,,3,,3566,372,296,77,77,,8455622952020,
2026-08-17 23:50:26.237,pulse_batch,x,,,,,3,,3569,375,299,77,77,,8455643709249,
2026-08-17 23:50:26.257,pulse_batch,x,,,,,3,,3572,378,302,77,77,,8455664128852,
2026-08-17 23:50:26.278,pulse_batch,x,,,,,3,,3575,381,305,77,77,,8455684894951,
2026-08-17 23:50:26.298,pulse_batch,x,,,,,3,,3578,384,308,77,77,,8455705437571,
2026-08-17 23:50:26.319,pulse_batch,x,,,,,3,,3581,387,311,77,77,,8455725874840,
2026-08-17 23:50:26.341,pulse_batch,x,,,,,3,,3584,390,314,77,77,,8455746403090,
2026-08-17 23:50:26.360,pulse_batch,x,,,,,3,,3587,393,317,77,77,,8455766974709,
2026-08-17 23:50:26.380,pulse_batch,x,,,,,3,,3590,396,320,77,77,,8455787465645,
2026-08-17 23:50:26.401,pulse_batch,x,,,,,3,,3593,399,323,77,77,,8455808074505,
2026-08-17 23:50:26.422,pulse_batch,x,,,,,3,,3596,402,326,77,77,,8455829184118,
2026-08-17 23:50:26.442,pulse_batch,x,,,,,3,,3599,405,329,77,77,,8455849610499,
2026-08-17 23:50:26.463,pulse_batch,x,,,,,3,,3602,408,332,77,77,,8455870036083,
2026-08-17 23:50:26.485,pulse_batch,x,,,,,3,,3605,411,335,77,77,,8455892168944,
2026-08-17 23:50:26.506,pulse_batch,x,,,,,3,,3608,414,338,77,77,,8455912732435,
2026-08-17 23:50:26.526,pulse_batch,x,,,,,3,,3611,417,341,77,77,,8455933165519,
2026-08-17 23:50:26.547,pulse_batch,x,,,,,3,,3614,420,344,77,77,,8455953797360,
2026-08-17 23:50:26.567,pulse_batch,x,,,,,3,,3617,423,347,77,77,,8455974452145,
2026-08-17 23:50:26.588,pulse_batch,x,,,,,3,,3620,426,350,77,77,,8455994885563,
2026-08-17 23:50:26.609,pulse_batch,x,,,,,3,,3623,429,353,77,77,,8456015927881,
2026-08-17 23:50:26.629,pulse_batch,x,,,,,3,,3626,432,356,77,77,,8456036510537,
2026-08-17 23:50:26.650,pulse_batch,x,,,,,3,,3629,435,359,77,77,,8456056990936,
2026-08-17 23:50:26.672,pulse_batch,x,,,,,3,,3632,438,362,77,77,,8456078985021,
2026-08-17 23:50:26.693,pulse_batch,x,,,,,3,,3635,441,365,77,77,,8456099666306,
2026-08-17 23:50:26.713,pulse_batch,x,,,,,3,,3638,444,368,77,77,,8456120084501,
2026-08-17 23:50:26.736,pulse_batch,x,,,,,3,,3641,447,371,77,77,,8456143443516,
2026-08-17 23:50:26.759,pulse_batch,x,,,,,3,,3644,450,374,77,77,,8456166501589,
2026-08-17 23:50:26.780,pulse_batch,x,,,,,3,,3647,453,377,77,77,,8456186994283,
2026-08-17 23:50:26.800,pulse_batch,x,,,,,3,,3650,456,380,77,77,,8456207497533,
2026-08-17 23:50:26.822,pulse_batch,x,,,,,3,,3653,459,383,77,77,,8456228838644,
2026-08-17 23:50:26.842,pulse_batch,x,,,,,3,,3656,462,386,77,77,,8456249357061,
2026-08-17 23:50:26.863,pulse_batch,x,,,,,3,,3659,465,389,77,77,,8456270117660,
2026-08-17 23:50:26.886,pulse_batch,x,,,,,3,,3662,468,392,77,77,,8456293011735,
2026-08-17 23:50:26.907,pulse_batch,x,,,,,3,,3665,471,395,77,77,,8456313773723,
2026-08-17 23:50:26.927,pulse_batch,x,,,,,3,,3668,474,398,77,77,,8456334234362,
2026-08-17 23:50:26.948,pulse_batch,x,,,,,3,,3671,477,401,77,77,,8456355533510,
2026-08-17 23:50:26.969,pulse_batch,x,,,,,3,,3674,480,404,77,77,,8456376242110,
2026-08-17 23:50:26.990,pulse_batch,x,,,,,3,,3677,483,407,77,77,,8456396722434,
2026-08-17 23:50:27.011,pulse_batch,x,,,,,3,,3680,486,410,77,77,,8456417800289,
2026-08-17 23:50:27.031,pulse_batch,x,,,,,3,,3683,489,413,77,77,,8456438589333,
2026-08-17 23:50:27.052,pulse_batch,x,,,,,3,,3686,492,416,77,77,,8456459113564,
2026-08-17 23:50:27.073,pulse_batch,x,,,,,3,,3689,495,419,77,77,,8456479975922,
2026-08-17 23:50:27.093,pulse_batch,x,,,,,3,,3692,498,422,77,77,,8456500577078,
2026-08-17 23:50:27.114,pulse_batch,x,,,,,3,,3695,501,425,77,77,,8456521031662,
2026-08-17 23:50:27.134,pulse_batch,x,,,,,3,,3698,504,428,77,77,,8456541532857,
2026-08-17 23:50:27.156,pulse_batch,x,,,,,3,,3701,507,431,77,77,,8456562821821,
2026-08-17 23:50:27.176,pulse_batch,x,,,,,3,,3704,510,434,77,77,,8456583322960,
2026-08-17 23:50:27.197,pulse_batch,x,,,,,3,,3707,513,437,77,77,,8456603776489,
2026-08-17 23:50:27.219,pulse_batch,x,,,,,3,,3710,516,440,77,77,,8456625848425,
2026-08-17 23:50:27.239,pulse_batch,x,,,,,3,,3713,519,443,77,77,,8456646471137,
2026-08-17 23:50:27.260,pulse_batch,x,,,,,3,,3716,522,446,77,77,,8456666899703,
2026-08-17 23:50:27.282,pulse_batch,x,,,,,3,,3719,525,449,77,77,,8456689106694,
2026-08-17 23:50:27.303,pulse_batch,x,,,,,3,,3722,528,452,77,77,,8456709654295,
2026-08-17 23:50:27.323,pulse_batch,x,,,,,3,,3725,531,455,77,77,,8456730075250,
2026-08-17 23:50:27.345,pulse_batch,x,,,,,3,,3728,534,458,77,77,,8456752569811,
2026-08-17 23:50:27.366,pulse_batch,x,,,,,3,,3731,537,461,77,77,,8456773113135,
2026-08-17 23:50:27.386,pulse_batch,x,,,,,3,,3734,540,464,77,77,,8456793560072,
2026-08-17 23:50:27.409,pulse_batch,x,,,,,3,,3737,543,467,77,77,,8456814317337,
2026-08-17 23:50:27.428,pulse_batch,x,,,,,3,,3740,546,470,77,77,,8456835302434,
2026-08-17 23:50:27.449,pulse_batch,x,,,,,3,,3743,549,473,77,77,,8456855812759,
2026-08-17 23:50:27.469,pulse_batch,x,,,,,3,,3746,552,476,77,77,,8456876378027,
2026-08-17 23:50:27.491,pulse_batch,x,,,,,3,,3749,555,479,77,77,,8456897687620,
2026-08-17 23:50:27.511,pulse_batch,x,,,,,3,,3752,558,482,77,77,,8456918137408,
2026-08-17 23:50:27.533,pulse_batch,x,,,,,3,,3755,561,485,77,77,,8456940313917,
2026-08-17 23:50:27.556,pulse_batch,x,,,,,3,,3758,564,488,77,77,,8456963226233,
2026-08-17 23:50:27.577,pulse_batch,x,,,,,3,,3761,567,491,77,77,,8456983816890,
2026-08-17 23:50:27.597,pulse_batch,x,,,,,3,,3764,570,494,77,77,,8457004343899,
2026-08-17 23:50:27.619,pulse_batch,x,,,,,3,,3767,573,497,77,77,,8457026166782,
2026-08-17 23:50:27.640,pulse_batch,x,,,,,3,,3770,576,500,77,77,,8457046757828,
2026-08-17 23:50:27.660,pulse_batch,x,,,,,3,,3773,579,503,77,77,,8457067201135,
2026-08-17 23:50:27.682,pulse_batch,x,,,,,3,,3776,582,506,77,77,,8457089523327,
2026-08-17 23:50:27.703,pulse_batch,x,,,,,3,,3779,585,509,77,77,,8457110142410,
2026-08-17 23:50:27.723,pulse_batch,x,,,,,3,,3782,588,512,77,77,,8457130552902,
2026-08-17 23:50:27.746,pulse_batch,x,,,,,3,,3785,591,515,77,77,,8457152776614,
2026-08-17 23:50:27.767,pulse_batch,x,,,,,3,,3788,594,518,77,77,,8457173881376,
2026-08-17 23:50:27.787,pulse_batch,x,,,,,3,,3791,597,521,77,77,,8457194311757,
2026-08-17 23:50:27.809,pulse_batch,x,,,,,3,,3794,600,524,77,77,,8457216103660,
2026-08-17 23:50:27.830,pulse_batch,x,,,,,3,,3797,603,527,77,77,,8457236744723,
2026-08-17 23:50:27.850,pulse_batch,x,,,,,3,,3800,606,530,77,77,,8457257247529,
2026-08-17 23:50:27.871,pulse_batch,x,,,,,3,,3803,609,533,77,77,,8457277670077,
2026-08-17 23:50:27.892,pulse_batch,x,,,,,3,,3806,612,536,77,77,,8457298983744,
2026-08-17 23:50:27.912,pulse_batch,x,,,,,3,,3809,615,539,77,77,,8457319466031,
2026-08-17 23:50:27.934,pulse_batch,x,,,,,3,,3812,618,542,77,77,,8457340747903,
2026-08-17 23:50:27.956,pulse_batch,x,,,,,3,,3815,621,545,77,77,,8457363305611,
2026-08-17 23:50:27.977,pulse_batch,x,,,,,3,,3818,624,548,77,77,,8457383703400,
2026-08-17 23:50:28.000,pulse_batch,x,,,,,3,,3821,627,551,77,77,,8457407309745,
2026-08-17 23:50:28.023,pulse_batch,x,,,,,3,,3824,630,554,77,77,,8457429965601,
2026-08-17 23:50:28.043,pulse_batch,x,,,,,3,,3827,633,557,77,77,,8457450435926,
2026-08-17 23:50:28.065,pulse_batch,x,,,,,3,,3830,636,560,77,77,,8457472148107,
2026-08-17 23:50:28.086,pulse_batch,x,,,,,3,,3833,639,563,77,77,,8457493349480,
2026-08-17 23:50:28.110,pulse_batch,x,,,,,3,,3836,642,566,77,77,,8457516974880,
2026-08-17 23:50:28.130,pulse_batch,x,,,,,3,,3839,645,569,77,77,,8457537383428,
2026-08-17 23:50:28.153,pulse_batch,x,,,,,3,,3842,648,572,77,77,,8457560076117,
2026-08-17 23:50:28.174,pulse_batch,x,,,,,3,,3845,651,575,77,77,,8457580729070,
2026-08-17 23:50:28.194,pulse_batch,x,,,,,3,,3848,654,578,77,77,,8457601140822,
2026-08-17 23:50:28.217,pulse_batch,x,,,,,3,,3851,657,581,77,77,,8457624050323,
2026-08-17 23:50:28.238,pulse_batch,x,,,,,3,,3854,660,584,77,77,,8457644850255,
2026-08-17 23:50:28.258,pulse_batch,x,,,,,3,,3857,663,587,77,77,,8457665294192,
2026-08-17 23:50:28.280,pulse_batch,x,,,,,3,,3860,666,590,77,77,,8457686677377,
2026-08-17 23:50:28.300,pulse_batch,x,,,,,3,,3863,669,593,77,77,,8457707265627,
2026-08-17 23:50:28.321,pulse_batch,x,,,,,3,,3866,672,596,77,77,,8457727711582,
2026-08-17 23:50:28.343,pulse_batch,x,,,,,3,,3869,675,599,77,77,,8457749706315,
2026-08-17 23:50:28.363,pulse_batch,x,,,,,3,,3872,678,602,77,77,,8457770473989,
2026-08-17 23:50:28.384,pulse_batch,x,,,,,3,,3875,681,605,77,77,,8457790899055,
2026-08-17 23:50:28.404,pulse_batch,x,,,,,3,,3878,684,608,77,77,,8457811363454,
2026-08-17 23:50:28.427,pulse_batch,x,,,,,3,,3881,687,611,77,77,,8457833658500,
2026-08-17 23:50:28.447,pulse_batch,x,,,,,3,,3884,690,614,77,77,,8457854081548,
2026-08-17 23:50:28.467,pulse_batch,x,,,,,3,,3887,693,617,77,77,,8457874621816,
2026-08-17 23:50:28.488,pulse_batch,x,,,,,3,,3890,696,620,77,77,,8457895171400,
2026-08-17 23:50:28.509,pulse_batch,x,,,,,3,,3893,699,623,77,77,,8457915708205,
2026-08-17 23:50:28.529,pulse_batch,x,,,,,3,,3896,702,626,77,77,,8457936108513,
2026-08-17 23:50:28.550,pulse_batch,x,,,,,3,,3899,705,629,77,77,,8457956845298,
2026-08-17 23:50:28.570,pulse_batch,x,,,,,3,,3902,708,632,77,77,,8457977491028,
2026-08-17 23:50:28.591,pulse_batch,x,,,,,3,,3905,711,635,77,77,,8457997902169,
2026-08-17 23:50:28.611,pulse_batch,x,,,,,3,,3908,714,638,77,77,,8458018457086,
2026-08-17 23:50:28.632,pulse_batch,x,,,,,3,,3911,717,641,77,77,,8458038946836,
2026-08-17 23:50:28.652,pulse_batch,x,,,,,3,,3914,720,644,77,77,,8458059373254,
2026-08-17 23:50:28.673,pulse_batch,x,,,,,3,,3917,723,647,77,77,,8458079871746,
2026-08-17 23:50:28.694,pulse_batch,x,,,,,3,,3920,726,650,77,77,,8458101024637,
2026-08-17 23:50:28.714,pulse_batch,x,,,,,3,,3923,729,653,77,77,,8458121454092,
2026-08-17 23:50:28.735,pulse_batch,x,,,,,3,,3926,732,656,77,77,,8458141905103,
2026-08-17 23:50:28.757,pulse_batch,x,,,,,3,,3929,735,659,77,77,,8458163892504,
2026-08-17 23:50:28.777,pulse_batch,x,,,,,3,,3932,738,662,77,77,,8458184385347,
2026-08-17 23:50:28.798,pulse_batch,x,,,,,3,,3935,741,665,77,77,,8458204837542,
2026-08-17 23:50:28.821,pulse_batch,x,,,,,3,,3938,744,668,77,77,,8458228069948,
2026-08-17 23:50:28.841,pulse_batch,x,,,,,3,,3941,747,671,77,77,,8458248609772,
2026-08-17 23:50:28.862,pulse_batch,x,,,,,3,,3944,750,674,77,77,,8458269111763,
2026-08-17 23:50:28.873,pulse_batch,x,,,,,1,,3945,751,675,77,77,,8458280355248,
2026-08-17 23:50:28.873,move_finish,x,,,3,,,,3945,751,675,77,77,,8458280624337,
2026-08-17 23:50:29.335,approach_source_finish,x,1,stored,,,,1,,751,675,77,77,675,,
2026-08-17 23:50:29.335,approach_source_finish,y,1,stored,,,,-1,,-29,-25,0,4,-25,,
2026-08-17 23:50:29.339,move_start,x,,,4,87,,1,3945,751,675,77,77,,8458746389023,
2026-08-17 23:50:29.339,move_start,y,,,4,-14,,-1,1469,-29,-25,0,4,,8458746318709,
2026-08-17 23:50:29.343,pulse_batch,x,,,,,1,,3946,752,676,77,77,,8458750117278,
2026-08-17 23:50:29.343,pulse_batch,y,,,,,-1,,1470,-30,-26,0,4,,8458750345627,
2026-08-17 23:50:29.364,pulse_batch,x,,,,,3,,3949,755,679,77,77,,8458770635825,
2026-08-17 23:50:29.364,pulse_batch,y,,,,,-3,,1473,-33,-29,0,4,,8458770847415,
2026-08-17 23:50:29.384,pulse_batch,x,,,,,3,,3952,758,682,77,77,,8458791134502,
2026-08-17 23:50:29.384,pulse_batch,y,,,,,-3,,1476,-36,-32,0,4,,8458791355258,
2026-08-17 23:50:29.405,pulse_batch,y,,,,,-3,,1479,-39,-35,0,4,,8458811900213,
2026-08-17 23:50:29.405,pulse_batch,x,,,,,3,,3955,761,685,77,77,,8458812117506,
2026-08-17 23:50:29.425,pulse_batch,y,,,,,-3,,1482,-42,-38,0,4,,8458832491759,
2026-08-17 23:50:29.426,pulse_batch,x,,,,,3,,3958,764,688,77,77,,8458832819385,
2026-08-17 23:50:29.436,pulse_batch,y,,,,,-1,,1483,-43,-39,0,4,,8458842718570,
2026-08-17 23:50:29.436,move_finish,y,,,4,,,,1483,-43,-39,0,4,,8458842959641,
2026-08-17 23:50:29.446,pulse_batch,x,,,,,3,,3961,767,691,77,77,,8458853323376,
2026-08-17 23:50:29.467,pulse_batch,x,,,,,3,,3964,770,694,77,77,,8458873915108,
2026-08-17 23:50:29.489,pulse_batch,x,,,,,3,,3967,773,697,77,77,,8458896527335,
2026-08-17 23:50:29.510,pulse_batch,x,,,,,3,,3970,776,700,77,77,,8458917508229,
2026-08-17 23:50:29.531,pulse_batch,x,,,,,3,,3973,779,703,77,77,,8458937948239,
2026-08-17 23:50:29.556,pulse_batch,x,,,,,3,,3976,782,706,77,77,,8458962668628,
2026-08-17 23:50:29.578,pulse_batch,x,,,,,3,,3979,785,709,77,77,,8458985324984,
2026-08-17 23:50:29.601,pulse_batch,x,,,,,3,,3982,788,712,77,77,,8459008068284,
2026-08-17 23:50:29.622,pulse_batch,x,,,,,3,,3985,791,715,77,77,,8459028900809,
2026-08-17 23:50:29.642,pulse_batch,x,,,,,3,,3988,794,718,77,77,,8459049489855,
2026-08-17 23:50:29.663,pulse_batch,x,,,,,3,,3991,797,721,77,77,,8459069892978,
2026-08-17 23:50:29.685,pulse_batch,x,,,,,3,,3994,800,724,77,77,,8459092119172,
2026-08-17 23:50:29.706,pulse_batch,x,,,,,3,,3997,803,727,77,77,,8459112681108,
2026-08-17 23:50:29.726,pulse_batch,x,,,,,3,,4000,806,730,77,77,,8459133078249,
2026-08-17 23:50:29.749,pulse_batch,x,,,,,3,,4003,809,733,77,77,,8459156566892,
2026-08-17 23:50:29.770,pulse_batch,x,,,,,3,,4006,812,736,77,77,,8459177126976,
2026-08-17 23:50:29.790,pulse_batch,x,,,,,3,,4009,815,739,77,77,,8459197601893,
2026-08-17 23:50:29.812,pulse_batch,x,,,,,3,,4012,818,742,77,77,,8459219238243,
2026-08-17 23:50:29.833,pulse_batch,x,,,,,3,,4015,821,745,77,77,,8459239819752,
2026-08-17 23:50:29.853,pulse_batch,x,,,,,3,,4018,824,748,77,77,,8459260284651,
2026-08-17 23:50:29.879,pulse_batch,x,,,,,3,,4021,827,751,77,77,,8459285747235,
2026-08-17 23:50:29.899,pulse_batch,x,,,,,3,,4024,830,754,77,77,,8459306332671,
2026-08-17 23:50:29.920,pulse_batch,x,,,,,3,,4027,833,757,77,77,,8459326816496,
2026-08-17 23:50:29.940,pulse_batch,x,,,,,3,,4030,836,760,77,77,,8459347269414,
2026-08-17 23:50:29.959,pulse_batch,x,,,,,2,,4032,838,762,77,77,,8459365534764,
2026-08-17 23:50:29.959,move_finish,x,,,4,,,,4032,838,762,77,77,,8459365937852,
2026-08-17 23:50:30.403,target_finish,x,1,stored,,,,,,838,762,77,77,762,,ok=True
2026-08-17 23:50:30.403,target_finish,y,1,stored,,,,,,-43,-39,0,4,-39,,ok=True
2026-08-17 23:50:33.417,target_start,x,2,stored,,,,,,838,762,77,77,1185,,
2026-08-17 23:50:33.417,target_start,y,2,stored,,,,,,-43,-39,0,4,-42,,
2026-08-17 23:50:33.418,approach_source_start,x,2,stored,,,,-1,,838,762,77,77,1272,,
2026-08-17 23:50:33.418,approach_source_start,y,2,stored,,,,1,,-43,-39,0,4,-56,,
2026-08-17 23:50:33.423,move_start,y,,,5,-17,,-1,1483,-43,-39,0,4,,8462829770447,
2026-08-17 23:50:33.423,move_start,x,,,5,510,,1,4032,838,762,77,77,,8462830030796,
2026-08-17 23:50:33.426,pulse_batch,y,,,,,-1,,1484,-44,-40,0,4,,8462833569460,
2026-08-17 23:50:33.427,pulse_batch,x,,,,,1,,4033,839,763,77,77,,8462833888994,
2026-08-17 23:50:33.447,pulse_batch,y,,,,,-3,,1487,-47,-43,0,4,,8462854362431,
2026-08-17 23:50:33.451,pulse_batch,x,,,,,3,,4036,842,766,77,77,,8462858657624,
2026-08-17 23:50:33.468,pulse_batch,y,,,,,-3,,1490,-50,-46,0,4,,8462874780406,
2026-08-17 23:50:33.472,pulse_batch,x,,,,,3,,4039,845,769,77,77,,8462879220098,
2026-08-17 23:50:33.489,pulse_batch,y,,,,,-3,,1493,-53,-49,0,4,,8462895857245,
2026-08-17 23:50:33.493,pulse_batch,x,,,,,3,,4042,848,772,77,77,,8462899858441,
2026-08-17 23:50:33.509,pulse_batch,y,,,,,-3,,1496,-56,-52,0,4,,8462916312738,
2026-08-17 23:50:33.516,pulse_batch,x,,,,,3,,4045,851,775,77,77,,8462922720500,
2026-08-17 23:50:33.530,pulse_batch,y,,,,,-3,,1499,-59,-55,0,4,,8462936817212,
2026-08-17 23:50:33.536,pulse_batch,x,,,,,3,,4048,854,778,77,77,,8462943254233,
2026-08-17 23:50:33.540,pulse_batch,y,,,,,-1,,1500,-60,-56,0,4,,8462947098282,
2026-08-17 23:50:33.541,move_finish,y,,,5,,,,1500,-60,-56,0,4,,8462947727183,
2026-08-17 23:50:33.558,pulse_batch,x,,,,,3,,4051,857,781,77,77,,8462965104396,
2026-08-17 23:50:33.580,pulse_batch,x,,,,,3,,4054,860,784,77,77,,8462987000910,
2026-08-17 23:50:33.600,pulse_batch,x,,,,,3,,4057,863,787,77,77,,8463007523643,
2026-08-17 23:50:33.624,pulse_batch,x,,,,,3,,4060,866,790,77,77,,8463031180360,
2026-08-17 23:50:33.645,pulse_batch,x,,,,,3,,4063,869,793,77,77,,8463051810629,
2026-08-17 23:50:33.666,pulse_batch,x,,,,,3,,4066,872,796,77,77,,8463072810931,
2026-08-17 23:50:33.687,pulse_batch,x,,,,,3,,4069,875,799,77,77,,8463093827881,
2026-08-17 23:50:33.711,pulse_batch,x,,,,,3,,4072,878,802,77,77,,8463117822705,
2026-08-17 23:50:33.731,pulse_batch,x,,,,,3,,4075,881,805,77,77,,8463138245088,
2026-08-17 23:50:33.753,pulse_batch,x,,,,,3,,4078,884,808,77,77,,8463160459080,
2026-08-17 23:50:33.774,pulse_batch,x,,,,,3,,4081,887,811,77,77,,8463181082127,
2026-08-17 23:50:33.794,pulse_batch,x,,,,,3,,4084,890,814,77,77,,8463201550249,
2026-08-17 23:50:33.817,pulse_batch,x,,,,,3,,4087,893,817,77,77,,8463223659724,
2026-08-17 23:50:33.837,pulse_batch,x,,,,,3,,4090,896,820,77,77,,8463244303049,
2026-08-17 23:50:33.858,pulse_batch,x,,,,,3,,4093,899,823,77,77,,8463264979169,
2026-08-17 23:50:33.878,pulse_batch,x,,,,,3,,4096,902,826,77,77,,8463285528458,
2026-08-17 23:50:33.900,pulse_batch,x,,,,,3,,4099,905,829,77,77,,8463306763257,
2026-08-17 23:50:33.920,pulse_batch,x,,,,,3,,4102,908,832,77,77,,8463327216713,
2026-08-17 23:50:33.942,pulse_batch,x,,,,,3,,4105,911,835,77,77,,8463349555852,
2026-08-17 23:50:33.963,pulse_batch,x,,,,,3,,4108,914,838,77,77,,8463370564895,
2026-08-17 23:50:33.984,pulse_batch,x,,,,,3,,4111,917,841,77,77,,8463390997092,
2026-08-17 23:50:34.004,pulse_batch,x,,,,,3,,4114,920,844,77,77,,8463411478900,
2026-08-17 23:50:34.026,pulse_batch,x,,,,,3,,4117,923,847,77,77,,8463432718663,
2026-08-17 23:50:34.046,pulse_batch,x,,,,,3,,4120,926,850,77,77,,8463453264248,
2026-08-17 23:50:34.067,pulse_batch,x,,,,,3,,4123,929,853,77,77,,8463473721112,
2026-08-17 23:50:34.092,pulse_batch,x,,,,,3,,4126,932,856,77,77,,8463499308215,
2026-08-17 23:50:34.113,pulse_batch,x,,,,,3,,4129,935,859,77,77,,8463519813671,
2026-08-17 23:50:34.133,pulse_batch,x,,,,,3,,4132,938,862,77,77,,8463540231591,
2026-08-17 23:50:34.155,pulse_batch,x,,,,,3,,4135,941,865,77,77,,8463562146235,
2026-08-17 23:50:34.176,pulse_batch,x,,,,,3,,4138,944,868,77,77,,8463582756486,
2026-08-17 23:50:34.196,pulse_batch,x,,,,,3,,4141,947,871,77,77,,8463603165350,
2026-08-17 23:50:34.219,pulse_batch,x,,,,,3,,4144,950,874,77,77,,8463625771690,
2026-08-17 23:50:34.239,pulse_batch,x,,,,,3,,4147,953,877,77,77,,8463646423089,
2026-08-17 23:50:34.260,pulse_batch,x,,,,,3,,4150,956,880,77,77,,8463666971211,
2026-08-17 23:50:34.282,pulse_batch,x,,,,,3,,4153,959,883,77,77,,8463688612376,
2026-08-17 23:50:34.302,pulse_batch,x,,,,,3,,4156,962,886,77,77,,8463709288775,
2026-08-17 23:50:34.323,pulse_batch,x,,,,,3,,4159,965,889,77,77,,8463729739991,
2026-08-17 23:50:34.343,pulse_batch,x,,,,,3,,4162,968,892,77,77,,8463750210799,
2026-08-17 23:50:34.368,pulse_batch,x,,,,,3,,4165,971,895,77,77,,8463775029170,
2026-08-17 23:50:34.388,pulse_batch,x,,,,,3,,4168,974,898,77,77,,8463795554070,
2026-08-17 23:50:34.409,pulse_batch,x,,,,,3,,4171,977,901,77,77,,8463816094377,
2026-08-17 23:50:34.430,pulse_batch,x,,,,,3,,4174,980,904,77,77,,8463836858053,
2026-08-17 23:50:34.450,pulse_batch,x,,,,,3,,4177,983,907,77,77,,8463857381286,
2026-08-17 23:50:34.471,pulse_batch,x,,,,,3,,4180,986,910,77,77,,8463877877261,
2026-08-17 23:50:34.493,pulse_batch,x,,,,,3,,4183,989,913,77,77,,8463900071013,
2026-08-17 23:50:34.514,pulse_batch,x,,,,,3,,4186,992,916,77,77,,8463921239461,
2026-08-17 23:50:34.534,pulse_batch,x,,,,,3,,4189,995,919,77,77,,8463941654307,
2026-08-17 23:50:34.555,pulse_batch,x,,,,,3,,4192,998,922,77,77,,8463962499778,
2026-08-17 23:50:34.576,pulse_batch,x,,,,,3,,4195,1001,925,77,77,,8463983070678,
2026-08-17 23:50:34.596,pulse_batch,x,,,,,3,,4198,1004,928,77,77,,8464003527986,
2026-08-17 23:50:34.617,pulse_batch,x,,,,,3,,4201,1007,931,77,77,,8464024104386,
2026-08-17 23:50:34.640,pulse_batch,x,,,,,3,,4204,1010,934,77,77,,8464047002982,
2026-08-17 23:50:34.660,pulse_batch,x,,,,,3,,4207,1013,937,77,77,,8464067444698,
2026-08-17 23:50:34.681,pulse_batch,x,,,,,3,,4210,1016,940,77,77,,8464087940172,
2026-08-17 23:50:34.704,pulse_batch,x,,,,,3,,4213,1019,943,77,77,,8464111291689,
2026-08-17 23:50:34.725,pulse_batch,x,,,,,3,,4216,1022,946,77,77,,8464131703202,
2026-08-17 23:50:34.745,pulse_batch,x,,,,,3,,4219,1025,949,77,77,,8464152357526,
2026-08-17 23:50:34.767,pulse_batch,x,,,,,3,,4222,1028,952,77,77,,8464173670325,
2026-08-17 23:50:34.787,pulse_batch,x,,,,,3,,4225,1031,955,77,77,,8464194172688,
2026-08-17 23:50:34.807,pulse_batch,x,,,,,3,,4228,1034,958,77,77,,8464214631515,
2026-08-17 23:50:34.830,pulse_batch,x,,,,,3,,4231,1037,961,77,77,,8464236922192,
2026-08-17 23:50:34.850,pulse_batch,x,,,,,3,,4234,1040,964,77,77,,8464257374408,
2026-08-17 23:50:34.873,pulse_batch,x,,,,,3,,4237,1043,967,77,77,,8464280116894,
2026-08-17 23:50:34.894,pulse_batch,x,,,,,3,,4240,1046,970,77,77,,8464300705664,
2026-08-17 23:50:34.914,pulse_batch,x,,,,,3,,4243,1049,973,77,77,,8464321239750,
2026-08-17 23:50:34.934,pulse_batch,x,,,,,3,,4246,1052,976,77,77,,8464341635188,
2026-08-17 23:50:34.956,pulse_batch,x,,,,,3,,4249,1055,979,77,77,,8464362883192,
2026-08-17 23:50:34.976,pulse_batch,x,,,,,3,,4252,1058,982,77,77,,8464383468554,
2026-08-17 23:50:34.997,pulse_batch,x,,,,,3,,4255,1061,985,77,77,,8464403852345,
2026-08-17 23:50:35.019,pulse_batch,x,,,,,3,,4258,1064,988,77,77,,8464426158818,
2026-08-17 23:50:35.039,pulse_batch,x,,,,,3,,4261,1067,991,77,77,,8464446609775,
2026-08-17 23:50:35.060,pulse_batch,x,,,,,3,,4264,1070,994,77,77,,8464467017547,
2026-08-17 23:50:35.083,pulse_batch,x,,,,,3,,4267,1073,997,77,77,,8464489410612,
2026-08-17 23:50:35.103,pulse_batch,x,,,,,3,,4270,1076,1000,77,77,,8464509956901,
2026-08-17 23:50:35.123,pulse_batch,x,,,,,3,,4273,1079,1003,77,77,,8464530382876,
2026-08-17 23:50:35.144,pulse_batch,x,,,,,3,,4276,1082,1006,77,77,,8464550908129,
2026-08-17 23:50:35.166,pulse_batch,x,,,,,3,,4279,1085,1009,77,77,,8464573190399,
2026-08-17 23:50:35.187,pulse_batch,x,,,,,3,,4282,1088,1012,77,77,,8464593712855,
2026-08-17 23:50:35.207,pulse_batch,x,,,,,3,,4285,1091,1015,77,77,,8464614268607,
2026-08-17 23:50:35.229,pulse_batch,x,,,,,3,,4288,1094,1018,77,77,,8464636506432,
2026-08-17 23:50:35.250,pulse_batch,x,,,,,3,,4291,1097,1021,77,77,,8464656991241,
2026-08-17 23:50:35.270,pulse_batch,x,,,,,3,,4294,1100,1024,77,77,,8464677570511,
2026-08-17 23:50:35.295,pulse_batch,x,,,,,3,,4297,1103,1027,77,77,,8464701812444,
2026-08-17 23:50:35.315,pulse_batch,x,,,,,3,,4300,1106,1030,77,77,,8464722364789,
2026-08-17 23:50:35.336,pulse_batch,x,,,,,3,,4303,1109,1033,77,77,,8464742974651,
2026-08-17 23:50:35.357,pulse_batch,x,,,,,3,,4306,1112,1036,77,77,,8464763767364,
2026-08-17 23:50:35.377,pulse_batch,x,,,,,3,,4309,1115,1039,77,77,,8464784525650,
2026-08-17 23:50:35.398,pulse_batch,x,,,,,3,,4312,1118,1042,77,77,,8464804976107,
2026-08-17 23:50:35.419,pulse_batch,x,,,,,3,,4315,1121,1045,77,77,,8464826386590,
2026-08-17 23:50:35.440,pulse_batch,x,,,,,3,,4318,1124,1048,77,77,,8464846900602,
2026-08-17 23:50:35.460,pulse_batch,x,,,,,3,,4321,1127,1051,77,77,,8464867323485,
2026-08-17 23:50:35.483,pulse_batch,x,,,,,3,,4324,1130,1054,77,77,,8464889820327,
2026-08-17 23:50:35.503,pulse_batch,x,,,,,3,,4327,1133,1057,77,77,,8464910305672,
2026-08-17 23:50:35.524,pulse_batch,x,,,,,3,,4330,1136,1060,77,77,,8464930737148,
2026-08-17 23:50:35.544,pulse_batch,x,,,,,3,,4333,1139,1063,77,77,,8464951174123,
2026-08-17 23:50:35.568,pulse_batch,x,,,,,3,,4336,1142,1066,77,77,,8464974750767,
2026-08-17 23:50:35.588,pulse_batch,x,,,,,3,,4339,1145,1069,77,77,,8464995232816,
2026-08-17 23:50:35.609,pulse_batch,x,,,,,3,,4342,1148,1072,77,77,,8465016051566,
2026-08-17 23:50:35.630,pulse_batch,x,,,,,3,,4345,1151,1075,77,77,,8465036865537,
2026-08-17 23:50:35.650,pulse_batch,x,,,,,3,,4348,1154,1078,77,77,,8465057329771,
2026-08-17 23:50:35.671,pulse_batch,x,,,,,3,,4351,1157,1081,77,77,,8465077909930,
2026-08-17 23:50:35.696,pulse_batch,x,,,,,3,,4354,1160,1084,77,77,,8465102896837,
2026-08-17 23:50:35.716,pulse_batch,x,,,,,3,,4357,1163,1087,77,77,,8465123444570,
2026-08-17 23:50:35.737,pulse_batch,x,,,,,3,,4360,1166,1090,77,77,,8465143920471,
2026-08-17 23:50:35.757,pulse_batch,x,,,,,3,,4363,1169,1093,77,77,,8465164551093,
2026-08-17 23:50:35.779,pulse_batch,x,,,,,3,,4366,1172,1096,77,77,,8465185691653,
2026-08-17 23:50:35.799,pulse_batch,x,,,,,3,,4369,1175,1099,77,77,,8465206120925,
2026-08-17 23:50:35.820,pulse_batch,x,,,,,3,,4372,1178,1102,77,77,,8465226798287,
2026-08-17 23:50:35.840,pulse_batch,x,,,,,3,,4375,1181,1105,77,77,,8465247266299,
2026-08-17 23:50:35.861,pulse_batch,x,,,,,3,,4378,1184,1108,77,77,,8465267677312,
2026-08-17 23:50:35.883,pulse_batch,x,,,,,3,,4381,1187,1111,77,77,,8465290106747,
2026-08-17 23:50:35.904,pulse_batch,x,,,,,3,,4384,1190,1114,77,77,,8465310728702,
2026-08-17 23:50:35.924,pulse_batch,x,,,,,3,,4387,1193,1117,77,77,,8465331158974,
2026-08-17 23:50:35.944,pulse_batch,x,,,,,3,,4390,1196,1120,77,77,,8465351642430,
2026-08-17 23:50:35.968,pulse_batch,x,,,,,3,,4393,1199,1123,77,77,,8465374706099,
2026-08-17 23:50:35.988,pulse_batch,x,,,,,3,,4396,1202,1126,77,77,,8465395174000,
2026-08-17 23:50:36.010,pulse_batch,x,,,,,3,,4399,1205,1129,77,77,,8465416907479,
2026-08-17 23:50:36.031,pulse_batch,x,,,,,3,,4402,1208,1132,77,77,,8465437707951,
2026-08-17 23:50:36.051,pulse_batch,x,,,,,3,,4405,1211,1135,77,77,,8465458311870,
2026-08-17 23:50:36.072,pulse_batch,x,,,,,3,,4408,1214,1138,77,77,,8465478776808,
2026-08-17 23:50:36.093,pulse_batch,x,,,,,3,,4411,1217,1141,77,77,,8465500591843,
2026-08-17 23:50:36.114,pulse_batch,x,,,,,3,,4414,1220,1144,77,77,,8465521260631,
2026-08-17 23:50:36.134,pulse_batch,x,,,,,3,,4417,1223,1147,77,77,,8465541646070,
2026-08-17 23:50:36.157,pulse_batch,x,,,,,3,,4420,1226,1150,77,77,,8465563950099,
2026-08-17 23:50:36.177,pulse_batch,x,,,,,3,,4423,1229,1153,77,77,,8465584499481,
2026-08-17 23:50:36.198,pulse_batch,x,,,,,3,,4426,1232,1156,77,77,,8465605002938,
2026-08-17 23:50:36.220,pulse_batch,x,,,,,3,,4429,1235,1159,77,77,,8465627076117,
2026-08-17 23:50:36.240,pulse_batch,x,,,,,3,,4432,1238,1162,77,77,,8465647598685,
2026-08-17 23:50:36.261,pulse_batch,x,,,,,3,,4435,1241,1165,77,77,,8465668028550,
2026-08-17 23:50:36.283,pulse_batch,x,,,,,3,,4438,1244,1168,77,77,,8465690305394,
2026-08-17 23:50:36.304,pulse_batch,x,,,,,3,,4441,1247,1171,77,77,,8465710905442,
2026-08-17 23:50:36.324,pulse_batch,x,,,,,3,,4444,1250,1174,77,77,,8465731346918,
2026-08-17 23:50:36.348,pulse_batch,x,,,,,3,,4447,1253,1177,77,77,,8465755274799,
2026-08-17 23:50:36.369,pulse_batch,x,,,,,3,,4450,1256,1180,77,77,,8465775864384,
2026-08-17 23:50:36.389,pulse_batch,x,,,,,3,,4453,1259,1183,77,77,,8465796318971,
2026-08-17 23:50:36.410,pulse_batch,x,,,,,3,,4456,1262,1186,77,77,,8465817184979,
2026-08-17 23:50:36.431,pulse_batch,x,,,,,3,,4459,1265,1189,77,77,,8465838438779,
2026-08-17 23:50:36.452,pulse_batch,x,,,,,3,,4462,1268,1192,77,77,,8465858905458,
2026-08-17 23:50:36.473,pulse_batch,x,,,,,3,,4465,1271,1195,77,77,,8465880075278,
2026-08-17 23:50:36.494,pulse_batch,x,,,,,3,,4468,1274,1198,77,77,,8465901385225,
2026-08-17 23:50:36.515,pulse_batch,x,,,,,3,,4471,1277,1201,77,77,,8465921975144,
2026-08-17 23:50:36.535,pulse_batch,x,,,,,3,,4474,1280,1204,77,77,,8465942378990,
2026-08-17 23:50:36.557,pulse_batch,x,,,,,3,,4477,1283,1207,77,77,,8465964133026,
2026-08-17 23:50:36.579,pulse_batch,x,,,,,3,,4480,1286,1210,77,77,,8465986474758,
2026-08-17 23:50:36.600,pulse_batch,x,,,,,3,,4483,1289,1213,77,77,,8466006912863,
2026-08-17 23:50:36.620,pulse_batch,x,,,,,3,,4486,1292,1216,77,77,,8466027536171,
2026-08-17 23:50:36.643,pulse_batch,x,,,,,3,,4489,1295,1219,77,77,,8466050441600,
2026-08-17 23:50:36.664,pulse_batch,x,,,,,3,,4492,1298,1222,77,77,,8466070866891,
2026-08-17 23:50:36.688,pulse_batch,x,,,,,3,,4495,1301,1225,77,77,,8466095265045,
2026-08-17 23:50:36.709,pulse_batch,x,,,,,3,,4498,1304,1228,77,77,,8466116045998,
2026-08-17 23:50:36.729,pulse_batch,x,,,,,3,,4501,1307,1231,77,77,,8466136569621,
2026-08-17 23:50:36.754,pulse_batch,x,,,,,3,,4504,1310,1234,77,77,,8466160985497,
2026-08-17 23:50:36.774,pulse_batch,x,,,,,3,,4507,1313,1237,77,77,,8466181520305,
2026-08-17 23:50:36.795,pulse_batch,x,,,,,3,,4510,1316,1240,77,77,,8466201968022,
2026-08-17 23:50:36.817,pulse_batch,x,,,,,3,,4513,1319,1243,77,77,,8466224529233,
2026-08-17 23:50:36.838,pulse_batch,x,,,,,3,,4516,1322,1246,77,77,,8466245072578,
2026-08-17 23:50:36.858,pulse_batch,x,,,,,3,,4519,1325,1249,77,77,,8466265544720,
2026-08-17 23:50:36.879,pulse_batch,x,,,,,3,,4522,1328,1252,77,77,,8466286004214,
2026-08-17 23:50:36.901,pulse_batch,x,,,,,3,,4525,1331,1255,77,77,,8466308294929,
2026-08-17 23:50:36.922,pulse_batch,x,,,,,3,,4528,1334,1258,77,77,,8466328752923,
2026-08-17 23:50:36.942,pulse_batch,x,,,,,3,,4531,1337,1261,77,77,,8466349225435,
2026-08-17 23:50:36.964,pulse_batch,x,,,,,3,,4534,1340,1264,77,77,,8466371213949,
2026-08-17 23:50:36.985,pulse_batch,x,,,,,3,,4537,1343,1267,77,77,,8466391678147,
2026-08-17 23:50:37.005,pulse_batch,x,,,,,3,,4540,1346,1270,77,77,,8466412412786,
2026-08-17 23:50:37.023,pulse_batch,x,,,,,2,,4542,1348,1272,77,77,,8466430170959,
2026-08-17 23:50:37.023,move_finish,x,,,5,,,,4542,1348,1272,77,77,,8466430526992,
2026-08-17 23:50:37.476,approach_source_finish,x,2,stored,,,,-1,,1348,1272,77,77,1272,,
2026-08-17 23:50:37.476,approach_source_finish,y,2,stored,,,,1,,-60,-56,0,4,-56,,
2026-08-17 23:50:37.480,move_start,y,,,6,18,,1,1500,-60,-56,0,4,,8466887277220,
2026-08-17 23:50:37.480,move_start,x,,,6,-164,,-1,4542,1348,1272,77,77,,8466887348904,
2026-08-17 23:50:37.484,pulse_batch,x,,,,,-1,,4543,1347,1272,76,77,,8466891125288,
2026-08-17 23:50:37.484,pulse_batch,y,,,,,1,,1501,-59,-56,1,4,,8466891337045,
2026-08-17 23:50:37.505,pulse_batch,x,,,,,-3,,4546,1344,1272,73,77,,8466911847150,
2026-08-17 23:50:37.505,pulse_batch,y,,,,,3,,1504,-56,-56,4,4,,8466912060592,
2026-08-17 23:50:37.525,pulse_batch,x,,,,,-3,,4549,1341,1272,70,77,,8466932342440,
2026-08-17 23:50:37.525,pulse_batch,y,,,,,3,,1507,-53,-53,4,4,,8466932510253,
2026-08-17 23:50:37.546,pulse_batch,y,,,,,3,,1510,-50,-50,4,4,,8466952986044,
2026-08-17 23:50:37.546,pulse_batch,x,,,,,-3,,4552,1338,1272,67,77,,8466953118339,
2026-08-17 23:50:37.567,pulse_batch,y,,,,,3,,1513,-47,-47,4,4,,8466973573889,
2026-08-17 23:50:37.567,pulse_batch,x,,,,,-3,,4555,1335,1272,64,77,,8466974016013,
2026-08-17 23:50:37.587,pulse_batch,y,,,,,3,,1516,-44,-44,4,4,,8466994098197,
2026-08-17 23:50:37.587,pulse_batch,x,,,,,-3,,4558,1332,1272,61,77,,8466994408934,
2026-08-17 23:50:37.605,pulse_batch,y,,,,,2,,1518,-42,-42,4,4,,8467011554466,
2026-08-17 23:50:37.605,move_finish,y,,,6,,,,1518,-42,-42,4,4,,8467012128515,
2026-08-17 23:50:37.608,pulse_batch,x,,,,,-3,,4561,1329,1272,58,77,,8467015101315,
2026-08-17 23:50:37.630,pulse_batch,x,,,,,-3,,4564,1326,1272,55,77,,8467037142588,
2026-08-17 23:50:37.651,pulse_batch,x,,,,,-3,,4567,1323,1272,52,77,,8467057981800,
2026-08-17 23:50:37.673,pulse_batch,x,,,,,-3,,4570,1320,1272,49,77,,8467079790446,
2026-08-17 23:50:37.694,pulse_batch,x,,,,,-3,,4573,1317,1272,46,77,,8467101267726,
2026-08-17 23:50:37.715,pulse_batch,x,,,,,-3,,4576,1314,1272,43,77,,8467121755516,
2026-08-17 23:50:37.735,pulse_batch,x,,,,,-3,,4579,1311,1272,40,77,,8467142206474,
2026-08-17 23:50:37.756,pulse_batch,x,,,,,-3,,4582,1308,1272,37,77,,8467162834133,
2026-08-17 23:50:37.776,pulse_batch,x,,,,,-3,,4585,1305,1272,34,77,,8467183316645,
2026-08-17 23:50:37.797,pulse_batch,x,,,,,-3,,4588,1302,1272,31,77,,8467203733788,
2026-08-17 23:50:37.819,pulse_batch,x,,,,,-3,,4591,1299,1272,28,77,,8467226393999,
2026-08-17 23:50:37.840,pulse_batch,x,,,,,-3,,4594,1296,1272,25,77,,8467247005825,
2026-08-17 23:50:37.860,pulse_batch,x,,,,,-3,,4597,1293,1272,22,77,,8467267483189,
2026-08-17 23:50:37.885,pulse_batch,x,,,,,-3,,4600,1290,1272,19,77,,8467291795511,
2026-08-17 23:50:37.908,pulse_batch,x,,,,,-3,,4603,1287,1272,16,77,,8467314955772,
2026-08-17 23:50:37.928,pulse_batch,x,,,,,-3,,4606,1284,1272,13,77,,8467335450710,
2026-08-17 23:50:37.949,pulse_batch,x,,,,,-3,,4609,1281,1272,10,77,,8467356056888,
2026-08-17 23:50:37.969,pulse_batch,x,,,,,-3,,4612,1278,1272,7,77,,8467376621085,
2026-08-17 23:50:37.990,pulse_batch,x,,,,,-3,,4615,1275,1272,4,77,,8467397130949,
2026-08-17 23:50:38.010,pulse_batch,x,,,,,-3,,4618,1272,1272,1,77,,8467417586814,
2026-08-17 23:50:38.032,pulse_batch,x,,,,,-3,,4621,1269,1270,0,77,,8467439520181,
2026-08-17 23:50:38.053,pulse_batch,x,,,,,-3,,4624,1266,1267,0,77,,8467460181026,
2026-08-17 23:50:38.074,pulse_batch,x,,,,,-3,,4627,1263,1264,0,77,,8467480636298,
2026-08-17 23:50:38.095,pulse_batch,x,,,,,-3,,4630,1260,1261,0,77,,8467502521758,
2026-08-17 23:50:38.117,pulse_batch,x,,,,,-3,,4633,1257,1258,0,77,,8467524102740,
2026-08-17 23:50:38.138,pulse_batch,x,,,,,-3,,4636,1254,1255,0,77,,8467544638586,
2026-08-17 23:50:38.159,pulse_batch,x,,,,,-3,,4639,1251,1252,0,77,,8467565899164,
2026-08-17 23:50:38.179,pulse_batch,x,,,,,-3,,4642,1248,1249,0,77,,8467586463010,
2026-08-17 23:50:38.200,pulse_batch,x,,,,,-3,,4645,1245,1246,0,77,,8467606927615,
2026-08-17 23:50:38.222,pulse_batch,x,,,,,-3,,4648,1242,1243,0,77,,8467629118202,
2026-08-17 23:50:38.243,pulse_batch,x,,,,,-3,,4651,1239,1240,0,77,,8467649743436,
2026-08-17 23:50:38.263,pulse_batch,x,,,,,-3,,4654,1236,1237,0,77,,8467670200171,
2026-08-17 23:50:38.285,pulse_batch,x,,,,,-3,,4657,1233,1234,0,77,,8467692289036,
2026-08-17 23:50:38.306,pulse_batch,x,,,,,-3,,4660,1230,1231,0,77,,8467712870974,
2026-08-17 23:50:38.326,pulse_batch,x,,,,,-3,,4663,1227,1228,0,77,,8467733324580,
2026-08-17 23:50:38.347,pulse_batch,x,,,,,-3,,4666,1224,1225,0,77,,8467754026664,
2026-08-17 23:50:38.369,pulse_batch,x,,,,,-3,,4669,1221,1222,0,77,,8467776189788,
2026-08-17 23:50:38.390,pulse_batch,x,,,,,-3,,4672,1218,1219,0,77,,8467796700190,
2026-08-17 23:50:38.410,pulse_batch,x,,,,,-3,,4675,1215,1216,0,77,,8467817411830,
2026-08-17 23:50:38.433,pulse_batch,x,,,,,-3,,4678,1212,1213,0,77,,8467839610861,
2026-08-17 23:50:38.453,pulse_batch,x,,,,,-3,,4681,1209,1210,0,77,,8467860120281,
2026-08-17 23:50:38.473,pulse_batch,x,,,,,-3,,4684,1206,1207,0,77,,8467880528091,
2026-08-17 23:50:38.496,pulse_batch,x,,,,,-3,,4687,1203,1204,0,77,,8467902853287,
2026-08-17 23:50:38.516,pulse_batch,x,,,,,-3,,4690,1200,1201,0,77,,8467923358040,
2026-08-17 23:50:38.537,pulse_batch,x,,,,,-3,,4693,1197,1198,0,77,,8467943790368,
2026-08-17 23:50:38.557,pulse_batch,x,,,,,-3,,4696,1194,1195,0,77,,8467964385713,
2026-08-17 23:50:38.578,pulse_batch,x,,,,,-3,,4699,1191,1192,0,77,,8467984903356,
2026-08-17 23:50:38.598,pulse_batch,x,,,,,-3,,4702,1188,1189,0,77,,8468005321332,
2026-08-17 23:50:38.619,pulse_batch,x,,,,,-3,,4705,1185,1186,0,77,,8468026099416,
2026-08-17 23:50:38.629,pulse_batch,x,,,,,-1,,4706,1184,1185,0,77,,8468036364042,
2026-08-17 23:50:38.629,move_finish,x,,,6,,,,4706,1184,1185,0,77,,8468036548651,
2026-08-17 23:50:39.080,target_finish,x,2,stored,,,,,,1184,1185,0,77,1185,,ok=True
2026-08-17 23:50:39.080,target_finish,y,2,stored,,,,,,-42,-42,4,4,-42,,ok=True
2026-08-17 23:50:42.091,target_start,x,3,stored,,,,,,1184,1185,0,77,1157,,
2026-08-17 23:50:42.091,target_start,y,3,stored,,,,,,-42,-42,4,4,-407,,
2026-08-17 23:50:42.091,approach_source_start,x,3,stored,,,,-1,,1184,1185,0,77,1244,,
2026-08-17 23:50:42.091,approach_source_start,y,3,stored,,,,-1,,-42,-42,4,4,-393,,
2026-08-17 23:50:42.095,move_start,y,,,7,-355,,-1,1518,-42,-42,4,4,,8471502617831,
2026-08-17 23:50:42.096,move_start,x,,,7,136,,1,4706,1184,1185,0,77,,8471502871810,
2026-08-17 23:50:42.099,pulse_batch,y,,,,,-1,,1519,-43,-42,3,4,,8471506546473,
2026-08-17 23:50:42.100,pulse_batch,x,,,,,1,,4707,1185,1185,1,77,,8471506599935,
2026-08-17 23:50:42.120,pulse_batch,x,,,,,3,,4710,1188,1185,4,77,,8471527234170,
2026-08-17 23:50:42.122,pulse_batch,y,,,,,-3,,1522,-46,-42,0,4,,8471529137038,
2026-08-17 23:50:42.141,pulse_batch,x,,,,,3,,4713,1191,1185,7,77,,8471547683017,
2026-08-17 23:50:42.143,pulse_batch,y,,,,,-3,,1525,-49,-45,0,4,,8471549608904,
2026-08-17 23:50:42.163,pulse_batch,x,,,,,3,,4716,1194,1185,10,77,,8471570422544,
2026-08-17 23:50:42.163,pulse_batch,y,,,,,-3,,1528,-52,-48,0,4,,8471570496580,
2026-08-17 23:50:42.184,pulse_batch,x,,,,,3,,4719,1197,1185,13,77,,8471590916928,
2026-08-17 23:50:42.184,pulse_batch,y,,,,,-3,,1531,-55,-51,0,4,,8471591020760,
2026-08-17 23:50:42.204,pulse_batch,x,,,,,3,,4722,1200,1185,16,77,,8471611335683,
2026-08-17 23:50:42.204,pulse_batch,y,,,,,-3,,1534,-58,-54,0,4,,8471611447330,
2026-08-17 23:50:42.226,pulse_batch,x,,,,,3,,4725,1203,1185,19,77,,8471632761946,
2026-08-17 23:50:42.226,pulse_batch,y,,,,,-3,,1537,-61,-57,0,4,,8471633092072,
2026-08-17 23:50:42.246,pulse_batch,x,,,,,3,,4728,1206,1185,22,77,,8471653268589,
2026-08-17 23:50:42.246,pulse_batch,y,,,,,-3,,1540,-64,-60,0,4,,8471653497235,
2026-08-17 23:50:42.267,pulse_batch,x,,,,,3,,4731,1209,1185,25,77,,8471673672789,
2026-08-17 23:50:42.267,pulse_batch,y,,,,,-3,,1543,-67,-63,0,4,,8471673870695,
2026-08-17 23:50:42.287,pulse_batch,x,,,,,3,,4734,1212,1185,28,77,,8471694183896,
2026-08-17 23:50:42.289,pulse_batch,y,,,,,-3,,1546,-70,-66,0,4,,8471694555818,
2026-08-17 23:50:42.308,pulse_batch,x,,,,,3,,4737,1215,1185,31,77,,8471714712539,
2026-08-17 23:50:42.311,pulse_batch,y,,,,,-3,,1549,-73,-69,0,4,,8471718116872,
2026-08-17 23:50:42.328,pulse_batch,x,,,,,3,,4740,1218,1185,34,77,,8471735344125,
2026-08-17 23:50:42.331,pulse_batch,y,,,,,-3,,1552,-76,-72,0,4,,8471738543571,
2026-08-17 23:50:42.349,pulse_batch,x,,,,,3,,4743,1221,1185,37,77,,8471755781344,
2026-08-17 23:50:42.352,pulse_batch,y,,,,,-3,,1555,-79,-75,0,4,,8471758959568,
2026-08-17 23:50:42.370,pulse_batch,x,,,,,3,,4746,1224,1185,40,77,,8471776730945,
2026-08-17 23:50:42.373,pulse_batch,y,,,,,-3,,1558,-82,-78,0,4,,8471780140852,
2026-08-17 23:50:42.390,pulse_batch,x,,,,,3,,4749,1227,1185,43,77,,8471797498308,
2026-08-17 23:50:42.393,pulse_batch,y,,,,,-3,,1561,-85,-81,0,4,,8471800588810,
2026-08-17 23:50:42.413,pulse_batch,x,,,,,3,,4752,1230,1185,46,77,,8471820071132,
2026-08-17 23:50:42.414,pulse_batch,y,,,,,-3,,1564,-88,-84,0,4,,8471821032010,
2026-08-17 23:50:42.433,pulse_batch,x,,,,,3,,4755,1233,1185,49,77,,8471840584516,
2026-08-17 23:50:42.434,pulse_batch,y,,,,,-3,,1567,-91,-87,0,4,,8471841556672,
2026-08-17 23:50:42.454,pulse_batch,x,,,,,3,,4758,1236,1185,52,77,,8471861160418,
2026-08-17 23:50:42.455,pulse_batch,y,,,,,-3,,1570,-94,-90,0,4,,8471862032612,
2026-08-17 23:50:42.474,pulse_batch,x,,,,,3,,4761,1239,1185,55,77,,8471881564988,
2026-08-17 23:50:42.475,pulse_batch,y,,,,,-3,,1573,-97,-93,0,4,,8471882436534,
2026-08-17 23:50:42.495,pulse_batch,x,,,,,3,,4764,1242,1185,58,77,,8471902592441,
2026-08-17 23:50:42.498,pulse_batch,y,,,,,-3,,1576,-100,-96,0,4,,8471905158875,
2026-08-17 23:50:42.516,pulse_batch,x,,,,,3,,4767,1245,1185,61,77,,8471923059233,
2026-08-17 23:50:42.518,pulse_batch,y,,,,,-3,,1579,-103,-99,0,4,,8471925647259,
2026-08-17 23:50:42.536,pulse_batch,x,,,,,3,,4770,1248,1185,64,77,,8471943434229,
2026-08-17 23:50:42.539,pulse_batch,y,,,,,-3,,1582,-106,-102,0,4,,8471946021552,
2026-08-17 23:50:42.557,pulse_batch,x,,,,,3,,4773,1251,1185,67,77,,8471963990020,
2026-08-17 23:50:42.560,pulse_batch,y,,,,,-3,,1585,-109,-105,0,4,,8471966793304,
2026-08-17 23:50:42.577,pulse_batch,x,,,,,3,,4776,1254,1185,70,77,,8471984488775,
2026-08-17 23:50:42.580,pulse_batch,y,,,,,-3,,1588,-112,-108,0,4,,8471987216967,
2026-08-17 23:50:42.598,pulse_batch,x,,,,,3,,4779,1257,1185,73,77,,8472004956196,
2026-08-17 23:50:42.600,pulse_batch,y,,,,,-3,,1591,-115,-111,0,4,,8472007655574,
2026-08-17 23:50:42.618,pulse_batch,x,,,,,3,,4782,1260,1185,76,77,,8472025374100,
2026-08-17 23:50:42.623,pulse_batch,y,,,,,-3,,1594,-118,-114,0,4,,8472029750200,
2026-08-17 23:50:42.643,pulse_batch,x,,,,,3,,4785,1263,1187,77,77,,8472050411434,
2026-08-17 23:50:42.643,pulse_batch,y,,,,,-3,,1597,-121,-117,0,4,,8472050580543,
2026-08-17 23:50:42.664,pulse_batch,x,,,,,3,,4788,1266,1190,77,77,,8472070855911,
2026-08-17 23:50:42.664,pulse_batch,y,,,,,-3,,1600,-124,-120,0,4,,8472071064891,
2026-08-17 23:50:42.684,pulse_batch,x,,,,,3,,4791,1269,1193,77,77,,8472091317889,
2026-08-17 23:50:42.684,pulse_batch,y,,,,,-3,,1603,-127,-123,0,4,,8472091525738,
2026-08-17 23:50:42.707,pulse_batch,y,,,,,-3,,1606,-130,-126,0,4,,8472114089136,
2026-08-17 23:50:42.707,pulse_batch,x,,,,,3,,4794,1272,1196,77,77,,8472114615297,
2026-08-17 23:50:42.727,pulse_batch,y,,,,,-3,,1609,-133,-129,0,4,,8472134562095,
2026-08-17 23:50:42.728,pulse_batch,x,,,,,3,,4797,1275,1199,77,77,,8472135008794,
2026-08-17 23:50:42.748,pulse_batch,y,,,,,-3,,1612,-136,-132,0,4,,8472155026146,
2026-08-17 23:50:42.748,pulse_batch,x,,,,,3,,4800,1278,1202,77,77,,8472155414975,
2026-08-17 23:50:42.771,pulse_batch,x,,,,,3,,4803,1281,1205,77,77,,8472177787894,
2026-08-17 23:50:42.771,pulse_batch,y,,,,,-3,,1615,-139,-135,0,4,,8472178195945,
2026-08-17 23:50:42.791,pulse_batch,x,,,,,3,,4806,1284,1208,77,77,,8472198293482,
2026-08-17 23:50:42.791,pulse_batch,y,,,,,-3,,1618,-142,-138,0,4,,8472198636701,
2026-08-17 23:50:42.812,pulse_batch,y,,,,,-3,,1621,-145,-141,0,4,,8472219056326,
2026-08-17 23:50:42.812,pulse_batch,x,,,,,3,,4809,1287,1211,77,77,,8472219273102,
2026-08-17 23:50:42.833,pulse_batch,y,,,,,-3,,1624,-148,-144,0,4,,8472239825745,
2026-08-17 23:50:42.833,pulse_batch,x,,,,,3,,4812,1290,1214,77,77,,8472240049890,
2026-08-17 23:50:42.853,pulse_batch,y,,,,,-3,,1627,-151,-147,0,4,,8472260390832,
2026-08-17 23:50:42.854,pulse_batch,x,,,,,3,,4815,1293,1217,77,77,,8472261674095,
2026-08-17 23:50:42.874,pulse_batch,y,,,,,-3,,1630,-154,-150,0,4,,8472280781773,
2026-08-17 23:50:42.875,pulse_batch,x,,,,,3,,4818,1296,1220,77,77,,8472282058610,
2026-08-17 23:50:42.898,pulse_batch,y,,,,,-3,,1633,-157,-153,0,4,,8472305334557,
2026-08-17 23:50:42.898,pulse_batch,x,,,,,3,,4821,1299,1223,77,77,,8472305207576,
2026-08-17 23:50:42.919,pulse_batch,x,,,,,3,,4824,1302,1226,77,77,,8472325757516,
2026-08-17 23:50:42.919,pulse_batch,y,,,,,-3,,1636,-160,-156,0,4,,8472325935125,
2026-08-17 23:50:42.939,pulse_batch,x,,,,,3,,4827,1305,1229,77,77,,8472346151938,
2026-08-17 23:50:42.939,pulse_batch,y,,,,,-3,,1639,-163,-159,0,4,,8472346308418,
2026-08-17 23:50:42.961,pulse_batch,y,,,,,-3,,1642,-166,-162,0,4,,8472367909679,
2026-08-17 23:50:42.961,pulse_batch,x,,,,,3,,4830,1308,1232,77,77,,8472368175102,
2026-08-17 23:50:42.983,pulse_batch,x,,,,,3,,4833,1311,1235,77,77,,8472389811936,
2026-08-17 23:50:42.983,pulse_batch,y,,,,,-3,,1645,-169,-165,0,4,,8472389992860,
2026-08-17 23:50:43.003,pulse_batch,x,,,,,3,,4836,1314,1238,77,77,,8472410289876,
2026-08-17 23:50:43.003,pulse_batch,y,,,,,-3,,1648,-172,-168,0,4,,8472410506929,
2026-08-17 23:50:43.024,pulse_batch,y,,,,,-3,,1651,-175,-171,0,4,,8472431521993,
2026-08-17 23:50:43.025,pulse_batch,x,,,,,3,,4839,1317,1241,77,77,,8472431735232,
2026-08-17 23:50:43.045,pulse_batch,y,,,,,-3,,1654,-178,-174,0,4,,8472452380966,
2026-08-17 23:50:43.045,pulse_batch,x,,,,,3,,4842,1320,1244,77,77,,8472452311689,
2026-08-17 23:50:43.049,move_finish,x,,,7,,,,4842,1320,1244,77,77,,8472455741114,
2026-08-17 23:50:43.066,pulse_batch,y,,,,,-3,,1657,-181,-177,0,4,,8472472867888,
2026-08-17 23:50:43.086,pulse_batch,y,,,,,-3,,1660,-184,-180,0,4,,8472493589603,
2026-08-17 23:50:43.109,pulse_batch,y,,,,,-3,,1663,-187,-183,0,4,,8472516339204,
2026-08-17 23:50:43.130,pulse_batch,y,,,,,-3,,1666,-190,-186,0,4,,8472537122678,
2026-08-17 23:50:43.151,pulse_batch,y,,,,,-3,,1669,-193,-189,0,4,,8472557631155,
2026-08-17 23:50:43.174,pulse_batch,y,,,,,-3,,1672,-196,-192,0,4,,8472581427206,
2026-08-17 23:50:43.196,pulse_batch,y,,,,,-3,,1675,-199,-195,0,4,,8472602980431,
2026-08-17 23:50:43.216,pulse_batch,y,,,,,-3,,1678,-202,-198,0,4,,8472623538019,
2026-08-17 23:50:43.238,pulse_batch,y,,,,,-3,,1681,-205,-201,0,4,,8472644697822,
2026-08-17 23:50:43.258,pulse_batch,y,,,,,-3,,1684,-208,-204,0,4,,8472665198391,
2026-08-17 23:50:43.278,pulse_batch,y,,,,,-3,,1687,-211,-207,0,4,,8472685624406,
2026-08-17 23:50:43.303,pulse_batch,y,,,,,-3,,1690,-214,-210,0,4,,8472709942508,
2026-08-17 23:50:43.323,pulse_batch,y,,,,,-3,,1693,-217,-213,0,4,,8472730552206,
2026-08-17 23:50:43.344,pulse_batch,y,,,,,-3,,1696,-220,-216,0,4,,8472751099016,
2026-08-17 23:50:43.365,pulse_batch,y,,,,,-3,,1699,-223,-219,0,4,,8472771642937,
2026-08-17 23:50:43.385,pulse_batch,y,,,,,-3,,1702,-226,-222,0,4,,8472792196895,
2026-08-17 23:50:43.406,pulse_batch,y,,,,,-3,,1705,-229,-225,0,4,,8472812683020,
2026-08-17 23:50:43.427,pulse_batch,y,,,,,-3,,1708,-232,-228,0,4,,8472834068432,
2026-08-17 23:50:43.447,pulse_batch,y,,,,,-3,,1711,-235,-231,0,4,,8472854578760,
2026-08-17 23:50:43.468,pulse_batch,y,,,,,-3,,1714,-238,-234,0,4,,8472874989090,
2026-08-17 23:50:43.490,pulse_batch,y,,,,,-3,,1717,-241,-237,0,4,,8472895496438,
2026-08-17 23:50:43.509,pulse_batch,y,,,,,-3,,1720,-244,-240,0,4,,8472916128135,
2026-08-17 23:50:43.529,pulse_batch,y,,,,,-3,,1723,-247,-243,0,4,,8472936631724,
2026-08-17 23:50:43.550,pulse_batch,y,,,,,-3,,1726,-250,-246,0,4,,8472957066590,
2026-08-17 23:50:43.571,pulse_batch,y,,,,,-3,,1729,-253,-249,0,4,,8472977820490,
2026-08-17 23:50:43.591,pulse_batch,y,,,,,-3,,1732,-256,-252,0,4,,8472998318930,
2026-08-17 23:50:43.612,pulse_batch,y,,,,,-3,,1735,-259,-255,0,4,,8473018793630,
2026-08-17 23:50:43.634,pulse_batch,y,,,,,-3,,1738,-262,-258,0,4,,8473040893700,
2026-08-17 23:50:43.654,pulse_batch,y,,,,,-3,,1741,-265,-261,0,4,,8473061457177,
2026-08-17 23:50:43.675,pulse_batch,y,,,,,-3,,1744,-268,-264,0,4,,8473081854507,
2026-08-17 23:50:43.698,pulse_batch,y,,,,,-3,,1747,-271,-267,0,4,,8473105146027,
2026-08-17 23:50:43.719,pulse_batch,y,,,,,-3,,1750,-274,-270,0,4,,8473125700559,
2026-08-17 23:50:43.739,pulse_batch,y,,,,,-3,,1753,-277,-273,0,4,,8473146100445,
2026-08-17 23:50:43.760,pulse_batch,y,,,,,-3,,1756,-280,-276,0,4,,8473167575244,
2026-08-17 23:50:43.781,pulse_batch,y,,,,,-3,,1759,-283,-279,0,4,,8473188135054,
2026-08-17 23:50:43.801,pulse_batch,y,,,,,-3,,1762,-286,-282,0,4,,8473208573161,
2026-08-17 23:50:43.825,pulse_batch,y,,,,,-3,,1765,-289,-285,0,4,,8473231936070,
2026-08-17 23:50:43.848,pulse_batch,y,,,,,-3,,1768,-292,-288,0,4,,8473254944464,
2026-08-17 23:50:43.868,pulse_batch,y,,,,,-3,,1771,-295,-291,0,4,,8473275375627,
2026-08-17 23:50:43.890,pulse_batch,y,,,,,-3,,1774,-298,-294,0,4,,8473297562363,
2026-08-17 23:50:43.912,pulse_batch,y,,,,,-3,,1777,-301,-297,0,4,,8473319338437,
2026-08-17 23:50:43.933,pulse_batch,y,,,,,-3,,1780,-304,-300,0,4,,8473339771415,
2026-08-17 23:50:43.953,pulse_batch,y,,,,,-3,,1783,-307,-303,0,4,,8473360209559,
2026-08-17 23:50:43.974,pulse_batch,y,,,,,-3,,1786,-310,-306,0,4,,8473381593397,
2026-08-17 23:50:43.995,pulse_batch,y,,,,,-3,,1789,-313,-309,0,4,,8473402038819,
2026-08-17 23:50:44.016,pulse_batch,y,,,,,-3,,1792,-316,-312,0,4,,8473422768497,
2026-08-17 23:50:44.036,pulse_batch,y,,,,,-3,,1795,-319,-315,0,4,,8473443281697,
2026-08-17 23:50:44.057,pulse_batch,y,,,,,-3,,1798,-322,-318,0,4,,8473463908191,
2026-08-17 23:50:44.077,pulse_batch,y,,,,,-3,,1801,-325,-321,0,4,,8473484301670,
2026-08-17 23:50:44.098,pulse_batch,y,,,,,-3,,1804,-328,-324,0,4,,8473504943182,
2026-08-17 23:50:44.118,pulse_batch,y,,,,,-3,,1807,-331,-327,0,4,,8473525547196,
2026-08-17 23:50:44.139,pulse_batch,y,,,,,-3,,1810,-334,-330,0,4,,8473545935841,
2026-08-17 23:50:44.161,pulse_batch,y,,,,,-3,,1813,-337,-333,0,4,,8473567888691,
2026-08-17 23:50:44.181,pulse_batch,y,,,,,-3,,1816,-340,-336,0,4,,8473588380335,
2026-08-17 23:50:44.202,pulse_batch,y,,,,,-3,,1819,-343,-339,0,4,,8473608799610,
2026-08-17 23:50:44.225,pulse_batch,y,,,,,-3,,1822,-346,-342,0,4,,8473629378530,
2026-08-17 23:50:44.244,pulse_batch,y,,,,,-3,,1825,-349,-345,0,4,,8473651556841,
2026-08-17 23:50:44.265,pulse_batch,y,,,,,-3,,1828,-352,-348,0,4,,8473671989060,
2026-08-17 23:50:44.286,pulse_batch,y,,,,,-3,,1831,-355,-351,0,4,,8473692655461,
2026-08-17 23:50:44.308,pulse_batch,y,,,,,-3,,1834,-358,-354,0,4,,8473715064436,
2026-08-17 23:50:44.328,pulse_batch,y,,,,,-3,,1837,-361,-357,0,4,,8473735551673,
2026-08-17 23:50:44.349,pulse_batch,y,,,,,-3,,1840,-364,-360,0,4,,8473755979743,
2026-08-17 23:50:44.371,pulse_batch,y,,,,,-3,,1843,-367,-363,0,4,,8473778362367,
2026-08-17 23:50:44.392,pulse_batch,y,,,,,-3,,1846,-370,-366,0,4,,8473798827122,
2026-08-17 23:50:44.412,pulse_batch,y,,,,,-3,,1849,-373,-369,0,4,,8473819239323,
2026-08-17 23:50:44.433,pulse_batch,y,,,,,-3,,1852,-376,-372,0,4,,8473839915354,
2026-08-17 23:50:44.453,pulse_batch,y,,,,,-3,,1855,-379,-375,0,4,,8473860448979,
2026-08-17 23:50:44.474,pulse_batch,y,,,,,-3,,1858,-382,-378,0,4,,8473880838031,
2026-08-17 23:50:44.495,pulse_batch,y,,,,,-3,,1861,-385,-381,0,4,,8473901610006,
2026-08-17 23:50:44.515,pulse_batch,y,,,,,-3,,1864,-388,-384,0,4,,8473922105298,
2026-08-17 23:50:44.535,pulse_batch,y,,,,,-3,,1867,-391,-387,0,4,,8473942568739,
2026-08-17 23:50:44.558,pulse_batch,y,,,,,-3,,1870,-394,-390,0,4,,8473963045827,
2026-08-17 23:50:44.577,pulse_batch,y,,,,,-3,,1873,-397,-393,0,4,,8473983773747,
2026-08-17 23:50:44.580,move_finish,y,,,7,,,,1873,-397,-393,0,4,,8473987202931,
2026-08-17 23:50:45.017,approach_source_finish,x,3,stored,,,,-1,,1320,1244,77,77,1244,,
2026-08-17 23:50:45.017,approach_source_finish,y,3,stored,,,,-1,,-397,-393,0,4,-393,,
2026-08-17 23:50:45.020,move_start,x,,,8,-164,,-1,4842,1320,1244,77,77,,8474427484347,
2026-08-17 23:50:45.021,move_start,y,,,8,-14,,-1,1873,-397,-393,0,4,,8474427670104,
2026-08-17 23:50:45.024,pulse_batch,y,,,,,-1,,1874,-398,-394,0,4,,8474431380397,
2026-08-17 23:50:45.024,pulse_batch,x,,,,,-1,,4843,1319,1244,76,77,,8474431308249,
2026-08-17 23:50:45.045,pulse_batch,x,,,,,-3,,4846,1316,1244,73,77,,8474451942003,
2026-08-17 23:50:45.045,pulse_batch,y,,,,,-3,,1877,-401,-397,0,4,,8474452054317,
2026-08-17 23:50:45.065,pulse_batch,x,,,,,-3,,4849,1313,1244,70,77,,8474472371648,
2026-08-17 23:50:45.065,pulse_batch,y,,,,,-3,,1880,-404,-400,0,4,,8474472614738,
2026-08-17 23:50:45.086,pulse_batch,x,,,,,-3,,4852,1310,1244,67,77,,8474492829589,
2026-08-17 23:50:45.086,pulse_batch,y,,,,,-3,,1883,-407,-403,0,4,,8474493484286,
2026-08-17 23:50:45.106,pulse_batch,x,,,,,-3,,4855,1307,1244,64,77,,8474513403510,
2026-08-17 23:50:45.107,pulse_batch,y,,,,,-3,,1886,-410,-406,0,4,,8474514088947,
2026-08-17 23:50:45.117,pulse_batch,y,,,,,-1,,1887,-411,-407,0,4,,8474524305927,
2026-08-17 23:50:45.117,move_finish,y,,,8,,,,1887,-411,-407,0,4,,8474524512184,
2026-08-17 23:50:45.127,pulse_batch,x,,,,,-3,,4858,1304,1244,61,77,,8474534105078,
2026-08-17 23:50:45.147,pulse_batch,x,,,,,-3,,4861,1301,1244,58,77,,8474554522168,
2026-08-17 23:50:45.169,pulse_batch,x,,,,,-3,,4864,1298,1244,55,77,,8474575867896,
2026-08-17 23:50:45.189,pulse_batch,x,,,,,-3,,4867,1295,1244,52,77,,8474596561204,
2026-08-17 23:50:45.210,pulse_batch,x,,,,,-3,,4870,1292,1244,49,77,,8474616959313,
2026-08-17 23:50:45.231,pulse_batch,x,,,,,-3,,4873,1289,1244,46,77,,8474637730380,
2026-08-17 23:50:45.251,pulse_batch,x,,,,,-3,,4876,1286,1244,43,77,,8474658199506,
2026-08-17 23:50:45.271,pulse_batch,x,,,,,-3,,4879,1283,1244,40,77,,8474678627947,
2026-08-17 23:50:45.292,pulse_batch,x,,,,,-3,,4882,1280,1244,37,77,,8474699279201,
2026-08-17 23:50:45.313,pulse_batch,x,,,,,-3,,4885,1277,1244,34,77,,8474719965751,
2026-08-17 23:50:45.334,pulse_batch,x,,,,,-3,,4888,1274,1244,31,77,,8474740794928,
2026-08-17 23:50:45.354,pulse_batch,x,,,,,-3,,4891,1271,1244,28,77,,8474761149408,
2026-08-17 23:50:45.376,pulse_batch,x,,,,,-3,,4894,1268,1244,25,77,,8474783590493,
2026-08-17 23:50:45.397,pulse_batch,x,,,,,-3,,4897,1265,1244,22,77,,8474804049009,
2026-08-17 23:50:45.417,pulse_batch,x,,,,,-3,,4900,1262,1244,19,77,,8474824487413,
2026-08-17 23:50:45.440,pulse_batch,x,,,,,-3,,4903,1259,1244,16,77,,8474846632817,
2026-08-17 23:50:45.460,pulse_batch,x,,,,,-3,,4906,1256,1244,13,77,,8474867024407,
2026-08-17 23:50:45.480,pulse_batch,x,,,,,-3,,4909,1253,1244,10,77,,8474887446163,
2026-08-17 23:50:45.502,pulse_batch,x,,,,,-3,,4912,1250,1244,7,77,,8474909175923,
2026-08-17 23:50:45.523,pulse_batch,x,,,,,-3,,4915,1247,1244,4,77,,8474929690252,
2026-08-17 23:50:45.543,pulse_batch,x,,,,,-3,,4918,1244,1244,1,77,,8474950128212,
2026-08-17 23:50:45.564,pulse_batch,x,,,,,-3,,4921,1241,1242,0,77,,8474970889946,
2026-08-17 23:50:45.584,pulse_batch,x,,,,,-3,,4924,1238,1239,0,77,,8474991463238,
2026-08-17 23:50:45.605,pulse_batch,x,,,,,-3,,4927,1235,1236,0,77,,8475011897494,
2026-08-17 23:50:45.626,pulse_batch,x,,,,,-3,,4930,1232,1233,0,77,,8475032750616,
2026-08-17 23:50:45.646,pulse_batch,x,,,,,-3,,4933,1229,1230,0,77,,8475053365296,
2026-08-17 23:50:45.667,pulse_batch,x,,,,,-3,,4936,1226,1227,0,77,,8475073846477,
2026-08-17 23:50:45.687,pulse_batch,x,,,,,-3,,4939,1223,1224,0,77,,8475094403028,
2026-08-17 23:50:45.710,pulse_batch,x,,,,,-3,,4942,1220,1221,0,77,,8475116933817,
2026-08-17 23:50:45.730,pulse_batch,x,,,,,-3,,4945,1217,1218,0,77,,8475137440461,
2026-08-17 23:50:45.751,pulse_batch,x,,,,,-3,,4948,1214,1215,0,77,,8475158052974,
2026-08-17 23:50:45.772,pulse_batch,x,,,,,-3,,4951,1211,1212,0,77,,8475179555052,
2026-08-17 23:50:45.793,pulse_batch,x,,,,,-3,,4954,1208,1209,0,77,,8475200231620,
2026-08-17 23:50:45.814,pulse_batch,x,,,,,-3,,4957,1205,1206,0,77,,8475220964558,
2026-08-17 23:50:45.835,pulse_batch,x,,,,,-3,,4960,1202,1203,0,77,,8475242487432,
2026-08-17 23:50:45.857,pulse_batch,x,,,,,-3,,4963,1199,1200,0,77,,8475263903603,
2026-08-17 23:50:45.877,pulse_batch,x,,,,,-3,,4966,1196,1197,0,77,,8475284359174,
2026-08-17 23:50:45.898,pulse_batch,x,,,,,-3,,4969,1193,1194,0,77,,8475305217240,
2026-08-17 23:50:45.919,pulse_batch,x,,,,,-3,,4972,1190,1191,0,77,,8475325911882,
2026-08-17 23:50:45.939,pulse_batch,x,,,,,-3,,4975,1187,1188,0,77,,8475346375823,
2026-08-17 23:50:45.961,pulse_batch,x,,,,,-3,,4978,1184,1185,0,77,,8475368011455,
2026-08-17 23:50:45.982,pulse_batch,x,,,,,-3,,4981,1181,1182,0,77,,8475388627931,
2026-08-17 23:50:46.002,pulse_batch,x,,,,,-3,,4984,1178,1179,0,77,,8475409126631,
2026-08-17 23:50:46.022,pulse_batch,x,,,,,-3,,4987,1175,1176,0,77,,8475429630035,
2026-08-17 23:50:46.043,pulse_batch,x,,,,,-3,,4990,1172,1173,0,77,,8475450256974,
2026-08-17 23:50:46.064,pulse_batch,x,,,,,-3,,4993,1169,1170,0,77,,8475470816396,
2026-08-17 23:50:46.084,pulse_batch,x,,,,,-3,,4996,1166,1167,0,77,,8475491310781,
2026-08-17 23:50:46.105,pulse_batch,x,,,,,-3,,4999,1163,1164,0,77,,8475511906295,
2026-08-17 23:50:46.125,pulse_batch,x,,,,,-3,,5002,1160,1161,0,77,,8475532585975,
2026-08-17 23:50:46.146,pulse_batch,x,,,,,-3,,5005,1157,1158,0,77,,8475553056231,
2026-08-17 23:50:46.156,pulse_batch,x,,,,,-1,,5006,1156,1157,0,77,,8475563294692,
2026-08-17 23:50:46.156,move_finish,x,,,8,,,,5006,1156,1157,0,77,,8475563514875,
2026-08-17 23:50:46.553,target_finish,x,3,stored,,,,,,1156,1157,0,77,1157,,ok=True
2026-08-17 23:50:46.553,target_finish,y,3,stored,,,,,,-411,-407,0,4,-407,,ok=True
2026-08-17 23:50:49.564,target_start,x,4,stored,,,,,,1156,1157,0,77,682,,
2026-08-17 23:50:49.564,target_start,y,4,stored,,,,,,-411,-407,0,4,-436,,
2026-08-17 23:50:49.564,approach_source_start,x,4,stored,,,,-1,,1156,1157,0,77,769,,
2026-08-17 23:50:49.564,approach_source_start,y,4,stored,,,,-1,,-411,-407,0,4,-422,,
2026-08-17 23:50:49.568,move_start,x,,,9,-388,,-1,5006,1156,1157,0,77,,8478975209687,
2026-08-17 23:50:49.568,move_start,y,,,9,-15,,-1,1887,-411,-407,0,4,,8478975451462,
2026-08-17 23:50:49.572,pulse_batch,x,,,,,-1,,5007,1155,1156,0,77,,8478979073515,
2026-08-17 23:50:49.572,pulse_batch,y,,,,,-1,,1888,-412,-408,0,4,,8478979331808,
2026-08-17 23:50:49.593,pulse_batch,y,,,,,-3,,1891,-415,-411,0,4,,8479000168672,
2026-08-17 23:50:49.594,pulse_batch,x,,,,,-3,,5010,1152,1153,0,77,,8479000864683,
2026-08-17 23:50:49.613,pulse_batch,y,,,,,-3,,1894,-418,-414,0,4,,8479020597281,
2026-08-17 23:50:49.614,pulse_batch,x,,,,,-3,,5013,1149,1150,0,77,,8479021329236,
2026-08-17 23:50:49.634,pulse_batch,y,,,,,-3,,1897,-421,-417,0,4,,8479041476330,
2026-08-17 23:50:49.638,pulse_batch,x,,,,,-3,,5016,1146,1147,0,77,,8479044996736,
2026-08-17 23:50:49.655,pulse_batch,y,,,,,-3,,1900,-424,-420,0,4,,8479061915235,
2026-08-17 23:50:49.659,pulse_batch,x,,,,,-3,,5019,1143,1144,0,77,,8479066304743,
2026-08-17 23:50:49.672,pulse_batch,y,,,,,-2,,1902,-426,-422,0,4,,8479078981844,
2026-08-17 23:50:49.672,move_finish,y,,,9,,,,1902,-426,-422,0,4,,8479079207583,
2026-08-17 23:50:49.680,pulse_batch,x,,,,,-3,,5022,1140,1141,0,77,,8479086886461,
2026-08-17 23:50:49.700,pulse_batch,x,,,,,-3,,5025,1137,1138,0,77,,8479107617012,
2026-08-17 23:50:49.723,pulse_batch,x,,,,,-3,,5028,1134,1135,0,77,,8479130054821,
2026-08-17 23:50:49.743,pulse_batch,x,,,,,-3,,5031,1131,1132,0,77,,8479150515633,
2026-08-17 23:50:49.767,pulse_batch,x,,,,,-3,,5034,1128,1129,0,77,,8479174359409,
2026-08-17 23:50:49.788,pulse_batch,x,,,,,-3,,5037,1125,1126,0,77,,8479194832221,
2026-08-17 23:50:49.808,pulse_batch,x,,,,,-3,,5040,1122,1123,0,77,,8479215404402,
2026-08-17 23:50:49.830,pulse_batch,x,,,,,-3,,5043,1119,1120,0,77,,8479236691354,
2026-08-17 23:50:49.850,pulse_batch,x,,,,,-3,,5046,1116,1117,0,77,,8479257292332,
2026-08-17 23:50:49.871,pulse_batch,x,,,,,-3,,5049,1113,1114,0,77,,8479277758477,
2026-08-17 23:50:49.891,pulse_batch,x,,,,,-3,,5052,1110,1111,0,77,,8479298649526,
2026-08-17 23:50:49.913,pulse_batch,x,,,,,-3,,5055,1107,1108,0,77,,8479319769905,
2026-08-17 23:50:49.933,pulse_batch,x,,,,,-3,,5058,1104,1105,0,77,,8479340210792,
2026-08-17 23:50:49.954,pulse_batch,x,,,,,-3,,5061,1101,1102,0,77,,8479361113933,
2026-08-17 23:50:49.975,pulse_batch,x,,,,,-3,,5064,1098,1099,0,77,,8479381680022,
2026-08-17 23:50:49.998,pulse_batch,x,,,,,-3,,5067,1095,1096,0,77,,8479404963285,
2026-08-17 23:50:50.018,pulse_batch,x,,,,,-3,,5070,1092,1093,0,77,,8479425510948,
2026-08-17 23:50:50.040,pulse_batch,x,,,,,-3,,5073,1089,1090,0,77,,8479446839066,
2026-08-17 23:50:50.060,pulse_batch,x,,,,,-3,,5076,1086,1087,0,77,,8479467425193,
2026-08-17 23:50:50.081,pulse_batch,x,,,,,-3,,5079,1083,1084,0,77,,8479487867746,
2026-08-17 23:50:50.101,pulse_batch,x,,,,,-3,,5082,1080,1081,0,77,,8479508482965,
2026-08-17 23:50:50.122,pulse_batch,x,,,,,-3,,5085,1077,1078,0,77,,8479529079887,
2026-08-17 23:50:50.142,pulse_batch,x,,,,,-3,,5088,1074,1075,0,77,,8479549504996,
2026-08-17 23:50:50.165,pulse_batch,x,,,,,-3,,5091,1071,1072,0,77,,8479571662291,
2026-08-17 23:50:50.185,pulse_batch,x,,,,,-3,,5094,1068,1069,0,77,,8479592239250,
2026-08-17 23:50:50.206,pulse_batch,x,,,,,-3,,5097,1065,1066,0,77,,8479612680822,
2026-08-17 23:50:50.230,pulse_batch,x,,,,,-3,,5100,1062,1063,0,77,,8479636749244,
2026-08-17 23:50:50.250,pulse_batch,x,,,,,-3,,5103,1059,1060,0,77,,8479657353129,
2026-08-17 23:50:50.271,pulse_batch,x,,,,,-3,,5106,1056,1057,0,77,,8479677782868,
2026-08-17 23:50:50.292,pulse_batch,x,,,,,-3,,5109,1053,1054,0,77,,8479698887859,
2026-08-17 23:50:50.314,pulse_batch,x,,,,,-3,,5112,1050,1051,0,77,,8479720832340,
2026-08-17 23:50:50.335,pulse_batch,x,,,,,-3,,5115,1047,1048,0,77,,8479741701797,
2026-08-17 23:50:50.355,pulse_batch,x,,,,,-3,,5118,1044,1045,0,77,,8479762276923,
2026-08-17 23:50:50.377,pulse_batch,x,,,,,-3,,5121,1041,1042,0,77,,8479784548734,
2026-08-17 23:50:50.398,pulse_batch,x,,,,,-3,,5124,1038,1039,0,77,,8479805007918,
2026-08-17 23:50:50.418,pulse_batch,x,,,,,-3,,5127,1035,1036,0,77,,8479825492674,
2026-08-17 23:50:50.440,pulse_batch,x,,,,,-3,,5130,1032,1033,0,77,,8479847325620,
2026-08-17 23:50:50.461,pulse_batch,x,,,,,-3,,5133,1029,1030,0,77,,8479867951635,
2026-08-17 23:50:50.481,pulse_batch,x,,,,,-3,,5136,1026,1027,0,77,,8479888421244,
2026-08-17 23:50:50.504,pulse_batch,x,,,,,-3,,5139,1023,1024,0,77,,8479910957978,
2026-08-17 23:50:50.524,pulse_batch,x,,,,,-3,,5142,1020,1021,0,77,,8479931454476,
2026-08-17 23:50:50.545,pulse_batch,x,,,,,-3,,5145,1017,1018,0,77,,8479951859233,
2026-08-17 23:50:50.567,pulse_batch,x,,,,,-3,,5148,1014,1015,0,77,,8479973964510,
2026-08-17 23:50:50.587,pulse_batch,x,,,,,-3,,5151,1011,1012,0,77,,8479994477359,
2026-08-17 23:50:50.608,pulse_batch,x,,,,,-3,,5154,1008,1009,0,77,,8480014981190,
2026-08-17 23:50:50.629,pulse_batch,x,,,,,-3,,5157,1005,1006,0,77,,8480035827331,
2026-08-17 23:50:50.649,pulse_batch,x,,,,,-3,,5160,1002,1003,0,77,,8480056437439,
2026-08-17 23:50:50.670,pulse_batch,x,,,,,-3,,5163,999,1000,0,77,,8480076874270,
2026-08-17 23:50:50.690,pulse_batch,x,,,,,-3,,5166,996,997,0,77,,8480097498470,
2026-08-17 23:50:50.711,pulse_batch,x,,,,,-3,,5169,993,994,0,77,,8480118493796,
2026-08-17 23:50:50.732,pulse_batch,x,,,,,-3,,5172,990,991,0,77,,8480139011904,
2026-08-17 23:50:50.753,pulse_batch,x,,,,,-3,,5175,987,988,0,77,,8480160087765,
2026-08-17 23:50:50.774,pulse_batch,x,,,,,-3,,5178,984,985,0,77,,8480180890408,
2026-08-17 23:50:50.794,pulse_batch,x,,,,,-3,,5181,981,982,0,77,,8480201444016,
2026-08-17 23:50:50.815,pulse_batch,x,,,,,-3,,5184,978,979,0,77,,8480221843885,
2026-08-17 23:50:50.836,pulse_batch,x,,,,,-3,,5187,975,976,0,77,,8480243223132,
2026-08-17 23:50:50.858,pulse_batch,x,,,,,-3,,5190,972,973,0,77,,8480265241316,
2026-08-17 23:50:50.878,pulse_batch,x,,,,,-3,,5193,969,970,0,77,,8480285628408,
2026-08-17 23:50:50.900,pulse_batch,x,,,,,-3,,5196,966,967,0,77,,8480307596185,
2026-08-17 23:50:50.921,pulse_batch,x,,,,,-3,,5199,963,964,0,77,,8480328144368,
2026-08-17 23:50:50.941,pulse_batch,x,,,,,-3,,5202,960,961,0,77,,8480348548329,
2026-08-17 23:50:50.964,pulse_batch,x,,,,,-3,,5205,957,958,0,77,,8480370764845,
2026-08-17 23:50:50.984,pulse_batch,x,,,,,-3,,5208,954,955,0,77,,8480391328471,
2026-08-17 23:50:51.005,pulse_batch,x,,,,,-3,,5211,951,952,0,77,,8480411786321,
2026-08-17 23:50:51.025,pulse_batch,x,,,,,-3,,5214,948,949,0,77,,8480432287004,
2026-08-17 23:50:51.046,pulse_batch,x,,,,,-3,,5217,945,946,0,77,,8480452973814,
2026-08-17 23:50:51.066,pulse_batch,x,,,,,-3,,5220,942,943,0,77,,8480473454312,
2026-08-17 23:50:51.087,pulse_batch,x,,,,,-3,,5223,939,940,0,77,,8480494130179,
2026-08-17 23:50:51.108,pulse_batch,x,,,,,-3,,5226,936,937,0,77,,8480515612406,
2026-08-17 23:50:51.129,pulse_batch,x,,,,,-3,,5229,933,934,0,77,,8480536276550,
2026-08-17 23:50:51.150,pulse_batch,x,,,,,-3,,5232,930,931,0,77,,8480556691642,
2026-08-17 23:50:51.171,pulse_batch,x,,,,,-3,,5235,927,928,0,77,,8480577861780,
2026-08-17 23:50:51.195,pulse_batch,x,,,,,-3,,5238,924,925,0,77,,8480601798555,
2026-08-17 23:50:51.215,pulse_batch,x,,,,,-3,,5241,921,922,0,77,,8480622218220,
2026-08-17 23:50:51.236,pulse_batch,x,,,,,-3,,5244,918,919,0,77,,8480643211046,
2026-08-17 23:50:51.258,pulse_batch,x,,,,,-3,,5247,915,916,0,77,,8480665219027,
2026-08-17 23:50:51.278,pulse_batch,x,,,,,-3,,5250,912,913,0,77,,8480685620915,
2026-08-17 23:50:51.301,pulse_batch,x,,,,,-3,,5253,909,910,0,77,,8480708148113,
2026-08-17 23:50:51.322,pulse_batch,x,,,,,-3,,5256,906,907,0,77,,8480728718962,
2026-08-17 23:50:51.342,pulse_batch,x,,,,,-3,,5259,903,904,0,77,,8480749183941,
2026-08-17 23:50:51.364,pulse_batch,x,,,,,-3,,5262,900,901,0,77,,8480771221533,
2026-08-17 23:50:51.385,pulse_batch,x,,,,,-3,,5265,897,898,0,77,,8480791798215,
2026-08-17 23:50:51.405,pulse_batch,x,,,,,-3,,5268,894,895,0,77,,8480812263695,
2026-08-17 23:50:51.426,pulse_batch,x,,,,,-3,,5271,891,892,0,77,,8480832889358,
2026-08-17 23:50:51.449,pulse_batch,x,,,,,-3,,5274,888,889,0,77,,8480855658368,
2026-08-17 23:50:51.469,pulse_batch,x,,,,,-3,,5277,885,886,0,77,,8480876156921,
2026-08-17 23:50:51.489,pulse_batch,x,,,,,-3,,5280,882,883,0,77,,8480896616086,
2026-08-17 23:50:51.512,pulse_batch,x,,,,,-3,,5283,879,880,0,77,,8480919364911,
2026-08-17 23:50:51.533,pulse_batch,x,,,,,-3,,5286,876,877,0,77,,8480939834983,
2026-08-17 23:50:51.555,pulse_batch,x,,,,,-3,,5289,873,874,0,77,,8480962638363,
2026-08-17 23:50:51.576,pulse_batch,x,,,,,-3,,5292,870,871,0,77,,8480983343877,
2026-08-17 23:50:51.597,pulse_batch,x,,,,,-3,,5295,867,868,0,77,,8481003962892,
2026-08-17 23:50:51.617,pulse_batch,x,,,,,-3,,5298,864,865,0,77,,8481024397409,
2026-08-17 23:50:51.638,pulse_batch,x,,,,,-3,,5301,861,862,0,77,,8481045102294,
2026-08-17 23:50:51.659,pulse_batch,x,,,,,-3,,5304,858,859,0,77,,8481065685957,
2026-08-17 23:50:51.679,pulse_batch,x,,,,,-3,,5307,855,856,0,77,,8481086104567,
2026-08-17 23:50:51.700,pulse_batch,x,,,,,-3,,5310,852,853,0,77,,8481107397037,
2026-08-17 23:50:51.721,pulse_batch,x,,,,,-3,,5313,849,850,0,77,,8481127869239,
2026-08-17 23:50:51.741,pulse_batch,x,,,,,-3,,5316,846,847,0,77,,8481148346459,
2026-08-17 23:50:51.763,pulse_batch,x,,,,,-3,,5319,843,844,0,77,,8481169770243,
2026-08-17 23:50:51.783,pulse_batch,x,,,,,-3,,5322,840,841,0,77,,8481190518664,
2026-08-17 23:50:51.804,pulse_batch,x,,,,,-3,,5325,837,838,0,77,,8481210976366,
2026-08-17 23:50:51.824,pulse_batch,x,,,,,-3,,5328,834,835,0,77,,8481231457642,
2026-08-17 23:50:51.847,pulse_batch,x,,,,,-3,,5331,831,832,0,77,,8481254017710,
2026-08-17 23:50:51.867,pulse_batch,x,,,,,-3,,5334,828,829,0,77,,8481274614429,
2026-08-17 23:50:51.888,pulse_batch,x,,,,,-3,,5337,825,826,0,77,,8481295128074,
2026-08-17 23:50:51.909,pulse_batch,x,,,,,-3,,5340,822,823,0,77,,8481315879440,
2026-08-17 23:50:51.929,pulse_batch,x,,,,,-3,,5343,819,820,0,77,,8481336424548,
2026-08-17 23:50:51.950,pulse_batch,x,,,,,-3,,5346,816,817,0,77,,8481356872732,
2026-08-17 23:50:51.970,pulse_batch,x,,,,,-3,,5349,813,814,0,77,,8481377442840,
2026-08-17 23:50:51.991,pulse_batch,x,,,,,-3,,5352,810,811,0,77,,8481397959337,
2026-08-17 23:50:52.011,pulse_batch,x,,,,,-3,,5355,807,808,0,77,,8481418384040,
2026-08-17 23:50:52.032,pulse_batch,x,,,,,-3,,5358,804,805,0,77,,8481439228238,
2026-08-17 23:50:52.053,pulse_batch,x,,,,,-3,,5361,801,802,0,77,,8481459878290,
2026-08-17 23:50:52.073,pulse_batch,x,,,,,-3,,5364,798,799,0,77,,8481480329288,
2026-08-17 23:50:52.094,pulse_batch,x,,,,,-3,,5367,795,796,0,77,,8481500794157,
2026-08-17 23:50:52.115,pulse_batch,x,,,,,-3,,5370,792,793,0,77,,8481522553252,
2026-08-17 23:50:52.136,pulse_batch,x,,,,,-3,,5373,789,790,0,77,,8481543007510,
2026-08-17 23:50:52.156,pulse_batch,x,,,,,-3,,5376,786,787,0,77,,8481563490434,
2026-08-17 23:50:52.179,pulse_batch,x,,,,,-3,,5379,783,784,0,77,,8481585764542,
2026-08-17 23:50:52.199,pulse_batch,x,,,,,-3,,5382,780,781,0,77,,8481606241152,
2026-08-17 23:50:52.220,pulse_batch,x,,,,,-3,,5385,777,778,0,77,,8481626671614,
2026-08-17 23:50:52.242,pulse_batch,x,,,,,-3,,5388,774,775,0,77,,8481649007573,
2026-08-17 23:50:52.263,pulse_batch,x,,,,,-3,,5391,771,772,0,77,,8481669782512,
2026-08-17 23:50:52.283,pulse_batch,x,,,,,-3,,5394,768,769,0,77,,8481690235548,
2026-08-17 23:50:52.287,move_finish,x,,,9,,,,5394,768,769,0,77,,8481693731250,
2026-08-17 23:50:52.691,approach_source_finish,x,4,stored,,,,-1,,768,769,0,77,769,,
2026-08-17 23:50:52.691,approach_source_finish,y,4,stored,,,,-1,,-426,-422,0,4,-422,,
2026-08-17 23:50:52.695,move_start,y,,,10,-14,,-1,1902,-426,-422,0,4,,8482101798491,
2026-08-17 23:50:52.695,move_start,x,,,10,-87,,-1,5394,768,769,0,77,,8482102077303,
2026-08-17 23:50:52.699,pulse_batch,y,,,,,-1,,1903,-427,-423,0,4,,8482105672893,
2026-08-17 23:50:52.699,pulse_batch,x,,,,,-1,,5395,767,768,0,77,,8482105942927,
2026-08-17 23:50:52.719,pulse_batch,y,,,,,-3,,1906,-430,-426,0,4,,8482126390889,
2026-08-17 23:50:52.719,pulse_batch,x,,,,,-3,,5398,764,765,0,77,,8482126644775,
2026-08-17 23:50:52.740,pulse_batch,x,,,,,-3,,5401,761,762,0,77,,8482147102200,
2026-08-17 23:50:52.740,pulse_batch,y,,,,,-3,,1909,-433,-429,0,4,,8482147538121,
2026-08-17 23:50:52.760,pulse_batch,x,,,,,-3,,5404,758,759,0,77,,8482167607735,
2026-08-17 23:50:52.764,pulse_batch,y,,,,,-3,,1912,-436,-432,0,4,,8482171020531,
2026-08-17 23:50:52.784,pulse_batch,x,,,,,-3,,5407,755,756,0,77,,8482190960998,
2026-08-17 23:50:52.785,pulse_batch,y,,,,,-3,,1915,-439,-435,0,4,,8482192062708,
2026-08-17 23:50:52.795,pulse_batch,y,,,,,-1,,1916,-440,-436,0,4,,8482202284615,
2026-08-17 23:50:52.795,move_finish,y,,,10,,,,1916,-440,-436,0,4,,8482202496612,
2026-08-17 23:50:52.804,pulse_batch,x,,,,,-3,,5410,752,753,0,77,,8482211439126,
2026-08-17 23:50:52.825,pulse_batch,x,,,,,-3,,5413,749,750,0,77,,8482231911402,
2026-08-17 23:50:52.847,pulse_batch,x,,,,,-3,,5416,746,747,0,77,,8482254402119,
2026-08-17 23:50:52.869,pulse_batch,x,,,,,-3,,5419,743,744,0,77,,8482276377175,
2026-08-17 23:50:52.890,pulse_batch,x,,,,,-3,,5422,740,741,0,77,,8482296914950,
2026-08-17 23:50:52.913,pulse_batch,x,,,,,-3,,5425,737,738,0,77,,8482319809255,
2026-08-17 23:50:52.935,pulse_batch,x,,,,,-3,,5428,734,735,0,77,,8482341828162,
2026-08-17 23:50:52.955,pulse_batch,x,,,,,-3,,5431,731,732,0,77,,8482362345586,
2026-08-17 23:50:52.977,pulse_batch,x,,,,,-3,,5434,728,729,0,77,,8482384220458,
2026-08-17 23:50:52.998,pulse_batch,x,,,,,-3,,5437,725,726,0,77,,8482405229117,
2026-08-17 23:50:53.018,pulse_batch,x,,,,,-3,,5440,722,723,0,77,,8482425645968,
2026-08-17 23:50:53.039,pulse_batch,x,,,,,-3,,5443,719,720,0,77,,8482446553314,
2026-08-17 23:50:53.063,pulse_batch,x,,,,,-3,,5446,716,717,0,77,,8482469887077,
2026-08-17 23:50:53.084,pulse_batch,x,,,,,-3,,5449,713,714,0,77,,8482490910126,
2026-08-17 23:50:53.106,pulse_batch,x,,,,,-3,,5452,710,711,0,77,,8482513234604,
2026-08-17 23:50:53.130,pulse_batch,x,,,,,-3,,5455,707,708,0,77,,8482537172398,
2026-08-17 23:50:53.150,pulse_batch,x,,,,,-3,,5458,704,705,0,77,,8482557574101,
2026-08-17 23:50:53.172,pulse_batch,x,,,,,-3,,5461,701,702,0,77,,8482579282901,
2026-08-17 23:50:53.194,pulse_batch,x,,,,,-3,,5464,698,699,0,77,,8482601198569,
2026-08-17 23:50:53.214,pulse_batch,x,,,,,-3,,5467,695,696,0,77,,8482621582457,
2026-08-17 23:50:53.236,pulse_batch,x,,,,,-3,,5470,692,693,0,77,,8482643587013,
2026-08-17 23:50:53.257,pulse_batch,x,,,,,-3,,5473,689,690,0,77,,8482664221325,
2026-08-17 23:50:53.277,pulse_batch,x,,,,,-3,,5476,686,687,0,77,,8482684639546,
2026-08-17 23:50:53.299,pulse_batch,x,,,,,-3,,5479,683,684,0,77,,8482706358902,
2026-08-17 23:50:53.316,pulse_batch,x,,,,,-2,,5481,681,682,0,77,,8482723601102,
2026-08-17 23:50:53.317,move_finish,x,,,10,,,,5481,681,682,0,77,,8482723866933,
2026-08-17 23:50:53.759,target_finish,x,4,stored,,,,,,681,682,0,77,682,,ok=True
2026-08-17 23:50:53.760,target_finish,y,4,stored,,,,,,-440,-436,0,4,-436,,ok=True
